trade_date,session_open,contract_id,forecast_id,signal_requested_position,signal_abstained,risk_shutdown,prior_target_position,target_position,order_delta,execution_side_count,roll_side_count,transaction_cost_usd,gross_pnl_usd,net_pnl_usd,equity_usd,peak_equity_usd,daily_loss_usd,drawdown_fraction,risk_state,kill_reason,no_trade_reason,signal_reason,roll_at_open,next_selected_contract_id
2023-01-02 00:00:00+00:00,2023-01-02 00:00:00+00:00,NGG3@2023-01-27,84f8959266333382132d,1.0,False,False,0.0,1.0,1.0,1.0,0.0,15.0,-2489.999999999997,-2504.999999999997,97495.0,100000.0,2505.0,0.02505,killed,daily_loss_limit,,forecast_signal,False,NGG3@2023-01-27
2023-01-03 00:00:00+00:00,2023-01-03 00:00:00+00:00,NGG3@2023-01-27,84f8959266333382132d,1.0,False,True,1.0,0.0,-1.0,1.0,0.0,15.0,-0.0,-15.0,97480.0,100000.0,15.0,0.0252,killed,daily_loss_limit,risk_killed_until_explicit_operator_restart,forecast_signal,False,NGG3@2023-01-27
2023-01-04 00:00:00+00:00,2023-01-04 00:00:00+00:00,NGG3@2023-01-27,fc5f389e581c1396abd2,1.0,False,True,0.0,0.0,0.0,0.0,0.0,0.0,0.0,0.0,97480.0,100000.0,0.0,0.0252,killed,daily_loss_limit,risk_killed_until_explicit_operator_restart,forecast_signal,False,NGG3@2023-01-27
2023-01-05 00:00:00+00:00,2023-01-05 00:00:00+00:00,NGG3@2023-01-27,06de7b214dfe02afee43,1.0,False,True,0.0,0.0,0.0,0.0,0.0,0.0,-0.0,-0.0,97480.0,100000.0,0.0,0.0252,killed,daily_loss_limit,risk_killed_until_explicit_operator_restart,forecast_signal,False,NGG3@2023-01-27
2023-01-06 00:00:00+00:00,2023-01-06 00:00:00+00:00,NGG3@2023-01-27,b4b8d46de66c09eeaab0,1.0,False,True,0.0,0.0,0.0,0.0,0.0,0.0,0.0,0.0,97480.0,100000.0,0.0,0.0252,killed,daily_loss_limit,risk_killed_until_explicit_operator_restart,forecast_signal,False,NGG3@2023-01-27
2023-01-08 00:00:00+00:00,2023-01-08 00:00:00+00:00,NGG3@2023-01-27,20fdef10b675dc246902,-1.0,False,True,0.0,0.0,0.0,0.0,0.0,0.0,0.0,0.0,97480.0,100000.0,0.0,0.0252,killed,daily_loss_limit,risk_killed_until_explicit_operator_restart,forecast_signal,False,NGG3@2023-01-27
2023-01-09 00:00:00+00:00,2023-01-09 00:00:00+00:00,NGG3@2023-01-27,20fdef10b675dc246902,-1.0,False,True,0.0,0.0,0.0,0.0,0.0,0.0,0.0,0.0,97480.0,100000.0,0.0,0.0252,killed,daily_loss_limit,risk_killed_until_explicit_operator_restart,forecast_signal,False,NGG3@2023-01-27
2023-01-10 00:00:00+00:00,2023-01-10 00:00:00+00:00,NGG3@2023-01-27,704d6c771c023a71b55c,-1.0,False,True,0.0,0.0,0.0,0.0,0.0,0.0,-0.0,-0.0,97480.0,100000.0,0.0,0.0252,killed,daily_loss_limit,risk_killed_until_explicit_operator_restart,forecast_signal,False,NGG3@2023-01-27
2023-01-11 00:00:00+00:00,2023-01-11 00:00:00+00:00,NGG3@2023-01-27,65022cce958ea7bbcec0,-1.0,False,True,0.0,0.0,0.0,0.0,0.0,0.0,0.0,0.0,97480.0,100000.0,0.0,0.0252,killed,daily_loss_limit,risk_killed_until_explicit_operator_restart,forecast_signal,False,NGG3@2023-01-27
2023-01-12 00:00:00+00:00,2023-01-12 00:00:00+00:00,NGG3@2023-01-27,5dca6c62455dbcb51cb6,-1.0,False,True,0.0,0.0,0.0,0.0,0.0,0.0,0.0,0.0,97480.0,100000.0,0.0,0.0252,killed,daily_loss_limit,risk_killed_until_explicit_operator_restart,forecast_signal,False,NGG3@2023-01-27
2023-01-13 00:00:00+00:00,2023-01-13 00:00:00+00:00,NGG3@2023-01-27,f5dfa6451cc13632b54c,1.0,False,True,0.0,0.0,0.0,0.0,0.0,0.0,-0.0,-0.0,97480.0,100000.0,0.0,0.0252,killed,daily_loss_limit,risk_killed_until_explicit_operator_restart,forecast_signal,False,NGG3@2023-01-27
2023-01-15 00:00:00+00:00,2023-01-15 00:00:00+00:00,NGG3@2023-01-27,63c0db44cc449c9c6acb,1.0,False,True,0.0,0.0,0.0,0.0,0.0,0.0,0.0,0.0,97480.0,100000.0,0.0,0.0252,killed,daily_loss_limit,risk_killed_until_explicit_operator_restart,forecast_signal,False,NGG3@2023-01-27
2023-01-16 00:00:00+00:00,2023-01-16 00:00:00+00:00,NGG3@2023-01-27,63c0db44cc449c9c6acb,1.0,False,True,0.0,0.0,0.0,0.0,0.0,0.0,0.0,0.0,97480.0,100000.0,0.0,0.0252,killed,daily_loss_limit,risk_killed_until_explicit_operator_restart,forecast_signal,False,NGG3@2023-01-27
2023-01-17 00:00:00+00:00,2023-01-17 00:00:00+00:00,NGG3@2023-01-27,63c0db44cc449c9c6acb,1.0,False,True,0.0,0.0,0.0,0.0,0.0,0.0,-0.0,-0.0,97480.0,100000.0,0.0,0.0252,killed,daily_loss_limit,risk_killed_until_explicit_operator_restart,forecast_signal,False,NGG3@2023-01-27
2023-01-18 00:00:00+00:00,2023-01-18 00:00:00+00:00,NGG3@2023-01-27,836a06d38dd40ed79dcc,-1.0,False,True,0.0,0.0,0.0,0.0,0.0,0.0,-0.0,-0.0,97480.0,100000.0,0.0,0.0252,killed,daily_loss_limit,risk_killed_until_explicit_operator_restart,forecast_signal,False,NGG3@2023-01-27
2023-01-19 00:00:00+00:00,2023-01-19 00:00:00+00:00,NGG3@2023-01-27,d89c5d8f215374281c3c,1.0,False,True,0.0,0.0,0.0,0.0,0.0,0.0,-0.0,-0.0,97480.0,100000.0,0.0,0.0252,killed,daily_loss_limit,risk_killed_until_explicit_operator_restart,forecast_signal,False,NGG3@2023-01-27
2023-01-20 00:00:00+00:00,2023-01-20 00:00:00+00:00,NGG3@2023-01-27,7f2670e24c561d4e344f,-1.0,False,True,0.0,0.0,0.0,0.0,0.0,0.0,0.0,0.0,97480.0,100000.0,0.0,0.0252,killed,daily_loss_limit,risk_killed_until_explicit_operator_restart,forecast_signal,False,NGG3@2023-01-27
2023-01-22 00:00:00+00:00,2023-01-22 00:00:00+00:00,NGG3@2023-01-27,82b704b68a3a18df90bf,1.0,False,True,0.0,0.0,0.0,0.0,0.0,0.0,-0.0,-0.0,97480.0,100000.0,0.0,0.0252,killed,daily_loss_limit,risk_killed_until_explicit_operator_restart,forecast_signal,False,NGG3@2023-01-27
2023-01-23 00:00:00+00:00,2023-01-23 00:00:00+00:00,NGG3@2023-01-27,82b704b68a3a18df90bf,1.0,False,True,0.0,0.0,0.0,0.0,0.0,0.0,0.0,0.0,97480.0,100000.0,0.0,0.0252,killed,daily_loss_limit,risk_killed_until_explicit_operator_restart,forecast_signal,False,NGG3@2023-01-27
2023-01-24 00:00:00+00:00,2023-01-24 00:00:00+00:00,NGG3@2023-01-27,3b88f858460d3f8ca5e4,1.0,False,True,0.0,0.0,0.0,0.0,0.0,0.0,-0.0,-0.0,97480.0,100000.0,0.0,0.0252,killed,daily_loss_limit,risk_killed_until_explicit_operator_restart,forecast_signal,False,NGG3@2023-01-27
2023-01-25 00:00:00+00:00,2023-01-25 00:00:00+00:00,NGG3@2023-01-27,0a6a6eb33365d966893c,1.0,False,True,0.0,0.0,0.0,0.0,0.0,0.0,-0.0,-0.0,97480.0,100000.0,0.0,0.0252,killed,daily_loss_limit,risk_killed_until_explicit_operator_restart,forecast_signal,False,NGH3@2023-02-24
2023-01-26 00:00:00+00:00,2023-01-26 00:00:00+00:00,NGH3@2023-02-24,c6eed95fc816d50cc3c6,-1.0,False,True,0.0,0.0,0.0,0.0,0.0,0.0,-0.0,-0.0,97480.0,100000.0,0.0,0.0252,killed,daily_loss_limit,risk_killed_until_explicit_operator_restart,forecast_signal,False,NGH3@2023-02-24
2023-01-27 00:00:00+00:00,2023-01-27 00:00:00+00:00,NGH3@2023-02-24,b24f714298ea4964d1a4,-1.0,False,True,0.0,0.0,0.0,0.0,0.0,0.0,-0.0,-0.0,97480.0,100000.0,0.0,0.0252,killed,daily_loss_limit,risk_killed_until_explicit_operator_restart,forecast_signal,False,NGH3@2023-02-24
2023-01-29 00:00:00+00:00,2023-01-29 00:00:00+00:00,NGH3@2023-02-24,3983ede19103f6b2e712,1.0,False,True,0.0,0.0,0.0,0.0,0.0,0.0,-0.0,-0.0,97480.0,100000.0,0.0,0.0252,killed,daily_loss_limit,risk_killed_until_explicit_operator_restart,forecast_signal,False,NGH3@2023-02-24
2023-01-30 00:00:00+00:00,2023-01-30 00:00:00+00:00,NGH3@2023-02-24,3983ede19103f6b2e712,1.0,False,True,0.0,0.0,0.0,0.0,0.0,0.0,0.0,0.0,97480.0,100000.0,0.0,0.0252,killed,daily_loss_limit,risk_killed_until_explicit_operator_restart,forecast_signal,False,NGH3@2023-02-24
2023-01-31 00:00:00+00:00,2023-01-31 00:00:00+00:00,NGH3@2023-02-24,6c34f6ec711c5e7d4080,1.0,False,True,0.0,0.0,0.0,0.0,0.0,0.0,0.0,0.0,97480.0,100000.0,0.0,0.0252,killed,daily_loss_limit,risk_killed_until_explicit_operator_restart,forecast_signal,False,NGH3@2023-02-24
2023-02-01 00:00:00+00:00,2023-02-01 00:00:00+00:00,NGH3@2023-02-24,25cf10c8fe7bf36c33b5,1.0,False,True,0.0,0.0,0.0,0.0,0.0,0.0,-0.0,-0.0,97480.0,100000.0,0.0,0.0252,killed,daily_loss_limit,risk_killed_until_explicit_operator_restart,forecast_signal,False,NGH3@2023-02-24
2023-02-02 00:00:00+00:00,2023-02-02 00:00:00+00:00,NGH3@2023-02-24,fbd32a337168eed1b634,1.0,False,True,0.0,0.0,0.0,0.0,0.0,0.0,-0.0,-0.0,97480.0,100000.0,0.0,0.0252,killed,daily_loss_limit,risk_killed_until_explicit_operator_restart,forecast_signal,False,NGH3@2023-02-24
2023-02-03 00:00:00+00:00,2023-02-03 00:00:00+00:00,NGH3@2023-02-24,402b88d74890a5dd8165,1.0,False,True,0.0,0.0,0.0,0.0,0.0,0.0,-0.0,-0.0,97480.0,100000.0,0.0,0.0252,killed,daily_loss_limit,risk_killed_until_explicit_operator_restart,forecast_signal,False,NGH3@2023-02-24
2023-02-05 00:00:00+00:00,2023-02-05 00:00:00+00:00,NGH3@2023-02-24,8f634c8fd9cea8eeb8a1,1.0,False,True,0.0,0.0,0.0,0.0,0.0,0.0,0.0,0.0,97480.0,100000.0,0.0,0.0252,killed,daily_loss_limit,risk_killed_until_explicit_operator_restart,forecast_signal,False,NGH3@2023-02-24
2023-02-06 00:00:00+00:00,2023-02-06 00:00:00+00:00,NGH3@2023-02-24,8f634c8fd9cea8eeb8a1,1.0,False,True,0.0,0.0,0.0,0.0,0.0,0.0,0.0,0.0,97480.0,100000.0,0.0,0.0252,killed,daily_loss_limit,risk_killed_until_explicit_operator_restart,forecast_signal,False,NGH3@2023-02-24
2023-02-07 00:00:00+00:00,2023-02-07 00:00:00+00:00,NGH3@2023-02-24,34a38f4f90a44881bd34,1.0,False,True,0.0,0.0,0.0,0.0,0.0,0.0,0.0,0.0,97480.0,100000.0,0.0,0.0252,killed,daily_loss_limit,risk_killed_until_explicit_operator_restart,forecast_signal,False,NGH3@2023-02-24
2023-02-08 00:00:00+00:00,2023-02-08 00:00:00+00:00,NGH3@2023-02-24,33c4c90e49f03da338f5,1.0,False,True,0.0,0.0,0.0,0.0,0.0,0.0,-0.0,-0.0,97480.0,100000.0,0.0,0.0252,killed,daily_loss_limit,risk_killed_until_explicit_operator_restart,forecast_signal,False,NGH3@2023-02-24
2023-02-09 00:00:00+00:00,2023-02-09 00:00:00+00:00,NGH3@2023-02-24,7357ccd3d8c1722e5992,-1.0,False,True,0.0,0.0,0.0,0.0,0.0,0.0,0.0,0.0,97480.0,100000.0,0.0,0.0252,killed,daily_loss_limit,risk_killed_until_explicit_operator_restart,forecast_signal,False,NGH3@2023-02-24
2023-02-10 00:00:00+00:00,2023-02-10 00:00:00+00:00,NGH3@2023-02-24,b6e4da028baa2800cf30,-1.0,False,True,0.0,0.0,0.0,0.0,0.0,0.0,0.0,0.0,97480.0,100000.0,0.0,0.0252,killed,daily_loss_limit,risk_killed_until_explicit_operator_restart,forecast_signal,False,NGH3@2023-02-24
2023-02-12 00:00:00+00:00,2023-02-12 00:00:00+00:00,NGH3@2023-02-24,7f32472becb8fa3d15f8,1.0,False,True,0.0,0.0,0.0,0.0,0.0,0.0,-0.0,-0.0,97480.0,100000.0,0.0,0.0252,killed,daily_loss_limit,risk_killed_until_explicit_operator_restart,forecast_signal,False,NGH3@2023-02-24
2023-02-13 00:00:00+00:00,2023-02-13 00:00:00+00:00,NGH3@2023-02-24,7f32472becb8fa3d15f8,1.0,False,True,0.0,0.0,0.0,0.0,0.0,0.0,-0.0,-0.0,97480.0,100000.0,0.0,0.0252,killed,daily_loss_limit,risk_killed_until_explicit_operator_restart,forecast_signal,False,NGH3@2023-02-24
2023-02-14 00:00:00+00:00,2023-02-14 00:00:00+00:00,NGH3@2023-02-24,fb49b67263135eb28552,0.0,True,True,0.0,0.0,0.0,0.0,0.0,0.0,0.0,0.0,97480.0,100000.0,0.0,0.0252,killed,daily_loss_limit,risk_killed_until_explicit_operator_restart,predicted_gross_pnl_not_above_round_trip_cost,False,NGH3@2023-02-24
2023-02-15 00:00:00+00:00,2023-02-15 00:00:00+00:00,NGH3@2023-02-24,1bd6a60257721727e8c1,0.0,True,True,0.0,0.0,0.0,0.0,0.0,0.0,-0.0,-0.0,97480.0,100000.0,0.0,0.0252,killed,daily_loss_limit,risk_killed_until_explicit_operator_restart,predicted_gross_pnl_not_above_round_trip_cost,False,NGH3@2023-02-24
2023-02-16 00:00:00+00:00,2023-02-16 00:00:00+00:00,NGH3@2023-02-24,015de9af0bd841a8d9e9,1.0,False,True,0.0,0.0,0.0,0.0,0.0,0.0,-0.0,-0.0,97480.0,100000.0,0.0,0.0252,killed,daily_loss_limit,risk_killed_until_explicit_operator_restart,forecast_signal,False,NGH3@2023-02-24
2023-02-17 00:00:00+00:00,2023-02-17 00:00:00+00:00,NGH3@2023-02-24,63134a35e4b7aca7e921,0.0,True,True,0.0,0.0,0.0,0.0,0.0,0.0,-0.0,-0.0,97480.0,100000.0,0.0,0.0252,killed,daily_loss_limit,risk_killed_until_explicit_operator_restart,predicted_gross_pnl_not_above_round_trip_cost,False,NGH3@2023-02-24
2023-02-19 00:00:00+00:00,2023-02-19 00:00:00+00:00,NGH3@2023-02-24,b8b037b86a020d4c4dde,0.0,True,True,0.0,0.0,0.0,0.0,0.0,0.0,-0.0,-0.0,97480.0,100000.0,0.0,0.0252,killed,daily_loss_limit,risk_killed_until_explicit_operator_restart,predicted_gross_pnl_not_above_round_trip_cost,False,NGH3@2023-02-24
2023-02-20 00:00:00+00:00,2023-02-20 00:00:00+00:00,NGH3@2023-02-24,b8b037b86a020d4c4dde,0.0,True,True,0.0,0.0,0.0,0.0,0.0,0.0,0.0,0.0,97480.0,100000.0,0.0,0.0252,killed,daily_loss_limit,risk_killed_until_explicit_operator_restart,predicted_gross_pnl_not_above_round_trip_cost,False,NGH3@2023-02-24
2023-02-21 00:00:00+00:00,2023-02-21 00:00:00+00:00,NGH3@2023-02-24,b8b037b86a020d4c4dde,0.0,True,True,0.0,0.0,0.0,0.0,0.0,0.0,-0.0,-0.0,97480.0,100000.0,0.0,0.0252,killed,daily_loss_limit,risk_killed_until_explicit_operator_restart,predicted_gross_pnl_not_above_round_trip_cost,False,NGH3@2023-02-24
2023-02-22 00:00:00+00:00,2023-02-22 00:00:00+00:00,NGH3@2023-02-24,d7bd73a89ad216ed42d9,0.0,True,True,0.0,0.0,0.0,0.0,0.0,0.0,0.0,0.0,97480.0,100000.0,0.0,0.0252,killed,daily_loss_limit,risk_killed_until_explicit_operator_restart,predicted_gross_pnl_not_above_round_trip_cost,False,NGJ3@2023-03-29
2023-02-23 00:00:00+00:00,2023-02-23 00:00:00+00:00,NGJ3@2023-03-29,e09345ae5ceeeec28c8f,1.0,False,True,0.0,0.0,0.0,0.0,0.0,0.0,0.0,0.0,97480.0,100000.0,0.0,0.0252,killed,daily_loss_limit,risk_killed_until_explicit_operator_restart,forecast_signal,False,NGJ3@2023-03-29
2023-02-24 00:00:00+00:00,2023-02-24 00:00:00+00:00,NGJ3@2023-03-29,addd20e5a576100c26e6,-1.0,False,True,0.0,0.0,0.0,0.0,0.0,0.0,0.0,0.0,97480.0,100000.0,0.0,0.0252,killed,daily_loss_limit,risk_killed_until_explicit_operator_restart,forecast_signal,False,NGJ3@2023-03-29
2023-02-26 00:00:00+00:00,2023-02-26 00:00:00+00:00,NGJ3@2023-03-29,024f3de8c069bbc2fc51,-1.0,False,True,0.0,0.0,0.0,0.0,0.0,0.0,-0.0,-0.0,97480.0,100000.0,0.0,0.0252,killed,daily_loss_limit,risk_killed_until_explicit_operator_restart,forecast_signal,False,NGJ3@2023-03-29
2023-02-27 00:00:00+00:00,2023-02-27 00:00:00+00:00,NGJ3@2023-03-29,024f3de8c069bbc2fc51,-1.0,False,True,0.0,0.0,0.0,0.0,0.0,0.0,0.0,0.0,97480.0,100000.0,0.0,0.0252,killed,daily_loss_limit,risk_killed_until_explicit_operator_restart,forecast_signal,False,NGJ3@2023-03-29
2023-02-28 00:00:00+00:00,2023-02-28 00:00:00+00:00,NGJ3@2023-03-29,910dbd16351102f99074,-1.0,False,True,0.0,0.0,0.0,0.0,0.0,0.0,0.0,0.0,97480.0,100000.0,0.0,0.0252,killed,daily_loss_limit,risk_killed_until_explicit_operator_restart,forecast_signal,False,NGJ3@2023-03-29
2023-03-01 00:00:00+00:00,2023-03-01 00:00:00+00:00,NGJ3@2023-03-29,4f72877d61f6ec49e87c,-1.0,False,True,0.0,0.0,0.0,0.0,0.0,0.0,0.0,0.0,97480.0,100000.0,0.0,0.0252,killed,daily_loss_limit,risk_killed_until_explicit_operator_restart,forecast_signal,False,NGJ3@2023-03-29
2023-03-02 00:00:00+00:00,2023-03-02 00:00:00+00:00,NGJ3@2023-03-29,2e43a994ac56fbd07f65,-1.0,False,True,0.0,0.0,0.0,0.0,0.0,0.0,-0.0,-0.0,97480.0,100000.0,0.0,0.0252,killed,daily_loss_limit,risk_killed_until_explicit_operator_restart,forecast_signal,False,NGJ3@2023-03-29
2023-03-03 00:00:00+00:00,2023-03-03 00:00:00+00:00,NGJ3@2023-03-29,873d74e1080dc3231ddf,-1.0,False,True,0.0,0.0,0.0,0.0,0.0,0.0,0.0,0.0,97480.0,100000.0,0.0,0.0252,killed,daily_loss_limit,risk_killed_until_explicit_operator_restart,forecast_signal,False,NGJ3@2023-03-29
2023-03-05 00:00:00+00:00,2023-03-05 00:00:00+00:00,NGJ3@2023-03-29,fbf3b957b3444cfe02f1,-1.0,False,True,0.0,0.0,0.0,0.0,0.0,0.0,-0.0,-0.0,97480.0,100000.0,0.0,0.0252,killed,daily_loss_limit,risk_killed_until_explicit_operator_restart,forecast_signal,False,NGJ3@2023-03-29
2023-03-06 00:00:00+00:00,2023-03-06 00:00:00+00:00,NGJ3@2023-03-29,fbf3b957b3444cfe02f1,-1.0,False,True,0.0,0.0,0.0,0.0,0.0,0.0,-0.0,-0.0,97480.0,100000.0,0.0,0.0252,killed,daily_loss_limit,risk_killed_until_explicit_operator_restart,forecast_signal,False,NGJ3@2023-03-29
2023-03-07 00:00:00+00:00,2023-03-07 00:00:00+00:00,NGJ3@2023-03-29,e6be64bff6261c824ff7,-1.0,False,True,0.0,0.0,0.0,0.0,0.0,0.0,0.0,0.0,97480.0,100000.0,0.0,0.0252,killed,daily_loss_limit,risk_killed_until_explicit_operator_restart,forecast_signal,False,NGJ3@2023-03-29
2023-03-08 00:00:00+00:00,2023-03-08 00:00:00+00:00,NGJ3@2023-03-29,7ca67f7ec4f24beecbf1,1.0,False,True,0.0,0.0,0.0,0.0,0.0,0.0,-0.0,-0.0,97480.0,100000.0,0.0,0.0252,killed,daily_loss_limit,risk_killed_until_explicit_operator_restart,forecast_signal,False,NGJ3@2023-03-29
2023-03-09 00:00:00+00:00,2023-03-09 00:00:00+00:00,NGJ3@2023-03-29,f7b552e2832914233bbf,1.0,False,True,0.0,0.0,0.0,0.0,0.0,0.0,-0.0,-0.0,97480.0,100000.0,0.0,0.0252,killed,daily_loss_limit,risk_killed_until_explicit_operator_restart,forecast_signal,False,NGJ3@2023-03-29
2023-03-10 00:00:00+00:00,2023-03-10 00:00:00+00:00,NGJ3@2023-03-29,d967a6d9d10c9236330e,1.0,False,True,0.0,0.0,0.0,0.0,0.0,0.0,-0.0,-0.0,97480.0,100000.0,0.0,0.0252,killed,daily_loss_limit,risk_killed_until_explicit_operator_restart,forecast_signal,False,NGJ3@2023-03-29
2023-03-12 00:00:00+00:00,2023-03-12 00:00:00+00:00,NGJ3@2023-03-29,415c8a294ccd8ef4c182,1.0,False,True,0.0,0.0,0.0,0.0,0.0,0.0,-0.0,-0.0,97480.0,100000.0,0.0,0.0252,killed,daily_loss_limit,risk_killed_until_explicit_operator_restart,forecast_signal,False,NGJ3@2023-03-29
2023-03-13 00:00:00+00:00,2023-03-13 00:00:00+00:00,NGJ3@2023-03-29,415c8a294ccd8ef4c182,1.0,False,True,0.0,0.0,0.0,0.0,0.0,0.0,0.0,0.0,97480.0,100000.0,0.0,0.0252,killed,daily_loss_limit,risk_killed_until_explicit_operator_restart,forecast_signal,False,NGJ3@2023-03-29
2023-03-14 00:00:00+00:00,2023-03-14 00:00:00+00:00,NGJ3@2023-03-29,7e23fd346f57a4d48c19,1.0,False,True,0.0,0.0,0.0,0.0,0.0,0.0,-0.0,-0.0,97480.0,100000.0,0.0,0.0252,killed,daily_loss_limit,risk_killed_until_explicit_operator_restart,forecast_signal,False,NGJ3@2023-03-29
2023-03-15 00:00:00+00:00,2023-03-15 00:00:00+00:00,NGJ3@2023-03-29,0b7eec75aa53d638efb3,1.0,False,True,0.0,0.0,0.0,0.0,0.0,0.0,-0.0,-0.0,97480.0,100000.0,0.0,0.0252,killed,daily_loss_limit,risk_killed_until_explicit_operator_restart,forecast_signal,False,NGJ3@2023-03-29
2023-03-16 00:00:00+00:00,2023-03-16 00:00:00+00:00,NGJ3@2023-03-29,a256cea13d14e9cdc91e,1.0,False,True,0.0,0.0,0.0,0.0,0.0,0.0,0.0,0.0,97480.0,100000.0,0.0,0.0252,killed,daily_loss_limit,risk_killed_until_explicit_operator_restart,forecast_signal,False,NGJ3@2023-03-29
2023-03-17 00:00:00+00:00,2023-03-17 00:00:00+00:00,NGJ3@2023-03-29,8bd51b01d02da939260e,1.0,False,True,0.0,0.0,0.0,0.0,0.0,0.0,-0.0,-0.0,97480.0,100000.0,0.0,0.0252,killed,daily_loss_limit,risk_killed_until_explicit_operator_restart,forecast_signal,False,NGJ3@2023-03-29
2023-03-19 00:00:00+00:00,2023-03-19 00:00:00+00:00,NGJ3@2023-03-29,5f3cdfd02d50d51025eb,1.0,False,True,0.0,0.0,0.0,0.0,0.0,0.0,0.0,0.0,97480.0,100000.0,0.0,0.0252,killed,daily_loss_limit,risk_killed_until_explicit_operator_restart,forecast_signal,False,NGJ3@2023-03-29
2023-03-20 00:00:00+00:00,2023-03-20 00:00:00+00:00,NGJ3@2023-03-29,5f3cdfd02d50d51025eb,1.0,False,True,0.0,0.0,0.0,0.0,0.0,0.0,-0.0,-0.0,97480.0,100000.0,0.0,0.0252,killed,daily_loss_limit,risk_killed_until_explicit_operator_restart,forecast_signal,False,NGJ3@2023-03-29
2023-03-21 00:00:00+00:00,2023-03-21 00:00:00+00:00,NGJ3@2023-03-29,3e700de112aae720c15b,1.0,False,True,0.0,0.0,0.0,0.0,0.0,0.0,0.0,0.0,97480.0,100000.0,0.0,0.0252,killed,daily_loss_limit,risk_killed_until_explicit_operator_restart,forecast_signal,False,NGJ3@2023-03-29
2023-03-22 00:00:00+00:00,2023-03-22 00:00:00+00:00,NGJ3@2023-03-29,e34a9ded4487b1666e55,1.0,False,True,0.0,0.0,0.0,0.0,0.0,0.0,-0.0,-0.0,97480.0,100000.0,0.0,0.0252,killed,daily_loss_limit,risk_killed_until_explicit_operator_restart,forecast_signal,False,NGJ3@2023-03-29
2023-03-23 00:00:00+00:00,2023-03-23 00:00:00+00:00,NGJ3@2023-03-29,2a9d1e34350a0b063a68,1.0,False,True,0.0,0.0,0.0,0.0,0.0,0.0,-0.0,-0.0,97480.0,100000.0,0.0,0.0252,killed,daily_loss_limit,risk_killed_until_explicit_operator_restart,forecast_signal,False,NGJ3@2023-03-29
2023-03-24 00:00:00+00:00,2023-03-24 00:00:00+00:00,NGJ3@2023-03-29,53311f6160bb7338a5e8,1.0,False,True,0.0,0.0,0.0,0.0,0.0,0.0,-0.0,-0.0,97480.0,100000.0,0.0,0.0252,killed,daily_loss_limit,risk_killed_until_explicit_operator_restart,forecast_signal,False,NGK3@2023-04-26
2023-03-26 00:00:00+00:00,2023-03-26 00:00:00+00:00,NGK3@2023-04-26,8d71dc41b3ed639dc1c3,1.0,False,True,0.0,0.0,0.0,0.0,0.0,0.0,-0.0,-0.0,97480.0,100000.0,0.0,0.0252,killed,daily_loss_limit,risk_killed_until_explicit_operator_restart,forecast_signal,False,NGK3@2023-04-26
2023-03-27 00:00:00+00:00,2023-03-27 00:00:00+00:00,NGK3@2023-04-26,8d71dc41b3ed639dc1c3,1.0,False,True,0.0,0.0,0.0,0.0,0.0,0.0,-0.0,-0.0,97480.0,100000.0,0.0,0.0252,killed,daily_loss_limit,risk_killed_until_explicit_operator_restart,forecast_signal,False,NGK3@2023-04-26
2023-03-28 00:00:00+00:00,2023-03-28 00:00:00+00:00,NGK3@2023-04-26,3d1013a547cb9658b151,1.0,False,True,0.0,0.0,0.0,0.0,0.0,0.0,-0.0,-0.0,97480.0,100000.0,0.0,0.0252,killed,daily_loss_limit,risk_killed_until_explicit_operator_restart,forecast_signal,False,NGK3@2023-04-26
2023-03-29 00:00:00+00:00,2023-03-29 00:00:00+00:00,NGK3@2023-04-26,734cdf115a61ab9bf830,1.0,False,True,0.0,0.0,0.0,0.0,0.0,0.0,0.0,0.0,97480.0,100000.0,0.0,0.0252,killed,daily_loss_limit,risk_killed_until_explicit_operator_restart,forecast_signal,False,NGK3@2023-04-26
2023-03-30 00:00:00+00:00,2023-03-30 00:00:00+00:00,NGK3@2023-04-26,bfc14845e2ad5d69584e,1.0,False,True,0.0,0.0,0.0,0.0,0.0,0.0,-0.0,-0.0,97480.0,100000.0,0.0,0.0252,killed,daily_loss_limit,risk_killed_until_explicit_operator_restart,forecast_signal,False,NGK3@2023-04-26
2023-03-31 00:00:00+00:00,2023-03-31 00:00:00+00:00,NGK3@2023-04-26,61aa0c3e74b04b55ff36,1.0,False,True,0.0,0.0,0.0,0.0,0.0,0.0,-0.0,-0.0,97480.0,100000.0,0.0,0.0252,killed,daily_loss_limit,risk_killed_until_explicit_operator_restart,forecast_signal,False,NGK3@2023-04-26
2023-04-02 00:00:00+00:00,2023-04-02 00:00:00+00:00,NGK3@2023-04-26,3a3c8a4d484e423a4ef4,1.0,False,True,0.0,0.0,0.0,0.0,0.0,0.0,-0.0,-0.0,97480.0,100000.0,0.0,0.0252,killed,daily_loss_limit,risk_killed_until_explicit_operator_restart,forecast_signal,False,NGK3@2023-04-26
2023-04-03 00:00:00+00:00,2023-04-03 00:00:00+00:00,NGK3@2023-04-26,3a3c8a4d484e423a4ef4,1.0,False,True,0.0,0.0,0.0,0.0,0.0,0.0,0.0,0.0,97480.0,100000.0,0.0,0.0252,killed,daily_loss_limit,risk_killed_until_explicit_operator_restart,forecast_signal,False,NGK3@2023-04-26
2023-04-04 00:00:00+00:00,2023-04-04 00:00:00+00:00,NGK3@2023-04-26,679cc41d0ab61f399223,1.0,False,True,0.0,0.0,0.0,0.0,0.0,0.0,-0.0,-0.0,97480.0,100000.0,0.0,0.0252,killed,daily_loss_limit,risk_killed_until_explicit_operator_restart,forecast_signal,False,NGK3@2023-04-26
2023-04-05 00:00:00+00:00,2023-04-05 00:00:00+00:00,NGK3@2023-04-26,1955b0950211b73aba46,1.0,False,True,0.0,0.0,0.0,0.0,0.0,0.0,0.0,0.0,97480.0,100000.0,0.0,0.0252,killed,daily_loss_limit,risk_killed_until_explicit_operator_restart,forecast_signal,False,NGK3@2023-04-26
2023-04-06 00:00:00+00:00,2023-04-06 00:00:00+00:00,NGK3@2023-04-26,522cc51c81dee908e92a,1.0,False,True,0.0,0.0,0.0,0.0,0.0,0.0,-0.0,-0.0,97480.0,100000.0,0.0,0.0252,killed,daily_loss_limit,risk_killed_until_explicit_operator_restart,forecast_signal,False,NGK3@2023-04-26
2023-04-09 00:00:00+00:00,2023-04-09 00:00:00+00:00,NGK3@2023-04-26,eb13fe859d6e31c514a7,1.0,False,True,0.0,0.0,0.0,0.0,0.0,0.0,0.0,0.0,97480.0,100000.0,0.0,0.0252,killed,daily_loss_limit,risk_killed_until_explicit_operator_restart,forecast_signal,False,NGK3@2023-04-26
2023-04-10 00:00:00+00:00,2023-04-10 00:00:00+00:00,NGK3@2023-04-26,eb13fe859d6e31c514a7,1.0,False,True,0.0,0.0,0.0,0.0,0.0,0.0,0.0,0.0,97480.0,100000.0,0.0,0.0252,killed,daily_loss_limit,risk_killed_until_explicit_operator_restart,forecast_signal,False,NGK3@2023-04-26
2023-04-11 00:00:00+00:00,2023-04-11 00:00:00+00:00,NGK3@2023-04-26,eb13fe859d6e31c514a7,1.0,False,True,0.0,0.0,0.0,0.0,0.0,0.0,0.0,0.0,97480.0,100000.0,0.0,0.0252,killed,daily_loss_limit,risk_killed_until_explicit_operator_restart,forecast_signal,False,NGK3@2023-04-26
2023-04-12 00:00:00+00:00,2023-04-12 00:00:00+00:00,NGK3@2023-04-26,b9ce23d36b45fb85cf07,0.0,True,True,0.0,0.0,0.0,0.0,0.0,0.0,-0.0,-0.0,97480.0,100000.0,0.0,0.0252,killed,daily_loss_limit,risk_killed_until_explicit_operator_restart,predicted_gross_pnl_not_above_round_trip_cost,False,NGK3@2023-04-26
2023-04-13 00:00:00+00:00,2023-04-13 00:00:00+00:00,NGK3@2023-04-26,1e1bb35bda84d1c59a43,-1.0,False,True,0.0,0.0,0.0,0.0,0.0,0.0,-0.0,-0.0,97480.0,100000.0,0.0,0.0252,killed,daily_loss_limit,risk_killed_until_explicit_operator_restart,forecast_signal,False,NGK3@2023-04-26
2023-04-14 00:00:00+00:00,2023-04-14 00:00:00+00:00,NGK3@2023-04-26,6605309b51e45ee29435,1.0,False,True,0.0,0.0,0.0,0.0,0.0,0.0,0.0,0.0,97480.0,100000.0,0.0,0.0252,killed,daily_loss_limit,risk_killed_until_explicit_operator_restart,forecast_signal,False,NGK3@2023-04-26
2023-04-16 00:00:00+00:00,2023-04-16 00:00:00+00:00,NGK3@2023-04-26,a60ffa591f8b6b037979,1.0,False,True,0.0,0.0,0.0,0.0,0.0,0.0,0.0,0.0,97480.0,100000.0,0.0,0.0252,killed,daily_loss_limit,risk_killed_until_explicit_operator_restart,forecast_signal,False,NGK3@2023-04-26
2023-04-17 00:00:00+00:00,2023-04-17 00:00:00+00:00,NGK3@2023-04-26,a60ffa591f8b6b037979,1.0,False,True,0.0,0.0,0.0,0.0,0.0,0.0,0.0,0.0,97480.0,100000.0,0.0,0.0252,killed,daily_loss_limit,risk_killed_until_explicit_operator_restart,forecast_signal,False,NGK3@2023-04-26
2023-04-18 00:00:00+00:00,2023-04-18 00:00:00+00:00,NGK3@2023-04-26,96900e25f609117081f7,-1.0,False,True,0.0,0.0,0.0,0.0,0.0,0.0,0.0,0.0,97480.0,100000.0,0.0,0.0252,killed,daily_loss_limit,risk_killed_until_explicit_operator_restart,forecast_signal,False,NGK3@2023-04-26
2023-04-19 00:00:00+00:00,2023-04-19 00:00:00+00:00,NGK3@2023-04-26,074427f24f0dfd45bd99,-1.0,False,True,0.0,0.0,0.0,0.0,0.0,0.0,-0.0,-0.0,97480.0,100000.0,0.0,0.0252,killed,daily_loss_limit,risk_killed_until_explicit_operator_restart,forecast_signal,False,NGK3@2023-04-26
2023-04-20 00:00:00+00:00,2023-04-20 00:00:00+00:00,NGK3@2023-04-26,5e76216a51f32aa111b9,-1.0,False,True,0.0,0.0,0.0,0.0,0.0,0.0,-0.0,-0.0,97480.0,100000.0,0.0,0.0252,killed,daily_loss_limit,risk_killed_until_explicit_operator_restart,forecast_signal,False,NGK3@2023-04-26
2023-04-21 00:00:00+00:00,2023-04-21 00:00:00+00:00,NGK3@2023-04-26,6c9d5ee5e593e75c9f39,1.0,False,True,0.0,0.0,0.0,0.0,0.0,0.0,0.0,0.0,97480.0,100000.0,0.0,0.0252,killed,daily_loss_limit,risk_killed_until_explicit_operator_restart,forecast_signal,False,NGK3@2023-04-26
2023-04-23 00:00:00+00:00,2023-04-23 00:00:00+00:00,NGK3@2023-04-26,8b78311ccb486e985e2c,-1.0,False,True,0.0,0.0,0.0,0.0,0.0,0.0,0.0,0.0,97480.0,100000.0,0.0,0.0252,killed,daily_loss_limit,risk_killed_until_explicit_operator_restart,forecast_signal,False,NGK3@2023-04-26
2023-04-24 00:00:00+00:00,2023-04-24 00:00:00+00:00,NGK3@2023-04-26,8b78311ccb486e985e2c,-1.0,False,True,0.0,0.0,0.0,0.0,0.0,0.0,0.0,0.0,97480.0,100000.0,0.0,0.0252,killed,daily_loss_limit,risk_killed_until_explicit_operator_restart,forecast_signal,False,NGK3@2023-04-26
2023-04-25 00:00:00+00:00,2023-04-25 00:00:00+00:00,NGK3@2023-04-26,c4cb535b87d797dda773,-1.0,False,True,0.0,0.0,0.0,0.0,0.0,0.0,-0.0,-0.0,97480.0,100000.0,0.0,0.0252,killed,daily_loss_limit,risk_killed_until_explicit_operator_restart,forecast_signal,False,NGM3@2023-05-26
2023-04-26 00:00:00+00:00,2023-04-26 00:00:00+00:00,NGM3@2023-05-26,344ee1ce8b939b15a915,0.0,True,True,0.0,0.0,0.0,0.0,0.0,0.0,-0.0,-0.0,97480.0,100000.0,0.0,0.0252,killed,daily_loss_limit,risk_killed_until_explicit_operator_restart,predicted_gross_pnl_not_above_round_trip_cost,False,NGM3@2023-05-26
2023-04-27 00:00:00+00:00,2023-04-27 00:00:00+00:00,NGM3@2023-05-26,cb30df931608c341ed32,0.0,True,True,0.0,0.0,0.0,0.0,0.0,0.0,0.0,0.0,97480.0,100000.0,0.0,0.0252,killed,daily_loss_limit,risk_killed_until_explicit_operator_restart,predicted_gross_pnl_not_above_round_trip_cost,False,NGM3@2023-05-26
2023-04-28 00:00:00+00:00,2023-04-28 00:00:00+00:00,NGM3@2023-05-26,33b6c0677d0ea40b76d6,0.0,True,True,0.0,0.0,0.0,0.0,0.0,0.0,0.0,0.0,97480.0,100000.0,0.0,0.0252,killed,daily_loss_limit,risk_killed_until_explicit_operator_restart,predicted_gross_pnl_not_above_round_trip_cost,False,NGM3@2023-05-26
2023-04-30 00:00:00+00:00,2023-04-30 00:00:00+00:00,NGM3@2023-05-26,3b8014f8e71ed683ab6f,0.0,True,True,0.0,0.0,0.0,0.0,0.0,0.0,-0.0,-0.0,97480.0,100000.0,0.0,0.0252,killed,daily_loss_limit,risk_killed_until_explicit_operator_restart,predicted_gross_pnl_not_above_round_trip_cost,False,NGM3@2023-05-26
2023-05-01 00:00:00+00:00,2023-05-01 00:00:00+00:00,NGM3@2023-05-26,3b8014f8e71ed683ab6f,0.0,True,True,0.0,0.0,0.0,0.0,0.0,0.0,-0.0,-0.0,97480.0,100000.0,0.0,0.0252,killed,daily_loss_limit,risk_killed_until_explicit_operator_restart,predicted_gross_pnl_not_above_round_trip_cost,False,NGM3@2023-05-26
2023-05-02 00:00:00+00:00,2023-05-02 00:00:00+00:00,NGM3@2023-05-26,071dd707de4abcb025f0,-1.0,False,True,0.0,0.0,0.0,0.0,0.0,0.0,-0.0,-0.0,97480.0,100000.0,0.0,0.0252,killed,daily_loss_limit,risk_killed_until_explicit_operator_restart,forecast_signal,False,NGM3@2023-05-26
2023-05-03 00:00:00+00:00,2023-05-03 00:00:00+00:00,NGM3@2023-05-26,0acaea8681c18b561ffd,-1.0,False,True,0.0,0.0,0.0,0.0,0.0,0.0,-0.0,-0.0,97480.0,100000.0,0.0,0.0252,killed,daily_loss_limit,risk_killed_until_explicit_operator_restart,forecast_signal,False,NGM3@2023-05-26
2023-05-04 00:00:00+00:00,2023-05-04 00:00:00+00:00,NGM3@2023-05-26,d17187d9b3601f0a7291,1.0,False,True,0.0,0.0,0.0,0.0,0.0,0.0,-0.0,-0.0,97480.0,100000.0,0.0,0.0252,killed,daily_loss_limit,risk_killed_until_explicit_operator_restart,forecast_signal,False,NGM3@2023-05-26
2023-05-05 00:00:00+00:00,2023-05-05 00:00:00+00:00,NGM3@2023-05-26,861b3d14268601afb48d,-1.0,False,True,0.0,0.0,0.0,0.0,0.0,0.0,0.0,0.0,97480.0,100000.0,0.0,0.0252,killed,daily_loss_limit,risk_killed_until_explicit_operator_restart,forecast_signal,False,NGM3@2023-05-26
2023-05-07 00:00:00+00:00,2023-05-07 00:00:00+00:00,NGM3@2023-05-26,e2e55ff9d463a3d6db1f,-1.0,False,True,0.0,0.0,0.0,0.0,0.0,0.0,0.0,0.0,97480.0,100000.0,0.0,0.0252,killed,daily_loss_limit,risk_killed_until_explicit_operator_restart,forecast_signal,False,NGM3@2023-05-26
2023-05-08 00:00:00+00:00,2023-05-08 00:00:00+00:00,NGM3@2023-05-26,e2e55ff9d463a3d6db1f,-1.0,False,True,0.0,0.0,0.0,0.0,0.0,0.0,0.0,0.0,97480.0,100000.0,0.0,0.0252,killed,daily_loss_limit,risk_killed_until_explicit_operator_restart,forecast_signal,False,NGM3@2023-05-26
2023-05-09 00:00:00+00:00,2023-05-09 00:00:00+00:00,NGM3@2023-05-26,cc7080ff92ed8ace4caa,-1.0,False,True,0.0,0.0,0.0,0.0,0.0,0.0,0.0,0.0,97480.0,100000.0,0.0,0.0252,killed,daily_loss_limit,risk_killed_until_explicit_operator_restart,forecast_signal,False,NGM3@2023-05-26
2023-05-10 00:00:00+00:00,2023-05-10 00:00:00+00:00,NGM3@2023-05-26,028ed2463f7c51c3232f,-1.0,False,True,0.0,0.0,0.0,0.0,0.0,0.0,-0.0,-0.0,97480.0,100000.0,0.0,0.0252,killed,daily_loss_limit,risk_killed_until_explicit_operator_restart,forecast_signal,False,NGM3@2023-05-26
2023-05-11 00:00:00+00:00,2023-05-11 00:00:00+00:00,NGM3@2023-05-26,1db7a28be20a434f6dc3,-1.0,False,True,0.0,0.0,0.0,0.0,0.0,0.0,0.0,0.0,97480.0,100000.0,0.0,0.0252,killed,daily_loss_limit,risk_killed_until_explicit_operator_restart,forecast_signal,False,NGM3@2023-05-26
2023-05-12 00:00:00+00:00,2023-05-12 00:00:00+00:00,NGM3@2023-05-26,1109c78b2fe34184513a,-1.0,False,True,0.0,0.0,0.0,0.0,0.0,0.0,0.0,0.0,97480.0,100000.0,0.0,0.0252,killed,daily_loss_limit,risk_killed_until_explicit_operator_restart,forecast_signal,False,NGM3@2023-05-26
2023-05-14 00:00:00+00:00,2023-05-14 00:00:00+00:00,NGM3@2023-05-26,9a100f99d5ead7ce2fb8,-1.0,False,True,0.0,0.0,0.0,0.0,0.0,0.0,0.0,0.0,97480.0,100000.0,0.0,0.0252,killed,daily_loss_limit,risk_killed_until_explicit_operator_restart,forecast_signal,False,NGM3@2023-05-26
2023-05-15 00:00:00+00:00,2023-05-15 00:00:00+00:00,NGM3@2023-05-26,9a100f99d5ead7ce2fb8,-1.0,False,True,0.0,0.0,0.0,0.0,0.0,0.0,0.0,0.0,97480.0,100000.0,0.0,0.0252,killed,daily_loss_limit,risk_killed_until_explicit_operator_restart,forecast_signal,False,NGM3@2023-05-26
2023-05-16 00:00:00+00:00,2023-05-16 00:00:00+00:00,NGM3@2023-05-26,0338d11b437f4bc43dea,0.0,True,True,0.0,0.0,0.0,0.0,0.0,0.0,-0.0,-0.0,97480.0,100000.0,0.0,0.0252,killed,daily_loss_limit,risk_killed_until_explicit_operator_restart,predicted_gross_pnl_not_above_round_trip_cost,False,NGM3@2023-05-26
2023-05-17 00:00:00+00:00,2023-05-17 00:00:00+00:00,NGM3@2023-05-26,831f8bd260d9af4f9428,0.0,True,True,0.0,0.0,0.0,0.0,0.0,0.0,0.0,0.0,97480.0,100000.0,0.0,0.0252,killed,daily_loss_limit,risk_killed_until_explicit_operator_restart,predicted_gross_pnl_not_above_round_trip_cost,False,NGM3@2023-05-26
2023-05-18 00:00:00+00:00,2023-05-18 00:00:00+00:00,NGM3@2023-05-26,c31503e7562746ccac34,-1.0,False,True,0.0,0.0,0.0,0.0,0.0,0.0,0.0,0.0,97480.0,100000.0,0.0,0.0252,killed,daily_loss_limit,risk_killed_until_explicit_operator_restart,forecast_signal,False,NGM3@2023-05-26
2023-05-19 00:00:00+00:00,2023-05-19 00:00:00+00:00,NGM3@2023-05-26,cd09ad5e5b35c5d8840c,0.0,True,True,0.0,0.0,0.0,0.0,0.0,0.0,-0.0,-0.0,97480.0,100000.0,0.0,0.0252,killed,daily_loss_limit,risk_killed_until_explicit_operator_restart,predicted_gross_pnl_not_above_round_trip_cost,False,NGM3@2023-05-26
2023-05-21 00:00:00+00:00,2023-05-21 00:00:00+00:00,NGM3@2023-05-26,8e2373dedaf04a264ecf,-1.0,False,True,0.0,0.0,0.0,0.0,0.0,0.0,-0.0,-0.0,97480.0,100000.0,0.0,0.0252,killed,daily_loss_limit,risk_killed_until_explicit_operator_restart,forecast_signal,False,NGM3@2023-05-26
2023-05-22 00:00:00+00:00,2023-05-22 00:00:00+00:00,NGM3@2023-05-26,8e2373dedaf04a264ecf,-1.0,False,True,0.0,0.0,0.0,0.0,0.0,0.0,-0.0,-0.0,97480.0,100000.0,0.0,0.0252,killed,daily_loss_limit,risk_killed_until_explicit_operator_restart,forecast_signal,False,NGM3@2023-05-26
2023-05-23 00:00:00+00:00,2023-05-23 00:00:00+00:00,NGM3@2023-05-26,eff4b25fbebe0b5ce6a5,-1.0,False,True,0.0,0.0,0.0,0.0,0.0,0.0,-0.0,-0.0,97480.0,100000.0,0.0,0.0252,killed,daily_loss_limit,risk_killed_until_explicit_operator_restart,forecast_signal,False,NGM3@2023-05-26
2023-05-24 00:00:00+00:00,2023-05-24 00:00:00+00:00,NGM3@2023-05-26,c778d7248d6d048af3c8,-1.0,False,True,0.0,0.0,0.0,0.0,0.0,0.0,0.0,0.0,97480.0,100000.0,0.0,0.0252,killed,daily_loss_limit,risk_killed_until_explicit_operator_restart,forecast_signal,False,NGN3@2023-06-28
2023-05-25 00:00:00+00:00,2023-05-25 00:00:00+00:00,NGN3@2023-06-28,3104447637451f1e5584,-1.0,False,True,0.0,0.0,0.0,0.0,0.0,0.0,-0.0,-0.0,97480.0,100000.0,0.0,0.0252,killed,daily_loss_limit,risk_killed_until_explicit_operator_restart,forecast_signal,False,NGN3@2023-06-28
2023-05-26 00:00:00+00:00,2023-05-26 00:00:00+00:00,NGN3@2023-06-28,6e67a9275b8f62a05fdb,-1.0,False,True,0.0,0.0,0.0,0.0,0.0,0.0,-0.0,-0.0,97480.0,100000.0,0.0,0.0252,killed,daily_loss_limit,risk_killed_until_explicit_operator_restart,forecast_signal,False,NGN3@2023-06-28
2023-05-28 00:00:00+00:00,2023-05-28 00:00:00+00:00,NGN3@2023-06-28,83f527b12b360bc41033,0.0,True,True,0.0,0.0,0.0,0.0,0.0,0.0,0.0,0.0,97480.0,100000.0,0.0,0.0252,killed,daily_loss_limit,risk_killed_until_explicit_operator_restart,predicted_gross_pnl_not_above_round_trip_cost,False,NGN3@2023-06-28
2023-05-29 00:00:00+00:00,2023-05-29 00:00:00+00:00,NGN3@2023-06-28,83f527b12b360bc41033,0.0,True,True,0.0,0.0,0.0,0.0,0.0,0.0,-0.0,-0.0,97480.0,100000.0,0.0,0.0252,killed,daily_loss_limit,risk_killed_until_explicit_operator_restart,predicted_gross_pnl_not_above_round_trip_cost,False,NGN3@2023-06-28
2023-05-30 00:00:00+00:00,2023-05-30 00:00:00+00:00,NGN3@2023-06-28,83f527b12b360bc41033,0.0,True,True,0.0,0.0,0.0,0.0,0.0,0.0,-0.0,-0.0,97480.0,100000.0,0.0,0.0252,killed,daily_loss_limit,risk_killed_until_explicit_operator_restart,predicted_gross_pnl_not_above_round_trip_cost,False,NGN3@2023-06-28
2023-05-31 00:00:00+00:00,2023-05-31 00:00:00+00:00,NGN3@2023-06-28,e60cf16b475c847afb24,-1.0,False,True,0.0,0.0,0.0,0.0,0.0,0.0,-0.0,-0.0,97480.0,100000.0,0.0,0.0252,killed,daily_loss_limit,risk_killed_until_explicit_operator_restart,forecast_signal,False,NGN3@2023-06-28
2023-06-01 00:00:00+00:00,2023-06-01 00:00:00+00:00,NGN3@2023-06-28,ab0879630dbdf9d60097,-1.0,False,True,0.0,0.0,0.0,0.0,0.0,0.0,-0.0,-0.0,97480.0,100000.0,0.0,0.0252,killed,daily_loss_limit,risk_killed_until_explicit_operator_restart,forecast_signal,False,NGN3@2023-06-28
2023-06-02 00:00:00+00:00,2023-06-02 00:00:00+00:00,NGN3@2023-06-28,c9929777678225591bbf,-1.0,False,True,0.0,0.0,0.0,0.0,0.0,0.0,0.0,0.0,97480.0,100000.0,0.0,0.0252,killed,daily_loss_limit,risk_killed_until_explicit_operator_restart,forecast_signal,False,NGN3@2023-06-28
2023-06-04 00:00:00+00:00,2023-06-04 00:00:00+00:00,NGN3@2023-06-28,d8da12c064d029574f57,1.0,False,True,0.0,0.0,0.0,0.0,0.0,0.0,-0.0,-0.0,97480.0,100000.0,0.0,0.0252,killed,daily_loss_limit,risk_killed_until_explicit_operator_restart,forecast_signal,False,NGN3@2023-06-28
2023-06-05 00:00:00+00:00,2023-06-05 00:00:00+00:00,NGN3@2023-06-28,d8da12c064d029574f57,1.0,False,True,0.0,0.0,0.0,0.0,0.0,0.0,0.0,0.0,97480.0,100000.0,0.0,0.0252,killed,daily_loss_limit,risk_killed_until_explicit_operator_restart,forecast_signal,False,NGN3@2023-06-28
2023-06-06 00:00:00+00:00,2023-06-06 00:00:00+00:00,NGN3@2023-06-28,b5a1589cf312cdc3ef13,-1.0,False,True,0.0,0.0,0.0,0.0,0.0,0.0,-0.0,-0.0,97480.0,100000.0,0.0,0.0252,killed,daily_loss_limit,risk_killed_until_explicit_operator_restart,forecast_signal,False,NGN3@2023-06-28
2023-06-07 00:00:00+00:00,2023-06-07 00:00:00+00:00,NGN3@2023-06-28,478f09447f61c2568a0a,-1.0,False,True,0.0,0.0,0.0,0.0,0.0,0.0,0.0,0.0,97480.0,100000.0,0.0,0.0252,killed,daily_loss_limit,risk_killed_until_explicit_operator_restart,forecast_signal,False,NGN3@2023-06-28
2023-06-08 00:00:00+00:00,2023-06-08 00:00:00+00:00,NGN3@2023-06-28,f6db74ff804b66d80b68,-1.0,False,True,0.0,0.0,0.0,0.0,0.0,0.0,-0.0,-0.0,97480.0,100000.0,0.0,0.0252,killed,daily_loss_limit,risk_killed_until_explicit_operator_restart,forecast_signal,False,NGN3@2023-06-28
2023-06-09 00:00:00+00:00,2023-06-09 00:00:00+00:00,NGN3@2023-06-28,e97c3b2f6575776a29d2,-1.0,False,True,0.0,0.0,0.0,0.0,0.0,0.0,-0.0,-0.0,97480.0,100000.0,0.0,0.0252,killed,daily_loss_limit,risk_killed_until_explicit_operator_restart,forecast_signal,False,NGN3@2023-06-28
2023-06-11 00:00:00+00:00,2023-06-11 00:00:00+00:00,NGN3@2023-06-28,8285c085b60b314d189f,-1.0,False,True,0.0,0.0,0.0,0.0,0.0,0.0,-0.0,-0.0,97480.0,100000.0,0.0,0.0252,killed,daily_loss_limit,risk_killed_until_explicit_operator_restart,forecast_signal,False,NGN3@2023-06-28
2023-06-12 00:00:00+00:00,2023-06-12 00:00:00+00:00,NGN3@2023-06-28,8285c085b60b314d189f,-1.0,False,True,0.0,0.0,0.0,0.0,0.0,0.0,-0.0,-0.0,97480.0,100000.0,0.0,0.0252,killed,daily_loss_limit,risk_killed_until_explicit_operator_restart,forecast_signal,False,NGN3@2023-06-28
2023-06-13 00:00:00+00:00,2023-06-13 00:00:00+00:00,NGN3@2023-06-28,ed9afba6022979f576d3,-1.0,False,True,0.0,0.0,0.0,0.0,0.0,0.0,0.0,0.0,97480.0,100000.0,0.0,0.0252,killed,daily_loss_limit,risk_killed_until_explicit_operator_restart,forecast_signal,False,NGN3@2023-06-28
2023-06-14 00:00:00+00:00,2023-06-14 00:00:00+00:00,NGN3@2023-06-28,b1104b10ba1b385d9eb5,-1.0,False,True,0.0,0.0,0.0,0.0,0.0,0.0,0.0,0.0,97480.0,100000.0,0.0,0.0252,killed,daily_loss_limit,risk_killed_until_explicit_operator_restart,forecast_signal,False,NGN3@2023-06-28
2023-06-15 00:00:00+00:00,2023-06-15 00:00:00+00:00,NGN3@2023-06-28,75f9013312604dd0e367,-1.0,False,True,0.0,0.0,0.0,0.0,0.0,0.0,0.0,0.0,97480.0,100000.0,0.0,0.0252,killed,daily_loss_limit,risk_killed_until_explicit_operator_restart,forecast_signal,False,NGN3@2023-06-28
2023-06-16 00:00:00+00:00,2023-06-16 00:00:00+00:00,NGN3@2023-06-28,ca09c3b46d15af0f7ef3,-1.0,False,True,0.0,0.0,0.0,0.0,0.0,0.0,0.0,0.0,97480.0,100000.0,0.0,0.0252,killed,daily_loss_limit,risk_killed_until_explicit_operator_restart,forecast_signal,False,NGN3@2023-06-28
2023-06-18 00:00:00+00:00,2023-06-18 00:00:00+00:00,NGN3@2023-06-28,ae078897e0cba65de260,-1.0,False,True,0.0,0.0,0.0,0.0,0.0,0.0,-0.0,-0.0,97480.0,100000.0,0.0,0.0252,killed,daily_loss_limit,risk_killed_until_explicit_operator_restart,forecast_signal,False,NGN3@2023-06-28
2023-06-19 00:00:00+00:00,2023-06-19 00:00:00+00:00,NGN3@2023-06-28,ae078897e0cba65de260,-1.0,False,True,0.0,0.0,0.0,0.0,0.0,0.0,0.0,0.0,97480.0,100000.0,0.0,0.0252,killed,daily_loss_limit,risk_killed_until_explicit_operator_restart,forecast_signal,False,NGN3@2023-06-28
2023-06-20 00:00:00+00:00,2023-06-20 00:00:00+00:00,NGN3@2023-06-28,ae078897e0cba65de260,-1.0,False,True,0.0,0.0,0.0,0.0,0.0,0.0,-0.0,-0.0,97480.0,100000.0,0.0,0.0252,killed,daily_loss_limit,risk_killed_until_explicit_operator_restart,forecast_signal,False,NGN3@2023-06-28
2023-06-21 00:00:00+00:00,2023-06-21 00:00:00+00:00,NGN3@2023-06-28,bf13f15ffcc483b27274,-1.0,False,True,0.0,0.0,0.0,0.0,0.0,0.0,0.0,0.0,97480.0,100000.0,0.0,0.0252,killed,daily_loss_limit,risk_killed_until_explicit_operator_restart,forecast_signal,False,NGN3@2023-06-28
2023-06-22 00:00:00+00:00,2023-06-22 00:00:00+00:00,NGN3@2023-06-28,3a1bc1c12d215ecc8c76,-1.0,False,True,0.0,0.0,0.0,0.0,0.0,0.0,0.0,0.0,97480.0,100000.0,0.0,0.0252,killed,daily_loss_limit,risk_killed_until_explicit_operator_restart,forecast_signal,False,NGN3@2023-06-28
2023-06-23 00:00:00+00:00,2023-06-23 00:00:00+00:00,NGN3@2023-06-28,630c452c568bc0c2cd47,-1.0,False,True,0.0,0.0,0.0,0.0,0.0,0.0,0.0,0.0,97480.0,100000.0,0.0,0.0252,killed,daily_loss_limit,risk_killed_until_explicit_operator_restart,forecast_signal,False,NGN3@2023-06-28
2023-06-25 00:00:00+00:00,2023-06-25 00:00:00+00:00,NGN3@2023-06-28,7213b8a25bb024bc1052,-1.0,False,True,0.0,0.0,0.0,0.0,0.0,0.0,0.0,0.0,97480.0,100000.0,0.0,0.0252,killed,daily_loss_limit,risk_killed_until_explicit_operator_restart,forecast_signal,False,NGN3@2023-06-28
2023-06-26 00:00:00+00:00,2023-06-26 00:00:00+00:00,NGN3@2023-06-28,7213b8a25bb024bc1052,-1.0,False,True,0.0,0.0,0.0,0.0,0.0,0.0,-0.0,-0.0,97480.0,100000.0,0.0,0.0252,killed,daily_loss_limit,risk_killed_until_explicit_operator_restart,forecast_signal,False,NGN3@2023-06-28
2023-06-27 00:00:00+00:00,2023-06-27 00:00:00+00:00,NGN3@2023-06-28,35257d55eb93fcd43f09,-1.0,False,True,0.0,0.0,0.0,0.0,0.0,0.0,0.0,0.0,97480.0,100000.0,0.0,0.0252,killed,daily_loss_limit,risk_killed_until_explicit_operator_restart,forecast_signal,False,NGQ3@2023-07-27
2023-06-28 00:00:00+00:00,2023-06-28 00:00:00+00:00,NGQ3@2023-07-27,beebc8c20be1a5abae90,-1.0,False,True,0.0,0.0,0.0,0.0,0.0,0.0,-0.0,-0.0,97480.0,100000.0,0.0,0.0252,killed,daily_loss_limit,risk_killed_until_explicit_operator_restart,forecast_signal,False,NGQ3@2023-07-27
2023-06-29 00:00:00+00:00,2023-06-29 00:00:00+00:00,NGQ3@2023-07-27,bf94ae667e8f983bfb98,-1.0,False,True,0.0,0.0,0.0,0.0,0.0,0.0,0.0,0.0,97480.0,100000.0,0.0,0.0252,killed,daily_loss_limit,risk_killed_until_explicit_operator_restart,forecast_signal,False,NGQ3@2023-07-27
2023-06-30 00:00:00+00:00,2023-06-30 00:00:00+00:00,NGQ3@2023-07-27,66f808f96539de19a578,0.0,True,True,0.0,0.0,0.0,0.0,0.0,0.0,0.0,0.0,97480.0,100000.0,0.0,0.0252,killed,daily_loss_limit,risk_killed_until_explicit_operator_restart,predicted_gross_pnl_not_above_round_trip_cost,False,NGQ3@2023-07-27
2023-07-02 00:00:00+00:00,2023-07-02 00:00:00+00:00,NGQ3@2023-07-27,764cdd4ed687f56e43dc,-1.0,False,True,0.0,0.0,0.0,0.0,0.0,0.0,-0.0,-0.0,97480.0,100000.0,0.0,0.0252,killed,daily_loss_limit,risk_killed_until_explicit_operator_restart,forecast_signal,False,NGQ3@2023-07-27
2023-07-03 00:00:00+00:00,2023-07-03 00:00:00+00:00,NGQ3@2023-07-27,764cdd4ed687f56e43dc,-1.0,False,True,0.0,0.0,0.0,0.0,0.0,0.0,-0.0,-0.0,97480.0,100000.0,0.0,0.0252,killed,daily_loss_limit,risk_killed_until_explicit_operator_restart,forecast_signal,False,NGQ3@2023-07-27
2023-07-04 00:00:00+00:00,2023-07-04 00:00:00+00:00,NGQ3@2023-07-27,06515b33595c5a208a8e,-1.0,False,True,0.0,0.0,0.0,0.0,0.0,0.0,0.0,0.0,97480.0,100000.0,0.0,0.0252,killed,daily_loss_limit,risk_killed_until_explicit_operator_restart,forecast_signal,False,NGQ3@2023-07-27
2023-07-05 00:00:00+00:00,2023-07-05 00:00:00+00:00,NGQ3@2023-07-27,06515b33595c5a208a8e,-1.0,False,True,0.0,0.0,0.0,0.0,0.0,0.0,-0.0,-0.0,97480.0,100000.0,0.0,0.0252,killed,daily_loss_limit,risk_killed_until_explicit_operator_restart,forecast_signal,False,NGQ3@2023-07-27
2023-07-06 00:00:00+00:00,2023-07-06 00:00:00+00:00,NGQ3@2023-07-27,fe76658e359b7b3b96ae,-1.0,False,True,0.0,0.0,0.0,0.0,0.0,0.0,-0.0,-0.0,97480.0,100000.0,0.0,0.0252,killed,daily_loss_limit,risk_killed_until_explicit_operator_restart,forecast_signal,False,NGQ3@2023-07-27
2023-07-07 00:00:00+00:00,2023-07-07 00:00:00+00:00,NGQ3@2023-07-27,93b76be4aa4adb075f37,-1.0,False,True,0.0,0.0,0.0,0.0,0.0,0.0,-0.0,-0.0,97480.0,100000.0,0.0,0.0252,killed,daily_loss_limit,risk_killed_until_explicit_operator_restart,forecast_signal,False,NGQ3@2023-07-27
2023-07-09 00:00:00+00:00,2023-07-09 00:00:00+00:00,NGQ3@2023-07-27,2d23e7a40f6ea1c8339f,-1.0,False,True,0.0,0.0,0.0,0.0,0.0,0.0,0.0,0.0,97480.0,100000.0,0.0,0.0252,killed,daily_loss_limit,risk_killed_until_explicit_operator_restart,forecast_signal,False,NGQ3@2023-07-27
2023-07-10 00:00:00+00:00,2023-07-10 00:00:00+00:00,NGQ3@2023-07-27,2d23e7a40f6ea1c8339f,-1.0,False,True,0.0,0.0,0.0,0.0,0.0,0.0,0.0,0.0,97480.0,100000.0,0.0,0.0252,killed,daily_loss_limit,risk_killed_until_explicit_operator_restart,forecast_signal,False,NGQ3@2023-07-27
2023-07-11 00:00:00+00:00,2023-07-11 00:00:00+00:00,NGQ3@2023-07-27,0ac98f3f77f8c95c621a,-1.0,False,True,0.0,0.0,0.0,0.0,0.0,0.0,0.0,0.0,97480.0,100000.0,0.0,0.0252,killed,daily_loss_limit,risk_killed_until_explicit_operator_restart,forecast_signal,False,NGQ3@2023-07-27
2023-07-12 00:00:00+00:00,2023-07-12 00:00:00+00:00,NGQ3@2023-07-27,4e0595ca2631a773f6f4,-1.0,False,True,0.0,0.0,0.0,0.0,0.0,0.0,-0.0,-0.0,97480.0,100000.0,0.0,0.0252,killed,daily_loss_limit,risk_killed_until_explicit_operator_restart,forecast_signal,False,NGQ3@2023-07-27
2023-07-13 00:00:00+00:00,2023-07-13 00:00:00+00:00,NGQ3@2023-07-27,363caa5aac51dc72c529,-1.0,False,True,0.0,0.0,0.0,0.0,0.0,0.0,-0.0,-0.0,97480.0,100000.0,0.0,0.0252,killed,daily_loss_limit,risk_killed_until_explicit_operator_restart,forecast_signal,False,NGQ3@2023-07-27
2023-07-14 00:00:00+00:00,2023-07-14 00:00:00+00:00,NGQ3@2023-07-27,ab65e5649307e9d30cef,-1.0,False,True,0.0,0.0,0.0,0.0,0.0,0.0,-0.0,-0.0,97480.0,100000.0,0.0,0.0252,killed,daily_loss_limit,risk_killed_until_explicit_operator_restart,forecast_signal,False,NGQ3@2023-07-27
2023-07-16 00:00:00+00:00,2023-07-16 00:00:00+00:00,NGQ3@2023-07-27,c855117ae63ee12fd079,-1.0,False,True,0.0,0.0,0.0,0.0,0.0,0.0,0.0,0.0,97480.0,100000.0,0.0,0.0252,killed,daily_loss_limit,risk_killed_until_explicit_operator_restart,forecast_signal,False,NGQ3@2023-07-27
2023-07-17 00:00:00+00:00,2023-07-17 00:00:00+00:00,NGQ3@2023-07-27,c855117ae63ee12fd079,-1.0,False,True,0.0,0.0,0.0,0.0,0.0,0.0,-0.0,-0.0,97480.0,100000.0,0.0,0.0252,killed,daily_loss_limit,risk_killed_until_explicit_operator_restart,forecast_signal,False,NGQ3@2023-07-27
2023-07-18 00:00:00+00:00,2023-07-18 00:00:00+00:00,NGQ3@2023-07-27,efaf11f5eabef5d6469d,-1.0,False,True,0.0,0.0,0.0,0.0,0.0,0.0,0.0,0.0,97480.0,100000.0,0.0,0.0252,killed,daily_loss_limit,risk_killed_until_explicit_operator_restart,forecast_signal,False,NGQ3@2023-07-27
2023-07-19 00:00:00+00:00,2023-07-19 00:00:00+00:00,NGQ3@2023-07-27,d458b27946609ec0fc5c,-1.0,False,True,0.0,0.0,0.0,0.0,0.0,0.0,-0.0,-0.0,97480.0,100000.0,0.0,0.0252,killed,daily_loss_limit,risk_killed_until_explicit_operator_restart,forecast_signal,False,NGQ3@2023-07-27
2023-07-20 00:00:00+00:00,2023-07-20 00:00:00+00:00,NGQ3@2023-07-27,49d82657a50c31f456be,-1.0,False,True,0.0,0.0,0.0,0.0,0.0,0.0,0.0,0.0,97480.0,100000.0,0.0,0.0252,killed,daily_loss_limit,risk_killed_until_explicit_operator_restart,forecast_signal,False,NGQ3@2023-07-27
2023-07-21 00:00:00+00:00,2023-07-21 00:00:00+00:00,NGQ3@2023-07-27,c15aec57ad5cf7c7030a,-1.0,False,True,0.0,0.0,0.0,0.0,0.0,0.0,-0.0,-0.0,97480.0,100000.0,0.0,0.0252,killed,daily_loss_limit,risk_killed_until_explicit_operator_restart,forecast_signal,False,NGQ3@2023-07-27
2023-07-23 00:00:00+00:00,2023-07-23 00:00:00+00:00,NGQ3@2023-07-27,365b3ebfee5e367e787b,-1.0,False,True,0.0,0.0,0.0,0.0,0.0,0.0,-0.0,-0.0,97480.0,100000.0,0.0,0.0252,killed,daily_loss_limit,risk_killed_until_explicit_operator_restart,forecast_signal,False,NGQ3@2023-07-27
2023-07-24 00:00:00+00:00,2023-07-24 00:00:00+00:00,NGQ3@2023-07-27,365b3ebfee5e367e787b,-1.0,False,True,0.0,0.0,0.0,0.0,0.0,0.0,0.0,0.0,97480.0,100000.0,0.0,0.0252,killed,daily_loss_limit,risk_killed_until_explicit_operator_restart,forecast_signal,False,NGQ3@2023-07-27
2023-07-25 00:00:00+00:00,2023-07-25 00:00:00+00:00,NGQ3@2023-07-27,64f9e84b113ca20804d3,-1.0,False,True,0.0,0.0,0.0,0.0,0.0,0.0,0.0,0.0,97480.0,100000.0,0.0,0.0252,killed,daily_loss_limit,risk_killed_until_explicit_operator_restart,forecast_signal,False,NGU3@2023-08-29
2023-07-26 00:00:00+00:00,2023-07-26 00:00:00+00:00,NGU3@2023-08-29,46c1fc5d0c637e213338,-1.0,False,True,0.0,0.0,0.0,0.0,0.0,0.0,-0.0,-0.0,97480.0,100000.0,0.0,0.0252,killed,daily_loss_limit,risk_killed_until_explicit_operator_restart,forecast_signal,False,NGU3@2023-08-29
2023-07-27 00:00:00+00:00,2023-07-27 00:00:00+00:00,NGU3@2023-08-29,45c7819c1a43757623fd,-1.0,False,True,0.0,0.0,0.0,0.0,0.0,0.0,-0.0,-0.0,97480.0,100000.0,0.0,0.0252,killed,daily_loss_limit,risk_killed_until_explicit_operator_restart,forecast_signal,False,NGU3@2023-08-29
2023-07-28 00:00:00+00:00,2023-07-28 00:00:00+00:00,NGU3@2023-08-29,9e4845a0e017ce6654de,-1.0,False,True,0.0,0.0,0.0,0.0,0.0,0.0,0.0,0.0,97480.0,100000.0,0.0,0.0252,killed,daily_loss_limit,risk_killed_until_explicit_operator_restart,forecast_signal,False,NGU3@2023-08-29
2023-07-30 00:00:00+00:00,2023-07-30 00:00:00+00:00,NGU3@2023-08-29,892a43335dd07824c2e6,-1.0,False,True,0.0,0.0,0.0,0.0,0.0,0.0,-0.0,-0.0,97480.0,100000.0,0.0,0.0252,killed,daily_loss_limit,risk_killed_until_explicit_operator_restart,forecast_signal,False,NGU3@2023-08-29
2023-07-31 00:00:00+00:00,2023-07-31 00:00:00+00:00,NGU3@2023-08-29,892a43335dd07824c2e6,-1.0,False,True,0.0,0.0,0.0,0.0,0.0,0.0,-0.0,-0.0,97480.0,100000.0,0.0,0.0252,killed,daily_loss_limit,risk_killed_until_explicit_operator_restart,forecast_signal,False,NGU3@2023-08-29
2023-08-01 00:00:00+00:00,2023-08-01 00:00:00+00:00,NGU3@2023-08-29,5c6730a026923eea5fb1,-1.0,False,True,0.0,0.0,0.0,0.0,0.0,0.0,-0.0,-0.0,97480.0,100000.0,0.0,0.0252,killed,daily_loss_limit,risk_killed_until_explicit_operator_restart,forecast_signal,False,NGU3@2023-08-29
2023-08-02 00:00:00+00:00,2023-08-02 00:00:00+00:00,NGU3@2023-08-29,3b032c131770242fb072,-1.0,False,True,0.0,0.0,0.0,0.0,0.0,0.0,-0.0,-0.0,97480.0,100000.0,0.0,0.0252,killed,daily_loss_limit,risk_killed_until_explicit_operator_restart,forecast_signal,False,NGU3@2023-08-29
2023-08-03 00:00:00+00:00,2023-08-03 00:00:00+00:00,NGU3@2023-08-29,43c781635ed58d05a10a,-1.0,False,True,0.0,0.0,0.0,0.0,0.0,0.0,0.0,0.0,97480.0,100000.0,0.0,0.0252,killed,daily_loss_limit,risk_killed_until_explicit_operator_restart,forecast_signal,False,NGU3@2023-08-29
2023-08-04 00:00:00+00:00,2023-08-04 00:00:00+00:00,NGU3@2023-08-29,9c939bdb63cd63a9a5fc,-1.0,False,True,0.0,0.0,0.0,0.0,0.0,0.0,0.0,0.0,97480.0,100000.0,0.0,0.0252,killed,daily_loss_limit,risk_killed_until_explicit_operator_restart,forecast_signal,False,NGU3@2023-08-29
2023-08-06 00:00:00+00:00,2023-08-06 00:00:00+00:00,NGU3@2023-08-29,a96113792d209b088820,-1.0,False,True,0.0,0.0,0.0,0.0,0.0,0.0,0.0,0.0,97480.0,100000.0,0.0,0.0252,killed,daily_loss_limit,risk_killed_until_explicit_operator_restart,forecast_signal,False,NGU3@2023-08-29
2023-08-07 00:00:00+00:00,2023-08-07 00:00:00+00:00,NGU3@2023-08-29,a96113792d209b088820,-1.0,False,True,0.0,0.0,0.0,0.0,0.0,0.0,0.0,0.0,97480.0,100000.0,0.0,0.0252,killed,daily_loss_limit,risk_killed_until_explicit_operator_restart,forecast_signal,False,NGU3@2023-08-29
2023-08-08 00:00:00+00:00,2023-08-08 00:00:00+00:00,NGU3@2023-08-29,6388a98b9a2ca4548f17,-1.0,False,True,0.0,0.0,0.0,0.0,0.0,0.0,0.0,0.0,97480.0,100000.0,0.0,0.0252,killed,daily_loss_limit,risk_killed_until_explicit_operator_restart,forecast_signal,False,NGU3@2023-08-29
2023-08-09 00:00:00+00:00,2023-08-09 00:00:00+00:00,NGU3@2023-08-29,eedbd5710b6ee3395c0d,-1.0,False,True,0.0,0.0,0.0,0.0,0.0,0.0,0.0,0.0,97480.0,100000.0,0.0,0.0252,killed,daily_loss_limit,risk_killed_until_explicit_operator_restart,forecast_signal,False,NGU3@2023-08-29
2023-08-10 00:00:00+00:00,2023-08-10 00:00:00+00:00,NGU3@2023-08-29,72e34591146b7027b786,-1.0,False,True,0.0,0.0,0.0,0.0,0.0,0.0,-0.0,-0.0,97480.0,100000.0,0.0,0.0252,killed,daily_loss_limit,risk_killed_until_explicit_operator_restart,forecast_signal,False,NGU3@2023-08-29
2023-08-11 00:00:00+00:00,2023-08-11 00:00:00+00:00,NGU3@2023-08-29,128c1f5f0ad26263d532,-1.0,False,True,0.0,0.0,0.0,0.0,0.0,0.0,-0.0,-0.0,97480.0,100000.0,0.0,0.0252,killed,daily_loss_limit,risk_killed_until_explicit_operator_restart,forecast_signal,False,NGU3@2023-08-29
2023-08-13 00:00:00+00:00,2023-08-13 00:00:00+00:00,NGU3@2023-08-29,905c2cb161c5bc2a9ace,0.0,True,True,0.0,0.0,0.0,0.0,0.0,0.0,0.0,0.0,97480.0,100000.0,0.0,0.0252,killed,daily_loss_limit,risk_killed_until_explicit_operator_restart,predicted_gross_pnl_not_above_round_trip_cost,False,NGU3@2023-08-29
2023-08-14 00:00:00+00:00,2023-08-14 00:00:00+00:00,NGU3@2023-08-29,905c2cb161c5bc2a9ace,0.0,True,True,0.0,0.0,0.0,0.0,0.0,0.0,0.0,0.0,97480.0,100000.0,0.0,0.0252,killed,daily_loss_limit,risk_killed_until_explicit_operator_restart,predicted_gross_pnl_not_above_round_trip_cost,False,NGU3@2023-08-29
2023-08-15 00:00:00+00:00,2023-08-15 00:00:00+00:00,NGU3@2023-08-29,2b074642d38e6562fe81,-1.0,False,True,0.0,0.0,0.0,0.0,0.0,0.0,-0.0,-0.0,97480.0,100000.0,0.0,0.0252,killed,daily_loss_limit,risk_killed_until_explicit_operator_restart,forecast_signal,False,NGU3@2023-08-29
2023-08-16 00:00:00+00:00,2023-08-16 00:00:00+00:00,NGU3@2023-08-29,71cad9f17cbe995d7616,-1.0,False,True,0.0,0.0,0.0,0.0,0.0,0.0,-0.0,-0.0,97480.0,100000.0,0.0,0.0252,killed,daily_loss_limit,risk_killed_until_explicit_operator_restart,forecast_signal,False,NGU3@2023-08-29
2023-08-17 00:00:00+00:00,2023-08-17 00:00:00+00:00,NGU3@2023-08-29,2672a517295fc33801ad,-1.0,False,True,0.0,0.0,0.0,0.0,0.0,0.0,0.0,0.0,97480.0,100000.0,0.0,0.0252,killed,daily_loss_limit,risk_killed_until_explicit_operator_restart,forecast_signal,False,NGU3@2023-08-29
2023-08-18 00:00:00+00:00,2023-08-18 00:00:00+00:00,NGU3@2023-08-29,a1da834dc87b6a77bca6,-1.0,False,True,0.0,0.0,0.0,0.0,0.0,0.0,-0.0,-0.0,97480.0,100000.0,0.0,0.0252,killed,daily_loss_limit,risk_killed_until_explicit_operator_restart,forecast_signal,False,NGU3@2023-08-29
2023-08-20 00:00:00+00:00,2023-08-20 00:00:00+00:00,NGU3@2023-08-29,db357e513ef0d111bb56,-1.0,False,True,0.0,0.0,0.0,0.0,0.0,0.0,0.0,0.0,97480.0,100000.0,0.0,0.0252,killed,daily_loss_limit,risk_killed_until_explicit_operator_restart,forecast_signal,False,NGU3@2023-08-29
2023-08-21 00:00:00+00:00,2023-08-21 00:00:00+00:00,NGU3@2023-08-29,db357e513ef0d111bb56,-1.0,False,True,0.0,0.0,0.0,0.0,0.0,0.0,0.0,0.0,97480.0,100000.0,0.0,0.0252,killed,daily_loss_limit,risk_killed_until_explicit_operator_restart,forecast_signal,False,NGU3@2023-08-29
2023-08-22 00:00:00+00:00,2023-08-22 00:00:00+00:00,NGU3@2023-08-29,38d2bcfbbd100df13637,-1.0,False,True,0.0,0.0,0.0,0.0,0.0,0.0,-0.0,-0.0,97480.0,100000.0,0.0,0.0252,killed,daily_loss_limit,risk_killed_until_explicit_operator_restart,forecast_signal,False,NGU3@2023-08-29
2023-08-23 00:00:00+00:00,2023-08-23 00:00:00+00:00,NGU3@2023-08-29,73339306853b4211104a,-1.0,False,True,0.0,0.0,0.0,0.0,0.0,0.0,-0.0,-0.0,97480.0,100000.0,0.0,0.0252,killed,daily_loss_limit,risk_killed_until_explicit_operator_restart,forecast_signal,False,NGU3@2023-08-29
2023-08-24 00:00:00+00:00,2023-08-24 00:00:00+00:00,NGU3@2023-08-29,061885b1fbe7bb4f7b57,-1.0,False,True,0.0,0.0,0.0,0.0,0.0,0.0,0.0,0.0,97480.0,100000.0,0.0,0.0252,killed,daily_loss_limit,risk_killed_until_explicit_operator_restart,forecast_signal,False,NGU3@2023-08-29
2023-08-25 00:00:00+00:00,2023-08-25 00:00:00+00:00,NGU3@2023-08-29,350a8e3a534c9519f6d8,-1.0,False,True,0.0,0.0,0.0,0.0,0.0,0.0,0.0,0.0,97480.0,100000.0,0.0,0.0252,killed,daily_loss_limit,risk_killed_until_explicit_operator_restart,forecast_signal,False,NGU3@2023-08-29
2023-08-27 00:00:00+00:00,2023-08-27 00:00:00+00:00,NGU3@2023-08-29,d4cd3339b3815a874595,-1.0,False,True,0.0,0.0,0.0,0.0,0.0,0.0,0.0,0.0,97480.0,100000.0,0.0,0.0252,killed,daily_loss_limit,risk_killed_until_explicit_operator_restart,forecast_signal,False,NGU3@2023-08-29
2023-08-28 00:00:00+00:00,2023-08-28 00:00:00+00:00,NGU3@2023-08-29,d4cd3339b3815a874595,-1.0,False,True,0.0,0.0,0.0,0.0,0.0,0.0,-0.0,-0.0,97480.0,100000.0,0.0,0.0252,killed,daily_loss_limit,risk_killed_until_explicit_operator_restart,forecast_signal,False,NGV3@2023-09-27
2023-08-29 00:00:00+00:00,2023-08-29 00:00:00+00:00,NGV3@2023-09-27,388353e02c15c254ac1a,-1.0,False,True,0.0,0.0,0.0,0.0,0.0,0.0,-0.0,-0.0,97480.0,100000.0,0.0,0.0252,killed,daily_loss_limit,risk_killed_until_explicit_operator_restart,forecast_signal,False,NGV3@2023-09-27
2023-08-30 00:00:00+00:00,2023-08-30 00:00:00+00:00,NGV3@2023-09-27,409888f9c14b1739dde9,-1.0,False,True,0.0,0.0,0.0,0.0,0.0,0.0,0.0,0.0,97480.0,100000.0,0.0,0.0252,killed,daily_loss_limit,risk_killed_until_explicit_operator_restart,forecast_signal,False,NGV3@2023-09-27
2023-08-31 00:00:00+00:00,2023-08-31 00:00:00+00:00,NGV3@2023-09-27,377c871194238717763c,-1.0,False,True,0.0,0.0,0.0,0.0,0.0,0.0,-0.0,-0.0,97480.0,100000.0,0.0,0.0252,killed,daily_loss_limit,risk_killed_until_explicit_operator_restart,forecast_signal,False,NGV3@2023-09-27
2023-09-01 00:00:00+00:00,2023-09-01 00:00:00+00:00,NGV3@2023-09-27,7521f7c44e8bce5c7454,-1.0,False,True,0.0,0.0,0.0,0.0,0.0,0.0,-0.0,-0.0,97480.0,100000.0,0.0,0.0252,killed,daily_loss_limit,risk_killed_until_explicit_operator_restart,forecast_signal,False,NGV3@2023-09-27
2023-09-03 00:00:00+00:00,2023-09-03 00:00:00+00:00,NGV3@2023-09-27,5380af308d2e39403ef9,-1.0,False,True,0.0,0.0,0.0,0.0,0.0,0.0,-0.0,-0.0,97480.0,100000.0,0.0,0.0252,killed,daily_loss_limit,risk_killed_until_explicit_operator_restart,forecast_signal,False,NGV3@2023-09-27
2023-09-04 00:00:00+00:00,2023-09-04 00:00:00+00:00,NGV3@2023-09-27,5380af308d2e39403ef9,-1.0,False,True,0.0,0.0,0.0,0.0,0.0,0.0,-0.0,-0.0,97480.0,100000.0,0.0,0.0252,killed,daily_loss_limit,risk_killed_until_explicit_operator_restart,forecast_signal,False,NGV3@2023-09-27
2023-09-05 00:00:00+00:00,2023-09-05 00:00:00+00:00,NGV3@2023-09-27,5380af308d2e39403ef9,-1.0,False,True,0.0,0.0,0.0,0.0,0.0,0.0,-0.0,-0.0,97480.0,100000.0,0.0,0.0252,killed,daily_loss_limit,risk_killed_until_explicit_operator_restart,forecast_signal,False,NGV3@2023-09-27
2023-09-06 00:00:00+00:00,2023-09-06 00:00:00+00:00,NGV3@2023-09-27,1858b39404bcde7bb88d,-1.0,False,True,0.0,0.0,0.0,0.0,0.0,0.0,-0.0,-0.0,97480.0,100000.0,0.0,0.0252,killed,daily_loss_limit,risk_killed_until_explicit_operator_restart,forecast_signal,False,NGV3@2023-09-27
2023-09-07 00:00:00+00:00,2023-09-07 00:00:00+00:00,NGV3@2023-09-27,b1050f058a59c82c1281,-1.0,False,True,0.0,0.0,0.0,0.0,0.0,0.0,0.0,0.0,97480.0,100000.0,0.0,0.0252,killed,daily_loss_limit,risk_killed_until_explicit_operator_restart,forecast_signal,False,NGV3@2023-09-27
2023-09-08 00:00:00+00:00,2023-09-08 00:00:00+00:00,NGV3@2023-09-27,ce8a5f3cb82de47f0f1f,-1.0,False,True,0.0,0.0,0.0,0.0,0.0,0.0,0.0,0.0,97480.0,100000.0,0.0,0.0252,killed,daily_loss_limit,risk_killed_until_explicit_operator_restart,forecast_signal,False,NGV3@2023-09-27
2023-09-10 00:00:00+00:00,2023-09-10 00:00:00+00:00,NGV3@2023-09-27,1dc8890c623b821dee3f,-1.0,False,True,0.0,0.0,0.0,0.0,0.0,0.0,-0.0,-0.0,97480.0,100000.0,0.0,0.0252,killed,daily_loss_limit,risk_killed_until_explicit_operator_restart,forecast_signal,False,NGV3@2023-09-27
2023-09-11 00:00:00+00:00,2023-09-11 00:00:00+00:00,NGV3@2023-09-27,1dc8890c623b821dee3f,-1.0,False,True,0.0,0.0,0.0,0.0,0.0,0.0,0.0,0.0,97480.0,100000.0,0.0,0.0252,killed,daily_loss_limit,risk_killed_until_explicit_operator_restart,forecast_signal,False,NGV3@2023-09-27
2023-09-12 00:00:00+00:00,2023-09-12 00:00:00+00:00,NGV3@2023-09-27,bd2e3d4e4dcaed1dce4c,-1.0,False,True,0.0,0.0,0.0,0.0,0.0,0.0,0.0,0.0,97480.0,100000.0,0.0,0.0252,killed,daily_loss_limit,risk_killed_until_explicit_operator_restart,forecast_signal,False,NGV3@2023-09-27
2023-09-13 00:00:00+00:00,2023-09-13 00:00:00+00:00,NGV3@2023-09-27,740a9a2b1e1e4de7fa1c,-1.0,False,True,0.0,0.0,0.0,0.0,0.0,0.0,-0.0,-0.0,97480.0,100000.0,0.0,0.0252,killed,daily_loss_limit,risk_killed_until_explicit_operator_restart,forecast_signal,False,NGV3@2023-09-27
2023-09-14 00:00:00+00:00,2023-09-14 00:00:00+00:00,NGV3@2023-09-27,dad8ace544fe72442edf,-1.0,False,True,0.0,0.0,0.0,0.0,0.0,0.0,-0.0,-0.0,97480.0,100000.0,0.0,0.0252,killed,daily_loss_limit,risk_killed_until_explicit_operator_restart,forecast_signal,False,NGV3@2023-09-27
2023-09-15 00:00:00+00:00,2023-09-15 00:00:00+00:00,NGV3@2023-09-27,e5bdd80e69b0323dc43d,-1.0,False,True,0.0,0.0,0.0,0.0,0.0,0.0,-0.0,-0.0,97480.0,100000.0,0.0,0.0252,killed,daily_loss_limit,risk_killed_until_explicit_operator_restart,forecast_signal,False,NGV3@2023-09-27
2023-09-17 00:00:00+00:00,2023-09-17 00:00:00+00:00,NGV3@2023-09-27,00f15493a1d8950e4e07,-1.0,False,True,0.0,0.0,0.0,0.0,0.0,0.0,0.0,0.0,97480.0,100000.0,0.0,0.0252,killed,daily_loss_limit,risk_killed_until_explicit_operator_restart,forecast_signal,False,NGV3@2023-09-27
2023-09-18 00:00:00+00:00,2023-09-18 00:00:00+00:00,NGV3@2023-09-27,00f15493a1d8950e4e07,-1.0,False,True,0.0,0.0,0.0,0.0,0.0,0.0,0.0,0.0,97480.0,100000.0,0.0,0.0252,killed,daily_loss_limit,risk_killed_until_explicit_operator_restart,forecast_signal,False,NGV3@2023-09-27
2023-09-19 00:00:00+00:00,2023-09-19 00:00:00+00:00,NGV3@2023-09-27,31b199353c88a2fbf31f,-1.0,False,True,0.0,0.0,0.0,0.0,0.0,0.0,-0.0,-0.0,97480.0,100000.0,0.0,0.0252,killed,daily_loss_limit,risk_killed_until_explicit_operator_restart,forecast_signal,False,NGV3@2023-09-27
2023-09-20 00:00:00+00:00,2023-09-20 00:00:00+00:00,NGV3@2023-09-27,4dc0929e708e4f1b1888,-1.0,False,True,0.0,0.0,0.0,0.0,0.0,0.0,0.0,0.0,97480.0,100000.0,0.0,0.0252,killed,daily_loss_limit,risk_killed_until_explicit_operator_restart,forecast_signal,False,NGV3@2023-09-27
2023-09-21 00:00:00+00:00,2023-09-21 00:00:00+00:00,NGV3@2023-09-27,c2440940f6462cb86c4c,-1.0,False,True,0.0,0.0,0.0,0.0,0.0,0.0,-0.0,-0.0,97480.0,100000.0,0.0,0.0252,killed,daily_loss_limit,risk_killed_until_explicit_operator_restart,forecast_signal,False,NGV3@2023-09-27
2023-09-22 00:00:00+00:00,2023-09-22 00:00:00+00:00,NGV3@2023-09-27,a47941ed60b2ca8bdb42,-1.0,False,True,0.0,0.0,0.0,0.0,0.0,0.0,0.0,0.0,97480.0,100000.0,0.0,0.0252,killed,daily_loss_limit,risk_killed_until_explicit_operator_restart,forecast_signal,False,NGV3@2023-09-27
2023-09-24 00:00:00+00:00,2023-09-24 00:00:00+00:00,NGV3@2023-09-27,bd95d71c43d21313e2f3,-1.0,False,True,0.0,0.0,0.0,0.0,0.0,0.0,0.0,0.0,97480.0,100000.0,0.0,0.0252,killed,daily_loss_limit,risk_killed_until_explicit_operator_restart,forecast_signal,False,NGV3@2023-09-27
2023-09-25 00:00:00+00:00,2023-09-25 00:00:00+00:00,NGV3@2023-09-27,bd95d71c43d21313e2f3,-1.0,False,True,0.0,0.0,0.0,0.0,0.0,0.0,-0.0,-0.0,97480.0,100000.0,0.0,0.0252,killed,daily_loss_limit,risk_killed_until_explicit_operator_restart,forecast_signal,False,NGX3@2023-10-27
2023-09-26 00:00:00+00:00,2023-09-26 00:00:00+00:00,NGX3@2023-10-27,ea7d0cd0ba1614fc5352,-1.0,False,True,0.0,0.0,0.0,0.0,0.0,0.0,-0.0,-0.0,97480.0,100000.0,0.0,0.0252,killed,daily_loss_limit,risk_killed_until_explicit_operator_restart,forecast_signal,False,NGX3@2023-10-27
2023-09-27 00:00:00+00:00,2023-09-27 00:00:00+00:00,NGX3@2023-10-27,366aa57717b594d7c24a,-1.0,False,True,0.0,0.0,0.0,0.0,0.0,0.0,0.0,0.0,97480.0,100000.0,0.0,0.0252,killed,daily_loss_limit,risk_killed_until_explicit_operator_restart,forecast_signal,False,NGX3@2023-10-27
2023-09-28 00:00:00+00:00,2023-09-28 00:00:00+00:00,NGX3@2023-10-27,8b92eb239a2ee6df63bf,-1.0,False,True,0.0,0.0,0.0,0.0,0.0,0.0,0.0,0.0,97480.0,100000.0,0.0,0.0252,killed,daily_loss_limit,risk_killed_until_explicit_operator_restart,forecast_signal,False,NGX3@2023-10-27
2023-09-29 00:00:00+00:00,2023-09-29 00:00:00+00:00,NGX3@2023-10-27,bd4301db40c4519f5f5b,-1.0,False,True,0.0,0.0,0.0,0.0,0.0,0.0,0.0,0.0,97480.0,100000.0,0.0,0.0252,killed,daily_loss_limit,risk_killed_until_explicit_operator_restart,forecast_signal,False,NGX3@2023-10-27
2023-10-01 00:00:00+00:00,2023-10-01 00:00:00+00:00,NGX3@2023-10-27,a095b592d8fbd99c72ed,-1.0,False,True,0.0,0.0,0.0,0.0,0.0,0.0,-0.0,-0.0,97480.0,100000.0,0.0,0.0252,killed,daily_loss_limit,risk_killed_until_explicit_operator_restart,forecast_signal,False,NGX3@2023-10-27
2023-10-02 00:00:00+00:00,2023-10-02 00:00:00+00:00,NGX3@2023-10-27,a095b592d8fbd99c72ed,-1.0,False,True,0.0,0.0,0.0,0.0,0.0,0.0,-0.0,-0.0,97480.0,100000.0,0.0,0.0252,killed,daily_loss_limit,risk_killed_until_explicit_operator_restart,forecast_signal,False,NGX3@2023-10-27
2023-10-03 00:00:00+00:00,2023-10-03 00:00:00+00:00,NGX3@2023-10-27,be5b053d79a6630c1cab,-1.0,False,True,0.0,0.0,0.0,0.0,0.0,0.0,0.0,0.0,97480.0,100000.0,0.0,0.0252,killed,daily_loss_limit,risk_killed_until_explicit_operator_restart,forecast_signal,False,NGX3@2023-10-27
2023-10-04 00:00:00+00:00,2023-10-04 00:00:00+00:00,NGX3@2023-10-27,0cf8d54e58df361c68c0,-1.0,False,True,0.0,0.0,0.0,0.0,0.0,0.0,0.0,0.0,97480.0,100000.0,0.0,0.0252,killed,daily_loss_limit,risk_killed_until_explicit_operator_restart,forecast_signal,False,NGX3@2023-10-27
2023-10-05 00:00:00+00:00,2023-10-05 00:00:00+00:00,NGX3@2023-10-27,461b188455e7c35db944,-1.0,False,True,0.0,0.0,0.0,0.0,0.0,0.0,0.0,0.0,97480.0,100000.0,0.0,0.0252,killed,daily_loss_limit,risk_killed_until_explicit_operator_restart,forecast_signal,False,NGX3@2023-10-27
2023-10-06 00:00:00+00:00,2023-10-06 00:00:00+00:00,NGX3@2023-10-27,97e34977c47f88f0ce2a,-1.0,False,True,0.0,0.0,0.0,0.0,0.0,0.0,0.0,0.0,97480.0,100000.0,0.0,0.0252,killed,daily_loss_limit,risk_killed_until_explicit_operator_restart,forecast_signal,False,NGX3@2023-10-27
2023-10-08 00:00:00+00:00,2023-10-08 00:00:00+00:00,NGX3@2023-10-27,2752d7c5782f171d0fe9,-1.0,False,True,0.0,0.0,0.0,0.0,0.0,0.0,-0.0,-0.0,97480.0,100000.0,0.0,0.0252,killed,daily_loss_limit,risk_killed_until_explicit_operator_restart,forecast_signal,False,NGX3@2023-10-27
2023-10-09 00:00:00+00:00,2023-10-09 00:00:00+00:00,NGX3@2023-10-27,2752d7c5782f171d0fe9,-1.0,False,True,0.0,0.0,0.0,0.0,0.0,0.0,0.0,0.0,97480.0,100000.0,0.0,0.0252,killed,daily_loss_limit,risk_killed_until_explicit_operator_restart,forecast_signal,False,NGX3@2023-10-27
2023-10-10 00:00:00+00:00,2023-10-10 00:00:00+00:00,NGX3@2023-10-27,c95f62e7359860922051,-1.0,False,True,0.0,0.0,0.0,0.0,0.0,0.0,0.0,0.0,97480.0,100000.0,0.0,0.0252,killed,daily_loss_limit,risk_killed_until_explicit_operator_restart,forecast_signal,False,NGX3@2023-10-27
2023-10-11 00:00:00+00:00,2023-10-11 00:00:00+00:00,NGX3@2023-10-27,5e1047750a4e1cbc930b,-1.0,False,True,0.0,0.0,0.0,0.0,0.0,0.0,-0.0,-0.0,97480.0,100000.0,0.0,0.0252,killed,daily_loss_limit,risk_killed_until_explicit_operator_restart,forecast_signal,False,NGX3@2023-10-27
2023-10-12 00:00:00+00:00,2023-10-12 00:00:00+00:00,NGX3@2023-10-27,b0a96b51bf13773d8945,-1.0,False,True,0.0,0.0,0.0,0.0,0.0,0.0,-0.0,-0.0,97480.0,100000.0,0.0,0.0252,killed,daily_loss_limit,risk_killed_until_explicit_operator_restart,forecast_signal,False,NGX3@2023-10-27
2023-10-13 00:00:00+00:00,2023-10-13 00:00:00+00:00,NGX3@2023-10-27,a3f4995e863bb3a20513,-1.0,False,True,0.0,0.0,0.0,0.0,0.0,0.0,-0.0,-0.0,97480.0,100000.0,0.0,0.0252,killed,daily_loss_limit,risk_killed_until_explicit_operator_restart,forecast_signal,False,NGX3@2023-10-27
2023-10-15 00:00:00+00:00,2023-10-15 00:00:00+00:00,NGX3@2023-10-27,9c0480ffccfc7a912353,-1.0,False,True,0.0,0.0,0.0,0.0,0.0,0.0,-0.0,-0.0,97480.0,100000.0,0.0,0.0252,killed,daily_loss_limit,risk_killed_until_explicit_operator_restart,forecast_signal,False,NGX3@2023-10-27
2023-10-16 00:00:00+00:00,2023-10-16 00:00:00+00:00,NGX3@2023-10-27,9c0480ffccfc7a912353,-1.0,False,True,0.0,0.0,0.0,0.0,0.0,0.0,-0.0,-0.0,97480.0,100000.0,0.0,0.0252,killed,daily_loss_limit,risk_killed_until_explicit_operator_restart,forecast_signal,False,NGX3@2023-10-27
2023-10-17 00:00:00+00:00,2023-10-17 00:00:00+00:00,NGX3@2023-10-27,3710b2f0b0916ebd4e02,-1.0,False,True,0.0,0.0,0.0,0.0,0.0,0.0,-0.0,-0.0,97480.0,100000.0,0.0,0.0252,killed,daily_loss_limit,risk_killed_until_explicit_operator_restart,forecast_signal,False,NGX3@2023-10-27
2023-10-18 00:00:00+00:00,2023-10-18 00:00:00+00:00,NGX3@2023-10-27,f837647b56d4ae88f1ab,-1.0,False,True,0.0,0.0,0.0,0.0,0.0,0.0,0.0,0.0,97480.0,100000.0,0.0,0.0252,killed,daily_loss_limit,risk_killed_until_explicit_operator_restart,forecast_signal,False,NGX3@2023-10-27
2023-10-19 00:00:00+00:00,2023-10-19 00:00:00+00:00,NGX3@2023-10-27,deffe6c9aed0da03c3bb,-1.0,False,True,0.0,0.0,0.0,0.0,0.0,0.0,-0.0,-0.0,97480.0,100000.0,0.0,0.0252,killed,daily_loss_limit,risk_killed_until_explicit_operator_restart,forecast_signal,False,NGX3@2023-10-27
2023-10-20 00:00:00+00:00,2023-10-20 00:00:00+00:00,NGX3@2023-10-27,88d39dcd9a94c4054d94,-1.0,False,True,0.0,0.0,0.0,0.0,0.0,0.0,-0.0,-0.0,97480.0,100000.0,0.0,0.0252,killed,daily_loss_limit,risk_killed_until_explicit_operator_restart,forecast_signal,False,NGX3@2023-10-27
2023-10-22 00:00:00+00:00,2023-10-22 00:00:00+00:00,NGX3@2023-10-27,6c2f1380a36ebf69ffa8,-1.0,False,True,0.0,0.0,0.0,0.0,0.0,0.0,-0.0,-0.0,97480.0,100000.0,0.0,0.0252,killed,daily_loss_limit,risk_killed_until_explicit_operator_restart,forecast_signal,False,NGX3@2023-10-27
2023-10-23 00:00:00+00:00,2023-10-23 00:00:00+00:00,NGX3@2023-10-27,6c2f1380a36ebf69ffa8,-1.0,False,True,0.0,0.0,0.0,0.0,0.0,0.0,0.0,0.0,97480.0,100000.0,0.0,0.0252,killed,daily_loss_limit,risk_killed_until_explicit_operator_restart,forecast_signal,False,NGX3@2023-10-27
2023-10-24 00:00:00+00:00,2023-10-24 00:00:00+00:00,NGX3@2023-10-27,5a912158a3759b761e1d,-1.0,False,True,0.0,0.0,0.0,0.0,0.0,0.0,0.0,0.0,97480.0,100000.0,0.0,0.0252,killed,daily_loss_limit,risk_killed_until_explicit_operator_restart,forecast_signal,False,NGX3@2023-10-27
2023-10-25 00:00:00+00:00,2023-10-25 00:00:00+00:00,NGX3@2023-10-27,807decf55d72b70218a0,-1.0,False,True,0.0,0.0,0.0,0.0,0.0,0.0,0.0,0.0,97480.0,100000.0,0.0,0.0252,killed,daily_loss_limit,risk_killed_until_explicit_operator_restart,forecast_signal,False,NGZ3@2023-11-28
2023-10-26 00:00:00+00:00,2023-10-26 00:00:00+00:00,NGZ3@2023-11-28,447141ec92f705c8033e,-1.0,False,True,0.0,0.0,0.0,0.0,0.0,0.0,0.0,0.0,97480.0,100000.0,0.0,0.0252,killed,daily_loss_limit,risk_killed_until_explicit_operator_restart,forecast_signal,False,NGZ3@2023-11-28
2023-10-27 00:00:00+00:00,2023-10-27 00:00:00+00:00,NGZ3@2023-11-28,24ce114ff0c505f10c76,-1.0,False,True,0.0,0.0,0.0,0.0,0.0,0.0,-0.0,-0.0,97480.0,100000.0,0.0,0.0252,killed,daily_loss_limit,risk_killed_until_explicit_operator_restart,forecast_signal,False,NGZ3@2023-11-28
2023-10-29 00:00:00+00:00,2023-10-29 00:00:00+00:00,NGZ3@2023-11-28,b2a848bf8592e6cc9bb1,-1.0,False,True,0.0,0.0,0.0,0.0,0.0,0.0,-0.0,-0.0,97480.0,100000.0,0.0,0.0252,killed,daily_loss_limit,risk_killed_until_explicit_operator_restart,forecast_signal,False,NGZ3@2023-11-28
2023-10-30 00:00:00+00:00,2023-10-30 00:00:00+00:00,NGZ3@2023-11-28,b2a848bf8592e6cc9bb1,-1.0,False,True,0.0,0.0,0.0,0.0,0.0,0.0,-0.0,-0.0,97480.0,100000.0,0.0,0.0252,killed,daily_loss_limit,risk_killed_until_explicit_operator_restart,forecast_signal,False,NGZ3@2023-11-28
2023-10-31 00:00:00+00:00,2023-10-31 00:00:00+00:00,NGZ3@2023-11-28,78f985e5a0a9c3e848ba,-1.0,False,True,0.0,0.0,0.0,0.0,0.0,0.0,0.0,0.0,97480.0,100000.0,0.0,0.0252,killed,daily_loss_limit,risk_killed_until_explicit_operator_restart,forecast_signal,False,NGZ3@2023-11-28
2023-11-01 00:00:00+00:00,2023-11-01 00:00:00+00:00,NGZ3@2023-11-28,7672fa0f1726466383df,-1.0,False,True,0.0,0.0,0.0,0.0,0.0,0.0,-0.0,-0.0,97480.0,100000.0,0.0,0.0252,killed,daily_loss_limit,risk_killed_until_explicit_operator_restart,forecast_signal,False,NGZ3@2023-11-28
2023-11-02 00:00:00+00:00,2023-11-02 00:00:00+00:00,NGZ3@2023-11-28,b575d3560db5539076c0,-1.0,False,True,0.0,0.0,0.0,0.0,0.0,0.0,0.0,0.0,97480.0,100000.0,0.0,0.0252,killed,daily_loss_limit,risk_killed_until_explicit_operator_restart,forecast_signal,False,NGZ3@2023-11-28
2023-11-03 00:00:00+00:00,2023-11-03 00:00:00+00:00,NGZ3@2023-11-28,6785bbe221975daa2f01,-1.0,False,True,0.0,0.0,0.0,0.0,0.0,0.0,-0.0,-0.0,97480.0,100000.0,0.0,0.0252,killed,daily_loss_limit,risk_killed_until_explicit_operator_restart,forecast_signal,False,NGZ3@2023-11-28
2023-11-05 00:00:00+00:00,2023-11-05 00:00:00+00:00,NGZ3@2023-11-28,e13dce7189cae4e526b2,-1.0,False,True,0.0,0.0,0.0,0.0,0.0,0.0,0.0,0.0,97480.0,100000.0,0.0,0.0252,killed,daily_loss_limit,risk_killed_until_explicit_operator_restart,forecast_signal,False,NGZ3@2023-11-28
2023-11-06 00:00:00+00:00,2023-11-06 00:00:00+00:00,NGZ3@2023-11-28,e13dce7189cae4e526b2,-1.0,False,True,0.0,0.0,0.0,0.0,0.0,0.0,-0.0,-0.0,97480.0,100000.0,0.0,0.0252,killed,daily_loss_limit,risk_killed_until_explicit_operator_restart,forecast_signal,False,NGZ3@2023-11-28
2023-11-07 00:00:00+00:00,2023-11-07 00:00:00+00:00,NGZ3@2023-11-28,b6b094652142fabcddf4,-1.0,False,True,0.0,0.0,0.0,0.0,0.0,0.0,-0.0,-0.0,97480.0,100000.0,0.0,0.0252,killed,daily_loss_limit,risk_killed_until_explicit_operator_restart,forecast_signal,False,NGZ3@2023-11-28
2023-11-08 00:00:00+00:00,2023-11-08 00:00:00+00:00,NGZ3@2023-11-28,cbe2bf1b6dbcabf40c93,-1.0,False,True,0.0,0.0,0.0,0.0,0.0,0.0,-0.0,-0.0,97480.0,100000.0,0.0,0.0252,killed,daily_loss_limit,risk_killed_until_explicit_operator_restart,forecast_signal,False,NGZ3@2023-11-28
2023-11-09 00:00:00+00:00,2023-11-09 00:00:00+00:00,NGZ3@2023-11-28,85fb88f3116044da6cae,-1.0,False,True,0.0,0.0,0.0,0.0,0.0,0.0,-0.0,-0.0,97480.0,100000.0,0.0,0.0252,killed,daily_loss_limit,risk_killed_until_explicit_operator_restart,forecast_signal,False,NGZ3@2023-11-28
2023-11-10 00:00:00+00:00,2023-11-10 00:00:00+00:00,NGZ3@2023-11-28,c84b2ad3a5ea2378d3bf,-1.0,False,True,0.0,0.0,0.0,0.0,0.0,0.0,0.0,0.0,97480.0,100000.0,0.0,0.0252,killed,daily_loss_limit,risk_killed_until_explicit_operator_restart,forecast_signal,False,NGZ3@2023-11-28
2023-11-12 00:00:00+00:00,2023-11-12 00:00:00+00:00,NGZ3@2023-11-28,65d820ac90c6b0caa024,-1.0,False,True,0.0,0.0,0.0,0.0,0.0,0.0,0.0,0.0,97480.0,100000.0,0.0,0.0252,killed,daily_loss_limit,risk_killed_until_explicit_operator_restart,forecast_signal,False,NGZ3@2023-11-28
2023-11-13 00:00:00+00:00,2023-11-13 00:00:00+00:00,NGZ3@2023-11-28,65d820ac90c6b0caa024,-1.0,False,True,0.0,0.0,0.0,0.0,0.0,0.0,0.0,0.0,97480.0,100000.0,0.0,0.0252,killed,daily_loss_limit,risk_killed_until_explicit_operator_restart,forecast_signal,False,NGZ3@2023-11-28
2023-11-14 00:00:00+00:00,2023-11-14 00:00:00+00:00,NGZ3@2023-11-28,f6ce5cbf7a1c45ba1df6,-1.0,False,True,0.0,0.0,0.0,0.0,0.0,0.0,-0.0,-0.0,97480.0,100000.0,0.0,0.0252,killed,daily_loss_limit,risk_killed_until_explicit_operator_restart,forecast_signal,False,NGZ3@2023-11-28
2023-11-15 00:00:00+00:00,2023-11-15 00:00:00+00:00,NGZ3@2023-11-28,dd4b81cb97ef0f1e8fba,-1.0,False,True,0.0,0.0,0.0,0.0,0.0,0.0,0.0,0.0,97480.0,100000.0,0.0,0.0252,killed,daily_loss_limit,risk_killed_until_explicit_operator_restart,forecast_signal,False,NGZ3@2023-11-28
2023-11-16 00:00:00+00:00,2023-11-16 00:00:00+00:00,NGZ3@2023-11-28,fd743cbddd440050f1ce,-1.0,False,True,0.0,0.0,0.0,0.0,0.0,0.0,-0.0,-0.0,97480.0,100000.0,0.0,0.0252,killed,daily_loss_limit,risk_killed_until_explicit_operator_restart,forecast_signal,False,NGZ3@2023-11-28
2023-11-17 00:00:00+00:00,2023-11-17 00:00:00+00:00,NGZ3@2023-11-28,7bb137f7208817ec62eb,-1.0,False,True,0.0,0.0,0.0,0.0,0.0,0.0,-0.0,-0.0,97480.0,100000.0,0.0,0.0252,killed,daily_loss_limit,risk_killed_until_explicit_operator_restart,forecast_signal,False,NGZ3@2023-11-28
2023-11-19 00:00:00+00:00,2023-11-19 00:00:00+00:00,NGZ3@2023-11-28,4f0c13f7f08968c106a5,-1.0,False,True,0.0,0.0,0.0,0.0,0.0,0.0,-0.0,-0.0,97480.0,100000.0,0.0,0.0252,killed,daily_loss_limit,risk_killed_until_explicit_operator_restart,forecast_signal,False,NGZ3@2023-11-28
2023-11-20 00:00:00+00:00,2023-11-20 00:00:00+00:00,NGZ3@2023-11-28,4f0c13f7f08968c106a5,-1.0,False,True,0.0,0.0,0.0,0.0,0.0,0.0,-0.0,-0.0,97480.0,100000.0,0.0,0.0252,killed,daily_loss_limit,risk_killed_until_explicit_operator_restart,forecast_signal,False,NGZ3@2023-11-28
2023-11-21 00:00:00+00:00,2023-11-21 00:00:00+00:00,NGZ3@2023-11-28,977489712596848c9e5b,-1.0,False,True,0.0,0.0,0.0,0.0,0.0,0.0,-0.0,-0.0,97480.0,100000.0,0.0,0.0252,killed,daily_loss_limit,risk_killed_until_explicit_operator_restart,forecast_signal,False,NGZ3@2023-11-28
2023-11-22 00:00:00+00:00,2023-11-22 00:00:00+00:00,NGZ3@2023-11-28,149d607932ffdde6b8d1,-1.0,False,True,0.0,0.0,0.0,0.0,0.0,0.0,0.0,0.0,97480.0,100000.0,0.0,0.0252,killed,daily_loss_limit,risk_killed_until_explicit_operator_restart,forecast_signal,False,NGZ3@2023-11-28
2023-11-23 00:00:00+00:00,2023-11-23 00:00:00+00:00,NGZ3@2023-11-28,6b7bfc2a7bb877bc6177,-1.0,False,True,0.0,0.0,0.0,0.0,0.0,0.0,0.0,0.0,97480.0,100000.0,0.0,0.0252,killed,daily_loss_limit,risk_killed_until_explicit_operator_restart,forecast_signal,False,NGZ3@2023-11-28
2023-11-24 00:00:00+00:00,2023-11-24 00:00:00+00:00,NGZ3@2023-11-28,6b7bfc2a7bb877bc6177,-1.0,False,True,0.0,0.0,0.0,0.0,0.0,0.0,-0.0,-0.0,97480.0,100000.0,0.0,0.0252,killed,daily_loss_limit,risk_killed_until_explicit_operator_restart,forecast_signal,False,NGF4@2023-12-27
2023-11-26 00:00:00+00:00,2023-11-26 00:00:00+00:00,NGF4@2023-12-27,157a03d30cade55643c0,-1.0,False,True,0.0,0.0,0.0,0.0,0.0,0.0,0.0,0.0,97480.0,100000.0,0.0,0.0252,killed,daily_loss_limit,risk_killed_until_explicit_operator_restart,forecast_signal,False,NGF4@2023-12-27
2023-11-27 00:00:00+00:00,2023-11-27 00:00:00+00:00,NGF4@2023-12-27,157a03d30cade55643c0,-1.0,False,True,0.0,0.0,0.0,0.0,0.0,0.0,0.0,0.0,97480.0,100000.0,0.0,0.0252,killed,daily_loss_limit,risk_killed_until_explicit_operator_restart,forecast_signal,False,NGF4@2023-12-27
2023-11-28 00:00:00+00:00,2023-11-28 00:00:00+00:00,NGF4@2023-12-27,8f00dfcfbc3d1ca916c5,-1.0,False,True,0.0,0.0,0.0,0.0,0.0,0.0,-0.0,-0.0,97480.0,100000.0,0.0,0.0252,killed,daily_loss_limit,risk_killed_until_explicit_operator_restart,forecast_signal,False,NGF4@2023-12-27
2023-11-29 00:00:00+00:00,2023-11-29 00:00:00+00:00,NGF4@2023-12-27,4572386e7bb9365b88ca,-1.0,False,True,0.0,0.0,0.0,0.0,0.0,0.0,-0.0,-0.0,97480.0,100000.0,0.0,0.0252,killed,daily_loss_limit,risk_killed_until_explicit_operator_restart,forecast_signal,False,NGF4@2023-12-27
2023-11-30 00:00:00+00:00,2023-11-30 00:00:00+00:00,NGF4@2023-12-27,7b6e0e34cd6c68c6544f,1.0,False,True,0.0,0.0,0.0,0.0,0.0,0.0,0.0,0.0,97480.0,100000.0,0.0,0.0252,killed,daily_loss_limit,risk_killed_until_explicit_operator_restart,forecast_signal,False,NGF4@2023-12-27
2023-12-01 00:00:00+00:00,2023-12-01 00:00:00+00:00,NGF4@2023-12-27,16963b7f1279ff7ecda7,1.0,False,True,0.0,0.0,0.0,0.0,0.0,0.0,-0.0,-0.0,97480.0,100000.0,0.0,0.0252,killed,daily_loss_limit,risk_killed_until_explicit_operator_restart,forecast_signal,False,NGF4@2023-12-27
2023-12-03 00:00:00+00:00,2023-12-03 00:00:00+00:00,NGF4@2023-12-27,ea2fcbd1fd66f560c4b1,1.0,False,True,0.0,0.0,0.0,0.0,0.0,0.0,-0.0,-0.0,97480.0,100000.0,0.0,0.0252,killed,daily_loss_limit,risk_killed_until_explicit_operator_restart,forecast_signal,False,NGF4@2023-12-27
2023-12-04 00:00:00+00:00,2023-12-04 00:00:00+00:00,NGF4@2023-12-27,ea2fcbd1fd66f560c4b1,1.0,False,True,0.0,0.0,0.0,0.0,0.0,0.0,-0.0,-0.0,97480.0,100000.0,0.0,0.0252,killed,daily_loss_limit,risk_killed_until_explicit_operator_restart,forecast_signal,False,NGF4@2023-12-27
2023-12-05 00:00:00+00:00,2023-12-05 00:00:00+00:00,NGF4@2023-12-27,fb59d0d46d4c271a3906,-1.0,False,True,0.0,0.0,0.0,0.0,0.0,0.0,-0.0,-0.0,97480.0,100000.0,0.0,0.0252,killed,daily_loss_limit,risk_killed_until_explicit_operator_restart,forecast_signal,False,NGF4@2023-12-27
2023-12-06 00:00:00+00:00,2023-12-06 00:00:00+00:00,NGF4@2023-12-27,41b63167f4f32a9016dd,1.0,False,True,0.0,0.0,0.0,0.0,0.0,0.0,-0.0,-0.0,97480.0,100000.0,0.0,0.0252,killed,daily_loss_limit,risk_killed_until_explicit_operator_restart,forecast_signal,False,NGF4@2023-12-27
2023-12-07 00:00:00+00:00,2023-12-07 00:00:00+00:00,NGF4@2023-12-27,28b4b6c9df43b0279890,-1.0,False,True,0.0,0.0,0.0,0.0,0.0,0.0,-0.0,-0.0,97480.0,100000.0,0.0,0.0252,killed,daily_loss_limit,risk_killed_until_explicit_operator_restart,forecast_signal,False,NGF4@2023-12-27
2023-12-08 00:00:00+00:00,2023-12-08 00:00:00+00:00,NGF4@2023-12-27,037fcdefa76d5e42130b,1.0,False,True,0.0,0.0,0.0,0.0,0.0,0.0,-0.0,-0.0,97480.0,100000.0,0.0,0.0252,killed,daily_loss_limit,risk_killed_until_explicit_operator_restart,forecast_signal,False,NGF4@2023-12-27
2023-12-10 00:00:00+00:00,2023-12-10 00:00:00+00:00,NGF4@2023-12-27,c738ec2bd9884cce63a5,1.0,False,True,0.0,0.0,0.0,0.0,0.0,0.0,-0.0,-0.0,97480.0,100000.0,0.0,0.0252,killed,daily_loss_limit,risk_killed_until_explicit_operator_restart,forecast_signal,False,NGF4@2023-12-27
2023-12-11 00:00:00+00:00,2023-12-11 00:00:00+00:00,NGF4@2023-12-27,c738ec2bd9884cce63a5,1.0,False,True,0.0,0.0,0.0,0.0,0.0,0.0,-0.0,-0.0,97480.0,100000.0,0.0,0.0252,killed,daily_loss_limit,risk_killed_until_explicit_operator_restart,forecast_signal,False,NGF4@2023-12-27
2023-12-12 00:00:00+00:00,2023-12-12 00:00:00+00:00,NGF4@2023-12-27,dd5dcdb2e28ee1d676af,0.0,True,True,0.0,0.0,0.0,0.0,0.0,0.0,-0.0,-0.0,97480.0,100000.0,0.0,0.0252,killed,daily_loss_limit,risk_killed_until_explicit_operator_restart,predicted_gross_pnl_not_above_round_trip_cost,False,NGF4@2023-12-27
2023-12-13 00:00:00+00:00,2023-12-13 00:00:00+00:00,NGF4@2023-12-27,de5cebc596550789d0a2,1.0,False,True,0.0,0.0,0.0,0.0,0.0,0.0,0.0,0.0,97480.0,100000.0,0.0,0.0252,killed,daily_loss_limit,risk_killed_until_explicit_operator_restart,forecast_signal,False,NGF4@2023-12-27
2023-12-14 00:00:00+00:00,2023-12-14 00:00:00+00:00,NGF4@2023-12-27,d6fc81cca16be96f058b,1.0,False,True,0.0,0.0,0.0,0.0,0.0,0.0,0.0,0.0,97480.0,100000.0,0.0,0.0252,killed,daily_loss_limit,risk_killed_until_explicit_operator_restart,forecast_signal,False,NGF4@2023-12-27
2023-12-15 00:00:00+00:00,2023-12-15 00:00:00+00:00,NGF4@2023-12-27,00062bd2d61d7bae0012,1.0,False,True,0.0,0.0,0.0,0.0,0.0,0.0,0.0,0.0,97480.0,100000.0,0.0,0.0252,killed,daily_loss_limit,risk_killed_until_explicit_operator_restart,forecast_signal,False,NGF4@2023-12-27
2023-12-17 00:00:00+00:00,2023-12-17 00:00:00+00:00,NGF4@2023-12-27,db158e0f56c0cd9c89f2,1.0,False,True,0.0,0.0,0.0,0.0,0.0,0.0,0.0,0.0,97480.0,100000.0,0.0,0.0252,killed,daily_loss_limit,risk_killed_until_explicit_operator_restart,forecast_signal,False,NGF4@2023-12-27
2023-12-18 00:00:00+00:00,2023-12-18 00:00:00+00:00,NGF4@2023-12-27,db158e0f56c0cd9c89f2,1.0,False,True,0.0,0.0,0.0,0.0,0.0,0.0,0.0,0.0,97480.0,100000.0,0.0,0.0252,killed,daily_loss_limit,risk_killed_until_explicit_operator_restart,forecast_signal,False,NGF4@2023-12-27
2023-12-19 00:00:00+00:00,2023-12-19 00:00:00+00:00,NGF4@2023-12-27,3a4ac004307ee7957d01,-1.0,False,True,0.0,0.0,0.0,0.0,0.0,0.0,0.0,0.0,97480.0,100000.0,0.0,0.0252,killed,daily_loss_limit,risk_killed_until_explicit_operator_restart,forecast_signal,False,NGF4@2023-12-27
2023-12-20 00:00:00+00:00,2023-12-20 00:00:00+00:00,NGF4@2023-12-27,d9e6d07eb5fb8d31e4fa,-1.0,False,True,0.0,0.0,0.0,0.0,0.0,0.0,-0.0,-0.0,97480.0,100000.0,0.0,0.0252,killed,daily_loss_limit,risk_killed_until_explicit_operator_restart,forecast_signal,False,NGF4@2023-12-27
2023-12-21 00:00:00+00:00,2023-12-21 00:00:00+00:00,NGF4@2023-12-27,d9e6d07eb5fb8d31e4fa,-1.0,False,True,0.0,0.0,0.0,0.0,0.0,0.0,0.0,0.0,97480.0,100000.0,0.0,0.0252,killed,daily_loss_limit,risk_killed_until_explicit_operator_restart,forecast_signal,False,NGF4@2023-12-27
2023-12-22 00:00:00+00:00,2023-12-22 00:00:00+00:00,NGF4@2023-12-27,d9e6d07eb5fb8d31e4fa,-1.0,False,True,0.0,0.0,0.0,0.0,0.0,0.0,-0.0,-0.0,97480.0,100000.0,0.0,0.0252,killed,daily_loss_limit,risk_killed_until_explicit_operator_restart,forecast_signal,False,NGF4@2023-12-27
2023-12-25 00:00:00+00:00,2023-12-25 00:00:00+00:00,NGF4@2023-12-27,d9e6d07eb5fb8d31e4fa,-1.0,False,True,0.0,0.0,0.0,0.0,0.0,0.0,-0.0,-0.0,97480.0,100000.0,0.0,0.0252,killed,daily_loss_limit,risk_killed_until_explicit_operator_restart,forecast_signal,False,NGF4@2023-12-27
2023-12-26 00:00:00+00:00,2023-12-26 00:00:00+00:00,NGF4@2023-12-27,d9e6d07eb5fb8d31e4fa,-1.0,False,True,0.0,0.0,0.0,0.0,0.0,0.0,0.0,0.0,97480.0,100000.0,0.0,0.0252,killed,daily_loss_limit,risk_killed_until_explicit_operator_restart,forecast_signal,False,NGF4@2023-12-27
2023-12-27 00:00:00+00:00,2023-12-27 00:00:00+00:00,NGF4@2023-12-27,,0.0,True,True,0.0,0.0,0.0,0.0,0.0,0.0,0.0,0.0,97480.0,100000.0,0.0,0.0252,killed,daily_loss_limit,risk_killed_until_explicit_operator_restart,forecast_horizon_expired,False,
2023-12-28 00:00:00+00:00,2023-12-28 00:00:00+00:00,NGG4@2024-01-29,,0.0,True,True,0.0,0.0,0.0,0.0,0.0,0.0,0.0,0.0,97480.0,100000.0,0.0,0.0252,killed,daily_loss_limit,risk_killed_until_explicit_operator_restart,forecast_horizon_expired,False,NGG4@2024-01-29
2023-12-29 00:00:00+00:00,2023-12-29 00:00:00+00:00,NGG4@2024-01-29,,0.0,True,True,0.0,0.0,0.0,0.0,0.0,0.0,0.0,0.0,97480.0,100000.0,0.0,0.0252,killed,daily_loss_limit,risk_killed_until_explicit_operator_restart,forecast_horizon_expired,False,NGG4@2024-01-29
2024-01-01 00:00:00+00:00,2024-01-01 00:00:00+00:00,NGG4@2024-01-29,5411d81add48869cdf31,-1.0,False,True,0.0,0.0,0.0,0.0,0.0,0.0,0.0,0.0,97480.0,100000.0,0.0,0.0252,killed,daily_loss_limit,risk_killed_until_explicit_operator_restart,forecast_signal,False,NGG4@2024-01-29
2024-01-02 00:00:00+00:00,2024-01-02 00:00:00+00:00,NGG4@2024-01-29,5411d81add48869cdf31,-1.0,False,True,0.0,0.0,0.0,0.0,0.0,0.0,-0.0,-0.0,97480.0,100000.0,0.0,0.0252,killed,daily_loss_limit,risk_killed_until_explicit_operator_restart,forecast_signal,False,NGG4@2024-01-29
2024-01-03 00:00:00+00:00,2024-01-03 00:00:00+00:00,NGG4@2024-01-29,5411d81add48869cdf31,-1.0,False,True,0.0,0.0,0.0,0.0,0.0,0.0,0.0,0.0,97480.0,100000.0,0.0,0.0252,killed,daily_loss_limit,risk_killed_until_explicit_operator_restart,forecast_signal,False,NGG4@2024-01-29
2024-01-04 00:00:00+00:00,2024-01-04 00:00:00+00:00,NGG4@2024-01-29,842addacbf42faf90fcd,-1.0,False,True,0.0,0.0,0.0,0.0,0.0,0.0,0.0,0.0,97480.0,100000.0,0.0,0.0252,killed,daily_loss_limit,risk_killed_until_explicit_operator_restart,forecast_signal,False,NGG4@2024-01-29
2024-01-05 00:00:00+00:00,2024-01-05 00:00:00+00:00,NGG4@2024-01-29,69de061e4860b2f64a05,-1.0,False,True,0.0,0.0,0.0,0.0,0.0,0.0,0.0,0.0,97480.0,100000.0,0.0,0.0252,killed,daily_loss_limit,risk_killed_until_explicit_operator_restart,forecast_signal,False,NGG4@2024-01-29
2024-01-07 00:00:00+00:00,2024-01-07 00:00:00+00:00,NGG4@2024-01-29,a8a0c35e4ceb1a1ed00e,-1.0,False,True,0.0,0.0,0.0,0.0,0.0,0.0,-0.0,-0.0,97480.0,100000.0,0.0,0.0252,killed,daily_loss_limit,risk_killed_until_explicit_operator_restart,forecast_signal,False,NGG4@2024-01-29
2024-01-08 00:00:00+00:00,2024-01-08 00:00:00+00:00,NGG4@2024-01-29,a8a0c35e4ceb1a1ed00e,-1.0,False,True,0.0,0.0,0.0,0.0,0.0,0.0,0.0,0.0,97480.0,100000.0,0.0,0.0252,killed,daily_loss_limit,risk_killed_until_explicit_operator_restart,forecast_signal,False,NGG4@2024-01-29
2024-01-09 00:00:00+00:00,2024-01-09 00:00:00+00:00,NGG4@2024-01-29,cceba06af6929f876e6f,-1.0,False,True,0.0,0.0,0.0,0.0,0.0,0.0,0.0,0.0,97480.0,100000.0,0.0,0.0252,killed,daily_loss_limit,risk_killed_until_explicit_operator_restart,forecast_signal,False,NGG4@2024-01-29
2024-01-10 00:00:00+00:00,2024-01-10 00:00:00+00:00,NGG4@2024-01-29,0c66ea638e6390083c49,-1.0,False,True,0.0,0.0,0.0,0.0,0.0,0.0,-0.0,-0.0,97480.0,100000.0,0.0,0.0252,killed,daily_loss_limit,risk_killed_until_explicit_operator_restart,forecast_signal,False,NGG4@2024-01-29
2024-01-11 00:00:00+00:00,2024-01-11 00:00:00+00:00,NGG4@2024-01-29,5ec5304d6b0668a58933,-1.0,False,True,0.0,0.0,0.0,0.0,0.0,0.0,0.0,0.0,97480.0,100000.0,0.0,0.0252,killed,daily_loss_limit,risk_killed_until_explicit_operator_restart,forecast_signal,False,NGG4@2024-01-29
2024-01-12 00:00:00+00:00,2024-01-12 00:00:00+00:00,NGG4@2024-01-29,168c2ed549f5c68bc727,-1.0,False,True,0.0,0.0,0.0,0.0,0.0,0.0,-0.0,-0.0,97480.0,100000.0,0.0,0.0252,killed,daily_loss_limit,risk_killed_until_explicit_operator_restart,forecast_signal,False,NGG4@2024-01-29
2024-01-14 00:00:00+00:00,2024-01-14 00:00:00+00:00,NGG4@2024-01-29,ef97f3e5d5d50de8ce59,-1.0,False,True,0.0,0.0,0.0,0.0,0.0,0.0,-0.0,-0.0,97480.0,100000.0,0.0,0.0252,killed,daily_loss_limit,risk_killed_until_explicit_operator_restart,forecast_signal,False,NGG4@2024-01-29
2024-01-15 00:00:00+00:00,2024-01-15 00:00:00+00:00,NGG4@2024-01-29,ef97f3e5d5d50de8ce59,-1.0,False,True,0.0,0.0,0.0,0.0,0.0,0.0,-0.0,-0.0,97480.0,100000.0,0.0,0.0252,killed,daily_loss_limit,risk_killed_until_explicit_operator_restart,forecast_signal,False,NGG4@2024-01-29
2024-01-16 00:00:00+00:00,2024-01-16 00:00:00+00:00,NGG4@2024-01-29,ef97f3e5d5d50de8ce59,-1.0,False,True,0.0,0.0,0.0,0.0,0.0,0.0,-0.0,-0.0,97480.0,100000.0,0.0,0.0252,killed,daily_loss_limit,risk_killed_until_explicit_operator_restart,forecast_signal,False,NGG4@2024-01-29
2024-01-17 00:00:00+00:00,2024-01-17 00:00:00+00:00,NGG4@2024-01-29,d07ae0a3457ab5a028d3,-1.0,False,True,0.0,0.0,0.0,0.0,0.0,0.0,0.0,0.0,97480.0,100000.0,0.0,0.0252,killed,daily_loss_limit,risk_killed_until_explicit_operator_restart,forecast_signal,False,NGG4@2024-01-29
2024-01-18 00:00:00+00:00,2024-01-18 00:00:00+00:00,NGG4@2024-01-29,724817621dfd982a6f2e,-1.0,False,True,0.0,0.0,0.0,0.0,0.0,0.0,-0.0,-0.0,97480.0,100000.0,0.0,0.0252,killed,daily_loss_limit,risk_killed_until_explicit_operator_restart,forecast_signal,False,NGG4@2024-01-29
2024-01-19 00:00:00+00:00,2024-01-19 00:00:00+00:00,NGG4@2024-01-29,7c0852fe98af04fe3c7d,-1.0,False,True,0.0,0.0,0.0,0.0,0.0,0.0,-0.0,-0.0,97480.0,100000.0,0.0,0.0252,killed,daily_loss_limit,risk_killed_until_explicit_operator_restart,forecast_signal,False,NGG4@2024-01-29
2024-01-21 00:00:00+00:00,2024-01-21 00:00:00+00:00,NGG4@2024-01-29,84321586a8726edc1a2f,-1.0,False,True,0.0,0.0,0.0,0.0,0.0,0.0,-0.0,-0.0,97480.0,100000.0,0.0,0.0252,killed,daily_loss_limit,risk_killed_until_explicit_operator_restart,forecast_signal,False,NGG4@2024-01-29
2024-01-22 00:00:00+00:00,2024-01-22 00:00:00+00:00,NGG4@2024-01-29,84321586a8726edc1a2f,-1.0,False,True,0.0,0.0,0.0,0.0,0.0,0.0,0.0,0.0,97480.0,100000.0,0.0,0.0252,killed,daily_loss_limit,risk_killed_until_explicit_operator_restart,forecast_signal,False,NGG4@2024-01-29
2024-01-23 00:00:00+00:00,2024-01-23 00:00:00+00:00,NGG4@2024-01-29,14d75f6de0b80b42f4fd,-1.0,False,True,0.0,0.0,0.0,0.0,0.0,0.0,0.0,0.0,97480.0,100000.0,0.0,0.0252,killed,daily_loss_limit,risk_killed_until_explicit_operator_restart,forecast_signal,False,NGG4@2024-01-29
2024-01-24 00:00:00+00:00,2024-01-24 00:00:00+00:00,NGG4@2024-01-29,301d9b6f0250881bb96a,1.0,False,True,0.0,0.0,0.0,0.0,0.0,0.0,0.0,0.0,97480.0,100000.0,0.0,0.0252,killed,daily_loss_limit,risk_killed_until_explicit_operator_restart,forecast_signal,False,NGH4@2024-02-27
2024-01-25 00:00:00+00:00,2024-01-25 00:00:00+00:00,NGH4@2024-02-27,4302cf881cccb8c2730e,1.0,False,True,0.0,0.0,0.0,0.0,0.0,0.0,-0.0,-0.0,97480.0,100000.0,0.0,0.0252,killed,daily_loss_limit,risk_killed_until_explicit_operator_restart,forecast_signal,False,NGH4@2024-02-27
2024-01-26 00:00:00+00:00,2024-01-26 00:00:00+00:00,NGH4@2024-02-27,9c61445244931355688d,-1.0,False,True,0.0,0.0,0.0,0.0,0.0,0.0,-0.0,-0.0,97480.0,100000.0,0.0,0.0252,killed,daily_loss_limit,risk_killed_until_explicit_operator_restart,forecast_signal,False,NGH4@2024-02-27
2024-01-28 00:00:00+00:00,2024-01-28 00:00:00+00:00,NGH4@2024-02-27,74b4efaac3f617291e4f,0.0,True,True,0.0,0.0,0.0,0.0,0.0,0.0,-0.0,-0.0,97480.0,100000.0,0.0,0.0252,killed,daily_loss_limit,risk_killed_until_explicit_operator_restart,predicted_gross_pnl_not_above_round_trip_cost,False,NGH4@2024-02-27
2024-01-29 00:00:00+00:00,2024-01-29 00:00:00+00:00,NGH4@2024-02-27,74b4efaac3f617291e4f,0.0,True,True,0.0,0.0,0.0,0.0,0.0,0.0,-0.0,-0.0,97480.0,100000.0,0.0,0.0252,killed,daily_loss_limit,risk_killed_until_explicit_operator_restart,predicted_gross_pnl_not_above_round_trip_cost,False,NGH4@2024-02-27
2024-01-30 00:00:00+00:00,2024-01-30 00:00:00+00:00,NGH4@2024-02-27,aec778a8d083b14cf662,-1.0,False,True,0.0,0.0,0.0,0.0,0.0,0.0,0.0,0.0,97480.0,100000.0,0.0,0.0252,killed,daily_loss_limit,risk_killed_until_explicit_operator_restart,forecast_signal,False,NGH4@2024-02-27
2024-01-31 00:00:00+00:00,2024-01-31 00:00:00+00:00,NGH4@2024-02-27,93bc82d0bfeb47ab60d6,1.0,False,True,0.0,0.0,0.0,0.0,0.0,0.0,0.0,0.0,97480.0,100000.0,0.0,0.0252,killed,daily_loss_limit,risk_killed_until_explicit_operator_restart,forecast_signal,False,NGH4@2024-02-27
2024-02-01 00:00:00+00:00,2024-02-01 00:00:00+00:00,NGH4@2024-02-27,640c5ea8eb020d86c3be,1.0,False,True,0.0,0.0,0.0,0.0,0.0,0.0,-0.0,-0.0,97480.0,100000.0,0.0,0.0252,killed,daily_loss_limit,risk_killed_until_explicit_operator_restart,forecast_signal,False,NGH4@2024-02-27
2024-02-02 00:00:00+00:00,2024-02-02 00:00:00+00:00,NGH4@2024-02-27,00553e6b5ba12fead72d,-1.0,False,True,0.0,0.0,0.0,0.0,0.0,0.0,0.0,0.0,97480.0,100000.0,0.0,0.0252,killed,daily_loss_limit,risk_killed_until_explicit_operator_restart,forecast_signal,False,NGH4@2024-02-27
2024-02-04 00:00:00+00:00,2024-02-04 00:00:00+00:00,NGH4@2024-02-27,119b93d15eed18d4482c,1.0,False,True,0.0,0.0,0.0,0.0,0.0,0.0,0.0,0.0,97480.0,100000.0,0.0,0.0252,killed,daily_loss_limit,risk_killed_until_explicit_operator_restart,forecast_signal,False,NGH4@2024-02-27
2024-02-05 00:00:00+00:00,2024-02-05 00:00:00+00:00,NGH4@2024-02-27,119b93d15eed18d4482c,1.0,False,True,0.0,0.0,0.0,0.0,0.0,0.0,-0.0,-0.0,97480.0,100000.0,0.0,0.0252,killed,daily_loss_limit,risk_killed_until_explicit_operator_restart,forecast_signal,False,NGH4@2024-02-27
2024-02-06 00:00:00+00:00,2024-02-06 00:00:00+00:00,NGH4@2024-02-27,db9b1e1e41c131e6e022,-1.0,False,True,0.0,0.0,0.0,0.0,0.0,0.0,-0.0,-0.0,97480.0,100000.0,0.0,0.0252,killed,daily_loss_limit,risk_killed_until_explicit_operator_restart,forecast_signal,False,NGH4@2024-02-27
2024-02-07 00:00:00+00:00,2024-02-07 00:00:00+00:00,NGH4@2024-02-27,85657994596ec5b0e3f1,-1.0,False,True,0.0,0.0,0.0,0.0,0.0,0.0,-0.0,-0.0,97480.0,100000.0,0.0,0.0252,killed,daily_loss_limit,risk_killed_until_explicit_operator_restart,forecast_signal,False,NGH4@2024-02-27
2024-02-08 00:00:00+00:00,2024-02-08 00:00:00+00:00,NGH4@2024-02-27,ef96bc6fb6b986a4aef5,-1.0,False,True,0.0,0.0,0.0,0.0,0.0,0.0,-0.0,-0.0,97480.0,100000.0,0.0,0.0252,killed,daily_loss_limit,risk_killed_until_explicit_operator_restart,forecast_signal,False,NGH4@2024-02-27
2024-02-09 00:00:00+00:00,2024-02-09 00:00:00+00:00,NGH4@2024-02-27,f91e7d7fceca98fe1b8d,-1.0,False,True,0.0,0.0,0.0,0.0,0.0,0.0,-0.0,-0.0,97480.0,100000.0,0.0,0.0252,killed,daily_loss_limit,risk_killed_until_explicit_operator_restart,forecast_signal,False,NGH4@2024-02-27
2024-02-11 00:00:00+00:00,2024-02-11 00:00:00+00:00,NGH4@2024-02-27,1686bbf9ba48781b2a2c,1.0,False,True,0.0,0.0,0.0,0.0,0.0,0.0,-0.0,-0.0,97480.0,100000.0,0.0,0.0252,killed,daily_loss_limit,risk_killed_until_explicit_operator_restart,forecast_signal,False,NGH4@2024-02-27
2024-02-12 00:00:00+00:00,2024-02-12 00:00:00+00:00,NGH4@2024-02-27,1686bbf9ba48781b2a2c,1.0,False,True,0.0,0.0,0.0,0.0,0.0,0.0,-0.0,-0.0,97480.0,100000.0,0.0,0.0252,killed,daily_loss_limit,risk_killed_until_explicit_operator_restart,forecast_signal,False,NGH4@2024-02-27
2024-02-13 00:00:00+00:00,2024-02-13 00:00:00+00:00,NGH4@2024-02-27,38d4f476bfa4211d90c4,1.0,False,True,0.0,0.0,0.0,0.0,0.0,0.0,-0.0,-0.0,97480.0,100000.0,0.0,0.0252,killed,daily_loss_limit,risk_killed_until_explicit_operator_restart,forecast_signal,False,NGH4@2024-02-27
2024-02-14 00:00:00+00:00,2024-02-14 00:00:00+00:00,NGH4@2024-02-27,005cf6f38a91e9852f37,1.0,False,True,0.0,0.0,0.0,0.0,0.0,0.0,-0.0,-0.0,97480.0,100000.0,0.0,0.0252,killed,daily_loss_limit,risk_killed_until_explicit_operator_restart,forecast_signal,False,NGH4@2024-02-27
2024-02-15 00:00:00+00:00,2024-02-15 00:00:00+00:00,NGH4@2024-02-27,2a70053d487d97594f37,1.0,False,True,0.0,0.0,0.0,0.0,0.0,0.0,-0.0,-0.0,97480.0,100000.0,0.0,0.0252,killed,daily_loss_limit,risk_killed_until_explicit_operator_restart,forecast_signal,False,NGH4@2024-02-27
2024-02-16 00:00:00+00:00,2024-02-16 00:00:00+00:00,NGH4@2024-02-27,9e145cacef14aa06384e,1.0,False,True,0.0,0.0,0.0,0.0,0.0,0.0,-0.0,-0.0,97480.0,100000.0,0.0,0.0252,killed,daily_loss_limit,risk_killed_until_explicit_operator_restart,forecast_signal,False,NGH4@2024-02-27
2024-02-18 00:00:00+00:00,2024-02-18 00:00:00+00:00,NGH4@2024-02-27,cae9c64a48d1ca2ec233,1.0,False,True,0.0,0.0,0.0,0.0,0.0,0.0,0.0,0.0,97480.0,100000.0,0.0,0.0252,killed,daily_loss_limit,risk_killed_until_explicit_operator_restart,forecast_signal,False,NGH4@2024-02-27
2024-02-19 00:00:00+00:00,2024-02-19 00:00:00+00:00,NGH4@2024-02-27,cae9c64a48d1ca2ec233,1.0,False,True,0.0,0.0,0.0,0.0,0.0,0.0,0.0,0.0,97480.0,100000.0,0.0,0.0252,killed,daily_loss_limit,risk_killed_until_explicit_operator_restart,forecast_signal,False,NGH4@2024-02-27
2024-02-20 00:00:00+00:00,2024-02-20 00:00:00+00:00,NGH4@2024-02-27,cae9c64a48d1ca2ec233,1.0,False,True,0.0,0.0,0.0,0.0,0.0,0.0,0.0,0.0,97480.0,100000.0,0.0,0.0252,killed,daily_loss_limit,risk_killed_until_explicit_operator_restart,forecast_signal,False,NGH4@2024-02-27
2024-02-21 00:00:00+00:00,2024-02-21 00:00:00+00:00,NGH4@2024-02-27,e7e0bbf8459f34345f1a,1.0,False,True,0.0,0.0,0.0,0.0,0.0,0.0,0.0,0.0,97480.0,100000.0,0.0,0.0252,killed,daily_loss_limit,risk_killed_until_explicit_operator_restart,forecast_signal,False,NGH4@2024-02-27
2024-02-22 00:00:00+00:00,2024-02-22 00:00:00+00:00,NGH4@2024-02-27,2f63cdb318bc951da33c,1.0,False,True,0.0,0.0,0.0,0.0,0.0,0.0,-0.0,-0.0,97480.0,100000.0,0.0,0.0252,killed,daily_loss_limit,risk_killed_until_explicit_operator_restart,forecast_signal,False,NGH4@2024-02-27
2024-02-23 00:00:00+00:00,2024-02-23 00:00:00+00:00,NGH4@2024-02-27,df832dc3c636e74bb52e,-1.0,False,True,0.0,0.0,0.0,0.0,0.0,0.0,-0.0,-0.0,97480.0,100000.0,0.0,0.0252,killed,daily_loss_limit,risk_killed_until_explicit_operator_restart,forecast_signal,False,NGH4@2024-02-27
2024-02-25 00:00:00+00:00,2024-02-25 00:00:00+00:00,NGH4@2024-02-27,1ee9b892ab74f8a7133c,1.0,False,True,0.0,0.0,0.0,0.0,0.0,0.0,0.0,0.0,97480.0,100000.0,0.0,0.0252,killed,daily_loss_limit,risk_killed_until_explicit_operator_restart,forecast_signal,False,NGH4@2024-02-27
2024-02-26 00:00:00+00:00,2024-02-26 00:00:00+00:00,NGH4@2024-02-27,1ee9b892ab74f8a7133c,1.0,False,True,0.0,0.0,0.0,0.0,0.0,0.0,-0.0,-0.0,97480.0,100000.0,0.0,0.0252,killed,daily_loss_limit,risk_killed_until_explicit_operator_restart,forecast_signal,False,NGJ4@2024-03-26
2024-02-27 00:00:00+00:00,2024-02-27 00:00:00+00:00,NGJ4@2024-03-26,15accb5076f98dbfe0e0,-1.0,False,True,0.0,0.0,0.0,0.0,0.0,0.0,0.0,0.0,97480.0,100000.0,0.0,0.0252,killed,daily_loss_limit,risk_killed_until_explicit_operator_restart,forecast_signal,False,NGJ4@2024-03-26
2024-02-28 00:00:00+00:00,2024-02-28 00:00:00+00:00,NGJ4@2024-03-26,98e9782d19581185943b,-1.0,False,True,0.0,0.0,0.0,0.0,0.0,0.0,0.0,0.0,97480.0,100000.0,0.0,0.0252,killed,daily_loss_limit,risk_killed_until_explicit_operator_restart,forecast_signal,False,NGJ4@2024-03-26
2024-02-29 00:00:00+00:00,2024-02-29 00:00:00+00:00,NGJ4@2024-03-26,788513989935894afff7,-1.0,False,True,0.0,0.0,0.0,0.0,0.0,0.0,-0.0,-0.0,97480.0,100000.0,0.0,0.0252,killed,daily_loss_limit,risk_killed_until_explicit_operator_restart,forecast_signal,False,NGJ4@2024-03-26
2024-03-01 00:00:00+00:00,2024-03-01 00:00:00+00:00,NGJ4@2024-03-26,99333f720ee80ec135ea,-1.0,False,True,0.0,0.0,0.0,0.0,0.0,0.0,0.0,0.0,97480.0,100000.0,0.0,0.0252,killed,daily_loss_limit,risk_killed_until_explicit_operator_restart,forecast_signal,False,NGJ4@2024-03-26
2024-03-03 00:00:00+00:00,2024-03-03 00:00:00+00:00,NGJ4@2024-03-26,1f3c818afc143e6980cb,-1.0,False,True,0.0,0.0,0.0,0.0,0.0,0.0,0.0,0.0,97480.0,100000.0,0.0,0.0252,killed,daily_loss_limit,risk_killed_until_explicit_operator_restart,forecast_signal,False,NGJ4@2024-03-26
2024-03-04 00:00:00+00:00,2024-03-04 00:00:00+00:00,NGJ4@2024-03-26,1f3c818afc143e6980cb,-1.0,False,True,0.0,0.0,0.0,0.0,0.0,0.0,0.0,0.0,97480.0,100000.0,0.0,0.0252,killed,daily_loss_limit,risk_killed_until_explicit_operator_restart,forecast_signal,False,NGJ4@2024-03-26
2024-03-05 00:00:00+00:00,2024-03-05 00:00:00+00:00,NGJ4@2024-03-26,6a40f53bd23af4eec350,0.0,True,True,0.0,0.0,0.0,0.0,0.0,0.0,0.0,0.0,97480.0,100000.0,0.0,0.0252,killed,daily_loss_limit,risk_killed_until_explicit_operator_restart,predicted_gross_pnl_not_above_round_trip_cost,False,NGJ4@2024-03-26
2024-03-06 00:00:00+00:00,2024-03-06 00:00:00+00:00,NGJ4@2024-03-26,c2f24fb49e594a365bed,0.0,True,True,0.0,0.0,0.0,0.0,0.0,0.0,-0.0,-0.0,97480.0,100000.0,0.0,0.0252,killed,daily_loss_limit,risk_killed_until_explicit_operator_restart,predicted_gross_pnl_not_above_round_trip_cost,False,NGJ4@2024-03-26
2024-03-07 00:00:00+00:00,2024-03-07 00:00:00+00:00,NGJ4@2024-03-26,41ebd24dcd7f35613094,0.0,True,True,0.0,0.0,0.0,0.0,0.0,0.0,-0.0,-0.0,97480.0,100000.0,0.0,0.0252,killed,daily_loss_limit,risk_killed_until_explicit_operator_restart,predicted_gross_pnl_not_above_round_trip_cost,False,NGJ4@2024-03-26
2024-03-08 00:00:00+00:00,2024-03-08 00:00:00+00:00,NGJ4@2024-03-26,9e76a96a1c1f22d9a770,0.0,True,True,0.0,0.0,0.0,0.0,0.0,0.0,0.0,0.0,97480.0,100000.0,0.0,0.0252,killed,daily_loss_limit,risk_killed_until_explicit_operator_restart,predicted_gross_pnl_not_above_round_trip_cost,False,NGJ4@2024-03-26
2024-03-10 00:00:00+00:00,2024-03-10 00:00:00+00:00,NGJ4@2024-03-26,1605e2fcbd24f93cd7fe,0.0,True,True,0.0,0.0,0.0,0.0,0.0,0.0,0.0,0.0,97480.0,100000.0,0.0,0.0252,killed,daily_loss_limit,risk_killed_until_explicit_operator_restart,predicted_gross_pnl_not_above_round_trip_cost,False,NGJ4@2024-03-26
2024-03-11 00:00:00+00:00,2024-03-11 00:00:00+00:00,NGJ4@2024-03-26,1605e2fcbd24f93cd7fe,0.0,True,True,0.0,0.0,0.0,0.0,0.0,0.0,-0.0,-0.0,97480.0,100000.0,0.0,0.0252,killed,daily_loss_limit,risk_killed_until_explicit_operator_restart,predicted_gross_pnl_not_above_round_trip_cost,False,NGJ4@2024-03-26
2024-03-12 00:00:00+00:00,2024-03-12 00:00:00+00:00,NGJ4@2024-03-26,e22246257a3ae79dcb86,0.0,True,True,0.0,0.0,0.0,0.0,0.0,0.0,-0.0,-0.0,97480.0,100000.0,0.0,0.0252,killed,daily_loss_limit,risk_killed_until_explicit_operator_restart,predicted_gross_pnl_not_above_round_trip_cost,False,NGJ4@2024-03-26
2024-03-13 00:00:00+00:00,2024-03-13 00:00:00+00:00,NGJ4@2024-03-26,89847b405520f68f684f,0.0,True,True,0.0,0.0,0.0,0.0,0.0,0.0,-0.0,-0.0,97480.0,100000.0,0.0,0.0252,killed,daily_loss_limit,risk_killed_until_explicit_operator_restart,predicted_gross_pnl_not_above_round_trip_cost,False,NGJ4@2024-03-26
2024-03-14 00:00:00+00:00,2024-03-14 00:00:00+00:00,NGJ4@2024-03-26,ddc5112f5bec77fef03b,1.0,False,True,0.0,0.0,0.0,0.0,0.0,0.0,0.0,0.0,97480.0,100000.0,0.0,0.0252,killed,daily_loss_limit,risk_killed_until_explicit_operator_restart,forecast_signal,False,NGJ4@2024-03-26
2024-03-15 00:00:00+00:00,2024-03-15 00:00:00+00:00,NGJ4@2024-03-26,52cf41704fab9a08ddc7,0.0,True,True,0.0,0.0,0.0,0.0,0.0,0.0,-0.0,-0.0,97480.0,100000.0,0.0,0.0252,killed,daily_loss_limit,risk_killed_until_explicit_operator_restart,predicted_gross_pnl_not_above_round_trip_cost,False,NGJ4@2024-03-26
2024-03-17 00:00:00+00:00,2024-03-17 00:00:00+00:00,NGJ4@2024-03-26,fd84ec26d1d4ab760021,-1.0,False,True,0.0,0.0,0.0,0.0,0.0,0.0,0.0,0.0,97480.0,100000.0,0.0,0.0252,killed,daily_loss_limit,risk_killed_until_explicit_operator_restart,forecast_signal,False,NGJ4@2024-03-26
2024-03-18 00:00:00+00:00,2024-03-18 00:00:00+00:00,NGJ4@2024-03-26,fd84ec26d1d4ab760021,-1.0,False,True,0.0,0.0,0.0,0.0,0.0,0.0,-0.0,-0.0,97480.0,100000.0,0.0,0.0252,killed,daily_loss_limit,risk_killed_until_explicit_operator_restart,forecast_signal,False,NGJ4@2024-03-26
2024-03-19 00:00:00+00:00,2024-03-19 00:00:00+00:00,NGJ4@2024-03-26,e99c98ab646d0699071a,1.0,False,True,0.0,0.0,0.0,0.0,0.0,0.0,0.0,0.0,97480.0,100000.0,0.0,0.0252,killed,daily_loss_limit,risk_killed_until_explicit_operator_restart,forecast_signal,False,NGJ4@2024-03-26
2024-03-20 00:00:00+00:00,2024-03-20 00:00:00+00:00,NGJ4@2024-03-26,941710e8db51fd596f65,0.0,True,True,0.0,0.0,0.0,0.0,0.0,0.0,-0.0,-0.0,97480.0,100000.0,0.0,0.0252,killed,daily_loss_limit,risk_killed_until_explicit_operator_restart,predicted_gross_pnl_not_above_round_trip_cost,False,NGJ4@2024-03-26
2024-03-21 00:00:00+00:00,2024-03-21 00:00:00+00:00,NGJ4@2024-03-26,ac4e2fe55309ed43dd57,0.0,True,True,0.0,0.0,0.0,0.0,0.0,0.0,-0.0,-0.0,97480.0,100000.0,0.0,0.0252,killed,daily_loss_limit,risk_killed_until_explicit_operator_restart,predicted_gross_pnl_not_above_round_trip_cost,False,NGJ4@2024-03-26
2024-03-22 00:00:00+00:00,2024-03-22 00:00:00+00:00,NGJ4@2024-03-26,59d9f591da1c930468a3,0.0,True,True,0.0,0.0,0.0,0.0,0.0,0.0,-0.0,-0.0,97480.0,100000.0,0.0,0.0252,killed,daily_loss_limit,risk_killed_until_explicit_operator_restart,predicted_gross_pnl_not_above_round_trip_cost,False,NGJ4@2024-03-26
2024-03-24 00:00:00+00:00,2024-03-24 00:00:00+00:00,NGJ4@2024-03-26,83e0a69487854fbbb113,0.0,True,True,0.0,0.0,0.0,0.0,0.0,0.0,-0.0,-0.0,97480.0,100000.0,0.0,0.0252,killed,daily_loss_limit,risk_killed_until_explicit_operator_restart,predicted_gross_pnl_not_above_round_trip_cost,False,NGJ4@2024-03-26
2024-03-25 00:00:00+00:00,2024-03-25 00:00:00+00:00,NGJ4@2024-03-26,83e0a69487854fbbb113,0.0,True,True,0.0,0.0,0.0,0.0,0.0,0.0,-0.0,-0.0,97480.0,100000.0,0.0,0.0252,killed,daily_loss_limit,risk_killed_until_explicit_operator_restart,predicted_gross_pnl_not_above_round_trip_cost,False,NGK4@2024-04-26
2024-03-26 00:00:00+00:00,2024-03-26 00:00:00+00:00,NGK4@2024-04-26,0baabc578ef5bccf5729,0.0,True,True,0.0,0.0,0.0,0.0,0.0,0.0,-0.0,-0.0,97480.0,100000.0,0.0,0.0252,killed,daily_loss_limit,risk_killed_until_explicit_operator_restart,predicted_gross_pnl_not_above_round_trip_cost,False,NGK4@2024-04-26
2024-03-27 00:00:00+00:00,2024-03-27 00:00:00+00:00,NGK4@2024-04-26,e4108da2c90a472ebf7e,0.0,True,True,0.0,0.0,0.0,0.0,0.0,0.0,-0.0,-0.0,97480.0,100000.0,0.0,0.0252,killed,daily_loss_limit,risk_killed_until_explicit_operator_restart,predicted_gross_pnl_not_above_round_trip_cost,False,NGK4@2024-04-26
2024-03-28 00:00:00+00:00,2024-03-28 00:00:00+00:00,NGK4@2024-04-26,0e0dac6d0dd70b23ec53,0.0,True,True,0.0,0.0,0.0,0.0,0.0,0.0,0.0,0.0,97480.0,100000.0,0.0,0.0252,killed,daily_loss_limit,risk_killed_until_explicit_operator_restart,predicted_gross_pnl_not_above_round_trip_cost,False,NGK4@2024-04-26
2024-03-31 00:00:00+00:00,2024-03-31 00:00:00+00:00,NGK4@2024-04-26,c5e4d89b2d25814635b2,0.0,True,True,0.0,0.0,0.0,0.0,0.0,0.0,-0.0,-0.0,97480.0,100000.0,0.0,0.0252,killed,daily_loss_limit,risk_killed_until_explicit_operator_restart,predicted_gross_pnl_not_above_round_trip_cost,False,NGK4@2024-04-26
2024-04-01 00:00:00+00:00,2024-04-01 00:00:00+00:00,NGK4@2024-04-26,c5e4d89b2d25814635b2,0.0,True,True,0.0,0.0,0.0,0.0,0.0,0.0,0.0,0.0,97480.0,100000.0,0.0,0.0252,killed,daily_loss_limit,risk_killed_until_explicit_operator_restart,predicted_gross_pnl_not_above_round_trip_cost,False,NGK4@2024-04-26
2024-04-02 00:00:00+00:00,2024-04-02 00:00:00+00:00,NGK4@2024-04-26,8216fb1921e5254c60f7,0.0,True,True,0.0,0.0,0.0,0.0,0.0,0.0,0.0,0.0,97480.0,100000.0,0.0,0.0252,killed,daily_loss_limit,risk_killed_until_explicit_operator_restart,predicted_gross_pnl_not_above_round_trip_cost,False,NGK4@2024-04-26
2024-04-03 00:00:00+00:00,2024-04-03 00:00:00+00:00,NGK4@2024-04-26,f89e5cbb1f8322dd62b4,-1.0,False,True,0.0,0.0,0.0,0.0,0.0,0.0,-0.0,-0.0,97480.0,100000.0,0.0,0.0252,killed,daily_loss_limit,risk_killed_until_explicit_operator_restart,forecast_signal,False,NGK4@2024-04-26
2024-04-04 00:00:00+00:00,2024-04-04 00:00:00+00:00,NGK4@2024-04-26,06959981c0c6578e92e9,0.0,True,True,0.0,0.0,0.0,0.0,0.0,0.0,-0.0,-0.0,97480.0,100000.0,0.0,0.0252,killed,daily_loss_limit,risk_killed_until_explicit_operator_restart,predicted_gross_pnl_not_above_round_trip_cost,False,NGK4@2024-04-26
2024-04-05 00:00:00+00:00,2024-04-05 00:00:00+00:00,NGK4@2024-04-26,8c9c5f3488fef927af71,0.0,True,True,0.0,0.0,0.0,0.0,0.0,0.0,0.0,0.0,97480.0,100000.0,0.0,0.0252,killed,daily_loss_limit,risk_killed_until_explicit_operator_restart,predicted_gross_pnl_not_above_round_trip_cost,False,NGK4@2024-04-26
2024-04-07 00:00:00+00:00,2024-04-07 00:00:00+00:00,NGK4@2024-04-26,51000b551928723934d6,0.0,True,True,0.0,0.0,0.0,0.0,0.0,0.0,-0.0,-0.0,97480.0,100000.0,0.0,0.0252,killed,daily_loss_limit,risk_killed_until_explicit_operator_restart,predicted_gross_pnl_not_above_round_trip_cost,False,NGK4@2024-04-26
2024-04-08 00:00:00+00:00,2024-04-08 00:00:00+00:00,NGK4@2024-04-26,51000b551928723934d6,0.0,True,True,0.0,0.0,0.0,0.0,0.0,0.0,0.0,0.0,97480.0,100000.0,0.0,0.0252,killed,daily_loss_limit,risk_killed_until_explicit_operator_restart,predicted_gross_pnl_not_above_round_trip_cost,False,NGK4@2024-04-26
2024-04-09 00:00:00+00:00,2024-04-09 00:00:00+00:00,NGK4@2024-04-26,cf7ed8fd2911463d0c67,0.0,True,True,0.0,0.0,0.0,0.0,0.0,0.0,0.0,0.0,97480.0,100000.0,0.0,0.0252,killed,daily_loss_limit,risk_killed_until_explicit_operator_restart,predicted_gross_pnl_not_above_round_trip_cost,False,NGK4@2024-04-26
2024-04-10 00:00:00+00:00,2024-04-10 00:00:00+00:00,NGK4@2024-04-26,5b79b2f76c1dcdfdef69,0.0,True,True,0.0,0.0,0.0,0.0,0.0,0.0,-0.0,-0.0,97480.0,100000.0,0.0,0.0252,killed,daily_loss_limit,risk_killed_until_explicit_operator_restart,predicted_gross_pnl_not_above_round_trip_cost,False,NGK4@2024-04-26
2024-04-11 00:00:00+00:00,2024-04-11 00:00:00+00:00,NGK4@2024-04-26,1f1d3ee4db3b5d4bfa18,0.0,True,True,0.0,0.0,0.0,0.0,0.0,0.0,-0.0,-0.0,97480.0,100000.0,0.0,0.0252,killed,daily_loss_limit,risk_killed_until_explicit_operator_restart,predicted_gross_pnl_not_above_round_trip_cost,False,NGK4@2024-04-26
2024-04-12 00:00:00+00:00,2024-04-12 00:00:00+00:00,NGK4@2024-04-26,37336d399f1fd9c20fdd,0.0,True,True,0.0,0.0,0.0,0.0,0.0,0.0,0.0,0.0,97480.0,100000.0,0.0,0.0252,killed,daily_loss_limit,risk_killed_until_explicit_operator_restart,predicted_gross_pnl_not_above_round_trip_cost,False,NGK4@2024-04-26
2024-04-14 00:00:00+00:00,2024-04-14 00:00:00+00:00,NGK4@2024-04-26,5896595c8da8dc96c1b7,1.0,False,True,0.0,0.0,0.0,0.0,0.0,0.0,-0.0,-0.0,97480.0,100000.0,0.0,0.0252,killed,daily_loss_limit,risk_killed_until_explicit_operator_restart,forecast_signal,False,NGK4@2024-04-26
2024-04-15 00:00:00+00:00,2024-04-15 00:00:00+00:00,NGK4@2024-04-26,5896595c8da8dc96c1b7,1.0,False,True,0.0,0.0,0.0,0.0,0.0,0.0,-0.0,-0.0,97480.0,100000.0,0.0,0.0252,killed,daily_loss_limit,risk_killed_until_explicit_operator_restart,forecast_signal,False,NGK4@2024-04-26
2024-04-16 00:00:00+00:00,2024-04-16 00:00:00+00:00,NGK4@2024-04-26,a2a100fbd8628516da3b,0.0,True,True,0.0,0.0,0.0,0.0,0.0,0.0,-0.0,-0.0,97480.0,100000.0,0.0,0.0252,killed,daily_loss_limit,risk_killed_until_explicit_operator_restart,predicted_gross_pnl_not_above_round_trip_cost,False,NGK4@2024-04-26
2024-04-17 00:00:00+00:00,2024-04-17 00:00:00+00:00,NGK4@2024-04-26,501beb4ee3b10eebb2a8,0.0,True,True,0.0,0.0,0.0,0.0,0.0,0.0,0.0,0.0,97480.0,100000.0,0.0,0.0252,killed,daily_loss_limit,risk_killed_until_explicit_operator_restart,predicted_gross_pnl_not_above_round_trip_cost,False,NGK4@2024-04-26
2024-04-18 00:00:00+00:00,2024-04-18 00:00:00+00:00,NGK4@2024-04-26,9a0fd14a826bf3b57bab,1.0,False,True,0.0,0.0,0.0,0.0,0.0,0.0,0.0,0.0,97480.0,100000.0,0.0,0.0252,killed,daily_loss_limit,risk_killed_until_explicit_operator_restart,forecast_signal,False,NGK4@2024-04-26
2024-04-19 00:00:00+00:00,2024-04-19 00:00:00+00:00,NGK4@2024-04-26,103e931bedcb7239b963,0.0,True,True,0.0,0.0,0.0,0.0,0.0,0.0,0.0,0.0,97480.0,100000.0,0.0,0.0252,killed,daily_loss_limit,risk_killed_until_explicit_operator_restart,predicted_gross_pnl_not_above_round_trip_cost,False,NGK4@2024-04-26
2024-04-21 00:00:00+00:00,2024-04-21 00:00:00+00:00,NGK4@2024-04-26,78527af2d6f8a288b7fc,0.0,True,True,0.0,0.0,0.0,0.0,0.0,0.0,0.0,0.0,97480.0,100000.0,0.0,0.0252,killed,daily_loss_limit,risk_killed_until_explicit_operator_restart,predicted_gross_pnl_not_above_round_trip_cost,False,NGK4@2024-04-26
2024-04-22 00:00:00+00:00,2024-04-22 00:00:00+00:00,NGK4@2024-04-26,78527af2d6f8a288b7fc,0.0,True,True,0.0,0.0,0.0,0.0,0.0,0.0,0.0,0.0,97480.0,100000.0,0.0,0.0252,killed,daily_loss_limit,risk_killed_until_explicit_operator_restart,predicted_gross_pnl_not_above_round_trip_cost,False,NGK4@2024-04-26
2024-04-23 00:00:00+00:00,2024-04-23 00:00:00+00:00,NGK4@2024-04-26,b00a2f4d6361eb071f3f,0.0,True,True,0.0,0.0,0.0,0.0,0.0,0.0,0.0,0.0,97480.0,100000.0,0.0,0.0252,killed,daily_loss_limit,risk_killed_until_explicit_operator_restart,predicted_gross_pnl_not_above_round_trip_cost,False,NGK4@2024-04-26
2024-04-24 00:00:00+00:00,2024-04-24 00:00:00+00:00,NGK4@2024-04-26,970d41efe8816fb946f8,0.0,True,True,0.0,0.0,0.0,0.0,0.0,0.0,-0.0,-0.0,97480.0,100000.0,0.0,0.0252,killed,daily_loss_limit,risk_killed_until_explicit_operator_restart,predicted_gross_pnl_not_above_round_trip_cost,False,NGM4@2024-05-29
2024-04-25 00:00:00+00:00,2024-04-25 00:00:00+00:00,NGM4@2024-05-29,c94f7914ae2ac6afebe0,0.0,True,True,0.0,0.0,0.0,0.0,0.0,0.0,0.0,0.0,97480.0,100000.0,0.0,0.0252,killed,daily_loss_limit,risk_killed_until_explicit_operator_restart,predicted_gross_pnl_not_above_round_trip_cost,False,NGM4@2024-05-29
2024-04-26 00:00:00+00:00,2024-04-26 00:00:00+00:00,NGM4@2024-05-29,7963dad3786ab0fd4bee,-1.0,False,True,0.0,0.0,0.0,0.0,0.0,0.0,-0.0,-0.0,97480.0,100000.0,0.0,0.0252,killed,daily_loss_limit,risk_killed_until_explicit_operator_restart,forecast_signal,False,NGM4@2024-05-29
2024-04-28 00:00:00+00:00,2024-04-28 00:00:00+00:00,NGM4@2024-05-29,08be91d74d80f9e8716e,0.0,True,True,0.0,0.0,0.0,0.0,0.0,0.0,0.0,0.0,97480.0,100000.0,0.0,0.0252,killed,daily_loss_limit,risk_killed_until_explicit_operator_restart,predicted_gross_pnl_not_above_round_trip_cost,False,NGM4@2024-05-29
2024-04-29 00:00:00+00:00,2024-04-29 00:00:00+00:00,NGM4@2024-05-29,08be91d74d80f9e8716e,0.0,True,True,0.0,0.0,0.0,0.0,0.0,0.0,0.0,0.0,97480.0,100000.0,0.0,0.0252,killed,daily_loss_limit,risk_killed_until_explicit_operator_restart,predicted_gross_pnl_not_above_round_trip_cost,False,NGM4@2024-05-29
2024-04-30 00:00:00+00:00,2024-04-30 00:00:00+00:00,NGM4@2024-05-29,958e2a5efa5cf8ee95c2,0.0,True,True,0.0,0.0,0.0,0.0,0.0,0.0,-0.0,-0.0,97480.0,100000.0,0.0,0.0252,killed,daily_loss_limit,risk_killed_until_explicit_operator_restart,predicted_gross_pnl_not_above_round_trip_cost,False,NGM4@2024-05-29
2024-05-01 00:00:00+00:00,2024-05-01 00:00:00+00:00,NGM4@2024-05-29,5227d416e3ff7daa1b80,-1.0,False,True,0.0,0.0,0.0,0.0,0.0,0.0,-0.0,-0.0,97480.0,100000.0,0.0,0.0252,killed,daily_loss_limit,risk_killed_until_explicit_operator_restart,forecast_signal,False,NGM4@2024-05-29
2024-05-02 00:00:00+00:00,2024-05-02 00:00:00+00:00,NGM4@2024-05-29,ee769eeb36073d1b690d,1.0,False,True,0.0,0.0,0.0,0.0,0.0,0.0,0.0,0.0,97480.0,100000.0,0.0,0.0252,killed,daily_loss_limit,risk_killed_until_explicit_operator_restart,forecast_signal,False,NGM4@2024-05-29
2024-05-03 00:00:00+00:00,2024-05-03 00:00:00+00:00,NGM4@2024-05-29,b9aabfe0eb40199470cd,-1.0,False,True,0.0,0.0,0.0,0.0,0.0,0.0,0.0,0.0,97480.0,100000.0,0.0,0.0252,killed,daily_loss_limit,risk_killed_until_explicit_operator_restart,forecast_signal,False,NGM4@2024-05-29
2024-05-05 00:00:00+00:00,2024-05-05 00:00:00+00:00,NGM4@2024-05-29,c363e1780eea3060deb2,-1.0,False,True,0.0,0.0,0.0,0.0,0.0,0.0,-0.0,-0.0,97480.0,100000.0,0.0,0.0252,killed,daily_loss_limit,risk_killed_until_explicit_operator_restart,forecast_signal,False,NGM4@2024-05-29
2024-05-06 00:00:00+00:00,2024-05-06 00:00:00+00:00,NGM4@2024-05-29,c363e1780eea3060deb2,-1.0,False,True,0.0,0.0,0.0,0.0,0.0,0.0,0.0,0.0,97480.0,100000.0,0.0,0.0252,killed,daily_loss_limit,risk_killed_until_explicit_operator_restart,forecast_signal,False,NGM4@2024-05-29
2024-05-07 00:00:00+00:00,2024-05-07 00:00:00+00:00,NGM4@2024-05-29,899fc85f778754b8967c,-1.0,False,True,0.0,0.0,0.0,0.0,0.0,0.0,0.0,0.0,97480.0,100000.0,0.0,0.0252,killed,daily_loss_limit,risk_killed_until_explicit_operator_restart,forecast_signal,False,NGM4@2024-05-29
2024-05-08 00:00:00+00:00,2024-05-08 00:00:00+00:00,NGM4@2024-05-29,a3ce7f04d0afe236f11a,-1.0,False,True,0.0,0.0,0.0,0.0,0.0,0.0,-0.0,-0.0,97480.0,100000.0,0.0,0.0252,killed,daily_loss_limit,risk_killed_until_explicit_operator_restart,forecast_signal,False,NGM4@2024-05-29
2024-05-09 00:00:00+00:00,2024-05-09 00:00:00+00:00,NGM4@2024-05-29,4cad1aee2ba2bf2f6425,0.0,True,True,0.0,0.0,0.0,0.0,0.0,0.0,0.0,0.0,97480.0,100000.0,0.0,0.0252,killed,daily_loss_limit,risk_killed_until_explicit_operator_restart,predicted_gross_pnl_not_above_round_trip_cost,False,NGM4@2024-05-29
2024-05-10 00:00:00+00:00,2024-05-10 00:00:00+00:00,NGM4@2024-05-29,490ab6663e39fedf631c,0.0,True,True,0.0,0.0,0.0,0.0,0.0,0.0,-0.0,-0.0,97480.0,100000.0,0.0,0.0252,killed,daily_loss_limit,risk_killed_until_explicit_operator_restart,predicted_gross_pnl_not_above_round_trip_cost,False,NGM4@2024-05-29
2024-05-12 00:00:00+00:00,2024-05-12 00:00:00+00:00,NGM4@2024-05-29,0e05b0267514bf4d2416,1.0,False,True,0.0,0.0,0.0,0.0,0.0,0.0,-0.0,-0.0,97480.0,100000.0,0.0,0.0252,killed,daily_loss_limit,risk_killed_until_explicit_operator_restart,forecast_signal,False,NGM4@2024-05-29
2024-05-13 00:00:00+00:00,2024-05-13 00:00:00+00:00,NGM4@2024-05-29,0e05b0267514bf4d2416,1.0,False,True,0.0,0.0,0.0,0.0,0.0,0.0,0.0,0.0,97480.0,100000.0,0.0,0.0252,killed,daily_loss_limit,risk_killed_until_explicit_operator_restart,forecast_signal,False,NGM4@2024-05-29
2024-05-14 00:00:00+00:00,2024-05-14 00:00:00+00:00,NGM4@2024-05-29,ca8dc400d913e06fc6d2,-1.0,False,True,0.0,0.0,0.0,0.0,0.0,0.0,-0.0,-0.0,97480.0,100000.0,0.0,0.0252,killed,daily_loss_limit,risk_killed_until_explicit_operator_restart,forecast_signal,False,NGM4@2024-05-29
2024-05-15 00:00:00+00:00,2024-05-15 00:00:00+00:00,NGM4@2024-05-29,8b1dfdf6d0d329795a95,1.0,False,True,0.0,0.0,0.0,0.0,0.0,0.0,0.0,0.0,97480.0,100000.0,0.0,0.0252,killed,daily_loss_limit,risk_killed_until_explicit_operator_restart,forecast_signal,False,NGM4@2024-05-29
2024-05-16 00:00:00+00:00,2024-05-16 00:00:00+00:00,NGM4@2024-05-29,c893562e9aedd91c0ed4,1.0,False,True,0.0,0.0,0.0,0.0,0.0,0.0,0.0,0.0,97480.0,100000.0,0.0,0.0252,killed,daily_loss_limit,risk_killed_until_explicit_operator_restart,forecast_signal,False,NGM4@2024-05-29
2024-05-17 00:00:00+00:00,2024-05-17 00:00:00+00:00,NGM4@2024-05-29,631ac33582382d5890f3,1.0,False,True,0.0,0.0,0.0,0.0,0.0,0.0,0.0,0.0,97480.0,100000.0,0.0,0.0252,killed,daily_loss_limit,risk_killed_until_explicit_operator_restart,forecast_signal,False,NGM4@2024-05-29
2024-05-19 00:00:00+00:00,2024-05-19 00:00:00+00:00,NGM4@2024-05-29,b36d8740a514e9fb69d1,1.0,False,True,0.0,0.0,0.0,0.0,0.0,0.0,-0.0,-0.0,97480.0,100000.0,0.0,0.0252,killed,daily_loss_limit,risk_killed_until_explicit_operator_restart,forecast_signal,False,NGM4@2024-05-29
2024-05-20 00:00:00+00:00,2024-05-20 00:00:00+00:00,NGM4@2024-05-29,b36d8740a514e9fb69d1,1.0,False,True,0.0,0.0,0.0,0.0,0.0,0.0,0.0,0.0,97480.0,100000.0,0.0,0.0252,killed,daily_loss_limit,risk_killed_until_explicit_operator_restart,forecast_signal,False,NGM4@2024-05-29
2024-05-21 00:00:00+00:00,2024-05-21 00:00:00+00:00,NGM4@2024-05-29,1a421240f5ae65aec80e,-1.0,False,True,0.0,0.0,0.0,0.0,0.0,0.0,-0.0,-0.0,97480.0,100000.0,0.0,0.0252,killed,daily_loss_limit,risk_killed_until_explicit_operator_restart,forecast_signal,False,NGM4@2024-05-29
2024-05-22 00:00:00+00:00,2024-05-22 00:00:00+00:00,NGM4@2024-05-29,9178e861fcb84f40c98f,-1.0,False,True,0.0,0.0,0.0,0.0,0.0,0.0,0.0,0.0,97480.0,100000.0,0.0,0.0252,killed,daily_loss_limit,risk_killed_until_explicit_operator_restart,forecast_signal,False,NGM4@2024-05-29
2024-05-23 00:00:00+00:00,2024-05-23 00:00:00+00:00,NGM4@2024-05-29,22dae5e1d65b911c1540,-1.0,False,True,0.0,0.0,0.0,0.0,0.0,0.0,-0.0,-0.0,97480.0,100000.0,0.0,0.0252,killed,daily_loss_limit,risk_killed_until_explicit_operator_restart,forecast_signal,False,NGM4@2024-05-29
2024-05-24 00:00:00+00:00,2024-05-24 00:00:00+00:00,NGM4@2024-05-29,6c7cbaa769d34716bca7,-1.0,False,True,0.0,0.0,0.0,0.0,0.0,0.0,-0.0,-0.0,97480.0,100000.0,0.0,0.0252,killed,daily_loss_limit,risk_killed_until_explicit_operator_restart,forecast_signal,False,NGM4@2024-05-29
2024-05-26 00:00:00+00:00,2024-05-26 00:00:00+00:00,NGM4@2024-05-29,16d438526ca690adadff,1.0,False,True,0.0,0.0,0.0,0.0,0.0,0.0,-0.0,-0.0,97480.0,100000.0,0.0,0.0252,killed,daily_loss_limit,risk_killed_until_explicit_operator_restart,forecast_signal,False,NGM4@2024-05-29
2024-05-27 00:00:00+00:00,2024-05-27 00:00:00+00:00,NGM4@2024-05-29,16d438526ca690adadff,1.0,False,True,0.0,0.0,0.0,0.0,0.0,0.0,0.0,0.0,97480.0,100000.0,0.0,0.0252,killed,daily_loss_limit,risk_killed_until_explicit_operator_restart,forecast_signal,False,NGM4@2024-05-29
2024-05-28 00:00:00+00:00,2024-05-28 00:00:00+00:00,NGM4@2024-05-29,16d438526ca690adadff,1.0,False,True,0.0,0.0,0.0,0.0,0.0,0.0,0.0,0.0,97480.0,100000.0,0.0,0.0252,killed,daily_loss_limit,risk_killed_until_explicit_operator_restart,forecast_signal,False,NGN4@2024-06-26
2024-05-29 00:00:00+00:00,2024-05-29 00:00:00+00:00,NGN4@2024-06-26,b9fd4493186114eca243,1.0,False,True,0.0,0.0,0.0,0.0,0.0,0.0,-0.0,-0.0,97480.0,100000.0,0.0,0.0252,killed,daily_loss_limit,risk_killed_until_explicit_operator_restart,forecast_signal,False,NGN4@2024-06-26
2024-05-30 00:00:00+00:00,2024-05-30 00:00:00+00:00,NGN4@2024-06-26,a60121e835db4ee9f117,-1.0,False,True,0.0,0.0,0.0,0.0,0.0,0.0,-0.0,-0.0,97480.0,100000.0,0.0,0.0252,killed,daily_loss_limit,risk_killed_until_explicit_operator_restart,forecast_signal,False,NGN4@2024-06-26
2024-05-31 00:00:00+00:00,2024-05-31 00:00:00+00:00,NGN4@2024-06-26,41820ce74d456cc7976f,-1.0,False,True,0.0,0.0,0.0,0.0,0.0,0.0,0.0,0.0,97480.0,100000.0,0.0,0.0252,killed,daily_loss_limit,risk_killed_until_explicit_operator_restart,forecast_signal,False,NGN4@2024-06-26
2024-06-02 00:00:00+00:00,2024-06-02 00:00:00+00:00,NGN4@2024-06-26,1605ba65d3d49f4335e3,0.0,True,True,0.0,0.0,0.0,0.0,0.0,0.0,0.0,0.0,97480.0,100000.0,0.0,0.0252,killed,daily_loss_limit,risk_killed_until_explicit_operator_restart,predicted_gross_pnl_not_above_round_trip_cost,False,NGN4@2024-06-26
2024-06-03 00:00:00+00:00,2024-06-03 00:00:00+00:00,NGN4@2024-06-26,1605ba65d3d49f4335e3,0.0,True,True,0.0,0.0,0.0,0.0,0.0,0.0,0.0,0.0,97480.0,100000.0,0.0,0.0252,killed,daily_loss_limit,risk_killed_until_explicit_operator_restart,predicted_gross_pnl_not_above_round_trip_cost,False,NGN4@2024-06-26
2024-06-04 00:00:00+00:00,2024-06-04 00:00:00+00:00,NGN4@2024-06-26,de3acb593c082a33543e,-1.0,False,True,0.0,0.0,0.0,0.0,0.0,0.0,-0.0,-0.0,97480.0,100000.0,0.0,0.0252,killed,daily_loss_limit,risk_killed_until_explicit_operator_restart,forecast_signal,False,NGN4@2024-06-26
2024-06-05 00:00:00+00:00,2024-06-05 00:00:00+00:00,NGN4@2024-06-26,0b6322ebccf78c2497c5,-1.0,False,True,0.0,0.0,0.0,0.0,0.0,0.0,0.0,0.0,97480.0,100000.0,0.0,0.0252,killed,daily_loss_limit,risk_killed_until_explicit_operator_restart,forecast_signal,False,NGN4@2024-06-26
2024-06-06 00:00:00+00:00,2024-06-06 00:00:00+00:00,NGN4@2024-06-26,6e50e012caa4395ca655,0.0,True,True,0.0,0.0,0.0,0.0,0.0,0.0,0.0,0.0,97480.0,100000.0,0.0,0.0252,killed,daily_loss_limit,risk_killed_until_explicit_operator_restart,predicted_gross_pnl_not_above_round_trip_cost,False,NGN4@2024-06-26
2024-06-07 00:00:00+00:00,2024-06-07 00:00:00+00:00,NGN4@2024-06-26,dc647d573ab753cd064f,-1.0,False,True,0.0,0.0,0.0,0.0,0.0,0.0,0.0,0.0,97480.0,100000.0,0.0,0.0252,killed,daily_loss_limit,risk_killed_until_explicit_operator_restart,forecast_signal,False,NGN4@2024-06-26
2024-06-09 00:00:00+00:00,2024-06-09 00:00:00+00:00,NGN4@2024-06-26,67b0cc0840a82560c2ca,-1.0,False,True,0.0,0.0,0.0,0.0,0.0,0.0,-0.0,-0.0,97480.0,100000.0,0.0,0.0252,killed,daily_loss_limit,risk_killed_until_explicit_operator_restart,forecast_signal,False,NGN4@2024-06-26
2024-06-10 00:00:00+00:00,2024-06-10 00:00:00+00:00,NGN4@2024-06-26,67b0cc0840a82560c2ca,-1.0,False,True,0.0,0.0,0.0,0.0,0.0,0.0,0.0,0.0,97480.0,100000.0,0.0,0.0252,killed,daily_loss_limit,risk_killed_until_explicit_operator_restart,forecast_signal,False,NGN4@2024-06-26
2024-06-11 00:00:00+00:00,2024-06-11 00:00:00+00:00,NGN4@2024-06-26,067a93ecefbbef84ee54,-1.0,False,True,0.0,0.0,0.0,0.0,0.0,0.0,0.0,0.0,97480.0,100000.0,0.0,0.0252,killed,daily_loss_limit,risk_killed_until_explicit_operator_restart,forecast_signal,False,NGN4@2024-06-26
2024-06-12 00:00:00+00:00,2024-06-12 00:00:00+00:00,NGN4@2024-06-26,62a293685423a4405d5f,1.0,False,True,0.0,0.0,0.0,0.0,0.0,0.0,-0.0,-0.0,97480.0,100000.0,0.0,0.0252,killed,daily_loss_limit,risk_killed_until_explicit_operator_restart,forecast_signal,False,NGN4@2024-06-26
2024-06-13 00:00:00+00:00,2024-06-13 00:00:00+00:00,NGN4@2024-06-26,c6bb31b2961d5c1cd95e,-1.0,False,True,0.0,0.0,0.0,0.0,0.0,0.0,-0.0,-0.0,97480.0,100000.0,0.0,0.0252,killed,daily_loss_limit,risk_killed_until_explicit_operator_restart,forecast_signal,False,NGN4@2024-06-26
2024-06-14 00:00:00+00:00,2024-06-14 00:00:00+00:00,NGN4@2024-06-26,6aa9b9f9bd349d27f6fb,-1.0,False,True,0.0,0.0,0.0,0.0,0.0,0.0,-0.0,-0.0,97480.0,100000.0,0.0,0.0252,killed,daily_loss_limit,risk_killed_until_explicit_operator_restart,forecast_signal,False,NGN4@2024-06-26
2024-06-16 00:00:00+00:00,2024-06-16 00:00:00+00:00,NGN4@2024-06-26,b42622c0e4bf767f5c8f,-1.0,False,True,0.0,0.0,0.0,0.0,0.0,0.0,-0.0,-0.0,97480.0,100000.0,0.0,0.0252,killed,daily_loss_limit,risk_killed_until_explicit_operator_restart,forecast_signal,False,NGN4@2024-06-26
2024-06-17 00:00:00+00:00,2024-06-17 00:00:00+00:00,NGN4@2024-06-26,b42622c0e4bf767f5c8f,-1.0,False,True,0.0,0.0,0.0,0.0,0.0,0.0,-0.0,-0.0,97480.0,100000.0,0.0,0.0252,killed,daily_loss_limit,risk_killed_until_explicit_operator_restart,forecast_signal,False,NGN4@2024-06-26
2024-06-18 00:00:00+00:00,2024-06-18 00:00:00+00:00,NGN4@2024-06-26,4b8e4e13d83f5eecd2c2,-1.0,False,True,0.0,0.0,0.0,0.0,0.0,0.0,0.0,0.0,97480.0,100000.0,0.0,0.0252,killed,daily_loss_limit,risk_killed_until_explicit_operator_restart,forecast_signal,False,NGN4@2024-06-26
2024-06-19 00:00:00+00:00,2024-06-19 00:00:00+00:00,NGN4@2024-06-26,04d07e3ff3caa2aefd64,-1.0,False,True,0.0,0.0,0.0,0.0,0.0,0.0,0.0,0.0,97480.0,100000.0,0.0,0.0252,killed,daily_loss_limit,risk_killed_until_explicit_operator_restart,forecast_signal,False,NGN4@2024-06-26
2024-06-20 00:00:00+00:00,2024-06-20 00:00:00+00:00,NGN4@2024-06-26,04d07e3ff3caa2aefd64,-1.0,False,True,0.0,0.0,0.0,0.0,0.0,0.0,-0.0,-0.0,97480.0,100000.0,0.0,0.0252,killed,daily_loss_limit,risk_killed_until_explicit_operator_restart,forecast_signal,False,NGN4@2024-06-26
2024-06-21 00:00:00+00:00,2024-06-21 00:00:00+00:00,NGN4@2024-06-26,e154222fee525e8712a6,-1.0,False,True,0.0,0.0,0.0,0.0,0.0,0.0,-0.0,-0.0,97480.0,100000.0,0.0,0.0252,killed,daily_loss_limit,risk_killed_until_explicit_operator_restart,forecast_signal,False,NGN4@2024-06-26
2024-06-23 00:00:00+00:00,2024-06-23 00:00:00+00:00,NGN4@2024-06-26,7bb6205d6654dfa6faa9,1.0,False,True,0.0,0.0,0.0,0.0,0.0,0.0,0.0,0.0,97480.0,100000.0,0.0,0.0252,killed,daily_loss_limit,risk_killed_until_explicit_operator_restart,forecast_signal,False,NGN4@2024-06-26
2024-06-24 00:00:00+00:00,2024-06-24 00:00:00+00:00,NGN4@2024-06-26,7bb6205d6654dfa6faa9,1.0,False,True,0.0,0.0,0.0,0.0,0.0,0.0,0.0,0.0,97480.0,100000.0,0.0,0.0252,killed,daily_loss_limit,risk_killed_until_explicit_operator_restart,forecast_signal,False,NGN4@2024-06-26
2024-06-25 00:00:00+00:00,2024-06-25 00:00:00+00:00,NGN4@2024-06-26,12fad802ac4aa717349b,-1.0,False,True,0.0,0.0,0.0,0.0,0.0,0.0,-0.0,-0.0,97480.0,100000.0,0.0,0.0252,killed,daily_loss_limit,risk_killed_until_explicit_operator_restart,forecast_signal,False,NGQ4@2024-07-29
2024-06-26 00:00:00+00:00,2024-06-26 00:00:00+00:00,NGQ4@2024-07-29,e44be730463d501f1067,-1.0,False,True,0.0,0.0,0.0,0.0,0.0,0.0,-0.0,-0.0,97480.0,100000.0,0.0,0.0252,killed,daily_loss_limit,risk_killed_until_explicit_operator_restart,forecast_signal,False,NGQ4@2024-07-29
2024-06-27 00:00:00+00:00,2024-06-27 00:00:00+00:00,NGQ4@2024-07-29,d2148c22c0a0ceef7f6f,-1.0,False,True,0.0,0.0,0.0,0.0,0.0,0.0,-0.0,-0.0,97480.0,100000.0,0.0,0.0252,killed,daily_loss_limit,risk_killed_until_explicit_operator_restart,forecast_signal,False,NGQ4@2024-07-29
2024-06-28 00:00:00+00:00,2024-06-28 00:00:00+00:00,NGQ4@2024-07-29,985a284db31b0d108c36,-1.0,False,True,0.0,0.0,0.0,0.0,0.0,0.0,-0.0,-0.0,97480.0,100000.0,0.0,0.0252,killed,daily_loss_limit,risk_killed_until_explicit_operator_restart,forecast_signal,False,NGQ4@2024-07-29
2024-06-30 00:00:00+00:00,2024-06-30 00:00:00+00:00,NGQ4@2024-07-29,6cb6a3fbb494d6b24f17,-1.0,False,True,0.0,0.0,0.0,0.0,0.0,0.0,0.0,0.0,97480.0,100000.0,0.0,0.0252,killed,daily_loss_limit,risk_killed_until_explicit_operator_restart,forecast_signal,False,NGQ4@2024-07-29
2024-07-01 00:00:00+00:00,2024-07-01 00:00:00+00:00,NGQ4@2024-07-29,6cb6a3fbb494d6b24f17,-1.0,False,True,0.0,0.0,0.0,0.0,0.0,0.0,-0.0,-0.0,97480.0,100000.0,0.0,0.0252,killed,daily_loss_limit,risk_killed_until_explicit_operator_restart,forecast_signal,False,NGQ4@2024-07-29
2024-07-02 00:00:00+00:00,2024-07-02 00:00:00+00:00,NGQ4@2024-07-29,66ad8a594d7e3bed2240,-1.0,False,True,0.0,0.0,0.0,0.0,0.0,0.0,-0.0,-0.0,97480.0,100000.0,0.0,0.0252,killed,daily_loss_limit,risk_killed_until_explicit_operator_restart,forecast_signal,False,NGQ4@2024-07-29
2024-07-03 00:00:00+00:00,2024-07-03 00:00:00+00:00,NGQ4@2024-07-29,ca1afafb9399145cf3ab,1.0,False,True,0.0,0.0,0.0,0.0,0.0,0.0,-0.0,-0.0,97480.0,100000.0,0.0,0.0252,killed,daily_loss_limit,risk_killed_until_explicit_operator_restart,forecast_signal,False,NGQ4@2024-07-29
2024-07-04 00:00:00+00:00,2024-07-04 00:00:00+00:00,NGQ4@2024-07-29,2c3bb9fffbe4c7b442be,1.0,False,True,0.0,0.0,0.0,0.0,0.0,0.0,-0.0,-0.0,97480.0,100000.0,0.0,0.0252,killed,daily_loss_limit,risk_killed_until_explicit_operator_restart,forecast_signal,False,NGQ4@2024-07-29
2024-07-05 00:00:00+00:00,2024-07-05 00:00:00+00:00,NGQ4@2024-07-29,2c3bb9fffbe4c7b442be,1.0,False,True,0.0,0.0,0.0,0.0,0.0,0.0,-0.0,-0.0,97480.0,100000.0,0.0,0.0252,killed,daily_loss_limit,risk_killed_until_explicit_operator_restart,forecast_signal,False,NGQ4@2024-07-29
2024-07-07 00:00:00+00:00,2024-07-07 00:00:00+00:00,NGQ4@2024-07-29,5fe9611eb767f86d6c54,1.0,False,True,0.0,0.0,0.0,0.0,0.0,0.0,0.0,0.0,97480.0,100000.0,0.0,0.0252,killed,daily_loss_limit,risk_killed_until_explicit_operator_restart,forecast_signal,False,NGQ4@2024-07-29
2024-07-08 00:00:00+00:00,2024-07-08 00:00:00+00:00,NGQ4@2024-07-29,5fe9611eb767f86d6c54,1.0,False,True,0.0,0.0,0.0,0.0,0.0,0.0,0.0,0.0,97480.0,100000.0,0.0,0.0252,killed,daily_loss_limit,risk_killed_until_explicit_operator_restart,forecast_signal,False,NGQ4@2024-07-29
2024-07-09 00:00:00+00:00,2024-07-09 00:00:00+00:00,NGQ4@2024-07-29,3125abe1972052548c12,1.0,False,True,0.0,0.0,0.0,0.0,0.0,0.0,-0.0,-0.0,97480.0,100000.0,0.0,0.0252,killed,daily_loss_limit,risk_killed_until_explicit_operator_restart,forecast_signal,False,NGQ4@2024-07-29
2024-07-10 00:00:00+00:00,2024-07-10 00:00:00+00:00,NGQ4@2024-07-29,6d3948db7f42d72790c7,1.0,False,True,0.0,0.0,0.0,0.0,0.0,0.0,-0.0,-0.0,97480.0,100000.0,0.0,0.0252,killed,daily_loss_limit,risk_killed_until_explicit_operator_restart,forecast_signal,False,NGQ4@2024-07-29
2024-07-11 00:00:00+00:00,2024-07-11 00:00:00+00:00,NGQ4@2024-07-29,3dec470a12a9ab7488c7,1.0,False,True,0.0,0.0,0.0,0.0,0.0,0.0,-0.0,-0.0,97480.0,100000.0,0.0,0.0252,killed,daily_loss_limit,risk_killed_until_explicit_operator_restart,forecast_signal,False,NGQ4@2024-07-29
2024-07-12 00:00:00+00:00,2024-07-12 00:00:00+00:00,NGQ4@2024-07-29,0325a762a3590f1e7f87,1.0,False,True,0.0,0.0,0.0,0.0,0.0,0.0,-0.0,-0.0,97480.0,100000.0,0.0,0.0252,killed,daily_loss_limit,risk_killed_until_explicit_operator_restart,forecast_signal,False,NGQ4@2024-07-29
2024-07-14 00:00:00+00:00,2024-07-14 00:00:00+00:00,NGQ4@2024-07-29,8aa71d93651ef07d9362,1.0,False,True,0.0,0.0,0.0,0.0,0.0,0.0,-0.0,-0.0,97480.0,100000.0,0.0,0.0252,killed,daily_loss_limit,risk_killed_until_explicit_operator_restart,forecast_signal,False,NGQ4@2024-07-29
2024-07-15 00:00:00+00:00,2024-07-15 00:00:00+00:00,NGQ4@2024-07-29,8aa71d93651ef07d9362,1.0,False,True,0.0,0.0,0.0,0.0,0.0,0.0,-0.0,-0.0,97480.0,100000.0,0.0,0.0252,killed,daily_loss_limit,risk_killed_until_explicit_operator_restart,forecast_signal,False,NGQ4@2024-07-29
2024-07-16 00:00:00+00:00,2024-07-16 00:00:00+00:00,NGQ4@2024-07-29,09aba2e2e3db7de8c695,-1.0,False,True,0.0,0.0,0.0,0.0,0.0,0.0,0.0,0.0,97480.0,100000.0,0.0,0.0252,killed,daily_loss_limit,risk_killed_until_explicit_operator_restart,forecast_signal,False,NGQ4@2024-07-29
2024-07-17 00:00:00+00:00,2024-07-17 00:00:00+00:00,NGQ4@2024-07-29,a91dd58d2be378600a01,1.0,False,True,0.0,0.0,0.0,0.0,0.0,0.0,-0.0,-0.0,97480.0,100000.0,0.0,0.0252,killed,daily_loss_limit,risk_killed_until_explicit_operator_restart,forecast_signal,False,NGQ4@2024-07-29
2024-07-18 00:00:00+00:00,2024-07-18 00:00:00+00:00,NGQ4@2024-07-29,fb6386be76b9bc3562b6,1.0,False,True,0.0,0.0,0.0,0.0,0.0,0.0,0.0,0.0,97480.0,100000.0,0.0,0.0252,killed,daily_loss_limit,risk_killed_until_explicit_operator_restart,forecast_signal,False,NGQ4@2024-07-29
2024-07-19 00:00:00+00:00,2024-07-19 00:00:00+00:00,NGQ4@2024-07-29,a7abdc8fee85bd0e69e3,1.0,False,True,0.0,0.0,0.0,0.0,0.0,0.0,0.0,0.0,97480.0,100000.0,0.0,0.0252,killed,daily_loss_limit,risk_killed_until_explicit_operator_restart,forecast_signal,False,NGQ4@2024-07-29
2024-07-21 00:00:00+00:00,2024-07-21 00:00:00+00:00,NGQ4@2024-07-29,dc922d5c53b4b7425183,-1.0,False,True,0.0,0.0,0.0,0.0,0.0,0.0,0.0,0.0,97480.0,100000.0,0.0,0.0252,killed,daily_loss_limit,risk_killed_until_explicit_operator_restart,forecast_signal,False,NGQ4@2024-07-29
2024-07-22 00:00:00+00:00,2024-07-22 00:00:00+00:00,NGQ4@2024-07-29,dc922d5c53b4b7425183,-1.0,False,True,0.0,0.0,0.0,0.0,0.0,0.0,0.0,0.0,97480.0,100000.0,0.0,0.0252,killed,daily_loss_limit,risk_killed_until_explicit_operator_restart,forecast_signal,False,NGQ4@2024-07-29
2024-07-23 00:00:00+00:00,2024-07-23 00:00:00+00:00,NGQ4@2024-07-29,c64080c131e9c1d253cf,-1.0,False,True,0.0,0.0,0.0,0.0,0.0,0.0,-0.0,-0.0,97480.0,100000.0,0.0,0.0252,killed,daily_loss_limit,risk_killed_until_explicit_operator_restart,forecast_signal,False,NGQ4@2024-07-29
2024-07-24 00:00:00+00:00,2024-07-24 00:00:00+00:00,NGQ4@2024-07-29,af0a4287683312bc68c5,-1.0,False,True,0.0,0.0,0.0,0.0,0.0,0.0,-0.0,-0.0,97480.0,100000.0,0.0,0.0252,killed,daily_loss_limit,risk_killed_until_explicit_operator_restart,forecast_signal,False,NGQ4@2024-07-29
2024-07-25 00:00:00+00:00,2024-07-25 00:00:00+00:00,NGQ4@2024-07-29,3f4f9ac4eb750f96ce74,-1.0,False,True,0.0,0.0,0.0,0.0,0.0,0.0,-0.0,-0.0,97480.0,100000.0,0.0,0.0252,killed,daily_loss_limit,risk_killed_until_explicit_operator_restart,forecast_signal,False,NGQ4@2024-07-29
2024-07-26 00:00:00+00:00,2024-07-26 00:00:00+00:00,NGQ4@2024-07-29,6d424ce61513b8ad7783,-1.0,False,True,0.0,0.0,0.0,0.0,0.0,0.0,-0.0,-0.0,97480.0,100000.0,0.0,0.0252,killed,daily_loss_limit,risk_killed_until_explicit_operator_restart,forecast_signal,False,NGU4@2024-08-28
2024-07-28 00:00:00+00:00,2024-07-28 00:00:00+00:00,NGU4@2024-08-28,3a57441f3837910628df,-1.0,False,True,0.0,0.0,0.0,0.0,0.0,0.0,0.0,0.0,97480.0,100000.0,0.0,0.0252,killed,daily_loss_limit,risk_killed_until_explicit_operator_restart,forecast_signal,False,NGU4@2024-08-28
2024-07-29 00:00:00+00:00,2024-07-29 00:00:00+00:00,NGU4@2024-08-28,3a57441f3837910628df,-1.0,False,True,0.0,0.0,0.0,0.0,0.0,0.0,-0.0,-0.0,97480.0,100000.0,0.0,0.0252,killed,daily_loss_limit,risk_killed_until_explicit_operator_restart,forecast_signal,False,NGU4@2024-08-28
2024-07-30 00:00:00+00:00,2024-07-30 00:00:00+00:00,NGU4@2024-08-28,9ba8081b37ad155ea33c,-1.0,False,True,0.0,0.0,0.0,0.0,0.0,0.0,0.0,0.0,97480.0,100000.0,0.0,0.0252,killed,daily_loss_limit,risk_killed_until_explicit_operator_restart,forecast_signal,False,NGU4@2024-08-28
2024-07-31 00:00:00+00:00,2024-07-31 00:00:00+00:00,NGU4@2024-08-28,1957b8e1c518b5d7ab7e,-1.0,False,True,0.0,0.0,0.0,0.0,0.0,0.0,-0.0,-0.0,97480.0,100000.0,0.0,0.0252,killed,daily_loss_limit,risk_killed_until_explicit_operator_restart,forecast_signal,False,NGU4@2024-08-28
2024-08-01 00:00:00+00:00,2024-08-01 00:00:00+00:00,NGU4@2024-08-28,58e89b2be312152241cc,-1.0,False,True,0.0,0.0,0.0,0.0,0.0,0.0,-0.0,-0.0,97480.0,100000.0,0.0,0.0252,killed,daily_loss_limit,risk_killed_until_explicit_operator_restart,forecast_signal,False,NGU4@2024-08-28
2024-08-02 00:00:00+00:00,2024-08-02 00:00:00+00:00,NGU4@2024-08-28,df08bef9b88f41afafa5,-1.0,False,True,0.0,0.0,0.0,0.0,0.0,0.0,-0.0,-0.0,97480.0,100000.0,0.0,0.0252,killed,daily_loss_limit,risk_killed_until_explicit_operator_restart,forecast_signal,False,NGU4@2024-08-28
2024-08-04 00:00:00+00:00,2024-08-04 00:00:00+00:00,NGU4@2024-08-28,2eff014250ad2e8b08e8,0.0,True,True,0.0,0.0,0.0,0.0,0.0,0.0,-0.0,-0.0,97480.0,100000.0,0.0,0.0252,killed,daily_loss_limit,risk_killed_until_explicit_operator_restart,predicted_gross_pnl_not_above_round_trip_cost,False,NGU4@2024-08-28
2024-08-05 00:00:00+00:00,2024-08-05 00:00:00+00:00,NGU4@2024-08-28,2eff014250ad2e8b08e8,0.0,True,True,0.0,0.0,0.0,0.0,0.0,0.0,0.0,0.0,97480.0,100000.0,0.0,0.0252,killed,daily_loss_limit,risk_killed_until_explicit_operator_restart,predicted_gross_pnl_not_above_round_trip_cost,False,NGU4@2024-08-28
2024-08-06 00:00:00+00:00,2024-08-06 00:00:00+00:00,NGU4@2024-08-28,aaa52ac679e9efa057f9,-1.0,False,True,0.0,0.0,0.0,0.0,0.0,0.0,0.0,0.0,97480.0,100000.0,0.0,0.0252,killed,daily_loss_limit,risk_killed_until_explicit_operator_restart,forecast_signal,False,NGU4@2024-08-28
2024-08-07 00:00:00+00:00,2024-08-07 00:00:00+00:00,NGU4@2024-08-28,833de06ce0e291e4147d,-1.0,False,True,0.0,0.0,0.0,0.0,0.0,0.0,0.0,0.0,97480.0,100000.0,0.0,0.0252,killed,daily_loss_limit,risk_killed_until_explicit_operator_restart,forecast_signal,False,NGU4@2024-08-28
2024-08-08 00:00:00+00:00,2024-08-08 00:00:00+00:00,NGU4@2024-08-28,15ef607b798d9815199d,-1.0,False,True,0.0,0.0,0.0,0.0,0.0,0.0,0.0,0.0,97480.0,100000.0,0.0,0.0252,killed,daily_loss_limit,risk_killed_until_explicit_operator_restart,forecast_signal,False,NGU4@2024-08-28
2024-08-09 00:00:00+00:00,2024-08-09 00:00:00+00:00,NGU4@2024-08-28,77cba17baa299aa64236,-1.0,False,True,0.0,0.0,0.0,0.0,0.0,0.0,0.0,0.0,97480.0,100000.0,0.0,0.0252,killed,daily_loss_limit,risk_killed_until_explicit_operator_restart,forecast_signal,False,NGU4@2024-08-28
2024-08-11 00:00:00+00:00,2024-08-11 00:00:00+00:00,NGU4@2024-08-28,7019cfc76ce625ada081,-1.0,False,True,0.0,0.0,0.0,0.0,0.0,0.0,0.0,0.0,97480.0,100000.0,0.0,0.0252,killed,daily_loss_limit,risk_killed_until_explicit_operator_restart,forecast_signal,False,NGU4@2024-08-28
2024-08-12 00:00:00+00:00,2024-08-12 00:00:00+00:00,NGU4@2024-08-28,7019cfc76ce625ada081,-1.0,False,True,0.0,0.0,0.0,0.0,0.0,0.0,-0.0,-0.0,97480.0,100000.0,0.0,0.0252,killed,daily_loss_limit,risk_killed_until_explicit_operator_restart,forecast_signal,False,NGU4@2024-08-28
2024-08-13 00:00:00+00:00,2024-08-13 00:00:00+00:00,NGU4@2024-08-28,cf82c815cdd71f03f386,-1.0,False,True,0.0,0.0,0.0,0.0,0.0,0.0,0.0,0.0,97480.0,100000.0,0.0,0.0252,killed,daily_loss_limit,risk_killed_until_explicit_operator_restart,forecast_signal,False,NGU4@2024-08-28
2024-08-14 00:00:00+00:00,2024-08-14 00:00:00+00:00,NGU4@2024-08-28,494b3c3d84bfa38da9a1,-1.0,False,True,0.0,0.0,0.0,0.0,0.0,0.0,0.0,0.0,97480.0,100000.0,0.0,0.0252,killed,daily_loss_limit,risk_killed_until_explicit_operator_restart,forecast_signal,False,NGU4@2024-08-28
2024-08-15 00:00:00+00:00,2024-08-15 00:00:00+00:00,NGU4@2024-08-28,d94558443e0030202e85,-1.0,False,True,0.0,0.0,0.0,0.0,0.0,0.0,-0.0,-0.0,97480.0,100000.0,0.0,0.0252,killed,daily_loss_limit,risk_killed_until_explicit_operator_restart,forecast_signal,False,NGU4@2024-08-28
2024-08-16 00:00:00+00:00,2024-08-16 00:00:00+00:00,NGU4@2024-08-28,528f6e275cfc799c7b93,-1.0,False,True,0.0,0.0,0.0,0.0,0.0,0.0,-0.0,-0.0,97480.0,100000.0,0.0,0.0252,killed,daily_loss_limit,risk_killed_until_explicit_operator_restart,forecast_signal,False,NGU4@2024-08-28
2024-08-18 00:00:00+00:00,2024-08-18 00:00:00+00:00,NGU4@2024-08-28,cf3ce0cc091afc806055,-1.0,False,True,0.0,0.0,0.0,0.0,0.0,0.0,-0.0,-0.0,97480.0,100000.0,0.0,0.0252,killed,daily_loss_limit,risk_killed_until_explicit_operator_restart,forecast_signal,False,NGU4@2024-08-28
2024-08-19 00:00:00+00:00,2024-08-19 00:00:00+00:00,NGU4@2024-08-28,cf3ce0cc091afc806055,-1.0,False,True,0.0,0.0,0.0,0.0,0.0,0.0,0.0,0.0,97480.0,100000.0,0.0,0.0252,killed,daily_loss_limit,risk_killed_until_explicit_operator_restart,forecast_signal,False,NGU4@2024-08-28
2024-08-20 00:00:00+00:00,2024-08-20 00:00:00+00:00,NGU4@2024-08-28,df546eea7b7960926db5,-1.0,False,True,0.0,0.0,0.0,0.0,0.0,0.0,-0.0,-0.0,97480.0,100000.0,0.0,0.0252,killed,daily_loss_limit,risk_killed_until_explicit_operator_restart,forecast_signal,False,NGU4@2024-08-28
2024-08-21 00:00:00+00:00,2024-08-21 00:00:00+00:00,NGU4@2024-08-28,450ae9143461577f6004,-1.0,False,True,0.0,0.0,0.0,0.0,0.0,0.0,-0.0,-0.0,97480.0,100000.0,0.0,0.0252,killed,daily_loss_limit,risk_killed_until_explicit_operator_restart,forecast_signal,False,NGU4@2024-08-28
2024-08-22 00:00:00+00:00,2024-08-22 00:00:00+00:00,NGU4@2024-08-28,34cc7110702a8f47c223,-1.0,False,True,0.0,0.0,0.0,0.0,0.0,0.0,-0.0,-0.0,97480.0,100000.0,0.0,0.0252,killed,daily_loss_limit,risk_killed_until_explicit_operator_restart,forecast_signal,False,NGU4@2024-08-28
2024-08-23 00:00:00+00:00,2024-08-23 00:00:00+00:00,NGU4@2024-08-28,3bdac2f8ec979851f671,-1.0,False,True,0.0,0.0,0.0,0.0,0.0,0.0,-0.0,-0.0,97480.0,100000.0,0.0,0.0252,killed,daily_loss_limit,risk_killed_until_explicit_operator_restart,forecast_signal,False,NGU4@2024-08-28
2024-08-25 00:00:00+00:00,2024-08-25 00:00:00+00:00,NGU4@2024-08-28,2c0412183b67b5e513b5,-1.0,False,True,0.0,0.0,0.0,0.0,0.0,0.0,0.0,0.0,97480.0,100000.0,0.0,0.0252,killed,daily_loss_limit,risk_killed_until_explicit_operator_restart,forecast_signal,False,NGU4@2024-08-28
2024-08-26 00:00:00+00:00,2024-08-26 00:00:00+00:00,NGU4@2024-08-28,2c0412183b67b5e513b5,-1.0,False,True,0.0,0.0,0.0,0.0,0.0,0.0,-0.0,-0.0,97480.0,100000.0,0.0,0.0252,killed,daily_loss_limit,risk_killed_until_explicit_operator_restart,forecast_signal,False,NGU4@2024-08-28
2024-08-27 00:00:00+00:00,2024-08-27 00:00:00+00:00,NGU4@2024-08-28,5e9418c8d943d3f81736,-1.0,False,True,0.0,0.0,0.0,0.0,0.0,0.0,-0.0,-0.0,97480.0,100000.0,0.0,0.0252,killed,daily_loss_limit,risk_killed_until_explicit_operator_restart,forecast_signal,False,NGV4@2024-09-26
2024-08-28 00:00:00+00:00,2024-08-28 00:00:00+00:00,NGV4@2024-09-26,86960f87cc4ce8e912f9,-1.0,False,True,0.0,0.0,0.0,0.0,0.0,0.0,0.0,0.0,97480.0,100000.0,0.0,0.0252,killed,daily_loss_limit,risk_killed_until_explicit_operator_restart,forecast_signal,False,NGV4@2024-09-26
2024-08-29 00:00:00+00:00,2024-08-29 00:00:00+00:00,NGV4@2024-09-26,673d727cc0481035e0de,-1.0,False,True,0.0,0.0,0.0,0.0,0.0,0.0,0.0,0.0,97480.0,100000.0,0.0,0.0252,killed,daily_loss_limit,risk_killed_until_explicit_operator_restart,forecast_signal,False,NGV4@2024-09-26
2024-08-30 00:00:00+00:00,2024-08-30 00:00:00+00:00,NGV4@2024-09-26,99f302d27d23a2331bf8,-1.0,False,True,0.0,0.0,0.0,0.0,0.0,0.0,0.0,0.0,97480.0,100000.0,0.0,0.0252,killed,daily_loss_limit,risk_killed_until_explicit_operator_restart,forecast_signal,False,NGV4@2024-09-26
2024-09-01 00:00:00+00:00,2024-09-01 00:00:00+00:00,NGV4@2024-09-26,265453c22ca56ee2ad56,-1.0,False,True,0.0,0.0,0.0,0.0,0.0,0.0,0.0,0.0,97480.0,100000.0,0.0,0.0252,killed,daily_loss_limit,risk_killed_until_explicit_operator_restart,forecast_signal,False,NGV4@2024-09-26
2024-09-02 00:00:00+00:00,2024-09-02 00:00:00+00:00,NGV4@2024-09-26,265453c22ca56ee2ad56,-1.0,False,True,0.0,0.0,0.0,0.0,0.0,0.0,-0.0,-0.0,97480.0,100000.0,0.0,0.0252,killed,daily_loss_limit,risk_killed_until_explicit_operator_restart,forecast_signal,False,NGV4@2024-09-26
2024-09-03 00:00:00+00:00,2024-09-03 00:00:00+00:00,NGV4@2024-09-26,265453c22ca56ee2ad56,-1.0,False,True,0.0,0.0,0.0,0.0,0.0,0.0,0.0,0.0,97480.0,100000.0,0.0,0.0252,killed,daily_loss_limit,risk_killed_until_explicit_operator_restart,forecast_signal,False,NGV4@2024-09-26
2024-09-04 00:00:00+00:00,2024-09-04 00:00:00+00:00,NGV4@2024-09-26,78cb56dc29bf2e9a97ae,-1.0,False,True,0.0,0.0,0.0,0.0,0.0,0.0,-0.0,-0.0,97480.0,100000.0,0.0,0.0252,killed,daily_loss_limit,risk_killed_until_explicit_operator_restart,forecast_signal,False,NGV4@2024-09-26
2024-09-05 00:00:00+00:00,2024-09-05 00:00:00+00:00,NGV4@2024-09-26,1afb90b72e2bf171907a,0.0,True,True,0.0,0.0,0.0,0.0,0.0,0.0,0.0,0.0,97480.0,100000.0,0.0,0.0252,killed,daily_loss_limit,risk_killed_until_explicit_operator_restart,predicted_gross_pnl_not_above_round_trip_cost,False,NGV4@2024-09-26
2024-09-06 00:00:00+00:00,2024-09-06 00:00:00+00:00,NGV4@2024-09-26,02c72b4cb28688b8be71,-1.0,False,True,0.0,0.0,0.0,0.0,0.0,0.0,-0.0,-0.0,97480.0,100000.0,0.0,0.0252,killed,daily_loss_limit,risk_killed_until_explicit_operator_restart,forecast_signal,False,NGV4@2024-09-26
2024-09-08 00:00:00+00:00,2024-09-08 00:00:00+00:00,NGV4@2024-09-26,58542b6afacd053073b6,-1.0,False,True,0.0,0.0,0.0,0.0,0.0,0.0,-0.0,-0.0,97480.0,100000.0,0.0,0.0252,killed,daily_loss_limit,risk_killed_until_explicit_operator_restart,forecast_signal,False,NGV4@2024-09-26
2024-09-09 00:00:00+00:00,2024-09-09 00:00:00+00:00,NGV4@2024-09-26,58542b6afacd053073b6,-1.0,False,True,0.0,0.0,0.0,0.0,0.0,0.0,-0.0,-0.0,97480.0,100000.0,0.0,0.0252,killed,daily_loss_limit,risk_killed_until_explicit_operator_restart,forecast_signal,False,NGV4@2024-09-26
2024-09-10 00:00:00+00:00,2024-09-10 00:00:00+00:00,NGV4@2024-09-26,9ad7418842feeec9e100,-1.0,False,True,0.0,0.0,0.0,0.0,0.0,0.0,0.0,0.0,97480.0,100000.0,0.0,0.0252,killed,daily_loss_limit,risk_killed_until_explicit_operator_restart,forecast_signal,False,NGV4@2024-09-26
2024-09-11 00:00:00+00:00,2024-09-11 00:00:00+00:00,NGV4@2024-09-26,41f3de574a7ec3017d05,-1.0,False,True,0.0,0.0,0.0,0.0,0.0,0.0,0.0,0.0,97480.0,100000.0,0.0,0.0252,killed,daily_loss_limit,risk_killed_until_explicit_operator_restart,forecast_signal,False,NGV4@2024-09-26
2024-09-12 00:00:00+00:00,2024-09-12 00:00:00+00:00,NGV4@2024-09-26,51da57c3eb3f10216a0e,-1.0,False,True,0.0,0.0,0.0,0.0,0.0,0.0,0.0,0.0,97480.0,100000.0,0.0,0.0252,killed,daily_loss_limit,risk_killed_until_explicit_operator_restart,forecast_signal,False,NGV4@2024-09-26
2024-09-13 00:00:00+00:00,2024-09-13 00:00:00+00:00,NGV4@2024-09-26,7cbad0936a3de6b75663,-1.0,False,True,0.0,0.0,0.0,0.0,0.0,0.0,-0.0,-0.0,97480.0,100000.0,0.0,0.0252,killed,daily_loss_limit,risk_killed_until_explicit_operator_restart,forecast_signal,False,NGV4@2024-09-26
2024-09-15 00:00:00+00:00,2024-09-15 00:00:00+00:00,NGV4@2024-09-26,582dcc31504e94af7786,-1.0,False,True,0.0,0.0,0.0,0.0,0.0,0.0,-0.0,-0.0,97480.0,100000.0,0.0,0.0252,killed,daily_loss_limit,risk_killed_until_explicit_operator_restart,forecast_signal,False,NGV4@2024-09-26
2024-09-16 00:00:00+00:00,2024-09-16 00:00:00+00:00,NGV4@2024-09-26,582dcc31504e94af7786,-1.0,False,True,0.0,0.0,0.0,0.0,0.0,0.0,0.0,0.0,97480.0,100000.0,0.0,0.0252,killed,daily_loss_limit,risk_killed_until_explicit_operator_restart,forecast_signal,False,NGV4@2024-09-26
2024-09-17 00:00:00+00:00,2024-09-17 00:00:00+00:00,NGV4@2024-09-26,76b2e6edb707023f398b,-1.0,False,True,0.0,0.0,0.0,0.0,0.0,0.0,-0.0,-0.0,97480.0,100000.0,0.0,0.0252,killed,daily_loss_limit,risk_killed_until_explicit_operator_restart,forecast_signal,False,NGV4@2024-09-26
2024-09-18 00:00:00+00:00,2024-09-18 00:00:00+00:00,NGV4@2024-09-26,28bea5815f8af728cfa8,-1.0,False,True,0.0,0.0,0.0,0.0,0.0,0.0,-0.0,-0.0,97480.0,100000.0,0.0,0.0252,killed,daily_loss_limit,risk_killed_until_explicit_operator_restart,forecast_signal,False,NGV4@2024-09-26
2024-09-19 00:00:00+00:00,2024-09-19 00:00:00+00:00,NGV4@2024-09-26,adc839d635007708f459,-1.0,False,True,0.0,0.0,0.0,0.0,0.0,0.0,0.0,0.0,97480.0,100000.0,0.0,0.0252,killed,daily_loss_limit,risk_killed_until_explicit_operator_restart,forecast_signal,False,NGV4@2024-09-26
2024-09-20 00:00:00+00:00,2024-09-20 00:00:00+00:00,NGV4@2024-09-26,8aa59c71f542841b9d0a,-1.0,False,True,0.0,0.0,0.0,0.0,0.0,0.0,0.0,0.0,97480.0,100000.0,0.0,0.0252,killed,daily_loss_limit,risk_killed_until_explicit_operator_restart,forecast_signal,False,NGV4@2024-09-26
2024-09-22 00:00:00+00:00,2024-09-22 00:00:00+00:00,NGV4@2024-09-26,7098879bb70bdf210751,-1.0,False,True,0.0,0.0,0.0,0.0,0.0,0.0,0.0,0.0,97480.0,100000.0,0.0,0.0252,killed,daily_loss_limit,risk_killed_until_explicit_operator_restart,forecast_signal,False,NGV4@2024-09-26
2024-09-23 00:00:00+00:00,2024-09-23 00:00:00+00:00,NGV4@2024-09-26,7098879bb70bdf210751,-1.0,False,True,0.0,0.0,0.0,0.0,0.0,0.0,0.0,0.0,97480.0,100000.0,0.0,0.0252,killed,daily_loss_limit,risk_killed_until_explicit_operator_restart,forecast_signal,False,NGV4@2024-09-26
2024-09-24 00:00:00+00:00,2024-09-24 00:00:00+00:00,NGV4@2024-09-26,19fc87f9a2177fe2d67b,-1.0,False,True,0.0,0.0,0.0,0.0,0.0,0.0,-0.0,-0.0,97480.0,100000.0,0.0,0.0252,killed,daily_loss_limit,risk_killed_until_explicit_operator_restart,forecast_signal,False,NGX4@2024-10-29
2024-09-25 00:00:00+00:00,2024-09-25 00:00:00+00:00,NGX4@2024-10-29,ca575f2636fe75ad472d,1.0,False,True,0.0,0.0,0.0,0.0,0.0,0.0,0.0,0.0,97480.0,100000.0,0.0,0.0252,killed,daily_loss_limit,risk_killed_until_explicit_operator_restart,forecast_signal,False,NGX4@2024-10-29
2024-09-26 00:00:00+00:00,2024-09-26 00:00:00+00:00,NGX4@2024-10-29,41fd1fb3ee3c6891a0b8,1.0,False,True,0.0,0.0,0.0,0.0,0.0,0.0,-0.0,-0.0,97480.0,100000.0,0.0,0.0252,killed,daily_loss_limit,risk_killed_until_explicit_operator_restart,forecast_signal,False,NGX4@2024-10-29
2024-09-27 00:00:00+00:00,2024-09-27 00:00:00+00:00,NGX4@2024-10-29,6ac60d9f2c7e4d253e1a,-1.0,False,True,0.0,0.0,0.0,0.0,0.0,0.0,0.0,0.0,97480.0,100000.0,0.0,0.0252,killed,daily_loss_limit,risk_killed_until_explicit_operator_restart,forecast_signal,False,NGX4@2024-10-29
2024-09-29 00:00:00+00:00,2024-09-29 00:00:00+00:00,NGX4@2024-10-29,9de5e64ccd7ea888f923,-1.0,False,True,0.0,0.0,0.0,0.0,0.0,0.0,-0.0,-0.0,97480.0,100000.0,0.0,0.0252,killed,daily_loss_limit,risk_killed_until_explicit_operator_restart,forecast_signal,False,NGX4@2024-10-29
2024-09-30 00:00:00+00:00,2024-09-30 00:00:00+00:00,NGX4@2024-10-29,9de5e64ccd7ea888f923,-1.0,False,True,0.0,0.0,0.0,0.0,0.0,0.0,0.0,0.0,97480.0,100000.0,0.0,0.0252,killed,daily_loss_limit,risk_killed_until_explicit_operator_restart,forecast_signal,False,NGX4@2024-10-29
2024-10-01 00:00:00+00:00,2024-10-01 00:00:00+00:00,NGX4@2024-10-29,4ee1897481f5df7c6cd3,1.0,False,True,0.0,0.0,0.0,0.0,0.0,0.0,0.0,0.0,97480.0,100000.0,0.0,0.0252,killed,daily_loss_limit,risk_killed_until_explicit_operator_restart,forecast_signal,False,NGX4@2024-10-29
2024-10-02 00:00:00+00:00,2024-10-02 00:00:00+00:00,NGX4@2024-10-29,0bea434b8f4eb3e92be8,-1.0,False,True,0.0,0.0,0.0,0.0,0.0,0.0,0.0,0.0,97480.0,100000.0,0.0,0.0252,killed,daily_loss_limit,risk_killed_until_explicit_operator_restart,forecast_signal,False,NGX4@2024-10-29
2024-10-03 00:00:00+00:00,2024-10-03 00:00:00+00:00,NGX4@2024-10-29,7984163f97fa71a467c3,-1.0,False,True,0.0,0.0,0.0,0.0,0.0,0.0,0.0,0.0,97480.0,100000.0,0.0,0.0252,killed,daily_loss_limit,risk_killed_until_explicit_operator_restart,forecast_signal,False,NGX4@2024-10-29
2024-10-04 00:00:00+00:00,2024-10-04 00:00:00+00:00,NGX4@2024-10-29,8ce7b736f6ad9ebe02a0,-1.0,False,True,0.0,0.0,0.0,0.0,0.0,0.0,-0.0,-0.0,97480.0,100000.0,0.0,0.0252,killed,daily_loss_limit,risk_killed_until_explicit_operator_restart,forecast_signal,False,NGX4@2024-10-29
2024-10-06 00:00:00+00:00,2024-10-06 00:00:00+00:00,NGX4@2024-10-29,e2254133c984a59aff73,-1.0,False,True,0.0,0.0,0.0,0.0,0.0,0.0,-0.0,-0.0,97480.0,100000.0,0.0,0.0252,killed,daily_loss_limit,risk_killed_until_explicit_operator_restart,forecast_signal,False,NGX4@2024-10-29
2024-10-07 00:00:00+00:00,2024-10-07 00:00:00+00:00,NGX4@2024-10-29,e2254133c984a59aff73,-1.0,False,True,0.0,0.0,0.0,0.0,0.0,0.0,-0.0,-0.0,97480.0,100000.0,0.0,0.0252,killed,daily_loss_limit,risk_killed_until_explicit_operator_restart,forecast_signal,False,NGX4@2024-10-29
2024-10-08 00:00:00+00:00,2024-10-08 00:00:00+00:00,NGX4@2024-10-29,99c4359439de00a2c1ec,-1.0,False,True,0.0,0.0,0.0,0.0,0.0,0.0,-0.0,-0.0,97480.0,100000.0,0.0,0.0252,killed,daily_loss_limit,risk_killed_until_explicit_operator_restart,forecast_signal,False,NGX4@2024-10-29
2024-10-09 00:00:00+00:00,2024-10-09 00:00:00+00:00,NGX4@2024-10-29,3473495aedae02e2394e,-1.0,False,True,0.0,0.0,0.0,0.0,0.0,0.0,-0.0,-0.0,97480.0,100000.0,0.0,0.0252,killed,daily_loss_limit,risk_killed_until_explicit_operator_restart,forecast_signal,False,NGX4@2024-10-29
2024-10-10 00:00:00+00:00,2024-10-10 00:00:00+00:00,NGX4@2024-10-29,324492c047b5dde5c6c8,-1.0,False,True,0.0,0.0,0.0,0.0,0.0,0.0,0.0,0.0,97480.0,100000.0,0.0,0.0252,killed,daily_loss_limit,risk_killed_until_explicit_operator_restart,forecast_signal,False,NGX4@2024-10-29
2024-10-11 00:00:00+00:00,2024-10-11 00:00:00+00:00,NGX4@2024-10-29,2598ebb7ff475d7c233e,-1.0,False,True,0.0,0.0,0.0,0.0,0.0,0.0,-0.0,-0.0,97480.0,100000.0,0.0,0.0252,killed,daily_loss_limit,risk_killed_until_explicit_operator_restart,forecast_signal,False,NGX4@2024-10-29
2024-10-13 00:00:00+00:00,2024-10-13 00:00:00+00:00,NGX4@2024-10-29,dcdee6f53292b7fd6923,-1.0,False,True,0.0,0.0,0.0,0.0,0.0,0.0,-0.0,-0.0,97480.0,100000.0,0.0,0.0252,killed,daily_loss_limit,risk_killed_until_explicit_operator_restart,forecast_signal,False,NGX4@2024-10-29
2024-10-14 00:00:00+00:00,2024-10-14 00:00:00+00:00,NGX4@2024-10-29,dcdee6f53292b7fd6923,-1.0,False,True,0.0,0.0,0.0,0.0,0.0,0.0,-0.0,-0.0,97480.0,100000.0,0.0,0.0252,killed,daily_loss_limit,risk_killed_until_explicit_operator_restart,forecast_signal,False,NGX4@2024-10-29
2024-10-15 00:00:00+00:00,2024-10-15 00:00:00+00:00,NGX4@2024-10-29,988be4808d8488d81d6e,-1.0,False,True,0.0,0.0,0.0,0.0,0.0,0.0,0.0,0.0,97480.0,100000.0,0.0,0.0252,killed,daily_loss_limit,risk_killed_until_explicit_operator_restart,forecast_signal,False,NGX4@2024-10-29
2024-10-16 00:00:00+00:00,2024-10-16 00:00:00+00:00,NGX4@2024-10-29,079fab795fc6c6aade04,-1.0,False,True,0.0,0.0,0.0,0.0,0.0,0.0,-0.0,-0.0,97480.0,100000.0,0.0,0.0252,killed,daily_loss_limit,risk_killed_until_explicit_operator_restart,forecast_signal,False,NGX4@2024-10-29
2024-10-17 00:00:00+00:00,2024-10-17 00:00:00+00:00,NGX4@2024-10-29,7e095144d236c7b87390,-1.0,False,True,0.0,0.0,0.0,0.0,0.0,0.0,-0.0,-0.0,97480.0,100000.0,0.0,0.0252,killed,daily_loss_limit,risk_killed_until_explicit_operator_restart,forecast_signal,False,NGX4@2024-10-29
2024-10-18 00:00:00+00:00,2024-10-18 00:00:00+00:00,NGX4@2024-10-29,5cdada97824a88817fc8,1.0,False,True,0.0,0.0,0.0,0.0,0.0,0.0,-0.0,-0.0,97480.0,100000.0,0.0,0.0252,killed,daily_loss_limit,risk_killed_until_explicit_operator_restart,forecast_signal,False,NGX4@2024-10-29
2024-10-20 00:00:00+00:00,2024-10-20 00:00:00+00:00,NGX4@2024-10-29,1a14ceae49fedadf1d60,1.0,False,True,0.0,0.0,0.0,0.0,0.0,0.0,0.0,0.0,97480.0,100000.0,0.0,0.0252,killed,daily_loss_limit,risk_killed_until_explicit_operator_restart,forecast_signal,False,NGX4@2024-10-29
2024-10-21 00:00:00+00:00,2024-10-21 00:00:00+00:00,NGX4@2024-10-29,1a14ceae49fedadf1d60,1.0,False,True,0.0,0.0,0.0,0.0,0.0,0.0,0.0,0.0,97480.0,100000.0,0.0,0.0252,killed,daily_loss_limit,risk_killed_until_explicit_operator_restart,forecast_signal,False,NGX4@2024-10-29
2024-10-22 00:00:00+00:00,2024-10-22 00:00:00+00:00,NGX4@2024-10-29,2bed172fb565531669e9,1.0,False,True,0.0,0.0,0.0,0.0,0.0,0.0,-0.0,-0.0,97480.0,100000.0,0.0,0.0252,killed,daily_loss_limit,risk_killed_until_explicit_operator_restart,forecast_signal,False,NGX4@2024-10-29
2024-10-23 00:00:00+00:00,2024-10-23 00:00:00+00:00,NGX4@2024-10-29,1da925b428c3fc1dd046,1.0,False,True,0.0,0.0,0.0,0.0,0.0,0.0,0.0,0.0,97480.0,100000.0,0.0,0.0252,killed,daily_loss_limit,risk_killed_until_explicit_operator_restart,forecast_signal,False,NGX4@2024-10-29
2024-10-24 00:00:00+00:00,2024-10-24 00:00:00+00:00,NGX4@2024-10-29,1da925b428c3fc1dd046,1.0,False,True,0.0,0.0,0.0,0.0,0.0,0.0,0.0,0.0,97480.0,100000.0,0.0,0.0252,killed,daily_loss_limit,risk_killed_until_explicit_operator_restart,forecast_signal,False,NGX4@2024-10-29
2024-10-25 00:00:00+00:00,2024-10-25 00:00:00+00:00,NGX4@2024-10-29,1da925b428c3fc1dd046,1.0,False,True,0.0,0.0,0.0,0.0,0.0,0.0,-0.0,-0.0,97480.0,100000.0,0.0,0.0252,killed,daily_loss_limit,risk_killed_until_explicit_operator_restart,forecast_signal,False,NGX4@2024-10-29
2024-10-27 00:00:00+00:00,2024-10-27 00:00:00+00:00,NGX4@2024-10-29,1da925b428c3fc1dd046,1.0,False,True,0.0,0.0,0.0,0.0,0.0,0.0,-0.0,-0.0,97480.0,100000.0,0.0,0.0252,killed,daily_loss_limit,risk_killed_until_explicit_operator_restart,forecast_signal,False,NGX4@2024-10-29
2024-10-28 00:00:00+00:00,2024-10-28 00:00:00+00:00,NGX4@2024-10-29,1da925b428c3fc1dd046,1.0,False,True,0.0,0.0,0.0,0.0,0.0,0.0,-0.0,-0.0,97480.0,100000.0,0.0,0.0252,killed,daily_loss_limit,risk_killed_until_explicit_operator_restart,forecast_signal,False,NGX4@2024-10-29
2024-10-29 00:00:00+00:00,2024-10-29 00:00:00+00:00,NGX4@2024-10-29,,0.0,True,True,0.0,0.0,0.0,0.0,0.0,0.0,0.0,0.0,97480.0,100000.0,0.0,0.0252,killed,daily_loss_limit,risk_killed_until_explicit_operator_restart,forecast_horizon_expired,False,
2024-10-30 00:00:00+00:00,2024-10-30 00:00:00+00:00,NGZ4@2024-11-26,,0.0,True,True,0.0,0.0,0.0,0.0,0.0,0.0,-0.0,-0.0,97480.0,100000.0,0.0,0.0252,killed,daily_loss_limit,risk_killed_until_explicit_operator_restart,forecast_horizon_expired,False,NGZ4@2024-11-26
2024-10-31 00:00:00+00:00,2024-10-31 00:00:00+00:00,NGZ4@2024-11-26,,0.0,True,True,0.0,0.0,0.0,0.0,0.0,0.0,-0.0,-0.0,97480.0,100000.0,0.0,0.0252,killed,daily_loss_limit,risk_killed_until_explicit_operator_restart,forecast_horizon_expired,False,NGZ4@2024-11-26
2024-11-01 00:00:00+00:00,2024-11-01 00:00:00+00:00,NGZ4@2024-11-26,a48734f7c04edbc16dee,-1.0,False,True,0.0,0.0,0.0,0.0,0.0,0.0,-0.0,-0.0,97480.0,100000.0,0.0,0.0252,killed,daily_loss_limit,risk_killed_until_explicit_operator_restart,forecast_signal,False,NGZ4@2024-11-26
2024-11-03 00:00:00+00:00,2024-11-03 00:00:00+00:00,NGZ4@2024-11-26,a7b963a6708ad2de3f1c,-1.0,False,True,0.0,0.0,0.0,0.0,0.0,0.0,0.0,0.0,97480.0,100000.0,0.0,0.0252,killed,daily_loss_limit,risk_killed_until_explicit_operator_restart,forecast_signal,False,NGZ4@2024-11-26
2024-11-04 00:00:00+00:00,2024-11-04 00:00:00+00:00,NGZ4@2024-11-26,a7b963a6708ad2de3f1c,-1.0,False,True,0.0,0.0,0.0,0.0,0.0,0.0,0.0,0.0,97480.0,100000.0,0.0,0.0252,killed,daily_loss_limit,risk_killed_until_explicit_operator_restart,forecast_signal,False,NGZ4@2024-11-26
2024-11-05 00:00:00+00:00,2024-11-05 00:00:00+00:00,NGZ4@2024-11-26,bdfc7cfeeedad3998b30,-1.0,False,True,0.0,0.0,0.0,0.0,0.0,0.0,-0.0,-0.0,97480.0,100000.0,0.0,0.0252,killed,daily_loss_limit,risk_killed_until_explicit_operator_restart,forecast_signal,False,NGZ4@2024-11-26
2024-11-06 00:00:00+00:00,2024-11-06 00:00:00+00:00,NGZ4@2024-11-26,c0faf26b55f747ab5bcf,-1.0,False,True,0.0,0.0,0.0,0.0,0.0,0.0,0.0,0.0,97480.0,100000.0,0.0,0.0252,killed,daily_loss_limit,risk_killed_until_explicit_operator_restart,forecast_signal,False,NGZ4@2024-11-26
2024-11-07 00:00:00+00:00,2024-11-07 00:00:00+00:00,NGZ4@2024-11-26,fca59ddb8b79f97e5fb8,-1.0,False,True,0.0,0.0,0.0,0.0,0.0,0.0,-0.0,-0.0,97480.0,100000.0,0.0,0.0252,killed,daily_loss_limit,risk_killed_until_explicit_operator_restart,forecast_signal,False,NGZ4@2024-11-26
2024-11-08 00:00:00+00:00,2024-11-08 00:00:00+00:00,NGZ4@2024-11-26,e1b118b671699441a03d,-1.0,False,True,0.0,0.0,0.0,0.0,0.0,0.0,0.0,0.0,97480.0,100000.0,0.0,0.0252,killed,daily_loss_limit,risk_killed_until_explicit_operator_restart,forecast_signal,False,NGZ4@2024-11-26
2024-11-10 00:00:00+00:00,2024-11-10 00:00:00+00:00,NGZ4@2024-11-26,3aaa8dbd70d5ac92873f,-1.0,False,True,0.0,0.0,0.0,0.0,0.0,0.0,0.0,0.0,97480.0,100000.0,0.0,0.0252,killed,daily_loss_limit,risk_killed_until_explicit_operator_restart,forecast_signal,False,NGZ4@2024-11-26
2024-11-11 00:00:00+00:00,2024-11-11 00:00:00+00:00,NGZ4@2024-11-26,3aaa8dbd70d5ac92873f,-1.0,False,True,0.0,0.0,0.0,0.0,0.0,0.0,0.0,0.0,97480.0,100000.0,0.0,0.0252,killed,daily_loss_limit,risk_killed_until_explicit_operator_restart,forecast_signal,False,NGZ4@2024-11-26
2024-11-12 00:00:00+00:00,2024-11-12 00:00:00+00:00,NGZ4@2024-11-26,ba0ce05ec482153d44f1,-1.0,False,True,0.0,0.0,0.0,0.0,0.0,0.0,-0.0,-0.0,97480.0,100000.0,0.0,0.0252,killed,daily_loss_limit,risk_killed_until_explicit_operator_restart,forecast_signal,False,NGZ4@2024-11-26
2024-11-13 00:00:00+00:00,2024-11-13 00:00:00+00:00,NGZ4@2024-11-26,5c5a8f7babf05c48c1b2,-1.0,False,True,0.0,0.0,0.0,0.0,0.0,0.0,0.0,0.0,97480.0,100000.0,0.0,0.0252,killed,daily_loss_limit,risk_killed_until_explicit_operator_restart,forecast_signal,False,NGZ4@2024-11-26
2024-11-14 00:00:00+00:00,2024-11-14 00:00:00+00:00,NGZ4@2024-11-26,7e59455795ed15d18acf,-1.0,False,True,0.0,0.0,0.0,0.0,0.0,0.0,-0.0,-0.0,97480.0,100000.0,0.0,0.0252,killed,daily_loss_limit,risk_killed_until_explicit_operator_restart,forecast_signal,False,NGZ4@2024-11-26
2024-11-15 00:00:00+00:00,2024-11-15 00:00:00+00:00,NGZ4@2024-11-26,f9634792db8afcfbf1bd,-1.0,False,True,0.0,0.0,0.0,0.0,0.0,0.0,0.0,0.0,97480.0,100000.0,0.0,0.0252,killed,daily_loss_limit,risk_killed_until_explicit_operator_restart,forecast_signal,False,NGZ4@2024-11-26
2024-11-17 00:00:00+00:00,2024-11-17 00:00:00+00:00,NGZ4@2024-11-26,c0b3b9520605005bec8a,-1.0,False,True,0.0,0.0,0.0,0.0,0.0,0.0,0.0,0.0,97480.0,100000.0,0.0,0.0252,killed,daily_loss_limit,risk_killed_until_explicit_operator_restart,forecast_signal,False,NGZ4@2024-11-26
2024-11-18 00:00:00+00:00,2024-11-18 00:00:00+00:00,NGZ4@2024-11-26,c0b3b9520605005bec8a,-1.0,False,True,0.0,0.0,0.0,0.0,0.0,0.0,0.0,0.0,97480.0,100000.0,0.0,0.0252,killed,daily_loss_limit,risk_killed_until_explicit_operator_restart,forecast_signal,False,NGZ4@2024-11-26
2024-11-19 00:00:00+00:00,2024-11-19 00:00:00+00:00,NGZ4@2024-11-26,6caed11a0ed35fd635f3,-1.0,False,True,0.0,0.0,0.0,0.0,0.0,0.0,0.0,0.0,97480.0,100000.0,0.0,0.0252,killed,daily_loss_limit,risk_killed_until_explicit_operator_restart,forecast_signal,False,NGZ4@2024-11-26
2024-11-20 00:00:00+00:00,2024-11-20 00:00:00+00:00,NGZ4@2024-11-26,98c316255ec2b0bf15fc,-1.0,False,True,0.0,0.0,0.0,0.0,0.0,0.0,0.0,0.0,97480.0,100000.0,0.0,0.0252,killed,daily_loss_limit,risk_killed_until_explicit_operator_restart,forecast_signal,False,NGZ4@2024-11-26
2024-11-21 00:00:00+00:00,2024-11-21 00:00:00+00:00,NGZ4@2024-11-26,98c316255ec2b0bf15fc,-1.0,False,True,0.0,0.0,0.0,0.0,0.0,0.0,0.0,0.0,97480.0,100000.0,0.0,0.0252,killed,daily_loss_limit,risk_killed_until_explicit_operator_restart,forecast_signal,False,NGZ4@2024-11-26
2024-11-22 00:00:00+00:00,2024-11-22 00:00:00+00:00,NGZ4@2024-11-26,98c316255ec2b0bf15fc,-1.0,False,True,0.0,0.0,0.0,0.0,0.0,0.0,-0.0,-0.0,97480.0,100000.0,0.0,0.0252,killed,daily_loss_limit,risk_killed_until_explicit_operator_restart,forecast_signal,False,NGZ4@2024-11-26
2024-11-24 00:00:00+00:00,2024-11-24 00:00:00+00:00,NGZ4@2024-11-26,98c316255ec2b0bf15fc,-1.0,False,True,0.0,0.0,0.0,0.0,0.0,0.0,0.0,0.0,97480.0,100000.0,0.0,0.0252,killed,daily_loss_limit,risk_killed_until_explicit_operator_restart,forecast_signal,False,NGZ4@2024-11-26
2024-11-25 00:00:00+00:00,2024-11-25 00:00:00+00:00,NGZ4@2024-11-26,98c316255ec2b0bf15fc,-1.0,False,True,0.0,0.0,0.0,0.0,0.0,0.0,-0.0,-0.0,97480.0,100000.0,0.0,0.0252,killed,daily_loss_limit,risk_killed_until_explicit_operator_restart,forecast_signal,False,NGZ4@2024-11-26
2024-11-26 00:00:00+00:00,2024-11-26 00:00:00+00:00,NGZ4@2024-11-26,,0.0,True,True,0.0,0.0,0.0,0.0,0.0,0.0,0.0,0.0,97480.0,100000.0,0.0,0.0252,killed,daily_loss_limit,risk_killed_until_explicit_operator_restart,forecast_horizon_expired,False,
2024-11-28 00:00:00+00:00,2024-11-28 00:00:00+00:00,NGF5@2024-12-27,,0.0,True,True,0.0,0.0,0.0,0.0,0.0,0.0,0.0,0.0,97480.0,100000.0,0.0,0.0252,killed,daily_loss_limit,risk_killed_until_explicit_operator_restart,forecast_horizon_expired,False,NGF5@2024-12-27
2024-11-29 00:00:00+00:00,2024-11-29 00:00:00+00:00,NGF5@2024-12-27,,0.0,True,True,0.0,0.0,0.0,0.0,0.0,0.0,-0.0,-0.0,97480.0,100000.0,0.0,0.0252,killed,daily_loss_limit,risk_killed_until_explicit_operator_restart,forecast_horizon_expired,False,NGF5@2024-12-27
2024-12-01 00:00:00+00:00,2024-12-01 00:00:00+00:00,NGF5@2024-12-27,,0.0,True,True,0.0,0.0,0.0,0.0,0.0,0.0,-0.0,-0.0,97480.0,100000.0,0.0,0.0252,killed,daily_loss_limit,risk_killed_until_explicit_operator_restart,forecast_horizon_expired,False,NGF5@2024-12-27
2024-12-02 00:00:00+00:00,2024-12-02 00:00:00+00:00,NGF5@2024-12-27,,0.0,True,True,0.0,0.0,0.0,0.0,0.0,0.0,-0.0,-0.0,97480.0,100000.0,0.0,0.0252,killed,daily_loss_limit,risk_killed_until_explicit_operator_restart,forecast_horizon_expired,False,NGF5@2024-12-27
2024-12-03 00:00:00+00:00,2024-12-03 00:00:00+00:00,NGF5@2024-12-27,4efdaceaa8acac8e761a,-1.0,False,True,0.0,0.0,0.0,0.0,0.0,0.0,-0.0,-0.0,97480.0,100000.0,0.0,0.0252,killed,daily_loss_limit,risk_killed_until_explicit_operator_restart,forecast_signal,False,NGF5@2024-12-27
2024-12-04 00:00:00+00:00,2024-12-04 00:00:00+00:00,NGF5@2024-12-27,ce640634c3a760661723,-1.0,False,True,0.0,0.0,0.0,0.0,0.0,0.0,0.0,0.0,97480.0,100000.0,0.0,0.0252,killed,daily_loss_limit,risk_killed_until_explicit_operator_restart,forecast_signal,False,NGF5@2024-12-27
2024-12-05 00:00:00+00:00,2024-12-05 00:00:00+00:00,NGF5@2024-12-27,0e4aac0a1e1a0f887a2d,-1.0,False,True,0.0,0.0,0.0,0.0,0.0,0.0,0.0,0.0,97480.0,100000.0,0.0,0.0252,killed,daily_loss_limit,risk_killed_until_explicit_operator_restart,forecast_signal,False,NGF5@2024-12-27
2024-12-06 00:00:00+00:00,2024-12-06 00:00:00+00:00,NGF5@2024-12-27,2a9f3932a26e42defc66,-1.0,False,True,0.0,0.0,0.0,0.0,0.0,0.0,0.0,0.0,97480.0,100000.0,0.0,0.0252,killed,daily_loss_limit,risk_killed_until_explicit_operator_restart,forecast_signal,False,NGF5@2024-12-27
2024-12-08 00:00:00+00:00,2024-12-08 00:00:00+00:00,NGF5@2024-12-27,7f7848e6513c1da0dc9c,-1.0,False,True,0.0,0.0,0.0,0.0,0.0,0.0,0.0,0.0,97480.0,100000.0,0.0,0.0252,killed,daily_loss_limit,risk_killed_until_explicit_operator_restart,forecast_signal,False,NGF5@2024-12-27
2024-12-09 00:00:00+00:00,2024-12-09 00:00:00+00:00,NGF5@2024-12-27,7f7848e6513c1da0dc9c,-1.0,False,True,0.0,0.0,0.0,0.0,0.0,0.0,-0.0,-0.0,97480.0,100000.0,0.0,0.0252,killed,daily_loss_limit,risk_killed_until_explicit_operator_restart,forecast_signal,False,NGF5@2024-12-27
2024-12-10 00:00:00+00:00,2024-12-10 00:00:00+00:00,NGF5@2024-12-27,8e22380ac09f9f64714a,-1.0,False,True,0.0,0.0,0.0,0.0,0.0,0.0,0.0,0.0,97480.0,100000.0,0.0,0.0252,killed,daily_loss_limit,risk_killed_until_explicit_operator_restart,forecast_signal,False,NGF5@2024-12-27
2024-12-11 00:00:00+00:00,2024-12-11 00:00:00+00:00,NGF5@2024-12-27,ae78eb262358d11db575,-1.0,False,True,0.0,0.0,0.0,0.0,0.0,0.0,0.0,0.0,97480.0,100000.0,0.0,0.0252,killed,daily_loss_limit,risk_killed_until_explicit_operator_restart,forecast_signal,False,NGF5@2024-12-27
2024-12-12 00:00:00+00:00,2024-12-12 00:00:00+00:00,NGF5@2024-12-27,0ebd9c1468a65eef7d42,-1.0,False,True,0.0,0.0,0.0,0.0,0.0,0.0,0.0,0.0,97480.0,100000.0,0.0,0.0252,killed,daily_loss_limit,risk_killed_until_explicit_operator_restart,forecast_signal,False,NGF5@2024-12-27
2024-12-13 00:00:00+00:00,2024-12-13 00:00:00+00:00,NGF5@2024-12-27,ddc2a3b07cecb5a9e805,-1.0,False,True,0.0,0.0,0.0,0.0,0.0,0.0,-0.0,-0.0,97480.0,100000.0,0.0,0.0252,killed,daily_loss_limit,risk_killed_until_explicit_operator_restart,forecast_signal,False,NGF5@2024-12-27
2024-12-15 00:00:00+00:00,2024-12-15 00:00:00+00:00,NGF5@2024-12-27,3e4575db207a8be01821,-1.0,False,True,0.0,0.0,0.0,0.0,0.0,0.0,0.0,0.0,97480.0,100000.0,0.0,0.0252,killed,daily_loss_limit,risk_killed_until_explicit_operator_restart,forecast_signal,False,NGF5@2024-12-27
2024-12-16 00:00:00+00:00,2024-12-16 00:00:00+00:00,NGF5@2024-12-27,3e4575db207a8be01821,-1.0,False,True,0.0,0.0,0.0,0.0,0.0,0.0,-0.0,-0.0,97480.0,100000.0,0.0,0.0252,killed,daily_loss_limit,risk_killed_until_explicit_operator_restart,forecast_signal,False,NGF5@2024-12-27
2024-12-17 00:00:00+00:00,2024-12-17 00:00:00+00:00,NGF5@2024-12-27,a6b74c030a85e8b92e46,-1.0,False,True,0.0,0.0,0.0,0.0,0.0,0.0,0.0,0.0,97480.0,100000.0,0.0,0.0252,killed,daily_loss_limit,risk_killed_until_explicit_operator_restart,forecast_signal,False,NGF5@2024-12-27
2024-12-18 00:00:00+00:00,2024-12-18 00:00:00+00:00,NGF5@2024-12-27,126578f2c3ea367d32d9,-1.0,False,True,0.0,0.0,0.0,0.0,0.0,0.0,0.0,0.0,97480.0,100000.0,0.0,0.0252,killed,daily_loss_limit,risk_killed_until_explicit_operator_restart,forecast_signal,False,NGF5@2024-12-27
2024-12-19 00:00:00+00:00,2024-12-19 00:00:00+00:00,NGF5@2024-12-27,b8d3342a220726b1fbfd,-1.0,False,True,0.0,0.0,0.0,0.0,0.0,0.0,0.0,0.0,97480.0,100000.0,0.0,0.0252,killed,daily_loss_limit,risk_killed_until_explicit_operator_restart,forecast_signal,False,NGF5@2024-12-27
2024-12-20 00:00:00+00:00,2024-12-20 00:00:00+00:00,NGF5@2024-12-27,a657c98cb17a639e69a2,-1.0,False,True,0.0,0.0,0.0,0.0,0.0,0.0,0.0,0.0,97480.0,100000.0,0.0,0.0252,killed,daily_loss_limit,risk_killed_until_explicit_operator_restart,forecast_signal,False,NGF5@2024-12-27
2024-12-22 00:00:00+00:00,2024-12-22 00:00:00+00:00,NGF5@2024-12-27,2e1924ef66109c0ba71d,-1.0,False,True,0.0,0.0,0.0,0.0,0.0,0.0,-0.0,-0.0,97480.0,100000.0,0.0,0.0252,killed,daily_loss_limit,risk_killed_until_explicit_operator_restart,forecast_signal,False,NGF5@2024-12-27
2024-12-23 00:00:00+00:00,2024-12-23 00:00:00+00:00,NGF5@2024-12-27,2e1924ef66109c0ba71d,-1.0,False,True,0.0,0.0,0.0,0.0,0.0,0.0,-0.0,-0.0,97480.0,100000.0,0.0,0.0252,killed,daily_loss_limit,risk_killed_until_explicit_operator_restart,forecast_signal,False,NGF5@2024-12-27
2024-12-24 00:00:00+00:00,2024-12-24 00:00:00+00:00,NGF5@2024-12-27,6b5b14db258516b65430,-1.0,False,True,0.0,0.0,0.0,0.0,0.0,0.0,0.0,0.0,97480.0,100000.0,0.0,0.0252,killed,daily_loss_limit,risk_killed_until_explicit_operator_restart,forecast_signal,False,NGF5@2024-12-27
2024-12-25 00:00:00+00:00,2024-12-25 00:00:00+00:00,NGF5@2024-12-27,e3de11312bdd1093085b,-1.0,False,True,0.0,0.0,0.0,0.0,0.0,0.0,-0.0,-0.0,97480.0,100000.0,0.0,0.0252,killed,daily_loss_limit,risk_killed_until_explicit_operator_restart,forecast_signal,False,NGF5@2024-12-27
2024-12-26 00:00:00+00:00,2024-12-26 00:00:00+00:00,NGF5@2024-12-27,e3de11312bdd1093085b,-1.0,False,True,0.0,0.0,0.0,0.0,0.0,0.0,-0.0,-0.0,97480.0,100000.0,0.0,0.0252,killed,daily_loss_limit,risk_killed_until_explicit_operator_restart,forecast_signal,False,NGG5@2025-01-29
2024-12-27 00:00:00+00:00,2024-12-27 00:00:00+00:00,NGG5@2025-01-29,4b51cdb9e55185a3d715,-1.0,False,True,0.0,0.0,0.0,0.0,0.0,0.0,0.0,0.0,97480.0,100000.0,0.0,0.0252,killed,daily_loss_limit,risk_killed_until_explicit_operator_restart,forecast_signal,False,NGG5@2025-01-29
2024-12-29 00:00:00+00:00,2024-12-29 00:00:00+00:00,NGG5@2025-01-29,edcc19a8692baf0db61e,-1.0,False,True,0.0,0.0,0.0,0.0,0.0,0.0,0.0,0.0,97480.0,100000.0,0.0,0.0252,killed,daily_loss_limit,risk_killed_until_explicit_operator_restart,forecast_signal,False,NGG5@2025-01-29
2024-12-30 00:00:00+00:00,2024-12-30 00:00:00+00:00,NGG5@2025-01-29,edcc19a8692baf0db61e,-1.0,False,True,0.0,0.0,0.0,0.0,0.0,0.0,0.0,0.0,97480.0,100000.0,0.0,0.0252,killed,daily_loss_limit,risk_killed_until_explicit_operator_restart,forecast_signal,False,NGG5@2025-01-29
2024-12-31 00:00:00+00:00,2024-12-31 00:00:00+00:00,NGG5@2025-01-29,88b27c7674d225302c55,-1.0,False,True,0.0,0.0,0.0,0.0,0.0,0.0,-0.0,-0.0,97480.0,100000.0,0.0,0.0252,killed,daily_loss_limit,risk_killed_until_explicit_operator_restart,forecast_signal,False,NGG5@2025-01-29
2025-01-01 00:00:00+00:00,2025-01-01 00:00:00+00:00,NGG5@2025-01-29,a55be53d78b2d990feb6,-1.0,False,True,0.0,0.0,0.0,0.0,0.0,0.0,-0.0,-0.0,97480.0,100000.0,0.0,0.0252,killed,daily_loss_limit,risk_killed_until_explicit_operator_restart,forecast_signal,False,NGG5@2025-01-29
2025-01-02 00:00:00+00:00,2025-01-02 00:00:00+00:00,NGG5@2025-01-29,a55be53d78b2d990feb6,-1.0,False,True,0.0,0.0,0.0,0.0,0.0,0.0,0.0,0.0,97480.0,100000.0,0.0,0.0252,killed,daily_loss_limit,risk_killed_until_explicit_operator_restart,forecast_signal,False,NGG5@2025-01-29
2025-01-03 00:00:00+00:00,2025-01-03 00:00:00+00:00,NGG5@2025-01-29,06e0ca7954ecc414d770,-1.0,False,True,0.0,0.0,0.0,0.0,0.0,0.0,-0.0,-0.0,97480.0,100000.0,0.0,0.0252,killed,daily_loss_limit,risk_killed_until_explicit_operator_restart,forecast_signal,False,NGG5@2025-01-29
2025-01-05 00:00:00+00:00,2025-01-05 00:00:00+00:00,NGG5@2025-01-29,229b3315974d665c7ccb,-1.0,False,True,0.0,0.0,0.0,0.0,0.0,0.0,-0.0,-0.0,97480.0,100000.0,0.0,0.0252,killed,daily_loss_limit,risk_killed_until_explicit_operator_restart,forecast_signal,False,NGG5@2025-01-29
2025-01-06 00:00:00+00:00,2025-01-06 00:00:00+00:00,NGG5@2025-01-29,229b3315974d665c7ccb,-1.0,False,True,0.0,0.0,0.0,0.0,0.0,0.0,0.0,0.0,97480.0,100000.0,0.0,0.0252,killed,daily_loss_limit,risk_killed_until_explicit_operator_restart,forecast_signal,False,NGG5@2025-01-29
2025-01-07 00:00:00+00:00,2025-01-07 00:00:00+00:00,NGG5@2025-01-29,89c6029c8be99caecb7c,-1.0,False,True,0.0,0.0,0.0,0.0,0.0,0.0,-0.0,-0.0,97480.0,100000.0,0.0,0.0252,killed,daily_loss_limit,risk_killed_until_explicit_operator_restart,forecast_signal,False,NGG5@2025-01-29
2025-01-08 00:00:00+00:00,2025-01-08 00:00:00+00:00,NGG5@2025-01-29,0183cf47d43e25f1b8cd,-1.0,False,True,0.0,0.0,0.0,0.0,0.0,0.0,0.0,0.0,97480.0,100000.0,0.0,0.0252,killed,daily_loss_limit,risk_killed_until_explicit_operator_restart,forecast_signal,False,NGG5@2025-01-29
2025-01-09 00:00:00+00:00,2025-01-09 00:00:00+00:00,NGG5@2025-01-29,c91bdefd33c6c5002135,-1.0,False,True,0.0,0.0,0.0,0.0,0.0,0.0,0.0,0.0,97480.0,100000.0,0.0,0.0252,killed,daily_loss_limit,risk_killed_until_explicit_operator_restart,forecast_signal,False,NGG5@2025-01-29
2025-01-10 00:00:00+00:00,2025-01-10 00:00:00+00:00,NGG5@2025-01-29,0b0a5780f43a872806ac,-1.0,False,True,0.0,0.0,0.0,0.0,0.0,0.0,0.0,0.0,97480.0,100000.0,0.0,0.0252,killed,daily_loss_limit,risk_killed_until_explicit_operator_restart,forecast_signal,False,NGG5@2025-01-29
2025-01-12 00:00:00+00:00,2025-01-12 00:00:00+00:00,NGG5@2025-01-29,290868a3272d0775e240,-1.0,False,True,0.0,0.0,0.0,0.0,0.0,0.0,-0.0,-0.0,97480.0,100000.0,0.0,0.0252,killed,daily_loss_limit,risk_killed_until_explicit_operator_restart,forecast_signal,False,NGG5@2025-01-29
2025-01-13 00:00:00+00:00,2025-01-13 00:00:00+00:00,NGG5@2025-01-29,290868a3272d0775e240,-1.0,False,True,0.0,0.0,0.0,0.0,0.0,0.0,-0.0,-0.0,97480.0,100000.0,0.0,0.0252,killed,daily_loss_limit,risk_killed_until_explicit_operator_restart,forecast_signal,False,NGG5@2025-01-29
2025-01-14 00:00:00+00:00,2025-01-14 00:00:00+00:00,NGG5@2025-01-29,02adb171160e9a2884ca,-1.0,False,True,0.0,0.0,0.0,0.0,0.0,0.0,0.0,0.0,97480.0,100000.0,0.0,0.0252,killed,daily_loss_limit,risk_killed_until_explicit_operator_restart,forecast_signal,False,NGM27@2027-05-26
2025-01-17 00:00:00+00:00,2025-01-17 00:00:00+00:00,NGM27@2027-05-26,02adb171160e9a2884ca,-1.0,False,True,0.0,0.0,0.0,0.0,0.0,0.0,-0.0,-0.0,97480.0,100000.0,0.0,0.0252,killed,daily_loss_limit,risk_killed_until_explicit_operator_restart,forecast_signal,False,NGM27@2027-05-26
2025-01-29 00:00:00+00:00,2025-01-29 00:00:00+00:00,NGM27@2027-05-26,02adb171160e9a2884ca,-1.0,False,True,0.0,0.0,0.0,0.0,0.0,0.0,-0.0,-0.0,97480.0,100000.0,0.0,0.0252,killed,daily_loss_limit,risk_killed_until_explicit_operator_restart,forecast_signal,False,NGM27@2027-05-26
2025-02-05 00:00:00+00:00,2025-02-05 00:00:00+00:00,NGM27@2027-05-26,02adb171160e9a2884ca,-1.0,False,True,0.0,0.0,0.0,0.0,0.0,0.0,0.0,0.0,97480.0,100000.0,0.0,0.0252,killed,daily_loss_limit,risk_killed_until_explicit_operator_restart,forecast_signal,False,NGM27@2027-05-26
2025-02-07 00:00:00+00:00,2025-02-07 00:00:00+00:00,NGM27@2027-05-26,02adb171160e9a2884ca,-1.0,False,True,0.0,0.0,0.0,0.0,0.0,0.0,0.0,0.0,97480.0,100000.0,0.0,0.0252,killed,daily_loss_limit,risk_killed_until_explicit_operator_restart,forecast_signal,False,NGM27@2027-05-26
2025-02-10 00:00:00+00:00,2025-02-10 00:00:00+00:00,NGM27@2027-05-26,,0.0,True,True,0.0,0.0,0.0,0.0,0.0,0.0,0.0,0.0,97480.0,100000.0,0.0,0.0252,killed,daily_loss_limit,risk_killed_until_explicit_operator_restart,forecast_horizon_expired,False,
2025-02-17 00:00:00+00:00,2025-02-17 00:00:00+00:00,NGN27@2027-06-28,,0.0,True,True,0.0,0.0,0.0,0.0,0.0,0.0,-0.0,-0.0,97480.0,100000.0,0.0,0.0252,killed,daily_loss_limit,risk_killed_until_explicit_operator_restart,forecast_horizon_expired,False,NGN27@2027-06-28
2025-02-25 00:00:00+00:00,2025-02-25 00:00:00+00:00,NGN27@2027-06-28,,0.0,True,True,0.0,0.0,0.0,0.0,0.0,0.0,0.0,0.0,97480.0,100000.0,0.0,0.0252,killed,daily_loss_limit,risk_killed_until_explicit_operator_restart,forecast_horizon_expired,False,NGN27@2027-06-28
2025-02-28 00:00:00+00:00,2025-02-28 00:00:00+00:00,NGN27@2027-06-28,,0.0,True,True,0.0,0.0,0.0,0.0,0.0,0.0,0.0,0.0,97480.0,100000.0,0.0,0.0252,killed,daily_loss_limit,risk_killed_until_explicit_operator_restart,forecast_horizon_expired,False,NGN27@2027-06-28
2025-03-07 00:00:00+00:00,2025-03-07 00:00:00+00:00,NGN27@2027-06-28,,0.0,True,True,0.0,0.0,0.0,0.0,0.0,0.0,0.0,0.0,97480.0,100000.0,0.0,0.0252,killed,daily_loss_limit,risk_killed_until_explicit_operator_restart,forecast_horizon_expired,False,
2025-03-14 00:00:00+00:00,2025-03-14 00:00:00+00:00,NGQ27@2027-07-28,,0.0,True,True,0.0,0.0,0.0,0.0,0.0,0.0,-0.0,-0.0,97480.0,100000.0,0.0,0.0252,killed,daily_loss_limit,risk_killed_until_explicit_operator_restart,forecast_horizon_expired,False,NGQ27@2027-07-28
2025-03-17 00:00:00+00:00,2025-03-17 00:00:00+00:00,NGQ27@2027-07-28,,0.0,True,True,0.0,0.0,0.0,0.0,0.0,0.0,0.0,0.0,97480.0,100000.0,0.0,0.0252,killed,daily_loss_limit,risk_killed_until_explicit_operator_restart,forecast_horizon_expired,False,NGU27@2027-08-27
2025-03-21 00:00:00+00:00,2025-03-21 00:00:00+00:00,NGU27@2027-08-27,70bcb6d7076856255edf,0.0,True,True,0.0,0.0,0.0,0.0,0.0,0.0,0.0,0.0,97480.0,100000.0,0.0,0.0252,killed,daily_loss_limit,risk_killed_until_explicit_operator_restart,predicted_gross_pnl_not_above_round_trip_cost,False,NGV27@2027-09-28
2025-03-24 00:00:00+00:00,2025-03-24 00:00:00+00:00,NGV27@2027-09-28,70bcb6d7076856255edf,0.0,True,True,0.0,0.0,0.0,0.0,0.0,0.0,0.0,0.0,97480.0,100000.0,0.0,0.0252,killed,daily_loss_limit,risk_killed_until_explicit_operator_restart,predicted_gross_pnl_not_above_round_trip_cost,False,NGV27@2027-09-28
2025-03-25 00:00:00+00:00,2025-03-25 00:00:00+00:00,NGV27@2027-09-28,37a72a54583ff440c1ff,0.0,True,True,0.0,0.0,0.0,0.0,0.0,0.0,-0.0,-0.0,97480.0,100000.0,0.0,0.0252,killed,daily_loss_limit,risk_killed_until_explicit_operator_restart,predicted_gross_pnl_not_above_round_trip_cost,False,NGV27@2027-09-28
2025-03-26 00:00:00+00:00,2025-03-26 00:00:00+00:00,NGV27@2027-09-28,54872f335845ab3cf91a,0.0,True,True,0.0,0.0,0.0,0.0,0.0,0.0,-0.0,-0.0,97480.0,100000.0,0.0,0.0252,killed,daily_loss_limit,risk_killed_until_explicit_operator_restart,predicted_gross_pnl_not_above_round_trip_cost,False,NGV27@2027-09-28
2025-03-27 00:00:00+00:00,2025-03-27 00:00:00+00:00,NGV27@2027-09-28,f921374d4d680169c94e,0.0,True,True,0.0,0.0,0.0,0.0,0.0,0.0,-0.0,-0.0,97480.0,100000.0,0.0,0.0252,killed,daily_loss_limit,risk_killed_until_explicit_operator_restart,predicted_gross_pnl_not_above_round_trip_cost,False,NGV27@2027-09-28
2025-03-28 00:00:00+00:00,2025-03-28 00:00:00+00:00,NGV27@2027-09-28,fce2ec5992a007289fd8,0.0,True,True,0.0,0.0,0.0,0.0,0.0,0.0,0.0,0.0,97480.0,100000.0,0.0,0.0252,killed,daily_loss_limit,risk_killed_until_explicit_operator_restart,predicted_gross_pnl_not_above_round_trip_cost,False,NGV27@2027-09-28
2025-03-31 00:00:00+00:00,2025-03-31 00:00:00+00:00,NGV27@2027-09-28,193374178abb03c7afb5,0.0,True,True,0.0,0.0,0.0,0.0,0.0,0.0,-0.0,-0.0,97480.0,100000.0,0.0,0.0252,killed,daily_loss_limit,risk_killed_until_explicit_operator_restart,predicted_gross_pnl_not_above_round_trip_cost,False,NGV27@2027-09-28
2025-04-01 00:00:00+00:00,2025-04-01 00:00:00+00:00,NGV27@2027-09-28,340952351293292e1d7d,0.0,True,True,0.0,0.0,0.0,0.0,0.0,0.0,0.0,0.0,97480.0,100000.0,0.0,0.0252,killed,daily_loss_limit,risk_killed_until_explicit_operator_restart,predicted_gross_pnl_not_above_round_trip_cost,False,NGV27@2027-09-28
2025-04-02 00:00:00+00:00,2025-04-02 00:00:00+00:00,NGV27@2027-09-28,68702eb318dd6d85f4c5,0.0,True,True,0.0,0.0,0.0,0.0,0.0,0.0,-0.0,-0.0,97480.0,100000.0,0.0,0.0252,killed,daily_loss_limit,risk_killed_until_explicit_operator_restart,predicted_gross_pnl_not_above_round_trip_cost,False,NGV27@2027-09-28
2025-04-03 00:00:00+00:00,2025-04-03 00:00:00+00:00,NGV27@2027-09-28,a3b04d865b7e2e2f1f1b,0.0,True,True,0.0,0.0,0.0,0.0,0.0,0.0,-0.0,-0.0,97480.0,100000.0,0.0,0.0252,killed,daily_loss_limit,risk_killed_until_explicit_operator_restart,predicted_gross_pnl_not_above_round_trip_cost,False,NGV27@2027-09-28
2025-04-04 00:00:00+00:00,2025-04-04 00:00:00+00:00,NGV27@2027-09-28,31cc9251bb51282de772,0.0,True,True,0.0,0.0,0.0,0.0,0.0,0.0,-0.0,-0.0,97480.0,100000.0,0.0,0.0252,killed,daily_loss_limit,risk_killed_until_explicit_operator_restart,predicted_gross_pnl_not_above_round_trip_cost,False,NGV27@2027-09-28
2025-04-09 00:00:00+00:00,2025-04-09 00:00:00+00:00,NGV27@2027-09-28,d3a675e02a9a8dc21e1f,0.0,True,True,0.0,0.0,0.0,0.0,0.0,0.0,0.0,0.0,97480.0,100000.0,0.0,0.0252,killed,daily_loss_limit,risk_killed_until_explicit_operator_restart,predicted_gross_pnl_not_above_round_trip_cost,False,NGV27@2027-09-28
2025-04-14 00:00:00+00:00,2025-04-14 00:00:00+00:00,NGV27@2027-09-28,45c61687ee67fec5dd80,0.0,True,True,0.0,0.0,0.0,0.0,0.0,0.0,-0.0,-0.0,97480.0,100000.0,0.0,0.0252,killed,daily_loss_limit,risk_killed_until_explicit_operator_restart,predicted_gross_pnl_not_above_round_trip_cost,False,NGV27@2027-09-28
2025-04-15 00:00:00+00:00,2025-04-15 00:00:00+00:00,NGV27@2027-09-28,45c61687ee67fec5dd80,0.0,True,True,0.0,0.0,0.0,0.0,0.0,0.0,0.0,0.0,97480.0,100000.0,0.0,0.0252,killed,daily_loss_limit,risk_killed_until_explicit_operator_restart,predicted_gross_pnl_not_above_round_trip_cost,False,NGV27@2027-09-28
2025-04-16 00:00:00+00:00,2025-04-16 00:00:00+00:00,NGV27@2027-09-28,f7ee13d2df2d5a7cb912,0.0,True,True,0.0,0.0,0.0,0.0,0.0,0.0,-0.0,-0.0,97480.0,100000.0,0.0,0.0252,killed,daily_loss_limit,risk_killed_until_explicit_operator_restart,predicted_gross_pnl_not_above_round_trip_cost,False,NGV27@2027-09-28
2025-04-17 00:00:00+00:00,2025-04-17 00:00:00+00:00,NGV27@2027-09-28,22a14a258a9daa71b5c8,0.0,True,True,0.0,0.0,0.0,0.0,0.0,0.0,-0.0,-0.0,97480.0,100000.0,0.0,0.0252,killed,daily_loss_limit,risk_killed_until_explicit_operator_restart,predicted_gross_pnl_not_above_round_trip_cost,False,NGV27@2027-09-28
2025-04-21 00:00:00+00:00,2025-04-21 00:00:00+00:00,NGV27@2027-09-28,f99b49f1ddb077bad75e,0.0,True,True,0.0,0.0,0.0,0.0,0.0,0.0,0.0,0.0,97480.0,100000.0,0.0,0.0252,killed,daily_loss_limit,risk_killed_until_explicit_operator_restart,predicted_gross_pnl_not_above_round_trip_cost,False,NGV27@2027-09-28
2025-04-22 00:00:00+00:00,2025-04-22 00:00:00+00:00,NGV27@2027-09-28,bd1e6cbcb1cbafd2cdd1,0.0,True,True,0.0,0.0,0.0,0.0,0.0,0.0,0.0,0.0,97480.0,100000.0,0.0,0.0252,killed,daily_loss_limit,risk_killed_until_explicit_operator_restart,predicted_gross_pnl_not_above_round_trip_cost,False,NGV27@2027-09-28
2025-04-23 00:00:00+00:00,2025-04-23 00:00:00+00:00,NGV27@2027-09-28,7082dd3b0986d58de8bc,0.0,True,True,0.0,0.0,0.0,0.0,0.0,0.0,0.0,0.0,97480.0,100000.0,0.0,0.0252,killed,daily_loss_limit,risk_killed_until_explicit_operator_restart,predicted_gross_pnl_not_above_round_trip_cost,False,NGV27@2027-09-28
2025-04-24 00:00:00+00:00,2025-04-24 00:00:00+00:00,NGV27@2027-09-28,8ab6db5049b42dbfd19d,0.0,True,True,0.0,0.0,0.0,0.0,0.0,0.0,0.0,0.0,97480.0,100000.0,0.0,0.0252,killed,daily_loss_limit,risk_killed_until_explicit_operator_restart,predicted_gross_pnl_not_above_round_trip_cost,False,NGV27@2027-09-28
2025-04-25 00:00:00+00:00,2025-04-25 00:00:00+00:00,NGV27@2027-09-28,42c6595bdae328e50e77,0.0,True,True,0.0,0.0,0.0,0.0,0.0,0.0,-0.0,-0.0,97480.0,100000.0,0.0,0.0252,killed,daily_loss_limit,risk_killed_until_explicit_operator_restart,predicted_gross_pnl_not_above_round_trip_cost,False,NGV27@2027-09-28
2025-04-28 00:00:00+00:00,2025-04-28 00:00:00+00:00,NGV27@2027-09-28,cef4c6b9b572ce94e122,0.0,True,True,0.0,0.0,0.0,0.0,0.0,0.0,-0.0,-0.0,97480.0,100000.0,0.0,0.0252,killed,daily_loss_limit,risk_killed_until_explicit_operator_restart,predicted_gross_pnl_not_above_round_trip_cost,False,NGV27@2027-09-28
2025-04-29 00:00:00+00:00,2025-04-29 00:00:00+00:00,NGV27@2027-09-28,01a5960c03e054c9c7ab,0.0,True,True,0.0,0.0,0.0,0.0,0.0,0.0,0.0,0.0,97480.0,100000.0,0.0,0.0252,killed,daily_loss_limit,risk_killed_until_explicit_operator_restart,predicted_gross_pnl_not_above_round_trip_cost,False,NGV27@2027-09-28
2025-04-30 00:00:00+00:00,2025-04-30 00:00:00+00:00,NGV27@2027-09-28,e0f977b8604e81801b84,0.0,True,True,0.0,0.0,0.0,0.0,0.0,0.0,0.0,0.0,97480.0,100000.0,0.0,0.0252,killed,daily_loss_limit,risk_killed_until_explicit_operator_restart,predicted_gross_pnl_not_above_round_trip_cost,False,NGV27@2027-09-28
2025-05-01 00:00:00+00:00,2025-05-01 00:00:00+00:00,NGV27@2027-09-28,c9345235d9365fb16e1b,-1.0,False,True,0.0,0.0,0.0,0.0,0.0,0.0,0.0,0.0,97480.0,100000.0,0.0,0.0252,killed,daily_loss_limit,risk_killed_until_explicit_operator_restart,forecast_signal,False,NGV27@2027-09-28
2025-05-02 00:00:00+00:00,2025-05-02 00:00:00+00:00,NGV27@2027-09-28,bddca79b5420388a7100,-1.0,False,True,0.0,0.0,0.0,0.0,0.0,0.0,0.0,0.0,97480.0,100000.0,0.0,0.0252,killed,daily_loss_limit,risk_killed_until_explicit_operator_restart,forecast_signal,False,NGV27@2027-09-28
2025-05-05 00:00:00+00:00,2025-05-05 00:00:00+00:00,NGV27@2027-09-28,9c166b9836854d50b763,-1.0,False,True,0.0,0.0,0.0,0.0,0.0,0.0,0.0,0.0,97480.0,100000.0,0.0,0.0252,killed,daily_loss_limit,risk_killed_until_explicit_operator_restart,forecast_signal,False,NGV27@2027-09-28
2025-05-06 00:00:00+00:00,2025-05-06 00:00:00+00:00,NGV27@2027-09-28,eed996ed6ce6eb2bad8f,-1.0,False,True,0.0,0.0,0.0,0.0,0.0,0.0,0.0,0.0,97480.0,100000.0,0.0,0.0252,killed,daily_loss_limit,risk_killed_until_explicit_operator_restart,forecast_signal,False,NGV27@2027-09-28
2025-05-07 00:00:00+00:00,2025-05-07 00:00:00+00:00,NGV27@2027-09-28,6d284f8e16604bafce12,-1.0,False,True,0.0,0.0,0.0,0.0,0.0,0.0,0.0,0.0,97480.0,100000.0,0.0,0.0252,killed,daily_loss_limit,risk_killed_until_explicit_operator_restart,forecast_signal,False,NGV27@2027-09-28
2025-05-08 00:00:00+00:00,2025-05-08 00:00:00+00:00,NGV27@2027-09-28,aa688205487b88d92e55,-1.0,False,True,0.0,0.0,0.0,0.0,0.0,0.0,-0.0,-0.0,97480.0,100000.0,0.0,0.0252,killed,daily_loss_limit,risk_killed_until_explicit_operator_restart,forecast_signal,False,NGV27@2027-09-28
2025-05-09 00:00:00+00:00,2025-05-09 00:00:00+00:00,NGV27@2027-09-28,3b4c86f5a6c144e6f2fb,-1.0,False,True,0.0,0.0,0.0,0.0,0.0,0.0,0.0,0.0,97480.0,100000.0,0.0,0.0252,killed,daily_loss_limit,risk_killed_until_explicit_operator_restart,forecast_signal,False,NGV27@2027-09-28
2025-05-12 00:00:00+00:00,2025-05-12 00:00:00+00:00,NGV27@2027-09-28,18c89c7fe2b71cd7a514,-1.0,False,True,0.0,0.0,0.0,0.0,0.0,0.0,0.0,0.0,97480.0,100000.0,0.0,0.0252,killed,daily_loss_limit,risk_killed_until_explicit_operator_restart,forecast_signal,False,NGV27@2027-09-28
2025-05-13 00:00:00+00:00,2025-05-13 00:00:00+00:00,NGV27@2027-09-28,adb35c61a8d15b5271b8,-1.0,False,True,0.0,0.0,0.0,0.0,0.0,0.0,0.0,0.0,97480.0,100000.0,0.0,0.0252,killed,daily_loss_limit,risk_killed_until_explicit_operator_restart,forecast_signal,False,NGV27@2027-09-28
2025-05-14 00:00:00+00:00,2025-05-14 00:00:00+00:00,NGV27@2027-09-28,b0fde396fd2fc2944e98,-1.0,False,True,0.0,0.0,0.0,0.0,0.0,0.0,0.0,0.0,97480.0,100000.0,0.0,0.0252,killed,daily_loss_limit,risk_killed_until_explicit_operator_restart,forecast_signal,False,NGV27@2027-09-28
2025-05-15 00:00:00+00:00,2025-05-15 00:00:00+00:00,NGV27@2027-09-28,3078613630dd9876ca5b,-1.0,False,True,0.0,0.0,0.0,0.0,0.0,0.0,0.0,0.0,97480.0,100000.0,0.0,0.0252,killed,daily_loss_limit,risk_killed_until_explicit_operator_restart,forecast_signal,False,NGV27@2027-09-28
2025-05-16 00:00:00+00:00,2025-05-16 00:00:00+00:00,NGV27@2027-09-28,8f53fb54ee4d3f1351f4,-1.0,False,True,0.0,0.0,0.0,0.0,0.0,0.0,-0.0,-0.0,97480.0,100000.0,0.0,0.0252,killed,daily_loss_limit,risk_killed_until_explicit_operator_restart,forecast_signal,False,NGV27@2027-09-28
2025-05-19 00:00:00+00:00,2025-05-19 00:00:00+00:00,NGV27@2027-09-28,d094c58e1e1972a157cb,-1.0,False,True,0.0,0.0,0.0,0.0,0.0,0.0,-0.0,-0.0,97480.0,100000.0,0.0,0.0252,killed,daily_loss_limit,risk_killed_until_explicit_operator_restart,forecast_signal,False,NGV27@2027-09-28
2025-05-20 00:00:00+00:00,2025-05-20 00:00:00+00:00,NGV27@2027-09-28,3ec7d7b9e4580da94ef0,-1.0,False,True,0.0,0.0,0.0,0.0,0.0,0.0,0.0,0.0,97480.0,100000.0,0.0,0.0252,killed,daily_loss_limit,risk_killed_until_explicit_operator_restart,forecast_signal,False,NGV27@2027-09-28
2025-05-21 00:00:00+00:00,2025-05-21 00:00:00+00:00,NGV27@2027-09-28,f9e2fbc28d43ebc85648,-1.0,False,True,0.0,0.0,0.0,0.0,0.0,0.0,-0.0,-0.0,97480.0,100000.0,0.0,0.0252,killed,daily_loss_limit,risk_killed_until_explicit_operator_restart,forecast_signal,False,NGV27@2027-09-28
2025-05-22 00:00:00+00:00,2025-05-22 00:00:00+00:00,NGV27@2027-09-28,6888480fa8caabaf94f7,-1.0,False,True,0.0,0.0,0.0,0.0,0.0,0.0,0.0,0.0,97480.0,100000.0,0.0,0.0252,killed,daily_loss_limit,risk_killed_until_explicit_operator_restart,forecast_signal,False,NGV27@2027-09-28
2025-05-23 00:00:00+00:00,2025-05-23 00:00:00+00:00,NGV27@2027-09-28,207fabe6837455886ffb,-1.0,False,True,0.0,0.0,0.0,0.0,0.0,0.0,0.0,0.0,97480.0,100000.0,0.0,0.0252,killed,daily_loss_limit,risk_killed_until_explicit_operator_restart,forecast_signal,False,NGV27@2027-09-28
2025-05-27 00:00:00+00:00,2025-05-27 00:00:00+00:00,NGV27@2027-09-28,61b5ac22d216fa088f8b,-1.0,False,True,0.0,0.0,0.0,0.0,0.0,0.0,-0.0,-0.0,97480.0,100000.0,0.0,0.0252,killed,daily_loss_limit,risk_killed_until_explicit_operator_restart,forecast_signal,False,NGV27@2027-09-28
2025-05-28 00:00:00+00:00,2025-05-28 00:00:00+00:00,NGV27@2027-09-28,c8366be3e759f6aac3a9,-1.0,False,True,0.0,0.0,0.0,0.0,0.0,0.0,0.0,0.0,97480.0,100000.0,0.0,0.0252,killed,daily_loss_limit,risk_killed_until_explicit_operator_restart,forecast_signal,False,NGV27@2027-09-28
2025-05-29 00:00:00+00:00,2025-05-29 00:00:00+00:00,NGV27@2027-09-28,a515693e8ae752e411de,-1.0,False,True,0.0,0.0,0.0,0.0,0.0,0.0,-0.0,-0.0,97480.0,100000.0,0.0,0.0252,killed,daily_loss_limit,risk_killed_until_explicit_operator_restart,forecast_signal,False,NGV27@2027-09-28
2025-05-30 00:00:00+00:00,2025-05-30 00:00:00+00:00,NGV27@2027-09-28,f5a88b2c4b4dd1fcde04,-1.0,False,True,0.0,0.0,0.0,0.0,0.0,0.0,0.0,0.0,97480.0,100000.0,0.0,0.0252,killed,daily_loss_limit,risk_killed_until_explicit_operator_restart,forecast_signal,False,NGX27@2027-10-27
2025-06-02 00:00:00+00:00,2025-06-02 00:00:00+00:00,NGX27@2027-10-27,f47951f471d4fd7c1152,-1.0,False,True,0.0,0.0,0.0,0.0,0.0,0.0,-0.0,-0.0,97480.0,100000.0,0.0,0.0252,killed,daily_loss_limit,risk_killed_until_explicit_operator_restart,forecast_signal,False,NGX27@2027-10-27
2025-06-03 00:00:00+00:00,2025-06-03 00:00:00+00:00,NGX27@2027-10-27,26e3def61a90ea3a014e,-1.0,False,True,0.0,0.0,0.0,0.0,0.0,0.0,0.0,0.0,97480.0,100000.0,0.0,0.0252,killed,daily_loss_limit,risk_killed_until_explicit_operator_restart,forecast_signal,False,NGX27@2027-10-27
2025-06-04 00:00:00+00:00,2025-06-04 00:00:00+00:00,NGX27@2027-10-27,f59dafa5fdd08190094b,-1.0,False,True,0.0,0.0,0.0,0.0,0.0,0.0,0.0,0.0,97480.0,100000.0,0.0,0.0252,killed,daily_loss_limit,risk_killed_until_explicit_operator_restart,forecast_signal,False,NGX27@2027-10-27
2025-06-05 00:00:00+00:00,2025-06-05 00:00:00+00:00,NGX27@2027-10-27,76292a616494a9569a99,-1.0,False,True,0.0,0.0,0.0,0.0,0.0,0.0,-0.0,-0.0,97480.0,100000.0,0.0,0.0252,killed,daily_loss_limit,risk_killed_until_explicit_operator_restart,forecast_signal,False,NGX27@2027-10-27
2025-06-06 00:00:00+00:00,2025-06-06 00:00:00+00:00,NGX27@2027-10-27,76292a616494a9569a99,-1.0,False,True,0.0,0.0,0.0,0.0,0.0,0.0,-0.0,-0.0,97480.0,100000.0,0.0,0.0252,killed,daily_loss_limit,risk_killed_until_explicit_operator_restart,forecast_signal,False,NGX27@2027-10-27
2025-06-09 00:00:00+00:00,2025-06-09 00:00:00+00:00,NGX27@2027-10-27,22325c9c4141c03d3281,-1.0,False,True,0.0,0.0,0.0,0.0,0.0,0.0,-0.0,-0.0,97480.0,100000.0,0.0,0.0252,killed,daily_loss_limit,risk_killed_until_explicit_operator_restart,forecast_signal,False,NGX27@2027-10-27
2025-06-10 00:00:00+00:00,2025-06-10 00:00:00+00:00,NGX27@2027-10-27,3eb0b314d583c9fabe66,-1.0,False,True,0.0,0.0,0.0,0.0,0.0,0.0,-0.0,-0.0,97480.0,100000.0,0.0,0.0252,killed,daily_loss_limit,risk_killed_until_explicit_operator_restart,forecast_signal,False,NGZ27@2027-11-26
2025-06-11 00:00:00+00:00,2025-06-11 00:00:00+00:00,NGZ27@2027-11-26,6ed1bcd6cfc0913d4e50,-1.0,False,True,0.0,0.0,0.0,0.0,0.0,0.0,0.0,0.0,97480.0,100000.0,0.0,0.0252,killed,daily_loss_limit,risk_killed_until_explicit_operator_restart,forecast_signal,False,NGZ27@2027-11-26
2025-06-12 00:00:00+00:00,2025-06-12 00:00:00+00:00,NGZ27@2027-11-26,90b2474c856f08357d36,-1.0,False,True,0.0,0.0,0.0,0.0,0.0,0.0,-0.0,-0.0,97480.0,100000.0,0.0,0.0252,killed,daily_loss_limit,risk_killed_until_explicit_operator_restart,forecast_signal,False,NGZ27@2027-11-26
2025-06-13 00:00:00+00:00,2025-06-13 00:00:00+00:00,NGZ27@2027-11-26,5436fabdd504f3703814,-1.0,False,True,0.0,0.0,0.0,0.0,0.0,0.0,0.0,0.0,97480.0,100000.0,0.0,0.0252,killed,daily_loss_limit,risk_killed_until_explicit_operator_restart,forecast_signal,False,NGZ27@2027-11-26
2025-06-16 00:00:00+00:00,2025-06-16 00:00:00+00:00,NGZ27@2027-11-26,beb70bcd56b04e0a8868,-1.0,False,True,0.0,0.0,0.0,0.0,0.0,0.0,0.0,0.0,97480.0,100000.0,0.0,0.0252,killed,daily_loss_limit,risk_killed_until_explicit_operator_restart,forecast_signal,False,NGZ27@2027-11-26
2025-06-17 00:00:00+00:00,2025-06-17 00:00:00+00:00,NGZ27@2027-11-26,039d5ca949141ccb500e,-1.0,False,True,0.0,0.0,0.0,0.0,0.0,0.0,0.0,0.0,97480.0,100000.0,0.0,0.0252,killed,daily_loss_limit,risk_killed_until_explicit_operator_restart,forecast_signal,False,NGZ27@2027-11-26
2025-06-18 00:00:00+00:00,2025-06-18 00:00:00+00:00,NGZ27@2027-11-26,a1df161d6548ae3ef9b5,-1.0,False,True,0.0,0.0,0.0,0.0,0.0,0.0,0.0,0.0,97480.0,100000.0,0.0,0.0252,killed,daily_loss_limit,risk_killed_until_explicit_operator_restart,forecast_signal,False,NGZ27@2027-11-26
2025-06-19 00:00:00+00:00,2025-06-19 00:00:00+00:00,NGZ27@2027-11-26,a1df161d6548ae3ef9b5,-1.0,False,True,0.0,0.0,0.0,0.0,0.0,0.0,-0.0,-0.0,97480.0,100000.0,0.0,0.0252,killed,daily_loss_limit,risk_killed_until_explicit_operator_restart,forecast_signal,False,NGZ27@2027-11-26
2025-06-20 00:00:00+00:00,2025-06-20 00:00:00+00:00,NGZ27@2027-11-26,93ab71ce31a1ca206f92,-1.0,False,True,0.0,0.0,0.0,0.0,0.0,0.0,0.0,0.0,97480.0,100000.0,0.0,0.0252,killed,daily_loss_limit,risk_killed_until_explicit_operator_restart,forecast_signal,False,NGZ27@2027-11-26
2025-06-23 00:00:00+00:00,2025-06-23 00:00:00+00:00,NGZ27@2027-11-26,93ab71ce31a1ca206f92,-1.0,False,True,0.0,0.0,0.0,0.0,0.0,0.0,-0.0,-0.0,97480.0,100000.0,0.0,0.0252,killed,daily_loss_limit,risk_killed_until_explicit_operator_restart,forecast_signal,False,NGZ27@2027-11-26
2025-06-24 00:00:00+00:00,2025-06-24 00:00:00+00:00,NGZ27@2027-11-26,93ab71ce31a1ca206f92,-1.0,False,True,0.0,0.0,0.0,0.0,0.0,0.0,-0.0,-0.0,97480.0,100000.0,0.0,0.0252,killed,daily_loss_limit,risk_killed_until_explicit_operator_restart,forecast_signal,False,NGZ27@2027-11-26
2025-06-25 00:00:00+00:00,2025-06-25 00:00:00+00:00,NGZ27@2027-11-26,d55302e4b95e3d95a800,-1.0,False,True,0.0,0.0,0.0,0.0,0.0,0.0,0.0,0.0,97480.0,100000.0,0.0,0.0252,killed,daily_loss_limit,risk_killed_until_explicit_operator_restart,forecast_signal,False,NGZ27@2027-11-26
2025-06-26 00:00:00+00:00,2025-06-26 00:00:00+00:00,NGZ27@2027-11-26,2b40841747a48fba47f1,-1.0,False,True,0.0,0.0,0.0,0.0,0.0,0.0,0.0,0.0,97480.0,100000.0,0.0,0.0252,killed,daily_loss_limit,risk_killed_until_explicit_operator_restart,forecast_signal,False,NGZ27@2027-11-26
2025-06-27 00:00:00+00:00,2025-06-27 00:00:00+00:00,NGZ27@2027-11-26,e157ed49fff4889e8a66,-1.0,False,True,0.0,0.0,0.0,0.0,0.0,0.0,-0.0,-0.0,97480.0,100000.0,0.0,0.0252,killed,daily_loss_limit,risk_killed_until_explicit_operator_restart,forecast_signal,False,NGZ27@2027-11-26
2025-06-30 00:00:00+00:00,2025-06-30 00:00:00+00:00,NGZ27@2027-11-26,ae48f10f989d053b9557,-1.0,False,True,0.0,0.0,0.0,0.0,0.0,0.0,-0.0,-0.0,97480.0,100000.0,0.0,0.0252,killed,daily_loss_limit,risk_killed_until_explicit_operator_restart,forecast_signal,False,NGZ27@2027-11-26
2025-07-01 00:00:00+00:00,2025-07-01 00:00:00+00:00,NGZ27@2027-11-26,d96e5c1777780d98d6e7,-1.0,False,True,0.0,0.0,0.0,0.0,0.0,0.0,0.0,0.0,97480.0,100000.0,0.0,0.0252,killed,daily_loss_limit,risk_killed_until_explicit_operator_restart,forecast_signal,False,NGZ27@2027-11-26
2025-07-02 00:00:00+00:00,2025-07-02 00:00:00+00:00,NGZ27@2027-11-26,37eb7dcbf593929d7f56,-1.0,False,True,0.0,0.0,0.0,0.0,0.0,0.0,0.0,0.0,97480.0,100000.0,0.0,0.0252,killed,daily_loss_limit,risk_killed_until_explicit_operator_restart,forecast_signal,False,NGZ27@2027-11-26
2025-07-03 00:00:00+00:00,2025-07-03 00:00:00+00:00,NGZ27@2027-11-26,05cbab3b2e9f98bb8b8a,-1.0,False,True,0.0,0.0,0.0,0.0,0.0,0.0,-0.0,-0.0,97480.0,100000.0,0.0,0.0252,killed,daily_loss_limit,risk_killed_until_explicit_operator_restart,forecast_signal,False,NGZ27@2027-11-26
2025-07-07 00:00:00+00:00,2025-07-07 00:00:00+00:00,NGZ27@2027-11-26,f02d75138237c94dbb42,-1.0,False,True,0.0,0.0,0.0,0.0,0.0,0.0,0.0,0.0,97480.0,100000.0,0.0,0.0252,killed,daily_loss_limit,risk_killed_until_explicit_operator_restart,forecast_signal,False,NGZ27@2027-11-26
2025-07-08 00:00:00+00:00,2025-07-08 00:00:00+00:00,NGZ27@2027-11-26,f02d75138237c94dbb42,-1.0,False,True,0.0,0.0,0.0,0.0,0.0,0.0,-0.0,-0.0,97480.0,100000.0,0.0,0.0252,killed,daily_loss_limit,risk_killed_until_explicit_operator_restart,forecast_signal,False,NGZ27@2027-11-26
2025-07-09 00:00:00+00:00,2025-07-09 00:00:00+00:00,NGZ27@2027-11-26,dc95f0be72d1a940c002,-1.0,False,True,0.0,0.0,0.0,0.0,0.0,0.0,0.0,0.0,97480.0,100000.0,0.0,0.0252,killed,daily_loss_limit,risk_killed_until_explicit_operator_restart,forecast_signal,False,NGZ27@2027-11-26
2025-07-10 00:00:00+00:00,2025-07-10 00:00:00+00:00,NGZ27@2027-11-26,1a0b66b019968c2b80ab,-1.0,False,True,0.0,0.0,0.0,0.0,0.0,0.0,0.0,0.0,97480.0,100000.0,0.0,0.0252,killed,daily_loss_limit,risk_killed_until_explicit_operator_restart,forecast_signal,False,NGZ27@2027-11-26
2025-07-11 00:00:00+00:00,2025-07-11 00:00:00+00:00,NGZ27@2027-11-26,1e12a4ac4d43dd211923,-1.0,False,True,0.0,0.0,0.0,0.0,0.0,0.0,0.0,0.0,97480.0,100000.0,0.0,0.0252,killed,daily_loss_limit,risk_killed_until_explicit_operator_restart,forecast_signal,False,NGZ27@2027-11-26
2025-07-14 00:00:00+00:00,2025-07-14 00:00:00+00:00,NGZ27@2027-11-26,aaeb32495c64d4cad5ba,-1.0,False,True,0.0,0.0,0.0,0.0,0.0,0.0,0.0,0.0,97480.0,100000.0,0.0,0.0252,killed,daily_loss_limit,risk_killed_until_explicit_operator_restart,forecast_signal,False,NGZ27@2027-11-26
2025-07-15 00:00:00+00:00,2025-07-15 00:00:00+00:00,NGZ27@2027-11-26,6f0da7efcb85366df326,-1.0,False,True,0.0,0.0,0.0,0.0,0.0,0.0,0.0,0.0,97480.0,100000.0,0.0,0.0252,killed,daily_loss_limit,risk_killed_until_explicit_operator_restart,forecast_signal,False,NGZ27@2027-11-26
2025-07-16 00:00:00+00:00,2025-07-16 00:00:00+00:00,NGZ27@2027-11-26,fa148fe675664ed77ab9,-1.0,False,True,0.0,0.0,0.0,0.0,0.0,0.0,-0.0,-0.0,97480.0,100000.0,0.0,0.0252,killed,daily_loss_limit,risk_killed_until_explicit_operator_restart,forecast_signal,False,NGZ27@2027-11-26
2025-07-17 00:00:00+00:00,2025-07-17 00:00:00+00:00,NGZ27@2027-11-26,eb1c0169b696742ce1cc,-1.0,False,True,0.0,0.0,0.0,0.0,0.0,0.0,0.0,0.0,97480.0,100000.0,0.0,0.0252,killed,daily_loss_limit,risk_killed_until_explicit_operator_restart,forecast_signal,False,NGZ27@2027-11-26
2025-07-18 00:00:00+00:00,2025-07-18 00:00:00+00:00,NGZ27@2027-11-26,07d3a95d89ef98afbb26,-1.0,False,True,0.0,0.0,0.0,0.0,0.0,0.0,-0.0,-0.0,97480.0,100000.0,0.0,0.0252,killed,daily_loss_limit,risk_killed_until_explicit_operator_restart,forecast_signal,False,NGZ27@2027-11-26
2025-07-21 00:00:00+00:00,2025-07-21 00:00:00+00:00,NGZ27@2027-11-26,b343ff77fb405a791466,-1.0,False,True,0.0,0.0,0.0,0.0,0.0,0.0,0.0,0.0,97480.0,100000.0,0.0,0.0252,killed,daily_loss_limit,risk_killed_until_explicit_operator_restart,forecast_signal,False,NGZ27@2027-11-26
2025-07-22 00:00:00+00:00,2025-07-22 00:00:00+00:00,NGZ27@2027-11-26,c2566f8b69b92b1acf1e,-1.0,False,True,0.0,0.0,0.0,0.0,0.0,0.0,0.0,0.0,97480.0,100000.0,0.0,0.0252,killed,daily_loss_limit,risk_killed_until_explicit_operator_restart,forecast_signal,False,NGZ27@2027-11-26
2025-07-23 00:00:00+00:00,2025-07-23 00:00:00+00:00,NGZ27@2027-11-26,a890c77b1b94d70fed4c,-1.0,False,True,0.0,0.0,0.0,0.0,0.0,0.0,0.0,0.0,97480.0,100000.0,0.0,0.0252,killed,daily_loss_limit,risk_killed_until_explicit_operator_restart,forecast_signal,False,NGZ27@2027-11-26
2025-07-24 00:00:00+00:00,2025-07-24 00:00:00+00:00,NGZ27@2027-11-26,66d9bf3a507111b9213f,-1.0,False,True,0.0,0.0,0.0,0.0,0.0,0.0,-0.0,-0.0,97480.0,100000.0,0.0,0.0252,killed,daily_loss_limit,risk_killed_until_explicit_operator_restart,forecast_signal,False,NGZ27@2027-11-26
2025-07-25 00:00:00+00:00,2025-07-25 00:00:00+00:00,NGZ27@2027-11-26,06b7ac34a0f16b8b1caa,-1.0,False,True,0.0,0.0,0.0,0.0,0.0,0.0,-0.0,-0.0,97480.0,100000.0,0.0,0.0252,killed,daily_loss_limit,risk_killed_until_explicit_operator_restart,forecast_signal,False,NGZ27@2027-11-26
2025-07-28 00:00:00+00:00,2025-07-28 00:00:00+00:00,NGZ27@2027-11-26,d2ec9bb3833540c50432,-1.0,False,True,0.0,0.0,0.0,0.0,0.0,0.0,-0.0,-0.0,97480.0,100000.0,0.0,0.0252,killed,daily_loss_limit,risk_killed_until_explicit_operator_restart,forecast_signal,False,NGZ27@2027-11-26
2025-07-29 00:00:00+00:00,2025-07-29 00:00:00+00:00,NGZ27@2027-11-26,50673ba80efb36137424,-1.0,False,True,0.0,0.0,0.0,0.0,0.0,0.0,0.0,0.0,97480.0,100000.0,0.0,0.0252,killed,daily_loss_limit,risk_killed_until_explicit_operator_restart,forecast_signal,False,NGZ27@2027-11-26
2025-07-30 00:00:00+00:00,2025-07-30 00:00:00+00:00,NGZ27@2027-11-26,3dadbfb5d8152e410e44,-1.0,False,True,0.0,0.0,0.0,0.0,0.0,0.0,-0.0,-0.0,97480.0,100000.0,0.0,0.0252,killed,daily_loss_limit,risk_killed_until_explicit_operator_restart,forecast_signal,False,NGZ27@2027-11-26
2025-07-31 00:00:00+00:00,2025-07-31 00:00:00+00:00,NGZ27@2027-11-26,d6229a19501b455f6f5f,-1.0,False,True,0.0,0.0,0.0,0.0,0.0,0.0,-0.0,-0.0,97480.0,100000.0,0.0,0.0252,killed,daily_loss_limit,risk_killed_until_explicit_operator_restart,forecast_signal,False,NGZ27@2027-11-26
2025-08-01 00:00:00+00:00,2025-08-01 00:00:00+00:00,NGZ27@2027-11-26,a26d0ecc0d771b4c20db,-1.0,False,True,0.0,0.0,0.0,0.0,0.0,0.0,-0.0,-0.0,97480.0,100000.0,0.0,0.0252,killed,daily_loss_limit,risk_killed_until_explicit_operator_restart,forecast_signal,False,NGZ27@2027-11-26
2025-08-04 00:00:00+00:00,2025-08-04 00:00:00+00:00,NGZ27@2027-11-26,ea49f54af7b16adba0ec,-1.0,False,True,0.0,0.0,0.0,0.0,0.0,0.0,0.0,0.0,97480.0,100000.0,0.0,0.0252,killed,daily_loss_limit,risk_killed_until_explicit_operator_restart,forecast_signal,False,NGG28@2028-01-27
2025-08-05 00:00:00+00:00,2025-08-05 00:00:00+00:00,NGG28@2028-01-27,ea49f54af7b16adba0ec,-1.0,False,True,0.0,0.0,0.0,0.0,0.0,0.0,-0.0,-0.0,97480.0,100000.0,0.0,0.0252,killed,daily_loss_limit,risk_killed_until_explicit_operator_restart,forecast_signal,False,NGG28@2028-01-27
2025-08-06 00:00:00+00:00,2025-08-06 00:00:00+00:00,NGG28@2028-01-27,c73d0c7740dafb40336a,-1.0,False,True,0.0,0.0,0.0,0.0,0.0,0.0,-0.0,-0.0,97480.0,100000.0,0.0,0.0252,killed,daily_loss_limit,risk_killed_until_explicit_operator_restart,forecast_signal,False,NGG28@2028-01-27
2025-08-07 00:00:00+00:00,2025-08-07 00:00:00+00:00,NGG28@2028-01-27,4cbba798c7d73449d0c6,-1.0,False,True,0.0,0.0,0.0,0.0,0.0,0.0,-0.0,-0.0,97480.0,100000.0,0.0,0.0252,killed,daily_loss_limit,risk_killed_until_explicit_operator_restart,forecast_signal,False,NGG28@2028-01-27
2025-08-08 00:00:00+00:00,2025-08-08 00:00:00+00:00,NGG28@2028-01-27,2353a2b2b0a90304fd50,-1.0,False,True,0.0,0.0,0.0,0.0,0.0,0.0,0.0,0.0,97480.0,100000.0,0.0,0.0252,killed,daily_loss_limit,risk_killed_until_explicit_operator_restart,forecast_signal,False,NGH28@2028-02-25
2025-08-11 00:00:00+00:00,2025-08-11 00:00:00+00:00,NGH28@2028-02-25,73593ba5e1dcfc680ed9,-1.0,False,True,0.0,0.0,0.0,0.0,0.0,0.0,-0.0,-0.0,97480.0,100000.0,0.0,0.0252,killed,daily_loss_limit,risk_killed_until_explicit_operator_restart,forecast_signal,False,NGH28@2028-02-25
2025-08-12 00:00:00+00:00,2025-08-12 00:00:00+00:00,NGH28@2028-02-25,5cca58073344aff2c82a,-1.0,False,True,0.0,0.0,0.0,0.0,0.0,0.0,-0.0,-0.0,97480.0,100000.0,0.0,0.0252,killed,daily_loss_limit,risk_killed_until_explicit_operator_restart,forecast_signal,False,NGH28@2028-02-25
2025-08-14 00:00:00+00:00,2025-08-14 00:00:00+00:00,NGH28@2028-02-25,491f1e5a15b96b56dc5a,-1.0,False,True,0.0,0.0,0.0,0.0,0.0,0.0,0.0,0.0,97480.0,100000.0,0.0,0.0252,killed,daily_loss_limit,risk_killed_until_explicit_operator_restart,forecast_signal,False,NGJ28@2028-03-29
2025-08-15 00:00:00+00:00,2025-08-15 00:00:00+00:00,NGJ28@2028-03-29,491f1e5a15b96b56dc5a,-1.0,False,True,0.0,0.0,0.0,0.0,0.0,0.0,0.0,0.0,97480.0,100000.0,0.0,0.0252,killed,daily_loss_limit,risk_killed_until_explicit_operator_restart,forecast_signal,False,NGJ28@2028-03-29
2025-08-18 00:00:00+00:00,2025-08-18 00:00:00+00:00,NGJ28@2028-03-29,1c2cfddfc7db18c2157f,-1.0,False,True,0.0,0.0,0.0,0.0,0.0,0.0,0.0,0.0,97480.0,100000.0,0.0,0.0252,killed,daily_loss_limit,risk_killed_until_explicit_operator_restart,forecast_signal,False,NGJ28@2028-03-29
2025-08-19 00:00:00+00:00,2025-08-19 00:00:00+00:00,NGJ28@2028-03-29,62318380ea3428e82e53,-1.0,False,True,0.0,0.0,0.0,0.0,0.0,0.0,0.0,0.0,97480.0,100000.0,0.0,0.0252,killed,daily_loss_limit,risk_killed_until_explicit_operator_restart,forecast_signal,False,NGJ28@2028-03-29
2025-08-21 00:00:00+00:00,2025-08-21 00:00:00+00:00,NGJ28@2028-03-29,0461471b95dc7105090f,-1.0,False,True,0.0,0.0,0.0,0.0,0.0,0.0,0.0,0.0,97480.0,100000.0,0.0,0.0252,killed,daily_loss_limit,risk_killed_until_explicit_operator_restart,forecast_signal,False,NGJ28@2028-03-29
2025-08-22 00:00:00+00:00,2025-08-22 00:00:00+00:00,NGJ28@2028-03-29,0461471b95dc7105090f,-1.0,False,True,0.0,0.0,0.0,0.0,0.0,0.0,0.0,0.0,97480.0,100000.0,0.0,0.0252,killed,daily_loss_limit,risk_killed_until_explicit_operator_restart,forecast_signal,False,NGJ28@2028-03-29
2025-08-25 00:00:00+00:00,2025-08-25 00:00:00+00:00,NGJ28@2028-03-29,ba26a676d523871653b0,-1.0,False,True,0.0,0.0,0.0,0.0,0.0,0.0,-0.0,-0.0,97480.0,100000.0,0.0,0.0252,killed,daily_loss_limit,risk_killed_until_explicit_operator_restart,forecast_signal,False,NGJ28@2028-03-29
2025-08-26 00:00:00+00:00,2025-08-26 00:00:00+00:00,NGJ28@2028-03-29,e27260d74c5cc40b49ed,-1.0,False,True,0.0,0.0,0.0,0.0,0.0,0.0,0.0,0.0,97480.0,100000.0,0.0,0.0252,killed,daily_loss_limit,risk_killed_until_explicit_operator_restart,forecast_signal,False,NGJ28@2028-03-29
2025-08-28 00:00:00+00:00,2025-08-28 00:00:00+00:00,NGJ28@2028-03-29,ee35c4b5df72257f16c1,-1.0,False,True,0.0,0.0,0.0,0.0,0.0,0.0,0.0,0.0,97480.0,100000.0,0.0,0.0252,killed,daily_loss_limit,risk_killed_until_explicit_operator_restart,forecast_signal,False,NGJ28@2028-03-29
2025-09-02 00:00:00+00:00,2025-09-02 00:00:00+00:00,NGJ28@2028-03-29,e37c6860cc2a87dc7a7a,-1.0,False,True,0.0,0.0,0.0,0.0,0.0,0.0,-0.0,-0.0,97480.0,100000.0,0.0,0.0252,killed,daily_loss_limit,risk_killed_until_explicit_operator_restart,forecast_signal,False,NGJ28@2028-03-29
2025-09-03 00:00:00+00:00,2025-09-03 00:00:00+00:00,NGJ28@2028-03-29,e37c6860cc2a87dc7a7a,-1.0,False,True,0.0,0.0,0.0,0.0,0.0,0.0,-0.0,-0.0,97480.0,100000.0,0.0,0.0252,killed,daily_loss_limit,risk_killed_until_explicit_operator_restart,forecast_signal,False,NGJ28@2028-03-29
2025-09-04 00:00:00+00:00,2025-09-04 00:00:00+00:00,NGJ28@2028-03-29,936fe80de177409c0e3a,-1.0,False,True,0.0,0.0,0.0,0.0,0.0,0.0,-0.0,-0.0,97480.0,100000.0,0.0,0.0252,killed,daily_loss_limit,risk_killed_until_explicit_operator_restart,forecast_signal,False,NGJ28@2028-03-29
2025-09-05 00:00:00+00:00,2025-09-05 00:00:00+00:00,NGJ28@2028-03-29,9d0ee21c1dd680fb9abb,-1.0,False,True,0.0,0.0,0.0,0.0,0.0,0.0,0.0,0.0,97480.0,100000.0,0.0,0.0252,killed,daily_loss_limit,risk_killed_until_explicit_operator_restart,forecast_signal,False,NGJ28@2028-03-29
2025-09-10 00:00:00+00:00,2025-09-10 00:00:00+00:00,NGJ28@2028-03-29,cbd849ccaf19ef517346,-1.0,False,True,0.0,0.0,0.0,0.0,0.0,0.0,0.0,0.0,97480.0,100000.0,0.0,0.0252,killed,daily_loss_limit,risk_killed_until_explicit_operator_restart,forecast_signal,False,NGJ28@2028-03-29
2025-09-12 00:00:00+00:00,2025-09-12 00:00:00+00:00,NGJ28@2028-03-29,d85122d2cfd68703ec36,-1.0,False,True,0.0,0.0,0.0,0.0,0.0,0.0,0.0,0.0,97480.0,100000.0,0.0,0.0252,killed,daily_loss_limit,risk_killed_until_explicit_operator_restart,forecast_signal,False,NGJ28@2028-03-29
2025-09-15 00:00:00+00:00,2025-09-15 00:00:00+00:00,NGJ28@2028-03-29,d85122d2cfd68703ec36,-1.0,False,True,0.0,0.0,0.0,0.0,0.0,0.0,0.0,0.0,97480.0,100000.0,0.0,0.0252,killed,daily_loss_limit,risk_killed_until_explicit_operator_restart,forecast_signal,False,NGJ28@2028-03-29
2025-09-17 00:00:00+00:00,2025-09-17 00:00:00+00:00,NGJ28@2028-03-29,726600a14515fb72a498,-1.0,False,True,0.0,0.0,0.0,0.0,0.0,0.0,-0.0,-0.0,97480.0,100000.0,0.0,0.0252,killed,daily_loss_limit,risk_killed_until_explicit_operator_restart,forecast_signal,False,NGJ28@2028-03-29
2025-09-18 00:00:00+00:00,2025-09-18 00:00:00+00:00,NGJ28@2028-03-29,726600a14515fb72a498,-1.0,False,True,0.0,0.0,0.0,0.0,0.0,0.0,0.0,0.0,97480.0,100000.0,0.0,0.0252,killed,daily_loss_limit,risk_killed_until_explicit_operator_restart,forecast_signal,False,NGJ28@2028-03-29
2025-09-22 00:00:00+00:00,2025-09-22 00:00:00+00:00,NGJ28@2028-03-29,17e7e01240e38e1ca090,-1.0,False,True,0.0,0.0,0.0,0.0,0.0,0.0,0.0,0.0,97480.0,100000.0,0.0,0.0252,killed,daily_loss_limit,risk_killed_until_explicit_operator_restart,forecast_signal,False,NGJ28@2028-03-29
2025-09-23 00:00:00+00:00,2025-09-23 00:00:00+00:00,NGJ28@2028-03-29,17e7e01240e38e1ca090,-1.0,False,True,0.0,0.0,0.0,0.0,0.0,0.0,0.0,0.0,97480.0,100000.0,0.0,0.0252,killed,daily_loss_limit,risk_killed_until_explicit_operator_restart,forecast_signal,False,NGJ28@2028-03-29
2025-09-24 00:00:00+00:00,2025-09-24 00:00:00+00:00,NGJ28@2028-03-29,50d49856927d91af3e06,-1.0,False,True,0.0,0.0,0.0,0.0,0.0,0.0,-0.0,-0.0,97480.0,100000.0,0.0,0.0252,killed,daily_loss_limit,risk_killed_until_explicit_operator_restart,forecast_signal,False,NGJ28@2028-03-29
2025-09-25 00:00:00+00:00,2025-09-25 00:00:00+00:00,NGJ28@2028-03-29,0c578e3b506e58b0a42e,-1.0,False,True,0.0,0.0,0.0,0.0,0.0,0.0,-0.0,-0.0,97480.0,100000.0,0.0,0.0252,killed,daily_loss_limit,risk_killed_until_explicit_operator_restart,forecast_signal,False,NGJ28@2028-03-29
2025-09-26 00:00:00+00:00,2025-09-26 00:00:00+00:00,NGJ28@2028-03-29,043bb199f1a3734bbf37,-1.0,False,True,0.0,0.0,0.0,0.0,0.0,0.0,0.0,0.0,97480.0,100000.0,0.0,0.0252,killed,daily_loss_limit,risk_killed_until_explicit_operator_restart,forecast_signal,False,NGJ28@2028-03-29
2025-09-29 00:00:00+00:00,2025-09-29 00:00:00+00:00,NGJ28@2028-03-29,9e0caa45528f9b2e96bb,-1.0,False,True,0.0,0.0,0.0,0.0,0.0,0.0,0.0,0.0,97480.0,100000.0,0.0,0.0252,killed,daily_loss_limit,risk_killed_until_explicit_operator_restart,forecast_signal,False,NGJ28@2028-03-29
2025-09-30 00:00:00+00:00,2025-09-30 00:00:00+00:00,NGJ28@2028-03-29,ff6262920cedb5ff367c,-1.0,False,True,0.0,0.0,0.0,0.0,0.0,0.0,0.0,0.0,97480.0,100000.0,0.0,0.0252,killed,daily_loss_limit,risk_killed_until_explicit_operator_restart,forecast_signal,False,NGJ28@2028-03-29
2025-10-01 00:00:00+00:00,2025-10-01 00:00:00+00:00,NGJ28@2028-03-29,0b6da6f37d39ee413532,-1.0,False,True,0.0,0.0,0.0,0.0,0.0,0.0,0.0,0.0,97480.0,100000.0,0.0,0.0252,killed,daily_loss_limit,risk_killed_until_explicit_operator_restart,forecast_signal,False,NGJ28@2028-03-29
2025-10-02 00:00:00+00:00,2025-10-02 00:00:00+00:00,NGJ28@2028-03-29,420fe4869a62fc9d0862,-1.0,False,True,0.0,0.0,0.0,0.0,0.0,0.0,-0.0,-0.0,97480.0,100000.0,0.0,0.0252,killed,daily_loss_limit,risk_killed_until_explicit_operator_restart,forecast_signal,False,NGJ28@2028-03-29
2025-10-03 00:00:00+00:00,2025-10-03 00:00:00+00:00,NGJ28@2028-03-29,3123325419a21aa17c14,-1.0,False,True,0.0,0.0,0.0,0.0,0.0,0.0,0.0,0.0,97480.0,100000.0,0.0,0.0252,killed,daily_loss_limit,risk_killed_until_explicit_operator_restart,forecast_signal,False,NGJ28@2028-03-29
2025-10-06 00:00:00+00:00,2025-10-06 00:00:00+00:00,NGJ28@2028-03-29,3aafea4cab7beff2b20f,-1.0,False,True,0.0,0.0,0.0,0.0,0.0,0.0,-0.0,-0.0,97480.0,100000.0,0.0,0.0252,killed,daily_loss_limit,risk_killed_until_explicit_operator_restart,forecast_signal,False,NGJ28@2028-03-29
2025-10-07 00:00:00+00:00,2025-10-07 00:00:00+00:00,NGJ28@2028-03-29,98a0eba53d09c53da9eb,-1.0,False,True,0.0,0.0,0.0,0.0,0.0,0.0,0.0,0.0,97480.0,100000.0,0.0,0.0252,killed,daily_loss_limit,risk_killed_until_explicit_operator_restart,forecast_signal,False,NGJ28@2028-03-29
2025-10-08 00:00:00+00:00,2025-10-08 00:00:00+00:00,NGJ28@2028-03-29,aed382f577fffec37bbb,-1.0,False,True,0.0,0.0,0.0,0.0,0.0,0.0,-0.0,-0.0,97480.0,100000.0,0.0,0.0252,killed,daily_loss_limit,risk_killed_until_explicit_operator_restart,forecast_signal,False,NGJ28@2028-03-29
2025-10-09 00:00:00+00:00,2025-10-09 00:00:00+00:00,NGJ28@2028-03-29,2f0a2ed4e7c1dd460fe5,-1.0,False,True,0.0,0.0,0.0,0.0,0.0,0.0,-0.0,-0.0,97480.0,100000.0,0.0,0.0252,killed,daily_loss_limit,risk_killed_until_explicit_operator_restart,forecast_signal,False,NGJ28@2028-03-29
2025-10-10 00:00:00+00:00,2025-10-10 00:00:00+00:00,NGJ28@2028-03-29,22bd87fb94b0b0f9cddd,-1.0,False,True,0.0,0.0,0.0,0.0,0.0,0.0,-0.0,-0.0,97480.0,100000.0,0.0,0.0252,killed,daily_loss_limit,risk_killed_until_explicit_operator_restart,forecast_signal,False,NGJ28@2028-03-29
2025-10-13 00:00:00+00:00,2025-10-13 00:00:00+00:00,NGJ28@2028-03-29,8fd06c27ace6fc644ece,-1.0,False,True,0.0,0.0,0.0,0.0,0.0,0.0,-0.0,-0.0,97480.0,100000.0,0.0,0.0252,killed,daily_loss_limit,risk_killed_until_explicit_operator_restart,forecast_signal,False,NGJ28@2028-03-29
2025-10-14 00:00:00+00:00,2025-10-14 00:00:00+00:00,NGJ28@2028-03-29,8fd06c27ace6fc644ece,-1.0,False,True,0.0,0.0,0.0,0.0,0.0,0.0,-0.0,-0.0,97480.0,100000.0,0.0,0.0252,killed,daily_loss_limit,risk_killed_until_explicit_operator_restart,forecast_signal,False,NGJ28@2028-03-29
2025-10-15 00:00:00+00:00,2025-10-15 00:00:00+00:00,NGJ28@2028-03-29,6fa9c19229dbcb2e8997,-1.0,False,True,0.0,0.0,0.0,0.0,0.0,0.0,0.0,0.0,97480.0,100000.0,0.0,0.0252,killed,daily_loss_limit,risk_killed_until_explicit_operator_restart,forecast_signal,False,NGJ28@2028-03-29
2025-10-16 00:00:00+00:00,2025-10-16 00:00:00+00:00,NGJ28@2028-03-29,123c3c64e3901c229240,-1.0,False,True,0.0,0.0,0.0,0.0,0.0,0.0,-0.0,-0.0,97480.0,100000.0,0.0,0.0252,killed,daily_loss_limit,risk_killed_until_explicit_operator_restart,forecast_signal,False,NGJ28@2028-03-29
2025-10-17 00:00:00+00:00,2025-10-17 00:00:00+00:00,NGJ28@2028-03-29,00e5bac1f2d146cd2725,-1.0,False,True,0.0,0.0,0.0,0.0,0.0,0.0,0.0,0.0,97480.0,100000.0,0.0,0.0252,killed,daily_loss_limit,risk_killed_until_explicit_operator_restart,forecast_signal,False,NGJ28@2028-03-29
2025-10-20 00:00:00+00:00,2025-10-20 00:00:00+00:00,NGJ28@2028-03-29,31382f2f372a607c162a,-1.0,False,True,0.0,0.0,0.0,0.0,0.0,0.0,0.0,0.0,97480.0,100000.0,0.0,0.0252,killed,daily_loss_limit,risk_killed_until_explicit_operator_restart,forecast_signal,False,NGJ28@2028-03-29
2025-10-22 00:00:00+00:00,2025-10-22 00:00:00+00:00,NGJ28@2028-03-29,78aad23195a0bada7d91,-1.0,False,True,0.0,0.0,0.0,0.0,0.0,0.0,-0.0,-0.0,97480.0,100000.0,0.0,0.0252,killed,daily_loss_limit,risk_killed_until_explicit_operator_restart,forecast_signal,False,NGJ28@2028-03-29
2025-10-23 00:00:00+00:00,2025-10-23 00:00:00+00:00,NGJ28@2028-03-29,78aad23195a0bada7d91,-1.0,False,True,0.0,0.0,0.0,0.0,0.0,0.0,0.0,0.0,97480.0,100000.0,0.0,0.0252,killed,daily_loss_limit,risk_killed_until_explicit_operator_restart,forecast_signal,False,NGJ28@2028-03-29
2025-10-24 00:00:00+00:00,2025-10-24 00:00:00+00:00,NGJ28@2028-03-29,c3ba58eee36f8ca032a9,-1.0,False,True,0.0,0.0,0.0,0.0,0.0,0.0,0.0,0.0,97480.0,100000.0,0.0,0.0252,killed,daily_loss_limit,risk_killed_until_explicit_operator_restart,forecast_signal,False,NGJ28@2028-03-29
2025-10-27 00:00:00+00:00,2025-10-27 00:00:00+00:00,NGJ28@2028-03-29,c85c099993c4b97b22b8,-1.0,False,True,0.0,0.0,0.0,0.0,0.0,0.0,-0.0,-0.0,97480.0,100000.0,0.0,0.0252,killed,daily_loss_limit,risk_killed_until_explicit_operator_restart,forecast_signal,False,NGJ28@2028-03-29
2025-10-29 00:00:00+00:00,2025-10-29 00:00:00+00:00,NGJ28@2028-03-29,bed5ca5f993f38aed3a1,-1.0,False,True,0.0,0.0,0.0,0.0,0.0,0.0,0.0,0.0,97480.0,100000.0,0.0,0.0252,killed,daily_loss_limit,risk_killed_until_explicit_operator_restart,forecast_signal,False,NGJ28@2028-03-29
2025-10-30 00:00:00+00:00,2025-10-30 00:00:00+00:00,NGJ28@2028-03-29,bed5ca5f993f38aed3a1,-1.0,False,True,0.0,0.0,0.0,0.0,0.0,0.0,0.0,0.0,97480.0,100000.0,0.0,0.0252,killed,daily_loss_limit,risk_killed_until_explicit_operator_restart,forecast_signal,False,NGJ28@2028-03-29
2025-10-31 00:00:00+00:00,2025-10-31 00:00:00+00:00,NGJ28@2028-03-29,a82b597b230b83e65f54,-1.0,False,True,0.0,0.0,0.0,0.0,0.0,0.0,-0.0,-0.0,97480.0,100000.0,0.0,0.0252,killed,daily_loss_limit,risk_killed_until_explicit_operator_restart,forecast_signal,False,NGJ28@2028-03-29
2025-11-03 00:00:00+00:00,2025-11-03 00:00:00+00:00,NGJ28@2028-03-29,238e974327377fba74a1,-1.0,False,True,0.0,0.0,0.0,0.0,0.0,0.0,0.0,0.0,97480.0,100000.0,0.0,0.0252,killed,daily_loss_limit,risk_killed_until_explicit_operator_restart,forecast_signal,False,NGJ28@2028-03-29
2025-11-04 00:00:00+00:00,2025-11-04 00:00:00+00:00,NGJ28@2028-03-29,ecf81f23b6f34785c955,-1.0,False,True,0.0,0.0,0.0,0.0,0.0,0.0,-0.0,-0.0,97480.0,100000.0,0.0,0.0252,killed,daily_loss_limit,risk_killed_until_explicit_operator_restart,forecast_signal,False,NGJ28@2028-03-29
2025-11-07 00:00:00+00:00,2025-11-07 00:00:00+00:00,NGJ28@2028-03-29,768fb83834b0ab7daffc,-1.0,False,True,0.0,0.0,0.0,0.0,0.0,0.0,-0.0,-0.0,97480.0,100000.0,0.0,0.0252,killed,daily_loss_limit,risk_killed_until_explicit_operator_restart,forecast_signal,False,NGJ28@2028-03-29
2025-11-10 00:00:00+00:00,2025-11-10 00:00:00+00:00,NGJ28@2028-03-29,768fb83834b0ab7daffc,-1.0,False,True,0.0,0.0,0.0,0.0,0.0,0.0,0.0,0.0,97480.0,100000.0,0.0,0.0252,killed,daily_loss_limit,risk_killed_until_explicit_operator_restart,forecast_signal,False,NGJ28@2028-03-29
2025-11-12 00:00:00+00:00,2025-11-12 00:00:00+00:00,NGJ28@2028-03-29,817a5b7199b9fb0642e5,-1.0,False,True,0.0,0.0,0.0,0.0,0.0,0.0,0.0,0.0,97480.0,100000.0,0.0,0.0252,killed,daily_loss_limit,risk_killed_until_explicit_operator_restart,forecast_signal,False,NGJ28@2028-03-29
2025-11-13 00:00:00+00:00,2025-11-13 00:00:00+00:00,NGJ28@2028-03-29,817a5b7199b9fb0642e5,-1.0,False,True,0.0,0.0,0.0,0.0,0.0,0.0,-0.0,-0.0,97480.0,100000.0,0.0,0.0252,killed,daily_loss_limit,risk_killed_until_explicit_operator_restart,forecast_signal,False,NGJ28@2028-03-29
2025-11-14 00:00:00+00:00,2025-11-14 00:00:00+00:00,NGJ28@2028-03-29,ea6b839bfca84be1c675,-1.0,False,True,0.0,0.0,0.0,0.0,0.0,0.0,0.0,0.0,97480.0,100000.0,0.0,0.0252,killed,daily_loss_limit,risk_killed_until_explicit_operator_restart,forecast_signal,False,NGJ28@2028-03-29
2025-11-17 00:00:00+00:00,2025-11-17 00:00:00+00:00,NGJ28@2028-03-29,5259751c88fb04b407c6,-1.0,False,True,0.0,0.0,0.0,0.0,0.0,0.0,-0.0,-0.0,97480.0,100000.0,0.0,0.0252,killed,daily_loss_limit,risk_killed_until_explicit_operator_restart,forecast_signal,False,NGJ28@2028-03-29
2025-11-19 00:00:00+00:00,2025-11-19 00:00:00+00:00,NGJ28@2028-03-29,cb603c6e2d70646d9cb9,-1.0,False,True,0.0,0.0,0.0,0.0,0.0,0.0,-0.0,-0.0,97480.0,100000.0,0.0,0.0252,killed,daily_loss_limit,risk_killed_until_explicit_operator_restart,forecast_signal,False,NGJ28@2028-03-29
2025-11-20 00:00:00+00:00,2025-11-20 00:00:00+00:00,NGJ28@2028-03-29,cb603c6e2d70646d9cb9,-1.0,False,True,0.0,0.0,0.0,0.0,0.0,0.0,0.0,0.0,97480.0,100000.0,0.0,0.0252,killed,daily_loss_limit,risk_killed_until_explicit_operator_restart,forecast_signal,False,NGJ28@2028-03-29
2025-11-21 00:00:00+00:00,2025-11-21 00:00:00+00:00,NGJ28@2028-03-29,2c1f1d4e02bf701776f2,-1.0,False,True,0.0,0.0,0.0,0.0,0.0,0.0,-0.0,-0.0,97480.0,100000.0,0.0,0.0252,killed,daily_loss_limit,risk_killed_until_explicit_operator_restart,forecast_signal,False,NGJ28@2028-03-29
2025-11-24 00:00:00+00:00,2025-11-24 00:00:00+00:00,NGJ28@2028-03-29,2ce90fdd4905e6fdc71d,-1.0,False,True,0.0,0.0,0.0,0.0,0.0,0.0,-0.0,-0.0,97480.0,100000.0,0.0,0.0252,killed,daily_loss_limit,risk_killed_until_explicit_operator_restart,forecast_signal,False,NGJ28@2028-03-29
2025-11-25 00:00:00+00:00,2025-11-25 00:00:00+00:00,NGJ28@2028-03-29,a816253ddba137b668fd,-1.0,False,True,0.0,0.0,0.0,0.0,0.0,0.0,-0.0,-0.0,97480.0,100000.0,0.0,0.0252,killed,daily_loss_limit,risk_killed_until_explicit_operator_restart,forecast_signal,False,NGJ28@2028-03-29
2025-11-26 00:00:00+00:00,2025-11-26 00:00:00+00:00,NGJ28@2028-03-29,5aa112b098568af0c16a,-1.0,False,True,0.0,0.0,0.0,0.0,0.0,0.0,0.0,0.0,97480.0,100000.0,0.0,0.0252,killed,daily_loss_limit,risk_killed_until_explicit_operator_restart,forecast_signal,False,NGJ28@2028-03-29
2025-11-28 00:00:00+00:00,2025-11-28 00:00:00+00:00,NGJ28@2028-03-29,fe97bef7502ecf6a4cf5,-1.0,False,True,0.0,0.0,0.0,0.0,0.0,0.0,0.0,0.0,97480.0,100000.0,0.0,0.0252,killed,daily_loss_limit,risk_killed_until_explicit_operator_restart,forecast_signal,False,NGJ28@2028-03-29
2025-12-01 00:00:00+00:00,2025-12-01 00:00:00+00:00,NGJ28@2028-03-29,1163681a2220d9e1fb06,-1.0,False,True,0.0,0.0,0.0,0.0,0.0,0.0,-0.0,-0.0,97480.0,100000.0,0.0,0.0252,killed,daily_loss_limit,risk_killed_until_explicit_operator_restart,forecast_signal,False,NGJ28@2028-03-29
2025-12-02 00:00:00+00:00,2025-12-02 00:00:00+00:00,NGJ28@2028-03-29,c471f3d3759ebf5b64de,-1.0,False,True,0.0,0.0,0.0,0.0,0.0,0.0,0.0,0.0,97480.0,100000.0,0.0,0.0252,killed,daily_loss_limit,risk_killed_until_explicit_operator_restart,forecast_signal,False,NGJ28@2028-03-29
2025-12-03 00:00:00+00:00,2025-12-03 00:00:00+00:00,NGJ28@2028-03-29,5c30d9a1bee42ce6512a,-1.0,False,True,0.0,0.0,0.0,0.0,0.0,0.0,-0.0,-0.0,97480.0,100000.0,0.0,0.0252,killed,daily_loss_limit,risk_killed_until_explicit_operator_restart,forecast_signal,False,NGJ28@2028-03-29
2025-12-04 00:00:00+00:00,2025-12-04 00:00:00+00:00,NGJ28@2028-03-29,e4fe6bc729b0beac69c4,-1.0,False,True,0.0,0.0,0.0,0.0,0.0,0.0,0.0,0.0,97480.0,100000.0,0.0,0.0252,killed,daily_loss_limit,risk_killed_until_explicit_operator_restart,forecast_signal,False,NGJ28@2028-03-29
2025-12-05 00:00:00+00:00,2025-12-05 00:00:00+00:00,NGJ28@2028-03-29,ff5f2e3f195335b520f4,-1.0,False,True,0.0,0.0,0.0,0.0,0.0,0.0,-0.0,-0.0,97480.0,100000.0,0.0,0.0252,killed,daily_loss_limit,risk_killed_until_explicit_operator_restart,forecast_signal,False,NGJ28@2028-03-29
2025-12-08 00:00:00+00:00,2025-12-08 00:00:00+00:00,NGJ28@2028-03-29,927fa7dab135750eaa5d,-1.0,False,True,0.0,0.0,0.0,0.0,0.0,0.0,-0.0,-0.0,97480.0,100000.0,0.0,0.0252,killed,daily_loss_limit,risk_killed_until_explicit_operator_restart,forecast_signal,False,NGJ28@2028-03-29
2025-12-09 00:00:00+00:00,2025-12-09 00:00:00+00:00,NGJ28@2028-03-29,af203892d1c62b76fe81,-1.0,False,True,0.0,0.0,0.0,0.0,0.0,0.0,0.0,0.0,97480.0,100000.0,0.0,0.0252,killed,daily_loss_limit,risk_killed_until_explicit_operator_restart,forecast_signal,False,NGJ28@2028-03-29
2025-12-10 00:00:00+00:00,2025-12-10 00:00:00+00:00,NGJ28@2028-03-29,63a2de7b9e044330f410,-1.0,False,True,0.0,0.0,0.0,0.0,0.0,0.0,-0.0,-0.0,97480.0,100000.0,0.0,0.0252,killed,daily_loss_limit,risk_killed_until_explicit_operator_restart,forecast_signal,False,NGJ28@2028-03-29
2025-12-11 00:00:00+00:00,2025-12-11 00:00:00+00:00,NGJ28@2028-03-29,32866eb79eb6ace963b7,-1.0,False,True,0.0,0.0,0.0,0.0,0.0,0.0,-0.0,-0.0,97480.0,100000.0,0.0,0.0252,killed,daily_loss_limit,risk_killed_until_explicit_operator_restart,forecast_signal,False,NGJ28@2028-03-29
2025-12-12 00:00:00+00:00,2025-12-12 00:00:00+00:00,NGJ28@2028-03-29,29e4376705ca4f3e7269,-1.0,False,True,0.0,0.0,0.0,0.0,0.0,0.0,-0.0,-0.0,97480.0,100000.0,0.0,0.0252,killed,daily_loss_limit,risk_killed_until_explicit_operator_restart,forecast_signal,False,NGJ28@2028-03-29
2025-12-15 00:00:00+00:00,2025-12-15 00:00:00+00:00,NGJ28@2028-03-29,367e741abc333e32c902,-1.0,False,True,0.0,0.0,0.0,0.0,0.0,0.0,-0.0,-0.0,97480.0,100000.0,0.0,0.0252,killed,daily_loss_limit,risk_killed_until_explicit_operator_restart,forecast_signal,False,NGJ28@2028-03-29
2025-12-16 00:00:00+00:00,2025-12-16 00:00:00+00:00,NGJ28@2028-03-29,c47a24e9d324a2cb7b84,-1.0,False,True,0.0,0.0,0.0,0.0,0.0,0.0,0.0,0.0,97480.0,100000.0,0.0,0.0252,killed,daily_loss_limit,risk_killed_until_explicit_operator_restart,forecast_signal,False,NGJ28@2028-03-29
2025-12-17 00:00:00+00:00,2025-12-17 00:00:00+00:00,NGJ28@2028-03-29,29cc3af56647accb6325,-1.0,False,True,0.0,0.0,0.0,0.0,0.0,0.0,-0.0,-0.0,97480.0,100000.0,0.0,0.0252,killed,daily_loss_limit,risk_killed_until_explicit_operator_restart,forecast_signal,False,NGJ28@2028-03-29
2025-12-18 00:00:00+00:00,2025-12-18 00:00:00+00:00,NGJ28@2028-03-29,ded68cbd8a698f1e3080,-1.0,False,True,0.0,0.0,0.0,0.0,0.0,0.0,-0.0,-0.0,97480.0,100000.0,0.0,0.0252,killed,daily_loss_limit,risk_killed_until_explicit_operator_restart,forecast_signal,False,NGJ28@2028-03-29
2025-12-19 00:00:00+00:00,2025-12-19 00:00:00+00:00,NGJ28@2028-03-29,b3411e51fb806b00503c,-1.0,False,True,0.0,0.0,0.0,0.0,0.0,0.0,0.0,0.0,97480.0,100000.0,0.0,0.0252,killed,daily_loss_limit,risk_killed_until_explicit_operator_restart,forecast_signal,False,NGJ28@2028-03-29
2025-12-22 00:00:00+00:00,2025-12-22 00:00:00+00:00,NGJ28@2028-03-29,56effe989c305a0ce477,-1.0,False,True,0.0,0.0,0.0,0.0,0.0,0.0,-0.0,-0.0,97480.0,100000.0,0.0,0.0252,killed,daily_loss_limit,risk_killed_until_explicit_operator_restart,forecast_signal,False,NGJ28@2028-03-29
2025-12-23 00:00:00+00:00,2025-12-23 00:00:00+00:00,NGJ28@2028-03-29,26bc1029b5ff2c07603b,-1.0,False,True,0.0,0.0,0.0,0.0,0.0,0.0,0.0,0.0,97480.0,100000.0,0.0,0.0252,killed,daily_loss_limit,risk_killed_until_explicit_operator_restart,forecast_signal,False,NGJ28@2028-03-29
2025-12-24 00:00:00+00:00,2025-12-24 00:00:00+00:00,NGJ28@2028-03-29,43b136471d33a901708f,-1.0,False,True,0.0,0.0,0.0,0.0,0.0,0.0,0.0,0.0,97480.0,100000.0,0.0,0.0252,killed,daily_loss_limit,risk_killed_until_explicit_operator_restart,forecast_signal,False,NGJ28@2028-03-29
2025-12-31 00:00:00+00:00,2025-12-31 00:00:00+00:00,NGJ28@2028-03-29,6ec9dfaf1eae80847d76,-1.0,False,True,0.0,0.0,0.0,0.0,0.0,0.0,-0.0,-0.0,97480.0,100000.0,0.0,0.0252,killed,daily_loss_limit,risk_killed_until_explicit_operator_restart,forecast_signal,False,NGJ28@2028-03-29
2026-01-02 00:00:00+00:00,2026-01-02 00:00:00+00:00,NGJ28@2028-03-29,6ec9dfaf1eae80847d76,-1.0,False,True,0.0,0.0,0.0,0.0,0.0,0.0,-0.0,-0.0,97480.0,100000.0,0.0,0.0252,killed,daily_loss_limit,risk_killed_until_explicit_operator_restart,forecast_signal,False,NGJ28@2028-03-29
2026-01-05 00:00:00+00:00,2026-01-05 00:00:00+00:00,NGJ28@2028-03-29,9284d8ed49f565003731,-1.0,False,True,0.0,0.0,0.0,0.0,0.0,0.0,0.0,0.0,97480.0,100000.0,0.0,0.0252,killed,daily_loss_limit,risk_killed_until_explicit_operator_restart,forecast_signal,False,NGJ28@2028-03-29
2026-01-06 00:00:00+00:00,2026-01-06 00:00:00+00:00,NGJ28@2028-03-29,7a8f1ed8c818e5af541d,-1.0,False,True,0.0,0.0,0.0,0.0,0.0,0.0,0.0,0.0,97480.0,100000.0,0.0,0.0252,killed,daily_loss_limit,risk_killed_until_explicit_operator_restart,forecast_signal,False,NGJ28@2028-03-29
2026-01-07 00:00:00+00:00,2026-01-07 00:00:00+00:00,NGJ28@2028-03-29,11a7bf1952631f911660,-1.0,False,True,0.0,0.0,0.0,0.0,0.0,0.0,-0.0,-0.0,97480.0,100000.0,0.0,0.0252,killed,daily_loss_limit,risk_killed_until_explicit_operator_restart,forecast_signal,False,NGJ28@2028-03-29
2026-01-08 00:00:00+00:00,2026-01-08 00:00:00+00:00,NGJ28@2028-03-29,84f1ca47b46a372ddfad,-1.0,False,True,0.0,0.0,0.0,0.0,0.0,0.0,-0.0,-0.0,97480.0,100000.0,0.0,0.0252,killed,daily_loss_limit,risk_killed_until_explicit_operator_restart,forecast_signal,False,NGJ28@2028-03-29
2026-01-09 00:00:00+00:00,2026-01-09 00:00:00+00:00,NGJ28@2028-03-29,35d7da0ff108c56e891a,-1.0,False,True,0.0,0.0,0.0,0.0,0.0,0.0,-0.0,-0.0,97480.0,100000.0,0.0,0.0252,killed,daily_loss_limit,risk_killed_until_explicit_operator_restart,forecast_signal,False,NGJ28@2028-03-29
2026-01-12 00:00:00+00:00,2026-01-12 00:00:00+00:00,NGJ28@2028-03-29,814f8788c3fd71f1ac45,-1.0,False,True,0.0,0.0,0.0,0.0,0.0,0.0,0.0,0.0,97480.0,100000.0,0.0,0.0252,killed,daily_loss_limit,risk_killed_until_explicit_operator_restart,forecast_signal,False,NGJ28@2028-03-29
2026-01-13 00:00:00+00:00,2026-01-13 00:00:00+00:00,NGJ28@2028-03-29,33ad57c76ab2cbd0c7d7,-1.0,False,True,0.0,0.0,0.0,0.0,0.0,0.0,-0.0,-0.0,97480.0,100000.0,0.0,0.0252,killed,daily_loss_limit,risk_killed_until_explicit_operator_restart,forecast_signal,False,NGJ28@2028-03-29
2026-01-14 00:00:00+00:00,2026-01-14 00:00:00+00:00,NGJ28@2028-03-29,4e4abba9e383be0a7e33,-1.0,False,True,0.0,0.0,0.0,0.0,0.0,0.0,0.0,0.0,97480.0,100000.0,0.0,0.0252,killed,daily_loss_limit,risk_killed_until_explicit_operator_restart,forecast_signal,False,NGJ28@2028-03-29
2026-01-15 00:00:00+00:00,2026-01-15 00:00:00+00:00,NGJ28@2028-03-29,3e2eda7bfb9bfdf8345f,-1.0,False,True,0.0,0.0,0.0,0.0,0.0,0.0,0.0,0.0,97480.0,100000.0,0.0,0.0252,killed,daily_loss_limit,risk_killed_until_explicit_operator_restart,forecast_signal,False,NGJ28@2028-03-29
2026-01-16 00:00:00+00:00,2026-01-16 00:00:00+00:00,NGJ28@2028-03-29,62e5351d919f70455b45,-1.0,False,True,0.0,0.0,0.0,0.0,0.0,0.0,0.0,0.0,97480.0,100000.0,0.0,0.0252,killed,daily_loss_limit,risk_killed_until_explicit_operator_restart,forecast_signal,False,NGJ28@2028-03-29
2026-01-20 00:00:00+00:00,2026-01-20 00:00:00+00:00,NGJ28@2028-03-29,03474ec5998d3d5f4e85,-1.0,False,True,0.0,0.0,0.0,0.0,0.0,0.0,0.0,0.0,97480.0,100000.0,0.0,0.0252,killed,daily_loss_limit,risk_killed_until_explicit_operator_restart,forecast_signal,False,NGJ28@2028-03-29
2026-01-21 00:00:00+00:00,2026-01-21 00:00:00+00:00,NGJ28@2028-03-29,14a9b0371c125287e26f,-1.0,False,True,0.0,0.0,0.0,0.0,0.0,0.0,0.0,0.0,97480.0,100000.0,0.0,0.0252,killed,daily_loss_limit,risk_killed_until_explicit_operator_restart,forecast_signal,False,NGJ28@2028-03-29
2026-01-22 00:00:00+00:00,2026-01-22 00:00:00+00:00,NGJ28@2028-03-29,c9222f59d96fb2a461b4,-1.0,False,True,0.0,0.0,0.0,0.0,0.0,0.0,-0.0,-0.0,97480.0,100000.0,0.0,0.0252,killed,daily_loss_limit,risk_killed_until_explicit_operator_restart,forecast_signal,False,NGJ28@2028-03-29
2026-01-23 00:00:00+00:00,2026-01-23 00:00:00+00:00,NGJ28@2028-03-29,d27e078a80c643cc3c2f,-1.0,False,True,0.0,0.0,0.0,0.0,0.0,0.0,-0.0,-0.0,97480.0,100000.0,0.0,0.0252,killed,daily_loss_limit,risk_killed_until_explicit_operator_restart,forecast_signal,False,NGJ28@2028-03-29
2026-01-26 00:00:00+00:00,2026-01-26 00:00:00+00:00,NGJ28@2028-03-29,72ec260a373f4d24466a,-1.0,False,True,0.0,0.0,0.0,0.0,0.0,0.0,-0.0,-0.0,97480.0,100000.0,0.0,0.0252,killed,daily_loss_limit,risk_killed_until_explicit_operator_restart,forecast_signal,False,NGJ28@2028-03-29
2026-01-27 00:00:00+00:00,2026-01-27 00:00:00+00:00,NGJ28@2028-03-29,e4eaee7631bc660e81d8,-1.0,False,True,0.0,0.0,0.0,0.0,0.0,0.0,0.0,0.0,97480.0,100000.0,0.0,0.0252,killed,daily_loss_limit,risk_killed_until_explicit_operator_restart,forecast_signal,False,NGJ28@2028-03-29
2026-01-28 00:00:00+00:00,2026-01-28 00:00:00+00:00,NGJ28@2028-03-29,ba10ccd4cf45c1587fed,-1.0,False,True,0.0,0.0,0.0,0.0,0.0,0.0,0.0,0.0,97480.0,100000.0,0.0,0.0252,killed,daily_loss_limit,risk_killed_until_explicit_operator_restart,forecast_signal,False,NGJ28@2028-03-29
2026-01-30 00:00:00+00:00,2026-01-30 00:00:00+00:00,NGJ28@2028-03-29,dd89a6b26ae2b4553bdf,-1.0,False,True,0.0,0.0,0.0,0.0,0.0,0.0,-0.0,-0.0,97480.0,100000.0,0.0,0.0252,killed,daily_loss_limit,risk_killed_until_explicit_operator_restart,forecast_signal,False,NGJ28@2028-03-29
2026-02-02 00:00:00+00:00,2026-02-02 00:00:00+00:00,NGJ28@2028-03-29,dd89a6b26ae2b4553bdf,-1.0,False,True,0.0,0.0,0.0,0.0,0.0,0.0,-0.0,-0.0,97480.0,100000.0,0.0,0.0252,killed,daily_loss_limit,risk_killed_until_explicit_operator_restart,forecast_signal,False,NGJ28@2028-03-29
2026-02-03 00:00:00+00:00,2026-02-03 00:00:00+00:00,NGJ28@2028-03-29,586ee2c9799fb8d18f69,-1.0,False,True,0.0,0.0,0.0,0.0,0.0,0.0,0.0,0.0,97480.0,100000.0,0.0,0.0252,killed,daily_loss_limit,risk_killed_until_explicit_operator_restart,forecast_signal,False,NGJ28@2028-03-29
2026-02-05 00:00:00+00:00,2026-02-05 00:00:00+00:00,NGJ28@2028-03-29,bd4d06b6815c27e9c152,-1.0,False,True,0.0,0.0,0.0,0.0,0.0,0.0,-0.0,-0.0,97480.0,100000.0,0.0,0.0252,killed,daily_loss_limit,risk_killed_until_explicit_operator_restart,forecast_signal,False,NGJ28@2028-03-29
2026-02-06 00:00:00+00:00,2026-02-06 00:00:00+00:00,NGJ28@2028-03-29,bd4d06b6815c27e9c152,-1.0,False,True,0.0,0.0,0.0,0.0,0.0,0.0,-0.0,-0.0,97480.0,100000.0,0.0,0.0252,killed,daily_loss_limit,risk_killed_until_explicit_operator_restart,forecast_signal,False,NGJ28@2028-03-29
2026-02-09 00:00:00+00:00,2026-02-09 00:00:00+00:00,NGJ28@2028-03-29,3a3e0e984129ad104960,-1.0,False,True,0.0,0.0,0.0,0.0,0.0,0.0,0.0,0.0,97480.0,100000.0,0.0,0.0252,killed,daily_loss_limit,risk_killed_until_explicit_operator_restart,forecast_signal,False,NGJ28@2028-03-29
2026-02-10 00:00:00+00:00,2026-02-10 00:00:00+00:00,NGJ28@2028-03-29,78f41b2028fd1baf9e5c,-1.0,False,True,0.0,0.0,0.0,0.0,0.0,0.0,-0.0,-0.0,97480.0,100000.0,0.0,0.0252,killed,daily_loss_limit,risk_killed_until_explicit_operator_restart,forecast_signal,False,NGJ28@2028-03-29
2026-02-11 00:00:00+00:00,2026-02-11 00:00:00+00:00,NGJ28@2028-03-29,2356acdbeb5feba75ef6,-1.0,False,True,0.0,0.0,0.0,0.0,0.0,0.0,0.0,0.0,97480.0,100000.0,0.0,0.0252,killed,daily_loss_limit,risk_killed_until_explicit_operator_restart,forecast_signal,False,NGJ28@2028-03-29
2026-02-12 00:00:00+00:00,2026-02-12 00:00:00+00:00,NGJ28@2028-03-29,e2f1d48cc379d39047b7,-1.0,False,True,0.0,0.0,0.0,0.0,0.0,0.0,-0.0,-0.0,97480.0,100000.0,0.0,0.0252,killed,daily_loss_limit,risk_killed_until_explicit_operator_restart,forecast_signal,False,NGJ28@2028-03-29
2026-02-13 00:00:00+00:00,2026-02-13 00:00:00+00:00,NGJ28@2028-03-29,9b9ee67e7870d6440381,-1.0,False,True,0.0,0.0,0.0,0.0,0.0,0.0,0.0,0.0,97480.0,100000.0,0.0,0.0252,killed,daily_loss_limit,risk_killed_until_explicit_operator_restart,forecast_signal,False,NGJ28@2028-03-29
2026-02-16 00:00:00+00:00,2026-02-16 00:00:00+00:00,NGJ28@2028-03-29,d8224ec2cc95e9284b2c,-1.0,False,True,0.0,0.0,0.0,0.0,0.0,0.0,0.0,0.0,97480.0,100000.0,0.0,0.0252,killed,daily_loss_limit,risk_killed_until_explicit_operator_restart,forecast_signal,False,NGJ28@2028-03-29
2026-02-17 00:00:00+00:00,2026-02-17 00:00:00+00:00,NGJ28@2028-03-29,d8224ec2cc95e9284b2c,-1.0,False,True,0.0,0.0,0.0,0.0,0.0,0.0,-0.0,-0.0,97480.0,100000.0,0.0,0.0252,killed,daily_loss_limit,risk_killed_until_explicit_operator_restart,forecast_signal,False,NGJ28@2028-03-29
2026-02-18 00:00:00+00:00,2026-02-18 00:00:00+00:00,NGJ28@2028-03-29,d0f9074e95694819b336,-1.0,False,True,0.0,0.0,0.0,0.0,0.0,0.0,0.0,0.0,97480.0,100000.0,0.0,0.0252,killed,daily_loss_limit,risk_killed_until_explicit_operator_restart,forecast_signal,False,NGJ28@2028-03-29
2026-02-19 00:00:00+00:00,2026-02-19 00:00:00+00:00,NGJ28@2028-03-29,69874a4e28ae261c2c01,-1.0,False,True,0.0,0.0,0.0,0.0,0.0,0.0,-0.0,-0.0,97480.0,100000.0,0.0,0.0252,killed,daily_loss_limit,risk_killed_until_explicit_operator_restart,forecast_signal,False,NGJ28@2028-03-29
2026-02-20 00:00:00+00:00,2026-02-20 00:00:00+00:00,NGJ28@2028-03-29,06292d1316ce611d6427,-1.0,False,True,0.0,0.0,0.0,0.0,0.0,0.0,-0.0,-0.0,97480.0,100000.0,0.0,0.0252,killed,daily_loss_limit,risk_killed_until_explicit_operator_restart,forecast_signal,False,NGJ28@2028-03-29
2026-02-23 00:00:00+00:00,2026-02-23 00:00:00+00:00,NGJ28@2028-03-29,a13f8eeb8b31ab843867,-1.0,False,True,0.0,0.0,0.0,0.0,0.0,0.0,0.0,0.0,97480.0,100000.0,0.0,0.0252,killed,daily_loss_limit,risk_killed_until_explicit_operator_restart,forecast_signal,False,NGJ28@2028-03-29
2026-02-24 00:00:00+00:00,2026-02-24 00:00:00+00:00,NGJ28@2028-03-29,432ec93ffaf34e27fd42,-1.0,False,True,0.0,0.0,0.0,0.0,0.0,0.0,0.0,0.0,97480.0,100000.0,0.0,0.0252,killed,daily_loss_limit,risk_killed_until_explicit_operator_restart,forecast_signal,False,NGJ28@2028-03-29
2026-02-25 00:00:00+00:00,2026-02-25 00:00:00+00:00,NGJ28@2028-03-29,ce29230ca65f36e7e6a7,-1.0,False,True,0.0,0.0,0.0,0.0,0.0,0.0,0.0,0.0,97480.0,100000.0,0.0,0.0252,killed,daily_loss_limit,risk_killed_until_explicit_operator_restart,forecast_signal,False,NGJ28@2028-03-29
2026-02-26 00:00:00+00:00,2026-02-26 00:00:00+00:00,NGJ28@2028-03-29,420a156c74b375a35566,-1.0,False,True,0.0,0.0,0.0,0.0,0.0,0.0,0.0,0.0,97480.0,100000.0,0.0,0.0252,killed,daily_loss_limit,risk_killed_until_explicit_operator_restart,forecast_signal,False,NGJ28@2028-03-29
2026-02-27 00:00:00+00:00,2026-02-27 00:00:00+00:00,NGJ28@2028-03-29,40f8269116cf0835b888,-1.0,False,True,0.0,0.0,0.0,0.0,0.0,0.0,0.0,0.0,97480.0,100000.0,0.0,0.0252,killed,daily_loss_limit,risk_killed_until_explicit_operator_restart,forecast_signal,False,NGJ28@2028-03-29
2026-03-02 00:00:00+00:00,2026-03-02 00:00:00+00:00,NGJ28@2028-03-29,e5d5a2134e815389adb7,-1.0,False,True,0.0,0.0,0.0,0.0,0.0,0.0,0.0,0.0,97480.0,100000.0,0.0,0.0252,killed,daily_loss_limit,risk_killed_until_explicit_operator_restart,forecast_signal,False,NGJ28@2028-03-29
2026-03-03 00:00:00+00:00,2026-03-03 00:00:00+00:00,NGJ28@2028-03-29,a4735add31d1efec6aee,-1.0,False,True,0.0,0.0,0.0,0.0,0.0,0.0,-0.0,-0.0,97480.0,100000.0,0.0,0.0252,killed,daily_loss_limit,risk_killed_until_explicit_operator_restart,forecast_signal,False,NGJ28@2028-03-29
2026-03-04 00:00:00+00:00,2026-03-04 00:00:00+00:00,NGJ28@2028-03-29,bc966c7b2f042018434d,-1.0,False,True,0.0,0.0,0.0,0.0,0.0,0.0,0.0,0.0,97480.0,100000.0,0.0,0.0252,killed,daily_loss_limit,risk_killed_until_explicit_operator_restart,forecast_signal,False,NGJ28@2028-03-29
2026-03-05 00:00:00+00:00,2026-03-05 00:00:00+00:00,NGJ28@2028-03-29,6d51a6bb77f91908832c,-1.0,False,True,0.0,0.0,0.0,0.0,0.0,0.0,0.0,0.0,97480.0,100000.0,0.0,0.0252,killed,daily_loss_limit,risk_killed_until_explicit_operator_restart,forecast_signal,False,NGJ28@2028-03-29
2026-03-06 00:00:00+00:00,2026-03-06 00:00:00+00:00,NGJ28@2028-03-29,45bf02fea5c49ec27c12,-1.0,False,True,0.0,0.0,0.0,0.0,0.0,0.0,-0.0,-0.0,97480.0,100000.0,0.0,0.0252,killed,daily_loss_limit,risk_killed_until_explicit_operator_restart,forecast_signal,False,NGJ28@2028-03-29
2026-03-09 00:00:00+00:00,2026-03-09 00:00:00+00:00,NGJ28@2028-03-29,ca02f042ee4a6a1fc5e1,0.0,True,True,0.0,0.0,0.0,0.0,0.0,0.0,0.0,0.0,97480.0,100000.0,0.0,0.0252,killed,daily_loss_limit,risk_killed_until_explicit_operator_restart,predicted_gross_pnl_not_above_round_trip_cost,False,NGJ28@2028-03-29
2026-03-10 00:00:00+00:00,2026-03-10 00:00:00+00:00,NGJ28@2028-03-29,84dd86660903d12729aa,0.0,True,True,0.0,0.0,0.0,0.0,0.0,0.0,-0.0,-0.0,97480.0,100000.0,0.0,0.0252,killed,daily_loss_limit,risk_killed_until_explicit_operator_restart,predicted_gross_pnl_not_above_round_trip_cost,False,NGJ28@2028-03-29
2026-03-11 00:00:00+00:00,2026-03-11 00:00:00+00:00,NGJ28@2028-03-29,47dc1dc91cd176881372,0.0,True,True,0.0,0.0,0.0,0.0,0.0,0.0,-0.0,-0.0,97480.0,100000.0,0.0,0.0252,killed,daily_loss_limit,risk_killed_until_explicit_operator_restart,predicted_gross_pnl_not_above_round_trip_cost,False,NGJ28@2028-03-29
2026-03-12 00:00:00+00:00,2026-03-12 00:00:00+00:00,NGJ28@2028-03-29,524f950892becbb0ed17,0.0,True,True,0.0,0.0,0.0,0.0,0.0,0.0,0.0,0.0,97480.0,100000.0,0.0,0.0252,killed,daily_loss_limit,risk_killed_until_explicit_operator_restart,predicted_gross_pnl_not_above_round_trip_cost,False,NGJ28@2028-03-29
2026-03-16 00:00:00+00:00,2026-03-16 00:00:00+00:00,NGJ28@2028-03-29,1a6ea48022ca00cf6cc9,0.0,True,True,0.0,0.0,0.0,0.0,0.0,0.0,0.0,0.0,97480.0,100000.0,0.0,0.0252,killed,daily_loss_limit,risk_killed_until_explicit_operator_restart,predicted_gross_pnl_not_above_round_trip_cost,False,NGJ28@2028-03-29
2026-03-17 00:00:00+00:00,2026-03-17 00:00:00+00:00,NGJ28@2028-03-29,1a6ea48022ca00cf6cc9,0.0,True,True,0.0,0.0,0.0,0.0,0.0,0.0,0.0,0.0,97480.0,100000.0,0.0,0.0252,killed,daily_loss_limit,risk_killed_until_explicit_operator_restart,predicted_gross_pnl_not_above_round_trip_cost,False,NGJ28@2028-03-29
2026-03-18 00:00:00+00:00,2026-03-18 00:00:00+00:00,NGJ28@2028-03-29,efb0c5f3b038c092b9e6,0.0,True,True,0.0,0.0,0.0,0.0,0.0,0.0,-0.0,-0.0,97480.0,100000.0,0.0,0.0252,killed,daily_loss_limit,risk_killed_until_explicit_operator_restart,predicted_gross_pnl_not_above_round_trip_cost,False,NGJ28@2028-03-29
2026-03-19 00:00:00+00:00,2026-03-19 00:00:00+00:00,NGJ28@2028-03-29,5945edf362792bcc207f,0.0,True,True,0.0,0.0,0.0,0.0,0.0,0.0,0.0,0.0,97480.0,100000.0,0.0,0.0252,killed,daily_loss_limit,risk_killed_until_explicit_operator_restart,predicted_gross_pnl_not_above_round_trip_cost,False,NGJ28@2028-03-29
2026-03-20 00:00:00+00:00,2026-03-20 00:00:00+00:00,NGJ28@2028-03-29,a12c8981620972e7909a,0.0,True,True,0.0,0.0,0.0,0.0,0.0,0.0,-0.0,-0.0,97480.0,100000.0,0.0,0.0252,killed,daily_loss_limit,risk_killed_until_explicit_operator_restart,predicted_gross_pnl_not_above_round_trip_cost,False,NGJ28@2028-03-29
2026-03-23 00:00:00+00:00,2026-03-23 00:00:00+00:00,NGJ28@2028-03-29,882b5003d7dabb11f573,0.0,True,True,0.0,0.0,0.0,0.0,0.0,0.0,-0.0,-0.0,97480.0,100000.0,0.0,0.0252,killed,daily_loss_limit,risk_killed_until_explicit_operator_restart,predicted_gross_pnl_not_above_round_trip_cost,False,NGJ28@2028-03-29
2026-03-24 00:00:00+00:00,2026-03-24 00:00:00+00:00,NGJ28@2028-03-29,5f470f27921039f34073,0.0,True,True,0.0,0.0,0.0,0.0,0.0,0.0,-0.0,-0.0,97480.0,100000.0,0.0,0.0252,killed,daily_loss_limit,risk_killed_until_explicit_operator_restart,predicted_gross_pnl_not_above_round_trip_cost,False,NGJ28@2028-03-29
2026-03-25 00:00:00+00:00,2026-03-25 00:00:00+00:00,NGJ28@2028-03-29,a1347b8578a8e181de02,0.0,True,True,0.0,0.0,0.0,0.0,0.0,0.0,0.0,0.0,97480.0,100000.0,0.0,0.0252,killed,daily_loss_limit,risk_killed_until_explicit_operator_restart,predicted_gross_pnl_not_above_round_trip_cost,False,NGJ28@2028-03-29
2026-03-26 00:00:00+00:00,2026-03-26 00:00:00+00:00,NGJ28@2028-03-29,d3ad0917dd1c540fb9a1,0.0,True,True,0.0,0.0,0.0,0.0,0.0,0.0,0.0,0.0,97480.0,100000.0,0.0,0.0252,killed,daily_loss_limit,risk_killed_until_explicit_operator_restart,predicted_gross_pnl_not_above_round_trip_cost,False,NGJ28@2028-03-29
2026-03-30 00:00:00+00:00,2026-03-30 00:00:00+00:00,NGJ28@2028-03-29,6fdf0c132e2a04397e69,0.0,True,True,0.0,0.0,0.0,0.0,0.0,0.0,-0.0,-0.0,97480.0,100000.0,0.0,0.0252,killed,daily_loss_limit,risk_killed_until_explicit_operator_restart,predicted_gross_pnl_not_above_round_trip_cost,False,NGJ28@2028-03-29
2026-03-31 00:00:00+00:00,2026-03-31 00:00:00+00:00,NGJ28@2028-03-29,6fdf0c132e2a04397e69,0.0,True,True,0.0,0.0,0.0,0.0,0.0,0.0,-0.0,-0.0,97480.0,100000.0,0.0,0.0252,killed,daily_loss_limit,risk_killed_until_explicit_operator_restart,predicted_gross_pnl_not_above_round_trip_cost,False,NGJ28@2028-03-29
2026-04-01 00:00:00+00:00,2026-04-01 00:00:00+00:00,NGJ28@2028-03-29,30461cf8f07d7baa82e2,0.0,True,True,0.0,0.0,0.0,0.0,0.0,0.0,-0.0,-0.0,97480.0,100000.0,0.0,0.0252,killed,daily_loss_limit,risk_killed_until_explicit_operator_restart,predicted_gross_pnl_not_above_round_trip_cost,False,NGJ28@2028-03-29
2026-04-02 00:00:00+00:00,2026-04-02 00:00:00+00:00,NGJ28@2028-03-29,8c64ad75613599988c56,0.0,True,True,0.0,0.0,0.0,0.0,0.0,0.0,0.0,0.0,97480.0,100000.0,0.0,0.0252,killed,daily_loss_limit,risk_killed_until_explicit_operator_restart,predicted_gross_pnl_not_above_round_trip_cost,False,NGJ28@2028-03-29
2026-04-06 00:00:00+00:00,2026-04-06 00:00:00+00:00,NGJ28@2028-03-29,cd191b95b36a65f40e0f,0.0,True,True,0.0,0.0,0.0,0.0,0.0,0.0,0.0,0.0,97480.0,100000.0,0.0,0.0252,killed,daily_loss_limit,risk_killed_until_explicit_operator_restart,predicted_gross_pnl_not_above_round_trip_cost,False,NGJ28@2028-03-29
2026-04-07 00:00:00+00:00,2026-04-07 00:00:00+00:00,NGJ28@2028-03-29,cd191b95b36a65f40e0f,0.0,True,True,0.0,0.0,0.0,0.0,0.0,0.0,-0.0,-0.0,97480.0,100000.0,0.0,0.0252,killed,daily_loss_limit,risk_killed_until_explicit_operator_restart,predicted_gross_pnl_not_above_round_trip_cost,False,NGJ28@2028-03-29
2026-04-08 00:00:00+00:00,2026-04-08 00:00:00+00:00,NGJ28@2028-03-29,ad3c596c23fd41eee7d5,0.0,True,True,0.0,0.0,0.0,0.0,0.0,0.0,-0.0,-0.0,97480.0,100000.0,0.0,0.0252,killed,daily_loss_limit,risk_killed_until_explicit_operator_restart,predicted_gross_pnl_not_above_round_trip_cost,False,NGJ28@2028-03-29
2026-04-09 00:00:00+00:00,2026-04-09 00:00:00+00:00,NGJ28@2028-03-29,6f149e5e7f30401a8901,0.0,True,True,0.0,0.0,0.0,0.0,0.0,0.0,-0.0,-0.0,97480.0,100000.0,0.0,0.0252,killed,daily_loss_limit,risk_killed_until_explicit_operator_restart,predicted_gross_pnl_not_above_round_trip_cost,False,NGJ28@2028-03-29
2026-04-10 00:00:00+00:00,2026-04-10 00:00:00+00:00,NGJ28@2028-03-29,79c7d72f64c959a27f82,0.0,True,True,0.0,0.0,0.0,0.0,0.0,0.0,0.0,0.0,97480.0,100000.0,0.0,0.0252,killed,daily_loss_limit,risk_killed_until_explicit_operator_restart,predicted_gross_pnl_not_above_round_trip_cost,False,NGJ28@2028-03-29
2026-04-13 00:00:00+00:00,2026-04-13 00:00:00+00:00,NGJ28@2028-03-29,a3258019b5ee84115a69,0.0,True,True,0.0,0.0,0.0,0.0,0.0,0.0,-0.0,-0.0,97480.0,100000.0,0.0,0.0252,killed,daily_loss_limit,risk_killed_until_explicit_operator_restart,predicted_gross_pnl_not_above_round_trip_cost,False,NGJ28@2028-03-29
2026-04-14 00:00:00+00:00,2026-04-14 00:00:00+00:00,NGJ28@2028-03-29,db89039776539797537b,0.0,True,True,0.0,0.0,0.0,0.0,0.0,0.0,0.0,0.0,97480.0,100000.0,0.0,0.0252,killed,daily_loss_limit,risk_killed_until_explicit_operator_restart,predicted_gross_pnl_not_above_round_trip_cost,False,NGJ28@2028-03-29
2026-04-15 00:00:00+00:00,2026-04-15 00:00:00+00:00,NGJ28@2028-03-29,651eff3d43cb69fcef81,0.0,True,True,0.0,0.0,0.0,0.0,0.0,0.0,0.0,0.0,97480.0,100000.0,0.0,0.0252,killed,daily_loss_limit,risk_killed_until_explicit_operator_restart,predicted_gross_pnl_not_above_round_trip_cost,False,NGJ28@2028-03-29
2026-04-16 00:00:00+00:00,2026-04-16 00:00:00+00:00,NGJ28@2028-03-29,d784a176552579b818d0,0.0,True,True,0.0,0.0,0.0,0.0,0.0,0.0,0.0,0.0,97480.0,100000.0,0.0,0.0252,killed,daily_loss_limit,risk_killed_until_explicit_operator_restart,predicted_gross_pnl_not_above_round_trip_cost,False,NGJ28@2028-03-29
2026-04-17 00:00:00+00:00,2026-04-17 00:00:00+00:00,NGJ28@2028-03-29,2e51ec6db9721bb1467a,0.0,True,True,0.0,0.0,0.0,0.0,0.0,0.0,-0.0,-0.0,97480.0,100000.0,0.0,0.0252,killed,daily_loss_limit,risk_killed_until_explicit_operator_restart,predicted_gross_pnl_not_above_round_trip_cost,False,NGJ28@2028-03-29
2026-04-20 00:00:00+00:00,2026-04-20 00:00:00+00:00,NGJ28@2028-03-29,d2cc9da1c20017ab0081,0.0,True,True,0.0,0.0,0.0,0.0,0.0,0.0,0.0,0.0,97480.0,100000.0,0.0,0.0252,killed,daily_loss_limit,risk_killed_until_explicit_operator_restart,predicted_gross_pnl_not_above_round_trip_cost,False,NGJ28@2028-03-29
2026-04-21 00:00:00+00:00,2026-04-21 00:00:00+00:00,NGJ28@2028-03-29,97163024dc6026e02b39,0.0,True,True,0.0,0.0,0.0,0.0,0.0,0.0,-0.0,-0.0,97480.0,100000.0,0.0,0.0252,killed,daily_loss_limit,risk_killed_until_explicit_operator_restart,predicted_gross_pnl_not_above_round_trip_cost,False,NGJ28@2028-03-29
2026-04-22 00:00:00+00:00,2026-04-22 00:00:00+00:00,NGJ28@2028-03-29,a65f375132f40ea2b33c,0.0,True,True,0.0,0.0,0.0,0.0,0.0,0.0,0.0,0.0,97480.0,100000.0,0.0,0.0252,killed,daily_loss_limit,risk_killed_until_explicit_operator_restart,predicted_gross_pnl_not_above_round_trip_cost,False,NGJ28@2028-03-29
2026-04-23 00:00:00+00:00,2026-04-23 00:00:00+00:00,NGJ28@2028-03-29,20c5a1ae730870dba889,0.0,True,True,0.0,0.0,0.0,0.0,0.0,0.0,0.0,0.0,97480.0,100000.0,0.0,0.0252,killed,daily_loss_limit,risk_killed_until_explicit_operator_restart,predicted_gross_pnl_not_above_round_trip_cost,False,NGJ28@2028-03-29
2026-04-24 00:00:00+00:00,2026-04-24 00:00:00+00:00,NGJ28@2028-03-29,68f99298db661145d6bd,0.0,True,True,0.0,0.0,0.0,0.0,0.0,0.0,-0.0,-0.0,97480.0,100000.0,0.0,0.0252,killed,daily_loss_limit,risk_killed_until_explicit_operator_restart,predicted_gross_pnl_not_above_round_trip_cost,False,NGJ28@2028-03-29
2026-04-27 00:00:00+00:00,2026-04-27 00:00:00+00:00,NGJ28@2028-03-29,fdf0c84a1959a9288e99,0.0,True,True,0.0,0.0,0.0,0.0,0.0,0.0,-0.0,-0.0,97480.0,100000.0,0.0,0.0252,killed,daily_loss_limit,risk_killed_until_explicit_operator_restart,predicted_gross_pnl_not_above_round_trip_cost,False,NGJ28@2028-03-29
2026-04-28 00:00:00+00:00,2026-04-28 00:00:00+00:00,NGJ28@2028-03-29,29cd07b9d71547049b0c,0.0,True,True,0.0,0.0,0.0,0.0,0.0,0.0,0.0,0.0,97480.0,100000.0,0.0,0.0252,killed,daily_loss_limit,risk_killed_until_explicit_operator_restart,predicted_gross_pnl_not_above_round_trip_cost,False,NGJ28@2028-03-29
2026-04-29 00:00:00+00:00,2026-04-29 00:00:00+00:00,NGJ28@2028-03-29,e67b3cffe6f863f361e2,0.0,True,True,0.0,0.0,0.0,0.0,0.0,0.0,0.0,0.0,97480.0,100000.0,0.0,0.0252,killed,daily_loss_limit,risk_killed_until_explicit_operator_restart,predicted_gross_pnl_not_above_round_trip_cost,False,NGJ28@2028-03-29
2026-04-30 00:00:00+00:00,2026-04-30 00:00:00+00:00,NGJ28@2028-03-29,9d428e1dc40a8ccf3913,0.0,True,True,0.0,0.0,0.0,0.0,0.0,0.0,-0.0,-0.0,97480.0,100000.0,0.0,0.0252,killed,daily_loss_limit,risk_killed_until_explicit_operator_restart,predicted_gross_pnl_not_above_round_trip_cost,False,NGJ28@2028-03-29
2026-05-01 00:00:00+00:00,2026-05-01 00:00:00+00:00,NGJ28@2028-03-29,6579db68ae5c0be51f88,-1.0,False,True,0.0,0.0,0.0,0.0,0.0,0.0,0.0,0.0,97480.0,100000.0,0.0,0.0252,killed,daily_loss_limit,risk_killed_until_explicit_operator_restart,forecast_signal,False,NGJ28@2028-03-29
2026-05-04 00:00:00+00:00,2026-05-04 00:00:00+00:00,NGJ28@2028-03-29,f4f7dbb52bb5d4c95e1f,-1.0,False,True,0.0,0.0,0.0,0.0,0.0,0.0,0.0,0.0,97480.0,100000.0,0.0,0.0252,killed,daily_loss_limit,risk_killed_until_explicit_operator_restart,forecast_signal,False,NGJ28@2028-03-29
2026-05-05 00:00:00+00:00,2026-05-05 00:00:00+00:00,NGJ28@2028-03-29,26cfa22ee80b6cf2b3a1,-1.0,False,True,0.0,0.0,0.0,0.0,0.0,0.0,-0.0,-0.0,97480.0,100000.0,0.0,0.0252,killed,daily_loss_limit,risk_killed_until_explicit_operator_restart,forecast_signal,False,NGJ28@2028-03-29
2026-05-06 00:00:00+00:00,2026-05-06 00:00:00+00:00,NGJ28@2028-03-29,e7113bd9296c04e8684f,-1.0,False,True,0.0,0.0,0.0,0.0,0.0,0.0,-0.0,-0.0,97480.0,100000.0,0.0,0.0252,killed,daily_loss_limit,risk_killed_until_explicit_operator_restart,forecast_signal,False,NGJ28@2028-03-29
2026-05-07 00:00:00+00:00,2026-05-07 00:00:00+00:00,NGJ28@2028-03-29,d8c2fef85d35cde7a507,-1.0,False,True,0.0,0.0,0.0,0.0,0.0,0.0,0.0,0.0,97480.0,100000.0,0.0,0.0252,killed,daily_loss_limit,risk_killed_until_explicit_operator_restart,forecast_signal,False,NGJ28@2028-03-29
2026-05-08 00:00:00+00:00,2026-05-08 00:00:00+00:00,NGJ28@2028-03-29,8eea1e861ad7a631582d,-1.0,False,True,0.0,0.0,0.0,0.0,0.0,0.0,0.0,0.0,97480.0,100000.0,0.0,0.0252,killed,daily_loss_limit,risk_killed_until_explicit_operator_restart,forecast_signal,False,NGJ28@2028-03-29
2026-05-11 00:00:00+00:00,2026-05-11 00:00:00+00:00,NGJ28@2028-03-29,186e1ed60d5cf9acf89c,-1.0,False,True,0.0,0.0,0.0,0.0,0.0,0.0,-0.0,-0.0,97480.0,100000.0,0.0,0.0252,killed,daily_loss_limit,risk_killed_until_explicit_operator_restart,forecast_signal,False,NGJ28@2028-03-29
2026-05-12 00:00:00+00:00,2026-05-12 00:00:00+00:00,NGJ28@2028-03-29,47d780e2a23f827cb252,-1.0,False,True,0.0,0.0,0.0,0.0,0.0,0.0,-0.0,-0.0,97480.0,100000.0,0.0,0.0252,killed,daily_loss_limit,risk_killed_until_explicit_operator_restart,forecast_signal,False,NGJ28@2028-03-29
2026-05-13 00:00:00+00:00,2026-05-13 00:00:00+00:00,NGJ28@2028-03-29,f6ab8adda4854005b8d4,-1.0,False,True,0.0,0.0,0.0,0.0,0.0,0.0,0.0,0.0,97480.0,100000.0,0.0,0.0252,killed,daily_loss_limit,risk_killed_until_explicit_operator_restart,forecast_signal,False,NGJ28@2028-03-29
2026-05-14 00:00:00+00:00,2026-05-14 00:00:00+00:00,NGJ28@2028-03-29,84f6ce10a5a6ba440c18,-1.0,False,True,0.0,0.0,0.0,0.0,0.0,0.0,0.0,0.0,97480.0,100000.0,0.0,0.0252,killed,daily_loss_limit,risk_killed_until_explicit_operator_restart,forecast_signal,False,NGJ28@2028-03-29
2026-05-15 00:00:00+00:00,2026-05-15 00:00:00+00:00,NGJ28@2028-03-29,6c8538bd2df5115ae35a,-1.0,False,True,0.0,0.0,0.0,0.0,0.0,0.0,0.0,0.0,97480.0,100000.0,0.0,0.0252,killed,daily_loss_limit,risk_killed_until_explicit_operator_restart,forecast_signal,False,NGJ28@2028-03-29
2026-05-18 00:00:00+00:00,2026-05-18 00:00:00+00:00,NGJ28@2028-03-29,c4712268b069d7adba40,-1.0,False,True,0.0,0.0,0.0,0.0,0.0,0.0,0.0,0.0,97480.0,100000.0,0.0,0.0252,killed,daily_loss_limit,risk_killed_until_explicit_operator_restart,forecast_signal,False,NGJ28@2028-03-29
2026-05-19 00:00:00+00:00,2026-05-19 00:00:00+00:00,NGJ28@2028-03-29,cd08628513d043dd1320,-1.0,False,True,0.0,0.0,0.0,0.0,0.0,0.0,-0.0,-0.0,97480.0,100000.0,0.0,0.0252,killed,daily_loss_limit,risk_killed_until_explicit_operator_restart,forecast_signal,False,NGJ28@2028-03-29
2026-05-20 00:00:00+00:00,2026-05-20 00:00:00+00:00,NGJ28@2028-03-29,305bdb67e4d591b5a883,-1.0,False,True,0.0,0.0,0.0,0.0,0.0,0.0,-0.0,-0.0,97480.0,100000.0,0.0,0.0252,killed,daily_loss_limit,risk_killed_until_explicit_operator_restart,forecast_signal,False,NGJ28@2028-03-29
2026-05-21 00:00:00+00:00,2026-05-21 00:00:00+00:00,NGJ28@2028-03-29,ad22c3a712185e77f748,-1.0,False,True,0.0,0.0,0.0,0.0,0.0,0.0,-0.0,-0.0,97480.0,100000.0,0.0,0.0252,killed,daily_loss_limit,risk_killed_until_explicit_operator_restart,forecast_signal,False,NGJ28@2028-03-29
2026-05-22 00:00:00+00:00,2026-05-22 00:00:00+00:00,NGJ28@2028-03-29,f81d1acad667be27e9dc,-1.0,False,True,0.0,0.0,0.0,0.0,0.0,0.0,-0.0,-0.0,97480.0,100000.0,0.0,0.0252,killed,daily_loss_limit,risk_killed_until_explicit_operator_restart,forecast_signal,False,NGJ28@2028-03-29
2026-05-26 00:00:00+00:00,2026-05-26 00:00:00+00:00,NGJ28@2028-03-29,74a6105d89d1e5f7d02d,-1.0,False,True,0.0,0.0,0.0,0.0,0.0,0.0,-0.0,-0.0,97480.0,100000.0,0.0,0.0252,killed,daily_loss_limit,risk_killed_until_explicit_operator_restart,forecast_signal,False,NGJ28@2028-03-29
2026-05-27 00:00:00+00:00,2026-05-27 00:00:00+00:00,NGJ28@2028-03-29,2bbc39cd265554853143,-1.0,False,True,0.0,0.0,0.0,0.0,0.0,0.0,0.0,0.0,97480.0,100000.0,0.0,0.0252,killed,daily_loss_limit,risk_killed_until_explicit_operator_restart,forecast_signal,False,NGJ28@2028-03-29
2026-05-28 00:00:00+00:00,2026-05-28 00:00:00+00:00,NGJ28@2028-03-29,0f27d95d3302a8f784b9,-1.0,False,True,0.0,0.0,0.0,0.0,0.0,0.0,0.0,0.0,97480.0,100000.0,0.0,0.0252,killed,daily_loss_limit,risk_killed_until_explicit_operator_restart,forecast_signal,False,NGJ28@2028-03-29
2026-05-29 00:00:00+00:00,2026-05-29 00:00:00+00:00,NGJ28@2028-03-29,c80f640159a134d3c4e2,-1.0,False,True,0.0,0.0,0.0,0.0,0.0,0.0,-0.0,-0.0,97480.0,100000.0,0.0,0.0252,killed,daily_loss_limit,risk_killed_until_explicit_operator_restart,forecast_signal,False,NGJ28@2028-03-29
2026-06-01 00:00:00+00:00,2026-06-01 00:00:00+00:00,NGJ28@2028-03-29,27b267f742774a72eaf1,-1.0,False,True,0.0,0.0,0.0,0.0,0.0,0.0,-0.0,-0.0,97480.0,100000.0,0.0,0.0252,killed,daily_loss_limit,risk_killed_until_explicit_operator_restart,forecast_signal,False,NGJ28@2028-03-29
2026-06-02 00:00:00+00:00,2026-06-02 00:00:00+00:00,NGJ28@2028-03-29,83a23d518d8c2ca4b40c,-1.0,False,True,0.0,0.0,0.0,0.0,0.0,0.0,0.0,0.0,97480.0,100000.0,0.0,0.0252,killed,daily_loss_limit,risk_killed_until_explicit_operator_restart,forecast_signal,False,NGJ28@2028-03-29
2026-06-03 00:00:00+00:00,2026-06-03 00:00:00+00:00,NGJ28@2028-03-29,a81c672a0a3f64c17c28,-1.0,False,True,0.0,0.0,0.0,0.0,0.0,0.0,0.0,0.0,97480.0,100000.0,0.0,0.0252,killed,daily_loss_limit,risk_killed_until_explicit_operator_restart,forecast_signal,False,NGJ28@2028-03-29
2026-06-04 00:00:00+00:00,2026-06-04 00:00:00+00:00,NGJ28@2028-03-29,1e69d9f7c03cc83ab965,-1.0,False,True,0.0,0.0,0.0,0.0,0.0,0.0,0.0,0.0,97480.0,100000.0,0.0,0.0252,killed,daily_loss_limit,risk_killed_until_explicit_operator_restart,forecast_signal,False,NGJ28@2028-03-29
2026-06-05 00:00:00+00:00,2026-06-05 00:00:00+00:00,NGJ28@2028-03-29,ec5ee491216728a01249,-1.0,False,True,0.0,0.0,0.0,0.0,0.0,0.0,-0.0,-0.0,97480.0,100000.0,0.0,0.0252,killed,daily_loss_limit,risk_killed_until_explicit_operator_restart,forecast_signal,False,NGJ28@2028-03-29
2026-06-08 00:00:00+00:00,2026-06-08 00:00:00+00:00,NGJ28@2028-03-29,4869b65882d3ed5abe14,-1.0,False,True,0.0,0.0,0.0,0.0,0.0,0.0,0.0,0.0,97480.0,100000.0,0.0,0.0252,killed,daily_loss_limit,risk_killed_until_explicit_operator_restart,forecast_signal,False,NGJ28@2028-03-29
2026-06-09 00:00:00+00:00,2026-06-09 00:00:00+00:00,NGJ28@2028-03-29,f51ed8bf4ab9b3e06e59,-1.0,False,True,0.0,0.0,0.0,0.0,0.0,0.0,-0.0,-0.0,97480.0,100000.0,0.0,0.0252,killed,daily_loss_limit,risk_killed_until_explicit_operator_restart,forecast_signal,False,NGJ28@2028-03-29
2026-06-10 00:00:00+00:00,2026-06-10 00:00:00+00:00,NGJ28@2028-03-29,b2b1dd9325c593aafd78,-1.0,False,True,0.0,0.0,0.0,0.0,0.0,0.0,0.0,0.0,97480.0,100000.0,0.0,0.0252,killed,daily_loss_limit,risk_killed_until_explicit_operator_restart,forecast_signal,False,NGJ28@2028-03-29
2026-06-11 00:00:00+00:00,2026-06-11 00:00:00+00:00,NGJ28@2028-03-29,219184a0a8e7188fe4ef,-1.0,False,True,0.0,0.0,0.0,0.0,0.0,0.0,-0.0,-0.0,97480.0,100000.0,0.0,0.0252,killed,daily_loss_limit,risk_killed_until_explicit_operator_restart,forecast_signal,False,NGJ28@2028-03-29
2026-06-12 00:00:00+00:00,2026-06-12 00:00:00+00:00,NGJ28@2028-03-29,a8884ba7f150caf86ac1,-1.0,False,True,0.0,0.0,0.0,0.0,0.0,0.0,-0.0,-0.0,97480.0,100000.0,0.0,0.0252,killed,daily_loss_limit,risk_killed_until_explicit_operator_restart,forecast_signal,False,NGJ28@2028-03-29
2026-06-14 00:00:00+00:00,2026-06-14 00:00:00+00:00,NGJ28@2028-03-29,12802644e310e5ae68a7,-1.0,False,True,0.0,0.0,0.0,0.0,0.0,0.0,-0.0,-0.0,97480.0,100000.0,0.0,0.0252,killed,daily_loss_limit,risk_killed_until_explicit_operator_restart,forecast_signal,False,NGJ28@2028-03-29
2026-06-15 00:00:00+00:00,2026-06-15 00:00:00+00:00,NGJ28@2028-03-29,12802644e310e5ae68a7,-1.0,False,True,0.0,0.0,0.0,0.0,0.0,0.0,0.0,0.0,97480.0,100000.0,0.0,0.0252,killed,daily_loss_limit,risk_killed_until_explicit_operator_restart,forecast_signal,False,NGJ28@2028-03-29
2026-06-16 00:00:00+00:00,2026-06-16 00:00:00+00:00,NGJ28@2028-03-29,a9189fe62b6e3713a8d8,-1.0,False,True,0.0,0.0,0.0,0.0,0.0,0.0,0.0,0.0,97480.0,100000.0,0.0,0.0252,killed,daily_loss_limit,risk_killed_until_explicit_operator_restart,forecast_signal,False,NGJ28@2028-03-29
2026-06-17 00:00:00+00:00,2026-06-17 00:00:00+00:00,NGJ28@2028-03-29,2d6b93b87e65f4489a87,-1.0,False,True,0.0,0.0,0.0,0.0,0.0,0.0,-0.0,-0.0,97480.0,100000.0,0.0,0.0252,killed,daily_loss_limit,risk_killed_until_explicit_operator_restart,forecast_signal,False,NGJ28@2028-03-29
2026-06-18 00:00:00+00:00,2026-06-18 00:00:00+00:00,NGJ28@2028-03-29,62a7c2a8aa0824f69ba9,-1.0,False,True,0.0,0.0,0.0,0.0,0.0,0.0,-0.0,-0.0,97480.0,100000.0,0.0,0.0252,killed,daily_loss_limit,risk_killed_until_explicit_operator_restart,forecast_signal,False,NGJ28@2028-03-29
2026-06-19 00:00:00+00:00,2026-06-19 00:00:00+00:00,NGJ28@2028-03-29,03e79d2af80a85170c82,-1.0,False,True,0.0,0.0,0.0,0.0,0.0,0.0,0.0,0.0,97480.0,100000.0,0.0,0.0252,killed,daily_loss_limit,risk_killed_until_explicit_operator_restart,forecast_signal,False,NGJ28@2028-03-29
2026-06-21 00:00:00+00:00,2026-06-21 00:00:00+00:00,NGJ28@2028-03-29,03e79d2af80a85170c82,-1.0,False,True,0.0,0.0,0.0,0.0,0.0,0.0,0.0,0.0,97480.0,100000.0,0.0,0.0252,killed,daily_loss_limit,risk_killed_until_explicit_operator_restart,forecast_signal,False,NGJ28@2028-03-29
2026-06-22 00:00:00+00:00,2026-06-22 00:00:00+00:00,NGJ28@2028-03-29,03e79d2af80a85170c82,-1.0,False,True,0.0,0.0,0.0,0.0,0.0,0.0,-0.0,-0.0,97480.0,100000.0,0.0,0.0252,killed,daily_loss_limit,risk_killed_until_explicit_operator_restart,forecast_signal,False,NGJ28@2028-03-29
2026-06-23 00:00:00+00:00,2026-06-23 00:00:00+00:00,NGJ28@2028-03-29,0dd8403e074e89526d2e,-1.0,False,True,0.0,0.0,0.0,0.0,0.0,0.0,-0.0,-0.0,97480.0,100000.0,0.0,0.0252,killed,daily_loss_limit,risk_killed_until_explicit_operator_restart,forecast_signal,False,NGJ28@2028-03-29
2026-06-24 00:00:00+00:00,2026-06-24 00:00:00+00:00,NGJ28@2028-03-29,4d311c5ae0cd8281b951,-1.0,False,True,0.0,0.0,0.0,0.0,0.0,0.0,0.0,0.0,97480.0,100000.0,0.0,0.0252,killed,daily_loss_limit,risk_killed_until_explicit_operator_restart,forecast_signal,False,NGJ28@2028-03-29
2026-06-25 00:00:00+00:00,2026-06-25 00:00:00+00:00,NGJ28@2028-03-29,4ae596804228ba5b067a,-1.0,False,True,0.0,0.0,0.0,0.0,0.0,0.0,0.0,0.0,97480.0,100000.0,0.0,0.0252,killed,daily_loss_limit,risk_killed_until_explicit_operator_restart,forecast_signal,False,NGJ28@2028-03-29
2026-06-26 00:00:00+00:00,2026-06-26 00:00:00+00:00,NGJ28@2028-03-29,8e558997895377fd477e,-1.0,False,True,0.0,0.0,0.0,0.0,0.0,0.0,-0.0,-0.0,97480.0,100000.0,0.0,0.0252,killed,daily_loss_limit,risk_killed_until_explicit_operator_restart,forecast_signal,False,NGJ28@2028-03-29
2026-06-29 00:00:00+00:00,2026-06-29 00:00:00+00:00,NGJ28@2028-03-29,0966a75c194c83113182,-1.0,False,True,0.0,0.0,0.0,0.0,0.0,0.0,-0.0,-0.0,97480.0,100000.0,0.0,0.0252,killed,daily_loss_limit,risk_killed_until_explicit_operator_restart,forecast_signal,False,NGJ28@2028-03-29
2026-06-30 00:00:00+00:00,2026-06-30 00:00:00+00:00,NGJ28@2028-03-29,2bbeaa19f81f1fb007b3,-1.0,False,True,0.0,0.0,0.0,0.0,0.0,0.0,-0.0,-0.0,97480.0,100000.0,0.0,0.0252,killed,daily_loss_limit,risk_killed_until_explicit_operator_restart,forecast_signal,False,NGJ28@2028-03-29
2026-07-01 00:00:00+00:00,2026-07-01 00:00:00+00:00,NGJ28@2028-03-29,f8a41a0e4fba8c2946d9,-1.0,False,True,0.0,0.0,0.0,0.0,0.0,0.0,-0.0,-0.0,97480.0,100000.0,0.0,0.0252,killed,daily_loss_limit,risk_killed_until_explicit_operator_restart,forecast_signal,False,NGJ28@2028-03-29
2026-07-02 00:00:00+00:00,2026-07-02 00:00:00+00:00,NGJ28@2028-03-29,3fd46015dc66f39cecf6,-1.0,False,True,0.0,0.0,0.0,0.0,0.0,0.0,-0.0,-0.0,97480.0,100000.0,0.0,0.0252,killed,daily_loss_limit,risk_killed_until_explicit_operator_restart,forecast_signal,False,NGJ28@2028-03-29
2026-07-03 00:00:00+00:00,2026-07-03 00:00:00+00:00,NGJ28@2028-03-29,5c7cf782021cbb0a0f90,-1.0,False,True,0.0,0.0,0.0,0.0,0.0,0.0,0.0,0.0,97480.0,100000.0,0.0,0.0252,killed,daily_loss_limit,risk_killed_until_explicit_operator_restart,forecast_signal,False,NGJ28@2028-03-29
2026-07-06 00:00:00+00:00,2026-07-06 00:00:00+00:00,NGJ28@2028-03-29,5c7cf782021cbb0a0f90,-1.0,False,True,0.0,0.0,0.0,0.0,0.0,0.0,-0.0,-0.0,97480.0,100000.0,0.0,0.0252,killed,daily_loss_limit,risk_killed_until_explicit_operator_restart,forecast_signal,False,NGJ28@2028-03-29
2026-07-07 00:00:00+00:00,2026-07-07 00:00:00+00:00,NGJ28@2028-03-29,10c568aa2c98bd10f382,-1.0,False,True,0.0,0.0,0.0,0.0,0.0,0.0,0.0,0.0,97480.0,100000.0,0.0,0.0252,killed,daily_loss_limit,risk_killed_until_explicit_operator_restart,forecast_signal,False,NGJ28@2028-03-29
2026-07-08 00:00:00+00:00,2026-07-08 00:00:00+00:00,NGJ28@2028-03-29,ef0d2ea3b95b1703230f,-1.0,False,True,0.0,0.0,0.0,0.0,0.0,0.0,-0.0,-0.0,97480.0,100000.0,0.0,0.0252,killed,daily_loss_limit,risk_killed_until_explicit_operator_restart,forecast_signal,False,NGJ28@2028-03-29
2026-07-09 00:00:00+00:00,2026-07-09 00:00:00+00:00,NGJ28@2028-03-29,8c4f5b5c1e1fb2f89289,-1.0,False,True,0.0,0.0,0.0,0.0,0.0,0.0,-0.0,-0.0,97480.0,100000.0,0.0,0.0252,killed,daily_loss_limit,risk_killed_until_explicit_operator_restart,forecast_signal,False,NGJ28@2028-03-29
2026-07-10 00:00:00+00:00,2026-07-10 00:00:00+00:00,NGJ28@2028-03-29,15e2007ecbef2a6067ac,-1.0,False,True,0.0,0.0,0.0,0.0,0.0,0.0,-0.0,-0.0,97480.0,100000.0,0.0,0.0252,killed,daily_loss_limit,risk_killed_until_explicit_operator_restart,forecast_signal,False,NGJ28@2028-03-29
2026-07-13 00:00:00+00:00,2026-07-13 00:00:00+00:00,NGJ28@2028-03-29,89a27c08d35a58a22a40,-1.0,False,True,0.0,0.0,0.0,0.0,0.0,0.0,0.0,0.0,97480.0,100000.0,0.0,0.0252,killed,daily_loss_limit,risk_killed_until_explicit_operator_restart,forecast_signal,False,NGJ28@2028-03-29
2026-07-14 00:00:00+00:00,2026-07-14 00:00:00+00:00,NGJ28@2028-03-29,50b7b28cc47fa01ee6d6,-1.0,False,True,0.0,0.0,0.0,0.0,0.0,0.0,0.0,0.0,97480.0,100000.0,0.0,0.0252,killed,daily_loss_limit,risk_killed_until_explicit_operator_restart,forecast_signal,False,NGJ28@2028-03-29
2026-07-15 00:00:00+00:00,2026-07-15 00:00:00+00:00,NGJ28@2028-03-29,9accb34c1e97606af792,-1.0,False,True,0.0,0.0,0.0,0.0,0.0,0.0,-0.0,-0.0,97480.0,100000.0,0.0,0.0252,killed,daily_loss_limit,risk_killed_until_explicit_operator_restart,forecast_signal,False,NGJ28@2028-03-29
2026-07-16 00:00:00+00:00,2026-07-16 00:00:00+00:00,NGJ28@2028-03-29,b1022bb0c60be7b341c6,-1.0,False,True,0.0,0.0,0.0,0.0,0.0,0.0,-0.0,-0.0,97480.0,100000.0,0.0,0.0252,killed,daily_loss_limit,risk_killed_until_explicit_operator_restart,forecast_signal,False,NGJ28@2028-03-29
2026-07-17 00:00:00+00:00,2026-07-17 00:00:00+00:00,NGJ28@2028-03-29,d22f5d2277094dca5985,-1.0,False,True,0.0,0.0,0.0,0.0,0.0,0.0,0.0,0.0,97480.0,100000.0,0.0,0.0252,killed,daily_loss_limit,risk_killed_until_explicit_operator_restart,forecast_signal,False,NGJ28@2028-03-29
2026-07-20 00:00:00+00:00,2026-07-20 00:00:00+00:00,NGJ28@2028-03-29,c3fb4e32e2aa4bd8c581,-1.0,False,True,0.0,0.0,0.0,0.0,0.0,0.0,0.0,0.0,97480.0,100000.0,0.0,0.0252,killed,daily_loss_limit,risk_killed_until_explicit_operator_restart,forecast_signal,False,NGJ28@2028-03-29
2026-07-21 00:00:00+00:00,2026-07-21 00:00:00+00:00,NGJ28@2028-03-29,1f1774582f6d8f22349a,-1.0,False,True,0.0,0.0,0.0,0.0,0.0,0.0,0.0,0.0,97480.0,100000.0,0.0,0.0252,killed,daily_loss_limit,risk_killed_until_explicit_operator_restart,forecast_signal,False,NGJ28@2028-03-29
2026-07-22 00:00:00+00:00,2026-07-22 00:00:00+00:00,NGJ28@2028-03-29,7bb1624f046be5228307,-1.0,False,True,0.0,0.0,0.0,0.0,0.0,0.0,0.0,0.0,97480.0,100000.0,0.0,0.0252,killed,daily_loss_limit,risk_killed_until_explicit_operator_restart,forecast_signal,False,NGJ28@2028-03-29
2026-07-23 00:00:00+00:00,2026-07-23 00:00:00+00:00,NGJ28@2028-03-29,406a58cb25451a948d8b,-1.0,False,True,0.0,0.0,0.0,0.0,0.0,0.0,0.0,0.0,97480.0,100000.0,0.0,0.0252,killed,daily_loss_limit,risk_killed_until_explicit_operator_restart,forecast_signal,False,NGJ28@2028-03-29
2026-07-24 00:00:00+00:00,2026-07-24 00:00:00+00:00,NGJ28@2028-03-29,af0f7373362645b61665,-1.0,False,True,0.0,0.0,0.0,0.0,0.0,0.0,-0.0,-0.0,97480.0,100000.0,0.0,0.0252,killed,daily_loss_limit,risk_killed_until_explicit_operator_restart,forecast_signal,False,NGJ28@2028-03-29
2026-07-27 00:00:00+00:00,2026-07-27 00:00:00+00:00,NGJ28@2028-03-29,f9e25265400801c92e57,-1.0,False,True,0.0,0.0,0.0,0.0,0.0,0.0,0.0,0.0,97480.0,100000.0,0.0,0.0252,killed,daily_loss_limit,risk_killed_until_explicit_operator_restart,forecast_signal,False,NGJ28@2028-03-29
2026-07-28 00:00:00+00:00,2026-07-28 00:00:00+00:00,NGJ28@2028-03-29,192e2bf824574b79c10c,-1.0,False,True,0.0,0.0,0.0,0.0,0.0,0.0,0.0,0.0,97480.0,100000.0,0.0,0.0252,killed,daily_loss_limit,risk_killed_until_explicit_operator_restart,forecast_signal,False,NGJ28@2028-03-29
2026-07-29 00:00:00+00:00,2026-07-29 00:00:00+00:00,NGJ28@2028-03-29,6bd20288d74f3503909f,-1.0,False,True,0.0,0.0,0.0,0.0,0.0,0.0,0.0,0.0,97480.0,100000.0,0.0,0.0252,killed,daily_loss_limit,risk_killed_until_explicit_operator_restart,forecast_signal,False,NGJ28@2028-03-29
2026-07-30 00:00:00+00:00,2026-07-30 00:00:00+00:00,NGJ28@2028-03-29,b5e89aa6af8646f30564,-1.0,False,True,0.0,0.0,0.0,0.0,0.0,0.0,0.0,0.0,97480.0,100000.0,0.0,0.0252,killed,daily_loss_limit,risk_killed_until_explicit_operator_restart,forecast_signal,False,NGJ28@2028-03-29
2026-07-31 00:00:00+00:00,2026-07-31 00:00:00+00:00,NGJ28@2028-03-29,1a8b96aa76c066f2571e,-1.0,False,True,0.0,0.0,0.0,0.0,0.0,0.0,0.0,0.0,97480.0,100000.0,0.0,0.0252,killed,daily_loss_limit,risk_killed_until_explicit_operator_restart,forecast_signal,False,NGJ28@2028-03-29
2026-08-03 00:00:00+00:00,2026-08-03 00:00:00+00:00,NGJ28@2028-03-29,3ad01f5c1e099ad12962,-1.0,False,True,0.0,0.0,0.0,0.0,0.0,0.0,-0.0,-0.0,97480.0,100000.0,0.0,0.0252,killed,daily_loss_limit,risk_killed_until_explicit_operator_restart,forecast_signal,False,NGJ28@2028-03-29
2026-08-04 00:00:00+00:00,2026-08-04 00:00:00+00:00,NGJ28@2028-03-29,58ef2fa8ac6f3ae4644f,-1.0,False,True,0.0,0.0,0.0,0.0,0.0,0.0,-0.0,-0.0,97480.0,100000.0,0.0,0.0252,killed,daily_loss_limit,risk_killed_until_explicit_operator_restart,forecast_signal,False,NGJ28@2028-03-29
2026-08-05 00:00:00+00:00,2026-08-05 00:00:00+00:00,NGJ28@2028-03-29,5bf62d52e19e6b78f878,-1.0,False,True,0.0,0.0,0.0,0.0,0.0,0.0,-0.0,-0.0,97480.0,100000.0,0.0,0.0252,killed,daily_loss_limit,risk_killed_until_explicit_operator_restart,forecast_signal,False,NGJ28@2028-03-29
2026-08-06 00:00:00+00:00,2026-08-06 00:00:00+00:00,NGJ28@2028-03-29,5b95b7e55ffc2f6c4e59,-1.0,False,True,0.0,0.0,0.0,0.0,0.0,0.0,-0.0,-0.0,97480.0,100000.0,0.0,0.0252,killed,daily_loss_limit,risk_killed_until_explicit_operator_restart,forecast_signal,False,NGJ28@2028-03-29
2026-08-07 00:00:00+00:00,2026-08-07 00:00:00+00:00,NGJ28@2028-03-29,ca56f5d5c08b55005c24,-1.0,False,True,0.0,0.0,0.0,0.0,0.0,0.0,0.0,0.0,97480.0,100000.0,0.0,0.0252,killed,daily_loss_limit,risk_killed_until_explicit_operator_restart,forecast_signal,False,NGJ28@2028-03-29
2026-08-10 00:00:00+00:00,2026-08-10 00:00:00+00:00,NGJ28@2028-03-29,2c5a365e9a20eac35b77,-1.0,False,True,0.0,0.0,0.0,0.0,0.0,0.0,-0.0,-0.0,97480.0,100000.0,0.0,0.0252,killed,daily_loss_limit,risk_killed_until_explicit_operator_restart,forecast_signal,False,NGJ28@2028-03-29
2026-08-11 00:00:00+00:00,2026-08-11 00:00:00+00:00,NGJ28@2028-03-29,2c0df0e1798c06fa6110,-1.0,False,True,0.0,0.0,0.0,0.0,0.0,0.0,0.0,0.0,97480.0,100000.0,0.0,0.0252,killed,daily_loss_limit,risk_killed_until_explicit_operator_restart,forecast_signal,False,NGJ28@2028-03-29
2026-08-12 00:00:00+00:00,2026-08-12 00:00:00+00:00,NGJ28@2028-03-29,10a93a9b61643223d9d6,-1.0,False,True,0.0,0.0,0.0,0.0,0.0,0.0,-0.0,-0.0,97480.0,100000.0,0.0,0.0252,killed,daily_loss_limit,risk_killed_until_explicit_operator_restart,forecast_signal,False,NGJ28@2028-03-29
2026-08-13 00:00:00+00:00,2026-08-13 00:00:00+00:00,NGJ28@2028-03-29,f09f0ea3ce2f7238a54c,-1.0,False,True,0.0,0.0,0.0,0.0,0.0,0.0,0.0,0.0,97480.0,100000.0,0.0,0.0252,killed,daily_loss_limit,risk_killed_until_explicit_operator_restart,forecast_signal,False,NGJ28@2028-03-29
2026-08-14 00:00:00+00:00,2026-08-14 00:00:00+00:00,NGJ28@2028-03-29,f09f0ea3ce2f7238a54c,-1.0,False,True,0.0,0.0,0.0,0.0,0.0,0.0,-0.0,-0.0,97480.0,100000.0,0.0,0.0252,killed,daily_loss_limit,risk_killed_until_explicit_operator_restart,forecast_signal,False,NGJ28@2028-03-29
2026-08-17 00:00:00+00:00,2026-08-17 00:00:00+00:00,NGJ28@2028-03-29,e3407964f91502e88f84,-1.0,False,True,0.0,0.0,0.0,0.0,0.0,0.0,0.0,0.0,97480.0,100000.0,0.0,0.0252,killed,daily_loss_limit,risk_killed_until_explicit_operator_restart,forecast_signal,False,NGJ28@2028-03-29
2026-08-18 00:00:00+00:00,2026-08-18 00:00:00+00:00,NGJ28@2028-03-29,48e113f049f5105733cd,-1.0,False,True,0.0,0.0,0.0,0.0,0.0,0.0,0.0,0.0,97480.0,100000.0,0.0,0.0252,killed,daily_loss_limit,risk_killed_until_explicit_operator_restart,forecast_signal,False,NGJ28@2028-03-29
2026-08-19 00:00:00+00:00,2026-08-19 00:00:00+00:00,NGJ28@2028-03-29,ed10f4632ffcdb6f57f1,-1.0,False,True,0.0,0.0,0.0,0.0,0.0,0.0,0.0,0.0,97480.0,100000.0,0.0,0.0252,killed,daily_loss_limit,risk_killed_until_explicit_operator_restart,forecast_signal,False,NGJ28@2028-03-29
2026-08-20 00:00:00+00:00,2026-08-20 00:00:00+00:00,NGJ28@2028-03-29,9832438c2c9ee5f3f33c,-1.0,False,True,0.0,0.0,0.0,0.0,0.0,0.0,-0.0,-0.0,97480.0,100000.0,0.0,0.0252,killed,daily_loss_limit,risk_killed_until_explicit_operator_restart,forecast_signal,False,NGJ28@2028-03-29
2026-08-21 00:00:00+00:00,2026-08-21 00:00:00+00:00,NGJ28@2028-03-29,4c0bcafe676cfcafbe47,-1.0,False,True,0.0,0.0,0.0,0.0,0.0,0.0,0.0,0.0,97480.0,100000.0,0.0,0.0252,killed,daily_loss_limit,risk_killed_until_explicit_operator_restart,forecast_signal,False,NGJ28@2028-03-29
2026-08-24 00:00:00+00:00,2026-08-24 00:00:00+00:00,NGJ28@2028-03-29,3b163f2993be6d8c4056,-1.0,False,True,0.0,0.0,0.0,0.0,0.0,0.0,0.0,0.0,97480.0,100000.0,0.0,0.0252,killed,daily_loss_limit,risk_killed_until_explicit_operator_restart,forecast_signal,False,NGJ28@2028-03-29
2026-08-25 00:00:00+00:00,2026-08-25 00:00:00+00:00,NGJ28@2028-03-29,0619bb52580b7e5f601e,-1.0,False,True,0.0,0.0,0.0,0.0,0.0,0.0,-0.0,-0.0,97480.0,100000.0,0.0,0.0252,killed,daily_loss_limit,risk_killed_until_explicit_operator_restart,forecast_signal,False,NGJ28@2028-03-29
2026-08-26 00:00:00+00:00,2026-08-26 00:00:00+00:00,NGJ28@2028-03-29,8fa5256d609dea01cebd,-1.0,False,True,0.0,0.0,0.0,0.0,0.0,0.0,0.0,0.0,97480.0,100000.0,0.0,0.0252,killed,daily_loss_limit,risk_killed_until_explicit_operator_restart,forecast_signal,False,NGJ28@2028-03-29
2026-08-27 00:00:00+00:00,2026-08-27 00:00:00+00:00,NGJ28@2028-03-29,199f5c354afb978c37d9,-1.0,False,True,0.0,0.0,0.0,0.0,0.0,0.0,0.0,0.0,97480.0,100000.0,0.0,0.0252,killed,daily_loss_limit,risk_killed_until_explicit_operator_restart,forecast_signal,False,NGJ28@2028-03-29
2026-08-28 00:00:00+00:00,2026-08-28 00:00:00+00:00,NGJ28@2028-03-29,518b11c1679656794720,-1.0,False,True,0.0,0.0,0.0,0.0,0.0,0.0,-0.0,-0.0,97480.0,100000.0,0.0,0.0252,killed,daily_loss_limit,risk_killed_until_explicit_operator_restart,forecast_signal,False,NGJ28@2028-03-29
2026-08-31 00:00:00+00:00,2026-08-31 00:00:00+00:00,NGJ28@2028-03-29,8374d04c0dfdb5cc8e8e,-1.0,False,True,0.0,0.0,0.0,0.0,0.0,0.0,-0.0,-0.0,97480.0,100000.0,0.0,0.0252,killed,daily_loss_limit,risk_killed_until_explicit_operator_restart,forecast_signal,False,NGJ28@2028-03-29
2026-09-01 00:00:00+00:00,2026-09-01 00:00:00+00:00,NGJ28@2028-03-29,2c7dc72540a610ac58b4,-1.0,False,True,0.0,0.0,0.0,0.0,0.0,0.0,0.0,0.0,97480.0,100000.0,0.0,0.0252,killed,daily_loss_limit,risk_killed_until_explicit_operator_restart,forecast_signal,False,NGJ28@2028-03-29
2026-09-02 00:00:00+00:00,2026-09-02 00:00:00+00:00,NGJ28@2028-03-29,a65b349ce2d963b3c860,-1.0,False,True,0.0,0.0,0.0,0.0,0.0,0.0,0.0,0.0,97480.0,100000.0,0.0,0.0252,killed,daily_loss_limit,risk_killed_until_explicit_operator_restart,forecast_signal,False,NGJ28@2028-03-29
2026-09-03 00:00:00+00:00,2026-09-03 00:00:00+00:00,NGJ28@2028-03-29,65dd6935e7fefa84f3fb,-1.0,False,True,0.0,0.0,0.0,0.0,0.0,0.0,-0.0,-0.0,97480.0,100000.0,0.0,0.0252,killed,daily_loss_limit,risk_killed_until_explicit_operator_restart,forecast_signal,False,NGJ28@2028-03-29
2026-09-04 00:00:00+00:00,2026-09-04 00:00:00+00:00,NGJ28@2028-03-29,ecc6d9bcbe0d7c559202,-1.0,False,True,0.0,0.0,0.0,0.0,0.0,0.0,-0.0,-0.0,97480.0,100000.0,0.0,0.0252,killed,daily_loss_limit,risk_killed_until_explicit_operator_restart,forecast_signal,False,NGJ28@2028-03-29
2026-09-07 00:00:00+00:00,2026-09-07 00:00:00+00:00,NGJ28@2028-03-29,ecc6d9bcbe0d7c559202,-1.0,False,True,0.0,0.0,0.0,0.0,0.0,0.0,0.0,0.0,97480.0,100000.0,0.0,0.0252,killed,daily_loss_limit,risk_killed_until_explicit_operator_restart,forecast_signal,False,NGJ28@2028-03-29
2026-09-08 00:00:00+00:00,2026-09-08 00:00:00+00:00,NGJ28@2028-03-29,ecc6d9bcbe0d7c559202,-1.0,False,True,0.0,0.0,0.0,0.0,0.0,0.0,-0.0,-0.0,97480.0,100000.0,0.0,0.0252,killed,daily_loss_limit,risk_killed_until_explicit_operator_restart,forecast_signal,False,NGJ28@2028-03-29
2026-09-09 00:00:00+00:00,2026-09-09 00:00:00+00:00,NGJ28@2028-03-29,ecc6d9bcbe0d7c559202,-1.0,False,True,0.0,0.0,0.0,0.0,0.0,0.0,-0.0,-0.0,97480.0,100000.0,0.0,0.0252,killed,daily_loss_limit,risk_killed_until_explicit_operator_restart,forecast_signal,False,NGJ28@2028-03-29
2026-09-10 00:00:00+00:00,2026-09-10 00:00:00+00:00,NGJ28@2028-03-29,ecc6d9bcbe0d7c559202,-1.0,False,True,0.0,0.0,0.0,0.0,0.0,0.0,0.0,0.0,97480.0,100000.0,0.0,0.0252,killed,daily_loss_limit,risk_killed_until_explicit_operator_restart,forecast_signal,False,NGJ28@2028-03-29
2026-09-11 00:00:00+00:00,2026-09-11 00:00:00+00:00,NGJ28@2028-03-29,,0.0,True,True,0.0,0.0,0.0,0.0,0.0,0.0,0.0,0.0,97480.0,100000.0,0.0,0.0252,killed,daily_loss_limit,end_of_sample_liquidation,forecast_horizon_expired,False,
