trade_date,prediction_time,generated_at,contract_id,kronos_close_return,kronos_range_pct
2022-12-29T00:00:00+00:00,2022-12-30T14:22:51.487016872+00:00,2022-12-30T14:22:51.487016872+00:00,NGG3@2023-01-27,-0.03617212482170162,0.06488027011890374
2022-12-30T00:00:00+00:00,2023-01-03T14:24:33.512280819+00:00,2023-01-03T14:24:33.512280819+00:00,NGG3@2023-01-27,0.010292647385435894,0.07479389957057704
2023-01-03T00:00:00+00:00,2023-01-04T14:27:43.186101682+00:00,2023-01-04T14:27:43.186101682+00:00,NGG3@2023-01-27,0.04374049669242952,0.052988410470970124
2023-01-04T00:00:00+00:00,2023-01-05T14:26:26.004336208+00:00,2023-01-05T14:26:26.004336208+00:00,NGG3@2023-01-27,-0.012395307219927765,0.06534260061769467
2023-01-05T00:00:00+00:00,2023-01-06T14:30:51.300783543+00:00,2023-01-06T14:30:51.300783543+00:00,NGG3@2023-01-27,-0.032802969480332345,0.07401331442184836
2023-01-06T00:00:00+00:00,2023-01-09T14:26:11.555414948+00:00,2023-01-09T14:26:11.555414948+00:00,NGG3@2023-01-27,0.0220968352451949,0.11301211808723707
2023-01-09T00:00:00+00:00,2023-01-10T14:27:47.343130265+00:00,2023-01-10T14:27:47.343130265+00:00,NGG3@2023-01-27,-0.03755850606150446,0.05400769122235186
2023-01-10T00:00:00+00:00,2023-01-11T14:27:16.718943159+00:00,2023-01-11T14:27:16.718943159+00:00,NGG3@2023-01-27,0.03799282590049424,0.08087304512992231
2023-01-11T00:00:00+00:00,2023-01-12T14:26:23.379241893+00:00,2023-01-12T14:26:23.379241893+00:00,NGG3@2023-01-27,-0.0659440334106981,0.08212540784252956
2023-01-12T00:00:00+00:00,2023-01-13T14:23:00.533735947+00:00,2023-01-13T14:23:00.533735947+00:00,NGG3@2023-01-27,0.03281493300729621,0.09527388725777251
2023-01-13T00:00:00+00:00,2023-01-17T14:28:22.193904696+00:00,2023-01-17T14:28:22.193904696+00:00,NGG3@2023-01-27,0.1267340138738644,0.11339820482647991
2023-01-17T00:00:00+00:00,2023-01-18T14:26:57.402544176+00:00,2023-01-18T14:26:57.402544176+00:00,NGG3@2023-01-27,0.049762937874920476,0.0733134493363642
2023-01-18T00:00:00+00:00,2023-01-19T14:27:09.017530506+00:00,2023-01-19T14:27:09.017530506+00:00,NGG3@2023-01-27,0.036755468005825076,0.09338821417997895
2023-01-19T00:00:00+00:00,2023-01-20T14:24:49.201851919+00:00,2023-01-20T14:24:49.201851919+00:00,NGG3@2023-01-27,0.0444543376472426,0.09391396682454932
2023-01-20T00:00:00+00:00,2023-01-23T14:32:00.908740352+00:00,2023-01-23T14:32:00.908740352+00:00,NGG3@2023-01-27,0.07499285724106763,0.08916733138638845
2023-01-23T00:00:00+00:00,2023-01-24T14:26:50.293019254+00:00,2023-01-24T14:26:50.293019254+00:00,NGG3@2023-01-27,-0.014672864636397165,0.046594178229959905
2023-01-24T00:00:00+00:00,2023-01-25T14:26:34.689312591+00:00,2023-01-25T14:26:34.689312591+00:00,NGG3@2023-01-27,0.030703156303131918,0.05767475610218256
2023-01-25T00:00:00+00:00,2023-01-26T14:24:54.697970405+00:00,2023-01-26T14:24:54.697970405+00:00,NGG3@2023-01-27,0.020664401980706515,0.04392217230414237
2023-01-26T00:00:00+00:00,2023-01-27T14:24:07.970879987+00:00,2023-01-27T14:24:07.970879987+00:00,NGH3@2023-02-24,0.03407264677303745,0.08723171177835257
2023-01-27T00:00:00+00:00,2023-01-30T14:23:42.431828460+00:00,2023-01-30T14:23:42.431828460+00:00,NGH3@2023-02-24,0.07173989874582043,0.06923456589798738
2023-01-30T00:00:00+00:00,2023-01-31T14:24:02.033429158+00:00,2023-01-31T14:24:02.033429158+00:00,NGH3@2023-02-24,-0.035211141628309406,0.20731514449794153
2023-01-31T00:00:00+00:00,2023-02-01T14:50:01.906628742+00:00,2023-02-01T14:50:01.906628742+00:00,NGH3@2023-02-24,0.04379862917000743,0.07496183157141319
2023-02-01T00:00:00+00:00,2023-02-02T14:53:33.921658762+00:00,2023-02-02T14:53:33.921658762+00:00,NGH3@2023-02-24,0.054588522528765004,0.0753943835495476
2023-02-02T00:00:00+00:00,2023-02-03T14:53:14.488473842+00:00,2023-02-03T14:53:14.488473842+00:00,NGH3@2023-02-24,0.06910466176276286,0.07987294434140926
2023-02-03T00:00:00+00:00,2023-02-06T14:43:56.105220220+00:00,2023-02-06T14:43:56.105220220+00:00,NGH3@2023-02-24,0.05393857576062344,0.1092047061560289
2023-02-06T00:00:00+00:00,2023-02-07T14:33:39.153556176+00:00,2023-02-07T14:33:39.153556176+00:00,NGH3@2023-02-24,0.058117300570130315,0.07089284383186868
2023-02-07T00:00:00+00:00,2023-02-08T14:29:42.629323344+00:00,2023-02-08T14:29:42.629323344+00:00,NGH3@2023-02-24,0.017628514164440334,0.05705467853774171
2023-02-08T00:00:00+00:00,2023-02-09T14:56:56.751305308+00:00,2023-02-09T14:56:56.751305308+00:00,NGH3@2023-02-24,0.01185739286065779,0.0929878648410429
2023-02-09T00:00:00+00:00,2023-02-10T15:02:38.762522151+00:00,2023-02-10T15:02:38.762522151+00:00,NGH3@2023-02-24,0.06367719485246437,0.06957015760947521
2023-02-10T00:00:00+00:00,2023-02-13T14:26:22.073432594+00:00,2023-02-13T14:26:22.073432594+00:00,NGH3@2023-02-24,0.05206605999968761,0.06867074227148248
2023-02-13T00:00:00+00:00,2023-02-14T15:11:12.901655409+00:00,2023-02-14T15:11:12.901655409+00:00,NGH3@2023-02-24,0.024015143746318746,0.04185872089696303
2023-02-14T00:00:00+00:00,2023-02-15T14:25:18.541825722+00:00,2023-02-15T14:25:18.541825722+00:00,NGH3@2023-02-24,-0.03126449688621191,0.05116475665051004
2023-02-15T00:00:00+00:00,2023-02-16T14:27:31.232069497+00:00,2023-02-16T14:27:31.232069497+00:00,NGH3@2023-02-24,0.053809143703490436,0.07181893691048484
2023-02-16T00:00:00+00:00,2023-02-17T14:28:00.397585802+00:00,2023-02-17T14:28:00.397585802+00:00,NGH3@2023-02-24,0.05067900149636562,0.07722577369496109
2023-02-17T00:00:00+00:00,2023-02-21T14:26:16.113347431+00:00,2023-02-21T14:26:16.113347431+00:00,NGH3@2023-02-24,0.12332151466062835,0.08393376999811636
2023-02-21T00:00:00+00:00,2023-02-22T14:29:00.928160941+00:00,2023-02-22T14:29:00.928160941+00:00,NGH3@2023-02-24,0.09886973013889411,0.07724692688727205
2023-02-22T00:00:00+00:00,2023-02-23T14:33:30.572648487+00:00,2023-02-23T14:33:30.572648487+00:00,NGH3@2023-02-24,-0.019823171115889382,0.0371540384538939
2023-02-23T00:00:00+00:00,2023-02-24T14:57:27.792729622+00:00,2023-02-24T14:57:27.792729622+00:00,NGJ3@2023-03-29,-0.013573572590154681,0.06572018296942206
2023-02-24T00:00:00+00:00,2023-02-27T14:41:33.353705552+00:00,2023-02-27T14:41:33.353705552+00:00,NGJ3@2023-03-29,-0.03586503387557349,0.11861015573449239
2023-02-27T00:00:00+00:00,2023-02-28T14:27:41.497827241+00:00,2023-02-28T14:27:41.497827241+00:00,NGJ3@2023-03-29,-0.04633043436986495,0.04767975684021672
2023-02-28T00:00:00+00:00,2023-03-01T14:27:29.126665206+00:00,2023-03-01T14:27:29.126665206+00:00,NGJ3@2023-03-29,-0.022853764620694217,0.029442527077414772
2023-03-01T00:00:00+00:00,2023-03-02T14:25:20.353119112+00:00,2023-03-02T14:25:20.353119112+00:00,NGJ3@2023-03-29,-0.007595815084725177,0.06345674438257956
2023-03-02T00:00:00+00:00,2023-03-03T14:27:09.152458822+00:00,2023-03-03T14:27:09.152458822+00:00,NGJ3@2023-03-29,0.002927334920130198,0.06491727375503233
2023-03-03T00:00:00+00:00,2023-03-06T14:26:43.272797309+00:00,2023-03-06T14:26:43.272797309+00:00,NGJ3@2023-03-29,-0.0021797484997413408,0.06625000930907556
2023-03-06T00:00:00+00:00,2023-03-07T14:28:12.926615845+00:00,2023-03-07T14:28:12.926615845+00:00,NGJ3@2023-03-29,-0.03069818807270852,0.043786524261380855
2023-03-07T00:00:00+00:00,2023-03-08T14:46:38.124861106+00:00,2023-03-08T14:46:38.124861106+00:00,NGJ3@2023-03-29,-0.03742982541686468,0.050077805706381436
2023-03-08T00:00:00+00:00,2023-03-09T14:26:55.844909644+00:00,2023-03-09T14:26:55.844909644+00:00,NGJ3@2023-03-29,-0.004718056989800656,0.059527622890545945
2023-03-09T00:00:00+00:00,2023-03-10T14:28:08.528207053+00:00,2023-03-10T14:28:08.528207053+00:00,NGJ3@2023-03-29,0.00858980484874361,0.06747796431159664
2023-03-10T00:00:00+00:00,2023-03-13T13:50:42.257520490+00:00,2023-03-13T13:50:42.257520490+00:00,NGJ3@2023-03-29,0.05434548482910562,0.08250349652395264
2023-03-13T00:00:00+00:00,2023-03-14T14:17:37.058411552+00:00,2023-03-14T14:17:37.058411552+00:00,NGJ3@2023-03-29,-0.016819166793185958,0.04830628339322843
2023-03-14T00:00:00+00:00,2023-03-15T14:30:47.105610822+00:00,2023-03-15T14:30:47.105610822+00:00,NGJ3@2023-03-29,0.026214212353059763,0.0532152865100862
2023-03-15T00:00:00+00:00,2023-03-16T14:04:55.810043479+00:00,2023-03-16T14:04:55.810043479+00:00,NGJ3@2023-03-29,0.06960075085566375,0.05994058522831102
2023-03-16T00:00:00+00:00,2023-03-17T14:25:13.049790677+00:00,2023-03-17T14:25:13.049790677+00:00,NGJ3@2023-03-29,0.00585543920123377,0.08918709225124782
2023-03-17T00:00:00+00:00,2023-03-20T14:06:13.919157791+00:00,2023-03-20T14:06:13.919157791+00:00,NGJ3@2023-03-29,0.08578854418815451,0.06235792281779837
2023-03-20T00:00:00+00:00,2023-03-21T13:45:10.843135247+00:00,2023-03-21T13:45:10.843135247+00:00,NGJ3@2023-03-29,0.05188303541277706,0.046311986674506984
2023-03-21T00:00:00+00:00,2023-03-22T13:26:50.942566858+00:00,2023-03-22T13:26:50.942566858+00:00,NGJ3@2023-03-29,0.0345401185931582,0.0723661282361844
2023-03-22T00:00:00+00:00,2023-03-23T13:29:34.641232120+00:00,2023-03-23T13:29:34.641232120+00:00,NGJ3@2023-03-29,0.1421170878464897,0.062231286439524636
2023-03-23T00:00:00+00:00,2023-03-24T13:27:15.099185312+00:00,2023-03-24T13:27:15.099185312+00:00,NGJ3@2023-03-29,0.08035035663673962,0.06848038380065037
2023-03-24T00:00:00+00:00,2023-03-27T13:26:37.101961594+00:00,2023-03-27T13:26:37.101961594+00:00,NGJ3@2023-03-29,0.0818556217576647,0.17885613036997436
2023-03-27T00:00:00+00:00,2023-03-28T13:46:26.902592997+00:00,2023-03-28T13:46:26.902592997+00:00,NGK3@2023-04-26,0.03269191978764674,0.0460771856269649
2023-03-28T00:00:00+00:00,2023-03-29T14:07:25.853625086+00:00,2023-03-29T14:07:25.853625086+00:00,NGK3@2023-04-26,0.0806726430163276,0.0667273860732476
2023-03-29T00:00:00+00:00,2023-03-30T13:27:13.359587486+00:00,2023-03-30T13:27:13.359587486+00:00,NGK3@2023-04-26,0.06837324750215457,0.07004043834815889
2023-03-30T00:00:00+00:00,2023-03-31T13:25:20.234388652+00:00,2023-03-31T13:25:20.234388652+00:00,NGK3@2023-04-26,0.10637638567747687,0.10613866076191324
2023-03-31T00:00:00+00:00,2023-04-03T13:56:01.485608581+00:00,2023-04-03T13:56:01.485608581+00:00,NGK3@2023-04-26,0.060373565166610854,0.07997853604049894
2023-04-03T00:00:00+00:00,2023-04-04T13:34:05.189722443+00:00,2023-04-04T13:34:05.189722443+00:00,NGK3@2023-04-26,0.021189260256798903,0.05225762371768319
2023-04-04T00:00:00+00:00,2023-04-05T13:26:17.959459451+00:00,2023-04-05T13:26:17.959459451+00:00,NGK3@2023-04-26,0.047335639702574595,0.06030887209010454
2023-04-06T00:00:00+00:00,2023-04-07T13:47:13.417323366+00:00,2023-04-07T13:47:13.417323366+00:00,NGK3@2023-04-26,0.0644169931622629,0.09767640134919187
2023-04-10T00:00:00+00:00,2023-04-11T14:15:03.389483983+00:00,2023-04-11T14:15:03.389483983+00:00,NGK3@2023-04-26,-0.05625149443909372,0.04807283808460165
2023-04-11T00:00:00+00:00,2023-04-12T13:48:07.283190471+00:00,2023-04-12T13:48:07.283190471+00:00,NGK3@2023-04-26,0.012416010616705053,0.054111880585349714
2023-04-12T00:00:00+00:00,2023-04-13T13:28:38.775615220+00:00,2023-04-13T13:28:38.775615220+00:00,NGK3@2023-04-26,-0.042676291399500244,0.06055854757150851
2023-04-13T00:00:00+00:00,2023-04-14T13:46:50.514256096+00:00,2023-04-14T13:46:50.514256096+00:00,NGK3@2023-04-26,0.054634970052002796,0.13726280208627284
2023-04-14T00:00:00+00:00,2023-04-17T13:32:25.100151634+00:00,2023-04-17T13:32:25.100151634+00:00,NGK3@2023-04-26,0.018441300786119053,0.14411118182248428
2023-04-17T00:00:00+00:00,2023-04-18T13:29:04.016138772+00:00,2023-04-18T13:29:04.016138772+00:00,NGK3@2023-04-26,-0.033514117695274126,0.062425411184420763
2023-04-18T00:00:00+00:00,2023-04-19T13:26:40.924625454+00:00,2023-04-19T13:26:40.924625454+00:00,NGK3@2023-04-26,0.028807944559638754,0.08582726956821604
2023-04-19T00:00:00+00:00,2023-04-20T13:28:08.382175117+00:00,2023-04-20T13:28:08.382175117+00:00,NGK3@2023-04-26,0.05544378066204003,0.06810632357556114
2023-04-20T00:00:00+00:00,2023-04-21T13:24:43.277356959+00:00,2023-04-21T13:24:43.277356959+00:00,NGK3@2023-04-26,0.10672230924816706,0.09123683519111293
2023-04-21T00:00:00+00:00,2023-04-24T13:35:35.755477355+00:00,2023-04-24T13:35:35.755477355+00:00,NGK3@2023-04-26,0.056658899461900836,0.08736709216693499
2023-04-24T00:00:00+00:00,2023-04-25T13:26:34.863092001+00:00,2023-04-25T13:26:34.863092001+00:00,NGK3@2023-04-26,0.024653060473253996,0.043279580160678094
2023-04-25T00:00:00+00:00,2023-04-26T13:30:11.382822613+00:00,2023-04-26T13:30:11.382822613+00:00,NGK3@2023-04-26,-0.022596984279017684,0.041798088875394365
2023-04-26T00:00:00+00:00,2023-04-27T13:47:20.865098729+00:00,2023-04-27T13:47:20.865098729+00:00,NGM3@2023-05-26,0.041600279810109386,0.07427859068846175
2023-04-27T00:00:00+00:00,2023-04-28T13:27:15.804727435+00:00,2023-04-28T13:27:15.804727435+00:00,NGM3@2023-05-26,0.0836521784464519,0.10103392763202694
2023-04-28T00:00:00+00:00,2023-05-01T13:47:29.001841669+00:00,2023-05-01T13:47:29.001841669+00:00,NGM3@2023-05-26,0.030011908823097455,0.07997103986191292
2023-05-01T00:00:00+00:00,2023-05-02T13:29:19.039641918+00:00,2023-05-02T13:29:19.039641918+00:00,NGM3@2023-05-26,0.04091069186328533,0.06689342656001093
2023-05-02T00:00:00+00:00,2023-05-03T13:28:16.313421648+00:00,2023-05-03T13:28:16.313421648+00:00,NGM3@2023-05-26,0.06371938510149722,0.05695848890828505
2023-05-03T00:00:00+00:00,2023-05-04T13:29:12.174583995+00:00,2023-05-04T13:29:12.174583995+00:00,NGM3@2023-05-26,0.09604537736653951,0.09921119622487476
2023-05-04T00:00:00+00:00,2023-05-05T13:29:18.846646573+00:00,2023-05-05T13:29:18.846646573+00:00,NGM3@2023-05-26,0.05463344626981903,0.10053644239702576
2023-05-05T00:00:00+00:00,2023-05-08T13:28:20.000441344+00:00,2023-05-08T13:28:20.000441344+00:00,NGM3@2023-05-26,0.06151500021288636,0.08592580767305215
2023-05-08T00:00:00+00:00,2023-05-09T13:27:24.520052503+00:00,2023-05-09T13:27:24.520052503+00:00,NGM3@2023-05-26,-0.031917336060828694,0.043394853052458174
2023-05-09T00:00:00+00:00,2023-05-10T13:29:15.250144943+00:00,2023-05-10T13:29:15.250144943+00:00,NGM3@2023-05-26,0.01194711295598161,0.05310681418713395
2023-05-10T00:00:00+00:00,2023-05-11T13:47:58.745091403+00:00,2023-05-11T13:47:58.745091403+00:00,NGM3@2023-05-26,0.05998997294574693,0.07411536820437929
2023-05-11T00:00:00+00:00,2023-05-12T13:27:58.164053925+00:00,2023-05-12T13:27:58.164053925+00:00,NGM3@2023-05-26,0.04474409472275842,0.06864204196947414
2023-05-12T00:00:00+00:00,2023-05-15T13:28:22.020390218+00:00,2023-05-15T13:28:22.020390218+00:00,NGM3@2023-05-26,0.024811387166734145,0.06928958842584812
2023-05-15T00:00:00+00:00,2023-05-16T13:28:23.002353745+00:00,2023-05-16T13:28:23.002353745+00:00,NGM3@2023-05-26,-0.02560104758052495,0.058242830179505434
2023-05-16T00:00:00+00:00,2023-05-17T13:28:06.508257489+00:00,2023-05-17T13:28:06.508257489+00:00,NGM3@2023-05-26,0.0007879008417543965,0.052020576197371354
2023-05-17T00:00:00+00:00,2023-05-18T14:13:57.656919449+00:00,2023-05-18T14:13:57.656919449+00:00,NGM3@2023-05-26,0.044227670321664414,0.06252075724817664
2023-05-18T00:00:00+00:00,2023-05-19T13:36:28.558130279+00:00,2023-05-19T13:36:28.558130279+00:00,NGM3@2023-05-26,-0.07523194107930453,0.054240456082445695
2023-05-19T00:00:00+00:00,2023-05-22T13:26:42.429441127+00:00,2023-05-22T13:26:42.429441127+00:00,NGM3@2023-05-26,0.01879182764797016,0.07466317326508569
2023-05-22T00:00:00+00:00,2023-05-23T13:28:00.900978939+00:00,2023-05-23T13:28:00.900978939+00:00,NGM3@2023-05-26,0.0693950134341188,0.04638608030694299
2023-05-23T00:00:00+00:00,2023-05-24T13:27:56.224807692+00:00,2023-05-24T13:27:56.224807692+00:00,NGM3@2023-05-26,0.03531480346261273,0.06929624765064334
2023-05-24T00:00:00+00:00,2023-05-25T13:33:18.524726288+00:00,2023-05-25T13:33:18.524726288+00:00,NGM3@2023-05-26,-0.012166212412936583,0.039945161047060626
2023-05-25T00:00:00+00:00,2023-05-26T13:45:48.246502201+00:00,2023-05-26T13:45:48.246502201+00:00,NGN3@2023-06-28,0.04738295931513825,0.07166657711099263
2023-05-26T00:00:00+00:00,2023-05-30T13:27:38.353894181+00:00,2023-05-30T13:27:38.353894181+00:00,NGN3@2023-06-28,0.08242163094141142,0.06093921692929453
2023-05-30T00:00:00+00:00,2023-05-31T13:56:54.066185053+00:00,2023-05-31T13:56:54.066185053+00:00,NGN3@2023-06-28,0.03926731161012276,0.045298286646876525
2023-05-31T00:00:00+00:00,2023-06-01T13:29:56.043389096+00:00,2023-06-01T13:29:56.043389096+00:00,NGN3@2023-06-28,0.06449520334284364,0.05519051923819468
2023-06-01T00:00:00+00:00,2023-06-02T13:29:36.610660578+00:00,2023-06-02T13:29:36.610660578+00:00,NGN3@2023-06-28,0.0762810155707967,0.14423706485208376
2023-06-02T00:00:00+00:00,2023-06-05T13:29:26.177068333+00:00,2023-06-05T13:29:26.177068333+00:00,NGN3@2023-06-28,0.06617952083084733,0.09410163378244592
2023-06-05T00:00:00+00:00,2023-06-06T13:32:47.277533448+00:00,2023-06-06T13:32:47.277533448+00:00,NGN3@2023-06-28,0.0175419650935833,0.04155563458544642
2023-06-06T00:00:00+00:00,2023-06-07T14:26:18.764858643+00:00,2023-06-07T14:26:18.764858643+00:00,NGN3@2023-06-28,0.06027459087304443,0.05395536709168775
2023-06-07T00:00:00+00:00,2023-06-08T14:13:53.599382893+00:00,2023-06-08T14:13:53.599382893+00:00,NGN3@2023-06-28,0.049655204786058116,0.055156622555657356
2023-06-08T00:00:00+00:00,2023-06-09T13:28:11.176745835+00:00,2023-06-09T13:28:11.176745835+00:00,NGN3@2023-06-28,0.057323012107088456,0.0601973469832564
2023-06-09T00:00:00+00:00,2023-06-12T13:58:16.215282943+00:00,2023-06-12T13:58:16.215282943+00:00,NGN3@2023-06-28,0.070076548663206,0.07004331003555042
2023-06-12T00:00:00+00:00,2023-06-13T13:57:30.182076183+00:00,2023-06-13T13:57:30.182076183+00:00,NGN3@2023-06-28,0.01449039096322191,0.040715956363903745
2023-06-13T00:00:00+00:00,2023-06-14T13:56:59.002135065+00:00,2023-06-14T13:56:59.002135065+00:00,NGN3@2023-06-28,0.030017525996825167,0.05276542873768472
2023-06-14T00:00:00+00:00,2023-06-15T13:27:05.330189127+00:00,2023-06-15T13:27:05.330189127+00:00,NGN3@2023-06-28,0.046141653498678714,0.0698275956817064
2023-06-15T00:00:00+00:00,2023-06-16T13:32:24.076924962+00:00,2023-06-16T13:32:24.076924962+00:00,NGN3@2023-06-28,0.01178700065687499,0.07153341829006317
2023-06-16T00:00:00+00:00,2023-06-20T13:58:51.299697951+00:00,2023-06-20T13:58:51.299697951+00:00,NGN3@2023-06-28,0.01023960222766429,0.07328999866370528
2023-06-20T00:00:00+00:00,2023-06-21T13:52:12.506406876+00:00,2023-06-21T13:52:12.506406876+00:00,NGN3@2023-06-28,0.03578877238722544,0.037926239497009614
2023-06-21T00:00:00+00:00,2023-06-22T13:58:50.421159966+00:00,2023-06-22T13:58:50.421159966+00:00,NGN3@2023-06-28,-0.002957242835400886,0.05168566966967801
2023-06-22T00:00:00+00:00,2023-06-23T13:28:57.237476001+00:00,2023-06-23T13:28:57.237476001+00:00,NGN3@2023-06-28,0.01164508460808178,0.05008263688627452
2023-06-23T00:00:00+00:00,2023-06-26T13:27:48.359826322+00:00,2023-06-26T13:27:48.359826322+00:00,NGN3@2023-06-28,0.016759470852684588,0.06265380102302164
2023-06-26T00:00:00+00:00,2023-06-27T14:01:02.685909526+00:00,2023-06-27T14:01:02.685909526+00:00,NGN3@2023-06-28,0.012419206724728626,0.030496726192892093
2023-06-27T00:00:00+00:00,2023-06-28T13:31:32.495343871+00:00,2023-06-28T13:31:32.495343871+00:00,NGN3@2023-06-28,0.01169468137262708,0.04009867422053489
2023-06-28T00:00:00+00:00,2023-06-29T13:50:53.625856854+00:00,2023-06-29T13:50:53.625856854+00:00,NGQ3@2023-07-27,0.021548076434894314,0.04129671119712852
2023-06-29T00:00:00+00:00,2023-06-30T13:59:17.152936971+00:00,2023-06-30T13:59:17.152936971+00:00,NGQ3@2023-07-27,0.011923439786823309,0.04447348134750121
2023-06-30T00:00:00+00:00,2023-07-03T13:55:16.878139504+00:00,2023-07-03T13:55:16.878139504+00:00,NGQ3@2023-07-27,0.007344366924833201,0.06593511357269617
2023-07-03T00:00:00+00:00,2023-07-05T13:27:23.515142915+00:00,2023-07-05T13:27:23.515142915+00:00,NGQ3@2023-07-27,-0.0021757033677792803,0.03296557855428816
2023-07-05T00:00:00+00:00,2023-07-06T13:30:36.587881606+00:00,2023-07-06T13:30:36.587881606+00:00,NGQ3@2023-07-27,-0.0042744832299298485,0.04012113237111582
2023-07-06T00:00:00+00:00,2023-07-07T13:45:31.876311950+00:00,2023-07-07T13:45:31.876311950+00:00,NGQ3@2023-07-27,-0.013293724612071123,0.04582194453963594
2023-07-07T00:00:00+00:00,2023-07-10T13:28:50.622034811+00:00,2023-07-10T13:28:50.622034811+00:00,NGQ3@2023-07-27,0.0178328211587524,0.05528799407518426
2023-07-10T00:00:00+00:00,2023-07-11T14:10:35.851995688+00:00,2023-07-11T14:10:35.851995688+00:00,NGQ3@2023-07-27,-0.03317503560958823,0.034905737178249324
2023-07-11T00:00:00+00:00,2023-07-12T14:09:19.947790551+00:00,2023-07-12T14:09:19.947790551+00:00,NGQ3@2023-07-27,-0.017518148232490205,0.05947665071873957
2023-07-12T00:00:00+00:00,2023-07-13T13:31:08.063818275+00:00,2023-07-13T13:31:08.063818275+00:00,NGQ3@2023-07-27,-0.036910949331341425,0.05033106514901826
2023-07-13T00:00:00+00:00,2023-07-14T13:28:51.618210690+00:00,2023-07-14T13:28:51.618210690+00:00,NGQ3@2023-07-27,0.07187792664651727,0.06469514801157086
2023-07-14T00:00:00+00:00,2023-07-17T14:00:18.129910986+00:00,2023-07-17T14:00:18.129910986+00:00,NGQ3@2023-07-27,0.054896851723759355,0.06506618936918968
2023-07-17T00:00:00+00:00,2023-07-18T14:25:33.765798896+00:00,2023-07-18T14:25:33.765798896+00:00,NGQ3@2023-07-27,-0.007447535508426029,0.047540061796950236
2023-07-18T00:00:00+00:00,2023-07-19T13:27:21.985566607+00:00,2023-07-19T13:27:21.985566607+00:00,NGQ3@2023-07-27,0.014807238811399781,0.04854053258895874
2023-07-19T00:00:00+00:00,2023-07-20T14:16:28.729350454+00:00,2023-07-20T14:16:28.729350454+00:00,NGQ3@2023-07-27,0.007152612637437272,0.051110926085285585
2023-07-20T00:00:00+00:00,2023-07-21T13:28:32.554816588+00:00,2023-07-21T13:28:32.554816588+00:00,NGQ3@2023-07-27,-0.010513843687522728,0.056623502542044374
2023-07-21T00:00:00+00:00,2023-07-24T13:31:20.614545334+00:00,2023-07-24T13:31:20.614545334+00:00,NGQ3@2023-07-27,0.08516417585980696,0.055016049904620244
2023-07-24T00:00:00+00:00,2023-07-25T13:29:22.707399750+00:00,2023-07-25T13:29:22.707399750+00:00,NGQ3@2023-07-27,0.02655387437281731,0.025863467188920686
2023-07-25T00:00:00+00:00,2023-07-26T13:48:10.818537863+00:00,2023-07-26T13:48:10.818537863+00:00,NGQ3@2023-07-27,0.028889810043733366,0.03671961788220983
2023-07-26T00:00:00+00:00,2023-07-27T13:26:52.447879630+00:00,2023-07-27T13:26:52.447879630+00:00,NGU3@2023-08-29,0.008383100650664943,0.055325930469333456
2023-07-27T00:00:00+00:00,2023-07-28T14:00:01.205341407+00:00,2023-07-28T14:00:01.205341407+00:00,NGU3@2023-08-29,0.01964844475350458,0.049483877039579724
2023-07-28T00:00:00+00:00,2023-07-31T13:27:40.808817489+00:00,2023-07-31T13:27:40.808817489+00:00,NGU3@2023-08-29,0.030306900896180045,0.06328258738119044
2023-07-31T00:00:00+00:00,2023-08-01T13:26:47.715133883+00:00,2023-08-01T13:26:47.715133883+00:00,NGU3@2023-08-29,-0.007080147325857378,0.031729133761658965
2023-08-01T00:00:00+00:00,2023-08-02T14:13:07.429724230+00:00,2023-08-02T14:13:07.429724230+00:00,NGU3@2023-08-29,0.0027348809524487816,0.05036935999386036
2023-08-02T00:00:00+00:00,2023-08-03T13:31:59.528576615+00:00,2023-08-03T13:31:59.528576615+00:00,NGU3@2023-08-29,0.048807080304636985,0.05429095921856879
2023-08-03T00:00:00+00:00,2023-08-04T13:58:57.101620980+00:00,2023-08-04T13:58:57.101620980+00:00,NGU3@2023-08-29,-0.014949835851445048,0.05729508707419929
2023-08-04T00:00:00+00:00,2023-08-07T13:26:55.348989257+00:00,2023-08-07T13:26:55.348989257+00:00,NGU3@2023-08-29,0.07822939609085311,0.0724208220903057
2023-08-07T00:00:00+00:00,2023-08-08T13:26:41.015222260+00:00,2023-08-08T13:26:41.015222260+00:00,NGU3@2023-08-29,-0.024851490858260217,0.03936271611832077
2023-08-08T00:00:00+00:00,2023-08-09T13:27:56.494813248+00:00,2023-08-09T13:27:56.494813248+00:00,NGU3@2023-08-29,-0.002180345332456146,0.06932252801279845
2023-08-09T00:00:00+00:00,2023-08-10T13:26:15.386961759+00:00,2023-08-10T13:26:15.386961759+00:00,NGU3@2023-08-29,-0.0705089903940308,0.054086888665528327
2023-08-10T00:00:00+00:00,2023-08-11T13:25:22.714618641+00:00,2023-08-11T13:25:22.714618641+00:00,NGU3@2023-08-29,-0.020761999454656066,0.05926163408319884
2023-08-11T00:00:00+00:00,2023-08-14T14:00:42.994485307+00:00,2023-08-14T14:00:42.994485307+00:00,NGU3@2023-08-29,-0.006143680854572842,0.0729393976160886
2023-08-14T00:00:00+00:00,2023-08-15T13:45:41.722652921+00:00,2023-08-15T13:45:41.722652921+00:00,NGU3@2023-08-29,-0.03122361309353283,0.04356429271555911
2023-08-15T00:00:00+00:00,2023-08-16T13:44:21.487683861+00:00,2023-08-16T13:44:21.487683861+00:00,NGU3@2023-08-29,-0.001924151979148192,0.05453732952110736
2023-08-16T00:00:00+00:00,2023-08-17T13:25:59.294849644+00:00,2023-08-17T13:25:59.294849644+00:00,NGU3@2023-08-29,0.019202456560534875,0.055133402003559435
2023-08-17T00:00:00+00:00,2023-08-18T13:34:26.469826137+00:00,2023-08-18T13:34:26.469826137+00:00,NGU3@2023-08-29,0.010205909496045162,0.057435763701227785
2023-08-18T00:00:00+00:00,2023-08-21T13:28:36.100145151+00:00,2023-08-21T13:28:36.100145151+00:00,NGU3@2023-08-29,0.06116023176706964,0.06433938015679465
2023-08-21T00:00:00+00:00,2023-08-22T13:26:16.224732343+00:00,2023-08-22T13:26:16.224732343+00:00,NGU3@2023-08-29,0.012078536454067423,0.04004214399604387
2023-08-22T00:00:00+00:00,2023-08-23T13:32:07.270984650+00:00,2023-08-23T13:32:07.270984650+00:00,NGU3@2023-08-29,0.013451525489675875,0.04938501334153057
2023-08-23T00:00:00+00:00,2023-08-24T13:29:22.523031652+00:00,2023-08-24T13:29:22.523031652+00:00,NGU3@2023-08-29,-0.001654352295316741,0.06845486197836044
2023-08-24T00:00:00+00:00,2023-08-25T13:54:54.845161616+00:00,2023-08-25T13:54:54.845161616+00:00,NGU3@2023-08-29,0.013552064009993758,0.05488635154775815
2023-08-25T00:00:00+00:00,2023-08-28T13:25:58.377270127+00:00,2023-08-28T13:25:58.377270127+00:00,NGU3@2023-08-29,-0.01072311924542757,0.04901557133115571
2023-08-28T00:00:00+00:00,2023-08-29T14:36:24.350897629+00:00,2023-08-29T14:36:24.350897629+00:00,NGU3@2023-08-29,0.011295351961731148,0.027802868015424222
2023-08-29T00:00:00+00:00,2023-08-30T13:25:42.744489749+00:00,2023-08-30T13:25:42.744489749+00:00,NGV3@2023-09-27,0.01098650909868426,0.06255615456673384
2023-08-30T00:00:00+00:00,2023-08-31T13:26:06.343553490+00:00,2023-08-31T13:26:06.343553490+00:00,NGV3@2023-09-27,-0.022303285622622404,0.07646280738085902
2023-08-31T00:00:00+00:00,2023-09-01T13:56:29.954635431+00:00,2023-09-01T13:56:29.954635431+00:00,NGV3@2023-09-27,-0.000892611447135816,0.06299585244718829
2023-09-01T00:00:00+00:00,2023-09-05T13:27:31.427997123+00:00,2023-09-05T13:27:31.427997123+00:00,NGV3@2023-09-27,0.004818295500228498,0.07054695264745846
2023-09-05T00:00:00+00:00,2023-09-06T13:29:38.443769047+00:00,2023-09-06T13:29:38.443769047+00:00,NGV3@2023-09-27,0.02702462395956351,0.04944875258807988
2023-09-06T00:00:00+00:00,2023-09-07T13:28:09.209844451+00:00,2023-09-07T13:28:09.209844451+00:00,NGV3@2023-09-27,0.0127279029530325,0.057672524148491534
2023-09-07T00:00:00+00:00,2023-09-08T13:25:34.623117724+00:00,2023-09-08T13:25:34.623117724+00:00,NGV3@2023-09-27,-0.017841865811395907,0.0612334074852173
2023-09-08T00:00:00+00:00,2023-09-11T13:33:33.225865339+00:00,2023-09-11T13:33:33.225865339+00:00,NGV3@2023-09-27,0.05886499420935376,0.07506396772298675
2023-09-11T00:00:00+00:00,2023-09-12T14:10:03.950938185+00:00,2023-09-12T14:10:03.950938185+00:00,NGV3@2023-09-27,0.01535114466096732,0.05106246589794698
2023-09-12T00:00:00+00:00,2023-09-13T13:55:57.805578609+00:00,2023-09-13T13:55:57.805578609+00:00,NGV3@2023-09-27,-0.009768574939567287,0.04702451242171433
2023-09-13T00:00:00+00:00,2023-09-14T13:30:46.755671001+00:00,2023-09-14T13:30:46.755671001+00:00,NGV3@2023-09-27,0.008635613976455403,0.06266901956517346
2023-09-14T00:00:00+00:00,2023-09-15T14:22:33.897714535+00:00,2023-09-15T14:22:33.897714535+00:00,NGV3@2023-09-27,-0.0036023299842631307,0.06921125095039163
2023-09-15T00:00:00+00:00,2023-09-18T14:06:41.003847091+00:00,2023-09-18T14:06:41.003847091+00:00,NGV3@2023-09-27,0.04971559851448326,0.08068551991953798
2023-09-18T00:00:00+00:00,2023-09-19T13:26:51.171586095+00:00,2023-09-19T13:26:51.171586095+00:00,NGV3@2023-09-27,-0.015341406343969188,0.04728387527801424
2023-09-19T00:00:00+00:00,2023-09-20T13:25:57.221954133+00:00,2023-09-20T13:25:57.221954133+00:00,NGV3@2023-09-27,-0.03419179653902671,0.06824572151954021
2023-09-20T00:00:00+00:00,2023-09-21T13:26:46.077483339+00:00,2023-09-21T13:26:46.077483339+00:00,NGV3@2023-09-27,-0.01411379311403349,0.0636147857587593
2023-09-21T00:00:00+00:00,2023-09-22T13:56:02.197308127+00:00,2023-09-22T13:56:02.197308127+00:00,NGV3@2023-09-27,-0.011099747716698527,0.053791668831529194
2023-09-22T00:00:00+00:00,2023-09-25T13:26:53.346302871+00:00,2023-09-25T13:26:53.346302871+00:00,NGV3@2023-09-27,0.029419781982606086,0.058043448598306555
2023-09-25T00:00:00+00:00,2023-09-26T13:33:10.989059315+00:00,2023-09-26T13:33:10.989059315+00:00,NGV3@2023-09-27,0.015311414316133476,0.026200662787881336
2023-09-26T00:00:00+00:00,2023-09-27T13:26:47.033013589+00:00,2023-09-27T13:26:47.033013589+00:00,NGX3@2023-10-27,-0.0025941210745095145,0.04323000665721459
2023-09-27T00:00:00+00:00,2023-09-28T13:28:42.662457261+00:00,2023-09-28T13:28:42.662457261+00:00,NGX3@2023-10-27,0.023060299571931564,0.04821951936975456
2023-09-28T00:00:00+00:00,2023-09-29T13:25:59.358222421+00:00,2023-09-29T13:25:59.358222421+00:00,NGX3@2023-10-27,0.0016129268863336321,0.05431291533679497
2023-09-29T00:00:00+00:00,2023-10-02T14:09:54.822156078+00:00,2023-10-02T14:09:54.822156078+00:00,NGX3@2023-10-27,0.020655453001679813,0.06327360563310747
2023-10-02T00:00:00+00:00,2023-10-03T13:59:41.905754841+00:00,2023-10-03T13:59:41.905754841+00:00,NGX3@2023-10-27,0.027046458821901265,0.029198888321997414
2023-10-03T00:00:00+00:00,2023-10-04T13:27:53.982544396+00:00,2023-10-04T13:27:53.982544396+00:00,NGX3@2023-10-27,0.003082417875073018,0.049340097527754936
2023-10-04T00:00:00+00:00,2023-10-05T13:30:24.330500857+00:00,2023-10-05T13:30:24.330500857+00:00,NGX3@2023-10-27,-0.0018727632374290204,0.050593876646926515
2023-10-05T00:00:00+00:00,2023-10-06T13:35:47.383853287+00:00,2023-10-06T13:35:47.383853287+00:00,NGX3@2023-10-27,-0.0655724767017184,0.04159407672606348
2023-10-06T00:00:00+00:00,2023-10-09T14:01:36.828940508+00:00,2023-10-09T14:01:36.828940508+00:00,NGX3@2023-10-27,-0.005182512529619432,0.046532361715047564
2023-10-09T00:00:00+00:00,2023-10-10T13:58:12.857136334+00:00,2023-10-10T13:58:12.857136334+00:00,NGX3@2023-10-27,-0.040189776365524676,0.045262676461547094
2023-10-10T00:00:00+00:00,2023-10-11T13:29:44.027148855+00:00,2023-10-11T13:29:44.027148855+00:00,NGX3@2023-10-27,-0.04426064517786177,0.04099641308157912
2023-10-11T00:00:00+00:00,2023-10-12T14:44:27.296328731+00:00,2023-10-12T14:44:27.296328731+00:00,NGX3@2023-10-27,-0.05473229456088535,0.04700046021678103
2023-10-12T00:00:00+00:00,2023-10-13T14:08:37.673523528+00:00,2023-10-13T14:08:37.673523528+00:00,NGX3@2023-10-27,-0.07523075787159694,0.045748582637688585
2023-10-13T00:00:00+00:00,2023-10-16T13:29:22.729595500+00:00,2023-10-16T13:29:22.729595500+00:00,NGX3@2023-10-27,0.00014342036925052426,0.05310149561437288
2023-10-16T00:00:00+00:00,2023-10-17T13:26:51.438091174+00:00,2023-10-17T13:26:51.438091174+00:00,NGX3@2023-10-27,-0.03409435198857236,0.055990234399453186
2023-10-17T00:00:00+00:00,2023-10-18T13:32:55.758782280+00:00,2023-10-18T13:32:55.758782280+00:00,NGX3@2023-10-27,-0.018719297278587455,0.04531638241746139
2023-10-18T00:00:00+00:00,2023-10-19T13:28:36.098137292+00:00,2023-10-19T13:28:36.098137292+00:00,NGX3@2023-10-27,-0.03147072904959858,0.046208505695453136
2023-10-19T00:00:00+00:00,2023-10-20T13:54:11.669658270+00:00,2023-10-20T13:54:11.669658270+00:00,NGX3@2023-10-27,-0.006401628921705149,0.04625707844583747
2023-10-20T00:00:00+00:00,2023-10-23T13:30:56.290241929+00:00,2023-10-23T13:30:56.290241929+00:00,NGX3@2023-10-27,0.011929936604957003,0.05154830135711252
2023-10-23T00:00:00+00:00,2023-10-24T13:28:44.085301224+00:00,2023-10-24T13:28:44.085301224+00:00,NGX3@2023-10-27,-0.004814877171923193,0.055812654041108634
2023-10-24T00:00:00+00:00,2023-10-25T13:34:22.169954133+00:00,2023-10-25T13:34:22.169954133+00:00,NGX3@2023-10-27,-0.0070852133927332694,0.037960088924172734
2023-10-25T00:00:00+00:00,2023-10-26T14:28:03.116651328+00:00,2023-10-26T14:28:03.116651328+00:00,NGX3@2023-10-27,0.006313490133168509,0.027815764137513195
2023-10-26T00:00:00+00:00,2023-10-27T13:49:43.034964132+00:00,2023-10-27T13:49:43.034964132+00:00,NGZ3@2023-11-28,-0.028160960017258874,0.03945178610539973
2023-10-27T00:00:00+00:00,2023-10-30T13:27:02.094498473+00:00,2023-10-30T13:27:02.094498473+00:00,NGZ3@2023-11-28,-0.006229916284250625,0.040869795998861626
2023-10-30T00:00:00+00:00,2023-10-31T13:36:21.858544950+00:00,2023-10-31T13:36:21.858544950+00:00,NGZ3@2023-11-28,-0.03187545073599363,0.026958667679338265
2023-10-31T00:00:00+00:00,2023-11-01T13:26:54.215802719+00:00,2023-11-01T13:26:54.215802719+00:00,NGZ3@2023-11-28,-0.06481252337073373,0.030669570799556806
2023-11-01T00:00:00+00:00,2023-11-02T14:50:09.829024506+00:00,2023-11-02T14:50:09.829024506+00:00,NGZ3@2023-11-28,-0.03864201602585815,0.03430158446688171
2023-11-02T00:00:00+00:00,2023-11-03T14:03:03.783140118+00:00,2023-11-03T14:03:03.783140118+00:00,NGZ3@2023-11-28,-0.031032786105170573,0.04053401783627827
2023-11-03T00:00:00+00:00,2023-11-06T15:05:23.580221170+00:00,2023-11-06T15:05:23.580221170+00:00,NGZ3@2023-11-28,-0.0076637048389051055,0.0556602005721031
2023-11-06T00:00:00+00:00,2023-11-07T14:51:21.379536676+00:00,2023-11-07T14:51:21.379536676+00:00,NGZ3@2023-11-28,0.014754207912030193,0.02550265428099805
2023-11-07T00:00:00+00:00,2023-11-08T14:46:12.325327375+00:00,2023-11-08T14:46:12.325327375+00:00,NGZ3@2023-11-28,0.034935590529156846,0.03653445883019305
2023-11-08T00:00:00+00:00,2023-11-09T14:36:19.801454309+00:00,2023-11-09T14:36:19.801454309+00:00,NGZ3@2023-11-28,0.011638120893107784,0.07679152450439061
2023-11-09T00:00:00+00:00,2023-11-10T14:27:13.998117445+00:00,2023-11-10T14:27:13.998117445+00:00,NGZ3@2023-11-28,0.08015867961445133,0.050432930849344915
2023-11-10T00:00:00+00:00,2023-11-13T14:28:53.722932991+00:00,2023-11-13T14:28:53.722932991+00:00,NGZ3@2023-11-28,0.06947114620139194,0.053607038523845026
2023-11-13T00:00:00+00:00,2023-11-14T14:33:26.469544061+00:00,2023-11-14T14:33:26.469544061+00:00,NGZ3@2023-11-28,-0.03930707585102167,0.034393221737240846
2023-11-14T00:00:00+00:00,2023-11-15T15:13:06.474377596+00:00,2023-11-15T15:13:06.474377596+00:00,NGZ3@2023-11-28,0.01846191361978855,0.040130028026784954
2023-11-15T00:00:00+00:00,2023-11-16T15:35:33.997696386+00:00,2023-11-16T15:35:33.997696386+00:00,NGZ3@2023-11-28,0.01625221679532185,0.046417534199683114
2023-11-16T00:00:00+00:00,2023-11-17T14:28:08.635010526+00:00,2023-11-17T14:28:08.635010526+00:00,NGZ3@2023-11-28,0.06184297977261832,0.053146001522309715
2023-11-17T00:00:00+00:00,2023-11-20T14:33:06.139541835+00:00,2023-11-20T14:33:06.139541835+00:00,NGZ3@2023-11-28,0.0651467540310815,0.06482417643029974
2023-11-20T00:00:00+00:00,2023-11-21T14:48:24.447373494+00:00,2023-11-21T14:48:24.447373494+00:00,NGZ3@2023-11-28,0.02658194588908569,0.037506535839221415
2023-11-21T00:00:00+00:00,2023-11-22T15:12:02.545368235+00:00,2023-11-22T15:12:02.545368235+00:00,NGZ3@2023-11-28,0.04106999608650663,0.049398332366144465
2023-11-22T00:00:00+00:00,2023-11-24T15:00:51.062590436+00:00,2023-11-24T15:00:51.062590436+00:00,NGZ3@2023-11-28,0.005431361460205286,0.0388266064376778
2023-11-24T00:00:00+00:00,2023-11-27T15:19:59.525354900+00:00,2023-11-27T15:19:59.525354900+00:00,NGZ3@2023-11-28,0.02089387584107083,0.04050594349806221
2023-11-27T00:00:00+00:00,2023-11-28T14:59:18.598426822+00:00,2023-11-28T14:59:18.598426822+00:00,NGF4@2023-12-27,0.015662504983887215,0.031065355042181844
2023-11-28T00:00:00+00:00,2023-11-29T14:57:12.286944826+00:00,2023-11-29T14:57:12.286944826+00:00,NGF4@2023-12-27,0.050663778880805754,0.05536478476462958
2023-11-29T00:00:00+00:00,2023-11-30T14:28:42.296849072+00:00,2023-11-30T14:28:42.296849072+00:00,NGF4@2023-12-27,0.05841917532056695,0.08442375404524659
2023-11-30T00:00:00+00:00,2023-12-01T15:17:46.701292731+00:00,2023-12-01T15:17:46.701292731+00:00,NGF4@2023-12-27,0.023155491080014468,0.08029442769202141
2023-12-01T00:00:00+00:00,2023-12-04T14:27:33.308960565+00:00,2023-12-04T14:27:33.308960565+00:00,NGF4@2023-12-27,0.04502014088725104,0.08708442506663096
2023-12-04T00:00:00+00:00,2023-12-05T14:36:23.909873987+00:00,2023-12-05T14:36:23.909873987+00:00,NGF4@2023-12-27,0.040208789704024195,0.040127558676425305
2023-12-05T00:00:00+00:00,2023-12-06T14:27:06.561564938+00:00,2023-12-06T14:27:06.561564938+00:00,NGF4@2023-12-27,0.022037265033877373,0.07157647406462832
2023-12-06T00:00:00+00:00,2023-12-07T14:27:53.251106226+00:00,2023-12-07T14:27:53.251106226+00:00,NGF4@2023-12-27,0.09042244076218786,0.07413732824692787
2023-12-07T00:00:00+00:00,2023-12-08T14:28:12.594200785+00:00,2023-12-08T14:28:12.594200785+00:00,NGF4@2023-12-27,0.10060304484700389,0.09551654790371504
2023-12-08T00:00:00+00:00,2023-12-11T14:49:45.122525332+00:00,2023-12-11T14:49:45.122525332+00:00,NGF4@2023-12-27,0.06923800650808887,0.06319026588272525
2023-12-11T00:00:00+00:00,2023-12-12T14:46:12.585463943+00:00,2023-12-12T14:46:12.585463943+00:00,NGF4@2023-12-27,0.05728826038966206,0.05210031269029783
2023-12-12T00:00:00+00:00,2023-12-13T14:58:11.330909588+00:00,2023-12-13T14:58:11.330909588+00:00,NGF4@2023-12-27,0.04935078204541221,0.10592720915529487
2023-12-13T00:00:00+00:00,2023-12-14T14:28:20.157051939+00:00,2023-12-14T14:28:20.157051939+00:00,NGF4@2023-12-27,0.052418484049997494,0.10362359875073605
2023-12-14T00:00:00+00:00,2023-12-15T14:29:06.515564844+00:00,2023-12-15T14:29:06.515564844+00:00,NGF4@2023-12-27,0.10103257089767048,0.09611915487452645
2023-12-15T00:00:00+00:00,2023-12-18T15:26:57.413521563+00:00,2023-12-18T15:26:57.413521563+00:00,NGF4@2023-12-27,0.06916779108306281,0.1429207849328747
2023-12-18T00:00:00+00:00,2023-12-19T14:35:10.292014513+00:00,2023-12-19T14:35:10.292014513+00:00,NGF4@2023-12-27,0.028077922734862648,0.07117508046456003
2023-12-29T00:00:00+00:00,2023-12-31T18:30:30.262835139+00:00,2023-12-31T18:30:30.262835139+00:00,NGG4@2024-01-29,0.0413420787562262,0.0903666568461255
2024-01-02T00:00:00+00:00,2024-01-03T14:27:17.970073309+00:00,2024-01-03T14:27:17.970073309+00:00,NGG4@2024-01-29,0.052180910573422334,0.04553794860839844
2024-01-03T00:00:00+00:00,2024-01-04T14:29:13.281475227+00:00,2024-01-04T14:29:13.281475227+00:00,NGG4@2024-01-29,0.0004094985337947943,0.0466905118807541
2024-01-04T00:00:00+00:00,2024-01-05T14:27:18.813553326+00:00,2024-01-05T14:27:18.813553326+00:00,NGG4@2024-01-29,0.005100967526098232,0.04951322382637867
2024-01-05T00:00:00+00:00,2024-01-08T14:31:11.219657652+00:00,2024-01-08T14:31:11.219657652+00:00,NGG4@2024-01-29,-0.00023082331469037598,0.05249639092358079
2024-01-08T00:00:00+00:00,2024-01-09T14:32:37.024707927+00:00,2024-01-09T14:32:37.024707927+00:00,NGG4@2024-01-29,-0.03288042708618999,0.03797697694334266
2024-01-09T00:00:00+00:00,2024-01-10T14:28:12.037317139+00:00,2024-01-10T14:28:12.037317139+00:00,NGG4@2024-01-29,-0.046746827369582133,0.0841365317160518
2024-01-10T00:00:00+00:00,2024-01-11T14:32:08.359094381+00:00,2024-01-11T14:32:08.359094381+00:00,NGG4@2024-01-29,-0.02275753933095004,0.046473464437573414
2024-01-11T00:00:00+00:00,2024-01-12T14:49:38.845633719+00:00,2024-01-12T14:49:38.845633719+00:00,NGG4@2024-01-29,-0.03287008631652988,0.055183765246783416
2024-01-12T00:00:00+00:00,2024-01-16T14:34:30.714328761+00:00,2024-01-16T14:34:30.714328761+00:00,NGG4@2024-01-29,-0.061994458132411445,0.05068023152553223
2024-01-16T00:00:00+00:00,2024-01-17T15:01:18.261451735+00:00,2024-01-17T15:01:18.261451735+00:00,NGG4@2024-01-29,0.004175995741607652,0.06033900080645327
2024-01-17T00:00:00+00:00,2024-01-18T14:28:23.001477534+00:00,2024-01-18T14:28:23.001477534+00:00,NGG4@2024-01-29,0.012891149041889705,0.05611673043927892
2024-01-18T00:00:00+00:00,2024-01-19T14:48:30.518104270+00:00,2024-01-19T14:48:30.518104270+00:00,NGG4@2024-01-29,0.07220682190754601,0.06510794912771681
2024-01-19T00:00:00+00:00,2024-01-22T14:27:15.892284823+00:00,2024-01-22T14:27:15.892284823+00:00,NGG4@2024-01-29,0.14341253513095387,0.07773401624581888
2024-01-22T00:00:00+00:00,2024-01-23T14:35:34.181597952+00:00,2024-01-23T14:35:34.181597952+00:00,NGG4@2024-01-29,0.03867122440478954,0.061832166676446976
2024-01-23T00:00:00+00:00,2024-01-24T14:28:10.439450706+00:00,2024-01-24T14:28:10.439450706+00:00,NGG4@2024-01-29,0.04233248245166488,0.07176484515822369
2024-01-24T00:00:00+00:00,2024-01-25T14:27:15.665899870+00:00,2024-01-25T14:27:15.665899870+00:00,NGG4@2024-01-29,0.009693060220624217,0.0521201189323391
2024-01-25T00:00:00+00:00,2024-01-26T14:48:19.011845101+00:00,2024-01-26T14:48:19.011845101+00:00,NGH4@2024-02-27,0.10166827747110352,0.10014047383718991
2024-01-26T00:00:00+00:00,2024-01-29T15:02:56.260042985+00:00,2024-01-29T15:02:56.260042985+00:00,NGH4@2024-02-27,0.0883637524526053,0.10844578436755259
2024-01-29T00:00:00+00:00,2024-01-30T15:00:30.187470713+00:00,2024-01-30T15:00:30.187470713+00:00,NGH4@2024-02-27,0.02287661674718966,0.057198372426584015
2024-01-30T00:00:00+00:00,2024-01-31T15:01:21.045722737+00:00,2024-01-31T15:01:21.045722737+00:00,NGH4@2024-02-27,0.062489999480570546,0.09668016594112751
2024-01-31T00:00:00+00:00,2024-02-01T14:32:03.178943036+00:00,2024-02-01T14:32:03.178943036+00:00,NGH4@2024-02-27,0.025260836724716018,0.10131168097089871
2024-02-01T00:00:00+00:00,2024-02-02T14:30:16.458806839+00:00,2024-02-02T14:30:16.458806839+00:00,NGH4@2024-02-27,0.06253398776402608,0.12041554362771575
2024-02-02T00:00:00+00:00,2024-02-05T14:27:13.503959601+00:00,2024-02-05T14:27:13.503959601+00:00,NGH4@2024-02-27,0.10416487571614197,0.09195663277095407
2024-02-05T00:00:00+00:00,2024-02-06T14:29:43.062792680+00:00,2024-02-06T14:29:43.062792680+00:00,NGH4@2024-02-27,0.07601216819744616,0.05907026230563792
2024-02-06T00:00:00+00:00,2024-02-07T14:47:57.667196154+00:00,2024-02-07T14:47:57.667196154+00:00,NGH4@2024-02-27,0.14762521313574029,0.09476198645646938
2024-02-07T00:00:00+00:00,2024-02-08T14:26:28.618022571+00:00,2024-02-08T14:26:28.618022571+00:00,NGH4@2024-02-27,0.06410694316150689,0.09996365240918911
2024-02-08T00:00:00+00:00,2024-02-09T14:26:22.582612838+00:00,2024-02-09T14:26:22.582612838+00:00,NGH4@2024-02-27,0.04920762650510113,0.15103449212743883
2024-02-09T00:00:00+00:00,2024-02-12T14:30:16.342458291+00:00,2024-02-12T14:30:16.342458291+00:00,NGH4@2024-02-27,0.05596722485492589,0.09435854055495879
2024-02-12T00:00:00+00:00,2024-02-13T14:35:54.049570221+00:00,2024-02-13T14:35:54.049570221+00:00,NGH4@2024-02-27,0.14262900578505922,0.06870111011219733
2024-02-13T00:00:00+00:00,2024-02-14T14:28:18.734987646+00:00,2024-02-14T14:28:18.734987646+00:00,NGH4@2024-02-27,0.12421931832601008,0.1756562428040938
2024-02-14T00:00:00+00:00,2024-02-15T14:29:48.827987404+00:00,2024-02-15T14:29:48.827987404+00:00,NGH4@2024-02-27,0.21015905225343467,0.1512494651855923
2024-02-15T00:00:00+00:00,2024-02-16T14:52:58.847424857+00:00,2024-02-16T14:52:58.847424857+00:00,NGH4@2024-02-27,0.21481766523022627,0.09954179003505262
2024-02-16T00:00:00+00:00,2024-02-20T14:27:07.714306009+00:00,2024-02-20T14:27:07.714306009+00:00,NGH4@2024-02-27,0.1781888385898831,0.1132613929896078
2024-02-20T00:00:00+00:00,2024-02-21T14:55:11.158950953+00:00,2024-02-21T14:55:11.158950953+00:00,NGH4@2024-02-27,0.10190570038721924,0.09263740559758124
2024-02-21T00:00:00+00:00,2024-02-22T14:27:57.139277591+00:00,2024-02-22T14:27:57.139277591+00:00,NGH4@2024-02-27,0.13747146996584814,0.09416985240849582
2024-02-22T00:00:00+00:00,2024-02-23T14:59:28.002467493+00:00,2024-02-23T14:59:28.002467493+00:00,NGH4@2024-02-27,0.08847576275206448,0.12165349826478122
2024-02-23T00:00:00+00:00,2024-02-26T14:29:39.287690518+00:00,2024-02-26T14:29:39.287690518+00:00,NGH4@2024-02-27,0.14966923307377833,0.09450855206900692
2024-02-26T00:00:00+00:00,2024-02-27T14:29:42.355551213+00:00,2024-02-27T14:29:42.355551213+00:00,NGH4@2024-02-27,0.002447966729668627,0.07609300930902783
2024-02-27T00:00:00+00:00,2024-02-28T14:26:39.471202391+00:00,2024-02-28T14:26:39.471202391+00:00,NGJ4@2024-03-26,0.0533534147150625,0.11973391603657838
2024-02-28T00:00:00+00:00,2024-02-29T14:28:26.861816927+00:00,2024-02-29T14:28:26.861816927+00:00,NGJ4@2024-03-26,0.01831406754399123,0.08344650268554688
2024-02-29T00:00:00+00:00,2024-03-01T14:46:30.999170839+00:00,2024-03-01T14:46:30.999170839+00:00,NGJ4@2024-03-26,0.05932013038949013,0.08924731186458042
2024-03-01T00:00:00+00:00,2024-03-04T14:26:58.441265008+00:00,2024-03-04T14:26:58.441265008+00:00,NGJ4@2024-03-26,0.13202920406732166,0.14257197286568435
2024-03-04T00:00:00+00:00,2024-03-05T14:52:07.784165851+00:00,2024-03-05T14:52:07.784165851+00:00,NGJ4@2024-03-26,0.015363328801013543,0.08875088280730282
2024-03-05T00:00:00+00:00,2024-03-06T14:27:38.610799179+00:00,2024-03-06T14:27:38.610799179+00:00,NGJ4@2024-03-26,0.07276512951147374,0.061260383637225045
2024-03-06T00:00:00+00:00,2024-03-07T15:23:50.008316382+00:00,2024-03-07T15:23:50.008316382+00:00,NGJ4@2024-03-26,0.08291797212324559,0.10016351768125446
2024-03-07T00:00:00+00:00,2024-03-08T14:27:36.547031153+00:00,2024-03-08T14:27:36.547031153+00:00,NGJ4@2024-03-26,0.18773708940885747,0.12298058343413693
2024-03-08T00:00:00+00:00,2024-03-11T13:28:20.782516231+00:00,2024-03-11T13:28:20.782516231+00:00,NGJ4@2024-03-26,0.10657798973745636,0.15972529148251527
2024-03-11T00:00:00+00:00,2024-03-12T14:18:50.024088798+00:00,2024-03-12T14:18:50.024088798+00:00,NGJ4@2024-03-26,0.07287410475792133,0.09981836747685703
2024-03-12T00:00:00+00:00,2024-03-13T14:01:46.508484381+00:00,2024-03-13T14:01:46.508484381+00:00,NGJ4@2024-03-26,0.1756758139576211,0.13678955207739787
2024-03-13T00:00:00+00:00,2024-03-14T13:49:56.380222189+00:00,2024-03-14T13:49:56.380222189+00:00,NGJ4@2024-03-26,0.13525462437825042,0.10753798197550947
2024-03-14T00:00:00+00:00,2024-03-15T13:29:19.092567380+00:00,2024-03-15T13:29:19.092567380+00:00,NGJ4@2024-03-26,0.12433429459504497,0.10949332513135766
2024-03-15T00:00:00+00:00,2024-03-18T13:37:50.914009285+00:00,2024-03-18T13:37:50.914009285+00:00,NGJ4@2024-03-26,0.11001618989595063,0.08347958057850331
2024-03-18T00:00:00+00:00,2024-03-19T13:29:01.878330044+00:00,2024-03-19T13:29:01.878330044+00:00,NGJ4@2024-03-26,0.07006842737515573,0.07542666463667994
2024-03-19T00:00:00+00:00,2024-03-20T13:32:32.241119140+00:00,2024-03-20T13:32:32.241119140+00:00,NGJ4@2024-03-26,0.07551226950862766,0.1846137283734769
2024-03-20T00:00:00+00:00,2024-03-21T13:59:04.121106295+00:00,2024-03-21T13:59:04.121106295+00:00,NGJ4@2024-03-26,0.12380900245796411,0.06434795650677057
2024-03-21T00:00:00+00:00,2024-03-22T13:28:10.045526719+00:00,2024-03-22T13:28:10.045526719+00:00,NGJ4@2024-03-26,0.0875270306256215,0.0767788608845501
2024-03-22T00:00:00+00:00,2024-03-25T13:27:57.709601778+00:00,2024-03-25T13:27:57.709601778+00:00,NGJ4@2024-03-26,0.05587941703658017,0.050198930927170524
2024-03-25T00:00:00+00:00,2024-03-26T13:28:25.847909723+00:00,2024-03-26T13:28:25.847909723+00:00,NGJ4@2024-03-26,0.11140618777141897,0.08008555549039077
2024-03-26T00:00:00+00:00,2024-03-27T13:27:00.873735348+00:00,2024-03-27T13:27:00.873735348+00:00,NGK4@2024-04-26,0.12786055012359032,0.09191216743199664
2024-03-27T00:00:00+00:00,2024-03-28T13:26:23.466690839+00:00,2024-03-28T13:26:23.466690839+00:00,NGK4@2024-04-26,0.14515744509427875,0.11005916173822869
2024-03-28T00:00:00+00:00,2024-04-01T14:06:00.501808168+00:00,2024-04-01T14:06:00.501808168+00:00,NGK4@2024-04-26,0.11631164539894567,0.10836777621752595
2024-04-01T00:00:00+00:00,2024-04-02T13:29:22.035517659+00:00,2024-04-02T13:29:22.035517659+00:00,NGK4@2024-04-26,0.0023744037280246655,0.12378585852930808
2024-04-02T00:00:00+00:00,2024-04-03T14:31:39.426616725+00:00,2024-04-03T14:31:39.426616725+00:00,NGK4@2024-04-26,0.09661095089611327,0.08034744715600546
2024-04-03T00:00:00+00:00,2024-04-04T13:27:43.708297438+00:00,2024-04-04T13:27:43.708297438+00:00,NGK4@2024-04-26,0.047547245438480656,0.06788233657935996
2024-04-04T00:00:00+00:00,2024-04-05T13:52:27.552467258+00:00,2024-04-05T13:52:27.552467258+00:00,NGK4@2024-04-26,0.11192644421792708,0.10136015514137395
2024-04-05T00:00:00+00:00,2024-04-08T13:27:54.186605264+00:00,2024-04-08T13:27:54.186605264+00:00,NGK4@2024-04-26,0.06271889363350325,0.12664935168098002
2024-04-08T00:00:00+00:00,2024-04-09T13:29:12.149300078+00:00,2024-04-09T13:29:12.149300078+00:00,NGK4@2024-04-26,-0.03391476467941501,0.11152080365479698
2024-04-09T00:00:00+00:00,2024-04-10T13:29:14.143106324+00:00,2024-04-10T13:29:14.143106324+00:00,NGK4@2024-04-26,0.05137585332153982,0.09884518921059907
2024-04-10T00:00:00+00:00,2024-04-11T13:28:52.429383569+00:00,2024-04-11T13:28:52.429383569+00:00,NGK4@2024-04-26,0.06486154460958238,0.07470431730095127
2024-04-11T00:00:00+00:00,2024-04-12T13:28:48.159595037+00:00,2024-04-12T13:28:48.159595037+00:00,NGK4@2024-04-26,0.08705786803038129,0.10770603312070502
2024-04-12T00:00:00+00:00,2024-04-15T13:38:51.971689161+00:00,2024-04-15T13:38:51.971689161+00:00,NGK4@2024-04-26,0.05135358798591283,0.1010851072041382
2024-04-15T00:00:00+00:00,2024-04-16T14:27:14.337965549+00:00,2024-04-16T14:27:14.337965549+00:00,NGK4@2024-04-26,0.05984890142604926,0.07933410055913274
2024-04-16T00:00:00+00:00,2024-04-17T13:28:37.695904623+00:00,2024-04-17T13:28:37.695904623+00:00,NGK4@2024-04-26,0.10215480205703731,0.048712303465526824
2024-04-17T00:00:00+00:00,2024-04-18T13:27:45.228935765+00:00,2024-04-18T13:27:45.228935765+00:00,NGK4@2024-04-26,0.08934358309088708,0.08759216715168938
2024-04-18T00:00:00+00:00,2024-04-19T13:28:19.119837261+00:00,2024-04-19T13:28:19.119837261+00:00,NGK4@2024-04-26,0.09618060448430077,0.10695308872875041
2024-04-19T00:00:00+00:00,2024-04-22T13:29:49.852978353+00:00,2024-04-22T13:29:49.852978353+00:00,NGK4@2024-04-26,0.05916221033443114,0.13903718103062024
2024-04-22T00:00:00+00:00,2024-04-23T13:26:52.755961632+00:00,2024-04-23T13:26:52.755961632+00:00,NGK4@2024-04-26,0.014493260380946671,0.09508892203999576
2024-04-23T00:00:00+00:00,2024-04-24T14:31:05.838076566+00:00,2024-04-24T14:31:05.838076566+00:00,NGK4@2024-04-26,0.008971852326951302,0.03517309997674883
2024-04-24T00:00:00+00:00,2024-04-25T14:08:18.224395037+00:00,2024-04-25T14:08:18.224395037+00:00,NGK4@2024-04-26,0.004934742830801753,0.06775968316672505
2024-04-25T00:00:00+00:00,2024-04-26T13:27:49.580186695+00:00,2024-04-26T13:27:49.580186695+00:00,NGM4@2024-05-29,0.0778092016801426,0.07172375542090581
2024-04-26T00:00:00+00:00,2024-04-29T13:28:05.909359176+00:00,2024-04-29T13:28:05.909359176+00:00,NGM4@2024-05-29,0.08608144025007891,0.10134416321913402
2024-04-29T00:00:00+00:00,2024-04-30T13:32:42.230723407+00:00,2024-04-30T13:32:42.230723407+00:00,NGM4@2024-05-29,-0.034538427677639816,0.1024167598343642
2024-04-30T00:00:00+00:00,2024-05-01T14:50:04.319282266+00:00,2024-05-01T14:50:04.319282266+00:00,NGM4@2024-05-29,0.10670030269320674,0.07741476847434689
2024-05-01T00:00:00+00:00,2024-05-02T13:33:05.133221842+00:00,2024-05-02T13:33:05.133221842+00:00,NGM4@2024-05-29,0.07321133923604406,0.06265217059660007
2024-05-02T00:00:00+00:00,2024-05-03T14:05:42.411697232+00:00,2024-05-03T14:05:42.411697232+00:00,NGM4@2024-05-29,0.05498203142421443,0.06310935095539243
2024-05-03T00:00:00+00:00,2024-05-06T14:12:56.822721671+00:00,2024-05-06T14:12:56.822721671+00:00,NGM4@2024-05-29,-0.0055740711300871215,0.05541003027627635
2024-05-06T00:00:00+00:00,2024-05-07T13:29:10.978802652+00:00,2024-05-07T13:29:10.978802652+00:00,NGM4@2024-05-29,-0.02783189656251106,0.03892968075693604
2024-05-07T00:00:00+00:00,2024-05-08T13:29:16.064702248+00:00,2024-05-08T13:29:16.064702248+00:00,NGM4@2024-05-29,-0.01157469566465763,0.05322740524670879
2024-05-08T00:00:00+00:00,2024-05-09T13:29:26.887695090+00:00,2024-05-09T13:29:26.887695090+00:00,NGM4@2024-05-29,-0.01629095501661415,0.05511983935300607
2024-05-09T00:00:00+00:00,2024-05-10T01:25:56.345187769+00:00,2024-05-10T01:25:56.345187769+00:00,NGM4@2024-05-29,-0.028559218026610544,0.053644902465767495
2024-05-10T00:00:00+00:00,2024-05-13T13:27:17.683748654+00:00,2024-05-13T13:27:17.683748654+00:00,NGM4@2024-05-29,0.05209757125610581,0.07482987314092118
2024-05-13T00:00:00+00:00,2024-05-14T13:48:57.370758730+00:00,2024-05-14T13:48:57.370758730+00:00,NGM4@2024-05-29,-0.01656565476432892,0.047607304785435324
2024-05-14T00:00:00+00:00,2024-05-15T13:27:33.343629287+00:00,2024-05-15T13:27:33.343629287+00:00,NGM4@2024-05-29,-0.026056239222503663,0.08490183247641085
2024-05-15T00:00:00+00:00,2024-05-16T13:28:42.332918031+00:00,2024-05-16T13:28:42.332918031+00:00,NGM4@2024-05-29,-0.049521637278676756,0.06215649330063372
2024-05-16T00:00:00+00:00,2024-05-17T13:27:05.078152115+00:00,2024-05-17T13:27:05.078152115+00:00,NGM4@2024-05-29,-0.024788950391383957,0.055901982386115066
2024-05-17T00:00:00+00:00,2024-05-20T13:27:32.541449351+00:00,2024-05-20T13:27:32.541449351+00:00,NGM4@2024-05-29,-0.05683996100783617,0.052681377749265915
2024-05-20T00:00:00+00:00,2024-05-21T13:45:57.375145924+00:00,2024-05-21T13:45:57.375145924+00:00,NGM4@2024-05-29,-0.04726245801087425,0.0473216246449267
2024-05-21T00:00:00+00:00,2024-05-22T14:05:13.839242065+00:00,2024-05-22T14:05:13.839242065+00:00,NGM4@2024-05-29,-0.032156271660958136,0.05006155451004721
2024-05-22T00:00:00+00:00,2024-05-23T13:50:56.151283962+00:00,2024-05-23T13:50:56.151283962+00:00,NGM4@2024-05-29,-0.03316080548757272,0.04884369904762298
2024-05-23T00:00:00+00:00,2024-05-24T13:26:56.292282320+00:00,2024-05-24T13:26:56.292282320+00:00,NGM4@2024-05-29,0.016559430918429596,0.048416143479538834
2024-05-24T00:00:00+00:00,2024-05-28T13:28:06.839159298+00:00,2024-05-28T13:28:06.839159298+00:00,NGM4@2024-05-29,-0.025434767585537976,0.0526972689535253
2024-05-28T00:00:00+00:00,2024-05-29T14:07:06.570763782+00:00,2024-05-29T14:07:06.570763782+00:00,NGM4@2024-05-29,-0.011847178141276005,0.10450708298456102
2024-05-29T00:00:00+00:00,2024-05-30T13:28:02.975471122+00:00,2024-05-30T13:28:02.975471122+00:00,NGN4@2024-06-26,-0.013031309399055835,0.04375752333503993
2024-05-30T00:00:00+00:00,2024-05-31T13:47:38.216517236+00:00,2024-05-31T13:47:38.216517236+00:00,NGN4@2024-06-26,0.003637596302820345,0.06698948837125664
2024-05-31T00:00:00+00:00,2024-06-03T13:27:21.491039880+00:00,2024-06-03T13:27:21.491039880+00:00,NGN4@2024-06-26,0.023949970805520193,0.06608212931772296
2024-06-03T00:00:00+00:00,2024-06-04T14:02:10.653147812+00:00,2024-06-04T14:02:10.653147812+00:00,NGN4@2024-06-26,-0.05313980415128472,0.06540025637753205
2024-06-04T00:00:00+00:00,2024-06-05T13:29:48.956566264+00:00,2024-06-05T13:29:48.956566264+00:00,NGN4@2024-06-26,0.0015143187780344292,0.053950317005694144
2024-06-05T00:00:00+00:00,2024-06-06T13:26:56.038611794+00:00,2024-06-06T13:26:56.038611794+00:00,NGN4@2024-06-26,-0.04399070906387392,0.03793511253554126
2024-06-06T00:00:00+00:00,2024-06-07T13:28:47.849429154+00:00,2024-06-07T13:28:47.849429154+00:00,NGN4@2024-06-26,-0.060828906627304336,0.04596053483243474
2024-06-07T00:00:00+00:00,2024-06-10T13:26:51.727189220+00:00,2024-06-10T13:26:51.727189220+00:00,NGN4@2024-06-26,-0.0353225484607087,0.04186774745131984
2024-06-10T00:00:00+00:00,2024-06-11T14:08:58.385845469+00:00,2024-06-11T14:08:58.385845469+00:00,NGN4@2024-06-26,-0.022308452760611552,0.03779329997305057
2024-06-11T00:00:00+00:00,2024-06-12T13:31:21.055303862+00:00,2024-06-12T13:31:21.055303862+00:00,NGN4@2024-06-26,-0.061815195348356666,0.031107083068808255
2024-06-12T00:00:00+00:00,2024-06-13T13:49:17.367122885+00:00,2024-06-13T13:49:17.367122885+00:00,NGN4@2024-06-26,-0.037918088934338234,0.056961058941654416
2024-06-13T00:00:00+00:00,2024-06-14T13:28:12.542701999+00:00,2024-06-14T13:28:12.542701999+00:00,NGN4@2024-06-26,-0.013574559831879829,0.04408504467844312
2024-06-14T00:00:00+00:00,2024-06-17T13:28:39.342960315+00:00,2024-06-17T13:28:39.342960315+00:00,NGN4@2024-06-26,-0.0008169796759274206,0.04050629219906411
2024-06-17T00:00:00+00:00,2024-06-18T13:52:21.406414670+00:00,2024-06-18T13:52:21.406414670+00:00,NGN4@2024-06-26,0.005276898756676696,0.032211631856938844
2024-06-18T00:00:00+00:00,2024-06-20T13:50:22.699743981+00:00,2024-06-20T13:50:22.699743981+00:00,NGN4@2024-06-26,-0.010085485265407645,0.08422969048874836
2024-06-20T00:00:00+00:00,2024-06-21T13:50:43.562908058+00:00,2024-06-21T13:50:43.562908058+00:00,NGN4@2024-06-26,0.01627300026907208,0.03905491450863421
2024-06-21T00:00:00+00:00,2024-06-24T13:26:57.919037642+00:00,2024-06-24T13:26:57.919037642+00:00,NGN4@2024-06-26,0.0025805522081123744,0.0886059543936513
2024-06-24T00:00:00+00:00,2024-06-25T13:26:52.057033712+00:00,2024-06-25T13:26:52.057033712+00:00,NGN4@2024-06-26,-0.03315379504057725,0.02703314161486199
2024-06-25T00:00:00+00:00,2024-06-26T14:20:10.255576547+00:00,2024-06-26T14:20:10.255576547+00:00,NGN4@2024-06-26,-0.0035648311014140344,0.05240920699123061
2024-06-26T00:00:00+00:00,2024-06-27T13:27:55.392312161+00:00,2024-06-27T13:27:55.392312161+00:00,NGQ4@2024-07-29,-0.004786295203616953,0.07323961709067636
2024-06-27T00:00:00+00:00,2024-06-28T13:31:20.303624360+00:00,2024-06-28T13:31:20.303624360+00:00,NGQ4@2024-07-29,-0.009825333335695907,0.0720912888205263
2024-06-28T00:00:00+00:00,2024-07-01T13:31:42.565623007+00:00,2024-07-01T13:31:42.565623007+00:00,NGQ4@2024-07-29,0.0160408951327784,0.04864774819109725
2024-07-01T00:00:00+00:00,2024-07-02T13:33:30.488971610+00:00,2024-07-02T13:33:30.488971610+00:00,NGQ4@2024-07-29,0.021009117665916843,0.0703109394420277
2024-07-02T00:00:00+00:00,2024-07-03T13:31:34.977132525+00:00,2024-07-03T13:31:34.977132525+00:00,NGQ4@2024-07-29,0.012715928774628571,0.07764398203287827
2024-07-03T00:00:00+00:00,2024-07-05T13:29:20.478800670+00:00,2024-07-05T13:29:20.478800670+00:00,NGQ4@2024-07-29,0.05547963885538265,0.05436198911714004
2024-07-05T00:00:00+00:00,2024-07-08T13:51:21.861851921+00:00,2024-07-08T13:51:21.861851921+00:00,NGQ4@2024-07-29,0.026465248140654207,0.06496466280564729
2024-07-08T00:00:00+00:00,2024-07-09T13:32:02.881022807+00:00,2024-07-09T13:32:02.881022807+00:00,NGQ4@2024-07-29,0.003424660919792988,0.03861398018855832
2024-07-09T00:00:00+00:00,2024-07-10T13:28:03.030808988+00:00,2024-07-10T13:28:03.030808988+00:00,NGQ4@2024-07-29,0.022787171287471653,0.05192143344391753
2024-07-10T00:00:00+00:00,2024-07-11T13:35:11.590330120+00:00,2024-07-11T13:35:11.590330120+00:00,NGQ4@2024-07-29,0.05956941203498012,0.054817854590682
2024-07-11T00:00:00+00:00,2024-07-12T14:01:04.024994549+00:00,2024-07-12T14:01:04.024994549+00:00,NGQ4@2024-07-29,0.06202755049754494,0.06149178489447163
2024-07-12T00:00:00+00:00,2024-07-15T13:37:09.357927797+00:00,2024-07-15T13:37:09.357927797+00:00,NGQ4@2024-07-29,0.0438326164803049,0.06351273038198665
2024-07-15T00:00:00+00:00,2024-07-16T13:37:04.739269229+00:00,2024-07-16T13:37:04.739269229+00:00,NGQ4@2024-07-29,0.05339847591127045,0.04705578845863254
2024-07-16T00:00:00+00:00,2024-07-17T13:47:57.190956648+00:00,2024-07-17T13:47:57.190956648+00:00,NGQ4@2024-07-29,0.024850282298072734,0.15265990722097575
2024-07-17T00:00:00+00:00,2024-07-18T13:27:51.911382499+00:00,2024-07-18T13:27:51.911382499+00:00,NGQ4@2024-07-29,0.10037617567108903,0.09624853366758766
2024-07-18T00:00:00+00:00,2024-07-19T14:01:13.182797445+00:00,2024-07-19T14:01:13.182797445+00:00,NGQ4@2024-07-29,0.07061692808606757,0.09810243982229769
2024-07-19T00:00:00+00:00,2024-07-22T13:29:34.139124323+00:00,2024-07-22T13:29:34.139124323+00:00,NGQ4@2024-07-29,0.08096794893512604,0.06685957396771275
2024-07-22T00:00:00+00:00,2024-07-23T13:30:54.193164105+00:00,2024-07-23T13:30:54.193164105+00:00,NGQ4@2024-07-29,-0.0039036668660863416,0.04603574447257345
2024-07-23T00:00:00+00:00,2024-07-24T13:29:26.359492844+00:00,2024-07-24T13:29:26.359492844+00:00,NGQ4@2024-07-29,0.04750118868596398,0.059567666020457787
2024-07-24T00:00:00+00:00,2024-07-25T13:49:23.908217319+00:00,2024-07-25T13:49:23.908217319+00:00,NGQ4@2024-07-29,0.05076490488267482,0.05997381264105775
2024-07-25T00:00:00+00:00,2024-07-26T13:28:35.640011448+00:00,2024-07-26T13:28:35.640011448+00:00,NGQ4@2024-07-29,0.04438060667456667,0.05084351795475658
2024-07-26T00:00:00+00:00,2024-07-29T13:36:22.564918206+00:00,2024-07-29T13:36:22.564918206+00:00,NGQ4@2024-07-29,0.04300045560570864,0.04409356724653942
2024-07-29T00:00:00+00:00,2024-07-30T14:13:53.296180387+00:00,2024-07-30T14:13:53.296180387+00:00,NGU4@2024-08-28,0.023765901483026708,0.050573831167856236
2024-07-30T00:00:00+00:00,2024-07-31T14:16:51.323202309+00:00,2024-07-31T14:16:51.323202309+00:00,NGU4@2024-08-28,0.04673796965059873,0.06023657736863489
2024-07-31T00:00:00+00:00,2024-08-01T14:05:06.149846989+00:00,2024-08-01T14:05:06.149846989+00:00,NGU4@2024-08-28,0.036911706616199025,0.10482559708493465
2024-08-01T00:00:00+00:00,2024-08-02T14:15:36.698872489+00:00,2024-08-02T14:15:36.698872489+00:00,NGU4@2024-08-28,0.09277366688300881,0.11215250922189088
2024-08-02T00:00:00+00:00,2024-08-05T14:05:28.458488923+00:00,2024-08-05T14:05:28.458488923+00:00,NGU4@2024-08-28,0.07670276302418655,0.10490321052327556
2024-08-05T00:00:00+00:00,2024-08-06T14:01:24.259250699+00:00,2024-08-06T14:01:24.259250699+00:00,NGU4@2024-08-28,0.02432448271856069,0.05735926514752416
2024-08-06T00:00:00+00:00,2024-08-07T13:35:13.151727906+00:00,2024-08-07T13:35:13.151727906+00:00,NGU4@2024-08-28,0.04938124949061784,0.0659414539837849
2024-08-07T00:00:00+00:00,2024-08-08T13:31:04.622658607+00:00,2024-08-08T13:31:04.622658607+00:00,NGU4@2024-08-28,0.003303518697219676,0.08729636897529222
2024-08-08T00:00:00+00:00,2024-08-09T13:58:38.524656988+00:00,2024-08-09T13:58:38.524656988+00:00,NGU4@2024-08-28,0.023565939986322837,0.05600071530815164
2024-08-09T00:00:00+00:00,2024-08-12T13:29:26.635684802+00:00,2024-08-12T13:29:26.635684802+00:00,NGU4@2024-08-28,0.02358115927481297,0.06888300001152353
2024-08-12T00:00:00+00:00,2024-08-13T13:26:50.574645398+00:00,2024-08-13T13:26:50.574645398+00:00,NGU4@2024-08-28,0.035210603260530826,0.05132836616226747
2024-08-13T00:00:00+00:00,2024-08-14T13:32:49.665549262+00:00,2024-08-14T13:32:49.665549262+00:00,NGU4@2024-08-28,0.031539136072183505,0.05472874244788658
2024-08-14T00:00:00+00:00,2024-08-15T13:29:51.233820767+00:00,2024-08-15T13:29:51.233820767+00:00,NGU4@2024-08-28,-0.007271520746578997,0.05081957348380556
2024-08-15T00:00:00+00:00,2024-08-16T13:33:47.376285045+00:00,2024-08-16T13:33:47.376285045+00:00,NGU4@2024-08-28,0.011707353700537881,0.057389252821242354
2024-08-16T00:00:00+00:00,2024-08-19T13:50:43.399788612+00:00,2024-08-19T13:50:43.399788612+00:00,NGU4@2024-08-28,0.02484086244080541,0.0882295444572739
2024-08-19T00:00:00+00:00,2024-08-20T13:26:58.463006852+00:00,2024-08-20T13:26:58.463006852+00:00,NGU4@2024-08-28,-0.02346940257525887,0.07016684305019191
2024-08-20T00:00:00+00:00,2024-08-21T14:12:38.000490222+00:00,2024-08-21T14:12:38.000490222+00:00,NGU4@2024-08-28,0.019800301833180933,0.07637798432829822
2024-08-21T00:00:00+00:00,2024-08-22T13:29:18.495669100+00:00,2024-08-22T13:29:18.495669100+00:00,NGU4@2024-08-28,0.008359402635671698,0.05741602312909425
2024-08-22T00:00:00+00:00,2024-08-23T13:27:23.368907677+00:00,2024-08-23T13:27:23.368907677+00:00,NGU4@2024-08-28,0.0618734636435887,0.05974218508722243
2024-08-23T00:00:00+00:00,2024-08-26T13:28:16.509759314+00:00,2024-08-26T13:28:16.509759314+00:00,NGU4@2024-08-28,0.046202111091444564,0.07269945327961838
2024-08-26T00:00:00+00:00,2024-08-27T13:28:19.997917796+00:00,2024-08-27T13:28:19.997917796+00:00,NGU4@2024-08-28,0.033994832739468794,0.04500850663914799
2024-08-27T00:00:00+00:00,2024-08-28T13:48:20.132319213+00:00,2024-08-28T13:48:20.132319213+00:00,NGU4@2024-08-28,0.027171982826369234,0.07150871395187298
2024-08-28T00:00:00+00:00,2024-08-29T13:28:59.292246425+00:00,2024-08-29T13:28:59.292246425+00:00,NGV4@2024-09-26,0.03953728483295205,0.07520673393920028
2024-08-29T00:00:00+00:00,2024-08-30T14:00:17.798554567+00:00,2024-08-30T14:00:17.798554567+00:00,NGV4@2024-09-26,0.003221282887714949,0.08490563329832958
2024-08-30T00:00:00+00:00,2024-09-03T13:28:35.590128211+00:00,2024-09-03T13:28:35.590128211+00:00,NGV4@2024-09-26,0.013672362947064087,0.08132684375233219
2024-09-03T00:00:00+00:00,2024-09-04T13:29:10.274451370+00:00,2024-09-04T13:29:10.274451370+00:00,NGV4@2024-09-26,0.0025163897040749728,0.04951494350995606
2024-09-04T00:00:00+00:00,2024-09-05T14:13:36.502507604+00:00,2024-09-05T14:13:36.502507604+00:00,NGV4@2024-09-26,0.026909853985060517,0.09526501395809116
2024-09-05T00:00:00+00:00,2024-09-06T13:28:32.223829989+00:00,2024-09-06T13:28:32.223829989+00:00,NGV4@2024-09-26,0.005362282289029796,0.05656968919298933
2024-09-06T00:00:00+00:00,2024-09-09T13:46:37.761681142+00:00,2024-09-09T13:46:37.761681142+00:00,NGV4@2024-09-26,0.020339234211706136,0.06200560006891186
2024-09-09T00:00:00+00:00,2024-09-10T13:28:21.598922056+00:00,2024-09-10T13:28:21.598922056+00:00,NGV4@2024-09-26,0.039967659764881924,0.06330275703090694
2024-09-10T00:00:00+00:00,2024-09-11T13:27:41.640872278+00:00,2024-09-11T13:27:41.640872278+00:00,NGV4@2024-09-26,-0.006022005144896703,0.044749308800644226
2024-09-11T00:00:00+00:00,2024-09-12T13:27:57.460108691+00:00,2024-09-12T13:27:57.460108691+00:00,NGV4@2024-09-26,-0.014480057466019658,0.06536154290685746
2024-09-12T00:00:00+00:00,2024-09-13T13:29:21.425483915+00:00,2024-09-13T13:29:21.425483915+00:00,NGV4@2024-09-26,-0.011416461586293725,0.04632281487007319
2024-09-13T00:00:00+00:00,2024-09-16T13:57:11.777553666+00:00,2024-09-16T13:57:11.777553666+00:00,NGV4@2024-09-26,0.029360782819513487,0.04527302752813258
2024-09-16T00:00:00+00:00,2024-09-17T13:58:38.565116795+00:00,2024-09-17T13:58:38.565116795+00:00,NGV4@2024-09-26,-0.022544981750693305,0.054587344979158875
2024-09-17T00:00:00+00:00,2024-09-18T13:29:13.505420597+00:00,2024-09-18T13:29:13.505420597+00:00,NGV4@2024-09-26,0.014361125787649254,0.05186748752132007
2024-09-18T00:00:00+00:00,2024-09-19T13:27:56.166427067+00:00,2024-09-19T13:27:56.166427067+00:00,NGV4@2024-09-26,0.0006136479585068244,0.05981517874676249
2024-09-19T00:00:00+00:00,2024-09-20T13:28:51.141790838+00:00,2024-09-20T13:28:51.141790838+00:00,NGV4@2024-09-26,0.0026360536651155453,0.04695928621720228
2024-09-20T00:00:00+00:00,2024-09-23T13:29:52.601132231+00:00,2024-09-23T13:29:52.601132231+00:00,NGV4@2024-09-26,0.03402157171541398,0.08206287890381456
2024-09-23T00:00:00+00:00,2024-09-24T13:35:58.066130655+00:00,2024-09-24T13:35:58.066130655+00:00,NGV4@2024-09-26,-0.021867029496020374,0.041434563241494984
2024-09-24T00:00:00+00:00,2024-09-25T13:28:20.391018011+00:00,2024-09-25T13:28:20.391018011+00:00,NGV4@2024-09-26,-0.00969322337660683,0.04420132600059805
2024-09-25T00:00:00+00:00,2024-09-26T13:28:02.675278988+00:00,2024-09-26T13:28:02.675278988+00:00,NGX4@2024-10-29,-0.016280474386255572,0.05080946095424798
2024-09-26T00:00:00+00:00,2024-09-27T13:27:39.273086750+00:00,2024-09-27T13:27:39.273086750+00:00,NGX4@2024-10-29,0.00862317615085173,0.042016307512919106
2024-09-27T00:00:00+00:00,2024-09-30T13:27:27.603192229+00:00,2024-09-30T13:27:27.603192229+00:00,NGX4@2024-10-29,-0.01560927367871523,0.03788308793655286
2024-09-30T00:00:00+00:00,2024-10-01T13:34:26.319950851+00:00,2024-10-01T13:34:26.319950851+00:00,NGX4@2024-10-29,-0.01795823299284227,0.06831325770576219
2024-10-01T00:00:00+00:00,2024-10-02T13:50:40.000413040+00:00,2024-10-02T13:50:40.000413040+00:00,NGX4@2024-10-29,-0.03678992596980091,0.0602273418703779
2024-10-02T00:00:00+00:00,2024-10-03T13:32:09.462744340+00:00,2024-10-03T13:32:09.462744340+00:00,NGX4@2024-10-29,-0.023500795524249996,0.03784534011929565
2024-10-03T00:00:00+00:00,2024-10-04T13:31:33.168604738+00:00,2024-10-04T13:31:33.168604738+00:00,NGX4@2024-10-29,-0.012508013049962408,0.04293679949969686
2024-10-04T00:00:00+00:00,2024-10-07T13:28:35.558334455+00:00,2024-10-07T13:28:35.558334455+00:00,NGX4@2024-10-29,0.025213449088055784,0.049692546045430684
2024-10-07T00:00:00+00:00,2024-10-08T14:27:46.326217711+00:00,2024-10-08T14:27:46.326217711+00:00,NGX4@2024-10-29,-0.0026525026520645145,0.03402471716513679
2024-10-08T00:00:00+00:00,2024-10-09T14:09:37.727231504+00:00,2024-10-09T14:09:37.727231504+00:00,NGX4@2024-10-29,0.011015347825869659,0.03834414508500165
2024-10-09T00:00:00+00:00,2024-10-10T13:27:06.780657185+00:00,2024-10-10T13:27:06.780657185+00:00,NGX4@2024-10-29,0.026573433542522062,0.04287433083431482
2024-10-10T00:00:00+00:00,2024-10-11T13:33:58.021280303+00:00,2024-10-11T13:33:58.021280303+00:00,NGX4@2024-10-29,0.00908047893119801,0.04181939641840817
2024-10-11T00:00:00+00:00,2024-10-14T13:35:48.980752320+00:00,2024-10-14T13:35:48.980752320+00:00,NGX4@2024-10-29,0.045645462686431326,0.06172591692780795
2024-10-14T00:00:00+00:00,2024-10-15T13:31:23.828247864+00:00,2024-10-15T13:31:23.828247864+00:00,NGX4@2024-10-29,0.051423230022493716,0.04329117457844459
2024-10-15T00:00:00+00:00,2024-10-16T13:28:10.737593394+00:00,2024-10-16T13:28:10.737593394+00:00,NGX4@2024-10-29,0.04412479677062109,0.04587772387813255
2024-10-16T00:00:00+00:00,2024-10-17T13:29:17.703730774+00:00,2024-10-17T13:29:17.703730774+00:00,NGX4@2024-10-29,0.07218270552785766,0.06951221666837994
2024-10-17T00:00:00+00:00,2024-10-18T13:29:08.504448068+00:00,2024-10-18T13:29:08.504448068+00:00,NGX4@2024-10-29,0.051150062531803764,0.07859804925638444
2024-10-18T00:00:00+00:00,2024-10-21T13:35:19.582335249+00:00,2024-10-21T13:35:19.582335249+00:00,NGX4@2024-10-29,0.10232363806830502,0.08247004614935981
2024-10-21T00:00:00+00:00,2024-10-22T13:28:01.175934722+00:00,2024-10-22T13:28:01.175934722+00:00,NGX4@2024-10-29,0.049814909785314,0.05223526948566185
2024-10-30T00:00:00+00:00,2024-10-31T13:29:21.234743406+00:00,2024-10-31T13:29:21.234743406+00:00,NGZ4@2024-11-26,0.04136542936341936,0.06601131067866772
2024-10-31T00:00:00+00:00,2024-11-01T14:25:09.118627446+00:00,2024-11-01T14:25:09.118627446+00:00,NGZ4@2024-11-26,0.07843030790414729,0.059263180878202794
2024-11-01T00:00:00+00:00,2024-11-04T14:50:50.347482532+00:00,2024-11-04T14:50:50.347482532+00:00,NGZ4@2024-11-26,0.08774962088619831,0.06396152155045609
2024-11-04T00:00:00+00:00,2024-11-05T14:59:53.871930497+00:00,2024-11-05T14:59:53.871930497+00:00,NGZ4@2024-11-26,0.024225730758281383,0.05663224506033887
2024-11-05T00:00:00+00:00,2024-11-06T14:28:38.243243141+00:00,2024-11-06T14:28:38.243243141+00:00,NGZ4@2024-11-26,0.070979001838126,0.07374801026637165
2024-11-06T00:00:00+00:00,2024-11-07T14:48:21.491335438+00:00,2024-11-07T14:48:21.491335438+00:00,NGZ4@2024-11-26,0.058069317221991046,0.05684369120779624
2024-11-07T00:00:00+00:00,2024-11-08T14:27:20.233335989+00:00,2024-11-08T14:27:20.233335989+00:00,NGZ4@2024-11-26,0.07588171296894708,0.06351829325433397
2024-11-08T00:00:00+00:00,2024-11-11T14:51:20.615631329+00:00,2024-11-11T14:51:20.615631329+00:00,NGZ4@2024-11-26,0.05282531222975062,0.06254054815639475
2024-11-11T00:00:00+00:00,2024-11-12T14:28:42.600899746+00:00,2024-11-12T14:28:42.600899746+00:00,NGZ4@2024-11-26,-0.02941284023613966,0.03281901242828109
2024-11-12T00:00:00+00:00,2024-11-13T14:30:14.589899503+00:00,2024-11-13T14:30:14.589899503+00:00,NGZ4@2024-11-26,0.005980535210386995,0.040788087022546146
2024-11-13T00:00:00+00:00,2024-11-14T14:38:50.186475951+00:00,2024-11-14T14:38:50.186475951+00:00,NGZ4@2024-11-26,0.002310425153225548,0.039336102337976575
2024-11-14T00:00:00+00:00,2024-11-15T14:47:28.476937841+00:00,2024-11-15T14:47:28.476937841+00:00,NGZ4@2024-11-26,0.08069341136095409,0.05727570441906906
2024-11-15T00:00:00+00:00,2024-11-18T14:29:05.980249495+00:00,2024-11-18T14:29:05.980249495+00:00,NGZ4@2024-11-26,0.017515870270108813,0.08962832582975971
2024-11-18T00:00:00+00:00,2024-11-19T14:29:05.507801298+00:00,2024-11-19T14:29:05.507801298+00:00,NGZ4@2024-11-26,-0.0036539339145779115,0.03173668316617265
2024-11-29T00:00:00+00:00,2024-12-02T14:29:09.924835247+00:00,2024-12-02T14:29:09.924835247+00:00,NGF5@2024-12-27,0.0071088186069225845,0.04089558209489474
2024-12-02T00:00:00+00:00,2024-12-03T14:32:22.252311757+00:00,2024-12-03T14:32:22.252311757+00:00,NGF5@2024-12-27,0.0036396651638479494,0.06464556942607526
2024-12-03T00:00:00+00:00,2024-12-04T14:29:07.328517015+00:00,2024-12-04T14:29:07.328517015+00:00,NGF5@2024-12-27,0.03068453399968485,0.05969613370210392
2024-12-04T00:00:00+00:00,2024-12-05T14:27:13.670901258+00:00,2024-12-05T14:27:13.670901258+00:00,NGF5@2024-12-27,0.009466125349294252,0.07248661622026949
2024-12-05T00:00:00+00:00,2024-12-06T14:48:42.249092266+00:00,2024-12-06T14:48:42.249092266+00:00,NGF5@2024-12-27,0.023926521691886693,0.04673552683090438
2024-12-06T00:00:00+00:00,2024-12-09T14:32:57.522669011+00:00,2024-12-09T14:32:57.522669011+00:00,NGF5@2024-12-27,0.017002466794988624,0.04502480366271462
2024-12-09T00:00:00+00:00,2024-12-10T14:57:30.402695696+00:00,2024-12-10T14:57:30.402695696+00:00,NGF5@2024-12-27,0.01383233889913904,0.03386453588239705
2024-12-10T00:00:00+00:00,2024-12-11T14:27:01.340259235+00:00,2024-12-11T14:27:01.340259235+00:00,NGF5@2024-12-27,0.003978765179261323,0.038331494413702226
2024-12-11T00:00:00+00:00,2024-12-12T14:30:20.576299314+00:00,2024-12-12T14:30:20.576299314+00:00,NGF5@2024-12-27,-0.017025347403888835,0.07111750569758456
2024-12-12T00:00:00+00:00,2024-12-13T14:35:38.256844452+00:00,2024-12-13T14:35:38.256844452+00:00,NGF5@2024-12-27,-0.01860568389184103,0.03816413104499555
2024-12-13T00:00:00+00:00,2024-12-16T14:29:10.586157029+00:00,2024-12-16T14:29:10.586157029+00:00,NGF5@2024-12-27,0.029750708413095017,0.04011378002283477
2024-12-16T00:00:00+00:00,2024-12-17T14:53:10.566528963+00:00,2024-12-17T14:53:10.566528963+00:00,NGF5@2024-12-27,0.01138480860202451,0.03832222810432092
2024-12-17T00:00:00+00:00,2024-12-18T14:50:13.520350246+00:00,2024-12-18T14:50:13.520350246+00:00,NGF5@2024-12-27,-0.01489625153718166,0.032912360297309026
2024-12-18T00:00:00+00:00,2024-12-19T14:31:41.944276137+00:00,2024-12-19T14:31:41.944276137+00:00,NGF5@2024-12-27,-0.03602039112764244,0.0526884022881003
2024-12-19T00:00:00+00:00,2024-12-20T15:15:40.670280736+00:00,2024-12-20T15:15:40.670280736+00:00,NGF5@2024-12-27,-0.023755588968693675,0.03231668037724278
2024-12-20T00:00:00+00:00,2024-12-23T14:49:46.344668547+00:00,2024-12-23T14:49:46.344668547+00:00,NGF5@2024-12-27,-0.03590369459850751,0.029754816738565178
2024-12-23T00:00:00+00:00,2024-12-24T14:28:29.515972432+00:00,2024-12-24T14:28:29.515972432+00:00,NGF5@2024-12-27,-0.017068099158734307,0.04856317150516224
2024-12-24T00:00:00+00:00,2024-12-26T14:27:03.572086954+00:00,2024-12-26T14:27:03.572086954+00:00,NGF5@2024-12-27,-0.03409916568714544,0.03385416972718723
2024-12-26T00:00:00+00:00,2024-12-27T14:27:06.555161398+00:00,2024-12-27T14:27:06.555161398+00:00,NGF5@2024-12-27,-0.013115113862945837,0.026442011724416393
2024-12-27T00:00:00+00:00,2024-12-30T14:28:04.967564094+00:00,2024-12-30T14:28:04.967564094+00:00,NGG5@2025-01-29,-0.016348008186586438,0.03320087086070667
2024-12-30T00:00:00+00:00,2024-12-31T14:27:30.710004942+00:00,2024-12-31T14:27:30.710004942+00:00,NGG5@2025-01-29,0.03007859961931092,0.06840241355797425
2024-12-31T00:00:00+00:00,2025-01-02T14:35:36.677984505+00:00,2025-01-02T14:35:36.677984505+00:00,NGG5@2025-01-29,-0.0019271303529159178,0.03676883058051843
2025-01-02T00:00:00+00:00,2025-01-03T14:27:46.984209868+00:00,2025-01-03T14:27:46.984209868+00:00,NGG5@2025-01-29,-0.024510938067768828,0.02795668209300322
2025-01-03T00:00:00+00:00,2025-01-06T14:29:51.179847098+00:00,2025-01-06T14:29:51.179847098+00:00,NGG5@2025-01-29,0.003906732500307486,0.050252520273530284
2025-01-06T00:00:00+00:00,2025-01-07T14:27:30.978983488+00:00,2025-01-07T14:27:30.978983488+00:00,NGG5@2025-01-29,-0.02144262571704314,0.028505392495741595
2025-01-07T00:00:00+00:00,2025-01-08T14:32:31.019377743+00:00,2025-01-08T14:32:31.019377743+00:00,NGG5@2025-01-29,0.012376540262081681,0.02897060059820498
2025-01-08T00:00:00+00:00,2025-01-09T14:27:43.958805785+00:00,2025-01-09T14:27:43.958805785+00:00,NGG5@2025-01-29,-0.05550116485529255,0.027790170813878724
2025-01-09T00:00:00+00:00,2025-01-10T14:29:03.392068364+00:00,2025-01-10T14:29:03.392068364+00:00,NGG5@2025-01-29,-0.023478657895633526,0.025909767564396224
2025-01-10T00:00:00+00:00,2025-01-13T14:28:39.937979094+00:00,2025-01-13T14:28:39.937979094+00:00,NGG5@2025-01-29,-0.05154142688788588,0.04235915399861378
2025-03-17T00:00:00+00:00,2025-03-18T13:28:01.497785572+00:00,2025-03-18T13:28:01.497785572+00:00,NGQ27@2027-07-28,0.0034933992864663033,-0.006620448966739272
2025-03-21T00:00:00+00:00,2025-03-24T13:27:59.580485273+00:00,2025-03-24T13:27:59.580485273+00:00,NGU27@2027-08-27,0.0001402604451530287,-0.009407821988177148
2025-03-24T00:00:00+00:00,2025-03-25T13:39:25.342473427+00:00,2025-03-25T13:39:25.342473427+00:00,NGV27@2027-09-28,-0.0023659988188408088,-0.002463551022249596
2025-03-25T00:00:00+00:00,2025-03-26T13:37:56.379177700+00:00,2025-03-26T13:37:56.379177700+00:00,NGV27@2027-09-28,0.0010514940534318562,-0.0020270426443321785
2025-03-26T00:00:00+00:00,2025-03-27T13:51:01.827393275+00:00,2025-03-27T13:51:01.827393275+00:00,NGV27@2027-09-28,-0.0029448185117062486,-0.004338868950517125
2025-03-27T00:00:00+00:00,2025-03-28T13:27:35.672210063+00:00,2025-03-28T13:27:35.672210063+00:00,NGV27@2027-09-28,0.0051465782592272635,-0.0030790149433713655
2025-03-28T00:00:00+00:00,2025-03-31T16:06:23.138166584+00:00,2025-03-31T16:06:23.138166584+00:00,NGV27@2027-09-28,0.0046499727599897955,-0.004567570733038204
2025-03-31T00:00:00+00:00,2025-04-01T14:22:07.006513006+00:00,2025-04-01T14:22:07.006513006+00:00,NGV27@2027-09-28,-0.00011646815413413059,-0.00543866949461237
2025-04-01T00:00:00+00:00,2025-04-02T13:30:11.118137550+00:00,2025-04-02T13:30:11.118137550+00:00,NGV27@2027-09-28,0.0003284532196667911,-0.005575037326942496
2025-04-02T00:00:00+00:00,2025-04-03T13:30:21.383073387+00:00,2025-04-03T13:30:21.383073387+00:00,NGV27@2027-09-28,-0.0037473894300915633,-0.003861400472137319
2025-04-04T00:00:00+00:00,2025-04-07T14:12:30.619608850+00:00,2025-04-07T14:12:30.619608850+00:00,NGV27@2027-09-28,-0.000918406706589936,-0.0005772480597862831
2025-04-09T00:00:00+00:00,2025-04-10T14:16:26.103031671+00:00,2025-04-10T14:16:26.103031671+00:00,NGV27@2027-09-28,0.012349798438254345,0.001774209268977133
2025-04-14T00:00:00+00:00,2025-04-15T13:30:40.603568812+00:00,2025-04-15T13:30:40.603568812+00:00,NGV27@2027-09-28,0.003836411294793729,-0.002389143331921704
2025-04-15T00:00:00+00:00,2025-04-16T14:02:37.084467635+00:00,2025-04-16T14:02:37.084467635+00:00,NGV27@2027-09-28,-0.0010769005021609157,-0.0019399528829460472
2025-04-16T00:00:00+00:00,2025-04-17T13:28:32.765322428+00:00,2025-04-17T13:28:32.765322428+00:00,NGV27@2027-09-28,-0.01001670980440339,-0.0007712614250340869
2025-04-17T00:00:00+00:00,2025-04-21T13:30:17.570674985+00:00,2025-04-21T13:30:17.570674985+00:00,NGV27@2027-09-28,-0.0015336956528979595,-0.002123909464962323
2025-04-21T00:00:00+00:00,2025-04-22T13:28:09.370196704+00:00,2025-04-22T13:28:09.370196704+00:00,NGV27@2027-09-28,-0.00041690553561390953,0.002656447824869522
2025-04-22T00:00:00+00:00,2025-04-23T13:34:38.405624943+00:00,2025-04-23T13:34:38.405624943+00:00,NGV27@2027-09-28,-0.010916968076927214,-0.002329784203629467
2025-04-23T00:00:00+00:00,2025-04-24T13:28:20.664584958+00:00,2025-04-24T13:28:20.664584958+00:00,NGV27@2027-09-28,0.006112991127826373,0.003707134108642846
2025-04-24T00:00:00+00:00,2025-04-25T13:31:33.293150356+00:00,2025-04-25T13:31:33.293150356+00:00,NGV27@2027-09-28,0.0021413610281189044,-0.0007463283226138255
2025-04-25T00:00:00+00:00,2025-04-28T13:30:46.552084819+00:00,2025-04-28T13:30:46.552084819+00:00,NGV27@2027-09-28,0.005965061046536491,-0.0010959279024015888
2025-04-28T00:00:00+00:00,2025-04-29T13:27:10.429655054+00:00,2025-04-29T13:27:10.429655054+00:00,NGV27@2027-09-28,0.0002698971314010201,0.0014156510492307102
2025-04-29T00:00:00+00:00,2025-04-30T14:01:39.598343166+00:00,2025-04-30T14:01:39.598343166+00:00,NGV27@2027-09-28,-8.002125927553116e-05,0.005277392322632868
2025-04-30T00:00:00+00:00,2025-05-01T13:56:11.150408836+00:00,2025-05-01T13:56:11.150408836+00:00,NGV27@2027-09-28,0.0007290544970210977,0.0011627700759891857
2025-05-01T00:00:00+00:00,2025-05-02T13:27:32.966102234+00:00,2025-05-02T13:27:32.966102234+00:00,NGV27@2027-09-28,0.009241635937819348,0.004504415117514884
2025-05-02T00:00:00+00:00,2025-05-05T14:11:21.722861787+00:00,2025-05-05T14:11:21.722861787+00:00,NGV27@2027-09-28,-0.004442613203446855,0.0035320584622569456
2025-05-05T00:00:00+00:00,2025-05-06T14:07:03.737280254+00:00,2025-05-06T14:07:03.737280254+00:00,NGV27@2027-09-28,0.0008949413795706906,0.004971880924289301
2025-05-06T00:00:00+00:00,2025-05-07T13:51:33.324314676+00:00,2025-05-07T13:51:33.324314676+00:00,NGV27@2027-09-28,-0.0014560750666881006,0.0014565615045944317
2025-05-07T00:00:00+00:00,2025-05-08T13:24:46.715568943+00:00,2025-05-08T13:24:46.715568943+00:00,NGV27@2027-09-28,-0.005353183603846623,0.0012433007279989432
2025-05-08T00:00:00+00:00,2025-05-09T13:56:34.899893744+00:00,2025-05-09T13:56:34.899893744+00:00,NGV27@2027-09-28,-0.007084443789037831,0.003728592867804372
2025-05-09T00:00:00+00:00,2025-05-12T13:25:16.346247388+00:00,2025-05-12T13:25:16.346247388+00:00,NGV27@2027-09-28,-0.006170069228064401,0.0017071048819632588
2025-05-12T00:00:00+00:00,2025-05-13T13:26:59.114353769+00:00,2025-05-13T13:26:59.114353769+00:00,NGV27@2027-09-28,-0.0036314022781744892,0.013566485880285218
2025-05-13T00:00:00+00:00,2025-05-14T13:40:36.070852419+00:00,2025-05-14T13:40:36.070852419+00:00,NGV27@2027-09-28,0.003520016679027016,0.017682135089418675
2025-05-14T00:00:00+00:00,2025-05-15T13:43:06.530210884+00:00,2025-05-15T13:43:06.530210884+00:00,NGV27@2027-09-28,0.0064323170313203,0.006919450872378768
2025-05-15T00:00:00+00:00,2025-05-16T13:25:24.115761690+00:00,2025-05-16T13:25:24.115761690+00:00,NGV27@2027-09-28,-0.0027019150960753135,0.008264970394372009
2025-05-16T00:00:00+00:00,2025-05-19T14:34:58.023703150+00:00,2025-05-19T14:34:58.023703150+00:00,NGV27@2027-09-28,-0.004938306599637898,0.001124408371878615
2025-05-19T00:00:00+00:00,2025-05-20T13:24:41.811396577+00:00,2025-05-20T13:24:41.811396577+00:00,NGV27@2027-09-28,-0.010071971488183062,0.0007995303907640633
2025-05-20T00:00:00+00:00,2025-05-21T13:40:09.802565899+00:00,2025-05-21T13:40:09.802565899+00:00,NGV27@2027-09-28,-0.0015453762478297994,0.012865962174834399
2025-05-21T00:00:00+00:00,2025-05-22T14:08:38.469328413+00:00,2025-05-22T14:08:38.469328413+00:00,NGV27@2027-09-28,-0.009174986889487813,-0.00031759864405581827
2025-05-22T00:00:00+00:00,2025-05-23T14:01:53.695895758+00:00,2025-05-23T14:01:53.695895758+00:00,NGV27@2027-09-28,0.0027048256297983464,0.00017798674234578547
2025-05-23T00:00:00+00:00,2025-05-27T13:42:52.086416670+00:00,2025-05-27T13:42:52.086416670+00:00,NGV27@2027-09-28,0.003818519425131006,0.0018781215247849219
2025-05-27T00:00:00+00:00,2025-05-28T13:41:34.748556101+00:00,2025-05-28T13:41:34.748556101+00:00,NGV27@2027-09-28,0.0025882845447828817,0.0032149780512478582
2025-05-28T00:00:00+00:00,2025-05-29T13:43:32.884944617+00:00,2025-05-29T13:43:32.884944617+00:00,NGV27@2027-09-28,-0.002173422019061455,0.0025039881616089475
2025-05-29T00:00:00+00:00,2025-05-30T13:41:03.696400708+00:00,2025-05-30T13:41:03.696400708+00:00,NGV27@2027-09-28,0.00629929029605103,0.003340249953374357
2025-05-30T00:00:00+00:00,2025-06-02T14:16:50.715064469+00:00,2025-06-02T14:16:50.715064469+00:00,NGV27@2027-09-28,-0.0002885793906087786,0.000594134334511046
2025-06-02T00:00:00+00:00,2025-06-03T16:43:03.488459553+00:00,2025-06-03T16:43:03.488459553+00:00,NGX27@2027-10-27,0.005546247965088513,0.006798083819095575
2025-06-03T00:00:00+00:00,2025-06-04T14:16:20.261180537+00:00,2025-06-04T14:16:20.261180537+00:00,NGX27@2027-10-27,-0.0003092929152472834,-7.751130071015644e-05
2025-06-05T00:00:00+00:00,2025-06-06T19:04:20.873143588+00:00,2025-06-06T19:04:20.873143588+00:00,NGX27@2027-10-27,0.0010292649298764278,0.0032988256647623008
2025-06-06T00:00:00+00:00,2025-06-09T14:16:21.526255738+00:00,2025-06-09T14:16:21.526255738+00:00,NGX27@2027-10-27,-0.005166642389948239,0.002062874896825834
2025-06-09T00:00:00+00:00,2025-06-10T14:16:47.518695230+00:00,2025-06-10T14:16:47.518695230+00:00,NGX27@2027-10-27,-5.0933974265032766e-05,0.002293742993382262
2025-06-10T00:00:00+00:00,2025-06-11T14:16:28.423909120+00:00,2025-06-11T14:16:28.423909120+00:00,NGX27@2027-10-27,0.0018365337378483115,0.005142969908009322
2025-06-11T00:00:00+00:00,2025-06-12T14:16:18.362441040+00:00,2025-06-12T14:16:18.362441040+00:00,NGZ27@2027-11-26,-0.003259241918475264,0.0032423846718949074
2025-06-12T00:00:00+00:00,2025-06-13T14:16:38.133059883+00:00,2025-06-13T14:16:38.133059883+00:00,NGZ27@2027-11-26,0.0017043585764242586,0.012374619733450515
2025-06-13T00:00:00+00:00,2025-06-16T14:16:04.186754195+00:00,2025-06-16T14:16:04.186754195+00:00,NGZ27@2027-11-26,-0.004319824253155247,0.00273264784958075
2025-06-16T00:00:00+00:00,2025-06-17T14:16:02.883825610+00:00,2025-06-17T14:16:02.883825610+00:00,NGZ27@2027-11-26,0.000998130902758243,0.005598476924301397
2025-06-18T00:00:00+00:00,2025-06-19T14:16:08.896098929+00:00,2025-06-19T14:16:08.896098929+00:00,NGZ27@2027-11-26,-0.0044150542026887285,0.003586073809138092
2025-06-23T00:00:00+00:00,2025-06-24T14:16:06.526539543+00:00,2025-06-24T14:16:06.526539543+00:00,NGZ27@2027-11-26,0.0007144941639025681,0.0033633668399219974
2025-06-24T00:00:00+00:00,2025-06-25T14:16:17.366884977+00:00,2025-06-25T14:16:17.366884977+00:00,NGZ27@2027-11-26,0.0013257079119097792,0.0020949795056138644
2025-06-25T00:00:00+00:00,2025-06-26T14:16:20.247783348+00:00,2025-06-26T14:16:20.247783348+00:00,NGZ27@2027-11-26,0.00025295380235701437,0.004972316775398091
2025-06-26T00:00:00+00:00,2025-06-27T14:16:38.157386027+00:00,2025-06-27T14:16:38.157386027+00:00,NGZ27@2027-11-26,0.0027940995004607228,0.001220780051451693
2025-06-27T00:00:00+00:00,2025-06-30T14:16:25.088064671+00:00,2025-06-30T14:16:25.088064671+00:00,NGZ27@2027-11-26,0.0038046089228673807,0.001968246422419743
2025-06-30T00:00:00+00:00,2025-07-01T14:16:15.011837662+00:00,2025-07-01T14:16:15.011837662+00:00,NGZ27@2027-11-26,1.5257068017859865e-06,0.0036837902452024414
2025-07-01T00:00:00+00:00,2025-07-02T14:16:01.981297724+00:00,2025-07-02T14:16:01.981297724+00:00,NGZ27@2027-11-26,-0.0006471291566505499,0.0056521183619668664
2025-07-03T00:00:00+00:00,2025-07-06T13:04:53.772780353+00:00,2025-07-06T13:04:53.772780353+00:00,NGZ27@2027-11-26,0.0006792505742616584,0.0021210589607824066
2025-07-07T00:00:00+00:00,2025-07-08T14:15:56.127247550+00:00,2025-07-08T14:15:56.127247550+00:00,NGZ27@2027-11-26,-0.0034405524702060264,0.002028731146405781
2025-07-08T00:00:00+00:00,2025-07-09T14:16:22.384865220+00:00,2025-07-09T14:16:22.384865220+00:00,NGZ27@2027-11-26,-0.00022786275948283308,0.004460810546327845
2025-07-09T00:00:00+00:00,2025-07-10T14:16:42.204410569+00:00,2025-07-10T14:16:42.204410569+00:00,NGZ27@2027-11-26,5.359100780899517e-05,0.0032963727017958386
2025-07-10T00:00:00+00:00,2025-07-11T14:16:09.617302842+00:00,2025-07-11T14:16:09.617302842+00:00,NGZ27@2027-11-26,0.0027934332484917945,0.0032159403079437244
2025-07-11T00:00:00+00:00,2025-07-14T14:16:01.121245408+00:00,2025-07-14T14:16:01.121245408+00:00,NGZ27@2027-11-26,-0.0031667986053431907,0.007151923702404745
2025-07-14T00:00:00+00:00,2025-07-15T14:16:00.737343021+00:00,2025-07-15T14:16:00.737343021+00:00,NGZ27@2027-11-26,0.003619057911979473,0.005730158240722441
2025-07-15T00:00:00+00:00,2025-07-16T14:16:08.831407179+00:00,2025-07-16T14:16:08.831407179+00:00,NGZ27@2027-11-26,0.005573028119138179,0.0026839089926011844
2025-07-16T00:00:00+00:00,2025-07-17T14:16:12.362487646+00:00,2025-07-17T14:16:12.362487646+00:00,NGZ27@2027-11-26,0.005802568172717404,0.00253349417314827
2025-07-17T00:00:00+00:00,2025-07-18T14:16:23.922374652+00:00,2025-07-18T14:16:23.922374652+00:00,NGZ27@2027-11-26,0.0007291676668377267,0.0054202035523809484
2025-07-18T00:00:00+00:00,2025-07-21T14:15:56.791608520+00:00,2025-07-21T14:15:56.791608520+00:00,NGZ27@2027-11-26,0.002372970190326562,0.00210260660073402
2025-07-21T00:00:00+00:00,2025-07-22T14:24:33.394129762+00:00,2025-07-22T14:24:33.394129762+00:00,NGZ27@2027-11-26,-0.0009850523779826315,0.00255556400298227
2025-07-22T00:00:00+00:00,2025-07-23T14:15:58.317392344+00:00,2025-07-23T14:15:58.317392344+00:00,NGZ27@2027-11-26,0.0048879971161730484,0.006372441244388812
2025-07-23T00:00:00+00:00,2025-07-24T14:16:10.410731779+00:00,2025-07-24T14:16:10.410731779+00:00,NGZ27@2027-11-26,0.0012721251762632946,0.008192244797838963
2025-07-24T00:00:00+00:00,2025-07-25T14:16:19.263343964+00:00,2025-07-25T14:16:19.263343964+00:00,NGZ27@2027-11-26,0.0072610207966394835,0.006040930747985839
2025-07-25T00:00:00+00:00,2025-07-28T19:52:43.554731584+00:00,2025-07-28T19:52:43.554731584+00:00,NGZ27@2027-11-26,0.007185520182364513,0.003949061182853679
2025-07-28T00:00:00+00:00,2025-07-29T15:14:15.914312773+00:00,2025-07-29T15:14:15.914312773+00:00,NGZ27@2027-11-26,0.008716877022523883,0.004814489241499593
2025-07-29T00:00:00+00:00,2025-07-30T15:14:29.399443507+00:00,2025-07-30T15:14:29.399443507+00:00,NGZ27@2027-11-26,0.0033027819655901958,0.0031472976988090526
2025-07-30T00:00:00+00:00,2025-07-31T13:29:59.501074624+00:00,2025-07-31T13:29:59.501074624+00:00,NGZ27@2027-11-26,0.006716665497172203,0.0018980497675958404
2025-07-31T00:00:00+00:00,2025-08-01T13:31:58.989319126+00:00,2025-08-01T13:31:58.989319126+00:00,NGZ27@2027-11-26,0.007200635326011229,0.011488626791524004
2025-08-04T00:00:00+00:00,2025-08-05T13:29:52.527712158+00:00,2025-08-05T13:29:52.527712158+00:00,NGZ27@2027-11-26,-0.001786109407157177,0.002867076651521941
2025-08-05T00:00:00+00:00,2025-08-06T13:30:10.300695471+00:00,2025-08-06T13:30:10.300695471+00:00,NGG28@2028-01-27,-0.002673122581694165,-0.002442349922260192
2025-08-06T00:00:00+00:00,2025-08-07T13:35:34.553436967+00:00,2025-08-07T13:35:34.553436967+00:00,NGG28@2028-01-27,0.006769452776227647,-0.0022860935756138395
2025-08-07T00:00:00+00:00,2025-08-08T13:55:42.236683837+00:00,2025-08-08T13:55:42.236683837+00:00,NGG28@2028-01-27,0.000823685417990383,-0.0015815701562455133
2025-08-08T00:00:00+00:00,2025-08-11T13:30:03.367486521+00:00,2025-08-11T13:30:03.367486521+00:00,NGG28@2028-01-27,0.004738118607184649,-0.0023247603047100796
2025-08-12T00:00:00+00:00,2025-08-13T13:31:48.831154279+00:00,2025-08-13T13:31:48.831154279+00:00,NGH28@2028-02-25,0.0044359391735444564,-0.002803276943904097
2025-08-14T00:00:00+00:00,2025-08-15T14:04:03.973026071+00:00,2025-08-15T14:04:03.973026071+00:00,NGH28@2028-02-25,0.005065683099026552,-0.0021164730211394728
2025-08-15T00:00:00+00:00,2025-08-18T13:31:12.342079358+00:00,2025-08-18T13:31:12.342079358+00:00,NGJ28@2028-03-29,0.0010216151862432188,-0.004002268980987605
2025-08-19T00:00:00+00:00,2025-08-20T13:41:10.788355003+00:00,2025-08-20T13:41:10.788355003+00:00,NGJ28@2028-03-29,0.0032483875843054566,-0.0025501632104454686
2025-08-21T00:00:00+00:00,2025-08-22T13:32:28.950064097+00:00,2025-08-22T13:32:28.950064097+00:00,NGJ28@2028-03-29,0.004375886479649038,-0.005058775618900217
2025-08-22T00:00:00+00:00,2025-08-25T14:19:19.604513999+00:00,2025-08-25T14:19:19.604513999+00:00,NGJ28@2028-03-29,0.0023210548702343736,-0.004128337268771372
2025-08-26T00:00:00+00:00,2025-08-27T13:53:00.750956982+00:00,2025-08-27T13:53:00.750956982+00:00,NGJ28@2028-03-29,0.0004884885198759292,-0.0025640186081584706
2025-08-28T00:00:00+00:00,2025-08-29T13:31:57.868711204+00:00,2025-08-29T13:31:57.868711204+00:00,NGJ28@2028-03-29,0.003191511855166196,-0.005071198110615378
2025-09-02T00:00:00+00:00,2025-09-03T13:32:03.969800936+00:00,2025-09-03T13:32:03.969800936+00:00,NGJ28@2028-03-29,0.0015473881087164632,-0.004448085070745041
2025-09-03T00:00:00+00:00,2025-09-04T13:33:20.433074055+00:00,2025-09-04T13:33:20.433074055+00:00,NGJ28@2028-03-29,0.0006891336327334852,-0.0009731355700351456
2025-09-05T00:00:00+00:00,2025-09-08T13:37:19.122697768+00:00,2025-09-08T13:37:19.122697768+00:00,NGJ28@2028-03-29,0.009515109721334625,-0.0009739384110808223
2025-09-10T00:00:00+00:00,2025-09-11T13:32:51.775554059+00:00,2025-09-11T13:32:51.775554059+00:00,NGJ28@2028-03-29,-0.001982423417490331,-0.0025643901913941
2025-09-15T00:00:00+00:00,2025-09-16T14:07:53.709589626+00:00,2025-09-16T14:07:53.709589626+00:00,NGJ28@2028-03-29,0.004987684915068069,-0.004617733386354685
2025-09-18T00:00:00+00:00,2025-09-19T14:26:13.718773943+00:00,2025-09-19T14:26:13.718773943+00:00,NGJ28@2028-03-29,-0.002045998206505417,-0.0037870407104492188
2025-09-22T00:00:00+00:00,2025-09-23T13:35:21.848398673+00:00,2025-09-23T13:35:21.848398673+00:00,NGJ28@2028-03-29,0.008305179460707413,-0.003918823228197168
2025-09-23T00:00:00+00:00,2025-09-24T13:32:40.650442835+00:00,2025-09-24T13:32:40.650442835+00:00,NGJ28@2028-03-29,-0.0015446285909358481,-0.0029012801551993248
2025-09-24T00:00:00+00:00,2025-09-25T14:00:30.160488786+00:00,2025-09-25T14:00:30.160488786+00:00,NGJ28@2028-03-29,0.004739201794311754,-0.0017520120351053967
2025-09-25T00:00:00+00:00,2025-09-26T13:33:41.109237318+00:00,2025-09-26T13:33:41.109237318+00:00,NGJ28@2028-03-29,-0.0007754602553554646,-0.0019794085183192714
2025-09-26T00:00:00+00:00,2025-09-29T13:30:10.420366482+00:00,2025-09-29T13:30:10.420366482+00:00,NGJ28@2028-03-29,-0.005787423316468643,-0.003126979236544809
2025-09-29T00:00:00+00:00,2025-09-30T13:49:49.534638896+00:00,2025-09-30T13:49:49.534638896+00:00,NGJ28@2028-03-29,-0.00505291484183501,-0.0025906178678331195
2025-09-30T00:00:00+00:00,2025-10-01T13:33:48.971525384+00:00,2025-10-01T13:33:48.971525384+00:00,NGJ28@2028-03-29,0.00237879558338161,-0.0019158610056820868
2025-10-01T00:00:00+00:00,2025-10-02T13:39:52.619165368+00:00,2025-10-02T13:39:52.619165368+00:00,NGJ28@2028-03-29,0.0008724470783891825,-0.002183268841047932
2025-10-02T00:00:00+00:00,2025-10-03T13:39:31.235682464+00:00,2025-10-03T13:39:31.235682464+00:00,NGJ28@2028-03-29,0.002241406384838829,-0.0037103577852607454
2025-10-03T00:00:00+00:00,2025-10-06T13:34:51.400010982+00:00,2025-10-06T13:34:51.400010982+00:00,NGJ28@2028-03-29,0.0037131003918353667,-0.0025064942338014025
2025-10-06T00:00:00+00:00,2025-10-07T13:32:27.062801510+00:00,2025-10-07T13:32:27.062801510+00:00,NGJ28@2028-03-29,0.001093464975173708,-0.002058867651682634
2025-10-07T00:00:00+00:00,2025-10-08T14:02:19.917386141+00:00,2025-10-08T14:02:19.917386141+00:00,NGJ28@2028-03-29,0.0026904769203670575,-0.002134208828524917
2025-10-08T00:00:00+00:00,2025-10-09T13:50:29.068841161+00:00,2025-10-09T13:50:29.068841161+00:00,NGJ28@2028-03-29,0.0018317313597939755,-0.0022662958983279543
2025-10-09T00:00:00+00:00,2025-10-10T14:39:09.841279630+00:00,2025-10-10T14:39:09.841279630+00:00,NGJ28@2028-03-29,0.007679643401180547,-0.0011049839387457054
2025-10-10T00:00:00+00:00,2025-10-14T13:58:15.698090443+00:00,2025-10-14T13:58:15.698090443+00:00,NGJ28@2028-03-29,0.003075936683138547,-0.0024740319502981082
2025-10-14T00:00:00+00:00,2025-10-15T13:35:48.856201028+00:00,2025-10-15T13:35:48.856201028+00:00,NGJ28@2028-03-29,-0.0012364676504423855,-0.0029355106931744203
2025-10-15T00:00:00+00:00,2025-10-16T15:29:24.544720449+00:00,2025-10-16T15:29:24.544720449+00:00,NGJ28@2028-03-29,-0.0016734448069866126,-0.0031063175954164413
2025-10-16T00:00:00+00:00,2025-10-17T15:23:42.846024133+00:00,2025-10-17T15:23:42.846024133+00:00,NGJ28@2028-03-29,0.00194475808185679,6.484521135284359e-05
2025-10-20T00:00:00+00:00,2025-10-21T14:54:03.521344978+00:00,2025-10-21T14:54:03.521344978+00:00,NGJ28@2028-03-29,-0.0027663574679045455,-0.003202648364220989
2025-10-22T00:00:00+00:00,2025-10-23T13:49:49.146678079+00:00,2025-10-23T13:49:49.146678079+00:00,NGJ28@2028-03-29,-0.0003289294843913382,-0.002228913186978893
2025-10-23T00:00:00+00:00,2025-10-24T14:46:07.164788175+00:00,2025-10-24T14:46:07.164788175+00:00,NGJ28@2028-03-29,0.001911832321171536,-0.0002642659622595515
2025-10-27T00:00:00+00:00,2025-10-28T15:59:57.064163937+00:00,2025-10-28T15:59:57.064163937+00:00,NGJ28@2028-03-29,-0.00012821813154717532,-0.003072255337400134
2025-10-29T00:00:00+00:00,2025-10-30T14:38:26.214813329+00:00,2025-10-30T14:38:26.214813329+00:00,NGJ28@2028-03-29,-0.0010827043244751033,-0.0029380527011165425
2025-10-30T00:00:00+00:00,2025-10-31T14:27:56.472079936+00:00,2025-10-31T14:27:56.472079936+00:00,NGJ28@2028-03-29,-0.005026699074140217,-0.004611372912076113
2025-10-31T00:00:00+00:00,2025-11-03T16:25:38.392387655+00:00,2025-11-03T16:25:38.392387655+00:00,NGJ28@2028-03-29,-0.005629954904291301,-0.0037705718253115634
2025-11-04T00:00:00+00:00,2025-11-05T15:08:54.538919242+00:00,2025-11-05T15:08:54.538919242+00:00,NGJ28@2028-03-29,0.0005704488524300722,-0.002108716155560679
2025-11-10T00:00:00+00:00,2025-11-11T14:46:03.585399594+00:00,2025-11-11T14:46:03.585399594+00:00,NGJ28@2028-03-29,0.0037332088511974337,-0.0009409894101420798
2025-11-12T00:00:00+00:00,2025-11-13T15:27:25.487829745+00:00,2025-11-13T15:27:25.487829745+00:00,NGJ28@2028-03-29,0.0005736852193378716,-0.0032528026683910473
2025-11-13T00:00:00+00:00,2025-11-14T15:11:07.854566103+00:00,2025-11-14T15:11:07.854566103+00:00,NGJ28@2028-03-29,0.005969090121133114,-0.002318194934300014
2025-11-17T00:00:00+00:00,2025-11-18T14:52:32.289578160+00:00,2025-11-18T14:52:32.289578160+00:00,NGJ28@2028-03-29,0.0003218502873167939,-0.002193920367657427
2025-11-19T00:00:00+00:00,2025-11-20T14:45:25.793624487+00:00,2025-11-20T14:45:25.793624487+00:00,NGJ28@2028-03-29,0.004265133668826637,-0.0015507598592599376
2025-11-20T00:00:00+00:00,2025-11-21T15:16:48.873453225+00:00,2025-11-21T15:16:48.873453225+00:00,NGJ28@2028-03-29,0.004732064207514597,-0.0017859144859612526
2025-11-21T00:00:00+00:00,2025-11-24T16:56:36.202280190+00:00,2025-11-24T16:56:36.202280190+00:00,NGJ28@2028-03-29,0.002510448482213823,-0.003946713571838324
2025-11-24T00:00:00+00:00,2025-11-25T16:58:45.897668848+00:00,2025-11-25T16:58:45.897668848+00:00,NGJ28@2028-03-29,-0.002319229684957347,-0.002203729706318711
2025-11-25T00:00:00+00:00,2025-11-26T15:51:27.014815817+00:00,2025-11-26T15:51:27.014815817+00:00,NGJ28@2028-03-29,0.006074504154484517,-0.0038759010594065597
2025-11-26T00:00:00+00:00,2025-11-28T16:31:09.918055452+00:00,2025-11-28T16:31:09.918055452+00:00,NGJ28@2028-03-29,0.002271368774894311,-0.0011091082205783947
2025-11-28T00:00:00+00:00,2025-12-01T14:54:00.160321862+00:00,2025-12-01T14:54:00.160321862+00:00,NGJ28@2028-03-29,0.0008041042289768097,-0.0008439570169105265
2025-12-01T00:00:00+00:00,2025-12-02T15:51:40.195333894+00:00,2025-12-02T15:51:40.195333894+00:00,NGJ28@2028-03-29,-0.0018026656415088826,-0.001631443759044969
2025-12-02T00:00:00+00:00,2025-12-03T14:40:25.133840925+00:00,2025-12-03T14:40:25.133840925+00:00,NGJ28@2028-03-29,-0.0004303232060458573,-0.0005186864616647588
2025-12-03T00:00:00+00:00,2025-12-04T15:01:51.751659698+00:00,2025-12-04T15:01:51.751659698+00:00,NGJ28@2028-03-29,0.0008351680375298098,-0.0029607121677917296
2025-12-04T00:00:00+00:00,2025-12-05T14:44:20.183845169+00:00,2025-12-05T14:44:20.183845169+00:00,NGJ28@2028-03-29,0.0011371063149494542,-0.0034727624073120707
2025-12-05T00:00:00+00:00,2025-12-08T14:37:54.249592451+00:00,2025-12-08T14:37:54.249592451+00:00,NGJ28@2028-03-29,0.0031722182051656667,-0.0027540263974007322
2025-12-08T00:00:00+00:00,2025-12-09T14:50:47.649007613+00:00,2025-12-09T14:50:47.649007613+00:00,NGJ28@2028-03-29,0.0013935782692648946,-0.004374113949862393
2025-12-09T00:00:00+00:00,2025-12-10T15:05:28.713129858+00:00,2025-12-10T15:05:28.713129858+00:00,NGJ28@2028-03-29,0.003423278317129741,-0.00031360087950536814
2025-12-10T00:00:00+00:00,2025-12-11T15:32:03.212346751+00:00,2025-12-11T15:32:03.212346751+00:00,NGJ28@2028-03-29,-0.0009548373197808546,-0.0026078791536059192
2025-12-11T00:00:00+00:00,2025-12-12T14:38:32.764076268+00:00,2025-12-12T14:38:32.764076268+00:00,NGJ28@2028-03-29,-0.0004293356544248228,-0.0005298109010481872
2025-12-12T00:00:00+00:00,2025-12-15T14:38:00.053331223+00:00,2025-12-15T14:38:00.053331223+00:00,NGJ28@2028-03-29,-0.001841589530802712,-0.0010408229709412
2025-12-15T00:00:00+00:00,2025-12-16T14:38:14.080372278+00:00,2025-12-16T14:38:14.080372278+00:00,NGJ28@2028-03-29,-0.004615681862927823,-0.000710640703928385
2025-12-16T00:00:00+00:00,2025-12-17T14:40:39.596844232+00:00,2025-12-17T14:40:39.596844232+00:00,NGJ28@2028-03-29,-0.0015235645377376095,0.0007444453016619816
2025-12-17T00:00:00+00:00,2025-12-18T15:24:40.010261004+00:00,2025-12-18T15:24:40.010261004+00:00,NGJ28@2028-03-29,-0.004640829802664892,-0.0012584963390226526
2025-12-18T00:00:00+00:00,2025-12-19T14:41:19.359637543+00:00,2025-12-19T14:41:19.359637543+00:00,NGJ28@2028-03-29,-0.00030401101104882144,-0.000705748936819319
2025-12-19T00:00:00+00:00,2025-12-22T14:48:11.273502527+00:00,2025-12-22T14:48:11.273502527+00:00,NGJ28@2028-03-29,-0.003044239380074809,0.0003650503338507886
2025-12-22T00:00:00+00:00,2025-12-23T15:21:53.186143636+00:00,2025-12-23T15:21:53.186143636+00:00,NGJ28@2028-03-29,-0.0007683976721141184,0.0006232910731872347
2025-12-24T00:00:00+00:00,2025-12-26T15:21:55.041791740+00:00,2025-12-26T15:21:55.041791740+00:00,NGJ28@2028-03-29,-0.005053580961400184,0.0033800040536340814
2025-12-31T00:00:00+00:00,2026-01-02T16:33:36.824228022+00:00,2026-01-02T16:33:36.824228022+00:00,NGJ28@2028-03-29,-0.0043451046121530945,-0.00027997366686973455
2026-01-02T00:00:00+00:00,2026-01-05T15:22:51.414484906+00:00,2026-01-05T15:22:51.414484906+00:00,NGJ28@2028-03-29,-0.0006774241530049796,0.00019876975712813732
2026-01-05T00:00:00+00:00,2026-01-06T15:33:30.070847221+00:00,2026-01-06T15:33:30.070847221+00:00,NGJ28@2028-03-29,-0.003647554560038513,-0.00043396694050978413
2026-01-06T00:00:00+00:00,2026-01-07T15:10:17.027572883+00:00,2026-01-07T15:10:17.027572883+00:00,NGJ28@2028-03-29,-0.002863859472447161,-0.0003114640429176454
2026-01-07T00:00:00+00:00,2026-01-08T15:10:07.711100130+00:00,2026-01-08T15:10:07.711100130+00:00,NGJ28@2028-03-29,-0.00410771369934082,0.0022106532809100573
2026-01-08T00:00:00+00:00,2026-01-09T15:20:43.072301461+00:00,2026-01-09T15:20:43.072301461+00:00,NGJ28@2028-03-29,-0.001345303680158949,-0.0003181683477209005
2026-01-09T00:00:00+00:00,2026-01-12T15:13:05.285867781+00:00,2026-01-12T15:13:05.285867781+00:00,NGJ28@2028-03-29,0.004142021709189425,0.0052643130399491365
2026-01-12T00:00:00+00:00,2026-01-13T15:14:37.195295983+00:00,2026-01-13T15:14:37.195295983+00:00,NGJ28@2028-03-29,0.0038256835937500178,0.00225250244140625
2026-01-13T00:00:00+00:00,2026-01-14T15:15:27.040589738+00:00,2026-01-14T15:15:27.040589738+00:00,NGJ28@2028-03-29,0.0008529892989566079,-0.0010219459631005112
2026-01-14T00:00:00+00:00,2026-01-15T15:08:18.766670309+00:00,2026-01-15T15:08:18.766670309+00:00,NGJ28@2028-03-29,-0.006561584275895593,0.0065997060385924785
2026-01-15T00:00:00+00:00,2026-01-16T14:38:28.872256512+00:00,2026-01-16T14:38:28.872256512+00:00,NGJ28@2028-03-29,-0.009228373922390953,0.0010738306133414512
2026-01-16T00:00:00+00:00,2026-01-20T14:57:29.467842132+00:00,2026-01-20T14:57:29.467842132+00:00,NGJ28@2028-03-29,-0.0015382530125043203,-0.00025654263775463926
2026-01-20T00:00:00+00:00,2026-01-21T15:04:28.004808601+00:00,2026-01-21T15:04:28.004808601+00:00,NGJ28@2028-03-29,0.006836296803725661,-0.0020861811877712164
2026-01-21T00:00:00+00:00,2026-01-22T14:40:17.163915435+00:00,2026-01-22T14:40:17.163915435+00:00,NGJ28@2028-03-29,-0.004985836106417896,0.0053047203980444374
2026-01-22T00:00:00+00:00,2026-01-23T16:31:31.057443334+00:00,2026-01-23T16:31:31.057443334+00:00,NGJ28@2028-03-29,-0.0027682534579572815,0.0009505352630136902
2026-01-23T00:00:00+00:00,2026-01-26T14:40:49.898221275+00:00,2026-01-26T14:40:49.898221275+00:00,NGJ28@2028-03-29,-0.009707138973212182,0.0007852818231162785
2026-01-26T00:00:00+00:00,2026-01-27T14:40:08.892484582+00:00,2026-01-27T14:40:08.892484582+00:00,NGJ28@2028-03-29,-0.0048392357364778205,0.003346166303080897
2026-01-28T00:00:00+00:00,2026-01-29T15:23:37.050772375+00:00,2026-01-29T15:23:37.050772375+00:00,NGJ28@2028-03-29,-0.005351364229023159,0.0013842545881234541
2026-01-30T00:00:00+00:00,2026-02-02T15:41:42.241419519+00:00,2026-02-02T15:41:42.241419519+00:00,NGJ28@2028-03-29,0.004771367816271521,0.006569739746170499
2026-02-03T00:00:00+00:00,2026-02-04T14:40:02.282103957+00:00,2026-02-04T14:40:02.282103957+00:00,NGJ28@2028-03-29,-0.007353585941325624,0.0019822213685584977
2026-02-05T00:00:00+00:00,2026-02-06T15:10:24.884216565+00:00,2026-02-06T15:10:24.884216565+00:00,NGJ28@2028-03-29,0.008337013533361581,0.00206066141379346
2026-02-06T00:00:00+00:00,2026-02-09T15:58:18.260531616+00:00,2026-02-09T15:58:18.260531616+00:00,NGJ28@2028-03-29,0.010703963618124757,0.0032547981508316533
2026-02-09T00:00:00+00:00,2026-02-10T15:06:32.365660253+00:00,2026-02-10T15:06:32.365660253+00:00,NGJ28@2028-03-29,-0.0029731364112191017,-0.0005436096927360707
2026-02-10T00:00:00+00:00,2026-02-11T14:56:07.789452450+00:00,2026-02-11T14:56:07.789452450+00:00,NGJ28@2028-03-29,-0.0036645604530050058,0.00019615067785157505
2026-02-11T00:00:00+00:00,2026-02-12T14:55:00.435074384+00:00,2026-02-12T14:55:00.435074384+00:00,NGJ28@2028-03-29,0.00021509780097250797,0.0011006120553950674
2026-02-12T00:00:00+00:00,2026-02-13T14:45:05.504617877+00:00,2026-02-13T14:45:05.504617877+00:00,NGJ28@2028-03-29,0.0015431862605108648,0.0005788183351030174
2026-02-13T00:00:00+00:00,2026-02-17T14:50:16.566730187+00:00,2026-02-17T14:50:16.566730187+00:00,NGJ28@2028-03-29,0.007282337706948416,0.0023251004509865832
2026-02-17T00:00:00+00:00,2026-02-18T14:49:44.956426123+00:00,2026-02-18T14:49:44.956426123+00:00,NGJ28@2028-03-29,0.0011937762868894364,0.0029188682613069655
2026-02-18T00:00:00+00:00,2026-02-19T14:56:04.262402939+00:00,2026-02-19T14:56:04.262402939+00:00,NGJ28@2028-03-29,-0.004927772664992891,0.004720441279445222
2026-02-19T00:00:00+00:00,2026-02-20T15:04:55.599413456+00:00,2026-02-20T15:04:55.599413456+00:00,NGJ28@2028-03-29,0.0033659588656691497,0.0039620467506339425
2026-02-20T00:00:00+00:00,2026-02-23T14:58:08.400546455+00:00,2026-02-23T14:58:08.400546455+00:00,NGJ28@2028-03-29,0.01008376891206697,0.0024598511085632915
2026-02-23T00:00:00+00:00,2026-02-24T15:58:39.321118192+00:00,2026-02-24T15:58:39.321118192+00:00,NGJ28@2028-03-29,0.004978773589279228,0.0020553777506063273
2026-02-24T00:00:00+00:00,2026-02-25T15:32:01.718400588+00:00,2026-02-25T15:32:01.718400588+00:00,NGJ28@2028-03-29,-0.002382916269578317,0.0009044573621351237
2026-02-25T00:00:00+00:00,2026-02-26T15:05:29.946650583+00:00,2026-02-26T15:05:29.946650583+00:00,NGJ28@2028-03-29,-0.003629724197412254,0.0008412300298213193
2026-02-26T00:00:00+00:00,2026-02-27T14:38:47.537739783+00:00,2026-02-27T14:38:47.537739783+00:00,NGJ28@2028-03-29,-0.00375627854577798,0.01217587159411742
2026-02-27T00:00:00+00:00,2026-03-02T15:11:34.151429336+00:00,2026-03-02T15:11:34.151429336+00:00,NGJ28@2028-03-29,0.008112639818796286,0.006957133560131789
2026-03-02T00:00:00+00:00,2026-03-03T17:27:20.142665311+00:00,2026-03-03T17:27:20.142665311+00:00,NGJ28@2028-03-29,-0.00011992006687477907,-5.305781177713855e-05
2026-03-03T00:00:00+00:00,2026-03-04T15:12:09.498818079+00:00,2026-03-04T15:12:09.498818079+00:00,NGJ28@2028-03-29,0.0020539236298342534,0.006859796196461489
2026-03-04T00:00:00+00:00,2026-03-05T14:39:46.441425223+00:00,2026-03-05T14:39:46.441425223+00:00,NGJ28@2028-03-29,-0.0008619523817493535,0.003002382093860257
2026-03-05T00:00:00+00:00,2026-03-06T14:39:55.748742727+00:00,2026-03-06T14:39:55.748742727+00:00,NGJ28@2028-03-29,0.006886732559081343,0.01120060538324181
2026-03-06T00:00:00+00:00,2026-03-09T14:26:38.940771211+00:00,2026-03-09T14:26:38.940771211+00:00,NGJ28@2028-03-29,-0.0002957444265603293,0.004117308390936277
2026-03-09T00:00:00+00:00,2026-03-10T15:36:46.780597149+00:00,2026-03-10T15:36:46.780597149+00:00,NGJ28@2028-03-29,0.005796847804900196,0.023748643936649445
2026-03-10T00:00:00+00:00,2026-03-11T13:38:54.974057623+00:00,2026-03-11T13:38:54.974057623+00:00,NGJ28@2028-03-29,-0.005025585251317355,0.0006225839357184207
2026-03-12T00:00:00+00:00,2026-03-13T15:26:10.292265221+00:00,2026-03-13T15:26:10.292265221+00:00,NGJ28@2028-03-29,-0.0004247455505662634,0.0061118051385955574
2026-03-16T00:00:00+00:00,2026-03-17T15:21:57.580535495+00:00,2026-03-17T15:21:57.580535495+00:00,NGJ28@2028-03-29,1.8409478022007875e-06,0.01735955295909978
2026-03-17T00:00:00+00:00,2026-03-18T14:22:00.453426221+00:00,2026-03-18T14:22:00.453426221+00:00,NGJ28@2028-03-29,0.003004421437452276,0.00962335143597598
2026-03-18T00:00:00+00:00,2026-03-19T13:38:42.382661576+00:00,2026-03-19T13:38:42.382661576+00:00,NGJ28@2028-03-29,-0.0052300307964043835,0.01276291707995548
2026-03-19T00:00:00+00:00,2026-03-20T15:13:30.001914397+00:00,2026-03-20T15:13:30.001914397+00:00,NGJ28@2028-03-29,0.009540131201741131,0.011120266184238945
2026-03-20T00:00:00+00:00,2026-03-23T13:43:40.701432131+00:00,2026-03-23T13:43:40.701432131+00:00,NGJ28@2028-03-29,-0.0029457020871167527,0.026877324406330744
2026-03-23T00:00:00+00:00,2026-03-24T13:54:25.350088875+00:00,2026-03-24T13:54:25.350088875+00:00,NGJ28@2028-03-29,-0.00016288828582577963,0.0052962030004593975
2026-03-24T00:00:00+00:00,2026-03-25T13:58:09.830787459+00:00,2026-03-25T13:58:09.830787459+00:00,NGJ28@2028-03-29,0.0026739624491616265,0.008967569192350098
2026-03-26T00:00:00+00:00,2026-03-27T14:30:21.641631598+00:00,2026-03-27T14:30:21.641631598+00:00,NGJ28@2028-03-29,0.0008271772028274338,0.0034455998501816128
2026-03-30T00:00:00+00:00,2026-03-31T14:03:49.822070367+00:00,2026-03-31T14:03:49.822070367+00:00,NGJ28@2028-03-29,0.006714059400928063,0.0074211386747138446
2026-03-31T00:00:00+00:00,2026-04-01T14:11:05.303492634+00:00,2026-04-01T14:11:05.303492634+00:00,NGJ28@2028-03-29,0.007696409951702954,0.002643599550539481
2026-04-02T00:00:00+00:00,2026-04-05T13:37:08.043302107+00:00,2026-04-05T13:37:08.043302107+00:00,NGJ28@2028-03-29,0.005028097501103668,-0.00024898287062056704
2026-04-06T00:00:00+00:00,2026-04-07T14:18:37.435834902+00:00,2026-04-07T14:18:37.435834902+00:00,NGJ28@2028-03-29,0.0038813397719759113,0.008405411732716429
2026-04-07T00:00:00+00:00,2026-04-08T13:40:43.714994286+00:00,2026-04-08T13:40:43.714994286+00:00,NGJ28@2028-03-29,0.0004578300820687886,0.0027373264844025693
2026-04-08T00:00:00+00:00,2026-04-09T14:17:22.869854524+00:00,2026-04-09T14:17:22.869854524+00:00,NGJ28@2028-03-29,0.0005327722565262594,0.007049095577393357
2026-04-09T00:00:00+00:00,2026-04-10T13:37:09.966693646+00:00,2026-04-10T13:37:09.966693646+00:00,NGJ28@2028-03-29,0.005001230065694973,0.005186310718931169
2026-04-10T00:00:00+00:00,2026-04-13T14:11:04.576672388+00:00,2026-04-13T14:11:04.576672388+00:00,NGJ28@2028-03-29,0.0004913619274578007,0.007499348033558239
2026-04-13T00:00:00+00:00,2026-04-14T13:42:22.253715116+00:00,2026-04-14T13:42:22.253715116+00:00,NGJ28@2028-03-29,0.003854969187554902,0.02838206792652721
2026-04-14T00:00:00+00:00,2026-04-15T14:11:50.339313755+00:00,2026-04-15T14:11:50.339313755+00:00,NGJ28@2028-03-29,-0.0008688156774737665,0.013037453726766656
2026-04-15T00:00:00+00:00,2026-04-16T15:07:20.151617214+00:00,2026-04-16T15:07:20.151617214+00:00,NGJ28@2028-03-29,-0.009754405942675515,0.016982314173017574
2026-04-16T00:00:00+00:00,2026-04-17T13:34:47.578280741+00:00,2026-04-17T13:34:47.578280741+00:00,NGJ28@2028-03-29,0.0015255089309031966,0.011301908714548267
2026-04-17T00:00:00+00:00,2026-04-20T15:11:55.033061638+00:00,2026-04-20T15:11:55.033061638+00:00,NGJ28@2028-03-29,0.0011129909091525114,0.008611667035806058
2026-04-20T00:00:00+00:00,2026-04-21T15:48:57.636136937+00:00,2026-04-21T15:48:57.636136937+00:00,NGJ28@2028-03-29,0.006889328247954296,0.007984845404060421
2026-04-21T00:00:00+00:00,2026-04-22T14:28:08.403945326+00:00,2026-04-22T14:28:08.403945326+00:00,NGJ28@2028-03-29,0.005611189263795335,0.008329912753624344
2026-04-22T00:00:00+00:00,2026-04-23T13:54:50.702863836+00:00,2026-04-23T13:54:50.702863836+00:00,NGJ28@2028-03-29,0.013533749918299476,0.01330788679948942
2026-04-23T00:00:00+00:00,2026-04-24T14:17:21.260941705+00:00,2026-04-24T14:17:21.260941705+00:00,NGJ28@2028-03-29,0.00256268138277993,0.017010575399455947
2026-04-24T00:00:00+00:00,2026-04-27T13:29:25.966621865+00:00,2026-04-27T13:29:25.966621865+00:00,NGJ28@2028-03-29,-0.0010832983349996494,0.007674202086433532
2026-04-27T00:00:00+00:00,2026-04-28T13:29:53.158753905+00:00,2026-04-28T13:29:53.158753905+00:00,NGJ28@2028-03-29,0.0013030588965738943,0.021760853799324735
2026-04-28T00:00:00+00:00,2026-04-29T13:30:29.755760827+00:00,2026-04-29T13:30:29.755760827+00:00,NGJ28@2028-03-29,0.00033270411384278553,0.010201162418509088
2026-04-29T00:00:00+00:00,2026-04-30T13:44:34.141094782+00:00,2026-04-30T13:44:34.141094782+00:00,NGJ28@2028-03-29,0.00044248984063077756,0.006088473443353214
2026-04-30T00:00:00+00:00,2026-05-01T14:43:53.946419492+00:00,2026-05-01T14:43:53.946419492+00:00,NGJ28@2028-03-29,-0.005622776579886968,0.008458598114052154
2026-05-01T00:00:00+00:00,2026-05-04T14:04:26.896324302+00:00,2026-05-04T14:04:26.896324302+00:00,NGJ28@2028-03-29,-0.002699745223936456,0.010649288012679914
2026-05-04T00:00:00+00:00,2026-05-05T14:04:07.935695969+00:00,2026-05-05T14:04:07.935695969+00:00,NGJ28@2028-03-29,-0.0018887382229718641,0.01230084312754862
2026-05-05T00:00:00+00:00,2026-05-06T14:05:11.711221547+00:00,2026-05-06T14:05:11.711221547+00:00,NGJ28@2028-03-29,-0.002331954941586889,0.012171479453027776
2026-05-06T00:00:00+00:00,2026-05-07T14:05:49.272798715+00:00,2026-05-07T14:05:49.272798715+00:00,NGJ28@2028-03-29,0.002727038398080861,0.01736129729115233
2026-05-07T00:00:00+00:00,2026-05-08T14:06:01.864666583+00:00,2026-05-08T14:06:01.864666583+00:00,NGJ28@2028-03-29,-0.0013848834635157292,0.00558949824081776
2026-05-08T00:00:00+00:00,2026-05-11T14:04:23.182875609+00:00,2026-05-11T14:04:23.182875609+00:00,NGJ28@2028-03-29,0.003281124054439477,0.01407645997546968
2026-05-11T00:00:00+00:00,2026-05-12T14:42:42.827956561+00:00,2026-05-12T14:42:42.827956561+00:00,NGJ28@2028-03-29,0.0016337743972691943,0.00533372974335431
2026-05-12T00:00:00+00:00,2026-05-13T14:04:48.808678409+00:00,2026-05-13T14:04:48.808678409+00:00,NGJ28@2028-03-29,0.003273537085711098,0.003163483009181296
2026-05-13T00:00:00+00:00,2026-05-14T14:05:20.374170500+00:00,2026-05-14T14:05:20.374170500+00:00,NGJ28@2028-03-29,0.0034271648951937905,0.011743169970217003
2026-05-14T00:00:00+00:00,2026-05-15T14:18:16.483505935+00:00,2026-05-15T14:18:16.483505935+00:00,NGJ28@2028-03-29,0.0008399143791499863,0.019116951579354575
2026-05-15T00:00:00+00:00,2026-05-18T14:04:41.622305523+00:00,2026-05-18T14:04:41.622305523+00:00,NGJ28@2028-03-29,-0.001480478448710687,0.009526771284328214
2026-05-18T00:00:00+00:00,2026-05-19T14:04:47.943342335+00:00,2026-05-19T14:04:47.943342335+00:00,NGJ28@2028-03-29,0.002759411199895201,0.012404785083796112
2026-05-19T00:00:00+00:00,2026-05-20T14:05:48.116896545+00:00,2026-05-20T14:05:48.116896545+00:00,NGJ28@2028-03-29,-0.0030792232728221736,0.008594618536609267
2026-05-20T00:00:00+00:00,2026-05-21T14:06:40.561152689+00:00,2026-05-21T14:06:40.561152689+00:00,NGJ28@2028-03-29,0.0006685718559304998,0.005340923127099254
2026-05-21T00:00:00+00:00,2026-05-22T14:36:09.422754878+00:00,2026-05-22T14:36:09.422754878+00:00,NGJ28@2028-03-29,3.283864867476005e-05,0.002708821601698563
2026-05-22T00:00:00+00:00,2026-05-26T15:41:29.222853158+00:00,2026-05-26T15:41:29.222853158+00:00,NGJ28@2028-03-29,0.001994951513027976,0.0035600659201021683
2026-05-26T00:00:00+00:00,2026-05-27T14:08:38.439874956+00:00,2026-05-27T14:08:38.439874956+00:00,NGJ28@2028-03-29,0.0013803577758360053,0.030689782020420112
2026-05-27T00:00:00+00:00,2026-05-28T14:04:19.443636652+00:00,2026-05-28T14:04:19.443636652+00:00,NGJ28@2028-03-29,0.003751560319339653,0.01912262835446419
2026-05-28T00:00:00+00:00,2026-05-29T14:05:29.121927339+00:00,2026-05-29T14:05:29.121927339+00:00,NGJ28@2028-03-29,0.0017270777461360076,0.010986183902040998
2026-05-29T00:00:00+00:00,2026-06-01T14:04:01.737841879+00:00,2026-06-01T14:04:01.737841879+00:00,NGJ28@2028-03-29,0.0024137134793438264,0.004487475262412542
2026-06-01T00:00:00+00:00,2026-06-02T14:19:06.771570351+00:00,2026-06-02T14:19:06.771570351+00:00,NGJ28@2028-03-29,0.001139957298259553,0.009920720189284317
2026-06-02T00:00:00+00:00,2026-06-03T14:10:15.148056458+00:00,2026-06-03T14:10:15.148056458+00:00,NGJ28@2028-03-29,0.0009631444194386773,0.019763902106448693
2026-06-03T00:00:00+00:00,2026-06-04T14:17:40.187084302+00:00,2026-06-04T14:17:40.187084302+00:00,NGJ28@2028-03-29,-0.0001984150805817153,0.005644242217921912
2026-06-04T00:00:00+00:00,2026-06-05T14:39:55.019537627+00:00,2026-06-05T14:39:55.019537627+00:00,NGJ28@2028-03-29,-0.0014853383630039074,0.003856109552404278
2026-06-05T00:00:00+00:00,2026-06-08T14:11:49.583174966+00:00,2026-06-08T14:11:49.583174966+00:00,NGJ28@2028-03-29,0.00014722082515716828,0.010003885478573662
2026-06-08T00:00:00+00:00,2026-06-09T14:58:48.221857393+00:00,2026-06-09T14:58:48.221857393+00:00,NGJ28@2028-03-29,-0.00290581199700779,0.009830839887768486
2026-06-09T00:00:00+00:00,2026-06-10T14:41:34.809700117+00:00,2026-06-10T14:41:34.809700117+00:00,NGJ28@2028-03-29,-0.0007477991254896121,0.008761134919438187
2026-06-10T00:00:00+00:00,2026-06-11T14:06:33.289976705+00:00,2026-06-11T14:06:33.289976705+00:00,NGJ28@2028-03-29,-0.00036263368689704034,0.018362492070597293
2026-06-11T00:00:00+00:00,2026-06-12T14:19:11.140229348+00:00,2026-06-12T14:19:11.140229348+00:00,NGJ28@2028-03-29,-0.002346539430089001,0.007449290938570268
2026-06-12T00:00:00+00:00,2026-06-15T14:04:33.225897222+00:00,2026-06-15T14:04:33.225897222+00:00,NGJ28@2028-03-29,-0.00047553794106502956,0.016939281969703034
2026-06-15T00:00:00+00:00,2026-06-16T14:06:20.577611791+00:00,2026-06-16T14:06:20.577611791+00:00,NGJ28@2028-03-29,-0.0003538987229071422,0.01498322311271689
2026-06-16T00:00:00+00:00,2026-06-17T14:06:27.701989371+00:00,2026-06-17T14:06:27.701989371+00:00,NGJ28@2028-03-29,0.0022757272833797693,0.016043092134077997
2026-06-17T00:00:00+00:00,2026-06-18T14:06:45.288890798+00:00,2026-06-18T14:06:45.288890798+00:00,NGJ28@2028-03-29,0.001849387025803173,0.011499842531787324
2026-06-18T00:00:00+00:00,2026-06-22T17:36:37.897033134+00:00,2026-06-22T17:36:37.897033134+00:00,NGJ28@2028-03-29,-0.0007757201908140665,0.020367780069666587
2026-06-22T00:00:00+00:00,2026-06-23T14:05:12.035910431+00:00,2026-06-23T14:05:12.035910431+00:00,NGJ28@2028-03-29,0.0040943948149643195,0.0067788770393556845
2026-06-23T00:00:00+00:00,2026-06-24T14:06:16.419742697+00:00,2026-06-24T14:06:16.419742697+00:00,NGJ28@2028-03-29,0.0036952751077423684,0.005715318170618845
2026-06-24T00:00:00+00:00,2026-06-25T14:06:45.883018604+00:00,2026-06-25T14:06:45.883018604+00:00,NGJ28@2028-03-29,0.0005240568429183412,0.010998441144753407
2026-06-25T00:00:00+00:00,2026-06-26T14:07:25.149387435+00:00,2026-06-26T14:07:25.149387435+00:00,NGJ28@2028-03-29,0.002881199262718459,0.005556245174076508
2026-06-26T00:00:00+00:00,2026-06-29T14:13:14.075407244+00:00,2026-06-29T14:13:14.075407244+00:00,NGJ28@2028-03-29,0.0007787460462438389,0.009965715414364931
2026-06-29T00:00:00+00:00,2026-06-30T14:17:03.569572236+00:00,2026-06-30T14:17:03.569572236+00:00,NGJ28@2028-03-29,0.0031485223891474234,0.015721824636289485
2026-06-30T00:00:00+00:00,2026-07-01T14:04:16.038944158+00:00,2026-07-01T14:04:16.038944158+00:00,NGJ28@2028-03-29,0.0002813178416540829,0.006484408838294549
2026-07-01T00:00:00+00:00,2026-07-02T14:15:26.205031512+00:00,2026-07-02T14:15:26.205031512+00:00,NGJ28@2028-03-29,0.0021542401001604095,0.017735557164399094
2026-07-02T00:00:00+00:00,2026-07-06T14:04:50.148376115+00:00,2026-07-06T14:04:50.148376115+00:00,NGJ28@2028-03-29,0.005419745264096276,0.0024159647001424913
2026-07-06T00:00:00+00:00,2026-07-07T14:04:25.246741961+00:00,2026-07-07T14:04:25.246741961+00:00,NGJ28@2028-03-29,0.002511350367676135,0.003368172117801357
2026-07-07T00:00:00+00:00,2026-07-08T14:04:26.056431734+00:00,2026-07-08T14:04:26.056431734+00:00,NGJ28@2028-03-29,-0.005536726032581818,0.005492595566812503
2026-07-08T00:00:00+00:00,2026-07-09T14:03:59.005697464+00:00,2026-07-09T14:03:59.005697464+00:00,NGJ28@2028-03-29,0.0003221682466256759,0.010481733864488694
2026-07-09T00:00:00+00:00,2026-07-10T14:04:20.241450860+00:00,2026-07-10T14:04:20.241450860+00:00,NGJ28@2028-03-29,-0.0052712797311825765,0.014212836075935523
2026-07-10T00:00:00+00:00,2026-07-13T14:04:36.146537007+00:00,2026-07-13T14:04:36.146537007+00:00,NGJ28@2028-03-29,0.0007983808529792302,0.009678699374969995
2026-07-13T00:00:00+00:00,2026-07-14T14:03:44.278190249+00:00,2026-07-14T14:03:44.278190249+00:00,NGJ28@2028-03-29,0.0019955595052187913,0.01305691883439322
2026-07-14T00:00:00+00:00,2026-07-15T14:06:11.654407404+00:00,2026-07-15T14:06:11.654407404+00:00,NGJ28@2028-03-29,0.007464961519705771,0.030099941968379656
2026-07-15T00:00:00+00:00,2026-07-16T14:03:50.754630279+00:00,2026-07-16T14:03:50.754630279+00:00,NGJ28@2028-03-29,0.0001486681847902016,0.024820863241083915
2026-07-16T00:00:00+00:00,2026-07-17T14:04:58.694378087+00:00,2026-07-17T14:04:58.694378087+00:00,NGJ28@2028-03-29,-0.0015442867074892952,0.006908725462600158
2026-07-17T00:00:00+00:00,2026-07-20T14:04:37.479165209+00:00,2026-07-20T14:04:37.479165209+00:00,NGJ28@2028-03-29,-0.005796063330865686,0.008807797585764238
2026-07-20T00:00:00+00:00,2026-07-21T14:04:43.508534686+00:00,2026-07-21T14:04:43.508534686+00:00,NGJ28@2028-03-29,-0.004218531408860859,0.006582553096646914
2026-07-21T00:00:00+00:00,2026-07-22T14:04:00.682785747+00:00,2026-07-22T14:04:00.682785747+00:00,NGJ28@2028-03-29,-0.00365220328975957,0.010554654213887573
2026-07-22T00:00:00+00:00,2026-07-23T14:20:22.072080956+00:00,2026-07-23T14:20:22.072080956+00:00,NGJ28@2028-03-29,-0.010908482489773719,0.02300905908683961
2026-07-23T00:00:00+00:00,2026-07-24T14:17:41.157157881+00:00,2026-07-24T14:17:41.157157881+00:00,NGJ28@2028-03-29,-0.004833575501535847,0.018947532202738225
2026-07-24T00:00:00+00:00,2026-07-27T14:05:59.372401719+00:00,2026-07-27T14:05:59.372401719+00:00,NGJ28@2028-03-29,-0.006374353674362898,0.010449948465452783
2026-07-27T00:00:00+00:00,2026-07-28T14:04:41.534501591+00:00,2026-07-28T14:04:41.534501591+00:00,NGJ28@2028-03-29,-0.002869660435568022,0.015105720838620322
2026-07-28T00:00:00+00:00,2026-07-29T14:04:52.005490956+00:00,2026-07-29T14:04:52.005490956+00:00,NGJ28@2028-03-29,-0.00045154654249857096,0.02631948006396391
2026-07-29T00:00:00+00:00,2026-07-30T14:04:36.644980195+00:00,2026-07-30T14:04:36.644980195+00:00,NGJ28@2028-03-29,-0.0037173947289336207,0.020950891216583396
2026-07-30T00:00:00+00:00,2026-07-31T14:05:36.389054679+00:00,2026-07-31T14:05:36.389054679+00:00,NGJ28@2028-03-29,-0.00033768387375021636,0.014322112124107356
2026-07-31T00:00:00+00:00,2026-08-03T14:06:37.880959276+00:00,2026-08-03T14:06:37.880959276+00:00,NGJ28@2028-03-29,-0.000798421676712846,0.018358230590820312
2026-08-03T00:00:00+00:00,2026-08-04T14:11:25.253101627+00:00,2026-08-04T14:11:25.253101627+00:00,NGJ28@2028-03-29,-0.00955770898053021,0.008886517502191498
2026-08-04T00:00:00+00:00,2026-08-05T14:04:52.672271068+00:00,2026-08-05T14:04:52.672271068+00:00,NGJ28@2028-03-29,0.00012767462082852177,0.01430420907247893
2026-08-05T00:00:00+00:00,2026-08-06T14:05:10.603550111+00:00,2026-08-06T14:05:10.603550111+00:00,NGJ28@2028-03-29,-0.0020922025548230083,0.013990722429083993
2026-08-06T00:00:00+00:00,2026-08-07T14:04:36.250748343+00:00,2026-08-07T14:04:36.250748343+00:00,NGJ28@2028-03-29,-0.0016402204640950657,0.02002068394934952
2026-08-07T00:00:00+00:00,2026-08-10T14:05:12.694029868+00:00,2026-08-10T14:05:12.694029868+00:00,NGJ28@2028-03-29,-0.0027653265602981536,0.009889315955246551
2026-08-10T00:00:00+00:00,2026-08-11T14:05:27.939763231+00:00,2026-08-11T14:05:27.939763231+00:00,NGJ28@2028-03-29,-0.0040836852824729375,0.009764835045302251
2026-08-12T00:00:00+00:00,2026-08-12T23:59:00+00:00,2026-08-12T23:59:00+00:00,NGJ28@2028-03-29,-6.108646151392616e-05,0.009729515148114555
2026-08-13T00:00:00+00:00,2026-08-14T14:47:12.584034708+00:00,2026-08-14T14:47:12.584034708+00:00,NGJ28@2028-03-29,-0.00477307549173589,0.03550117405923348
2026-08-14T00:00:00+00:00,2026-08-17T14:05:01.906654158+00:00,2026-08-17T14:05:01.906654158+00:00,NGJ28@2028-03-29,-0.0037536259739414657,0.01200795512414709
2026-08-17T00:00:00+00:00,2026-08-18T14:04:40.891753300+00:00,2026-08-18T14:04:40.891753300+00:00,NGJ28@2028-03-29,-0.003246718761967693,0.005747079095231212
2026-08-18T00:00:00+00:00,2026-08-19T14:15:42.634201038+00:00,2026-08-19T14:15:42.634201038+00:00,NGJ28@2028-03-29,-0.0047298849362997775,0.013019897827109893
2026-08-19T00:00:00+00:00,2026-08-20T14:05:36.041314348+00:00,2026-08-20T14:05:36.041314348+00:00,NGJ28@2028-03-29,-0.00015894370742997044,0.004978044123589238
2026-08-20T00:00:00+00:00,2026-08-21T14:04:20.836431414+00:00,2026-08-21T14:04:20.836431414+00:00,NGJ28@2028-03-29,0.001088361685892103,0.008388553626614136
2026-08-21T00:00:00+00:00,2026-08-24T15:19:27.204466922+00:00,2026-08-24T15:19:27.204466922+00:00,NGJ28@2028-03-29,0.00016354015038433367,0.007449455980984669
2026-08-24T00:00:00+00:00,2026-08-25T14:06:45.579327369+00:00,2026-08-25T14:06:45.579327369+00:00,NGJ28@2028-03-29,-0.000782788230802467,0.01849756417728677
2026-08-25T00:00:00+00:00,2026-08-26T14:05:02.743967673+00:00,2026-08-26T14:05:02.743967673+00:00,NGJ28@2028-03-29,-0.0018835607564674506,0.008646347237832891
2026-08-26T00:00:00+00:00,2026-08-27T14:21:01.111537433+00:00,2026-08-27T14:21:01.111537433+00:00,NGJ28@2028-03-29,-0.0067231343683297196,0.007850777851473359
2026-08-27T00:00:00+00:00,2026-08-28T14:05:03.720528879+00:00,2026-08-28T14:05:03.720528879+00:00,NGJ28@2028-03-29,-0.006232671570359671,0.01689731925352474
2026-08-28T00:00:00+00:00,2026-08-31T14:06:35.208423659+00:00,2026-08-31T14:06:35.208423659+00:00,NGJ28@2028-03-29,0.002853266958096956,0.024458416305498793
2026-08-31T00:00:00+00:00,2026-09-01T14:06:20.170728685+00:00,2026-09-01T14:06:20.170728685+00:00,NGJ28@2028-03-29,0.00030482247937313467,0.020742943024326853
2026-09-01T00:00:00+00:00,2026-09-02T14:07:07.236615407+00:00,2026-09-02T14:07:07.236615407+00:00,NGJ28@2028-03-29,-0.002977806752122225,0.005633511881190023
2026-09-02T00:00:00+00:00,2026-09-03T14:04:41.182444048+00:00,2026-09-03T14:04:41.182444048+00:00,NGJ28@2028-03-29,-0.0029986130876080708,0.006188500910116763
