trade_date,prediction_time,generated_at,contract_id,timesfm_point_return,timesfm_q10_return,timesfm_q90_return,timesfm_interval_width
2022-12-29T00:00:00+00:00,2022-12-30T14:22:51.487016872+00:00,2022-12-30T14:22:51.487016872+00:00,NGG3@2023-01-27,9.226799011230469e-05,-0.1181522011756897,0.09395182132720947,0.21210405230522156
2022-12-30T00:00:00+00:00,2023-01-03T14:24:33.512280819+00:00,2023-01-03T14:24:33.512280819+00:00,NGG3@2023-01-27,0.01582324504852295,-0.12125933170318604,0.1297464370727539,0.25100579857826233
2023-01-03T00:00:00+00:00,2023-01-04T14:27:43.186101682+00:00,2023-01-04T14:27:43.186101682+00:00,NGG3@2023-01-27,0.008494853973388672,-0.11846637725830078,0.10816395282745361,0.2266303151845932
2023-01-04T00:00:00+00:00,2023-01-05T14:26:26.004336208+00:00,2023-01-05T14:26:26.004336208+00:00,NGG3@2023-01-27,0.006958484649658203,-0.11510562896728516,0.09058761596679688,0.20569323003292084
2023-01-05T00:00:00+00:00,2023-01-06T14:30:51.300783543+00:00,2023-01-06T14:30:51.300783543+00:00,NGG3@2023-01-27,0.015534400939941406,-0.11336833238601685,0.1069636344909668,0.22033196687698364
2023-01-06T00:00:00+00:00,2023-01-09T14:26:11.555414948+00:00,2023-01-09T14:26:11.555414948+00:00,NGG3@2023-01-27,0.008948326110839844,-0.11427950859069824,0.10559451580047607,0.21987397968769073
2023-01-09T00:00:00+00:00,2023-01-10T14:27:47.343130265+00:00,2023-01-10T14:27:47.343130265+00:00,NGG3@2023-01-27,-0.002451300621032715,-0.12165588140487671,0.09074723720550537,0.21240314841270447
2023-01-10T00:00:00+00:00,2023-01-11T14:27:16.718943159+00:00,2023-01-11T14:27:16.718943159+00:00,NGG3@2023-01-27,0.0003496408462524414,-0.1530645489692688,0.1155242919921875,0.2685888409614563
2023-01-11T00:00:00+00:00,2023-01-12T14:26:23.379241893+00:00,2023-01-12T14:26:23.379241893+00:00,NGG3@2023-01-27,-0.0012257099151611328,-0.15329831838607788,0.09936046600341797,0.25265881419181824
2023-01-12T00:00:00+00:00,2023-01-13T14:23:00.533735947+00:00,2023-01-13T14:23:00.533735947+00:00,NGG3@2023-01-27,0.007174968719482422,-0.14312070608139038,0.10806095600128174,0.25118163228034973
2023-01-13T00:00:00+00:00,2023-01-17T14:28:22.193904696+00:00,2023-01-17T14:28:22.193904696+00:00,NGG3@2023-01-27,0.002520322799682617,-0.14683037996292114,0.12075340747833252,0.2675837576389313
2023-01-17T00:00:00+00:00,2023-01-18T14:26:57.402544176+00:00,2023-01-18T14:26:57.402544176+00:00,NGG3@2023-01-27,-0.009463191032409668,-0.16245770454406738,0.09604275226593018,0.25850045680999756
2023-01-18T00:00:00+00:00,2023-01-19T14:27:09.017530506+00:00,2023-01-19T14:27:09.017530506+00:00,NGG3@2023-01-27,0.0026131868362426758,-0.1341601014137268,0.10328972339630127,0.2374497801065445
2023-01-19T00:00:00+00:00,2023-01-20T14:24:49.201851919+00:00,2023-01-20T14:24:49.201851919+00:00,NGG3@2023-01-27,-0.008520722389221191,-0.15051913261413574,0.09083318710327148,0.24135231971740723
2023-01-20T00:00:00+00:00,2023-01-23T14:32:00.908740352+00:00,2023-01-23T14:32:00.908740352+00:00,NGG3@2023-01-27,-0.019035637378692627,-0.1043938398361206,0.03958547115325928,0.14397935569286346
2023-01-23T00:00:00+00:00,2023-01-24T14:26:50.293019254+00:00,2023-01-24T14:26:50.293019254+00:00,NGG3@2023-01-27,-0.03633010387420654,-0.13313335180282593,0.03972351551055908,0.17285692691802979
2023-01-24T00:00:00+00:00,2023-01-25T14:26:34.689312591+00:00,2023-01-25T14:26:34.689312591+00:00,NGG3@2023-01-27,-0.0021567940711975098,-0.10161900520324707,0.0923384428024292,0.1939574033021927
2023-01-25T00:00:00+00:00,2023-01-26T14:24:54.697970405+00:00,2023-01-26T14:24:54.697970405+00:00,NGG3@2023-01-27,0.0060923099517822266,-0.1034664511680603,0.10946154594421387,0.21292801201343536
2023-01-26T00:00:00+00:00,2023-01-27T14:24:07.970879987+00:00,2023-01-27T14:24:07.970879987+00:00,NGH3@2023-02-24,-0.005124986171722412,-0.059472858905792236,0.05908656120300293,0.11855941265821457
2023-01-27T00:00:00+00:00,2023-01-30T14:23:42.431828460+00:00,2023-01-30T14:23:42.431828460+00:00,NGH3@2023-02-24,-0.00920414924621582,-0.0820620059967041,0.07921242713928223,0.1612744778394699
2023-01-30T00:00:00+00:00,2023-01-31T14:24:02.033429158+00:00,2023-01-31T14:24:02.033429158+00:00,NGH3@2023-02-24,-0.0035275816917419434,-0.0841408371925354,0.08702588081359863,0.17116671800613403
2023-01-31T00:00:00+00:00,2023-02-01T14:50:01.906628742+00:00,2023-02-01T14:50:01.906628742+00:00,NGH3@2023-02-24,-0.003915846347808838,-0.08460628986358643,0.07123291492462158,0.15583914518356323
2023-02-01T00:00:00+00:00,2023-02-02T14:53:33.921658762+00:00,2023-02-02T14:53:33.921658762+00:00,NGH3@2023-02-24,-0.004905045032501221,-0.10250639915466309,0.07873594760894775,0.18124237656593323
2023-02-02T00:00:00+00:00,2023-02-03T14:53:14.488473842+00:00,2023-02-03T14:53:14.488473842+00:00,NGH3@2023-02-24,-0.016280055046081543,-0.10018801689147949,0.06798219680786133,0.16817022860050201
2023-02-03T00:00:00+00:00,2023-02-06T14:43:56.105220220+00:00,2023-02-06T14:43:56.105220220+00:00,NGH3@2023-02-24,-0.01330423355102539,-0.09635692834854126,0.06501936912536621,0.1613762378692627
2023-02-06T00:00:00+00:00,2023-02-07T14:33:39.153556176+00:00,2023-02-07T14:33:39.153556176+00:00,NGH3@2023-02-24,-0.0035059452056884766,-0.09744584560394287,0.07982921600341797,0.1772751361131668
2023-02-07T00:00:00+00:00,2023-02-08T14:29:42.629323344+00:00,2023-02-08T14:29:42.629323344+00:00,NGH3@2023-02-24,0.01109611988067627,-0.08055412769317627,0.10465598106384277,0.18521007895469666
2023-02-08T00:00:00+00:00,2023-02-09T14:56:56.751305308+00:00,2023-02-09T14:56:56.751305308+00:00,NGH3@2023-02-24,0.0009205341339111328,-0.11220508813858032,0.06398844718933105,0.17619352042675018
2023-02-09T00:00:00+00:00,2023-02-10T15:02:38.762522151+00:00,2023-02-10T15:02:38.762522151+00:00,NGH3@2023-02-24,0.004230141639709473,-0.08751285076141357,0.07614171504974365,0.163654625415802
2023-02-10T00:00:00+00:00,2023-02-13T14:26:22.073432594+00:00,2023-02-13T14:26:22.073432594+00:00,NGH3@2023-02-24,-0.0014631152153015137,-0.11787837743759155,0.09748756885528564,0.2153659611940384
2023-02-13T00:00:00+00:00,2023-02-14T15:11:12.901655409+00:00,2023-02-14T15:11:12.901655409+00:00,NGH3@2023-02-24,0.023909807205200195,-0.08159643411636353,0.07986009120941162,0.16145657002925873
2023-02-14T00:00:00+00:00,2023-02-15T14:25:18.541825722+00:00,2023-02-15T14:25:18.541825722+00:00,NGH3@2023-02-24,0.011447310447692871,-0.1061323881149292,0.10429549217224121,0.21042785048484802
2023-02-15T00:00:00+00:00,2023-02-16T14:27:31.232069497+00:00,2023-02-16T14:27:31.232069497+00:00,NGH3@2023-02-24,0.024189114570617676,-0.0752096176147461,0.11641764640808105,0.19162727892398834
2023-02-16T00:00:00+00:00,2023-02-17T14:28:00.397585802+00:00,2023-02-17T14:28:00.397585802+00:00,NGH3@2023-02-24,0.02087533473968506,-0.05712193250656128,0.1226661205291748,0.17978806793689728
2023-02-17T00:00:00+00:00,2023-02-21T14:26:16.113347431+00:00,2023-02-21T14:26:16.113347431+00:00,NGH3@2023-02-24,0.023221731185913086,-0.07294076681137085,0.1176462173461914,0.19058698415756226
2023-02-21T00:00:00+00:00,2023-02-22T14:29:00.928160941+00:00,2023-02-22T14:29:00.928160941+00:00,NGH3@2023-02-24,0.027389049530029297,-0.03164780139923096,0.09164261817932129,0.12329035252332687
2023-02-22T00:00:00+00:00,2023-02-23T14:33:30.572648487+00:00,2023-02-23T14:33:30.572648487+00:00,NGH3@2023-02-24,0.019822001457214355,-0.04831242561340332,0.1300795078277588,0.1783919334411621
2023-02-23T00:00:00+00:00,2023-02-24T14:57:27.792729622+00:00,2023-02-24T14:57:27.792729622+00:00,NGJ3@2023-03-29,0.014673113822937012,-0.05779457092285156,0.08099174499511719,0.13878628611564636
2023-02-24T00:00:00+00:00,2023-02-27T14:41:33.353705552+00:00,2023-02-27T14:41:33.353705552+00:00,NGJ3@2023-03-29,0.024765729904174805,-0.048462510108947754,0.09617602825164795,0.14463847875595093
2023-02-27T00:00:00+00:00,2023-02-28T14:27:41.497827241+00:00,2023-02-28T14:27:41.497827241+00:00,NGJ3@2023-03-29,0.01335287094116211,-0.08743613958358765,0.09106338024139404,0.17849956452846527
2023-02-28T00:00:00+00:00,2023-03-01T14:27:29.126665206+00:00,2023-03-01T14:27:29.126665206+00:00,NGJ3@2023-03-29,0.013187170028686523,-0.07879441976547241,0.08901643753051758,0.16781091690063477
2023-03-01T00:00:00+00:00,2023-03-02T14:25:20.353119112+00:00,2023-03-02T14:25:20.353119112+00:00,NGJ3@2023-03-29,0.014760971069335938,-0.08761471509933472,0.08772778511047363,0.17534248530864716
2023-03-02T00:00:00+00:00,2023-03-03T14:27:09.152458822+00:00,2023-03-03T14:27:09.152458822+00:00,NGJ3@2023-03-29,0.015046238899230957,-0.11466366052627563,0.09390401840209961,0.20856770873069763
2023-03-03T00:00:00+00:00,2023-03-06T14:26:43.272797309+00:00,2023-03-06T14:26:43.272797309+00:00,NGJ3@2023-03-29,-3.808736801147461e-05,-0.10093075037002563,0.07466304302215576,0.1755938082933426
2023-03-06T00:00:00+00:00,2023-03-07T14:28:12.926615845+00:00,2023-03-07T14:28:12.926615845+00:00,NGJ3@2023-03-29,-0.003448188304901123,-0.15346908569335938,0.09301996231079102,0.2464890331029892
2023-03-07T00:00:00+00:00,2023-03-08T14:46:38.124861106+00:00,2023-03-08T14:46:38.124861106+00:00,NGJ3@2023-03-29,-0.029269695281982422,-0.16411608457565308,0.06166660785675049,0.22578266263008118
2023-03-08T00:00:00+00:00,2023-03-09T14:26:55.844909644+00:00,2023-03-09T14:26:55.844909644+00:00,NGJ3@2023-03-29,0.012974262237548828,-0.1399046778678894,0.12728440761566162,0.267189085483551
2023-03-09T00:00:00+00:00,2023-03-10T14:28:08.528207053+00:00,2023-03-10T14:28:08.528207053+00:00,NGJ3@2023-03-29,-0.003308415412902832,-0.15790718793869019,0.1140068769454956,0.271914005279541
2023-03-10T00:00:00+00:00,2023-03-13T13:50:42.257520490+00:00,2023-03-13T13:50:42.257520490+00:00,NGJ3@2023-03-29,0.0084303617477417,-0.13004803657531738,0.11959052085876465,0.24963846802711487
2023-03-13T00:00:00+00:00,2023-03-14T14:17:37.058411552+00:00,2023-03-14T14:17:37.058411552+00:00,NGJ3@2023-03-29,-0.01173245906829834,-0.1374836564064026,0.08734464645385742,0.22482827305793762
2023-03-14T00:00:00+00:00,2023-03-15T14:30:47.105610822+00:00,2023-03-15T14:30:47.105610822+00:00,NGJ3@2023-03-29,0.009033799171447754,-0.10049951076507568,0.10430526733398438,0.20480471849441528
2023-03-15T00:00:00+00:00,2023-03-16T14:04:55.810043479+00:00,2023-03-16T14:04:55.810043479+00:00,NGJ3@2023-03-29,-0.011562764644622803,-0.15195798873901367,0.10824453830718994,0.260202556848526
2023-03-16T00:00:00+00:00,2023-03-17T14:25:13.049790677+00:00,2023-03-17T14:25:13.049790677+00:00,NGJ3@2023-03-29,-0.008292138576507568,-0.12574076652526855,0.08075916767120361,0.20649999380111694
2023-03-17T00:00:00+00:00,2023-03-20T14:06:13.919157791+00:00,2023-03-20T14:06:13.919157791+00:00,NGJ3@2023-03-29,-0.000855863094329834,-0.09849816560745239,0.06964766979217529,0.16814586520195007
2023-03-20T00:00:00+00:00,2023-03-21T13:45:10.843135247+00:00,2023-03-21T13:45:10.843135247+00:00,NGJ3@2023-03-29,0.02010798454284668,-0.12682044506072998,0.1281111240386963,0.2549315392971039
2023-03-21T00:00:00+00:00,2023-03-22T13:26:50.942566858+00:00,2023-03-22T13:26:50.942566858+00:00,NGJ3@2023-03-29,-0.0020180344581604004,-0.12064993381500244,0.07877659797668457,0.1994265764951706
2023-03-22T00:00:00+00:00,2023-03-23T13:29:34.641232120+00:00,2023-03-23T13:29:34.641232120+00:00,NGJ3@2023-03-29,0.012831568717956543,-0.09382367134094238,0.08745825290679932,0.1812819093465805
2023-03-23T00:00:00+00:00,2023-03-24T13:27:15.099185312+00:00,2023-03-24T13:27:15.099185312+00:00,NGJ3@2023-03-29,-0.009170234203338623,-0.11718326807022095,0.05841660499572754,0.17559993267059326
2023-03-24T00:00:00+00:00,2023-03-27T13:26:37.101961594+00:00,2023-03-27T13:26:37.101961594+00:00,NGJ3@2023-03-29,0.010145902633666992,-0.09383469820022583,0.07964062690734863,0.17347532510757446
2023-03-27T00:00:00+00:00,2023-03-28T13:46:26.902592997+00:00,2023-03-28T13:46:26.902592997+00:00,NGK3@2023-04-26,0.010582804679870605,-0.07209563255310059,0.05945181846618652,0.13154743611812592
2023-03-28T00:00:00+00:00,2023-03-29T14:07:25.853625086+00:00,2023-03-29T14:07:25.853625086+00:00,NGK3@2023-04-26,0.004214167594909668,-0.11212676763534546,0.0833812952041626,0.19550806283950806
2023-03-29T00:00:00+00:00,2023-03-30T13:27:13.359587486+00:00,2023-03-30T13:27:13.359587486+00:00,NGK3@2023-04-26,0.0015535354614257812,-0.07583969831466675,0.056032657623291016,0.13187232613563538
2023-03-30T00:00:00+00:00,2023-03-31T13:25:20.234388652+00:00,2023-03-31T13:25:20.234388652+00:00,NGK3@2023-04-26,0.020676493644714355,-0.07085269689559937,0.07253313064575195,0.1433858722448349
2023-03-31T00:00:00+00:00,2023-04-03T13:56:01.485608581+00:00,2023-04-03T13:56:01.485608581+00:00,NGK3@2023-04-26,-0.0035851001739501953,-0.09124493598937988,0.04381251335144043,0.1350574493408203
2023-04-03T00:00:00+00:00,2023-04-04T13:34:05.189722443+00:00,2023-04-04T13:34:05.189722443+00:00,NGK3@2023-04-26,0.009401082992553711,-0.07721251249313354,0.06781089305877686,0.1450234204530716
2023-04-04T00:00:00+00:00,2023-04-05T13:26:17.959459451+00:00,2023-04-05T13:26:17.959459451+00:00,NGK3@2023-04-26,0.009623050689697266,-0.052331626415252686,0.04804670810699463,0.10037829726934433
2023-04-06T00:00:00+00:00,2023-04-07T13:47:13.417323366+00:00,2023-04-07T13:47:13.417323366+00:00,NGK3@2023-04-26,0.0207364559173584,-0.07453674077987671,0.06428980827331543,0.13882654905319214
2023-04-10T00:00:00+00:00,2023-04-11T14:15:03.389483983+00:00,2023-04-11T14:15:03.389483983+00:00,NGK3@2023-04-26,-0.02181023359298706,-0.14257466793060303,0.03981518745422363,0.18238988518714905
2023-04-11T00:00:00+00:00,2023-04-12T13:48:07.283190471+00:00,2023-04-12T13:48:07.283190471+00:00,NGK3@2023-04-26,-0.007932603359222412,-0.11604177951812744,0.04507410526275635,0.1611158698797226
2023-04-12T00:00:00+00:00,2023-04-13T13:28:38.775615220+00:00,2023-04-13T13:28:38.775615220+00:00,NGK3@2023-04-26,0.00606381893157959,-0.06506061553955078,0.048337459564208984,0.11339805275201797
2023-04-13T00:00:00+00:00,2023-04-14T13:46:50.514256096+00:00,2023-04-14T13:46:50.514256096+00:00,NGK3@2023-04-26,0.0013048648834228516,-0.07317483425140381,0.0466536283493042,0.11982849985361099
2023-04-14T00:00:00+00:00,2023-04-17T13:32:25.100151634+00:00,2023-04-17T13:32:25.100151634+00:00,NGK3@2023-04-26,-0.010761678218841553,-0.07052075862884521,0.02313673496246338,0.09365750104188919
2023-04-17T00:00:00+00:00,2023-04-18T13:29:04.016138772+00:00,2023-04-18T13:29:04.016138772+00:00,NGK3@2023-04-26,-0.01451176404953003,-0.0994640588760376,0.03668546676635742,0.13614948093891144
2023-04-18T00:00:00+00:00,2023-04-19T13:26:40.924625454+00:00,2023-04-19T13:26:40.924625454+00:00,NGK3@2023-04-26,-0.000827491283416748,-0.08118396997451782,0.05696117877960205,0.13814513385295868
2023-04-19T00:00:00+00:00,2023-04-20T13:28:08.382175117+00:00,2023-04-20T13:28:08.382175117+00:00,NGK3@2023-04-26,0.00047409534454345703,-0.08914506435394287,0.06037461757659912,0.149519681930542
2023-04-20T00:00:00+00:00,2023-04-21T13:24:43.277356959+00:00,2023-04-21T13:24:43.277356959+00:00,NGK3@2023-04-26,-0.0004870295524597168,-0.06600195169448853,0.05534970760345459,0.12135165929794312
2023-04-21T00:00:00+00:00,2023-04-24T13:35:35.755477355+00:00,2023-04-24T13:35:35.755477355+00:00,NGK3@2023-04-26,0.009360074996948242,-0.06372129917144775,0.06064116954803467,0.12436246126890182
2023-04-24T00:00:00+00:00,2023-04-25T13:26:34.863092001+00:00,2023-04-25T13:26:34.863092001+00:00,NGK3@2023-04-26,0.002812623977661133,-0.08651340007781982,0.06434464454650879,0.15085801482200623
2023-04-25T00:00:00+00:00,2023-04-26T13:30:11.382822613+00:00,2023-04-26T13:30:11.382822613+00:00,NGK3@2023-04-26,0.003934264183044434,-0.08483409881591797,0.06170296669006348,0.14653711020946503
2023-04-26T00:00:00+00:00,2023-04-27T13:47:20.865098729+00:00,2023-04-27T13:47:20.865098729+00:00,NGM3@2023-05-26,0.007017254829406738,-0.06497704982757568,0.049069762229919434,0.11404682695865631
2023-04-27T00:00:00+00:00,2023-04-28T13:27:15.804727435+00:00,2023-04-28T13:27:15.804727435+00:00,NGM3@2023-05-26,-0.005109131336212158,-0.06758749485015869,0.026273012161254883,0.09386048465967178
2023-04-28T00:00:00+00:00,2023-05-01T13:47:29.001841669+00:00,2023-05-01T13:47:29.001841669+00:00,NGM3@2023-05-26,-0.010075986385345459,-0.07513093948364258,0.03770411014556885,0.1128351017832756
2023-05-01T00:00:00+00:00,2023-05-02T13:29:19.039641918+00:00,2023-05-02T13:29:19.039641918+00:00,NGM3@2023-05-26,0.004406929016113281,-0.06965136528015137,0.05578970909118652,0.12544108927249908
2023-05-02T00:00:00+00:00,2023-05-03T13:28:16.313421648+00:00,2023-05-03T13:28:16.313421648+00:00,NGM3@2023-05-26,0.0030933618545532227,-0.06427580118179321,0.04951131343841553,0.11378704756498337
2023-05-03T00:00:00+00:00,2023-05-04T13:29:12.174583995+00:00,2023-05-04T13:29:12.174583995+00:00,NGM3@2023-05-26,0.0029762983322143555,-0.057990074157714844,0.03676009178161621,0.09475017338991165
2023-05-04T00:00:00+00:00,2023-05-05T13:29:18.846646573+00:00,2023-05-05T13:29:18.846646573+00:00,NGM3@2023-05-26,-0.0023273229598999023,-0.057804763317108154,0.03281807899475098,0.09062288701534271
2023-05-05T00:00:00+00:00,2023-05-08T13:28:20.000441344+00:00,2023-05-08T13:28:20.000441344+00:00,NGM3@2023-05-26,-0.013585925102233887,-0.05846083164215088,0.011808633804321289,0.07026954740285873
2023-05-08T00:00:00+00:00,2023-05-09T13:27:24.520052503+00:00,2023-05-09T13:27:24.520052503+00:00,NGM3@2023-05-26,-0.012925326824188232,-0.06266427040100098,0.02227461338043213,0.08493880927562714
2023-05-09T00:00:00+00:00,2023-05-10T13:29:15.250144943+00:00,2023-05-10T13:29:15.250144943+00:00,NGM3@2023-05-26,0.0017932653427124023,-0.040540099143981934,0.02779555320739746,0.06833568960428238
2023-05-10T00:00:00+00:00,2023-05-11T13:47:58.745091403+00:00,2023-05-11T13:47:58.745091403+00:00,NGM3@2023-05-26,0.0017545223236083984,-0.03325355052947998,0.01840806007385254,0.05166164040565491
2023-05-11T00:00:00+00:00,2023-05-12T13:27:58.164053925+00:00,2023-05-12T13:27:58.164053925+00:00,NGM3@2023-05-26,0.0014110803604125977,-0.037226200103759766,0.023917675018310547,0.06114380434155464
2023-05-12T00:00:00+00:00,2023-05-15T13:28:22.020390218+00:00,2023-05-15T13:28:22.020390218+00:00,NGM3@2023-05-26,-0.0014227032661437988,-0.04689919948577881,0.020126700401306152,0.06702592223882675
2023-05-15T00:00:00+00:00,2023-05-16T13:28:23.002353745+00:00,2023-05-16T13:28:23.002353745+00:00,NGM3@2023-05-26,-0.00834888219833374,-0.059462010860443115,0.02876758575439453,0.08822952955961227
2023-05-16T00:00:00+00:00,2023-05-17T13:28:06.508257489+00:00,2023-05-17T13:28:06.508257489+00:00,NGM3@2023-05-26,-0.0005193948745727539,-0.052183568477630615,0.04395246505737305,0.09613597393035889
2023-05-17T00:00:00+00:00,2023-05-18T14:13:57.656919449+00:00,2023-05-18T14:13:57.656919449+00:00,NGM3@2023-05-26,-0.0021356940269470215,-0.04929476976394653,0.03812706470489502,0.08742189407348633
2023-05-18T00:00:00+00:00,2023-05-19T13:36:28.558130279+00:00,2023-05-19T13:36:28.558130279+00:00,NGM3@2023-05-26,-0.01152050495147705,-0.06584793329238892,0.05355405807495117,0.11940199136734009
2023-05-19T00:00:00+00:00,2023-05-22T13:26:42.429441127+00:00,2023-05-22T13:26:42.429441127+00:00,NGM3@2023-05-26,0.0008823871612548828,-0.04718846082687378,0.0813286304473877,0.12851710617542267
2023-05-22T00:00:00+00:00,2023-05-23T13:28:00.900978939+00:00,2023-05-23T13:28:00.900978939+00:00,NGM3@2023-05-26,0.005778908729553223,-0.04494321346282959,0.06441199779510498,0.10935524851083755
2023-05-23T00:00:00+00:00,2023-05-24T13:27:56.224807692+00:00,2023-05-24T13:27:56.224807692+00:00,NGM3@2023-05-26,0.00746309757232666,-0.03763163089752197,0.07124221324920654,0.1088738739490509
2023-05-24T00:00:00+00:00,2023-05-25T13:33:18.524726288+00:00,2023-05-25T13:33:18.524726288+00:00,NGM3@2023-05-26,-0.009066939353942871,-0.05538719892501831,0.049121737480163574,0.10450886189937592
2023-05-25T00:00:00+00:00,2023-05-26T13:45:48.246502201+00:00,2023-05-26T13:45:48.246502201+00:00,NGN3@2023-06-28,0.009563326835632324,-0.03396481275558472,0.06862163543701172,0.10258642584085464
2023-05-26T00:00:00+00:00,2023-05-30T13:27:38.353894181+00:00,2023-05-30T13:27:38.353894181+00:00,NGN3@2023-06-28,0.012242794036865234,-0.035819292068481445,0.0705723762512207,0.10639169812202454
2023-05-30T00:00:00+00:00,2023-05-31T13:56:54.066185053+00:00,2023-05-31T13:56:54.066185053+00:00,NGN3@2023-06-28,0.02143716812133789,-0.04179304838180542,0.07497727870941162,0.11677029728889465
2023-05-31T00:00:00+00:00,2023-06-01T13:29:56.043389096+00:00,2023-06-01T13:29:56.043389096+00:00,NGN3@2023-06-28,0.015142679214477539,-0.03090006113052368,0.062209248542785645,0.09310929477214813
2023-06-01T00:00:00+00:00,2023-06-02T13:29:36.610660578+00:00,2023-06-02T13:29:36.610660578+00:00,NGN3@2023-06-28,0.0172806978225708,-0.04070937633514404,0.06913304328918457,0.1098424643278122
2023-06-02T00:00:00+00:00,2023-06-05T13:29:26.177068333+00:00,2023-06-05T13:29:26.177068333+00:00,NGN3@2023-06-28,0.0021222829818725586,-0.041928768157958984,0.05022287368774414,0.09215163439512253
2023-06-05T00:00:00+00:00,2023-06-06T13:32:47.277533448+00:00,2023-06-06T13:32:47.277533448+00:00,NGN3@2023-06-28,0.002357006072998047,-0.06230306625366211,0.06144595146179199,0.1237490177154541
2023-06-06T00:00:00+00:00,2023-06-07T14:26:18.764858643+00:00,2023-06-07T14:26:18.764858643+00:00,NGN3@2023-06-28,-0.0018856525421142578,-0.05709165334701538,0.05065762996673584,0.10774927586317062
2023-06-07T00:00:00+00:00,2023-06-08T14:13:53.599382893+00:00,2023-06-08T14:13:53.599382893+00:00,NGN3@2023-06-28,-0.0038083791732788086,-0.07376337051391602,0.06335651874542236,0.137119859457016
2023-06-08T00:00:00+00:00,2023-06-09T13:28:11.176745835+00:00,2023-06-09T13:28:11.176745835+00:00,NGN3@2023-06-28,-0.00022858381271362305,-0.06521165370941162,0.063934326171875,0.12914593517780304
2023-06-09T00:00:00+00:00,2023-06-12T13:58:16.215282943+00:00,2023-06-12T13:58:16.215282943+00:00,NGN3@2023-06-28,0.003827810287475586,-0.05416935682296753,0.06519532203674316,0.1193646788597107
2023-06-12T00:00:00+00:00,2023-06-13T13:57:30.182076183+00:00,2023-06-13T13:57:30.182076183+00:00,NGN3@2023-06-28,0.005959153175354004,-0.049405455589294434,0.06582605838775635,0.11523150652647018
2023-06-13T00:00:00+00:00,2023-06-14T13:56:59.002135065+00:00,2023-06-14T13:56:59.002135065+00:00,NGN3@2023-06-28,-0.00030493736267089844,-0.053753018379211426,0.05244851112365723,0.10620152205228806
2023-06-14T00:00:00+00:00,2023-06-15T13:27:05.330189127+00:00,2023-06-15T13:27:05.330189127+00:00,NGN3@2023-06-28,-0.0009334087371826172,-0.04984372854232788,0.044342041015625,0.09418582171201706
2023-06-15T00:00:00+00:00,2023-06-16T13:32:24.076924962+00:00,2023-06-16T13:32:24.076924962+00:00,NGN3@2023-06-28,-0.014663994312286377,-0.09703344106674194,0.08024084568023682,0.17727424204349518
2023-06-16T00:00:00+00:00,2023-06-20T13:58:51.299697951+00:00,2023-06-20T13:58:51.299697951+00:00,NGN3@2023-06-28,-0.012761354446411133,-0.10651606321334839,0.09270060062408447,0.19921666383743286
2023-06-20T00:00:00+00:00,2023-06-21T13:52:12.506406876+00:00,2023-06-21T13:52:12.506406876+00:00,NGN3@2023-06-28,-0.008006751537322998,-0.09465092420578003,0.08982205390930176,0.18447302281856537
2023-06-21T00:00:00+00:00,2023-06-22T13:58:50.421159966+00:00,2023-06-22T13:58:50.421159966+00:00,NGN3@2023-06-28,-0.008159220218658447,-0.09046989679336548,0.0910346508026123,0.18150457739830017
2023-06-22T00:00:00+00:00,2023-06-23T13:28:57.237476001+00:00,2023-06-23T13:28:57.237476001+00:00,NGN3@2023-06-28,-0.00020486116409301758,-0.09195917844772339,0.11144518852233887,0.20340432226657867
2023-06-23T00:00:00+00:00,2023-06-26T13:27:48.359826322+00:00,2023-06-26T13:27:48.359826322+00:00,NGN3@2023-06-28,-0.008311808109283447,-0.09706848859786987,0.08783173561096191,0.1849001944065094
2023-06-26T00:00:00+00:00,2023-06-27T14:01:02.685909526+00:00,2023-06-27T14:01:02.685909526+00:00,NGN3@2023-06-28,0.0002551078796386719,-0.07020217180252075,0.08563339710235596,0.15583562850952148
2023-06-27T00:00:00+00:00,2023-06-28T13:31:32.495343871+00:00,2023-06-28T13:31:32.495343871+00:00,NGN3@2023-06-28,-0.003588557243347168,-0.07377797365188599,0.08770167827606201,0.1614796221256256
2023-06-28T00:00:00+00:00,2023-06-29T13:50:53.625856854+00:00,2023-06-29T13:50:53.625856854+00:00,NGQ3@2023-07-27,0.0004819631576538086,-0.06332159042358398,0.08814013004302979,0.151461660861969
2023-06-29T00:00:00+00:00,2023-06-30T13:59:17.152936971+00:00,2023-06-30T13:59:17.152936971+00:00,NGQ3@2023-07-27,-0.00586855411529541,-0.050435006618499756,0.0754556655883789,0.12589065730571747
2023-06-30T00:00:00+00:00,2023-07-03T13:55:16.878139504+00:00,2023-07-03T13:55:16.878139504+00:00,NGQ3@2023-07-27,-0.008819758892059326,-0.06374025344848633,0.0700521469116211,0.13379235565662384
2023-07-03T00:00:00+00:00,2023-07-05T13:27:23.515142915+00:00,2023-07-05T13:27:23.515142915+00:00,NGQ3@2023-07-27,-0.005209386348724365,-0.051869988441467285,0.07565629482269287,0.12752629816532135
2023-07-05T00:00:00+00:00,2023-07-06T13:30:36.587881606+00:00,2023-07-06T13:30:36.587881606+00:00,NGQ3@2023-07-27,0.013880133628845215,-0.04142284393310547,0.09472274780273438,0.13614553213119507
2023-07-06T00:00:00+00:00,2023-07-07T13:45:31.876311950+00:00,2023-07-07T13:45:31.876311950+00:00,NGQ3@2023-07-27,-0.0004780888557434082,-0.059870362281799316,0.07115185260772705,0.13102228939533234
2023-07-07T00:00:00+00:00,2023-07-10T13:28:50.622034811+00:00,2023-07-10T13:28:50.622034811+00:00,NGQ3@2023-07-27,0.0017322301864624023,-0.060233116149902344,0.06765508651733398,0.12788820266723633
2023-07-10T00:00:00+00:00,2023-07-11T14:10:35.851995688+00:00,2023-07-11T14:10:35.851995688+00:00,NGQ3@2023-07-27,0.0004723072052001953,-0.061416566371917725,0.06027078628540039,0.12168736755847931
2023-07-11T00:00:00+00:00,2023-07-12T14:09:19.947790551+00:00,2023-07-12T14:09:19.947790551+00:00,NGQ3@2023-07-27,0.003950595855712891,-0.05954396724700928,0.06553173065185547,0.12507572770118713
2023-07-12T00:00:00+00:00,2023-07-13T13:31:08.063818275+00:00,2023-07-13T13:31:08.063818275+00:00,NGQ3@2023-07-27,0.009372353553771973,-0.059645891189575195,0.06446433067321777,0.12411018460988998
2023-07-13T00:00:00+00:00,2023-07-14T13:28:51.618210690+00:00,2023-07-14T13:28:51.618210690+00:00,NGQ3@2023-07-27,0.012280583381652832,-0.05895590782165527,0.06879639625549316,0.12775225937366486
2023-07-14T00:00:00+00:00,2023-07-17T14:00:18.129910986+00:00,2023-07-17T14:00:18.129910986+00:00,NGQ3@2023-07-27,0.007723808288574219,-0.062240779399871826,0.06459081172943115,0.12683163583278656
2023-07-17T00:00:00+00:00,2023-07-18T14:25:33.765798896+00:00,2023-07-18T14:25:33.765798896+00:00,NGQ3@2023-07-27,0.005717039108276367,-0.05584263801574707,0.05930495262145996,0.11514753103256226
2023-07-18T00:00:00+00:00,2023-07-19T13:27:21.985566607+00:00,2023-07-19T13:27:21.985566607+00:00,NGQ3@2023-07-27,-0.0017223358154296875,-0.06111687421798706,0.04852950572967529,0.10964634269475937
2023-07-19T00:00:00+00:00,2023-07-20T14:16:28.729350454+00:00,2023-07-20T14:16:28.729350454+00:00,NGQ3@2023-07-27,0.0013409852981567383,-0.05098867416381836,0.052842140197753906,0.10383079200983047
2023-07-20T00:00:00+00:00,2023-07-21T13:28:32.554816588+00:00,2023-07-21T13:28:32.554816588+00:00,NGQ3@2023-07-27,-0.004809558391571045,-0.061622798442840576,0.043232083320617676,0.10485488176345825
2023-07-21T00:00:00+00:00,2023-07-24T13:31:20.614545334+00:00,2023-07-24T13:31:20.614545334+00:00,NGQ3@2023-07-27,0.006079554557800293,-0.045335471630096436,0.05400502681732178,0.09934048354625702
2023-07-24T00:00:00+00:00,2023-07-25T13:29:22.707399750+00:00,2023-07-25T13:29:22.707399750+00:00,NGQ3@2023-07-27,0.006441831588745117,-0.04225337505340576,0.05201828479766846,0.09427168220281601
2023-07-25T00:00:00+00:00,2023-07-26T13:48:10.818537863+00:00,2023-07-26T13:48:10.818537863+00:00,NGQ3@2023-07-27,0.005327343940734863,-0.03100287914276123,0.04462623596191406,0.07562916725873947
2023-07-26T00:00:00+00:00,2023-07-27T13:26:52.447879630+00:00,2023-07-27T13:26:52.447879630+00:00,NGU3@2023-08-29,0.008605360984802246,-0.03068596124649048,0.051309943199157715,0.081995889544487
2023-07-27T00:00:00+00:00,2023-07-28T14:00:01.205341407+00:00,2023-07-28T14:00:01.205341407+00:00,NGU3@2023-08-29,0.01236104965209961,-0.033125460147857666,0.0598071813583374,0.09293271601200104
2023-07-28T00:00:00+00:00,2023-07-31T13:27:40.808817489+00:00,2023-07-31T13:27:40.808817489+00:00,NGU3@2023-08-29,0.003968358039855957,-0.04028981924057007,0.05276179313659668,0.09305166453123093
2023-07-31T00:00:00+00:00,2023-08-01T13:26:47.715133883+00:00,2023-08-01T13:26:47.715133883+00:00,NGU3@2023-08-29,0.00019097328186035156,-0.04192829132080078,0.045615196228027344,0.08754342794418335
2023-08-01T00:00:00+00:00,2023-08-02T14:13:07.429724230+00:00,2023-08-02T14:13:07.429724230+00:00,NGU3@2023-08-29,0.0038024187088012695,-0.03304648399353027,0.04819965362548828,0.08124615997076035
2023-08-02T00:00:00+00:00,2023-08-03T13:31:59.528576615+00:00,2023-08-03T13:31:59.528576615+00:00,NGU3@2023-08-29,0.014128446578979492,-0.026406705379486084,0.06578099727630615,0.09218771755695343
2023-08-03T00:00:00+00:00,2023-08-04T13:58:57.101620980+00:00,2023-08-04T13:58:57.101620980+00:00,NGU3@2023-08-29,0.0004048347473144531,-0.03960740566253662,0.04885721206665039,0.0884646326303482
2023-08-04T00:00:00+00:00,2023-08-07T13:26:55.348989257+00:00,2023-08-07T13:26:55.348989257+00:00,NGU3@2023-08-29,-0.0020568370819091797,-0.04614061117172241,0.045215487480163574,0.09135604649782181
2023-08-07T00:00:00+00:00,2023-08-08T13:26:41.015222260+00:00,2023-08-08T13:26:41.015222260+00:00,NGU3@2023-08-29,-0.004429936408996582,-0.04835313558578491,0.04629838466644287,0.09465156495571136
2023-08-08T00:00:00+00:00,2023-08-09T13:27:56.494813248+00:00,2023-08-09T13:27:56.494813248+00:00,NGU3@2023-08-29,-0.011073887348175049,-0.05409562587738037,0.03800046443939209,0.09209611266851425
2023-08-09T00:00:00+00:00,2023-08-10T13:26:15.386961759+00:00,2023-08-10T13:26:15.386961759+00:00,NGU3@2023-08-29,-0.007671952247619629,-0.05473160743713379,0.04471147060394287,0.09944310784339905
2023-08-10T00:00:00+00:00,2023-08-11T13:25:22.714618641+00:00,2023-08-11T13:25:22.714618641+00:00,NGU3@2023-08-29,-0.0014262795448303223,-0.04519528150558472,0.04810738563537598,0.09330268949270248
2023-08-11T00:00:00+00:00,2023-08-14T14:00:42.994485307+00:00,2023-08-14T14:00:42.994485307+00:00,NGU3@2023-08-29,-0.0030885934829711914,-0.04615432024002075,0.044310569763183594,0.09046487510204315
2023-08-14T00:00:00+00:00,2023-08-15T13:45:41.722652921+00:00,2023-08-15T13:45:41.722652921+00:00,NGU3@2023-08-29,0.00017309188842773438,-0.04275918006896973,0.04841291904449463,0.09117211401462555
2023-08-15T00:00:00+00:00,2023-08-16T13:44:21.487683861+00:00,2023-08-16T13:44:21.487683861+00:00,NGU3@2023-08-29,-0.0018990039825439453,-0.05145382881164551,0.0550687313079834,0.10652262717485428
2023-08-16T00:00:00+00:00,2023-08-17T13:25:59.294849644+00:00,2023-08-17T13:25:59.294849644+00:00,NGU3@2023-08-29,0.0009305477142333984,-0.04647719860076904,0.057587504386901855,0.10406465083360672
2023-08-17T00:00:00+00:00,2023-08-18T13:34:26.469826137+00:00,2023-08-18T13:34:26.469826137+00:00,NGU3@2023-08-29,0.0003579854965209961,-0.0440635085105896,0.05624735355377197,0.10031081736087799
2023-08-18T00:00:00+00:00,2023-08-21T13:28:36.100145151+00:00,2023-08-21T13:28:36.100145151+00:00,NGU3@2023-08-29,0.0034557580947875977,-0.04735147953033447,0.06482219696044922,0.1121736466884613
2023-08-21T00:00:00+00:00,2023-08-22T13:26:16.224732343+00:00,2023-08-22T13:26:16.224732343+00:00,NGU3@2023-08-29,-0.005298137664794922,-0.04609638452529907,0.053139686584472656,0.09923611581325531
2023-08-22T00:00:00+00:00,2023-08-23T13:32:07.270984650+00:00,2023-08-23T13:32:07.270984650+00:00,NGU3@2023-08-29,0.004568338394165039,-0.04127240180969238,0.06407749652862549,0.10534990578889847
2023-08-23T00:00:00+00:00,2023-08-24T13:29:22.523031652+00:00,2023-08-24T13:29:22.523031652+00:00,NGU3@2023-08-29,0.005568742752075195,-0.042430222034454346,0.06757044792175293,0.1100006252527237
2023-08-24T00:00:00+00:00,2023-08-25T13:54:54.845161616+00:00,2023-08-25T13:54:54.845161616+00:00,NGU3@2023-08-29,0.0032007694244384766,-0.04174840450286865,0.06293964385986328,0.10468809306621552
2023-08-25T00:00:00+00:00,2023-08-28T13:25:58.377270127+00:00,2023-08-28T13:25:58.377270127+00:00,NGU3@2023-08-29,-0.0011993050575256348,-0.05180525779724121,0.05505979061126709,0.10686502605676651
2023-08-28T00:00:00+00:00,2023-08-29T14:36:24.350897629+00:00,2023-08-29T14:36:24.350897629+00:00,NGU3@2023-08-29,-0.001881718635559082,-0.044294893741607666,0.05052483081817627,0.09481978416442871
2023-08-29T00:00:00+00:00,2023-08-30T13:25:42.744489749+00:00,2023-08-30T13:25:42.744489749+00:00,NGV3@2023-09-27,-0.0016858577728271484,-0.03792691230773926,0.046738624572753906,0.08466555923223495
2023-08-30T00:00:00+00:00,2023-08-31T13:26:06.343553490+00:00,2023-08-31T13:26:06.343553490+00:00,NGV3@2023-09-27,-0.007126212120056152,-0.04882252216339111,0.04722106456756592,0.09604354947805405
2023-08-31T00:00:00+00:00,2023-09-01T13:56:29.954635431+00:00,2023-09-01T13:56:29.954635431+00:00,NGV3@2023-09-27,-0.004814267158508301,-0.0446968674659729,0.05050921440124512,0.09520602226257324
2023-09-01T00:00:00+00:00,2023-09-05T13:27:31.427997123+00:00,2023-09-05T13:27:31.427997123+00:00,NGV3@2023-09-27,-0.0034908056259155273,-0.04173171520233154,0.05081665515899658,0.09254840016365051
2023-09-05T00:00:00+00:00,2023-09-06T13:29:38.443769047+00:00,2023-09-06T13:29:38.443769047+00:00,NGV3@2023-09-27,0.004746079444885254,-0.03465312719345093,0.05624735355377197,0.09090045094490051
2023-09-06T00:00:00+00:00,2023-09-07T13:28:09.209844451+00:00,2023-09-07T13:28:09.209844451+00:00,NGV3@2023-09-27,0.013403534889221191,-0.028116226196289062,0.06630635261535645,0.09442249685525894
2023-09-07T00:00:00+00:00,2023-09-08T13:25:34.623117724+00:00,2023-09-08T13:25:34.623117724+00:00,NGV3@2023-09-27,0.009276628494262695,-0.034094810485839844,0.06241869926452637,0.09651348739862442
2023-09-08T00:00:00+00:00,2023-09-11T13:33:33.225865339+00:00,2023-09-11T13:33:33.225865339+00:00,NGV3@2023-09-27,0.0053462982177734375,-0.03609621524810791,0.05606484413146973,0.09216108918190002
2023-09-11T00:00:00+00:00,2023-09-12T14:10:03.950938185+00:00,2023-09-12T14:10:03.950938185+00:00,NGV3@2023-09-27,0.0024743080139160156,-0.03395003080368042,0.0480884313583374,0.08203847706317902
2023-09-12T00:00:00+00:00,2023-09-13T13:55:57.805578609+00:00,2023-09-13T13:55:57.805578609+00:00,NGV3@2023-09-27,0.005577802658081055,-0.038796842098236084,0.057264089584350586,0.09606095403432846
2023-09-13T00:00:00+00:00,2023-09-14T13:30:46.755671001+00:00,2023-09-14T13:30:46.755671001+00:00,NGV3@2023-09-27,-0.0002815723419189453,-0.04339092969894409,0.0479656457901001,0.09135656803846359
2023-09-14T00:00:00+00:00,2023-09-15T14:22:33.897714535+00:00,2023-09-15T14:22:33.897714535+00:00,NGV3@2023-09-27,0.003235936164855957,-0.03924202919006348,0.050464630126953125,0.0897066667675972
2023-09-15T00:00:00+00:00,2023-09-18T14:06:41.003847091+00:00,2023-09-18T14:06:41.003847091+00:00,NGV3@2023-09-27,0.007290482521057129,-0.03435564041137695,0.056462645530700684,0.09081827104091644
2023-09-18T00:00:00+00:00,2023-09-19T13:26:51.171586095+00:00,2023-09-19T13:26:51.171586095+00:00,NGV3@2023-09-27,0.0003101825714111328,-0.03891587257385254,0.047339439392089844,0.08625534921884537
2023-09-19T00:00:00+00:00,2023-09-20T13:25:57.221954133+00:00,2023-09-20T13:25:57.221954133+00:00,NGV3@2023-09-27,-0.014104783535003662,-0.0546686053276062,0.030776262283325195,0.0854448452591896
2023-09-20T00:00:00+00:00,2023-09-21T13:26:46.077483339+00:00,2023-09-21T13:26:46.077483339+00:00,NGV3@2023-09-27,-0.0027170181274414062,-0.04512810707092285,0.0443727970123291,0.08950091898441315
2023-09-21T00:00:00+00:00,2023-09-22T13:56:02.197308127+00:00,2023-09-22T13:56:02.197308127+00:00,NGV3@2023-09-27,0.00900888442993164,-0.032328009605407715,0.054346561431884766,0.08667456358671188
2023-09-22T00:00:00+00:00,2023-09-25T13:26:53.346302871+00:00,2023-09-25T13:26:53.346302871+00:00,NGV3@2023-09-27,0.013484358787536621,-0.027607977390289307,0.06003296375274658,0.08764102309942245
2023-09-25T00:00:00+00:00,2023-09-26T13:33:10.989059315+00:00,2023-09-26T13:33:10.989059315+00:00,NGV3@2023-09-27,0.007183074951171875,-0.03458684682846069,0.05137360095977783,0.08596042543649673
2023-09-26T00:00:00+00:00,2023-09-27T13:26:47.033013589+00:00,2023-09-27T13:26:47.033013589+00:00,NGX3@2023-10-27,0.01731741428375244,-0.021291017532348633,0.05798530578613281,0.07927631586790085
2023-09-27T00:00:00+00:00,2023-09-28T13:28:42.662457261+00:00,2023-09-28T13:28:42.662457261+00:00,NGX3@2023-10-27,0.01929938793182373,-0.01717287302017212,0.05794942378997803,0.07512225210666656
2023-09-28T00:00:00+00:00,2023-09-29T13:25:59.358222421+00:00,2023-09-29T13:25:59.358222421+00:00,NGX3@2023-10-27,0.011926412582397461,-0.022884786128997803,0.04820120334625244,0.07108598202466965
2023-09-29T00:00:00+00:00,2023-10-02T14:09:54.822156078+00:00,2023-10-02T14:09:54.822156078+00:00,NGX3@2023-10-27,0.00827634334564209,-0.02568960189819336,0.04322218894958496,0.06891176104545593
2023-10-02T00:00:00+00:00,2023-10-03T13:59:41.905754841+00:00,2023-10-03T13:59:41.905754841+00:00,NGX3@2023-10-27,0.013593077659606934,-0.022275209426879883,0.051563262939453125,0.07383840531110764
2023-10-03T00:00:00+00:00,2023-10-04T13:27:53.982544396+00:00,2023-10-04T13:27:53.982544396+00:00,NGX3@2023-10-27,0.013146281242370605,-0.02272820472717285,0.049635887145996094,0.07236412167549133
2023-10-04T00:00:00+00:00,2023-10-05T13:30:24.330500857+00:00,2023-10-05T13:30:24.330500857+00:00,NGX3@2023-10-27,0.002598404884338379,-0.032731831073760986,0.03708291053771973,0.06981471180915833
2023-10-05T00:00:00+00:00,2023-10-06T13:35:47.383853287+00:00,2023-10-06T13:35:47.383853287+00:00,NGX3@2023-10-27,-0.004322171211242676,-0.04174184799194336,0.033477187156677246,0.07521902769804001
2023-10-06T00:00:00+00:00,2023-10-09T14:01:36.828940508+00:00,2023-10-09T14:01:36.828940508+00:00,NGX3@2023-10-27,-0.014377415180206299,-0.06365126371383667,0.03796970844268799,0.10162094980478287
2023-10-09T00:00:00+00:00,2023-10-10T13:58:12.857136334+00:00,2023-10-10T13:58:12.857136334+00:00,NGX3@2023-10-27,-0.0061037540435791016,-0.05658000707626343,0.04631948471069336,0.10289943963289261
2023-10-10T00:00:00+00:00,2023-10-11T13:29:44.027148855+00:00,2023-10-11T13:29:44.027148855+00:00,NGX3@2023-10-27,-0.0024313926696777344,-0.047870934009552,0.03957796096801758,0.08744886517524719
2023-10-11T00:00:00+00:00,2023-10-12T14:44:27.296328731+00:00,2023-10-12T14:44:27.296328731+00:00,NGX3@2023-10-27,-0.01053088903427124,-0.05055922269821167,0.0262451171875,0.07680438458919525
2023-10-12T00:00:00+00:00,2023-10-13T14:08:37.673523528+00:00,2023-10-13T14:08:37.673523528+00:00,NGX3@2023-10-27,-0.0119820237159729,-0.05136793851852417,0.029262781143188477,0.08063074946403503
2023-10-13T00:00:00+00:00,2023-10-16T13:29:22.729595500+00:00,2023-10-16T13:29:22.729595500+00:00,NGX3@2023-10-27,-0.014977872371673584,-0.05356264114379883,0.022167563438415527,0.07573024183511734
2023-10-16T00:00:00+00:00,2023-10-17T13:26:51.438091174+00:00,2023-10-17T13:26:51.438091174+00:00,NGX3@2023-10-27,-0.008251726627349854,-0.04855704307556152,0.034418344497680664,0.0829753428697586
2023-10-17T00:00:00+00:00,2023-10-18T13:32:55.758782280+00:00,2023-10-18T13:32:55.758782280+00:00,NGX3@2023-10-27,-0.0001360774040222168,-0.03741055727005005,0.04333841800689697,0.0807490199804306
2023-10-18T00:00:00+00:00,2023-10-19T13:28:36.098137292+00:00,2023-10-19T13:28:36.098137292+00:00,NGX3@2023-10-27,-5.733966827392578e-05,-0.03249388933181763,0.040618896484375,0.07311274111270905
2023-10-19T00:00:00+00:00,2023-10-20T13:54:11.669658270+00:00,2023-10-20T13:54:11.669658270+00:00,NGX3@2023-10-27,0.00276029109954834,-0.030564486980438232,0.045902252197265625,0.07646673172712326
2023-10-20T00:00:00+00:00,2023-10-23T13:30:56.290241929+00:00,2023-10-23T13:30:56.290241929+00:00,NGX3@2023-10-27,0.010142326354980469,-0.017300903797149658,0.050704002380371094,0.06800489127635956
2023-10-23T00:00:00+00:00,2023-10-24T13:28:44.085301224+00:00,2023-10-24T13:28:44.085301224+00:00,NGX3@2023-10-27,0.00722193717956543,-0.019409120082855225,0.04835069179534912,0.06775975972414017
2023-10-24T00:00:00+00:00,2023-10-25T13:34:22.169954133+00:00,2023-10-25T13:34:22.169954133+00:00,NGX3@2023-10-27,0.004181981086730957,-0.024091660976409912,0.0449671745300293,0.06905889511108398
2023-10-25T00:00:00+00:00,2023-10-26T14:28:03.116651328+00:00,2023-10-26T14:28:03.116651328+00:00,NGX3@2023-10-27,0.00252532958984375,-0.02133578062057495,0.04083263874053955,0.06216839700937271
2023-10-26T00:00:00+00:00,2023-10-27T13:49:43.034964132+00:00,2023-10-27T13:49:43.034964132+00:00,NGZ3@2023-11-28,0.012381672859191895,-0.018318891525268555,0.0450671911239624,0.06338608264923096
2023-10-27T00:00:00+00:00,2023-10-30T13:27:02.094498473+00:00,2023-10-30T13:27:02.094498473+00:00,NGZ3@2023-11-28,0.003145456314086914,-0.026775658130645752,0.03159606456756592,0.058371685445308685
2023-10-30T00:00:00+00:00,2023-10-31T13:36:21.858544950+00:00,2023-10-31T13:36:21.858544950+00:00,NGZ3@2023-11-28,0.0017428398132324219,-0.025384485721588135,0.033204078674316406,0.05858859047293663
2023-10-31T00:00:00+00:00,2023-11-01T13:26:54.215802719+00:00,2023-11-01T13:26:54.215802719+00:00,NGZ3@2023-11-28,0.005569100379943848,-0.03376972675323486,0.04415404796600342,0.07792379707098007
2023-11-01T00:00:00+00:00,2023-11-02T14:50:09.829024506+00:00,2023-11-02T14:50:09.829024506+00:00,NGZ3@2023-11-28,-0.005691230297088623,-0.040559470653533936,0.030451655387878418,0.07101114094257355
2023-11-02T00:00:00+00:00,2023-11-03T14:03:03.783140118+00:00,2023-11-03T14:03:03.783140118+00:00,NGZ3@2023-11-28,-0.004893124103546143,-0.0367283821105957,0.028661489486694336,0.06538987159729004
2023-11-03T00:00:00+00:00,2023-11-06T15:05:23.580221170+00:00,2023-11-06T15:05:23.580221170+00:00,NGZ3@2023-11-28,0.001176595687866211,-0.0325809121131897,0.03628253936767578,0.06886348873376846
2023-11-06T00:00:00+00:00,2023-11-07T14:51:21.379536676+00:00,2023-11-07T14:51:21.379536676+00:00,NGZ3@2023-11-28,0.01881420612335205,-0.010934412479400635,0.05418109893798828,0.06511551886796951
2023-11-07T00:00:00+00:00,2023-11-08T14:46:12.325327375+00:00,2023-11-08T14:46:12.325327375+00:00,NGZ3@2023-11-28,0.034963130950927734,0.002922534942626953,0.074471116065979,0.07154858112335205
2023-11-08T00:00:00+00:00,2023-11-09T14:36:19.801454309+00:00,2023-11-09T14:36:19.801454309+00:00,NGZ3@2023-11-28,0.02814614772796631,-0.009329497814178467,0.07374119758605957,0.08307068049907684
2023-11-09T00:00:00+00:00,2023-11-10T14:27:13.998117445+00:00,2023-11-10T14:27:13.998117445+00:00,NGZ3@2023-11-28,0.022840261459350586,-0.020072460174560547,0.07679319381713867,0.0968656837940216
2023-11-10T00:00:00+00:00,2023-11-13T14:28:53.722932991+00:00,2023-11-13T14:28:53.722932991+00:00,NGZ3@2023-11-28,0.019466876983642578,-0.02296847105026245,0.07136499881744385,0.09433341771364212
2023-11-13T00:00:00+00:00,2023-11-14T14:33:26.469544061+00:00,2023-11-14T14:33:26.469544061+00:00,NGZ3@2023-11-28,0.021781086921691895,-0.02160060405731201,0.0732884407043457,0.09488910436630249
2023-11-14T00:00:00+00:00,2023-11-15T15:13:06.474377596+00:00,2023-11-15T15:13:06.474377596+00:00,NGZ3@2023-11-28,0.014741063117980957,-0.02846318483352661,0.06376802921295166,0.0922311469912529
2023-11-15T00:00:00+00:00,2023-11-16T15:35:33.997696386+00:00,2023-11-16T15:35:33.997696386+00:00,NGZ3@2023-11-28,0.012657523155212402,-0.029240787029266357,0.06144917011260986,0.09068994224071503
2023-11-16T00:00:00+00:00,2023-11-17T14:28:08.635010526+00:00,2023-11-17T14:28:08.635010526+00:00,NGZ3@2023-11-28,0.017577052116394043,-0.028040707111358643,0.07380032539367676,0.1018410176038742
2023-11-17T00:00:00+00:00,2023-11-20T14:33:06.139541835+00:00,2023-11-20T14:33:06.139541835+00:00,NGZ3@2023-11-28,0.02531278133392334,-0.02172034978866577,0.08415937423706055,0.10587967932224274
2023-11-20T00:00:00+00:00,2023-11-21T14:48:24.447373494+00:00,2023-11-21T14:48:24.447373494+00:00,NGZ3@2023-11-28,0.02272045612335205,-0.02385014295578003,0.07681262493133545,0.10066277533769608
2023-11-21T00:00:00+00:00,2023-11-22T15:12:02.545368235+00:00,2023-11-22T15:12:02.545368235+00:00,NGZ3@2023-11-28,0.01653122901916504,-0.028903543949127197,0.06864750385284424,0.09755106270313263
2023-11-22T00:00:00+00:00,2023-11-24T15:00:51.062590436+00:00,2023-11-24T15:00:51.062590436+00:00,NGZ3@2023-11-28,0.007322549819946289,-0.04118853807449341,0.06455421447753906,0.10574278980493546
2023-11-24T00:00:00+00:00,2023-11-27T15:19:59.525354900+00:00,2023-11-27T15:19:59.525354900+00:00,NGZ3@2023-11-28,0.006822824478149414,-0.03922230005264282,0.059935569763183594,0.0991579070687294
2023-11-27T00:00:00+00:00,2023-11-28T14:59:18.598426822+00:00,2023-11-28T14:59:18.598426822+00:00,NGF4@2023-12-27,0.007066011428833008,-0.0227544903755188,0.045716047286987305,0.06847047805786133
2023-11-28T00:00:00+00:00,2023-11-29T14:57:12.286944826+00:00,2023-11-29T14:57:12.286944826+00:00,NGF4@2023-12-27,0.011550068855285645,-0.03487914800643921,0.07143795490264893,0.10631712526082993
2023-11-29T00:00:00+00:00,2023-11-30T14:28:42.296849072+00:00,2023-11-30T14:28:42.296849072+00:00,NGF4@2023-12-27,0.00820469856262207,-0.044777631759643555,0.07251560688018799,0.11729318648576736
2023-11-30T00:00:00+00:00,2023-12-01T15:17:46.701292731+00:00,2023-12-01T15:17:46.701292731+00:00,NGF4@2023-12-27,0.0028418302536010742,-0.04282563924789429,0.059015631675720215,0.10184123367071152
2023-12-01T00:00:00+00:00,2023-12-04T14:27:33.308960565+00:00,2023-12-04T14:27:33.308960565+00:00,NGF4@2023-12-27,-0.003941714763641357,-0.04451972246170044,0.047420620918273926,0.09194035828113556
2023-12-04T00:00:00+00:00,2023-12-05T14:36:23.909873987+00:00,2023-12-05T14:36:23.909873987+00:00,NGF4@2023-12-27,-0.004711568355560303,-0.05921107530593872,0.056514859199523926,0.11572593450546265
2023-12-05T00:00:00+00:00,2023-12-06T14:27:06.561564938+00:00,2023-12-06T14:27:06.561564938+00:00,NGF4@2023-12-27,-0.0035588741302490234,-0.04409760236740112,0.03874552249908447,0.08284306526184082
2023-12-06T00:00:00+00:00,2023-12-07T14:27:53.251106226+00:00,2023-12-07T14:27:53.251106226+00:00,NGF4@2023-12-27,0.00987088680267334,-0.017902910709381104,0.048525452613830566,0.06642839312553406
2023-12-07T00:00:00+00:00,2023-12-08T14:28:12.594200785+00:00,2023-12-08T14:28:12.594200785+00:00,NGF4@2023-12-27,-0.0032230615615844727,-0.03979247808456421,0.039960384368896484,0.07975281029939651
2023-12-08T00:00:00+00:00,2023-12-11T14:49:45.122525332+00:00,2023-12-11T14:49:45.122525332+00:00,NGF4@2023-12-27,0.0018000602722167969,-0.02372688055038452,0.03627312183380127,0.06000000610947609
2023-12-11T00:00:00+00:00,2023-12-12T14:46:12.585463943+00:00,2023-12-12T14:46:12.585463943+00:00,NGF4@2023-12-27,0.007008671760559082,-0.023317158222198486,0.04657602310180664,0.06989322602748871
2023-12-12T00:00:00+00:00,2023-12-13T14:58:11.330909588+00:00,2023-12-13T14:58:11.330909588+00:00,NGF4@2023-12-27,-0.00424724817276001,-0.022629976272583008,0.03065943717956543,0.05328938737511635
2023-12-13T00:00:00+00:00,2023-12-14T14:28:20.157051939+00:00,2023-12-14T14:28:20.157051939+00:00,NGF4@2023-12-27,-0.003000795841217041,-0.027193009853363037,0.03300464153289795,0.060197677463293076
2023-12-14T00:00:00+00:00,2023-12-15T14:29:06.515564844+00:00,2023-12-15T14:29:06.515564844+00:00,NGF4@2023-12-27,0.003827333450317383,-0.03323018550872803,0.05068314075469971,0.08391337096691132
2023-12-15T00:00:00+00:00,2023-12-18T15:26:57.413521563+00:00,2023-12-18T15:26:57.413521563+00:00,NGF4@2023-12-27,0.007938742637634277,-0.027441680431365967,0.05145061016082764,0.07889233529567719
2023-12-18T00:00:00+00:00,2023-12-19T14:35:10.292014513+00:00,2023-12-19T14:35:10.292014513+00:00,NGF4@2023-12-27,0.0028573274612426758,-0.04462951421737671,0.0549473762512207,0.09957686066627502
2023-12-29T00:00:00+00:00,2023-12-31T18:30:30.262835139+00:00,2023-12-31T18:30:30.262835139+00:00,NGG4@2024-01-29,-0.0017133355140686035,-0.04287600517272949,0.04682731628417969,0.08970333635807037
2024-01-02T00:00:00+00:00,2024-01-03T14:27:17.970073309+00:00,2024-01-03T14:27:17.970073309+00:00,NGG4@2024-01-29,0.0039098262786865234,-0.01942676305770874,0.04889798164367676,0.0683247447013855
2024-01-03T00:00:00+00:00,2024-01-04T14:29:13.281475227+00:00,2024-01-04T14:29:13.281475227+00:00,NGG4@2024-01-29,0.0031523704528808594,-0.03945392370223999,0.05804455280303955,0.09749845415353775
2024-01-04T00:00:00+00:00,2024-01-05T14:27:18.813553326+00:00,2024-01-05T14:27:18.813553326+00:00,NGG4@2024-01-29,0.0026761293411254883,-0.031633079051971436,0.052567243576049805,0.08420038223266602
2024-01-05T00:00:00+00:00,2024-01-08T14:31:11.219657652+00:00,2024-01-08T14:31:11.219657652+00:00,NGG4@2024-01-29,0.00762021541595459,-0.026596546173095703,0.057288169860839844,0.08388469368219376
2024-01-08T00:00:00+00:00,2024-01-09T14:32:37.024707927+00:00,2024-01-09T14:32:37.024707927+00:00,NGG4@2024-01-29,0.0018391609191894531,-0.04205745458602905,0.0516047477722168,0.09366218000650406
2024-01-09T00:00:00+00:00,2024-01-10T14:28:12.037317139+00:00,2024-01-10T14:28:12.037317139+00:00,NGG4@2024-01-29,0.007822394371032715,-0.04368126392364502,0.05114293098449707,0.09482422471046448
2024-01-10T00:00:00+00:00,2024-01-11T14:32:08.359094381+00:00,2024-01-11T14:32:08.359094381+00:00,NGG4@2024-01-29,-0.005494952201843262,-0.06911331415176392,0.045677900314331055,0.11479120701551437
2024-01-11T00:00:00+00:00,2024-01-12T14:49:38.845633719+00:00,2024-01-12T14:49:38.845633719+00:00,NGG4@2024-01-29,0.003954648971557617,-0.0626571774482727,0.051578640937805176,0.11423584073781967
2024-01-12T00:00:00+00:00,2024-01-16T14:34:30.714328761+00:00,2024-01-16T14:34:30.714328761+00:00,NGG4@2024-01-29,0.0001150369644165039,-0.06808847188949585,0.0620652437210083,0.13015365600585938
2024-01-16T00:00:00+00:00,2024-01-17T15:01:18.261451735+00:00,2024-01-17T15:01:18.261451735+00:00,NGG4@2024-01-29,-0.0052686333656311035,-0.08622729778289795,0.05486488342285156,0.14109216630458832
2024-01-17T00:00:00+00:00,2024-01-18T14:28:23.001477534+00:00,2024-01-18T14:28:23.001477534+00:00,NGG4@2024-01-29,-0.01722705364227295,-0.0964018702507019,0.050455451011657715,0.14685729146003723
2024-01-18T00:00:00+00:00,2024-01-19T14:48:30.518104270+00:00,2024-01-19T14:48:30.518104270+00:00,NGG4@2024-01-29,-0.01707226037979126,-0.09731400012969971,0.052869439125061035,0.15018345415592194
2024-01-19T00:00:00+00:00,2024-01-22T14:27:15.892284823+00:00,2024-01-22T14:27:15.892284823+00:00,NGG4@2024-01-29,-0.014570891857147217,-0.10198330879211426,0.06954145431518555,0.1715247929096222
2024-01-22T00:00:00+00:00,2024-01-23T14:35:34.181597952+00:00,2024-01-23T14:35:34.181597952+00:00,NGG4@2024-01-29,-0.018261373043060303,-0.08573037385940552,0.04736185073852539,0.13309217989444733
2024-01-23T00:00:00+00:00,2024-01-24T14:28:10.439450706+00:00,2024-01-24T14:28:10.439450706+00:00,NGG4@2024-01-29,-0.007937073707580566,-0.08611047267913818,0.07300138473510742,0.15911179780960083
2024-01-24T00:00:00+00:00,2024-01-25T14:27:15.665899870+00:00,2024-01-25T14:27:15.665899870+00:00,NGG4@2024-01-29,-0.0026366710662841797,-0.08614438772201538,0.07217836380004883,0.1583227515220642
2024-01-25T00:00:00+00:00,2024-01-26T14:48:19.011845101+00:00,2024-01-26T14:48:19.011845101+00:00,NGH4@2024-02-27,-0.011610984802246094,-0.07713931798934937,0.042542219161987305,0.11968152970075607
2024-01-26T00:00:00+00:00,2024-01-29T15:02:56.260042985+00:00,2024-01-29T15:02:56.260042985+00:00,NGH4@2024-02-27,-0.010444402694702148,-0.0572589635848999,0.04073810577392578,0.09799705445766449
2024-01-29T00:00:00+00:00,2024-01-30T15:00:30.187470713+00:00,2024-01-30T15:00:30.187470713+00:00,NGH4@2024-02-27,-0.011753559112548828,-0.058019936084747314,0.03894495964050293,0.09696492552757263
2024-01-30T00:00:00+00:00,2024-01-31T15:01:21.045722737+00:00,2024-01-31T15:01:21.045722737+00:00,NGH4@2024-02-27,-0.005447030067443848,-0.08576339483261108,0.05927252769470215,0.14503592252731323
2024-01-31T00:00:00+00:00,2024-02-01T14:32:03.178943036+00:00,2024-02-01T14:32:03.178943036+00:00,NGH4@2024-02-27,-0.0017493963241577148,-0.07486051321029663,0.06365966796875,0.13852018117904663
2024-02-01T00:00:00+00:00,2024-02-02T14:30:16.458806839+00:00,2024-02-02T14:30:16.458806839+00:00,NGH4@2024-02-27,-0.005689024925231934,-0.08068275451660156,0.07032203674316406,0.1510048508644104
2024-02-02T00:00:00+00:00,2024-02-05T14:27:13.503959601+00:00,2024-02-05T14:27:13.503959601+00:00,NGH4@2024-02-27,-0.0016565322875976562,-0.07632416486740112,0.06152224540710449,0.13784636557102203
2024-02-05T00:00:00+00:00,2024-02-06T14:29:43.062792680+00:00,2024-02-06T14:29:43.062792680+00:00,NGH4@2024-02-27,0.005927562713623047,-0.06768089532852173,0.0726698637008667,0.14035078883171082
2024-02-06T00:00:00+00:00,2024-02-07T14:47:57.667196154+00:00,2024-02-07T14:47:57.667196154+00:00,NGH4@2024-02-27,-0.008811712265014648,-0.08408159017562866,0.05886209011077881,0.14294368028640747
2024-02-07T00:00:00+00:00,2024-02-08T14:26:28.618022571+00:00,2024-02-08T14:26:28.618022571+00:00,NGH4@2024-02-27,0.0035191774368286133,-0.06550353765487671,0.06822860240936279,0.13373209536075592
2024-02-08T00:00:00+00:00,2024-02-09T14:26:22.582612838+00:00,2024-02-09T14:26:22.582612838+00:00,NGH4@2024-02-27,-0.0022789835929870605,-0.08740502595901489,0.06661355495452881,0.1540185809135437
2024-02-09T00:00:00+00:00,2024-02-12T14:30:16.342458291+00:00,2024-02-12T14:30:16.342458291+00:00,NGH4@2024-02-27,-0.0012421011924743652,-0.06534528732299805,0.05123627185821533,0.11658158898353577
2024-02-12T00:00:00+00:00,2024-02-13T14:35:54.049570221+00:00,2024-02-13T14:35:54.049570221+00:00,NGH4@2024-02-27,-0.018375098705291748,-0.0897626280784607,0.03472006320953369,0.12448275089263916
2024-02-13T00:00:00+00:00,2024-02-14T14:28:18.734987646+00:00,2024-02-14T14:28:18.734987646+00:00,NGH4@2024-02-27,-0.021565914154052734,-0.07066565752029419,0.03426337242126465,0.10492901504039764
2024-02-14T00:00:00+00:00,2024-02-15T14:29:48.827987404+00:00,2024-02-15T14:29:48.827987404+00:00,NGH4@2024-02-27,-0.02222651243209839,-0.07932347059249878,0.04149448871612549,0.12081791460514069
2024-02-15T00:00:00+00:00,2024-02-16T14:52:58.847424857+00:00,2024-02-16T14:52:58.847424857+00:00,NGH4@2024-02-27,-0.008330464363098145,-0.11176913976669312,0.06995749473571777,0.18172667920589447
2024-02-16T00:00:00+00:00,2024-02-20T14:27:07.714306009+00:00,2024-02-20T14:27:07.714306009+00:00,NGH4@2024-02-27,-0.004885077476501465,-0.08089852333068848,0.0671011209487915,0.1479996293783188
2024-02-20T00:00:00+00:00,2024-02-21T14:55:11.158950953+00:00,2024-02-21T14:55:11.158950953+00:00,NGH4@2024-02-27,0.0008759498596191406,-0.057086825370788574,0.06324458122253418,0.12033133953809738
2024-02-21T00:00:00+00:00,2024-02-22T14:27:57.139277591+00:00,2024-02-22T14:27:57.139277591+00:00,NGH4@2024-02-27,0.019194960594177246,-0.05941265821456909,0.06832528114318848,0.12773796916007996
2024-02-22T00:00:00+00:00,2024-02-23T14:59:28.002467493+00:00,2024-02-23T14:59:28.002467493+00:00,NGH4@2024-02-27,-0.004881024360656738,-0.09226131439208984,0.06243550777435303,0.15469683706760406
2024-02-23T00:00:00+00:00,2024-02-26T14:29:39.287690518+00:00,2024-02-26T14:29:39.287690518+00:00,NGH4@2024-02-27,-0.008074641227722168,-0.07213640213012695,0.048990607261657715,0.12112704664468765
2024-02-26T00:00:00+00:00,2024-02-27T14:29:42.355551213+00:00,2024-02-27T14:29:42.355551213+00:00,NGH4@2024-02-27,0.0028085708618164062,-0.0679735541343689,0.07079410552978516,0.13876773416996002
2024-02-27T00:00:00+00:00,2024-02-28T14:26:39.471202391+00:00,2024-02-28T14:26:39.471202391+00:00,NGJ4@2024-03-26,0.006811857223510742,-0.0762629508972168,0.06690764427185059,0.14317062497138977
2024-02-28T00:00:00+00:00,2024-02-29T14:28:26.861816927+00:00,2024-02-29T14:28:26.861816927+00:00,NGJ4@2024-03-26,0.004432797431945801,-0.06887412071228027,0.05130589008331299,0.12018004059791565
2024-02-29T00:00:00+00:00,2024-03-01T14:46:30.999170839+00:00,2024-03-01T14:46:30.999170839+00:00,NGJ4@2024-03-26,-0.0058463215827941895,-0.06215912103652954,0.03536391258239746,0.09752307087182999
2024-03-01T00:00:00+00:00,2024-03-04T14:26:58.441265008+00:00,2024-03-04T14:26:58.441265008+00:00,NGJ4@2024-03-26,-0.0181615948677063,-0.07019984722137451,0.02935469150543213,0.09955456852912903
2024-03-04T00:00:00+00:00,2024-03-05T14:52:07.784165851+00:00,2024-03-05T14:52:07.784165851+00:00,NGJ4@2024-03-26,0.0028061866760253906,-0.04647785425186157,0.03591477870941162,0.08239265531301498
2024-03-05T00:00:00+00:00,2024-03-06T14:27:38.610799179+00:00,2024-03-06T14:27:38.610799179+00:00,NGJ4@2024-03-26,0.00036132335662841797,-0.04916578531265259,0.03516578674316406,0.08433158695697784
2024-03-06T00:00:00+00:00,2024-03-07T15:23:50.008316382+00:00,2024-03-07T15:23:50.008316382+00:00,NGJ4@2024-03-26,0.00011909008026123047,-0.0520554780960083,0.043470025062561035,0.09552545100450516
2024-03-07T00:00:00+00:00,2024-03-08T14:27:36.547031153+00:00,2024-03-08T14:27:36.547031153+00:00,NGJ4@2024-03-26,-0.0005353093147277832,-0.05626797676086426,0.04240119457244873,0.09866916388273239
2024-03-08T00:00:00+00:00,2024-03-11T13:28:20.782516231+00:00,2024-03-11T13:28:20.782516231+00:00,NGJ4@2024-03-26,-0.002318859100341797,-0.05058246850967407,0.03906989097595215,0.08965238928794861
2024-03-11T00:00:00+00:00,2024-03-12T14:18:50.024088798+00:00,2024-03-12T14:18:50.024088798+00:00,NGJ4@2024-03-26,-0.009831428527832031,-0.06389755010604858,0.037757158279418945,0.10165469348430634
2024-03-12T00:00:00+00:00,2024-03-13T14:01:46.508484381+00:00,2024-03-13T14:01:46.508484381+00:00,NGJ4@2024-03-26,-0.010587930679321289,-0.06268113851547241,0.04639291763305664,0.10907406359910965
2024-03-13T00:00:00+00:00,2024-03-14T13:49:56.380222189+00:00,2024-03-14T13:49:56.380222189+00:00,NGJ4@2024-03-26,-0.014450013637542725,-0.058116257190704346,0.038143038749694824,0.09625927358865738
2024-03-14T00:00:00+00:00,2024-03-15T13:29:19.092567380+00:00,2024-03-15T13:29:19.092567380+00:00,NGJ4@2024-03-26,-0.006628930568695068,-0.056335389614105225,0.04411721229553223,0.10045254975557327
2024-03-15T00:00:00+00:00,2024-03-18T13:37:50.914009285+00:00,2024-03-18T13:37:50.914009285+00:00,NGJ4@2024-03-26,-0.024250388145446777,-0.06673729419708252,0.022464275360107422,0.08920153975486755
2024-03-18T00:00:00+00:00,2024-03-19T13:29:01.878330044+00:00,2024-03-19T13:29:01.878330044+00:00,NGJ4@2024-03-26,-0.013694047927856445,-0.0580592155456543,0.031580567359924316,0.08963979035615921
2024-03-19T00:00:00+00:00,2024-03-20T13:32:32.241119140+00:00,2024-03-20T13:32:32.241119140+00:00,NGJ4@2024-03-26,-0.003894984722137451,-0.047079384326934814,0.03524339199066162,0.08232276886701584
2024-03-20T00:00:00+00:00,2024-03-21T13:59:04.121106295+00:00,2024-03-21T13:59:04.121106295+00:00,NGJ4@2024-03-26,-0.011583268642425537,-0.052582621574401855,0.03517556190490723,0.08775817602872849
2024-03-21T00:00:00+00:00,2024-03-22T13:28:10.045526719+00:00,2024-03-22T13:28:10.045526719+00:00,NGJ4@2024-03-26,-0.005392849445343018,-0.05291992425918579,0.0460505485534668,0.09897048771381378
2024-03-22T00:00:00+00:00,2024-03-25T13:27:57.709601778+00:00,2024-03-25T13:27:57.709601778+00:00,NGJ4@2024-03-26,-0.010696053504943848,-0.06716704368591309,0.04593956470489502,0.11310669034719467
2024-03-25T00:00:00+00:00,2024-03-26T13:28:25.847909723+00:00,2024-03-26T13:28:25.847909723+00:00,NGJ4@2024-03-26,-0.012775897979736328,-0.05615156888961792,0.04098081588745117,0.09713231772184372
2024-03-26T00:00:00+00:00,2024-03-27T13:27:00.873735348+00:00,2024-03-27T13:27:00.873735348+00:00,NGK4@2024-04-26,-0.010718226432800293,-0.05992645025253296,0.03847050666809082,0.09839693456888199
2024-03-27T00:00:00+00:00,2024-03-28T13:26:23.466690839+00:00,2024-03-28T13:26:23.466690839+00:00,NGK4@2024-04-26,-0.012111306190490723,-0.06401050090789795,0.044767141342163086,0.10877764225006104
2024-03-28T00:00:00+00:00,2024-04-01T14:06:00.501808168+00:00,2024-04-01T14:06:00.501808168+00:00,NGK4@2024-04-26,-0.008552789688110352,-0.06313401460647583,0.04330086708068848,0.1064348965883255
2024-04-01T00:00:00+00:00,2024-04-02T13:29:22.035517659+00:00,2024-04-02T13:29:22.035517659+00:00,NGK4@2024-04-26,0.00817263126373291,-0.053232431411743164,0.05849289894104004,0.11172538250684738
2024-04-02T00:00:00+00:00,2024-04-03T14:31:39.426616725+00:00,2024-04-03T14:31:39.426616725+00:00,NGK4@2024-04-26,0.00287473201751709,-0.05247694253921509,0.043999671936035156,0.09647655487060547
2024-04-03T00:00:00+00:00,2024-04-04T13:27:43.708297438+00:00,2024-04-04T13:27:43.708297438+00:00,NGK4@2024-04-26,-0.0012360811233520508,-0.04693871736526489,0.042139530181884766,0.08907828480005264
2024-04-04T00:00:00+00:00,2024-04-05T13:52:27.552467258+00:00,2024-04-05T13:52:27.552467258+00:00,NGK4@2024-04-26,-0.00408017635345459,-0.035215795040130615,0.03521299362182617,0.070428766310215
2024-04-05T00:00:00+00:00,2024-04-08T13:27:54.186605264+00:00,2024-04-08T13:27:54.186605264+00:00,NGK4@2024-04-26,-0.0032263994216918945,-0.03828674554824829,0.03281867504119873,0.07110536843538284
2024-04-08T00:00:00+00:00,2024-04-09T13:29:12.149300078+00:00,2024-04-09T13:29:12.149300078+00:00,NGK4@2024-04-26,-0.003399193286895752,-0.0434718132019043,0.0317537784576416,0.07522565126419067
2024-04-09T00:00:00+00:00,2024-04-10T13:29:14.143106324+00:00,2024-04-10T13:29:14.143106324+00:00,NGK4@2024-04-26,0.0028725862503051758,-0.03714585304260254,0.04089081287384033,0.07803662121295929
2024-04-10T00:00:00+00:00,2024-04-11T13:28:52.429383569+00:00,2024-04-11T13:28:52.429383569+00:00,NGK4@2024-04-26,0.0048673152923583984,-0.033251404762268066,0.045305490493774414,0.07855696231126785
2024-04-11T00:00:00+00:00,2024-04-12T13:28:48.159595037+00:00,2024-04-12T13:28:48.159595037+00:00,NGK4@2024-04-26,0.005831003189086914,-0.045850515365600586,0.06039249897003174,0.10624304413795471
2024-04-12T00:00:00+00:00,2024-04-15T13:38:51.971689161+00:00,2024-04-15T13:38:51.971689161+00:00,NGK4@2024-04-26,0.003342866897583008,-0.04175102710723877,0.05607461929321289,0.09782563894987106
2024-04-15T00:00:00+00:00,2024-04-16T14:27:14.337965549+00:00,2024-04-16T14:27:14.337965549+00:00,NGK4@2024-04-26,0.0015411376953125,-0.042155683040618896,0.05883312225341797,0.10098881274461746
2024-04-16T00:00:00+00:00,2024-04-17T13:28:37.695904623+00:00,2024-04-17T13:28:37.695904623+00:00,NGK4@2024-04-26,0.0016937255859375,-0.039218366146087646,0.05542159080505371,0.09463992714881897
2024-04-17T00:00:00+00:00,2024-04-18T13:27:45.228935765+00:00,2024-04-18T13:27:45.228935765+00:00,NGK4@2024-04-26,0.0027350187301635742,-0.034398674964904785,0.05756974220275879,0.09196850657463074
2024-04-18T00:00:00+00:00,2024-04-19T13:28:19.119837261+00:00,2024-04-19T13:28:19.119837261+00:00,NGK4@2024-04-26,-2.5153160095214844e-05,-0.037966370582580566,0.04126274585723877,0.07922913134098053
2024-04-19T00:00:00+00:00,2024-04-22T13:29:49.852978353+00:00,2024-04-22T13:29:49.852978353+00:00,NGK4@2024-04-26,0.003901362419128418,-0.04588538408279419,0.0557483434677124,0.10163367539644241
2024-04-22T00:00:00+00:00,2024-04-23T13:26:52.755961632+00:00,2024-04-23T13:26:52.755961632+00:00,NGK4@2024-04-26,0.006415963172912598,-0.031618475914001465,0.05357813835144043,0.08519656956195831
2024-04-23T00:00:00+00:00,2024-04-24T14:31:05.838076566+00:00,2024-04-24T14:31:05.838076566+00:00,NGK4@2024-04-26,0.0036455392837524414,-0.03703916072845459,0.04024863243103027,0.07728774845600128
2024-04-24T00:00:00+00:00,2024-04-25T14:08:18.224395037+00:00,2024-04-25T14:08:18.224395037+00:00,NGK4@2024-04-26,0.004984498023986816,-0.054902493953704834,0.06217312812805176,0.11707563698291779
2024-04-25T00:00:00+00:00,2024-04-26T13:27:49.580186695+00:00,2024-04-26T13:27:49.580186695+00:00,NGM4@2024-05-29,0.005648612976074219,-0.05926603078842163,0.06540381908416748,0.1246698722243309
2024-04-26T00:00:00+00:00,2024-04-29T13:28:05.909359176+00:00,2024-04-29T13:28:05.909359176+00:00,NGM4@2024-05-29,0.003149867057800293,-0.05090588331222534,0.05536389350891113,0.10626978427171707
2024-04-29T00:00:00+00:00,2024-04-30T13:32:42.230723407+00:00,2024-04-30T13:32:42.230723407+00:00,NGM4@2024-05-29,0.0007417201995849609,-0.06263160705566406,0.05739712715148926,0.12002871930599213
2024-04-30T00:00:00+00:00,2024-05-01T14:50:04.319282266+00:00,2024-05-01T14:50:04.319282266+00:00,NGM4@2024-05-29,-0.0011066198348999023,-0.06565546989440918,0.05131423473358154,0.11696963757276535
2024-05-01T00:00:00+00:00,2024-05-02T13:33:05.133221842+00:00,2024-05-02T13:33:05.133221842+00:00,NGM4@2024-05-29,-0.006125152111053467,-0.061480700969696045,0.040053606033325195,0.10153435170650482
2024-05-02T00:00:00+00:00,2024-05-03T14:05:42.411697232+00:00,2024-05-03T14:05:42.411697232+00:00,NGM4@2024-05-29,-0.015292882919311523,-0.07047480344772339,0.03075432777404785,0.10122918337583542
2024-05-03T00:00:00+00:00,2024-05-06T14:12:56.822721671+00:00,2024-05-06T14:12:56.822721671+00:00,NGM4@2024-05-29,-0.004322826862335205,-0.052841007709503174,0.04359018802642822,0.0964311882853508
2024-05-06T00:00:00+00:00,2024-05-07T13:29:10.978802652+00:00,2024-05-07T13:29:10.978802652+00:00,NGM4@2024-05-29,0.0003031492233276367,-0.054634809494018555,0.0611119270324707,0.11574673652648926
2024-05-07T00:00:00+00:00,2024-05-08T13:29:16.064702248+00:00,2024-05-08T13:29:16.064702248+00:00,NGM4@2024-05-29,-0.002262413501739502,-0.0626225471496582,0.06094956398010254,0.12357211858034134
2024-05-08T00:00:00+00:00,2024-05-09T13:29:26.887695090+00:00,2024-05-09T13:29:26.887695090+00:00,NGM4@2024-05-29,0.0008053779602050781,-0.05495452880859375,0.057743191719055176,0.11269774287939072
2024-05-09T00:00:00+00:00,2024-05-10T01:25:56.345187769+00:00,2024-05-10T01:25:56.345187769+00:00,NGM4@2024-05-29,-0.0023379921913146973,-0.060961902141571045,0.046306490898132324,0.10726835578680038
2024-05-10T00:00:00+00:00,2024-05-13T13:27:17.683748654+00:00,2024-05-13T13:27:17.683748654+00:00,NGM4@2024-05-29,0.0008815526962280273,-0.058070361614227295,0.062323689460754395,0.12039407342672348
2024-05-13T00:00:00+00:00,2024-05-14T13:48:57.370758730+00:00,2024-05-14T13:48:57.370758730+00:00,NGM4@2024-05-29,0.001695394515991211,-0.055272042751312256,0.058417320251464844,0.11368941515684128
2024-05-14T00:00:00+00:00,2024-05-15T13:27:33.343629287+00:00,2024-05-15T13:27:33.343629287+00:00,NGM4@2024-05-29,0.0042302608489990234,-0.055545032024383545,0.06098377704620361,0.11652880162000656
2024-05-15T00:00:00+00:00,2024-05-16T13:28:42.332918031+00:00,2024-05-16T13:28:42.332918031+00:00,NGM4@2024-05-29,0.0067588090896606445,-0.05734926462173462,0.06606590747833252,0.12341517210006714
2024-05-16T00:00:00+00:00,2024-05-17T13:27:05.078152115+00:00,2024-05-17T13:27:05.078152115+00:00,NGM4@2024-05-29,0.004868745803833008,-0.055664002895355225,0.06644248962402344,0.12210644036531448
2024-05-17T00:00:00+00:00,2024-05-20T13:27:32.541449351+00:00,2024-05-20T13:27:32.541449351+00:00,NGM4@2024-05-29,0.011961817741394043,-0.0500568151473999,0.07806169986724854,0.12811848521232605
2024-05-20T00:00:00+00:00,2024-05-21T13:45:57.375145924+00:00,2024-05-21T13:45:57.375145924+00:00,NGM4@2024-05-29,0.020816802978515625,-0.03325235843658447,0.08120226860046387,0.11445461213588715
2024-05-21T00:00:00+00:00,2024-05-22T14:05:13.839242065+00:00,2024-05-22T14:05:13.839242065+00:00,NGM4@2024-05-29,0.010516524314880371,-0.03980696201324463,0.06731641292572021,0.10712340474128723
2024-05-22T00:00:00+00:00,2024-05-23T13:50:56.151283962+00:00,2024-05-23T13:50:56.151283962+00:00,NGM4@2024-05-29,0.002989530563354492,-0.044692814350128174,0.05411171913146973,0.0988045334815979
2024-05-23T00:00:00+00:00,2024-05-24T13:26:56.292282320+00:00,2024-05-24T13:26:56.292282320+00:00,NGM4@2024-05-29,0.00033915042877197266,-0.058073461055755615,0.06534719467163086,0.1234206035733223
2024-05-24T00:00:00+00:00,2024-05-28T13:28:06.839159298+00:00,2024-05-28T13:28:06.839159298+00:00,NGM4@2024-05-29,-0.013240158557891846,-0.07499533891677856,0.05812966823577881,0.13312499225139618
2024-05-28T00:00:00+00:00,2024-05-29T14:07:06.570763782+00:00,2024-05-29T14:07:06.570763782+00:00,NGM4@2024-05-29,-0.005797922611236572,-0.06560921669006348,0.055988192558288574,0.12159743905067444
2024-05-29T00:00:00+00:00,2024-05-30T13:28:02.975471122+00:00,2024-05-30T13:28:02.975471122+00:00,NGN4@2024-06-26,0.0028429031372070312,-0.05471521615982056,0.06486237049102783,0.1195775642991066
2024-05-30T00:00:00+00:00,2024-05-31T13:47:38.216517236+00:00,2024-05-31T13:47:38.216517236+00:00,NGN4@2024-06-26,-0.008101701736450195,-0.05815237760543823,0.04940688610076904,0.1075592190027237
2024-05-31T00:00:00+00:00,2024-06-03T13:27:21.491039880+00:00,2024-06-03T13:27:21.491039880+00:00,NGN4@2024-06-26,-0.0022853612899780273,-0.04315459728240967,0.046535491943359375,0.08969008922576904
2024-06-03T00:00:00+00:00,2024-06-04T14:02:10.653147812+00:00,2024-06-04T14:02:10.653147812+00:00,NGN4@2024-06-26,-0.0066994428634643555,-0.05405235290527344,0.054871559143066406,0.10892389714717865
2024-06-04T00:00:00+00:00,2024-06-05T13:29:48.956566264+00:00,2024-06-05T13:29:48.956566264+00:00,NGN4@2024-06-26,-1.9431114196777344e-05,-0.05273771286010742,0.06895160675048828,0.12168926745653152
2024-06-05T00:00:00+00:00,2024-06-06T13:26:56.038611794+00:00,2024-06-06T13:26:56.038611794+00:00,NGN4@2024-06-26,-0.008745968341827393,-0.06143695116043091,0.05840635299682617,0.1198432594537735
2024-06-06T00:00:00+00:00,2024-06-07T13:28:47.849429154+00:00,2024-06-07T13:28:47.849429154+00:00,NGN4@2024-06-26,-0.011743605136871338,-0.06359708309173584,0.05857241153717041,0.12216953188180923
2024-06-07T00:00:00+00:00,2024-06-10T13:26:51.727189220+00:00,2024-06-10T13:26:51.727189220+00:00,NGN4@2024-06-26,-0.014380216598510742,-0.07149893045425415,0.0559617280960083,0.12746071815490723
2024-06-10T00:00:00+00:00,2024-06-11T14:08:58.385845469+00:00,2024-06-11T14:08:58.385845469+00:00,NGN4@2024-06-26,-0.006653964519500732,-0.05715245008468628,0.050661444664001465,0.10781385004520416
2024-06-11T00:00:00+00:00,2024-06-12T13:31:21.055303862+00:00,2024-06-12T13:31:21.055303862+00:00,NGN4@2024-06-26,-0.032900214195251465,-0.09526205062866211,0.045678138732910156,0.14094020426273346
2024-06-12T00:00:00+00:00,2024-06-13T13:49:17.367122885+00:00,2024-06-13T13:49:17.367122885+00:00,NGN4@2024-06-26,-0.014370083808898926,-0.06539839506149292,0.049356818199157715,0.11475520581007004
2024-06-13T00:00:00+00:00,2024-06-14T13:28:12.542701999+00:00,2024-06-14T13:28:12.542701999+00:00,NGN4@2024-06-26,-0.005925357341766357,-0.05638474225997925,0.05778312683105469,0.11416784673929214
2024-06-14T00:00:00+00:00,2024-06-17T13:28:39.342960315+00:00,2024-06-17T13:28:39.342960315+00:00,NGN4@2024-06-26,-0.0033491849899291992,-0.048214495182037354,0.0540006160736084,0.10221511870622635
2024-06-17T00:00:00+00:00,2024-06-18T13:52:21.406414670+00:00,2024-06-18T13:52:21.406414670+00:00,NGN4@2024-06-26,-0.008163928985595703,-0.055581867694854736,0.060434818267822266,0.11601671576499939
2024-06-18T00:00:00+00:00,2024-06-20T13:50:22.699743981+00:00,2024-06-20T13:50:22.699743981+00:00,NGN4@2024-06-26,-0.015471398830413818,-0.06095993518829346,0.05084788799285889,0.11180782318115234
2024-06-20T00:00:00+00:00,2024-06-21T13:50:43.562908058+00:00,2024-06-21T13:50:43.562908058+00:00,NGN4@2024-06-26,0.007464170455932617,-0.041494905948638916,0.07461917400360107,0.11611410975456238
2024-06-21T00:00:00+00:00,2024-06-24T13:26:57.919037642+00:00,2024-06-24T13:26:57.919037642+00:00,NGN4@2024-06-26,0.00176239013671875,-0.04559195041656494,0.06837189197540283,0.11396382004022598
2024-06-24T00:00:00+00:00,2024-06-25T13:26:52.057033712+00:00,2024-06-25T13:26:52.057033712+00:00,NGN4@2024-06-26,-0.004740297794342041,-0.050268590450286865,0.056310057640075684,0.10657861083745956
2024-06-25T00:00:00+00:00,2024-06-26T14:20:10.255576547+00:00,2024-06-26T14:20:10.255576547+00:00,NGN4@2024-06-26,0.0002512931823730469,-0.04484128952026367,0.05866062641143799,0.10350195318460464
2024-06-26T00:00:00+00:00,2024-06-27T13:27:55.392312161+00:00,2024-06-27T13:27:55.392312161+00:00,NGQ4@2024-07-29,0.013438224792480469,-0.0353507399559021,0.0768653154373169,0.11221611499786377
2024-06-27T00:00:00+00:00,2024-06-28T13:31:20.303624360+00:00,2024-06-28T13:31:20.303624360+00:00,NGQ4@2024-07-29,0.002221226692199707,-0.04199010133743286,0.06404435634613037,0.10603446513414383
2024-06-28T00:00:00+00:00,2024-07-01T13:31:42.565623007+00:00,2024-07-01T13:31:42.565623007+00:00,NGQ4@2024-07-29,-0.0020846128463745117,-0.04782360792160034,0.056537508964538574,0.1043611541390419
2024-07-01T00:00:00+00:00,2024-07-02T13:33:30.488971610+00:00,2024-07-02T13:33:30.488971610+00:00,NGQ4@2024-07-29,-0.0014801621437072754,-0.05534273386001587,0.06292736530303955,0.118270143866539
2024-07-02T00:00:00+00:00,2024-07-03T13:31:34.977132525+00:00,2024-07-03T13:31:34.977132525+00:00,NGQ4@2024-07-29,-0.007478594779968262,-0.04823249578475952,0.045372724533081055,0.09360528737306595
2024-07-03T00:00:00+00:00,2024-07-05T13:29:20.478800670+00:00,2024-07-05T13:29:20.478800670+00:00,NGQ4@2024-07-29,-0.0026369094848632812,-0.03986251354217529,0.051004886627197266,0.09086745232343674
2024-07-05T00:00:00+00:00,2024-07-08T13:51:21.861851921+00:00,2024-07-08T13:51:21.861851921+00:00,NGQ4@2024-07-29,0.006901383399963379,-0.03120046854019165,0.06337976455688477,0.09458021074533463
2024-07-08T00:00:00+00:00,2024-07-09T13:32:02.881022807+00:00,2024-07-09T13:32:02.881022807+00:00,NGQ4@2024-07-29,0.001415848731994629,-0.032143592834472656,0.05531954765319824,0.0874631404876709
2024-07-09T00:00:00+00:00,2024-07-10T13:28:03.030808988+00:00,2024-07-10T13:28:03.030808988+00:00,NGQ4@2024-07-29,0.00800025463104248,-0.013254225254058838,0.05225217342376709,0.06550631672143936
2024-07-10T00:00:00+00:00,2024-07-11T13:35:11.590330120+00:00,2024-07-11T13:35:11.590330120+00:00,NGQ4@2024-07-29,0.0038143396377563477,-0.02210313081741333,0.049092650413513184,0.07119573652744293
2024-07-11T00:00:00+00:00,2024-07-12T14:01:04.024994549+00:00,2024-07-12T14:01:04.024994549+00:00,NGQ4@2024-07-29,0.009891867637634277,-0.019087672233581543,0.06091582775115967,0.080003522336483
2024-07-12T00:00:00+00:00,2024-07-15T13:37:09.357927797+00:00,2024-07-15T13:37:09.357927797+00:00,NGQ4@2024-07-29,0.0014203786849975586,-0.02374422550201416,0.05245554447174072,0.07619976252317429
2024-07-15T00:00:00+00:00,2024-07-16T13:37:04.739269229+00:00,2024-07-16T13:37:04.739269229+00:00,NGQ4@2024-07-29,0.02293992042541504,-0.01337975263595581,0.08477413654327393,0.09815388172864914
2024-07-16T00:00:00+00:00,2024-07-17T13:47:57.190956648+00:00,2024-07-17T13:47:57.190956648+00:00,NGQ4@2024-07-29,-0.002355635166168213,-0.03277963399887085,0.047971487045288086,0.08075111359357834
2024-07-17T00:00:00+00:00,2024-07-18T13:27:51.911382499+00:00,2024-07-18T13:27:51.911382499+00:00,NGQ4@2024-07-29,0.014865756034851074,-0.028178632259368896,0.07357609272003174,0.10175470262765884
2024-07-18T00:00:00+00:00,2024-07-19T14:01:13.182797445+00:00,2024-07-19T14:01:13.182797445+00:00,NGQ4@2024-07-29,-0.004763305187225342,-0.045145392417907715,0.05054354667663574,0.09568887948989868
2024-07-19T00:00:00+00:00,2024-07-22T13:29:34.139124323+00:00,2024-07-22T13:29:34.139124323+00:00,NGQ4@2024-07-29,0.002074003219604492,-0.040539324283599854,0.05738484859466553,0.09792415797710419
2024-07-22T00:00:00+00:00,2024-07-23T13:30:54.193164105+00:00,2024-07-23T13:30:54.193164105+00:00,NGQ4@2024-07-29,-0.0045015811920166016,-0.051399409770965576,0.05219125747680664,0.10359060019254684
2024-07-23T00:00:00+00:00,2024-07-24T13:29:26.359492844+00:00,2024-07-24T13:29:26.359492844+00:00,NGQ4@2024-07-29,0.004212141036987305,-0.032955706119537354,0.05549979209899902,0.08845546841621399
2024-07-24T00:00:00+00:00,2024-07-25T13:49:23.908217319+00:00,2024-07-25T13:49:23.908217319+00:00,NGQ4@2024-07-29,0.007645249366760254,-0.033030927181243896,0.06527364253997803,0.09830458462238312
2024-07-25T00:00:00+00:00,2024-07-26T13:28:35.640011448+00:00,2024-07-26T13:28:35.640011448+00:00,NGQ4@2024-07-29,0.008261561393737793,-0.02534008026123047,0.0684119462966919,0.09375206381082535
2024-07-26T00:00:00+00:00,2024-07-29T13:36:22.564918206+00:00,2024-07-29T13:36:22.564918206+00:00,NGQ4@2024-07-29,0.0010770559310913086,-0.031124651432037354,0.05750727653503418,0.08863192796707153
2024-07-29T00:00:00+00:00,2024-07-30T14:13:53.296180387+00:00,2024-07-30T14:13:53.296180387+00:00,NGU4@2024-08-28,-1.3709068298339844e-05,-0.02453082799911499,0.04295039176940918,0.06748118251562119
2024-07-30T00:00:00+00:00,2024-07-31T14:16:51.323202309+00:00,2024-07-31T14:16:51.323202309+00:00,NGU4@2024-08-28,-0.009947776794433594,-0.039515793323516846,0.0342334508895874,0.07374928146600723
2024-07-31T00:00:00+00:00,2024-08-01T14:05:06.149846989+00:00,2024-08-01T14:05:06.149846989+00:00,NGU4@2024-08-28,0.011069655418395996,-0.025754153728485107,0.062451839447021484,0.0882059708237648
2024-08-01T00:00:00+00:00,2024-08-02T14:15:36.698872489+00:00,2024-08-02T14:15:36.698872489+00:00,NGU4@2024-08-28,0.008281588554382324,-0.03418624401092529,0.06688523292541504,0.10107142478227615
2024-08-02T00:00:00+00:00,2024-08-05T14:05:28.458488923+00:00,2024-08-05T14:05:28.458488923+00:00,NGU4@2024-08-28,0.008331298828125,-0.037532269954681396,0.06010282039642334,0.09763507544994354
2024-08-05T00:00:00+00:00,2024-08-06T14:01:24.259250699+00:00,2024-08-06T14:01:24.259250699+00:00,NGU4@2024-08-28,0.0008215904235839844,-0.04058271646499634,0.04810941219329834,0.08869213610887527
2024-08-06T00:00:00+00:00,2024-08-07T13:35:13.151727906+00:00,2024-08-07T13:35:13.151727906+00:00,NGU4@2024-08-28,-0.014484167098999023,-0.05560344457626343,0.025143146514892578,0.0807466208934784
2024-08-07T00:00:00+00:00,2024-08-08T13:31:04.622658607+00:00,2024-08-08T13:31:04.622658607+00:00,NGU4@2024-08-28,-0.02477329969406128,-0.07457238435745239,0.019549012184143066,0.09412138164043427
2024-08-08T00:00:00+00:00,2024-08-09T13:58:38.524656988+00:00,2024-08-09T13:58:38.524656988+00:00,NGU4@2024-08-28,-0.009711623191833496,-0.06062716245651245,0.03805708885192871,0.09868421405553818
2024-08-09T00:00:00+00:00,2024-08-12T13:29:26.635684802+00:00,2024-08-12T13:29:26.635684802+00:00,NGU4@2024-08-28,-0.007831215858459473,-0.056242287158966064,0.03810989856719971,0.09435223788022995
2024-08-12T00:00:00+00:00,2024-08-13T13:26:50.574645398+00:00,2024-08-13T13:26:50.574645398+00:00,NGU4@2024-08-28,-0.00950157642364502,-0.05400282144546509,0.03653144836425781,0.0905342623591423
2024-08-13T00:00:00+00:00,2024-08-14T13:32:49.665549262+00:00,2024-08-14T13:32:49.665549262+00:00,NGU4@2024-08-28,-0.003561079502105713,-0.06070351600646973,0.04673731327056885,0.1074407547712326
2024-08-14T00:00:00+00:00,2024-08-15T13:29:51.233820767+00:00,2024-08-15T13:29:51.233820767+00:00,NGU4@2024-08-28,-0.005834758281707764,-0.06610316038131714,0.048159122467041016,0.11426234245300293
2024-08-15T00:00:00+00:00,2024-08-16T13:33:47.376285045+00:00,2024-08-16T13:33:47.376285045+00:00,NGU4@2024-08-28,0.0005151033401489258,-0.047417521476745605,0.04808247089385986,0.0954999327659607
2024-08-16T00:00:00+00:00,2024-08-19T13:50:43.399788612+00:00,2024-08-19T13:50:43.399788612+00:00,NGU4@2024-08-28,0.0076177120208740234,-0.05445420742034912,0.06255960464477539,0.11701377481222153
2024-08-19T00:00:00+00:00,2024-08-20T13:26:58.463006852+00:00,2024-08-20T13:26:58.463006852+00:00,NGU4@2024-08-28,-0.01173543930053711,-0.06270027160644531,0.03761255741119385,0.10031278431415558
2024-08-20T00:00:00+00:00,2024-08-21T14:12:38.000490222+00:00,2024-08-21T14:12:38.000490222+00:00,NGU4@2024-08-28,0.002080082893371582,-0.04980063438415527,0.04858505725860596,0.09838573634624481
2024-08-21T00:00:00+00:00,2024-08-22T13:29:18.495669100+00:00,2024-08-22T13:29:18.495669100+00:00,NGU4@2024-08-28,0.003974437713623047,-0.04404044151306152,0.05289041996002197,0.09693078696727753
2024-08-22T00:00:00+00:00,2024-08-23T13:27:23.368907677+00:00,2024-08-23T13:27:23.368907677+00:00,NGU4@2024-08-28,0.02044367790222168,-0.04656684398651123,0.08118081092834473,0.12774759531021118
2024-08-23T00:00:00+00:00,2024-08-26T13:28:16.509759314+00:00,2024-08-26T13:28:16.509759314+00:00,NGU4@2024-08-28,0.006473541259765625,-0.05694180727005005,0.06454527378082275,0.12148711085319519
2024-08-26T00:00:00+00:00,2024-08-27T13:28:19.997917796+00:00,2024-08-27T13:28:19.997917796+00:00,NGU4@2024-08-28,0.01194608211517334,-0.05297863483428955,0.07240259647369385,0.12538129091262817
2024-08-27T00:00:00+00:00,2024-08-28T13:48:20.132319213+00:00,2024-08-28T13:48:20.132319213+00:00,NGU4@2024-08-28,0.0062711238861083984,-0.04787182807922363,0.07000327110290527,0.1178751289844513
2024-08-28T00:00:00+00:00,2024-08-29T13:28:59.292246425+00:00,2024-08-29T13:28:59.292246425+00:00,NGV4@2024-09-26,0.003824949264526367,-0.049335598945617676,0.06634366512298584,0.1156792938709259
2024-08-29T00:00:00+00:00,2024-08-30T14:00:17.798554567+00:00,2024-08-30T14:00:17.798554567+00:00,NGV4@2024-09-26,-0.0012260079383850098,-0.06326383352279663,0.059282660484313965,0.1225464791059494
2024-08-30T00:00:00+00:00,2024-09-03T13:28:35.590128211+00:00,2024-09-03T13:28:35.590128211+00:00,NGV4@2024-09-26,-0.004318416118621826,-0.07178419828414917,0.05858504772186279,0.13036927580833435
2024-09-03T00:00:00+00:00,2024-09-04T13:29:10.274451370+00:00,2024-09-04T13:29:10.274451370+00:00,NGV4@2024-09-26,-0.008870422840118408,-0.07460659742355347,0.042728543281555176,0.11733516305685043
2024-09-04T00:00:00+00:00,2024-09-05T14:13:36.502507604+00:00,2024-09-05T14:13:36.502507604+00:00,NGV4@2024-09-26,-0.005040347576141357,-0.06792318820953369,0.06251192092895508,0.13043507933616638
2024-09-05T00:00:00+00:00,2024-09-06T13:28:32.223829989+00:00,2024-09-06T13:28:32.223829989+00:00,NGV4@2024-09-26,-0.005035996437072754,-0.07564520835876465,0.05390274524688721,0.12954802811145782
2024-09-06T00:00:00+00:00,2024-09-09T13:46:37.761681142+00:00,2024-09-09T13:46:37.761681142+00:00,NGV4@2024-09-26,0.0009248256683349609,-0.0645151138305664,0.05888199806213379,0.12339717149734497
2024-09-09T00:00:00+00:00,2024-09-10T13:28:21.598922056+00:00,2024-09-10T13:28:21.598922056+00:00,NGV4@2024-09-26,0.0046607255935668945,-0.060141146183013916,0.06570184230804443,0.12584292888641357
2024-09-10T00:00:00+00:00,2024-09-11T13:27:41.640872278+00:00,2024-09-11T13:27:41.640872278+00:00,NGV4@2024-09-26,-0.0021375417709350586,-0.05905812978744507,0.049787282943725586,0.10884544998407364
2024-09-11T00:00:00+00:00,2024-09-12T13:27:57.460108691+00:00,2024-09-12T13:27:57.460108691+00:00,NGV4@2024-09-26,-0.0015211701393127441,-0.059680044651031494,0.05897378921508789,0.11865389347076416
2024-09-12T00:00:00+00:00,2024-09-13T13:29:21.425483915+00:00,2024-09-13T13:29:21.425483915+00:00,NGV4@2024-09-26,-0.00472414493560791,-0.06769418716430664,0.060143232345581055,0.12783746421337128
2024-09-13T00:00:00+00:00,2024-09-16T13:57:11.777553666+00:00,2024-09-16T13:57:11.777553666+00:00,NGV4@2024-09-26,0.0033330917358398438,-0.062018513679504395,0.06182074546813965,0.12383925914764404
2024-09-16T00:00:00+00:00,2024-09-17T13:58:38.565116795+00:00,2024-09-17T13:58:38.565116795+00:00,NGV4@2024-09-26,-0.0016574859619140625,-0.06023228168487549,0.05169320106506348,0.11192552000284195
2024-09-17T00:00:00+00:00,2024-09-18T13:29:13.505420597+00:00,2024-09-18T13:29:13.505420597+00:00,NGV4@2024-09-26,0.004802584648132324,-0.05298256874084473,0.05844306945800781,0.11142560839653015
2024-09-18T00:00:00+00:00,2024-09-19T13:27:56.166427067+00:00,2024-09-19T13:27:56.166427067+00:00,NGV4@2024-09-26,0.0032122135162353516,-0.06507104635238647,0.06456232070922852,0.12963342666625977
2024-09-19T00:00:00+00:00,2024-09-20T13:28:51.141790838+00:00,2024-09-20T13:28:51.141790838+00:00,NGV4@2024-09-26,-0.00830918550491333,-0.0674278736114502,0.04774177074432373,0.11516967415809631
2024-09-20T00:00:00+00:00,2024-09-23T13:29:52.601132231+00:00,2024-09-23T13:29:52.601132231+00:00,NGV4@2024-09-26,-0.021792471408843994,-0.07238733768463135,0.03701305389404297,0.1094004288315773
2024-09-23T00:00:00+00:00,2024-09-24T13:35:58.066130655+00:00,2024-09-24T13:35:58.066130655+00:00,NGV4@2024-09-26,-0.037358999252319336,-0.0933835506439209,0.034015774726867676,0.127399280667305
2024-09-24T00:00:00+00:00,2024-09-25T13:28:20.391018011+00:00,2024-09-25T13:28:20.391018011+00:00,NGV4@2024-09-26,-0.013045847415924072,-0.070351243019104,0.04905903339385986,0.11941032111644745
2024-09-25T00:00:00+00:00,2024-09-26T13:28:02.675278988+00:00,2024-09-26T13:28:02.675278988+00:00,NGX4@2024-10-29,-0.007498621940612793,-0.051109492778778076,0.0337529182434082,0.0848623737692833
2024-09-26T00:00:00+00:00,2024-09-27T13:27:39.273086750+00:00,2024-09-27T13:27:39.273086750+00:00,NGX4@2024-10-29,-0.00028949975967407227,-0.04200005531311035,0.03437995910644531,0.07638002932071686
2024-09-27T00:00:00+00:00,2024-09-30T13:27:27.603192229+00:00,2024-09-30T13:27:27.603192229+00:00,NGX4@2024-10-29,-0.01470792293548584,-0.06263214349746704,0.02995884418487549,0.09259095042943954
2024-09-30T00:00:00+00:00,2024-10-01T13:34:26.319950851+00:00,2024-10-01T13:34:26.319950851+00:00,NGX4@2024-10-29,-0.007148087024688721,-0.05173313617706299,0.0357210636138916,0.0874541848897934
2024-10-01T00:00:00+00:00,2024-10-02T13:50:40.000413040+00:00,2024-10-02T13:50:40.000413040+00:00,NGX4@2024-10-29,-0.00525975227355957,-0.04285246133804321,0.03559434413909912,0.07844679802656174
2024-10-02T00:00:00+00:00,2024-10-03T13:32:09.462744340+00:00,2024-10-03T13:32:09.462744340+00:00,NGX4@2024-10-29,-0.0011336207389831543,-0.04087287187576294,0.03268706798553467,0.07355990260839462
2024-10-03T00:00:00+00:00,2024-10-04T13:31:33.168604738+00:00,2024-10-04T13:31:33.168604738+00:00,NGX4@2024-10-29,-0.006314694881439209,-0.04479658603668213,0.030353546142578125,0.07515009492635727
2024-10-04T00:00:00+00:00,2024-10-07T13:28:35.558334455+00:00,2024-10-07T13:28:35.558334455+00:00,NGX4@2024-10-29,0.004422783851623535,-0.04247307777404785,0.045209527015686035,0.08768264949321747
2024-10-07T00:00:00+00:00,2024-10-08T14:27:46.326217711+00:00,2024-10-08T14:27:46.326217711+00:00,NGX4@2024-10-29,0.0023260116577148438,-0.05624610185623169,0.054929137229919434,0.11117520928382874
2024-10-08T00:00:00+00:00,2024-10-09T14:09:37.727231504+00:00,2024-10-09T14:09:37.727231504+00:00,NGX4@2024-10-29,0.002125859260559082,-0.04521602392196655,0.044095754623413086,0.08931179344654083
2024-10-09T00:00:00+00:00,2024-10-10T13:27:06.780657185+00:00,2024-10-10T13:27:06.780657185+00:00,NGX4@2024-10-29,-0.00034552812576293945,-0.053336501121520996,0.04552114009857178,0.09885766357183456
2024-10-10T00:00:00+00:00,2024-10-11T13:33:58.021280303+00:00,2024-10-11T13:33:58.021280303+00:00,NGX4@2024-10-29,-0.004175245761871338,-0.05253195762634277,0.04043614864349365,0.09296809881925583
2024-10-11T00:00:00+00:00,2024-10-14T13:35:48.980752320+00:00,2024-10-14T13:35:48.980752320+00:00,NGX4@2024-10-29,-0.003739774227142334,-0.05571848154067993,0.04150235652923584,0.09722088277339935
2024-10-14T00:00:00+00:00,2024-10-15T13:31:23.828247864+00:00,2024-10-15T13:31:23.828247864+00:00,NGX4@2024-10-29,0.003583550453186035,-0.06625062227249146,0.05551636219024658,0.12176698446273804
2024-10-15T00:00:00+00:00,2024-10-16T13:28:10.737593394+00:00,2024-10-16T13:28:10.737593394+00:00,NGX4@2024-10-29,0.0016385316848754883,-0.06615173816680908,0.05486762523651123,0.1210193857550621
2024-10-16T00:00:00+00:00,2024-10-17T13:29:17.703730774+00:00,2024-10-17T13:29:17.703730774+00:00,NGX4@2024-10-29,-0.00198286771774292,-0.07292604446411133,0.05180239677429199,0.12472847104072571
2024-10-17T00:00:00+00:00,2024-10-18T13:29:08.504448068+00:00,2024-10-18T13:29:08.504448068+00:00,NGX4@2024-10-29,-0.004616081714630127,-0.07134026288986206,0.04578077793121338,0.11712102591991425
2024-10-18T00:00:00+00:00,2024-10-21T13:35:19.582335249+00:00,2024-10-21T13:35:19.582335249+00:00,NGX4@2024-10-29,0.0006324052810668945,-0.0663195252418518,0.051296234130859375,0.11761575192213058
2024-10-21T00:00:00+00:00,2024-10-22T13:28:01.175934722+00:00,2024-10-22T13:28:01.175934722+00:00,NGX4@2024-10-29,-0.005449056625366211,-0.06568515300750732,0.04064154624938965,0.10632674396038055
2024-10-30T00:00:00+00:00,2024-10-31T13:29:21.234743406+00:00,2024-10-31T13:29:21.234743406+00:00,NGZ4@2024-11-26,0.0029119253158569336,-0.0310019850730896,0.027963638305664062,0.05896564945578575
2024-10-31T00:00:00+00:00,2024-11-01T14:25:09.118627446+00:00,2024-11-01T14:25:09.118627446+00:00,NGZ4@2024-11-26,0.01232302188873291,-0.024215281009674072,0.04328882694244385,0.06750407814979553
2024-11-01T00:00:00+00:00,2024-11-04T14:50:50.347482532+00:00,2024-11-04T14:50:50.347482532+00:00,NGZ4@2024-11-26,0.007359147071838379,-0.023639678955078125,0.02941739559173584,0.05305713042616844
2024-11-04T00:00:00+00:00,2024-11-05T14:59:53.871930497+00:00,2024-11-05T14:59:53.871930497+00:00,NGZ4@2024-11-26,-0.0024223923683166504,-0.03544539213180542,0.021931767463684082,0.057377178221940994
2024-11-05T00:00:00+00:00,2024-11-06T14:28:38.243243141+00:00,2024-11-06T14:28:38.243243141+00:00,NGZ4@2024-11-26,0.008234739303588867,-0.014376699924468994,0.02807438373565674,0.04245109483599663
2024-11-06T00:00:00+00:00,2024-11-07T14:48:21.491335438+00:00,2024-11-07T14:48:21.491335438+00:00,NGZ4@2024-11-26,-0.006048738956451416,-0.03299379348754883,0.019359111785888672,0.05235288292169571
2024-11-07T00:00:00+00:00,2024-11-08T14:27:20.233335989+00:00,2024-11-08T14:27:20.233335989+00:00,NGZ4@2024-11-26,0.001122117042541504,-0.028483867645263672,0.02858710289001465,0.0570710152387619
2024-11-08T00:00:00+00:00,2024-11-11T14:51:20.615631329+00:00,2024-11-11T14:51:20.615631329+00:00,NGZ4@2024-11-26,0.0024085044860839844,-0.028296709060668945,0.03065633773803711,0.05895308405160904
2024-11-11T00:00:00+00:00,2024-11-12T14:28:42.600899746+00:00,2024-11-12T14:28:42.600899746+00:00,NGZ4@2024-11-26,-0.0227963924407959,-0.07582879066467285,0.02433788776397705,0.10016666352748871
2024-11-12T00:00:00+00:00,2024-11-13T14:30:14.589899503+00:00,2024-11-13T14:30:14.589899503+00:00,NGZ4@2024-11-26,-0.014428138732910156,-0.06367897987365723,0.03205132484436035,0.09573034942150116
2024-11-13T00:00:00+00:00,2024-11-14T14:38:50.186475951+00:00,2024-11-14T14:38:50.186475951+00:00,NGZ4@2024-11-26,-0.012504041194915771,-0.06652730703353882,0.033055782318115234,0.09958311170339584
2024-11-14T00:00:00+00:00,2024-11-15T14:47:28.476937841+00:00,2024-11-15T14:47:28.476937841+00:00,NGZ4@2024-11-26,0.0030155181884765625,-0.04911673069000244,0.05007445812225342,0.09919120371341705
2024-11-15T00:00:00+00:00,2024-11-18T14:29:05.980249495+00:00,2024-11-18T14:29:05.980249495+00:00,NGZ4@2024-11-26,0.0035475492477416992,-0.04564470052719116,0.046105265617370605,0.09175002574920654
2024-11-18T00:00:00+00:00,2024-11-19T14:29:05.507801298+00:00,2024-11-19T14:29:05.507801298+00:00,NGZ4@2024-11-26,-0.012176752090454102,-0.06437760591506958,0.034444570541381836,0.09882213175296783
2024-11-29T00:00:00+00:00,2024-12-02T14:29:09.924835247+00:00,2024-12-02T14:29:09.924835247+00:00,NGF5@2024-12-27,-0.009227097034454346,-0.04438430070877075,0.02918076515197754,0.07356499880552292
2024-12-02T00:00:00+00:00,2024-12-03T14:32:22.252311757+00:00,2024-12-03T14:32:22.252311757+00:00,NGF5@2024-12-27,0.0032351016998291016,-0.031654536724090576,0.045837998390197754,0.07749256491661072
2024-12-03T00:00:00+00:00,2024-12-04T14:29:07.328517015+00:00,2024-12-04T14:29:07.328517015+00:00,NGF5@2024-12-27,0.011850714683532715,-0.026680707931518555,0.06472408771514893,0.0914047583937645
2024-12-04T00:00:00+00:00,2024-12-05T14:27:13.670901258+00:00,2024-12-05T14:27:13.670901258+00:00,NGF5@2024-12-27,0.002350449562072754,-0.03248143196105957,0.048929691314697266,0.08141113072633743
2024-12-05T00:00:00+00:00,2024-12-06T14:48:42.249092266+00:00,2024-12-06T14:48:42.249092266+00:00,NGF5@2024-12-27,0.0063675642013549805,-0.027513563632965088,0.05126619338989258,0.07877972722053528
2024-12-06T00:00:00+00:00,2024-12-09T14:32:57.522669011+00:00,2024-12-09T14:32:57.522669011+00:00,NGF5@2024-12-27,-0.0012341141700744629,-0.04581916332244873,0.046881794929504395,0.09270095825195312
2024-12-09T00:00:00+00:00,2024-12-10T14:57:30.402695696+00:00,2024-12-10T14:57:30.402695696+00:00,NGF5@2024-12-27,-0.008098959922790527,-0.05145519971847534,0.03561115264892578,0.08706638962030411
2024-12-10T00:00:00+00:00,2024-12-11T14:27:01.340259235+00:00,2024-12-11T14:27:01.340259235+00:00,NGF5@2024-12-27,-0.001302957534790039,-0.04962635040283203,0.0424882173538208,0.09211459755897522
2024-12-11T00:00:00+00:00,2024-12-12T14:30:20.576299314+00:00,2024-12-12T14:30:20.576299314+00:00,NGF5@2024-12-27,-0.01632249355316162,-0.07044875621795654,0.038596510887145996,0.10904530435800552
2024-12-12T00:00:00+00:00,2024-12-13T14:35:38.256844452+00:00,2024-12-13T14:35:38.256844452+00:00,NGF5@2024-12-27,-0.009837687015533447,-0.06531131267547607,0.03998827934265137,0.10529958456754684
2024-12-13T00:00:00+00:00,2024-12-16T14:29:10.586157029+00:00,2024-12-16T14:29:10.586157029+00:00,NGF5@2024-12-27,-0.00843268632888794,-0.051120221614837646,0.034740328788757324,0.08586056530475616
2024-12-16T00:00:00+00:00,2024-12-17T14:53:10.566528963+00:00,2024-12-17T14:53:10.566528963+00:00,NGF5@2024-12-27,-0.008395373821258545,-0.04768127202987671,0.034937381744384766,0.08261863887310028
2024-12-17T00:00:00+00:00,2024-12-18T14:50:13.520350246+00:00,2024-12-18T14:50:13.520350246+00:00,NGF5@2024-12-27,-0.008186519145965576,-0.049371540546417236,0.031233549118041992,0.08060508221387863
2024-12-18T00:00:00+00:00,2024-12-19T14:31:41.944276137+00:00,2024-12-19T14:31:41.944276137+00:00,NGF5@2024-12-27,-0.013381421566009521,-0.05937182903289795,0.03418326377868652,0.09355512261390686
2024-12-19T00:00:00+00:00,2024-12-20T15:15:40.670280736+00:00,2024-12-20T15:15:40.670280736+00:00,NGF5@2024-12-27,-0.02484077215194702,-0.07219827175140381,0.030172109603881836,0.10237030684947968
2024-12-20T00:00:00+00:00,2024-12-23T14:49:46.344668547+00:00,2024-12-23T14:49:46.344668547+00:00,NGF5@2024-12-27,-0.018649041652679443,-0.07132023572921753,0.046157240867614746,0.11747744679450989
2024-12-23T00:00:00+00:00,2024-12-24T14:28:29.515972432+00:00,2024-12-24T14:28:29.515972432+00:00,NGF5@2024-12-27,-0.01579076051712036,-0.06544780731201172,0.044344544410705566,0.10979234427213669
2024-12-24T00:00:00+00:00,2024-12-26T14:27:03.572086954+00:00,2024-12-26T14:27:03.572086954+00:00,NGF5@2024-12-27,-0.022425830364227295,-0.0901750922203064,0.058812856674194336,0.14898797869682312
2024-12-26T00:00:00+00:00,2024-12-27T14:27:06.555161398+00:00,2024-12-27T14:27:06.555161398+00:00,NGF5@2024-12-27,-0.026232779026031494,-0.08148545026779175,0.04777705669403076,0.12926247715950012
2024-12-27T00:00:00+00:00,2024-12-30T14:28:04.967564094+00:00,2024-12-30T14:28:04.967564094+00:00,NGG5@2025-01-29,-0.015506207942962646,-0.058537065982818604,0.037957072257995605,0.09649419784545898
2024-12-30T00:00:00+00:00,2024-12-31T14:27:30.710004942+00:00,2024-12-31T14:27:30.710004942+00:00,NGG5@2025-01-29,-0.06002962589263916,-0.14541339874267578,0.035788655281066895,0.18120205402374268
2024-12-31T00:00:00+00:00,2025-01-02T14:35:36.677984505+00:00,2025-01-02T14:35:36.677984505+00:00,NGG5@2025-01-29,-0.032421886920928955,-0.08912581205368042,0.03341841697692871,0.12254426628351212
2025-01-02T00:00:00+00:00,2025-01-03T14:27:46.984209868+00:00,2025-01-03T14:27:46.984209868+00:00,NGG5@2025-01-29,-0.024132847785949707,-0.0743417739868164,0.0325319766998291,0.10687379539012909
2025-01-03T00:00:00+00:00,2025-01-06T14:29:51.179847098+00:00,2025-01-06T14:29:51.179847098+00:00,NGG5@2025-01-29,-0.009902775287628174,-0.05792677402496338,0.051081299781799316,0.10900804400444031
2025-01-06T00:00:00+00:00,2025-01-07T14:27:30.978983488+00:00,2025-01-07T14:27:30.978983488+00:00,NGG5@2025-01-29,-0.03383791446685791,-0.09126788377761841,0.03677165508270264,0.12803953886032104
2025-01-07T00:00:00+00:00,2025-01-08T14:32:31.019377743+00:00,2025-01-08T14:32:31.019377743+00:00,NGG5@2025-01-29,0.0010356903076171875,-0.06107664108276367,0.06488168239593506,0.12595829367637634
2025-01-08T00:00:00+00:00,2025-01-09T14:27:43.958805785+00:00,2025-01-09T14:27:43.958805785+00:00,NGG5@2025-01-29,-0.017290174961090088,-0.08175867795944214,0.046598076820373535,0.12835682928562164
2025-01-09T00:00:00+00:00,2025-01-10T14:29:03.392068364+00:00,2025-01-10T14:29:03.392068364+00:00,NGG5@2025-01-29,-0.013915181159973145,-0.06886756420135498,0.046451449394226074,0.11531896144151688
2025-01-10T00:00:00+00:00,2025-01-13T14:28:39.937979094+00:00,2025-01-13T14:28:39.937979094+00:00,NGG5@2025-01-29,-0.026136159896850586,-0.10040199756622314,0.06054818630218506,0.16095022857189178
2025-03-17T00:00:00+00:00,2025-03-18T13:28:01.497785572+00:00,2025-03-18T13:28:01.497785572+00:00,NGQ27@2027-07-28,4.482269287109375e-05,-0.010684549808502197,0.0090409517288208,0.019725501537322998
2025-03-21T00:00:00+00:00,2025-03-24T13:27:59.580485273+00:00,2025-03-24T13:27:59.580485273+00:00,NGU27@2027-08-27,0.0017091035842895508,-0.009317100048065186,0.011573314666748047,0.020890479907393456
2025-03-24T00:00:00+00:00,2025-03-25T13:39:25.342473427+00:00,2025-03-25T13:39:25.342473427+00:00,NGV27@2027-09-28,-0.0012201666831970215,-0.011217653751373291,0.008690476417541504,0.019908210262656212
2025-03-25T00:00:00+00:00,2025-03-26T13:37:56.379177700+00:00,2025-03-26T13:37:56.379177700+00:00,NGV27@2027-09-28,-0.0006691217422485352,-0.011350572109222412,0.009156346321105957,0.02050696685910225
2025-03-26T00:00:00+00:00,2025-03-27T13:51:01.827393275+00:00,2025-03-27T13:51:01.827393275+00:00,NGV27@2027-09-28,0.0003980398178100586,-0.008048057556152344,0.0089339017868042,0.016981976106762886
2025-03-27T00:00:00+00:00,2025-03-28T13:27:35.672210063+00:00,2025-03-28T13:27:35.672210063+00:00,NGV27@2027-09-28,-3.606081008911133e-05,-0.009092926979064941,0.008347153663635254,0.01744004711508751
2025-03-28T00:00:00+00:00,2025-03-31T16:06:23.138166584+00:00,2025-03-31T16:06:23.138166584+00:00,NGV27@2027-09-28,-0.00038248300552368164,-0.010484874248504639,0.008526444435119629,0.019011247903108597
2025-03-31T00:00:00+00:00,2025-04-01T14:22:07.006513006+00:00,2025-04-01T14:22:07.006513006+00:00,NGV27@2027-09-28,7.021427154541016e-05,-0.008673369884490967,0.0077713727951049805,0.016444800421595573
2025-04-01T00:00:00+00:00,2025-04-02T13:30:11.118137550+00:00,2025-04-02T13:30:11.118137550+00:00,NGV27@2027-09-28,0.0017970800399780273,-0.007172942161560059,0.009833812713623047,0.017006738111376762
2025-04-02T00:00:00+00:00,2025-04-03T13:30:21.383073387+00:00,2025-04-03T13:30:21.383073387+00:00,NGV27@2027-09-28,-0.0005401968955993652,-0.009684324264526367,0.008043050765991211,0.017727423459291458
2025-04-04T00:00:00+00:00,2025-04-07T14:12:30.619608850+00:00,2025-04-07T14:12:30.619608850+00:00,NGV27@2027-09-28,0.002061009407043457,-0.009175479412078857,0.012498021125793457,0.02167353592813015
2025-04-09T00:00:00+00:00,2025-04-10T14:16:26.103031671+00:00,2025-04-10T14:16:26.103031671+00:00,NGV27@2027-09-28,-0.0004113316535949707,-0.013439714908599854,0.010466217994689941,0.023905934765934944
2025-04-14T00:00:00+00:00,2025-04-15T13:30:40.603568812+00:00,2025-04-15T13:30:40.603568812+00:00,NGV27@2027-09-28,0.001378774642944336,-0.010457754135131836,0.012084007263183594,0.022541822865605354
2025-04-15T00:00:00+00:00,2025-04-16T14:02:37.084467635+00:00,2025-04-16T14:02:37.084467635+00:00,NGV27@2027-09-28,0.0016779899597167969,-0.00992882251739502,0.012159228324890137,0.02208804152905941
2025-04-16T00:00:00+00:00,2025-04-17T13:28:32.765322428+00:00,2025-04-17T13:28:32.765322428+00:00,NGV27@2027-09-28,0.00042724609375,-0.010474026203155518,0.010356426239013672,0.020830420777201653
2025-04-17T00:00:00+00:00,2025-04-21T13:30:17.570674985+00:00,2025-04-21T13:30:17.570674985+00:00,NGV27@2027-09-28,-0.0003814101219177246,-0.013013005256652832,0.010183930397033691,0.0231968704611063
2025-04-21T00:00:00+00:00,2025-04-22T13:28:09.370196704+00:00,2025-04-22T13:28:09.370196704+00:00,NGV27@2027-09-28,0.004759311676025391,-0.008888661861419678,0.0170212984085083,0.02591002732515335
2025-04-22T00:00:00+00:00,2025-04-23T13:34:38.405624943+00:00,2025-04-23T13:34:38.405624943+00:00,NGV27@2027-09-28,0.0029060840606689453,-0.009396970272064209,0.014020085334777832,0.023417074233293533
2025-04-23T00:00:00+00:00,2025-04-24T13:28:20.664584958+00:00,2025-04-24T13:28:20.664584958+00:00,NGV27@2027-09-28,-0.0003165602684020996,-0.012470126152038574,0.010116219520568848,0.022586356848478317
2025-04-24T00:00:00+00:00,2025-04-25T13:31:33.293150356+00:00,2025-04-25T13:31:33.293150356+00:00,NGV27@2027-09-28,-0.0012475252151489258,-0.013306736946105957,0.009133577346801758,0.022440336644649506
2025-04-25T00:00:00+00:00,2025-04-28T13:30:46.552084819+00:00,2025-04-28T13:30:46.552084819+00:00,NGV27@2027-09-28,0.0020830631256103516,-0.010110855102539062,0.012992024421691895,0.02310285158455372
2025-04-28T00:00:00+00:00,2025-04-29T13:27:10.429655054+00:00,2025-04-29T13:27:10.429655054+00:00,NGV27@2027-09-28,-0.0006824135780334473,-0.011656403541564941,0.009456753730773926,0.02111310139298439
2025-04-29T00:00:00+00:00,2025-04-30T14:01:39.598343166+00:00,2025-04-30T14:01:39.598343166+00:00,NGV27@2027-09-28,-0.0010279417037963867,-0.011762857437133789,0.008993029594421387,0.020755872130393982
2025-04-30T00:00:00+00:00,2025-05-01T13:56:11.150408836+00:00,2025-05-01T13:56:11.150408836+00:00,NGV27@2027-09-28,-0.0001989603042602539,-0.011287271976470947,0.009991765022277832,0.021279070526361465
2025-05-01T00:00:00+00:00,2025-05-02T13:27:32.966102234+00:00,2025-05-02T13:27:32.966102234+00:00,NGV27@2027-09-28,-0.001278996467590332,-0.011180520057678223,0.008372187614440918,0.01955265738070011
2025-05-02T00:00:00+00:00,2025-05-05T14:11:21.722861787+00:00,2025-05-05T14:11:21.722861787+00:00,NGV27@2027-09-28,-0.004377484321594238,-0.01591700315475464,0.006471991539001465,0.022388989105820656
2025-05-05T00:00:00+00:00,2025-05-06T14:07:03.737280254+00:00,2025-05-06T14:07:03.737280254+00:00,NGV27@2027-09-28,-0.006934404373168945,-0.019225776195526123,0.004506468772888184,0.023732293397188187
2025-05-06T00:00:00+00:00,2025-05-07T13:51:33.324314676+00:00,2025-05-07T13:51:33.324314676+00:00,NGV27@2027-09-28,-0.002846956253051758,-0.014905333518981934,0.007973670959472656,0.022879064083099365
2025-05-07T00:00:00+00:00,2025-05-08T13:24:46.715568943+00:00,2025-05-08T13:24:46.715568943+00:00,NGV27@2027-09-28,-0.0018074512481689453,-0.013572752475738525,0.008374571800231934,0.021947326138615608
2025-05-08T00:00:00+00:00,2025-05-09T13:56:34.899893744+00:00,2025-05-09T13:56:34.899893744+00:00,NGV27@2027-09-28,-0.0020760297775268555,-0.013604700565338135,0.0071222782135009766,0.020727014169096947
2025-05-09T00:00:00+00:00,2025-05-12T13:25:16.346247388+00:00,2025-05-12T13:25:16.346247388+00:00,NGV27@2027-09-28,-0.0020629167556762695,-0.012815654277801514,0.006470441818237305,0.01928607001900673
2025-05-12T00:00:00+00:00,2025-05-13T13:26:59.114353769+00:00,2025-05-13T13:26:59.114353769+00:00,NGV27@2027-09-28,-0.002151191234588623,-0.013044357299804688,0.007112264633178711,0.02015659585595131
2025-05-13T00:00:00+00:00,2025-05-14T13:40:36.070852419+00:00,2025-05-14T13:40:36.070852419+00:00,NGV27@2027-09-28,-0.004027962684631348,-0.018370389938354492,0.00958263874053955,0.02795305661857128
2025-05-14T00:00:00+00:00,2025-05-15T13:43:06.530210884+00:00,2025-05-15T13:43:06.530210884+00:00,NGV27@2027-09-28,-0.004572272300720215,-0.018222153186798096,0.007807254791259766,0.026029422879219055
2025-05-15T00:00:00+00:00,2025-05-16T13:25:24.115761690+00:00,2025-05-16T13:25:24.115761690+00:00,NGV27@2027-09-28,-0.00226438045501709,-0.015163779258728027,0.008297920227050781,0.023461662232875824
2025-05-16T00:00:00+00:00,2025-05-19T14:34:58.023703150+00:00,2025-05-19T14:34:58.023703150+00:00,NGV27@2027-09-28,-0.0010835528373718262,-0.011761605739593506,0.007060885429382324,0.018822496756911278
2025-05-19T00:00:00+00:00,2025-05-20T13:24:41.811396577+00:00,2025-05-20T13:24:41.811396577+00:00,NGV27@2027-09-28,-0.002220451831817627,-0.018263578414916992,0.013003826141357422,0.031267449259757996
2025-05-20T00:00:00+00:00,2025-05-21T13:40:09.802565899+00:00,2025-05-21T13:40:09.802565899+00:00,NGV27@2027-09-28,-0.0033437013626098633,-0.017692148685455322,0.009038090705871582,0.026730239391326904
2025-05-21T00:00:00+00:00,2025-05-22T14:08:38.469328413+00:00,2025-05-22T14:08:38.469328413+00:00,NGV27@2027-09-28,-0.001836240291595459,-0.0148887038230896,0.010915040969848633,0.025803711265325546
2025-05-22T00:00:00+00:00,2025-05-23T14:01:53.695895758+00:00,2025-05-23T14:01:53.695895758+00:00,NGV27@2027-09-28,-0.0015270113945007324,-0.015302062034606934,0.011021852493286133,0.026323983445763588
2025-05-23T00:00:00+00:00,2025-05-27T13:42:52.086416670+00:00,2025-05-27T13:42:52.086416670+00:00,NGV27@2027-09-28,-0.00694197416305542,-0.02402019500732422,0.010489344596862793,0.03450952470302582
2025-05-27T00:00:00+00:00,2025-05-28T13:41:34.748556101+00:00,2025-05-28T13:41:34.748556101+00:00,NGV27@2027-09-28,-0.004338741302490234,-0.022910654544830322,0.013823151588439941,0.03673380985856056
2025-05-28T00:00:00+00:00,2025-05-29T13:43:32.884944617+00:00,2025-05-29T13:43:32.884944617+00:00,NGV27@2027-09-28,-0.0017998218536376953,-0.018433570861816406,0.015027046203613281,0.03346062824130058
2025-05-29T00:00:00+00:00,2025-05-30T13:41:03.696400708+00:00,2025-05-30T13:41:03.696400708+00:00,NGV27@2027-09-28,-0.0006600022315979004,-0.01575571298599243,0.013685345649719238,0.029441116377711296
2025-05-30T00:00:00+00:00,2025-06-02T14:16:50.715064469+00:00,2025-06-02T14:16:50.715064469+00:00,NGV27@2027-09-28,-0.0013722777366638184,-0.015614748001098633,0.012246131896972656,0.027860932052135468
2025-06-02T00:00:00+00:00,2025-06-03T16:43:03.488459553+00:00,2025-06-03T16:43:03.488459553+00:00,NGX27@2027-10-27,-0.0014687180519104004,-0.013455808162689209,0.008715987205505371,0.022171741351485252
2025-06-03T00:00:00+00:00,2025-06-04T14:16:20.261180537+00:00,2025-06-04T14:16:20.261180537+00:00,NGX27@2027-10-27,-0.0015946626663208008,-0.014812231063842773,0.009258151054382324,0.02407037280499935
2025-06-05T00:00:00+00:00,2025-06-06T19:04:20.873143588+00:00,2025-06-06T19:04:20.873143588+00:00,NGX27@2027-10-27,-0.0016347765922546387,-0.01480942964553833,0.009112000465393066,0.023921487852931023
2025-06-06T00:00:00+00:00,2025-06-09T14:16:21.526255738+00:00,2025-06-09T14:16:21.526255738+00:00,NGX27@2027-10-27,-0.0010395646095275879,-0.015320539474487305,0.012450456619262695,0.02777101658284664
2025-06-09T00:00:00+00:00,2025-06-10T14:16:47.518695230+00:00,2025-06-10T14:16:47.518695230+00:00,NGX27@2027-10-27,0.000316619873046875,-0.01120692491531372,0.011346936225891113,0.02255386672914028
2025-06-10T00:00:00+00:00,2025-06-11T14:16:28.423909120+00:00,2025-06-11T14:16:28.423909120+00:00,NGX27@2027-10-27,0.0012180805206298828,-0.010469138622283936,0.011098384857177734,0.021567557007074356
2025-06-11T00:00:00+00:00,2025-06-12T14:16:18.362441040+00:00,2025-06-12T14:16:18.362441040+00:00,NGZ27@2027-11-26,0.0005182027816772461,-0.009220242500305176,0.009151697158813477,0.018371963873505592
2025-06-12T00:00:00+00:00,2025-06-13T14:16:38.133059883+00:00,2025-06-13T14:16:38.133059883+00:00,NGZ27@2027-11-26,0.0002466440200805664,-0.010664939880371094,0.00935208797454834,0.020017065107822418
2025-06-13T00:00:00+00:00,2025-06-16T14:16:04.186754195+00:00,2025-06-16T14:16:04.186754195+00:00,NGZ27@2027-11-26,-0.002188563346862793,-0.013296365737915039,0.007776856422424316,0.021073240786790848
2025-06-16T00:00:00+00:00,2025-06-17T14:16:02.883825610+00:00,2025-06-17T14:16:02.883825610+00:00,NGZ27@2027-11-26,-0.0009289979934692383,-0.015162229537963867,0.010191082954406738,0.025353318080306053
2025-06-18T00:00:00+00:00,2025-06-19T14:16:08.896098929+00:00,2025-06-19T14:16:08.896098929+00:00,NGZ27@2027-11-26,-0.0019385218620300293,-0.01751708984375,0.01219475269317627,0.02971182018518448
2025-06-23T00:00:00+00:00,2025-06-24T14:16:06.526539543+00:00,2025-06-24T14:16:06.526539543+00:00,NGZ27@2027-11-26,0.0004062652587890625,-0.013792932033538818,0.012763142585754395,0.02655608020722866
2025-06-24T00:00:00+00:00,2025-06-25T14:16:17.366884977+00:00,2025-06-25T14:16:17.366884977+00:00,NGZ27@2027-11-26,0.0010813474655151367,-0.01339787244796753,0.010293722152709961,0.02369159273803234
2025-06-25T00:00:00+00:00,2025-06-26T14:16:20.247783348+00:00,2025-06-26T14:16:20.247783348+00:00,NGZ27@2027-11-26,0.0009020566940307617,-0.012421905994415283,0.009545445442199707,0.021967394277453423
2025-06-26T00:00:00+00:00,2025-06-27T14:16:38.157386027+00:00,2025-06-27T14:16:38.157386027+00:00,NGZ27@2027-11-26,0.0007821321487426758,-0.014715731143951416,0.01225900650024414,0.02697473205626011
2025-06-27T00:00:00+00:00,2025-06-30T14:16:25.088064671+00:00,2025-06-30T14:16:25.088064671+00:00,NGZ27@2027-11-26,0.00014293193817138672,-0.01513981819152832,0.0124741792678833,0.027614017948508263
2025-06-30T00:00:00+00:00,2025-07-01T14:16:15.011837662+00:00,2025-07-01T14:16:15.011837662+00:00,NGZ27@2027-11-26,-0.00039696693420410156,-0.01475745439529419,0.011826515197753906,0.026583939790725708
2025-07-01T00:00:00+00:00,2025-07-02T14:16:01.981297724+00:00,2025-07-02T14:16:01.981297724+00:00,NGZ27@2027-11-26,-0.0005128979682922363,-0.012602686882019043,0.00994110107421875,0.02254372276365757
2025-07-03T00:00:00+00:00,2025-07-06T13:04:53.772780353+00:00,2025-07-06T13:04:53.772780353+00:00,NGZ27@2027-11-26,0.00015532970428466797,-0.011963844299316406,0.010104894638061523,0.02206869050860405
2025-07-07T00:00:00+00:00,2025-07-08T14:15:56.127247550+00:00,2025-07-08T14:15:56.127247550+00:00,NGZ27@2027-11-26,-0.0021337270736694336,-0.014507114887237549,0.007326841354370117,0.021833987906575203
2025-07-08T00:00:00+00:00,2025-07-09T14:16:22.384865220+00:00,2025-07-09T14:16:22.384865220+00:00,NGZ27@2027-11-26,0.0006374120712280273,-0.010390043258666992,0.009749293327331543,0.02013937570154667
2025-07-09T00:00:00+00:00,2025-07-10T14:16:42.204410569+00:00,2025-07-10T14:16:42.204410569+00:00,NGZ27@2027-11-26,-1.0788440704345703e-05,-0.011529088020324707,0.009721875190734863,0.021250946447253227
2025-07-10T00:00:00+00:00,2025-07-11T14:16:09.617302842+00:00,2025-07-11T14:16:09.617302842+00:00,NGZ27@2027-11-26,-0.0006376504898071289,-0.011137545108795166,0.008670806884765625,0.019808335229754448
2025-07-11T00:00:00+00:00,2025-07-14T14:16:01.121245408+00:00,2025-07-14T14:16:01.121245408+00:00,NGZ27@2027-11-26,-0.0034743547439575195,-0.016402065753936768,0.00810706615447998,0.024509156122803688
2025-07-14T00:00:00+00:00,2025-07-15T14:16:00.737343021+00:00,2025-07-15T14:16:00.737343021+00:00,NGZ27@2027-11-26,-0.001620173454284668,-0.013416171073913574,0.00934135913848877,0.02275756374001503
2025-07-15T00:00:00+00:00,2025-07-16T14:16:08.831407179+00:00,2025-07-16T14:16:08.831407179+00:00,NGZ27@2027-11-26,-0.0006821155548095703,-0.011722385883331299,0.009641289710998535,0.021363653242588043
2025-07-16T00:00:00+00:00,2025-07-17T14:16:12.362487646+00:00,2025-07-17T14:16:12.362487646+00:00,NGZ27@2027-11-26,-0.0005553960800170898,-0.011849522590637207,0.00890207290649414,0.020751632750034332
2025-07-17T00:00:00+00:00,2025-07-18T14:16:23.922374652+00:00,2025-07-18T14:16:23.922374652+00:00,NGZ27@2027-11-26,0.00015735626220703125,-0.009987294673919678,0.009479403495788574,0.01946667768061161
2025-07-18T00:00:00+00:00,2025-07-21T14:15:56.791608520+00:00,2025-07-21T14:15:56.791608520+00:00,NGZ27@2027-11-26,0.0003408193588256836,-0.009662151336669922,0.009492993354797363,0.019155200570821762
2025-07-21T00:00:00+00:00,2025-07-22T14:24:33.394129762+00:00,2025-07-22T14:24:33.394129762+00:00,NGZ27@2027-11-26,0.00019812583923339844,-0.010805606842041016,0.009942889213562012,0.020748436450958252
2025-07-22T00:00:00+00:00,2025-07-23T14:15:58.317392344+00:00,2025-07-23T14:15:58.317392344+00:00,NGZ27@2027-11-26,8.594989776611328e-05,-0.01029127836227417,0.008986473083496094,0.019277770072221756
2025-07-23T00:00:00+00:00,2025-07-24T14:16:10.410731779+00:00,2025-07-24T14:16:10.410731779+00:00,NGZ27@2027-11-26,0.0030248165130615234,-0.007823765277862549,0.013484716415405273,0.02130846306681633
2025-07-24T00:00:00+00:00,2025-07-25T14:16:19.263343964+00:00,2025-07-25T14:16:19.263343964+00:00,NGZ27@2027-11-26,0.0020896196365356445,-0.007570981979370117,0.011412620544433594,0.01898368075489998
2025-07-25T00:00:00+00:00,2025-07-28T19:52:43.554731584+00:00,2025-07-28T19:52:43.554731584+00:00,NGZ27@2027-11-26,0.0020737648010253906,-0.008084535598754883,0.010653495788574219,0.01873796619474888
2025-07-28T00:00:00+00:00,2025-07-29T15:14:15.914312773+00:00,2025-07-29T15:14:15.914312773+00:00,NGZ27@2027-11-26,0.0020574331283569336,-0.012925982475280762,0.013133883476257324,0.026059797033667564
2025-07-29T00:00:00+00:00,2025-07-30T15:14:29.399443507+00:00,2025-07-30T15:14:29.399443507+00:00,NGZ27@2027-11-26,0.0035327672958374023,-0.010684847831726074,0.015076875686645508,0.02576168067753315
2025-07-30T00:00:00+00:00,2025-07-31T13:29:59.501074624+00:00,2025-07-31T13:29:59.501074624+00:00,NGZ27@2027-11-26,0.0015872716903686523,-0.00862884521484375,0.010725736618041992,0.019354570657014847
2025-07-31T00:00:00+00:00,2025-08-01T13:31:58.989319126+00:00,2025-08-01T13:31:58.989319126+00:00,NGZ27@2027-11-26,0.0011025667190551758,-0.008072078227996826,0.008798003196716309,0.016870062798261642
2025-08-04T00:00:00+00:00,2025-08-05T13:29:52.527712158+00:00,2025-08-05T13:29:52.527712158+00:00,NGZ27@2027-11-26,0.001932382583618164,-0.006336629390716553,0.009842634201049805,0.016179213300347328
2025-08-05T00:00:00+00:00,2025-08-06T13:30:10.300695471+00:00,2025-08-06T13:30:10.300695471+00:00,NGG28@2028-01-27,0.0017184019088745117,-0.008356869220733643,0.010701298713684082,0.019058113917708397
2025-08-06T00:00:00+00:00,2025-08-07T13:35:34.553436967+00:00,2025-08-07T13:35:34.553436967+00:00,NGG28@2028-01-27,0.00026917457580566406,-0.007773876190185547,0.008387327194213867,0.016161182895302773
2025-08-07T00:00:00+00:00,2025-08-08T13:55:42.236683837+00:00,2025-08-08T13:55:42.236683837+00:00,NGG28@2028-01-27,0.00030303001403808594,-0.008257627487182617,0.00805974006652832,0.01631738618016243
2025-08-08T00:00:00+00:00,2025-08-11T13:30:03.367486521+00:00,2025-08-11T13:30:03.367486521+00:00,NGG28@2028-01-27,0.002041935920715332,-0.007555186748504639,0.011068105697631836,0.01862332969903946
2025-08-12T00:00:00+00:00,2025-08-13T13:31:48.831154279+00:00,2025-08-13T13:31:48.831154279+00:00,NGH28@2028-02-25,0.000865936279296875,-0.009355366230010986,0.010534167289733887,0.019889576360583305
2025-08-14T00:00:00+00:00,2025-08-15T14:04:03.973026071+00:00,2025-08-15T14:04:03.973026071+00:00,NGH28@2028-02-25,0.0007082223892211914,-0.008667945861816406,0.011777043342590332,0.02044498920440674
2025-08-15T00:00:00+00:00,2025-08-18T13:31:12.342079358+00:00,2025-08-18T13:31:12.342079358+00:00,NGJ28@2028-03-29,9.97781753540039e-05,-0.0088423490524292,0.010576605796813965,0.019418912008404732
2025-08-19T00:00:00+00:00,2025-08-20T13:41:10.788355003+00:00,2025-08-20T13:41:10.788355003+00:00,NGJ28@2028-03-29,-0.0017284154891967773,-0.014761626720428467,0.013324141502380371,0.028085768222808838
2025-08-21T00:00:00+00:00,2025-08-22T13:32:28.950064097+00:00,2025-08-22T13:32:28.950064097+00:00,NGJ28@2028-03-29,-0.003612220287322998,-0.01770251989364624,0.01181328296661377,0.0295158289372921
2025-08-22T00:00:00+00:00,2025-08-25T14:19:19.604513999+00:00,2025-08-25T14:19:19.604513999+00:00,NGJ28@2028-03-29,-0.0040585994720458984,-0.01884514093399048,0.0116349458694458,0.03048006445169449
2025-08-26T00:00:00+00:00,2025-08-27T13:53:00.750956982+00:00,2025-08-27T13:53:00.750956982+00:00,NGJ28@2028-03-29,-0.0020542144775390625,-0.013724684715270996,0.011078953742980957,0.024803651496767998
2025-08-28T00:00:00+00:00,2025-08-29T13:31:57.868711204+00:00,2025-08-29T13:31:57.868711204+00:00,NGJ28@2028-03-29,-0.0010734200477600098,-0.013682842254638672,0.011084437370300293,0.024767260998487473
2025-09-02T00:00:00+00:00,2025-09-03T13:32:03.969800936+00:00,2025-09-03T13:32:03.969800936+00:00,NGJ28@2028-03-29,-0.00013679265975952148,-0.0118599534034729,0.011121392250061035,0.02298133075237274
2025-09-03T00:00:00+00:00,2025-09-04T13:33:20.433074055+00:00,2025-09-04T13:33:20.433074055+00:00,NGJ28@2028-03-29,0.0008590221405029297,-0.010519206523895264,0.011680960655212402,0.02220020443201065
2025-09-05T00:00:00+00:00,2025-09-08T13:37:19.122697768+00:00,2025-09-08T13:37:19.122697768+00:00,NGJ28@2028-03-29,0.0022029876708984375,-0.009280085563659668,0.012580513954162598,0.021860547363758087
2025-09-10T00:00:00+00:00,2025-09-11T13:32:51.775554059+00:00,2025-09-11T13:32:51.775554059+00:00,NGJ28@2028-03-29,0.0001666545867919922,-0.011246323585510254,0.009267091751098633,0.020513411611318588
2025-09-15T00:00:00+00:00,2025-09-16T14:07:53.709589626+00:00,2025-09-16T14:07:53.709589626+00:00,NGJ28@2028-03-29,-0.002205491065979004,-0.012453556060791016,0.007115006446838379,0.019568607211112976
2025-09-18T00:00:00+00:00,2025-09-19T14:26:13.718773943+00:00,2025-09-19T14:26:13.718773943+00:00,NGJ28@2028-03-29,-0.00012922286987304688,-0.00854349136352539,0.0077637434005737305,0.016307316720485687
2025-09-22T00:00:00+00:00,2025-09-23T13:35:21.848398673+00:00,2025-09-23T13:35:21.848398673+00:00,NGJ28@2028-03-29,-0.0003879666328430176,-0.010618746280670166,0.008146882057189941,0.01876559667289257
2025-09-23T00:00:00+00:00,2025-09-24T13:32:40.650442835+00:00,2025-09-24T13:32:40.650442835+00:00,NGJ28@2028-03-29,-0.0008860230445861816,-0.01154780387878418,0.007355093955993652,0.018902961164712906
2025-09-24T00:00:00+00:00,2025-09-25T14:00:30.160488786+00:00,2025-09-25T14:00:30.160488786+00:00,NGJ28@2028-03-29,-0.00041919946670532227,-0.012141585350036621,0.007805347442626953,0.01994691789150238
2025-09-25T00:00:00+00:00,2025-09-26T13:33:41.109237318+00:00,2025-09-26T13:33:41.109237318+00:00,NGJ28@2028-03-29,0.0005850791931152344,-0.010005414485931396,0.007877826690673828,0.01788320019841194
2025-09-26T00:00:00+00:00,2025-09-29T13:30:10.420366482+00:00,2025-09-29T13:30:10.420366482+00:00,NGJ28@2028-03-29,0.0015811920166015625,-0.00887972116470337,0.008231282234191895,0.017111005261540413
2025-09-29T00:00:00+00:00,2025-09-30T13:49:49.534638896+00:00,2025-09-30T13:49:49.534638896+00:00,NGJ28@2028-03-29,-0.0009028315544128418,-0.011930286884307861,0.005444526672363281,0.017374834045767784
2025-09-30T00:00:00+00:00,2025-10-01T13:33:48.971525384+00:00,2025-10-01T13:33:48.971525384+00:00,NGJ28@2028-03-29,-0.0007061958312988281,-0.011780977249145508,0.004225492477416992,0.016006506979465485
2025-10-01T00:00:00+00:00,2025-10-02T13:39:52.619165368+00:00,2025-10-02T13:39:52.619165368+00:00,NGJ28@2028-03-29,-0.0013790726661682129,-0.015121936798095703,0.00858008861541748,0.023702016100287437
2025-10-02T00:00:00+00:00,2025-10-03T13:39:31.235682464+00:00,2025-10-03T13:39:31.235682464+00:00,NGJ28@2028-03-29,0.00052642822265625,-0.01200258731842041,0.008537650108337402,0.020540200173854828
2025-10-03T00:00:00+00:00,2025-10-06T13:34:51.400010982+00:00,2025-10-06T13:34:51.400010982+00:00,NGJ28@2028-03-29,0.00016164779663085938,-0.010091900825500488,0.007013201713562012,0.017105072736740112
2025-10-06T00:00:00+00:00,2025-10-07T13:32:27.062801510+00:00,2025-10-07T13:32:27.062801510+00:00,NGJ28@2028-03-29,-0.00018739700317382812,-0.010993421077728271,0.006621837615966797,0.01761527732014656
2025-10-07T00:00:00+00:00,2025-10-08T14:02:19.917386141+00:00,2025-10-08T14:02:19.917386141+00:00,NGJ28@2028-03-29,-0.001191258430480957,-0.016117334365844727,0.01098167896270752,0.02709905616939068
2025-10-08T00:00:00+00:00,2025-10-09T13:50:29.068841161+00:00,2025-10-09T13:50:29.068841161+00:00,NGJ28@2028-03-29,-0.0007504820823669434,-0.013618171215057373,0.010079145431518555,0.02369733341038227
2025-10-09T00:00:00+00:00,2025-10-10T14:39:09.841279630+00:00,2025-10-10T14:39:09.841279630+00:00,NGJ28@2028-03-29,0.00012743473052978516,-0.010399580001831055,0.008005499839782715,0.018405040726065636
2025-10-10T00:00:00+00:00,2025-10-14T13:58:15.698090443+00:00,2025-10-14T13:58:15.698090443+00:00,NGJ28@2028-03-29,0.0005651712417602539,-0.008930325508117676,0.006716728210449219,0.015647098422050476
2025-10-14T00:00:00+00:00,2025-10-15T13:35:48.856201028+00:00,2025-10-15T13:35:48.856201028+00:00,NGJ28@2028-03-29,0.001185297966003418,-0.008523344993591309,0.00845491886138916,0.016978243365883827
2025-10-15T00:00:00+00:00,2025-10-16T15:29:24.544720449+00:00,2025-10-16T15:29:24.544720449+00:00,NGJ28@2028-03-29,0.000240325927734375,-0.007435739040374756,0.0052983760833740234,0.01273410301655531
2025-10-16T00:00:00+00:00,2025-10-17T15:23:42.846024133+00:00,2025-10-17T15:23:42.846024133+00:00,NGJ28@2028-03-29,0.00196993350982666,-0.006303071975708008,0.007490992546081543,0.013794051483273506
2025-10-20T00:00:00+00:00,2025-10-21T14:54:03.521344978+00:00,2025-10-21T14:54:03.521344978+00:00,NGJ28@2028-03-29,-0.0007219910621643066,-0.008418381214141846,0.005479216575622559,0.013897618278861046
2025-10-22T00:00:00+00:00,2025-10-23T13:49:49.146678079+00:00,2025-10-23T13:49:49.146678079+00:00,NGJ28@2028-03-29,0.0004907846450805664,-0.0072571635246276855,0.007506847381591797,0.014764026738703251
2025-10-23T00:00:00+00:00,2025-10-24T14:46:07.164788175+00:00,2025-10-24T14:46:07.164788175+00:00,NGJ28@2028-03-29,0.0005915164947509766,-0.006922423839569092,0.007296204566955566,0.014218679629266262
2025-10-27T00:00:00+00:00,2025-10-28T15:59:57.064163937+00:00,2025-10-28T15:59:57.064163937+00:00,NGJ28@2028-03-29,0.000278472900390625,-0.007665753364562988,0.007974863052368164,0.015640631318092346
2025-10-29T00:00:00+00:00,2025-10-30T14:38:26.214813329+00:00,2025-10-30T14:38:26.214813329+00:00,NGJ28@2028-03-29,-0.00017130374908447266,-0.008481144905090332,0.006281256675720215,0.014762341044843197
2025-10-30T00:00:00+00:00,2025-10-31T14:27:56.472079936+00:00,2025-10-31T14:27:56.472079936+00:00,NGJ28@2028-03-29,-0.00012373924255371094,-0.009771227836608887,0.006637930870056152,0.01640913262963295
2025-10-31T00:00:00+00:00,2025-11-03T16:25:38.392387655+00:00,2025-11-03T16:25:38.392387655+00:00,NGJ28@2028-03-29,-0.002101302146911621,-0.01352781057357788,0.00645601749420166,0.019983842968940735
2025-11-04T00:00:00+00:00,2025-11-05T15:08:54.538919242+00:00,2025-11-05T15:08:54.538919242+00:00,NGJ28@2028-03-29,-0.0017132759094238281,-0.012413561344146729,0.006189465522766113,0.01860310696065426
2025-11-10T00:00:00+00:00,2025-11-11T14:46:03.585399594+00:00,2025-11-11T14:46:03.585399594+00:00,NGJ28@2028-03-29,0.0007661581039428711,-0.009247303009033203,0.010075807571411133,0.01932309940457344
2025-11-12T00:00:00+00:00,2025-11-13T15:27:25.487829745+00:00,2025-11-13T15:27:25.487829745+00:00,NGJ28@2028-03-29,-0.0011706352233886719,-0.009580433368682861,0.006409287452697754,0.015989715233445168
2025-11-13T00:00:00+00:00,2025-11-14T15:11:07.854566103+00:00,2025-11-14T15:11:07.854566103+00:00,NGJ28@2028-03-29,-0.004693448543548584,-0.014442205429077148,0.003702998161315918,0.018145158886909485
2025-11-17T00:00:00+00:00,2025-11-18T14:52:32.289578160+00:00,2025-11-18T14:52:32.289578160+00:00,NGJ28@2028-03-29,-0.0012658238410949707,-0.0102882981300354,0.007151007652282715,0.017439300194382668
2025-11-19T00:00:00+00:00,2025-11-20T14:45:25.793624487+00:00,2025-11-20T14:45:25.793624487+00:00,NGJ28@2028-03-29,-0.00038892030715942383,-0.00950092077255249,0.007597923278808594,0.01709880493581295
2025-11-20T00:00:00+00:00,2025-11-21T15:16:48.873453225+00:00,2025-11-21T15:16:48.873453225+00:00,NGJ28@2028-03-29,-0.0005952119827270508,-0.00920259952545166,0.007405281066894531,0.016607841476798058
2025-11-21T00:00:00+00:00,2025-11-24T16:56:36.202280190+00:00,2025-11-24T16:56:36.202280190+00:00,NGJ28@2028-03-29,0.000529170036315918,-0.00787264108657837,0.008814454078674316,0.016687072813510895
2025-11-24T00:00:00+00:00,2025-11-25T16:58:45.897668848+00:00,2025-11-25T16:58:45.897668848+00:00,NGJ28@2028-03-29,0.0001900196075439453,-0.007821202278137207,0.008697152137756348,0.016518300399184227
2025-11-25T00:00:00+00:00,2025-11-26T15:51:27.014815817+00:00,2025-11-26T15:51:27.014815817+00:00,NGJ28@2028-03-29,0.0007642507553100586,-0.007189571857452393,0.008903741836547852,0.01609332673251629
2025-11-26T00:00:00+00:00,2025-11-28T16:31:09.918055452+00:00,2025-11-28T16:31:09.918055452+00:00,NGJ28@2028-03-29,0.0015053749084472656,-0.006785273551940918,0.010021805763244629,0.016807133331894875
2025-11-28T00:00:00+00:00,2025-12-01T14:54:00.160321862+00:00,2025-12-01T14:54:00.160321862+00:00,NGJ28@2028-03-29,-0.0006459951400756836,-0.009024620056152344,0.007690072059631348,0.01671469211578369
2025-12-01T00:00:00+00:00,2025-12-02T15:51:40.195333894+00:00,2025-12-02T15:51:40.195333894+00:00,NGJ28@2028-03-29,0.00043332576751708984,-0.007824540138244629,0.00868237018585205,0.016506901010870934
2025-12-02T00:00:00+00:00,2025-12-03T14:40:25.133840925+00:00,2025-12-03T14:40:25.133840925+00:00,NGJ28@2028-03-29,-0.00011533498764038086,-0.007293343544006348,0.007447481155395508,0.014740810729563236
2025-12-03T00:00:00+00:00,2025-12-04T15:01:51.751659698+00:00,2025-12-04T15:01:51.751659698+00:00,NGJ28@2028-03-29,-0.0001658797264099121,-0.007589578628540039,0.007481694221496582,0.015071279369294643
2025-12-04T00:00:00+00:00,2025-12-05T14:44:20.183845169+00:00,2025-12-05T14:44:20.183845169+00:00,NGJ28@2028-03-29,-2.4497509002685547e-05,-0.006706655025482178,0.0074253082275390625,0.014131974428892136
2025-12-05T00:00:00+00:00,2025-12-08T14:37:54.249592451+00:00,2025-12-08T14:37:54.249592451+00:00,NGJ28@2028-03-29,0.0007786750793457031,-0.006339550018310547,0.008100032806396484,0.014439594931900501
2025-12-08T00:00:00+00:00,2025-12-09T14:50:47.649007613+00:00,2025-12-09T14:50:47.649007613+00:00,NGJ28@2028-03-29,0.0013954639434814453,-0.0067345499992370605,0.009490370750427246,0.01622491329908371
2025-12-09T00:00:00+00:00,2025-12-10T15:05:28.713129858+00:00,2025-12-10T15:05:28.713129858+00:00,NGJ28@2028-03-29,0.0002282857894897461,-0.008611023426055908,0.009052515029907227,0.017663605511188507
2025-12-10T00:00:00+00:00,2025-12-11T15:32:03.212346751+00:00,2025-12-11T15:32:03.212346751+00:00,NGJ28@2028-03-29,0.0003947019577026367,-0.00841909646987915,0.009127974510192871,0.01754712499678135
2025-12-11T00:00:00+00:00,2025-12-12T14:38:32.764076268+00:00,2025-12-12T14:38:32.764076268+00:00,NGJ28@2028-03-29,0.00048828125,-0.00807487964630127,0.009015440940856934,0.017090262845158577
2025-12-12T00:00:00+00:00,2025-12-15T14:38:00.053331223+00:00,2025-12-15T14:38:00.053331223+00:00,NGJ28@2028-03-29,0.0011301040649414062,-0.008726060390472412,0.010204672813415527,0.018930776044726372
2025-12-15T00:00:00+00:00,2025-12-16T14:38:14.080372278+00:00,2025-12-16T14:38:14.080372278+00:00,NGJ28@2028-03-29,0.0016127824783325195,-0.007775604724884033,0.010705113410949707,0.01848067156970501
2025-12-16T00:00:00+00:00,2025-12-17T14:40:39.596844232+00:00,2025-12-17T14:40:39.596844232+00:00,NGJ28@2028-03-29,0.000560760498046875,-0.007764875888824463,0.008787751197814941,0.016552679240703583
2025-12-17T00:00:00+00:00,2025-12-18T15:24:40.010261004+00:00,2025-12-18T15:24:40.010261004+00:00,NGJ28@2028-03-29,0.002239227294921875,-0.007188856601715088,0.011224865913391113,0.018413763493299484
2025-12-18T00:00:00+00:00,2025-12-19T14:41:19.359637543+00:00,2025-12-19T14:41:19.359637543+00:00,NGJ28@2028-03-29,0.0024318695068359375,-0.00665283203125,0.011926770210266113,0.01857958361506462
2025-12-19T00:00:00+00:00,2025-12-22T14:48:11.273502527+00:00,2025-12-22T14:48:11.273502527+00:00,NGJ28@2028-03-29,0.001459360122680664,-0.006962180137634277,0.010071873664855957,0.017034096643328667
2025-12-22T00:00:00+00:00,2025-12-23T15:21:53.186143636+00:00,2025-12-23T15:21:53.186143636+00:00,NGJ28@2028-03-29,0.00320279598236084,-0.006657123565673828,0.012410283088684082,0.019067395478487015
2025-12-24T00:00:00+00:00,2025-12-26T15:21:55.041791740+00:00,2025-12-26T15:21:55.041791740+00:00,NGJ28@2028-03-29,0.002410888671875,-0.006962001323699951,0.011584877967834473,0.018546875566244125
2025-12-31T00:00:00+00:00,2026-01-02T16:33:36.824228022+00:00,2026-01-02T16:33:36.824228022+00:00,NGJ28@2028-03-29,0.0017430782318115234,-0.006924748420715332,0.01083672046661377,0.017761515453457832
2026-01-02T00:00:00+00:00,2026-01-05T15:22:51.414484906+00:00,2026-01-05T15:22:51.414484906+00:00,NGJ28@2028-03-29,0.00448298454284668,-0.006188452243804932,0.014637470245361328,0.02082590013742447
2026-01-05T00:00:00+00:00,2026-01-06T15:33:30.070847221+00:00,2026-01-06T15:33:30.070847221+00:00,NGJ28@2028-03-29,0.0018867254257202148,-0.008962869644165039,0.012514710426330566,0.021477559581398964
2026-01-06T00:00:00+00:00,2026-01-07T15:10:17.027572883+00:00,2026-01-07T15:10:17.027572883+00:00,NGJ28@2028-03-29,0.003258228302001953,-0.009791970252990723,0.015885353088378906,0.025677325204014778
2026-01-07T00:00:00+00:00,2026-01-08T15:10:07.711100130+00:00,2026-01-08T15:10:07.711100130+00:00,NGJ28@2028-03-29,0.003226637840270996,-0.009145617485046387,0.015471339225769043,0.024616962298750877
2026-01-08T00:00:00+00:00,2026-01-09T15:20:43.072301461+00:00,2026-01-09T15:20:43.072301461+00:00,NGJ28@2028-03-29,0.001780390739440918,-0.008342146873474121,0.011272072792053223,0.019614193588495255
2026-01-09T00:00:00+00:00,2026-01-12T15:13:05.285867781+00:00,2026-01-12T15:13:05.285867781+00:00,NGJ28@2028-03-29,0.00504755973815918,-0.009166896343231201,0.018114924430847168,0.027281852439045906
2026-01-12T00:00:00+00:00,2026-01-13T15:14:37.195295983+00:00,2026-01-13T15:14:37.195295983+00:00,NGJ28@2028-03-29,0.003425121307373047,-0.00864320993423462,0.014439105987548828,0.023082349449396133
2026-01-13T00:00:00+00:00,2026-01-14T15:15:27.040589738+00:00,2026-01-14T15:15:27.040589738+00:00,NGJ28@2028-03-29,0.00263822078704834,-0.007605373859405518,0.012341499328613281,0.019946901127696037
2026-01-14T00:00:00+00:00,2026-01-15T15:08:18.766670309+00:00,2026-01-15T15:08:18.766670309+00:00,NGJ28@2028-03-29,0.003688216209411621,-0.00791943073272705,0.0150068998336792,0.022926315665245056
2026-01-15T00:00:00+00:00,2026-01-16T14:38:28.872256512+00:00,2026-01-16T14:38:28.872256512+00:00,NGJ28@2028-03-29,0.0007413625717163086,-0.010896682739257812,0.01050567626953125,0.021402383223176003
2026-01-16T00:00:00+00:00,2026-01-20T14:57:29.467842132+00:00,2026-01-20T14:57:29.467842132+00:00,NGJ28@2028-03-29,0.0014742612838745117,-0.011389017105102539,0.012775897979736328,0.02416488714516163
2026-01-20T00:00:00+00:00,2026-01-21T15:04:28.004808601+00:00,2026-01-21T15:04:28.004808601+00:00,NGJ28@2028-03-29,-0.000851750373840332,-0.01422107219696045,0.011152267456054688,0.025373276323080063
2026-01-21T00:00:00+00:00,2026-01-22T14:40:17.163915435+00:00,2026-01-22T14:40:17.163915435+00:00,NGJ28@2028-03-29,9.047985076904297e-05,-0.013957738876342773,0.013245582580566406,0.02720334567129612
2026-01-22T00:00:00+00:00,2026-01-23T16:31:31.057443334+00:00,2026-01-23T16:31:31.057443334+00:00,NGJ28@2028-03-29,-0.0012093782424926758,-0.012958347797393799,0.011045575141906738,0.024003909900784492
2026-01-23T00:00:00+00:00,2026-01-26T14:40:49.898221275+00:00,2026-01-26T14:40:49.898221275+00:00,NGJ28@2028-03-29,0.0024216175079345703,-0.011274337768554688,0.015841960906982422,0.027116306126117706
2026-01-26T00:00:00+00:00,2026-01-27T14:40:08.892484582+00:00,2026-01-27T14:40:08.892484582+00:00,NGJ28@2028-03-29,0.0025583505630493164,-0.011209189891815186,0.016590237617492676,0.02779940702021122
2026-01-28T00:00:00+00:00,2026-01-29T15:23:37.050772375+00:00,2026-01-29T15:23:37.050772375+00:00,NGJ28@2028-03-29,0.0010552406311035156,-0.011911511421203613,0.014437675476074219,0.026349233463406563
2026-01-30T00:00:00+00:00,2026-02-02T15:41:42.241419519+00:00,2026-02-02T15:41:42.241419519+00:00,NGJ28@2028-03-29,-0.0011437535285949707,-0.014595448970794678,0.011240243911743164,0.02583572082221508
2026-02-03T00:00:00+00:00,2026-02-04T14:40:02.282103957+00:00,2026-02-04T14:40:02.282103957+00:00,NGJ28@2028-03-29,0.000903010368347168,-0.010816335678100586,0.01263117790222168,0.023447465151548386
2026-02-05T00:00:00+00:00,2026-02-06T15:10:24.884216565+00:00,2026-02-06T15:10:24.884216565+00:00,NGJ28@2028-03-29,-0.0003681778907775879,-0.01205664873123169,0.011253595352172852,0.0233102235943079
2026-02-06T00:00:00+00:00,2026-02-09T15:58:18.260531616+00:00,2026-02-09T15:58:18.260531616+00:00,NGJ28@2028-03-29,0.0005822181701660156,-0.010329365730285645,0.011533021926879883,0.021862376481294632
2026-02-09T00:00:00+00:00,2026-02-10T15:06:32.365660253+00:00,2026-02-10T15:06:32.365660253+00:00,NGJ28@2028-03-29,0.0008225440979003906,-0.010906517505645752,0.012589812278747559,0.023496385663747787
2026-02-10T00:00:00+00:00,2026-02-11T14:56:07.789452450+00:00,2026-02-11T14:56:07.789452450+00:00,NGJ28@2028-03-29,0.0013866424560546875,-0.010142087936401367,0.012303829193115234,0.022445976734161377
2026-02-11T00:00:00+00:00,2026-02-12T14:55:00.435074384+00:00,2026-02-12T14:55:00.435074384+00:00,NGJ28@2028-03-29,-0.0002639889717102051,-0.010399162769317627,0.010474324226379395,0.020873453468084335
2026-02-12T00:00:00+00:00,2026-02-13T14:45:05.504617877+00:00,2026-02-13T14:45:05.504617877+00:00,NGJ28@2028-03-29,0.0005069971084594727,-0.009507298469543457,0.010358810424804688,0.019866082817316055
2026-02-13T00:00:00+00:00,2026-02-17T14:50:16.566730187+00:00,2026-02-17T14:50:16.566730187+00:00,NGJ28@2028-03-29,-0.0017164945602416992,-0.012842357158660889,0.008997559547424316,0.021839935332536697
2026-02-17T00:00:00+00:00,2026-02-18T14:49:44.956426123+00:00,2026-02-18T14:49:44.956426123+00:00,NGJ28@2028-03-29,0.003074049949645996,-0.009798049926757812,0.014951229095458984,0.02474929206073284
2026-02-18T00:00:00+00:00,2026-02-19T14:56:04.262402939+00:00,2026-02-19T14:56:04.262402939+00:00,NGJ28@2028-03-29,0.00023603439331054688,-0.011547744274139404,0.01167440414428711,0.023222140967845917
2026-02-19T00:00:00+00:00,2026-02-20T15:04:55.599413456+00:00,2026-02-20T15:04:55.599413456+00:00,NGJ28@2028-03-29,-0.0009131431579589844,-0.012460052967071533,0.009873390197753906,0.022333461791276932
2026-02-20T00:00:00+00:00,2026-02-23T14:58:08.400546455+00:00,2026-02-23T14:58:08.400546455+00:00,NGJ28@2028-03-29,-0.001397550106048584,-0.013234496116638184,0.009642243385314941,0.022876732051372528
2026-02-23T00:00:00+00:00,2026-02-24T15:58:39.321118192+00:00,2026-02-24T15:58:39.321118192+00:00,NGJ28@2028-03-29,-0.0008832812309265137,-0.014114201068878174,0.010732531547546387,0.024846812710165977
2026-02-24T00:00:00+00:00,2026-02-25T15:32:01.718400588+00:00,2026-02-25T15:32:01.718400588+00:00,NGJ28@2028-03-29,-0.0009152889251708984,-0.01317530870437622,0.009474873542785645,0.02265014871954918
2026-02-25T00:00:00+00:00,2026-02-26T15:05:29.946650583+00:00,2026-02-26T15:05:29.946650583+00:00,NGJ28@2028-03-29,0.0005244016647338867,-0.01079493761062622,0.009925007820129395,0.020720019936561584
2026-02-26T00:00:00+00:00,2026-02-27T14:38:47.537739783+00:00,2026-02-27T14:38:47.537739783+00:00,NGJ28@2028-03-29,0.00017523765563964844,-0.01105499267578125,0.009969472885131836,0.02102450281381607
2026-02-27T00:00:00+00:00,2026-03-02T15:11:34.151429336+00:00,2026-03-02T15:11:34.151429336+00:00,NGJ28@2028-03-29,0.00038361549377441406,-0.011686623096466064,0.009691476821899414,0.02137809805572033
2026-03-02T00:00:00+00:00,2026-03-03T17:27:20.142665311+00:00,2026-03-03T17:27:20.142665311+00:00,NGJ28@2028-03-29,0.00045943260192871094,-0.011296689510345459,0.010126352310180664,0.02142304740846157
2026-03-03T00:00:00+00:00,2026-03-04T15:12:09.498818079+00:00,2026-03-04T15:12:09.498818079+00:00,NGJ28@2028-03-29,0.0016716718673706055,-0.010481059551239014,0.013492941856384277,0.02397403120994568
2026-03-04T00:00:00+00:00,2026-03-05T14:39:46.441425223+00:00,2026-03-05T14:39:46.441425223+00:00,NGJ28@2028-03-29,0.0020066499710083008,-0.009579598903656006,0.013074278831481934,0.022653842344880104
2026-03-05T00:00:00+00:00,2026-03-06T14:39:55.748742727+00:00,2026-03-06T14:39:55.748742727+00:00,NGJ28@2028-03-29,0.0012537240982055664,-0.010618269443511963,0.011787772178649902,0.022406039759516716
2026-03-06T00:00:00+00:00,2026-03-09T14:26:38.940771211+00:00,2026-03-09T14:26:38.940771211+00:00,NGJ28@2028-03-29,-0.0015111565589904785,-0.012675642967224121,0.00896143913269043,0.02163713611662388
2026-03-09T00:00:00+00:00,2026-03-10T15:36:46.780597149+00:00,2026-03-10T15:36:46.780597149+00:00,NGJ28@2028-03-29,-0.0006976723670959473,-0.01146543025970459,0.008822202682495117,0.02028757892549038
2026-03-10T00:00:00+00:00,2026-03-11T13:38:54.974057623+00:00,2026-03-11T13:38:54.974057623+00:00,NGJ28@2028-03-29,-4.5299530029296875e-05,-0.009411394596099854,0.008119702339172363,0.017531124874949455
2026-03-12T00:00:00+00:00,2026-03-13T15:26:10.292265221+00:00,2026-03-13T15:26:10.292265221+00:00,NGJ28@2028-03-29,-0.002318263053894043,-0.012962579727172852,0.0070917606353759766,0.020054394379258156
2026-03-16T00:00:00+00:00,2026-03-17T15:21:57.580535495+00:00,2026-03-17T15:21:57.580535495+00:00,NGJ28@2028-03-29,-0.0001277923583984375,-0.010564088821411133,0.008332371711730957,0.018896454945206642
2026-03-17T00:00:00+00:00,2026-03-18T14:22:00.453426221+00:00,2026-03-18T14:22:00.453426221+00:00,NGJ28@2028-03-29,-0.0020515918731689453,-0.013223230838775635,0.006330013275146484,0.01955326460301876
2026-03-18T00:00:00+00:00,2026-03-19T13:38:42.382661576+00:00,2026-03-19T13:38:42.382661576+00:00,NGJ28@2028-03-29,-0.0021483302116394043,-0.01224219799041748,0.005808830261230469,0.018051037564873695
2026-03-19T00:00:00+00:00,2026-03-20T15:13:30.001914397+00:00,2026-03-20T15:13:30.001914397+00:00,NGJ28@2028-03-29,-0.0019395947456359863,-0.01077181100845337,0.005196332931518555,0.01596813090145588
2026-03-20T00:00:00+00:00,2026-03-23T13:43:40.701432131+00:00,2026-03-23T13:43:40.701432131+00:00,NGJ28@2028-03-29,-0.002186417579650879,-0.011572599411010742,0.00474238395690918,0.01631496101617813
2026-03-23T00:00:00+00:00,2026-03-24T13:54:25.350088875+00:00,2026-03-24T13:54:25.350088875+00:00,NGJ28@2028-03-29,-0.002774655818939209,-0.012917041778564453,0.004987001419067383,0.017904061824083328
2026-03-24T00:00:00+00:00,2026-03-25T13:58:09.830787459+00:00,2026-03-25T13:58:09.830787459+00:00,NGJ28@2028-03-29,-0.0020086169242858887,-0.012094318866729736,0.005800008773803711,0.017894266173243523
2026-03-26T00:00:00+00:00,2026-03-27T14:30:21.641631598+00:00,2026-03-27T14:30:21.641631598+00:00,NGJ28@2028-03-29,-0.0015645623207092285,-0.010647833347320557,0.005583405494689941,0.016231264919042587
2026-03-30T00:00:00+00:00,2026-03-31T14:03:49.822070367+00:00,2026-03-31T14:03:49.822070367+00:00,NGJ28@2028-03-29,-0.0002962350845336914,-0.010518074035644531,0.008118629455566406,0.018636683002114296
2026-03-31T00:00:00+00:00,2026-04-01T14:11:05.303492634+00:00,2026-04-01T14:11:05.303492634+00:00,NGJ28@2028-03-29,0.0011212825775146484,-0.012788772583007812,0.013076186180114746,0.025864921510219574
2026-04-02T00:00:00+00:00,2026-04-05T13:37:08.043302107+00:00,2026-04-05T13:37:08.043302107+00:00,NGJ28@2028-03-29,0.00188446044921875,-0.014731049537658691,0.015798091888427734,0.030529117211699486
2026-04-06T00:00:00+00:00,2026-04-07T14:18:37.435834902+00:00,2026-04-07T14:18:37.435834902+00:00,NGJ28@2028-03-29,0.0010809898376464844,-0.013807177543640137,0.013458967208862305,0.02726607769727707
2026-04-07T00:00:00+00:00,2026-04-08T13:40:43.714994286+00:00,2026-04-08T13:40:43.714994286+00:00,NGJ28@2028-03-29,-0.0025029778480529785,-0.020062148571014404,0.012827396392822266,0.03288948908448219
2026-04-08T00:00:00+00:00,2026-04-09T14:17:22.869854524+00:00,2026-04-09T14:17:22.869854524+00:00,NGJ28@2028-03-29,-0.00020813941955566406,-0.01789456605911255,0.015602827072143555,0.03349746763706207
2026-04-09T00:00:00+00:00,2026-04-10T13:37:09.966693646+00:00,2026-04-10T13:37:09.966693646+00:00,NGJ28@2028-03-29,0.0006744861602783203,-0.015746712684631348,0.014250993728637695,0.029997719451785088
2026-04-10T00:00:00+00:00,2026-04-13T14:11:04.576672388+00:00,2026-04-13T14:11:04.576672388+00:00,NGJ28@2028-03-29,0.0010952949523925781,-0.013771116733551025,0.014617204666137695,0.028388386592268944
2026-04-13T00:00:00+00:00,2026-04-14T13:42:22.253715116+00:00,2026-04-14T13:42:22.253715116+00:00,NGJ28@2028-03-29,-0.0010225176811218262,-0.015287935733795166,0.010894179344177246,0.026182159781455994
2026-04-14T00:00:00+00:00,2026-04-15T14:11:50.339313755+00:00,2026-04-15T14:11:50.339313755+00:00,NGJ28@2028-03-29,-0.0009747147560119629,-0.01538550853729248,0.010858893394470215,0.02624446712434292
2026-04-15T00:00:00+00:00,2026-04-16T15:07:20.151617214+00:00,2026-04-16T15:07:20.151617214+00:00,NGJ28@2028-03-29,-0.0039650797843933105,-0.01765429973602295,0.009992361068725586,0.027646727859973907
2026-04-16T00:00:00+00:00,2026-04-17T13:34:47.578280741+00:00,2026-04-17T13:34:47.578280741+00:00,NGJ28@2028-03-29,-0.0038933157920837402,-0.0175325870513916,0.008947372436523438,0.026479950174689293
2026-04-17T00:00:00+00:00,2026-04-20T15:11:55.033061638+00:00,2026-04-20T15:11:55.033061638+00:00,NGJ28@2028-03-29,-0.0018251538276672363,-0.013759076595306396,0.00970447063446045,0.023463591933250427
2026-04-20T00:00:00+00:00,2026-04-21T15:48:57.636136937+00:00,2026-04-21T15:48:57.636136937+00:00,NGJ28@2028-03-29,-0.001334846019744873,-0.011803805828094482,0.008975028991699219,0.02077883668243885
2026-04-21T00:00:00+00:00,2026-04-22T14:28:08.403945326+00:00,2026-04-22T14:28:08.403945326+00:00,NGJ28@2028-03-29,-0.0012378096580505371,-0.00974041223526001,0.008257865905761719,0.017998313531279564
2026-04-22T00:00:00+00:00,2026-04-23T13:54:50.702863836+00:00,2026-04-23T13:54:50.702863836+00:00,NGJ28@2028-03-29,-0.001122117042541504,-0.008530676364898682,0.006751656532287598,0.01528229471296072
2026-04-23T00:00:00+00:00,2026-04-24T14:17:21.260941705+00:00,2026-04-24T14:17:21.260941705+00:00,NGJ28@2028-03-29,-0.0005736351013183594,-0.0077544450759887695,0.008054494857788086,0.015808939933776855
2026-04-24T00:00:00+00:00,2026-04-27T13:29:25.966621865+00:00,2026-04-27T13:29:25.966621865+00:00,NGJ28@2028-03-29,0.0006315708160400391,-0.008192718029022217,0.010217070579528809,0.018409764394164085
2026-04-27T00:00:00+00:00,2026-04-28T13:29:53.158753905+00:00,2026-04-28T13:29:53.158753905+00:00,NGJ28@2028-03-29,0.0001876354217529297,-0.009362995624542236,0.011719346046447754,0.02108229137957096
2026-04-28T00:00:00+00:00,2026-04-29T13:30:29.755760827+00:00,2026-04-29T13:30:29.755760827+00:00,NGJ28@2028-03-29,0.0005048513412475586,-0.006932258605957031,0.011842608451843262,0.01877489499747753
2026-04-29T00:00:00+00:00,2026-04-30T13:44:34.141094782+00:00,2026-04-30T13:44:34.141094782+00:00,NGJ28@2028-03-29,-7.265806198120117e-05,-0.0073528289794921875,0.01132655143737793,0.018679387867450714
2026-04-30T00:00:00+00:00,2026-05-01T14:43:53.946419492+00:00,2026-05-01T14:43:53.946419492+00:00,NGJ28@2028-03-29,-0.0011370182037353516,-0.009245872497558594,0.008875131607055664,0.018121011555194855
2026-05-01T00:00:00+00:00,2026-05-04T14:04:26.896324302+00:00,2026-05-04T14:04:26.896324302+00:00,NGJ28@2028-03-29,-0.0007065534591674805,-0.007835984230041504,0.008834600448608398,0.01667053811252117
2026-05-04T00:00:00+00:00,2026-05-05T14:04:07.935695969+00:00,2026-05-05T14:04:07.935695969+00:00,NGJ28@2028-03-29,-0.0010921359062194824,-0.008512020111083984,0.007943153381347656,0.016455143690109253
2026-05-05T00:00:00+00:00,2026-05-06T14:05:11.711221547+00:00,2026-05-06T14:05:11.711221547+00:00,NGJ28@2028-03-29,0.0009131431579589844,-0.006995141506195068,0.0109788179397583,0.01797397807240486
2026-05-06T00:00:00+00:00,2026-05-07T14:05:49.272798715+00:00,2026-05-07T14:05:49.272798715+00:00,NGJ28@2028-03-29,0.0018579959869384766,-0.0065909624099731445,0.012142539024353027,0.018733538687229156
2026-05-07T00:00:00+00:00,2026-05-08T14:06:01.864666583+00:00,2026-05-08T14:06:01.864666583+00:00,NGJ28@2028-03-29,0.0015993118286132812,-0.005826413631439209,0.010763764381408691,0.01659015566110611
2026-05-08T00:00:00+00:00,2026-05-11T14:04:23.182875609+00:00,2026-05-11T14:04:23.182875609+00:00,NGJ28@2028-03-29,0.0006051063537597656,-0.0072307586669921875,0.008751153945922852,0.015981916338205338
2026-05-11T00:00:00+00:00,2026-05-12T14:42:42.827956561+00:00,2026-05-12T14:42:42.827956561+00:00,NGJ28@2028-03-29,-0.0006563067436218262,-0.008261263370513916,0.007627010345458984,0.01588824950158596
2026-05-12T00:00:00+00:00,2026-05-13T14:04:48.808678409+00:00,2026-05-13T14:04:48.808678409+00:00,NGJ28@2028-03-29,-0.0001773238182067871,-0.007173597812652588,0.006970524787902832,0.014144104905426502
2026-05-13T00:00:00+00:00,2026-05-14T14:05:20.374170500+00:00,2026-05-14T14:05:20.374170500+00:00,NGJ28@2028-03-29,0.0002728700637817383,-0.006613612174987793,0.007387518882751465,0.014001178555190563
2026-05-14T00:00:00+00:00,2026-05-15T14:18:16.483505935+00:00,2026-05-15T14:18:16.483505935+00:00,NGJ28@2028-03-29,0.000540614128112793,-0.005582630634307861,0.006282448768615723,0.011865035630762577
2026-05-15T00:00:00+00:00,2026-05-18T14:04:41.622305523+00:00,2026-05-18T14:04:41.622305523+00:00,NGJ28@2028-03-29,1.2755393981933594e-05,-0.0038007497787475586,0.005491971969604492,0.009292799048125744
2026-05-18T00:00:00+00:00,2026-05-19T14:04:47.943342335+00:00,2026-05-19T14:04:47.943342335+00:00,NGJ28@2028-03-29,-0.0006540417671203613,-0.005443990230560303,0.003919720649719238,0.009363648481667042
2026-05-19T00:00:00+00:00,2026-05-20T14:05:48.116896545+00:00,2026-05-20T14:05:48.116896545+00:00,NGJ28@2028-03-29,-0.0008466243743896484,-0.006414175033569336,0.004351139068603516,0.010765285231173038
2026-05-20T00:00:00+00:00,2026-05-21T14:06:40.561152689+00:00,2026-05-21T14:06:40.561152689+00:00,NGJ28@2028-03-29,0.00048542022705078125,-0.005355238914489746,0.0062628984451293945,0.011618166230618954
2026-05-21T00:00:00+00:00,2026-05-22T14:36:09.422754878+00:00,2026-05-22T14:36:09.422754878+00:00,NGJ28@2028-03-29,0.0004048347473144531,-0.0037703514099121094,0.006229043006896973,0.009999462403357029
2026-05-22T00:00:00+00:00,2026-05-26T15:41:29.222853158+00:00,2026-05-26T15:41:29.222853158+00:00,NGJ28@2028-03-29,0.0014013051986694336,-0.002785921096801758,0.00785362720489502,0.010639533400535583
2026-05-26T00:00:00+00:00,2026-05-27T14:08:38.439874956+00:00,2026-05-27T14:08:38.439874956+00:00,NGJ28@2028-03-29,0.001728653907775879,-0.0023515820503234863,0.008820652961730957,0.01117224432528019
2026-05-27T00:00:00+00:00,2026-05-28T14:04:19.443636652+00:00,2026-05-28T14:04:19.443636652+00:00,NGJ28@2028-03-29,0.0012117624282836914,-0.0030338168144226074,0.00860607624053955,0.011639971286058426
2026-05-28T00:00:00+00:00,2026-05-29T14:05:29.121927339+00:00,2026-05-29T14:05:29.121927339+00:00,NGJ28@2028-03-29,-0.0005891323089599609,-0.006460428237915039,0.007690787315368652,0.014151189476251602
2026-05-29T00:00:00+00:00,2026-06-01T14:04:01.737841879+00:00,2026-06-01T14:04:01.737841879+00:00,NGJ28@2028-03-29,-0.001290440559387207,-0.005912184715270996,0.006048679351806641,0.01196090318262577
2026-06-01T00:00:00+00:00,2026-06-02T14:19:06.771570351+00:00,2026-06-02T14:19:06.771570351+00:00,NGJ28@2028-03-29,-0.0013815760612487793,-0.0069561004638671875,0.007004261016845703,0.013960340991616249
2026-06-02T00:00:00+00:00,2026-06-03T14:10:15.148056458+00:00,2026-06-03T14:10:15.148056458+00:00,NGJ28@2028-03-29,-0.0008027553558349609,-0.0059386491775512695,0.006667375564575195,0.012606044299900532
2026-06-03T00:00:00+00:00,2026-06-04T14:17:40.187084302+00:00,2026-06-04T14:17:40.187084302+00:00,NGJ28@2028-03-29,0.00031304359436035156,-0.004330933094024658,0.007933974266052246,0.012264853343367577
2026-06-04T00:00:00+00:00,2026-06-05T14:39:55.019537627+00:00,2026-06-05T14:39:55.019537627+00:00,NGJ28@2028-03-29,-0.00012320280075073242,-0.006286919116973877,0.00864565372467041,0.014932508580386639
2026-06-05T00:00:00+00:00,2026-06-08T14:11:49.583174966+00:00,2026-06-08T14:11:49.583174966+00:00,NGJ28@2028-03-29,-0.0006698369979858398,-0.007049560546875,0.008211255073547363,0.015260802581906319
2026-06-08T00:00:00+00:00,2026-06-09T14:58:48.221857393+00:00,2026-06-09T14:58:48.221857393+00:00,NGJ28@2028-03-29,-0.0009593963623046875,-0.005978643894195557,0.006938815116882324,0.012917458079755306
2026-06-09T00:00:00+00:00,2026-06-10T14:41:34.809700117+00:00,2026-06-10T14:41:34.809700117+00:00,NGJ28@2028-03-29,-0.0004959702491760254,-0.004708707332611084,0.0065081119537353516,0.011216813698410988
2026-06-10T00:00:00+00:00,2026-06-11T14:06:33.289976705+00:00,2026-06-11T14:06:33.289976705+00:00,NGJ28@2028-03-29,-0.0006763935089111328,-0.00539851188659668,0.0061217546463012695,0.011520281434059143
2026-06-11T00:00:00+00:00,2026-06-12T14:19:11.140229348+00:00,2026-06-12T14:19:11.140229348+00:00,NGJ28@2028-03-29,-0.0005714893341064453,-0.006615281105041504,0.006008267402648926,0.012623462826013565
2026-06-12T00:00:00+00:00,2026-06-15T14:04:33.225897222+00:00,2026-06-15T14:04:33.225897222+00:00,NGJ28@2028-03-29,-0.0005033612251281738,-0.005578458309173584,0.004891395568847656,0.010469906963407993
2026-06-15T00:00:00+00:00,2026-06-16T14:06:20.577611791+00:00,2026-06-16T14:06:20.577611791+00:00,NGJ28@2028-03-29,-0.0008308887481689453,-0.00583195686340332,0.0045070648193359375,0.010338990017771721
2026-06-16T00:00:00+00:00,2026-06-17T14:06:27.701989371+00:00,2026-06-17T14:06:27.701989371+00:00,NGJ28@2028-03-29,-0.0008063316345214844,-0.005087792873382568,0.003764033317565918,0.008851850405335426
2026-06-17T00:00:00+00:00,2026-06-18T14:06:45.288890798+00:00,2026-06-18T14:06:45.288890798+00:00,NGJ28@2028-03-29,-0.0006968379020690918,-0.005164742469787598,0.0037431716918945312,0.008907913230359554
2026-06-18T00:00:00+00:00,2026-06-22T17:36:37.897033134+00:00,2026-06-22T17:36:37.897033134+00:00,NGJ28@2028-03-29,0.0006554126739501953,-0.0047609806060791016,0.0054967403411865234,0.010257789865136147
2026-06-22T00:00:00+00:00,2026-06-23T14:05:12.035910431+00:00,2026-06-23T14:05:12.035910431+00:00,NGJ28@2028-03-29,0.0007307529449462891,-0.004075884819030762,0.005491495132446289,0.009567409753799438
2026-06-23T00:00:00+00:00,2026-06-24T14:06:16.419742697+00:00,2026-06-24T14:06:16.419742697+00:00,NGJ28@2028-03-29,0.001718282699584961,-0.0038898587226867676,0.007748603820800781,0.011638481169939041
2026-06-24T00:00:00+00:00,2026-06-25T14:06:45.883018604+00:00,2026-06-25T14:06:45.883018604+00:00,NGJ28@2028-03-29,-3.260374069213867e-05,-0.005464136600494385,0.005598187446594238,0.011062351986765862
2026-06-25T00:00:00+00:00,2026-06-26T14:07:25.149387435+00:00,2026-06-26T14:07:25.149387435+00:00,NGJ28@2028-03-29,0.0003006458282470703,-0.004765331745147705,0.005859494209289551,0.0106248389929533
2026-06-26T00:00:00+00:00,2026-06-29T14:13:14.075407244+00:00,2026-06-29T14:13:14.075407244+00:00,NGJ28@2028-03-29,0.0009145736694335938,-0.0033941268920898438,0.006332516670227051,0.00972667708992958
2026-06-29T00:00:00+00:00,2026-06-30T14:17:03.569572236+00:00,2026-06-30T14:17:03.569572236+00:00,NGJ28@2028-03-29,0.0012602806091308594,-0.0034593939781188965,0.006955742835998535,0.010415083728730679
2026-06-30T00:00:00+00:00,2026-07-01T14:04:16.038944158+00:00,2026-07-01T14:04:16.038944158+00:00,NGJ28@2028-03-29,0.0012395381927490234,-0.004169940948486328,0.007292985916137695,0.011462892405688763
2026-07-01T00:00:00+00:00,2026-07-02T14:15:26.205031512+00:00,2026-07-02T14:15:26.205031512+00:00,NGJ28@2028-03-29,0.0025606155395507812,-0.005373835563659668,0.011132955551147461,0.016506841406226158
2026-07-02T00:00:00+00:00,2026-07-06T14:04:50.148376115+00:00,2026-07-06T14:04:50.148376115+00:00,NGJ28@2028-03-29,0.003147125244140625,-0.00470125675201416,0.01210927963256836,0.0168104637414217
2026-07-06T00:00:00+00:00,2026-07-07T14:04:25.246741961+00:00,2026-07-07T14:04:25.246741961+00:00,NGJ28@2028-03-29,0.002185821533203125,-0.004835903644561768,0.010657668113708496,0.015493599697947502
2026-07-07T00:00:00+00:00,2026-07-08T14:04:26.056431734+00:00,2026-07-08T14:04:26.056431734+00:00,NGJ28@2028-03-29,0.003359675407409668,-0.004138171672821045,0.012007594108581543,0.01614570990204811
2026-07-08T00:00:00+00:00,2026-07-09T14:03:59.005697464+00:00,2026-07-09T14:03:59.005697464+00:00,NGJ28@2028-03-29,0.002307295799255371,-0.004871189594268799,0.010538697242736816,0.015409913845360279
2026-07-09T00:00:00+00:00,2026-07-10T14:04:20.241450860+00:00,2026-07-10T14:04:20.241450860+00:00,NGJ28@2028-03-29,0.0038019418716430664,-0.004266679286956787,0.013375401496887207,0.017642129212617874
2026-07-10T00:00:00+00:00,2026-07-13T14:04:36.146537007+00:00,2026-07-13T14:04:36.146537007+00:00,NGJ28@2028-03-29,0.0035283565521240234,-0.004154026508331299,0.012787938117980957,0.016941910609602928
2026-07-13T00:00:00+00:00,2026-07-14T14:03:44.278190249+00:00,2026-07-14T14:03:44.278190249+00:00,NGJ28@2028-03-29,0.0034476518630981445,-0.004257142543792725,0.012905001640319824,0.0171621423214674
2026-07-14T00:00:00+00:00,2026-07-15T14:06:11.654407404+00:00,2026-07-15T14:06:11.654407404+00:00,NGJ28@2028-03-29,0.0014494657516479492,-0.00529325008392334,0.009893178939819336,0.01518641784787178
2026-07-15T00:00:00+00:00,2026-07-16T14:03:50.754630279+00:00,2026-07-16T14:03:50.754630279+00:00,NGJ28@2028-03-29,-0.00014781951904296875,-0.006849765777587891,0.00765681266784668,0.014506557956337929
2026-07-16T00:00:00+00:00,2026-07-17T14:04:58.694378087+00:00,2026-07-17T14:04:58.694378087+00:00,NGJ28@2028-03-29,0.0034869909286499023,-0.004424929618835449,0.012549638748168945,0.01697450317442417
2026-07-17T00:00:00+00:00,2026-07-20T14:04:37.479165209+00:00,2026-07-20T14:04:37.479165209+00:00,NGJ28@2028-03-29,0.0020486116409301758,-0.006280839443206787,0.011283278465270996,0.017564116045832634
2026-07-20T00:00:00+00:00,2026-07-21T14:04:43.508534686+00:00,2026-07-21T14:04:43.508534686+00:00,NGJ28@2028-03-29,0.0011720657348632812,-0.005408585071563721,0.008738040924072266,0.014146579429507256
2026-07-21T00:00:00+00:00,2026-07-22T14:04:00.682785747+00:00,2026-07-22T14:04:00.682785747+00:00,NGJ28@2028-03-29,-0.00044733285903930664,-0.007245779037475586,0.007151365280151367,0.014397167600691319
2026-07-22T00:00:00+00:00,2026-07-23T14:20:22.072080956+00:00,2026-07-23T14:20:22.072080956+00:00,NGJ28@2028-03-29,-0.00173187255859375,-0.011089980602264404,0.008739829063415527,0.01982983388006687
2026-07-23T00:00:00+00:00,2026-07-24T14:17:41.157157881+00:00,2026-07-24T14:17:41.157157881+00:00,NGJ28@2028-03-29,-0.00031876564025878906,-0.010483860969543457,0.010346770286560059,0.020830612629652023
2026-07-24T00:00:00+00:00,2026-07-27T14:05:59.372401719+00:00,2026-07-27T14:05:59.372401719+00:00,NGJ28@2028-03-29,-0.00021773576736450195,-0.008800804615020752,0.009223461151123047,0.018024232238531113
2026-07-27T00:00:00+00:00,2026-07-28T14:04:41.534501591+00:00,2026-07-28T14:04:41.534501591+00:00,NGJ28@2028-03-29,0.0002835988998413086,-0.007520020008087158,0.008487224578857422,0.01600729301571846
2026-07-28T00:00:00+00:00,2026-07-29T14:04:52.005490956+00:00,2026-07-29T14:04:52.005490956+00:00,NGJ28@2028-03-29,0.0006988048553466797,-0.007251560688018799,0.008880019187927246,0.016131622716784477
2026-07-29T00:00:00+00:00,2026-07-30T14:04:36.644980195+00:00,2026-07-30T14:04:36.644980195+00:00,NGJ28@2028-03-29,-0.0013447999954223633,-0.01010829210281372,0.007109999656677246,0.01721825636923313
2026-07-30T00:00:00+00:00,2026-07-31T14:05:36.389054679+00:00,2026-07-31T14:05:36.389054679+00:00,NGJ28@2028-03-29,-0.0006687045097351074,-0.008849740028381348,0.007364392280578613,0.016214128583669662
2026-07-31T00:00:00+00:00,2026-08-03T14:06:37.880959276+00:00,2026-08-03T14:06:37.880959276+00:00,NGJ28@2028-03-29,-0.0014107823371887207,-0.008864104747772217,0.00593256950378418,0.014796691946685314
2026-08-03T00:00:00+00:00,2026-08-04T14:11:25.253101627+00:00,2026-08-04T14:11:25.253101627+00:00,NGJ28@2028-03-29,-0.0028595924377441406,-0.012714922428131104,0.0062716007232666016,0.018986523151397705
2026-08-04T00:00:00+00:00,2026-08-05T14:04:52.672271068+00:00,2026-08-05T14:04:52.672271068+00:00,NGJ28@2028-03-29,-0.0013006925582885742,-0.010172069072723389,0.006988048553466797,0.017160125076770782
2026-08-05T00:00:00+00:00,2026-08-06T14:05:10.603550111+00:00,2026-08-06T14:05:10.603550111+00:00,NGJ28@2028-03-29,-0.0005705356597900391,-0.008891761302947998,0.007287859916687012,0.016179664060473442
2026-08-06T00:00:00+00:00,2026-08-07T14:04:36.250748343+00:00,2026-08-07T14:04:36.250748343+00:00,NGJ28@2028-03-29,0.0005067586898803711,-0.008251488208770752,0.009681105613708496,0.017932549118995667
2026-08-07T00:00:00+00:00,2026-08-10T14:05:12.694029868+00:00,2026-08-10T14:05:12.694029868+00:00,NGJ28@2028-03-29,-0.000970304012298584,-0.009510040283203125,0.007688045501708984,0.017198046669363976
2026-08-10T00:00:00+00:00,2026-08-11T14:05:27.939763231+00:00,2026-08-11T14:05:27.939763231+00:00,NGJ28@2028-03-29,-0.000794529914855957,-0.008924365043640137,0.007042288780212402,0.01596665382385254
2026-08-12T00:00:00+00:00,2026-08-12T23:59:00+00:00,2026-08-12T23:59:00+00:00,NGJ28@2028-03-29,-0.00038611888885498047,-0.0070618391036987305,0.006708264350891113,0.013770143501460552
2026-08-13T00:00:00+00:00,2026-08-14T14:47:12.584034708+00:00,2026-08-14T14:47:12.584034708+00:00,NGJ28@2028-03-29,-0.00026410818099975586,-0.006378173828125,0.006070494651794434,0.012448640540242195
2026-08-14T00:00:00+00:00,2026-08-17T14:05:01.906654158+00:00,2026-08-17T14:05:01.906654158+00:00,NGJ28@2028-03-29,-4.1365623474121094e-05,-0.006240248680114746,0.006239771842956543,0.012480098754167557
2026-08-17T00:00:00+00:00,2026-08-18T14:04:40.891753300+00:00,2026-08-18T14:04:40.891753300+00:00,NGJ28@2028-03-29,0.00038063526153564453,-0.006583809852600098,0.006971478462219238,0.013555292971432209
2026-08-18T00:00:00+00:00,2026-08-19T14:15:42.634201038+00:00,2026-08-19T14:15:42.634201038+00:00,NGJ28@2028-03-29,-0.0003236532211303711,-0.006072938442230225,0.005454897880554199,0.011527805589139462
2026-08-19T00:00:00+00:00,2026-08-20T14:05:36.041314348+00:00,2026-08-20T14:05:36.041314348+00:00,NGJ28@2028-03-29,-0.00035840272903442383,-0.005885481834411621,0.004568815231323242,0.010454286821186543
2026-08-20T00:00:00+00:00,2026-08-21T14:04:20.836431414+00:00,2026-08-21T14:04:20.836431414+00:00,NGJ28@2028-03-29,-0.00033915042877197266,-0.006158113479614258,0.004078984260559082,0.01023708377033472
2026-08-21T00:00:00+00:00,2026-08-24T15:19:27.204466922+00:00,2026-08-24T15:19:27.204466922+00:00,NGJ28@2028-03-29,-0.0005753040313720703,-0.007350802421569824,0.004853725433349609,0.012204482220113277
2026-08-24T00:00:00+00:00,2026-08-25T14:06:45.579327369+00:00,2026-08-25T14:06:45.579327369+00:00,NGJ28@2028-03-29,-0.0014957785606384277,-0.008751273155212402,0.004563331604003906,0.013314582407474518
2026-08-25T00:00:00+00:00,2026-08-26T14:05:02.743967673+00:00,2026-08-26T14:05:02.743967673+00:00,NGJ28@2028-03-29,-0.0010538101196289062,-0.006607234477996826,0.003984570503234863,0.010591750964522362
2026-08-26T00:00:00+00:00,2026-08-27T14:21:01.111537433+00:00,2026-08-27T14:21:01.111537433+00:00,NGJ28@2028-03-29,-0.0005387067794799805,-0.005774557590484619,0.004503011703491211,0.01027749851346016
2026-08-27T00:00:00+00:00,2026-08-28T14:05:03.720528879+00:00,2026-08-28T14:05:03.720528879+00:00,NGJ28@2028-03-29,-0.002745687961578369,-0.009810149669647217,0.004159092903137207,0.01396922953426838
2026-08-28T00:00:00+00:00,2026-08-31T14:06:35.208423659+00:00,2026-08-31T14:06:35.208423659+00:00,NGJ28@2028-03-29,-0.0009524822235107422,-0.007287442684173584,0.005462169647216797,0.012749585323035717
2026-08-31T00:00:00+00:00,2026-09-01T14:06:20.170728685+00:00,2026-09-01T14:06:20.170728685+00:00,NGJ28@2028-03-29,-0.0002422332763671875,-0.00639420747756958,0.006025075912475586,0.012419242411851883
2026-09-01T00:00:00+00:00,2026-09-02T14:07:07.236615407+00:00,2026-09-02T14:07:07.236615407+00:00,NGJ28@2028-03-29,0.0002881288528442383,-0.0056528449058532715,0.006139278411865234,0.011792133562266827
2026-09-02T00:00:00+00:00,2026-09-03T14:04:41.182444048+00:00,2026-09-03T14:04:41.182444048+00:00,NGJ28@2028-03-29,-0.0018280744552612305,-0.007954776287078857,0.003893613815307617,0.011848334223031998
