prediction_time,challenger_prediction,actual,baseline_prediction
2015-01-02 23:59:00+00:00,0.034264697613646575,0.01924458017435531,0.03573741434045553
2015-01-05 23:59:00+00:00,0.034295461012195314,0.02306867661275874,0.035825389772097684
2015-01-06 23:59:00+00:00,0.03329718901177205,0.019317606570821898,0.03462266275200663
2015-01-07 23:59:00+00:00,0.032028385274116604,0.006470310330689745,0.03308944444257779
2015-01-08 23:59:00+00:00,0.032155248181019294,0.0526162114333761,0.0332612226469217
2015-01-09 23:59:00+00:00,0.031371819106615205,0.051597362644273316,0.03284318486497058
2015-01-12 23:59:00+00:00,0.03267268059369384,0.09398102949196034,0.034487343608143435
2015-01-13 23:59:00+00:00,0.0330949952297246,0.023471582909845752,0.035021198250888966
2015-01-14 23:59:00+00:00,0.035926444549917794,0.009864837357746169,0.03858052372897119
2015-01-15 23:59:00+00:00,0.035830989999043834,0.09944407234594163,0.0384641467409514
2015-01-16 23:59:00+00:00,0.03571750758454442,0.04927784190820076,0.03774792618737181
2015-01-20 23:59:00+00:00,0.03921290217555652,0.04786591085824799,0.04207147205859989
2015-01-21 23:59:00+00:00,0.03919054743785942,0.05189276193728326,0.04205367275915842
2015-01-22 23:59:00+00:00,0.03724768549695154,0.03579724301460739,0.03968145931185457
2015-01-23 23:59:00+00:00,0.03904965136610189,0.03412135859354292,0.04190015578801737
2015-01-28 23:59:00+00:00,0.03788574807532813,0.01035129390556495,0.0393013496532061
2015-01-29 23:59:00+00:00,0.03847877038495767,0.0040960772220033454,0.039986706661430775
2015-01-30 23:59:00+00:00,0.036072522136147554,0.027237605783697664,0.03716524729650848
2015-02-02 23:59:00+00:00,0.03477374320832667,0.033976680333543216,0.03562262989543854
2015-02-03 23:59:00+00:00,0.034139636141091355,0.02356627494548346,0.03487319890874551
2015-02-04 23:59:00+00:00,0.034139447552236024,0.008109718128228652,0.03572703954351176
2015-02-05 23:59:00+00:00,0.03430507702723115,0.006955205781403675,0.03588614370474448
2015-02-06 23:59:00+00:00,0.03382093539788397,0.030339831857604155,0.03525532308530008
2015-02-09 23:59:00+00:00,0.03390307133996475,0.043850649681607255,0.03522842222078336
2015-02-10 23:59:00+00:00,0.03300766963011513,0.030492380543028032,0.034097633956238806
2015-02-11 23:59:00+00:00,0.03253510673362223,0.032991935495548935,0.033897532569452035
2015-02-12 23:59:00+00:00,0.030191931782665597,0.016178673937194587,0.030924006297610284
2015-02-13 23:59:00+00:00,0.030456845473523217,0.025761710894613515,0.031198891736606442
2015-02-17 23:59:00+00:00,0.03084344979946521,0.0010591351387261258,0.03146013954503517
2015-02-18 23:59:00+00:00,0.02829029635931877,0.04045495469231375,0.028225082061265838
2015-02-19 23:59:00+00:00,0.02639240377187106,0.024701084330763602,0.026194403998173736
2015-02-20 23:59:00+00:00,0.02647370080740497,0.007957142831957361,0.02625747660083258
2015-02-25 23:59:00+00:00,0.021587512507526843,0.013625694144164879,0.021075129290887392
2015-02-26 23:59:00+00:00,0.022825413593340872,0.01325498051619364,0.022598822823613147
2015-02-27 23:59:00+00:00,0.021753745261040437,0.005175612292585107,0.021205869617359013
2015-03-02 23:59:00+00:00,0.02187942016129364,0.020799874110675555,0.021350287455541468
2015-03-03 23:59:00+00:00,0.02203043594461331,0.025669858683226035,0.021497294551194132
2015-03-04 23:59:00+00:00,0.021782048399824727,0.0007042253812168707,0.021139624617336043
2015-03-05 23:59:00+00:00,0.02154885563982053,0.05838163022185335,0.02080115447053371
2015-03-06 23:59:00+00:00,0.020787455164880366,0.019963694439562873,0.019795252978576712
2015-03-09 23:59:00+00:00,0.023021318527678865,0.03312037792245188,0.022484272734083544
2015-03-10 23:59:00+00:00,0.023501259854528774,0.03238858132923775,0.023042431658398
2015-03-11 23:59:00+00:00,0.023676920403604848,0.002563634438306433,0.023215887447664063
2015-03-12 23:59:00+00:00,0.023419325080684495,0.0040418941670016546,0.022841576488551972
2015-03-13 23:59:00+00:00,0.022404110880428027,0.04991163341152367,0.021509405623153975
2015-03-16 23:59:00+00:00,0.0214859143006559,0.022511773172216903,0.020286696981379686
2015-03-17 23:59:00+00:00,0.02302756422246954,0.03733208677247047,0.02219203749255328
2015-03-18 23:59:00+00:00,0.02285904501221252,0.009644654150105878,0.02193357752675065
2015-03-19 23:59:00+00:00,0.024121886589312014,0.019206968411682977,0.023486154315340284
2015-03-20 23:59:00+00:00,0.023227482262036837,0.019206968411682877,0.022309264392535638
2015-03-23 23:59:00+00:00,0.023107025055738358,0.022872661665991455,0.021922557770044048
2015-03-24 23:59:00+00:00,0.0238485642297391,0.0189069580172232,0.022813725965133203
2015-03-27 23:59:00+00:00,0.021428826480329212,0.0015140048312150718,0.021127449273842906
2015-03-30 23:59:00+00:00,0.02115728471912095,0.0133462419528946,0.020641323717260546
2015-03-31 23:59:00+00:00,0.021081909494317434,0.04062235847146457,0.020498444375746484
2015-04-01 23:59:00+00:00,0.020725151325732896,0.0,0.020175981486499628
2015-04-02 23:59:00+00:00,0.021193212050062474,0.02349539367866396,0.020905583786693594
2015-04-03 23:59:00+00:00,0.020975072422773744,0.011257154524634468,0.020766501638599753
2015-04-06 23:59:00+00:00,0.01932876564332617,0.023024228997190494,0.0190935904470738
2015-04-07 23:59:00+00:00,0.018943823705295206,0.03536408924096392,0.018743347560081284
2015-04-08 23:59:00+00:00,0.018465480469076624,0.00674739610916301,0.018344461592976823
2015-04-09 23:59:00+00:00,0.018562928205988444,0.0,0.018598748089711965
2015-04-10 23:59:00+00:00,0.01859740261577241,0.00753822256398077,0.018773103804025814
2015-04-13 23:59:00+00:00,0.018044989221410672,0.031130918595173213,0.01846373066050226
2015-04-14 23:59:00+00:00,0.016371225344915044,0.02795799777483342,0.016469853743449468
2015-04-15 23:59:00+00:00,0.016611718643083417,0.018804615788346205,0.016924426694893555
2015-04-16 23:59:00+00:00,0.01614871751809876,0.03791556674610981,0.016466085661993278
2015-04-17 23:59:00+00:00,0.016423666162905554,0.015261497540719992,0.016944665444571634
2015-04-20 23:59:00+00:00,0.017002029721925452,0.011966944586953788,0.01806746415919749
2015-04-21 23:59:00+00:00,0.01679400567005413,0.02920199713966623,0.0179328488554037
2015-04-22 23:59:00+00:00,0.01624753033989694,0.0,0.01726986793746762
2015-04-23 23:59:00+00:00,0.01654309297350278,0.01633177108637072,0.017771942907497142
2015-04-28 23:59:00+00:00,0.019499286508172124,0.054148003239784206,0.018499788237707312
2015-04-29 23:59:00+00:00,0.019910770830051598,0.009046560702120465,0.019149251350245092
2015-04-30 23:59:00+00:00,0.02037226207798688,0.0160803893753012,0.019862295558380063
2015-05-01 23:59:00+00:00,0.020731637290397,0.014640504317313724,0.020314623593486087
2015-05-04 23:59:00+00:00,0.0201195241365766,0.0014398850579876432,0.019946428202174335
2015-05-05 23:59:00+00:00,0.02019649771711034,0.015245304342800239,0.02018056990155786
2015-05-06 23:59:00+00:00,0.019283986275564092,0.05202455584609674,0.019158103836522715
2015-05-07 23:59:00+00:00,0.018440033436831982,0.027456846233039203,0.018222704549348285
2015-05-08 23:59:00+00:00,0.020081337873567133,0.03334227087239805,0.020453920915974262
2015-05-11 23:59:00+00:00,0.02069223881295707,0.013031734492846472,0.02163091495528953
2015-05-12 23:59:00+00:00,0.021529895746042138,0.024567952807533617,0.022829275065636624
2015-05-13 23:59:00+00:00,0.020777285846928485,0.0026560440581162104,0.02200594159455097
2015-05-14 23:59:00+00:00,0.02051164112796855,0.0019913713849253984,0.021801683085707246
2015-05-15 23:59:00+00:00,0.019809292125552273,0.02081310443369408,0.021064898153019596
2015-05-18 23:59:00+00:00,0.018055682817016496,0.011257154524634447,0.01924298241999206
2015-05-19 23:59:00+00:00,0.018130954337309945,0.011596310030683428,0.019475616978876266
2015-05-20 23:59:00+00:00,0.017959206109639046,0.021248229152341046,0.01939379379825748
2015-05-21 23:59:00+00:00,0.017028685461567033,0.02277204725017579,0.018346048410678193
2015-05-27 23:59:00+00:00,0.020463224834981326,0.02393532364846275,0.019448089490975554
2015-05-28 23:59:00+00:00,0.021328939748973385,0.0026460041897990415,0.020692492884295276
2015-05-29 23:59:00+00:00,0.02010464133150116,0.018328547495631557,0.019270092284021788
2015-06-01 23:59:00+00:00,0.019476222042067177,0.024007154464474868,0.018887564582764374
2015-06-02 23:59:00+00:00,0.01943968066856827,0.0030418274404848886,0.01898071184077527
2015-06-03 23:59:00+00:00,0.019653661423487043,0.013803900169158128,0.01944601957423426
2015-06-04 23:59:00+00:00,0.019556199394219483,0.04344403658699848,0.019456867914480765
2015-06-05 23:59:00+00:00,0.019390858347425995,0.05081258736921586,0.019380969190184727
2015-06-08 23:59:00+00:00,0.018813699912319924,0.015687963366548312,0.019049584883543767
2015-06-09 23:59:00+00:00,0.01962565500323055,0.023094098435804677,0.02022263722283987
2015-06-10 23:59:00+00:00,0.018881945845292635,0.02690745291992438,0.019349997311778357
2015-06-11 23:59:00+00:00,0.019163690579319458,0.04930950980561818,0.019846908971670373
2015-06-12 23:59:00+00:00,0.019086356047499444,0.0017292067251940095,0.0198857743422104
2015-06-15 23:59:00+00:00,0.0206062491130982,0.013567785101318645,0.02223711314506794
2015-06-16 23:59:00+00:00,0.02045114797628857,0.02770063478331094,0.022176778399536128
2015-06-17 23:59:00+00:00,0.01999203034255101,0.013946229971133352,0.021698473638828833
2015-06-18 23:59:00+00:00,0.020548274010381208,0.029917531349864954,0.02254568506650746
2015-06-19 23:59:00+00:00,0.02052579936870426,0.002564573671590167,0.022655050936095922
2015-06-22 23:59:00+00:00,0.020379407980387423,0.01203296196080815,0.02288246779731622
2015-06-23 23:59:00+00:00,0.019419818159352672,0.03245069904541026,0.02179704466308541
2015-06-26 23:59:00+00:00,0.022710527672115486,0.009579636856813595,0.02185141094270494
2015-06-29 23:59:00+00:00,0.022700501790475624,0.017453693287719573,0.02225458653545518
2015-06-30 23:59:00+00:00,0.022270774162270423,0.013916370886868574,0.021844985199446266
2015-07-01 23:59:00+00:00,0.021944140616210694,0.0,0.02156691379966163
2015-07-02 23:59:00+00:00,0.022248174938521274,0.023665500279210282,0.02209346379791609
2015-07-03 23:59:00+00:00,0.02144456022104371,0.014620143454962318,0.021467863219478772
2015-07-06 23:59:00+00:00,0.020393626471047605,0.011479481735621756,0.020485812947575642
2015-07-07 23:59:00+00:00,0.018911507753605433,0.01515460531351279,0.018705161199992056
2015-07-08 23:59:00+00:00,0.01868564879125001,0.016011986924906244,0.01853761453975175
2015-07-09 23:59:00+00:00,0.018290457288209494,0.03337192889915209,0.01815263579054588
2015-07-10 23:59:00+00:00,0.017692001000787452,0.008415196925284472,0.01755019511362041
2015-07-13 23:59:00+00:00,0.016851575008025334,0.027094397927479304,0.016827337174083943
2015-07-14 23:59:00+00:00,0.017005973608467655,0.02217693104594921,0.01714518103204045
2015-07-15 23:59:00+00:00,0.017497496688567593,0.005590510716884967,0.01789654935619797
2015-07-16 23:59:00+00:00,0.0171173030307914,0.016511880500177465,0.017526935502347997
2015-07-17 23:59:00+00:00,0.016685722563695164,0.020684348305978185,0.01707936895620234
2015-07-20 23:59:00+00:00,0.015964187785835894,0.005191221209882975,0.0165125131219105
2015-07-21 23:59:00+00:00,0.01644885806745241,0.02835828049141741,0.017256243155143354
2015-07-22 23:59:00+00:00,0.016050722071784866,0.014306395651237858,0.016864564907863915
2015-07-23 23:59:00+00:00,0.015903127746782788,0.0046720660007938866,0.016795117137198334
2015-07-24 23:59:00+00:00,0.015050624066441545,0.011408323374507453,0.015806936459423576
2015-07-29 23:59:00+00:00,0.016936849410140307,0.01896482805897333,0.015358113611832489
2015-07-30 23:59:00+00:00,0.017645074087522465,0.01171316466365317,0.0163885769143114
2015-07-31 23:59:00+00:00,0.018289357246243924,0.023022599588315328,0.017336818317260066
2015-08-03 23:59:00+00:00,0.017479898985111306,0.004991097705128976,0.01665523042123533
2015-08-04 23:59:00+00:00,0.017716241309807652,0.005346653264430466,0.017078015402239816
2015-08-05 23:59:00+00:00,0.01739726244504934,0.0053466532644304106,0.016792805831658868
2015-08-06 23:59:00+00:00,0.016921180404232128,0.015603153431619523,0.01630575435944718
2015-08-07 23:59:00+00:00,0.01643982435239656,0.0007034822660853737,0.01581192698085428
2015-08-10 23:59:00+00:00,0.015556849019355612,0.03013214978776095,0.0150513216925009
2015-08-11 23:59:00+00:00,0.015030796010997636,0.05037791322894425,0.014595780335285236
2015-08-12 23:59:00+00:00,0.015164199444394875,0.005010747778160417,0.014884512723561758
2015-08-13 23:59:00+00:00,0.01627879195238851,0.026407756296755795,0.016431493020923893
2015-08-14 23:59:00+00:00,0.016096466994107505,0.008836581800498,0.016315344638558403
2015-08-17 23:59:00+00:00,0.01624931262559956,0.004428051515732004,0.016864328653311843
2015-08-18 23:59:00+00:00,0.015756691828761604,0.014257232908428065,0.016257168219877022
2015-08-19 23:59:00+00:00,0.015596608675885502,0.029094300338895696,0.016168117918317022
2015-08-20 23:59:00+00:00,0.014824615647362344,0.009763502267851241,0.015291326024886562
2015-08-21 23:59:00+00:00,0.015280277104679614,0.013121087962697276,0.01599495395703946
2015-08-24 23:59:00+00:00,0.015205231453473588,0.0029750858686338434,0.016249441785438044
2015-08-27 23:59:00+00:00,0.0167914829228521,0.009622576099171052,0.014846113881105497
2015-08-28 23:59:00+00:00,0.01676008207214964,0.00482286225127938,0.01492876366465759
2015-08-31 23:59:00+00:00,0.01645317465859086,0.020187601463245216,0.014903192512538452
2015-09-01 23:59:00+00:00,0.015659086593624288,0.02866379004044556,0.014005090897733
2015-09-02 23:59:00+00:00,0.01607366893202756,0.02602377342130536,0.014661237428285678
2015-09-03 23:59:00+00:00,0.01688097901523154,0.02050398019770737,0.015846901672315155
2015-09-04 23:59:00+00:00,0.01762038533461277,0.022011707584721082,0.016918286155925773
2015-09-08 23:59:00+00:00,0.01741468807337292,0.011998644136598577,0.01713503170047356
2015-09-09 23:59:00+00:00,0.018136156043658626,0.003720242385974809,0.01818334315963197
2015-09-10 23:59:00+00:00,0.017374845404505006,0.023849965541648175,0.01732444526911047
2015-09-11 23:59:00+00:00,0.015593830913541773,0.010937039389894276,0.015155451481612552
2015-09-14 23:59:00+00:00,0.015999432819379183,0.025242617187607938,0.016047436214860353
2015-09-15 23:59:00+00:00,0.015358349170342008,0.0030120504699916095,0.015345115433258788
2015-09-16 23:59:00+00:00,0.015862036581170916,0.01788139711828588,0.016116957272398695
2015-09-17 23:59:00+00:00,0.015784227632522404,0.012360141905723154,0.016139985460240376
2015-09-18 23:59:00+00:00,0.01584670082635651,0.0015533983706208624,0.01634713200284915
2015-09-21 23:59:00+00:00,0.014791171741543978,0.003109213542481459,0.01535974763705258
2015-09-22 23:59:00+00:00,0.014160254240948985,0.008527183452226425,0.014671476928413352
2015-09-23 23:59:00+00:00,0.013618607251795489,0.010475362521549385,0.014098088968198783
2015-09-28 23:59:00+00:00,0.015423280098566538,0.024267335670698987,0.0133290143832596
2015-09-29 23:59:00+00:00,0.016159405696147853,0.036719880877581254,0.014369061388778793
2015-09-30 23:59:00+00:00,0.01686080119354471,0.00737104074458995,0.01540166152567254
2015-10-01 23:59:00+00:00,0.017464451109750458,0.00040807998933988925,0.01630883629090484
2015-10-02 23:59:00+00:00,0.016574532762560976,0.008130126083250309,0.015299491124951447
2015-10-05 23:59:00+00:00,0.01550633472812191,0.0016181233304102998,0.01432654477187269
2015-10-06 23:59:00+00:00,0.01499846319168209,0.009654137733089825,0.013811282697061344
2015-10-07 23:59:00+00:00,0.01416933502954969,0.0016000003413332096,0.01287912960659077
2015-10-08 23:59:00+00:00,0.014115712209719005,0.013103224998427226,0.012943271719503019
2015-10-09 23:59:00+00:00,0.013961745400837295,0.014703225339760562,0.01287850145808769
2015-10-12 23:59:00+00:00,0.01331238526869257,0.007974523918769327,0.012443360346532182
2015-10-13 23:59:00+00:00,0.013342795906345696,0.026153170345803136,0.012681005070861806
2015-10-14 23:59:00+00:00,0.012693147916567497,0.009420507923895037,0.011978404921789415
2015-10-15 23:59:00+00:00,0.013456843876779142,0.0049261183360557815,0.013084855924093308
2015-10-16 23:59:00+00:00,0.01297231233989472,0.013826979133836572,0.012593601434526378
2015-10-19 23:59:00+00:00,0.01236304582629763,0.029510338149388565,0.01220056054303674
2015-10-20 23:59:00+00:00,0.012747199780421506,0.007515692997236657,0.012835102070781238
2015-10-21 23:59:00+00:00,0.013784575656147283,0.04281475830310552,0.014291668816947458
2015-10-22 23:59:00+00:00,0.013447377745172582,0.10312717977785077,0.013989732247577866
2015-10-23 23:59:00+00:00,0.014385948128554923,0.014444160607908306,0.015319896331653354
2015-10-28 23:59:00+00:00,0.0158575214821911,0.02796162945690145,0.014219899520937659
2015-10-29 23:59:00+00:00,0.015380896246034713,0.028404793656487716,0.013807129962879777
2015-10-30 23:59:00+00:00,0.015904164188468496,0.00133067218570495,0.01458197390472549
2015-11-02 23:59:00+00:00,0.017595199892212414,0.003986716243821383,0.015777494108157913
2015-11-03 23:59:00+00:00,0.01764664860304141,0.04410572184992309,0.015787942461983152
2015-11-04 23:59:00+00:00,0.017800235344518172,0.0029567075394166626,0.015931193018714214
2015-11-05 23:59:00+00:00,0.019068661328220774,0.0304026841481645,0.017468317720602013
2015-11-06 23:59:00+00:00,0.01913917677035256,0.008658062743114531,0.01750565581503271
2015-11-09 23:59:00+00:00,0.01995358357500292,0.024875819026818187,0.018404209805333676
2015-11-10 23:59:00+00:00,0.01989314120654124,0.0013265533672058864,0.01827068992899001
2015-11-11 23:59:00+00:00,0.020733752876873766,0.04372044481918152,0.019312756784959202
2015-11-12 23:59:00+00:00,0.02010656865013157,0.01011386623692854,0.018530042272944604
2015-11-13 23:59:00+00:00,0.021311250104628473,0.005887317257036035,0.02004139160875793
2015-11-16 23:59:00+00:00,0.021724241424012206,0.010173890214382015,0.02041518358162708
2015-11-17 23:59:00+00:00,0.021790351576928327,0.030718400604802024,0.020446786076971517
2015-11-18 23:59:00+00:00,0.021231430424074875,0.05927996388410408,0.019666065181920853
2015-11-19 23:59:00+00:00,0.022123755244530356,0.02985296314968113,0.020816329617224707
2015-11-20 23:59:00+00:00,0.02307997486169783,0.004535155165391151,0.022007092332815774
2015-11-25 23:59:00+00:00,0.01926059218909654,0.01034414440544375,0.018540674257920643
2015-11-27 23:59:00+00:00,0.02022574684946315,0.001791312615136699,0.019691465885241937
2015-11-30 23:59:00+00:00,0.01969322305141306,0.030029553995942242,0.018844859673402742
2015-12-01 23:59:00+00:00,0.01891700907040792,0.007363125765038733,0.018083858012832747
2015-12-02 23:59:00+00:00,0.0198974327433011,0.0022899025348548196,0.0192798979882138
2015-12-03 23:59:00+00:00,0.019960249920921075,0.0559751090547155,0.019281304465887456
2015-12-04 23:59:00+00:00,0.018661082335021936,0.00145032657764624,0.017509540602844886
2015-12-07 23:59:00+00:00,0.020890007434528835,0.0038722216825095622,0.020170256133550078
2015-12-08 23:59:00+00:00,0.01972666911417736,0.02305719019612173,0.018576286146837432
2015-12-09 23:59:00+00:00,0.019391178257148617,0.012484556662245396,0.018060377925902822
2015-12-10 23:59:00+00:00,0.019840474796810795,0.049443643972514585,0.018564930135845537
2015-12-11 23:59:00+00:00,0.020271876156327567,0.038756195926119896,0.019046213211601326
2015-12-14 23:59:00+00:00,0.021103678276697183,0.01771917898510291,0.019888800360153853
2015-12-15 23:59:00+00:00,0.022291903306397177,0.019746762934834558,0.02127542347235743
2015-12-16 23:59:00+00:00,0.022626052577923196,0.006814336419730188,0.021629985961398063
2015-12-17 23:59:00+00:00,0.02295680541846572,0.07834347192057674,0.021980119148011033
2015-12-18 23:59:00+00:00,0.021983185559425848,0.012108597534827157,0.020629213452070392
2015-12-21 23:59:00+00:00,0.023200410843517157,0.049092781814350034,0.0219729932784202
2015-12-22 23:59:00+00:00,0.022963739625484998,0.02293221130601877,0.021456235352446545
2015-12-23 23:59:00+00:00,0.024602121037238696,0.09356126122136006,0.023503758416364352
2015-12-29 23:59:00+00:00,0.024392557071341713,0.05406722127027579,0.02523862463713223
2015-12-30 23:59:00+00:00,0.026988448459304343,0.0012845216923567388,0.028533791019162952
2015-12-31 23:59:00+00:00,0.028022763492974702,0.00386349482504459,0.02979421065957774
2016-01-04 23:59:00+00:00,0.028164721542967265,0.025262667513927764,0.029588894312451756
2016-01-05 23:59:00+00:00,0.02815290596218186,0.04948309940771655,0.02944717161949762
2016-01-06 23:59:00+00:00,0.027203112249555995,0.03708706866233583,0.028083530650214305
2016-01-07 23:59:00+00:00,0.02910919810249203,0.031226859342241446,0.03044028711632523
2016-01-08 23:59:00+00:00,0.030448751613894456,0.059764182417804144,0.03205901334617343
2016-01-11 23:59:00+00:00,0.031191613005938368,0.005302707962305998,0.03261841438978218
2016-01-12 23:59:00+00:00,0.03312162180599168,0.05900077569743631,0.03500055548405514
2016-01-13 23:59:00+00:00,0.03168175772452918,0.01840108537089118,0.032995408172774784
2016-01-14 23:59:00+00:00,0.032589503212561544,0.00429492428288073,0.0340466492200897
2016-01-15 23:59:00+00:00,0.03298704579592718,0.012829826732717998,0.034433649399328574
2016-01-19 23:59:00+00:00,0.033295046138403596,0.009398565423638785,0.03446117956163265
2016-01-20 23:59:00+00:00,0.03379867000629687,0.0004676174974151005,0.034995776148842264
2016-01-21 23:59:00+00:00,0.0319101426331975,0.008843436735674295,0.0324045826652115
2016-01-22 23:59:00+00:00,0.03140127810216123,0.010143009965054765,0.031616175033464713
2016-01-27 23:59:00+00:00,0.022743214376033216,0.05179729201568484,0.02326636379354377
2016-01-28 23:59:00+00:00,0.0218470843077457,0.0656415371270259,0.02179883257378584
2016-01-29 23:59:00+00:00,0.0215661985864972,0.06082794174103562,0.021335298049689803
2016-02-01 23:59:00+00:00,0.022440332388389245,0.006399234242030477,0.022278273643534643
2016-02-02 23:59:00+00:00,0.024535062005437494,0.03292067862008933,0.025043837228151268
2016-02-03 23:59:00+00:00,0.02476792140061255,0.04511297790867123,0.025278620044013593
2016-02-04 23:59:00+00:00,0.02546981548057449,0.0366445949446454,0.025694818511975366
2016-02-05 23:59:00+00:00,0.025505408354080102,0.01982131905965481,0.02570793909914134
2016-02-08 23:59:00+00:00,0.02576724690631845,0.02509784244467069,0.02595730285283903
2016-02-09 23:59:00+00:00,0.025278995025800003,0.025743995989788014,0.025260965872681736
2016-02-10 23:59:00+00:00,0.024198453310521586,0.014141649814671742,0.023762474242523292
2016-02-11 23:59:00+00:00,0.024745194970840087,0.032569433410962356,0.02441244282849692
2016-02-12 23:59:00+00:00,0.023468409348955565,0.020286781555120734,0.02265817828097298
2016-02-16 23:59:00+00:00,0.02385176340343228,0.04745223364514544,0.023056032922376214
2016-02-17 23:59:00+00:00,0.024292829842467188,0.02625971458355577,0.023621726723183047
2016-02-18 23:59:00+00:00,0.025809343018050792,0.009379379105038855,0.025639810803340164
2016-02-19 23:59:00+00:00,0.02663492987072572,0.0216494716968533,0.02657738416356049
2016-02-22 23:59:00+00:00,0.027032676747618282,0.002247191956904721,0.02699962414344857
2016-02-25 23:59:00+00:00,0.024022222847702314,0.04569612816851826,0.02408109456894738
2016-02-26 23:59:00+00:00,0.024042262072355408,0.01795588352025468,0.024069908852984875
2016-02-29 23:59:00+00:00,0.024312393406325874,0.037431270385296686,0.02431986871782938
2016-03-01 23:59:00+00:00,0.02348036069581908,0.023516308283321727,0.022891662112097474
2016-03-02 23:59:00+00:00,0.02306506010834037,0.016339243982958242,0.02232371742289071
2016-03-03 23:59:00+00:00,0.02388509041807462,0.014302985190331262,0.023428828135196894
2016-03-04 23:59:00+00:00,0.023416049201902992,0.012933748784568277,0.02278810047802726
2016-03-07 23:59:00+00:00,0.02263727887656673,0.023095714794649395,0.0217169202004317
2016-03-08 23:59:00+00:00,0.022197795246377324,0.020339684237122783,0.021161515529474345
2016-03-09 23:59:00+00:00,0.02237580302874806,0.018837122086444242,0.02139419122518919
2016-03-10 23:59:00+00:00,0.02247426144207318,0.0016478993017813872,0.021519132997335842
2016-03-11 23:59:00+00:00,0.022290944575922542,0.017439134055375165,0.02126246575376497
2016-03-14 23:59:00+00:00,0.02181086111616526,0.009142306215290455,0.020587085276122737
2016-03-15 23:59:00+00:00,0.021281931871958808,0.035755649047734234,0.019933542309056126
2016-03-16 23:59:00+00:00,0.020847554820679935,0.05740151582242699,0.01933534206314433
2016-03-17 23:59:00+00:00,0.02059977221157733,0.01896561858749307,0.018989738447616755
2016-03-21 23:59:00+00:00,0.021581659819643252,0.03774032798284697,0.020278237995105912
2016-03-22 23:59:00+00:00,0.022190627683257646,0.006666691358189297,0.021092434639245056
2016-03-23 23:59:00+00:00,0.02313837294610875,0.02298951822469878,0.02208536056608007
2016-03-29 23:59:00+00:00,0.021184259715489283,0.018711038926868467,0.019964066214252747
2016-03-30 23:59:00+00:00,0.020180152252042862,0.0015325673497781163,0.018575228648297325
2016-03-31 23:59:00+00:00,0.02008068356784141,0.02124510861373628,0.01841664503216537
2016-04-01 23:59:00+00:00,0.017942925472927248,0.02226812660577084,0.017177407983785607
2016-04-04 23:59:00+00:00,0.017819791532528356,0.02225188836245502,0.01731448983624443
2016-04-05 23:59:00+00:00,0.018151035466264037,0.05448025667328119,0.017865144024546385
2016-04-06 23:59:00+00:00,0.01885519398525919,0.013972283195016144,0.018921810025204582
2016-04-07 23:59:00+00:00,0.02050089552117136,0.03998482410719152,0.021256065874138735
2016-04-08 23:59:00+00:00,0.020072694063342635,0.04699536859340897,0.02077622044091553
2016-04-11 23:59:00+00:00,0.020669679338810875,0.015841915465657923,0.02178320596655737
2016-04-12 23:59:00+00:00,0.021703287674157058,0.032953555938379224,0.023290405748348116
2016-04-13 23:59:00+00:00,0.022189361941583684,0.035127578626698616,0.02405638504153867
2016-04-14 23:59:00+00:00,0.022733323336490713,0.019782008952038296,0.02490072863647527
2016-04-15 23:59:00+00:00,0.02376158969182179,0.07351869694515568,0.026400696749464225
2016-04-18 23:59:00+00:00,0.023300641543388855,0.00914127125698633,0.025977701329406844
2016-04-19 23:59:00+00:00,0.023920735420892972,0.00048344211722319626,0.02691987745559755
2016-04-20 23:59:00+00:00,0.02354232029974368,0.03422387238757752,0.0265177686156626
2016-04-21 23:59:00+00:00,0.022133429630539696,0.03664459494464533,0.024728338490613358
2016-04-22 23:59:00+00:00,0.023047428797687102,0.015140704372879421,0.02606619704216539
2016-04-27 23:59:00+00:00,0.023720230629414384,0.04700113183373312,0.024330179039633255
2016-04-28 23:59:00+00:00,0.023962183218072024,0.06447730476829495,0.024758053525812344
2016-04-29 23:59:00+00:00,0.025604708882099658,0.0213186368361069,0.027059400907606834
2016-05-02 23:59:00+00:00,0.027095181349043995,0.026024653028965214,0.02936580921261176
2016-05-03 23:59:00+00:00,0.02709181047487923,0.030830044303903494,0.029465527413096965
2016-05-04 23:59:00+00:00,0.027377330784235373,0.011970456559221104,0.02963202956816031
2016-05-05 23:59:00+00:00,0.02666484690162129,0.0014289118887580096,0.028810119851343234
2016-05-06 23:59:00+00:00,0.02659223131994474,0.028197356861837563,0.028834198830859886
2016-05-09 23:59:00+00:00,0.024964034119856118,0.006926834438349687,0.027041769960678835
2016-05-10 23:59:00+00:00,0.024420725981395434,0.008317977718581627,0.02644353246990878
2016-05-11 23:59:00+00:00,0.023784389635486618,0.027759957096915217,0.02593311834145991
2016-05-12 23:59:00+00:00,0.02300937110477725,0.0324877056151181,0.025009864967536627
2016-05-13 23:59:00+00:00,0.02274453349513964,0.009320646333583723,0.02477210383961056
2016-05-16 23:59:00+00:00,0.022805974693909725,0.023216651575665107,0.025208902367312123
2016-05-17 23:59:00+00:00,0.020549725995471432,0.018812435990722,0.022295429930742815
2016-05-18 23:59:00+00:00,0.021149972162871983,0.01121689400244981,0.023273112121589216
2016-05-19 23:59:00+00:00,0.02128583827498566,0.0034005376465700804,0.02357562134043275
2016-05-20 23:59:00+00:00,0.020635436981327672,0.03717900324175413,0.022817953885028098
2016-05-23 23:59:00+00:00,0.019163848790897723,0.006042314455962662,0.02119164927581854
2016-05-26 23:59:00+00:00,0.019214418057715458,0.05341184167281395,0.01768047826990767
2016-05-27 23:59:00+00:00,0.0183661196108883,0.03984249398717424,0.016588836256585276
2016-05-31 23:59:00+00:00,0.018270942522279017,0.010029336052998803,0.016968278622849747
2016-06-01 23:59:00+00:00,0.01905468919036932,0.0029148469524018345,0.018155376987737993
2016-06-02 23:59:00+00:00,0.018649025303924892,0.027962348136830083,0.017733740648401164
2016-06-03 23:59:00+00:00,0.017717010549837216,0.0032388692281435237,0.01660018956764193
2016-06-06 23:59:00+00:00,0.018496508992060224,0.002428167927154844,0.017886724692066546
2016-06-07 23:59:00+00:00,0.01827806858169792,0.05862051750486749,0.017735608096756755
2016-06-08 23:59:00+00:00,0.017343932558487995,0.023585087032720393,0.016616367995992688
2016-06-09 23:59:00+00:00,0.01914607864008039,0.01128197144510408,0.019198504535883027
2016-06-10 23:59:00+00:00,0.01987898735251159,0.007323216385930496,0.020334280623909823
2016-06-13 23:59:00+00:00,0.019092248964195018,0.003462207728470861,0.0196876662901353
2016-06-14 23:59:00+00:00,0.018136618648792208,0.005797117684325958,0.01853821683902985
2016-06-15 23:59:00+00:00,0.018022961425943722,0.016529301951210724,0.018527924910696242
2016-06-16 23:59:00+00:00,0.017206345788258994,0.04619070622839999,0.017566557023358863
2016-06-17 23:59:00+00:00,0.016617599325808013,0.007615630642286279,0.016913487450386667
2016-06-20 23:59:00+00:00,0.017801309396315773,0.03342827321720754,0.018950418724433437
2016-06-21 23:59:00+00:00,0.01784368653920097,0.007813993247348595,0.019149629471448992
2016-06-22 23:59:00+00:00,0.018072161639384878,0.013433037812644278,0.0196011897641035
2016-06-23 23:59:00+00:00,0.017659227952964127,0.020082489723529877,0.019182997275921664
2016-06-28 23:59:00+00:00,0.02010432251067694,0.021082515771554112,0.019096622617725777
2016-06-29 23:59:00+00:00,0.019278972169147646,0.021316997346440828,0.018118368060156563
2016-06-30 23:59:00+00:00,0.019517848836908266,0.07759063332854942,0.018584847773431095
2016-07-01 23:59:00+00:00,0.020109602801942954,0.007927969452190516,0.019529681042749842
2016-07-05 23:59:00+00:00,0.02165284038871819,0.003235667032951452,0.022192316419437558
2016-07-06 23:59:00+00:00,0.021550385758626008,0.008605287953308902,0.022196094107451842
2016-07-07 23:59:00+00:00,0.02142951416716654,0.03598425673996439,0.022103024917540723
2016-07-08 23:59:00+00:00,0.019578096267476024,0.011773498763750683,0.019743111908412568
2016-07-11 23:59:00+00:00,0.019650943220581234,0.0010966917567842122,0.020300258618815535
2016-07-12 23:59:00+00:00,0.01958109475796161,0.00366032619509063,0.020358223494914392
2016-07-13 23:59:00+00:00,0.019314963309192995,0.01057824928796073,0.020149800611108565
2016-07-14 23:59:00+00:00,0.019086412394348922,0.012413448922137736,0.020069559449218052
2016-07-15 23:59:00+00:00,0.019013805131360192,0.002201835751941493,0.020124893832605417
2016-07-18 23:59:00+00:00,0.018588586789001087,0.02599477969016217,0.0200087307260566
2016-07-19 23:59:00+00:00,0.017057090079390543,0.012710451491427816,0.018079223185246397
2016-07-20 23:59:00+00:00,0.01762227129387594,0.031086796542181015,0.019002278773823163
2016-07-21 23:59:00+00:00,0.016753703125686494,0.010861801211525815,0.0180584360620565
2016-07-22 23:59:00+00:00,0.017428749750302334,0.012823037034987602,0.01913553291206486
2016-07-27 23:59:00+00:00,0.018401560500802102,0.0010436598616477342,0.01605236087391283
2016-07-28 23:59:00+00:00,0.020729872302705822,0.03719217397795894,0.01938178665794487
2016-07-29 23:59:00+00:00,0.01989008828317355,0.013808358934910375,0.01839515112138134
2016-08-01 23:59:00+00:00,0.02012026718921159,0.03805197054490315,0.019186741590512264
2016-08-02 23:59:00+00:00,0.01765438101723766,0.0017627362223454294,0.015989507771016567
2016-08-03 23:59:00+00:00,0.018686250140544897,0.02212005994083195,0.017548834850584106
2016-08-04 23:59:00+00:00,0.018463748730151868,0.008695706967553708,0.01740235654073942
2016-08-05 23:59:00+00:00,0.018844385973930955,0.049609276843216636,0.018076080188138315
2016-08-08 23:59:00+00:00,0.01740246511193652,0.02086629029949816,0.016610051847073905
2016-08-09 23:59:00+00:00,0.018897086039864598,0.003912368057713783,0.01879333799419233
2016-08-10 23:59:00+00:00,0.019456840534097304,0.013626841189991206,0.019707190628073207
2016-08-11 23:59:00+00:00,0.019487655885723043,0.0015455953617805433,0.019902809030958896
2016-08-12 23:59:00+00:00,0.019591627493896386,0.010370747836562381,0.02019776462300587
2016-08-15 23:59:00+00:00,0.01880304846209731,0.0007639419775660304,0.019610827981158187
2016-08-16 23:59:00+00:00,0.019027371885275965,0.02078291315417659,0.020073613648198617
2016-08-17 23:59:00+00:00,0.017997678501249503,0.03423689275939598,0.018831138099804
2016-08-18 23:59:00+00:00,0.018116585486208994,0.03610500464211614,0.019150574361532162
2016-08-19 23:59:00+00:00,0.0181158484660906,0.030149342385545827,0.019307314014772793
2016-08-22 23:59:00+00:00,0.018713937121306288,0.012596891423546435,0.02054427215301275
2016-08-23 23:59:00+00:00,0.019231168370321294,0.017724675296096903,0.021402258995293355
2016-08-24 23:59:00+00:00,0.019346581274275035,0.008745901471266188,0.021713571479240294
2016-08-29 23:59:00+00:00,0.018484483345646514,0.021001821969344758,0.016683359061365408
2016-08-30 23:59:00+00:00,0.018797992915221065,0.033459715780672014,0.017264182305329497
2016-08-31 23:59:00+00:00,0.018209893037328357,0.0,0.01658387472586485
2016-09-01 23:59:00+00:00,0.019271086636312638,0.02722985445591527,0.018187391938249423
2016-09-02 23:59:00+00:00,0.018276910181778502,0.01520518817822862,0.016991415115884218
2016-09-06 23:59:00+00:00,0.018417950198957454,0.047436839414287064,0.017816037970592977
2016-09-07 23:59:00+00:00,0.01723962651661024,0.0032125674604464587,0.01636924545453021
2016-09-08 23:59:00+00:00,0.018309169422238564,0.04132240558263295,0.01792590349194804
2016-09-09 23:59:00+00:00,0.018181684108184874,0.002060440289391201,0.017914216932790987
2016-09-12 23:59:00+00:00,0.01907612997290991,0.006898958028966358,0.019617255165460645
2016-09-13 23:59:00+00:00,0.018990975521910567,0.013067586225650725,0.019663188686573223
2016-09-14 23:59:00+00:00,0.018736342349361505,0.0071489666173413895,0.01947843053652492
2016-09-15 23:59:00+00:00,0.019038813695631828,0.004760294606300119,0.02009418757364715
2016-09-16 23:59:00+00:00,0.018457332144899172,0.03779082028278197,0.019464823013650885
2016-09-19 23:59:00+00:00,0.016993058938979854,0.003276542905125306,0.01795814751633718
2016-09-20 23:59:00+00:00,0.017129550521052753,0.022160655506102328,0.018306213066231095
2016-09-21 23:59:00+00:00,0.015887400076923856,0.01177473654453353,0.016777430910272787
2016-09-22 23:59:00+00:00,0.016016682879349847,0.014113137476464505,0.017157079868330642
2016-09-23 23:59:00+00:00,0.015686787563659377,0.0003337226795531052,0.016871668556539945
2016-09-28 23:59:00+00:00,0.017386404473208918,0.018073808269981444,0.015253738685733053
2016-09-29 23:59:00+00:00,0.017129568900781895,0.005832920981017655,0.01506782371699023
2016-09-30 23:59:00+00:00,0.016492583943534447,0.013929221304731529,0.014364202663993287
2016-10-03 23:59:00+00:00,0.0161943699193857,0.025646701261387028,0.01448361292440506
2016-10-04 23:59:00+00:00,0.01586617111396127,0.002627259310890092,0.014204433278462547
2016-10-05 23:59:00+00:00,0.01628324145973363,0.0461472457265272,0.014938381454006198
2016-10-06 23:59:00+00:00,0.014895593903722863,0.025356955354570238,0.013218974471491226
2016-10-07 23:59:00+00:00,0.01612805699220635,0.011670894143107912,0.015061377319755412
2016-10-10 23:59:00+00:00,0.015535767568364976,0.008376037802182847,0.014695315237851031
2016-10-11 23:59:00+00:00,0.015801798512123762,0.03999922623269496,0.015228650735766323
2016-10-12 23:59:00+00:00,0.015737660948512783,0.0169035114380457,0.015311768249866561
2016-10-13 23:59:00+00:00,0.01667393868142373,0.012559515683407357,0.01675905269001894
2016-10-14 23:59:00+00:00,0.01693731607281286,0.005839881358017036,0.017288769802257988
2016-10-17 23:59:00+00:00,0.016843118052802183,0.028915429721994308,0.017651228865560153
2016-10-18 23:59:00+00:00,0.015686012226934283,0.009190367332679672,0.01624204477898871
2016-10-19 23:59:00+00:00,0.016350822115779734,0.048264991685947646,0.01731928391249143
2016-10-20 23:59:00+00:00,0.015722902642306462,0.05564622274079936,0.016632296370861353
2016-10-21 23:59:00+00:00,0.016787601460869384,0.020339684237122672,0.018255275964403173
2016-10-24 23:59:00+00:00,0.018188398053814822,0.015622479401071917,0.020345420477673407
2016-10-27 23:59:00+00:00,0.01866876247400176,0.02577210001927796,0.016530040353533164
2016-10-28 23:59:00+00:00,0.018657471308283432,0.04184146090416792,0.016668599192308585
2016-10-31 23:59:00+00:00,0.018820875804296,0.03864196956187015,0.017354213705240856
2016-11-01 23:59:00+00:00,0.02063026051705333,0.008271940711301086,0.01924165872991093
2016-11-02 23:59:00+00:00,0.021190287360685497,0.0007225433840360216,0.01997860485407141
2016-11-03 23:59:00+00:00,0.0212636689610081,0.017553737491007134,0.02005591202517231
2016-11-04 23:59:00+00:00,0.020114012203495367,0.06719355778162357,0.018458445670593994
2016-11-07 23:59:00+00:00,0.02013359506484271,0.021417313099575428,0.018415726716095086
2016-11-08 23:59:00+00:00,0.02233875088957683,0.021797180150676904,0.02141218929299108
2016-11-09 23:59:00+00:00,0.02295501375996602,0.004951447937495837,0.022205235838701966
2016-11-10 23:59:00+00:00,0.02248587677373335,0.04844464365753372,0.02153749527392141
2016-11-11 23:59:00+00:00,0.022383209155564826,0.01465764608015062,0.021372840744478015
2016-11-14 23:59:00+00:00,0.023970023534665225,0.020099342802465232,0.023480066158052298
2016-11-15 23:59:00+00:00,0.02427090681883912,0.02231663861111292,0.023869402879197248
2016-11-16 23:59:00+00:00,0.024266483054260074,0.05049756537455225,0.023851132118757036
2016-11-17 23:59:00+00:00,0.025096171165944866,0.036945337682865696,0.02496696404931268
2016-11-18 23:59:00+00:00,0.02616955023837691,0.010789045990818268,0.026417481631424534
2016-11-21 23:59:00+00:00,0.02710846413229941,0.014647399023617304,0.02763599771531126
2016-11-22 23:59:00+00:00,0.025604305945110623,0.019310041991186987,0.025546520483904676
2016-11-28 23:59:00+00:00,0.0228154388637778,0.011099558982010737,0.022231101467254703
2016-11-29 23:59:00+00:00,0.022119461230379,0.044633337866716846,0.021253462942698996
2016-11-30 23:59:00+00:00,0.021181707912086404,0.019882516364544495,0.019943088271159003
2016-12-01 23:59:00+00:00,0.021617745630746334,0.06151445383380613,0.02052335010675134
2016-12-02 23:59:00+00:00,0.02199897646800826,0.005213346970332296,0.021028185703544654
2016-12-05 23:59:00+00:00,0.02428613329519579,0.008842279219526404,0.023900034514402153
2016-12-06 23:59:00+00:00,0.02397347771402957,0.025213722634208846,0.023467537760652052
2016-12-07 23:59:00+00:00,0.02218808066011429,0.013708049621731623,0.02100627917582023
2016-12-08 23:59:00+00:00,0.02247708510732461,0.06592763286385568,0.02140259380780466
2016-12-09 23:59:00+00:00,0.0223613878415118,0.009454303339127806,0.02124141521810224
2016-12-12 23:59:00+00:00,0.02426925826218691,0.018820059326769886,0.023848861743486806
2016-12-13 23:59:00+00:00,0.023527148990646056,0.030400964670399228,0.022818094013647008
2016-12-14 23:59:00+00:00,0.023567125906166966,0.005548269452530447,0.022865909367164497
2016-12-15 23:59:00+00:00,0.024237434630794773,0.006757775093096809,0.023783021784678077
2016-12-16 23:59:00+00:00,0.02388081600278253,0.03877270031847305,0.023283888155760768
2016-12-19 23:59:00+00:00,0.022734385332098282,0.08204452174945828,0.021828245597015638
2016-12-20 23:59:00+00:00,0.02298079150824894,0.0011299436230482256,0.022165290821809708
2016-12-21 23:59:00+00:00,0.02568506080646234,0.03444785051472537,0.025895166151722836
2016-12-22 23:59:00+00:00,0.02518318776194859,0.026675433235880387,0.025199288003316785
2016-12-28 23:59:00+00:00,0.02588384897478405,0.020728884651416764,0.02624072223553303
2016-12-29 23:59:00+00:00,0.026551242466324277,0.112727362378481,0.027218882723712805
2016-12-30 23:59:00+00:00,0.025734819803119466,0.018198864417406528,0.026070937657737527
2017-01-03 23:59:00+00:00,0.029160238716721736,0.00183486290011044,0.03071432451587302
2017-01-04 23:59:00+00:00,0.02777763119874524,0.0036596564175303517,0.028784922846343874
2017-01-05 23:59:00+00:00,0.02770984238351201,0.05699726647033071,0.028670253148317542
2017-01-06 23:59:00+00:00,0.02757825253346837,0.05486409485539484,0.0283404109608346
2017-01-09 23:59:00+00:00,0.028779254180863464,0.01661065567725601,0.029992694667952617
2017-01-10 23:59:00+00:00,0.030134069181282534,0.04902645906656177,0.03185951186709393
2017-01-11 23:59:00+00:00,0.028426021924129477,0.009698826946220696,0.029503198756545
2017-01-12 23:59:00+00:00,0.02984134369002313,0.002049481027731542,0.03145344378682215
2017-01-13 23:59:00+00:00,0.02944689797381176,0.03277028413149643,0.03075817962278879
2017-01-17 23:59:00+00:00,0.02858141976050614,0.01979075088214394,0.029608453909931592
2017-01-18 23:59:00+00:00,0.02955271149037792,0.04991906717396744,0.03094345511630321
2017-01-19 23:59:00+00:00,0.030079596564626894,0.012098798119068103,0.031671364156490855
2017-01-20 23:59:00+00:00,0.030442584405766623,0.011039670537330308,0.032175377525853296
2017-01-23 23:59:00+00:00,0.02786001827867899,0.016034226442085034,0.02884472031744868
2017-01-24 23:59:00+00:00,0.028211484312491954,0.014894526171792308,0.02934060285666242
2017-01-27 23:59:00+00:00,0.02605428856953748,0.036230139873648974,0.026071396008160976
2017-01-30 23:59:00+00:00,0.026736643205363016,0.01622947316697944,0.02704679045227688
2017-01-31 23:59:00+00:00,0.027360092183686992,0.005979561483019887,0.02791715645739649
2017-02-01 23:59:00+00:00,0.024128415009824794,0.039685207584561025,0.02348171219433821
2017-02-02 23:59:00+00:00,0.02357508239306319,0.00425323723131806,0.0227450151045916
2017-02-03 23:59:00+00:00,0.024770007032517277,0.02589141393274171,0.024437729468279996
2017-02-06 23:59:00+00:00,0.02463394355683164,0.0012787725527769762,0.02434532632003704
2017-02-07 23:59:00+00:00,0.023574456725240556,0.004786988557224649,0.02290526772995101
2017-02-08 23:59:00+00:00,0.021706843649778332,0.03465933963016906,0.02043265747620266
2017-02-09 23:59:00+00:00,0.02121936910233757,0.03011268005971068,0.0197785758625476
2017-02-10 23:59:00+00:00,0.02080952818827626,0.013335810562755278,0.01923289824795365
2017-02-13 23:59:00+00:00,0.021523539335463703,0.006861090379945381,0.020309725837431018
2017-02-14 23:59:00+00:00,0.021887237895106278,0.024572961629175032,0.020844182807950036
2017-02-15 23:59:00+00:00,0.020876878174299215,0.0070323777861560225,0.019530121934645955
2017-02-16 23:59:00+00:00,0.02102508008170983,0.10012060221006504,0.019766852905121497
2017-02-17 23:59:00+00:00,0.019631325530426406,0.010861239431604634,0.017850543851042504
2017-02-21 23:59:00+00:00,0.022621820616486474,0.00959884505798045,0.02214536840220977
2017-02-24 23:59:00+00:00,0.02178840689845533,0.029634508063177935,0.020089029490842226
2017-02-27 23:59:00+00:00,0.022592495399352062,0.00897188864067648,0.021362697134334786
2017-02-28 23:59:00+00:00,0.02246861275762032,0.0017847586390272237,0.021205424490559656
2017-03-01 23:59:00+00:00,0.021602169224534687,0.008169109539109603,0.020006884274588115
2017-03-02 23:59:00+00:00,0.0211062814355035,0.025839426427813623,0.019327961620580418
2017-03-03 23:59:00+00:00,0.021043566935155068,0.02690118550827132,0.019256462955499265
2017-03-06 23:59:00+00:00,0.02037509830110167,0.02690118550827132,0.018520173169512374
2017-03-07 23:59:00+00:00,0.021320654702240368,0.024852342898696544,0.019849188806091024
2017-03-08 23:59:00+00:00,0.021429830532383874,0.011367558049629887,0.020005414141386478
2017-03-09 23:59:00+00:00,0.02226911558250752,0.01156846482724069,0.021185413870498014
2017-03-10 23:59:00+00:00,0.022527473227588614,0.035114793163148486,0.021550825061794933
2017-03-13 23:59:00+00:00,0.021887373595498465,0.014529736944248826,0.020674830236030974
2017-03-14 23:59:00+00:00,0.022150249969775732,0.02685866023393824,0.021048143243934662
2017-03-15 23:59:00+00:00,0.022346063502349363,0.015726819865094065,0.021327385101499386
2017-03-16 23:59:00+00:00,0.02292260585452073,0.03105943436813742,0.022140687209374253
2017-03-17 23:59:00+00:00,0.022696756076910345,0.016955085007705022,0.02182844872347191
2017-03-20 23:59:00+00:00,0.023570387076059896,0.026869244203335783,0.02304369541589537
2017-03-21 23:59:00+00:00,0.020883475541695503,0.013197156234935876,0.019279888455478934
2017-03-22 23:59:00+00:00,0.021705738259046356,0.008160645908864833,0.020437890512360224
2017-03-23 23:59:00+00:00,0.021544865763164226,0.007832938221186947,0.020216991605475507
2017-03-24 23:59:00+00:00,0.021342999670786792,0.01431384230527015,0.019938596935083625
2017-03-29 23:59:00+00:00,0.019282359234864457,0.0003134304993532261,0.016885353931383705
2017-03-30 23:59:00+00:00,0.019651742409775474,0.019627094113688525,0.017422354495699007
2017-03-31 23:59:00+00:00,0.019342378305147144,0.05140518071116259,0.017010892037478312
2017-04-03 23:59:00+00:00,0.01829174309393293,0.008233008845953887,0.017232481997926034
2017-04-04 23:59:00+00:00,0.019244309806759945,0.01970656466326918,0.01873580808668863
2017-04-05 23:59:00+00:00,0.01867308172246977,0.021238662404360502,0.018130818964469806
2017-04-06 23:59:00+00:00,0.018484200819275532,0.00707804155173878,0.018037625208781476
2017-04-07 23:59:00+00:00,0.018793792567868707,0.02755340241790177,0.0186420387968278
2017-04-10 23:59:00+00:00,0.018298307280642075,0.011677582597657535,0.018462041609689426
2017-04-11 23:59:00+00:00,0.017824889664250575,0.012472877634625531,0.01797064165356708
2017-04-12 23:59:00+00:00,0.017555801645612688,0.020031968746313043,0.017775456456071537
2017-04-13 23:59:00+00:00,0.01701059832166955,0.005707054171107871,0.01718379163233054
2017-04-17 23:59:00+00:00,0.01679398315911453,0.012638398871722849,0.017565720439986016
2017-04-18 23:59:00+00:00,0.01577456973513889,0.008196767204178626,0.016310472743901985
2017-04-19 23:59:00+00:00,0.01545232599425464,0.018530881701636217,0.016030804987563145
2017-04-20 23:59:00+00:00,0.014620515564762338,0.011350859668689563,0.01512393270553063
2017-04-21 23:59:00+00:00,0.014489448103758613,0.0075299095347882185,0.015115568830816387
2017-04-26 23:59:00+00:00,0.017515853440791512,0.011358525801630735,0.01497474391078959
2017-04-27 23:59:00+00:00,0.017218191445974362,0.018795808301240214,0.01473346178290851
2017-04-28 23:59:00+00:00,0.017041095474898606,0.006240269860084623,0.014660744775372655
2017-05-01 23:59:00+00:00,0.017294487425037582,0.010275662578204297,0.015554459315572144
2017-05-02 23:59:00+00:00,0.016837880965651027,0.01309653891984568,0.015092223829039717
2017-05-03 23:59:00+00:00,0.015324875083236383,0.024799783060416625,0.013154610263421015
2017-05-04 23:59:00+00:00,0.015443983386545974,0.029203690775671795,0.0134964238157015
2017-05-05 23:59:00+00:00,0.015601101626559203,0.01719060929722321,0.013891322428592168
2017-05-08 23:59:00+00:00,0.015529705081192075,0.01994236974499863,0.01431165962669997
2017-05-09 23:59:00+00:00,0.015783056262215767,0.025196293918887266,0.01483986357795776
2017-05-10 23:59:00+00:00,0.015441300033491975,0.014117881545785022,0.014535821850453028
2017-05-11 23:59:00+00:00,0.01579885491425503,0.022147664467428017,0.015209752568675378
2017-05-12 23:59:00+00:00,0.015689414747351305,0.036179656577502474,0.015230600155922947
2017-05-15 23:59:00+00:00,0.015524430315939367,0.011834457647002796,0.01548404374539998
2017-05-16 23:59:00+00:00,0.016526424499974372,0.003137749671967249,0.017061794467998954
2017-05-17 23:59:00+00:00,0.016386191866496817,0.02298951822469878,0.017039259010620214
2017-05-18 23:59:00+00:00,0.016089655216114343,0.022472855852058576,0.01679773801175974
2017-05-19 23:59:00+00:00,0.01614331340925542,0.03390155167568146,0.017046848085290486
2017-05-22 23:59:00+00:00,0.016245441704100652,0.0031113901889511957,0.017666708278456338
2017-05-23 23:59:00+00:00,0.01727418156561738,0.00782109414558324,0.019282734462374468
2017-05-26 23:59:00+00:00,0.019050138197288066,0.023810648693718447,0.016593299280633377
2017-05-30 23:59:00+00:00,0.019736579735860602,0.020727835371092004,0.018247191037968548
2017-05-31 23:59:00+00:00,0.020255825925486488,0.0029965063207213123,0.019148397250390265
2017-06-01 23:59:00+00:00,0.02052568476456602,0.005684683424325309,0.01965311151941827
2017-06-02 23:59:00+00:00,0.020094507154602138,0.01992097749455435,0.019225422816292918
2017-06-05 23:59:00+00:00,0.019067443564099614,0.0072583624503227305,0.018316427123472773
2017-06-06 23:59:00+00:00,0.018647696757793274,0.002645504188424175,0.01790478502105656
2017-06-07 23:59:00+00:00,0.01815101991664347,0.003626178359453665,0.01738514827638623
2017-06-08 23:59:00+00:00,0.017344626878597075,0.004948055617369525,0.016546519192952365
2017-06-09 23:59:00+00:00,0.01651281463934172,0.019366214601546104,0.015543735353011059
2017-06-12 23:59:00+00:00,0.015953833145990345,0.011188453720426548,0.015259447536719373
2017-06-13 23:59:00+00:00,0.015815090326823784,0.04108108130896007,0.015231623111015322
2017-06-14 23:59:00+00:00,0.014892040787783667,0.006236685240662381,0.014100493304888778
2017-06-15 23:59:00+00:00,0.015896232961550363,0.04823055785431951,0.015669548114418272
2017-06-16 23:59:00+00:00,0.015968388514049588,0.004481993367446811,0.015935671570281227
2017-06-19 23:59:00+00:00,0.01654876881947077,0.004827595582740945,0.017246597208595234
2017-06-20 23:59:00+00:00,0.015847222073113943,0.0003456022152942702,0.016422997337197372
2017-06-21 23:59:00+00:00,0.014721180199506058,0.012021439636304126,0.015001516028510294
2017-06-22 23:59:00+00:00,0.014435034462078548,0.032910962193985246,0.014837307736746071
2017-06-23 23:59:00+00:00,0.01447203757530671,0.0032981560240301147,0.015058149749300313
2017-06-28 23:59:00+00:00,0.01592419319059848,0.002303769325639391,0.013051891459793907
2017-06-29 23:59:00+00:00,0.01569083261550243,0.028067328550659288,0.012892187821830336
2017-06-30 23:59:00+00:00,0.015582753376095711,0.03834004378768774,0.01290882172269508
2017-07-03 23:59:00+00:00,0.016018258572674082,0.0167601688574651,0.014031890631330996
2017-07-05 23:59:00+00:00,0.016536697300897667,0.008344971932180647,0.015096413154409832
2017-07-06 23:59:00+00:00,0.016758176377335454,0.022441818747197334,0.015575529354935244
2017-07-07 23:59:00+00:00,0.016842831799452083,0.039496432157975665,0.01586197342959171
2017-07-10 23:59:00+00:00,0.017179182155388974,0.02055775315900662,0.016837317155791908
2017-07-11 23:59:00+00:00,0.01830426763716464,0.008072697725111176,0.018534587030578458
2017-07-12 23:59:00+00:00,0.01814764829524546,0.006396251397859011,0.018486808513796797
2017-07-13 23:59:00+00:00,0.01788177770013601,0.013333530869465168,0.018284579373051595
2017-07-14 23:59:00+00:00,0.01651888612388886,0.02226680077575145,0.01653147031019946
2017-07-17 23:59:00+00:00,0.016414557562408453,0.00714985171290738,0.016904890881052813
2017-07-18 23:59:00+00:00,0.015365449337938798,0.0075299095347882185,0.01562526966590513
2017-07-19 23:59:00+00:00,0.015337690178497308,0.02428191810022578,0.01576042564438091
2017-07-20 23:59:00+00:00,0.015299122885399911,0.02419610287508989,0.015880290959794305
2017-07-21 23:59:00+00:00,0.01603400736574756,0.015403350927111256,0.017094386864805595
2017-07-24 23:59:00+00:00,0.016085471146266236,0.006816658979097792,0.017690478200642755
2017-07-27 23:59:00+00:00,0.019526321033812407,0.05127539873708784,0.017305288981464488
2017-07-28 23:59:00+00:00,0.019135480851301474,0.008907951297205428,0.016928895095485293
2017-07-31 23:59:00+00:00,0.020503186302823953,0.0028419202075806995,0.01939378563294241
2017-08-01 23:59:00+00:00,0.019771847952740673,0.003920874743236663,0.018535633432108654
2017-08-02 23:59:00+00:00,0.018331272016460204,0.009329095288518338,0.016674007095734127
2017-08-03 23:59:00+00:00,0.017786296317718706,0.009686174385331653,0.016100535819112114
2017-08-04 23:59:00+00:00,0.01769596308364081,0.007469357152650689,0.016148723940850266
2017-08-07 23:59:00+00:00,0.0168466844815683,0.021385565225642826,0.015474011728172046
2017-08-08 23:59:00+00:00,0.01563613703753342,0.03476832818830027,0.01393513647150213
2017-08-09 23:59:00+00:00,0.015526973296311688,0.0006702413119538506,0.013956646473984877
2017-08-10 23:59:00+00:00,0.01630313074590978,0.008078132114538818,0.015239209649874741
2017-08-11 23:59:00+00:00,0.015930766557980557,0.008143920138012793,0.014884140607803418
2017-08-14 23:59:00+00:00,0.015424698573405764,0.01545095115571899,0.014685831837234282
2017-08-15 23:59:00+00:00,0.014824456880421742,0.013404565721255509,0.014007458887037142
2017-08-16 23:59:00+00:00,0.01503984607768205,0.012367041851598414,0.014486271918583645
2017-08-17 23:59:00+00:00,0.015099645862411613,0.02357068985160911,0.014795132008790684
2017-08-18 23:59:00+00:00,0.0145661595642869,0.00779532840882673,0.01421222512202111
2017-08-21 23:59:00+00:00,0.014079221929877685,0.003749791337715193,0.01403863203749538
2017-08-22 23:59:00+00:00,0.013637436471359836,0.007146533734074087,0.013585440250365465
2017-08-23 23:59:00+00:00,0.013442962544714653,0.019517825536620903,0.013482082119464112
2017-08-24 23:59:00+00:00,0.012877319599266215,0.011346176387301522,0.012938177129384238
2017-08-29 23:59:00+00:00,0.014405279368660373,0.03378812798135003,0.010890295183720216
2017-08-30 23:59:00+00:00,0.014757953926342944,0.009820046180975294,0.011563199429639844
2017-08-31 23:59:00+00:00,0.015743799035641815,0.03244243474359302,0.013129690929230317
2017-09-01 23:59:00+00:00,0.01562962900460098,0.009377161812597005,0.01314374208594114
2017-09-05 23:59:00+00:00,0.016062664110842468,0.006353473972175379,0.014359285659176841
2017-09-06 23:59:00+00:00,0.016017571229034674,0.031002312571593485,0.014477265116874366
2017-09-07 23:59:00+00:00,0.015381546349576586,0.02054866822738776,0.01375683924306167
2017-09-08 23:59:00+00:00,0.01519419720377484,0.017140396106501445,0.013672987676804662
2017-09-11 23:59:00+00:00,0.015440045361222602,0.018815541048640392,0.01456766296172326
2017-09-12 23:59:00+00:00,0.015688884070166068,0.003916454092235142,0.015091237049742962
2017-09-13 23:59:00+00:00,0.015939871699571714,0.015097103281819138,0.015628921559569377
2017-09-14 23:59:00+00:00,0.015471578440403987,0.03955134631879952,0.015145616675887688
2017-09-15 23:59:00+00:00,0.015385242022042885,0.007657982542845795,0.015204483688382616
2017-09-18 23:59:00+00:00,0.0159648449687791,0.009009069942365968,0.016571459969984374
2017-09-19 23:59:00+00:00,0.015382577044326076,0.04901643411043579,0.015907377242963917
2017-09-20 23:59:00+00:00,0.015288978954797229,0.0044030553776340485,0.01595514399972737
2017-09-21 23:59:00+00:00,0.01679225112595311,0.01361028154609495,0.01827101285679091
2017-09-22 23:59:00+00:00,0.01655934759398869,0.0003426417713837803,0.018120918225343726
2017-09-27 23:59:00+00:00,0.018497864110898866,0.003320056170531901,0.01635657324057599
2017-09-28 23:59:00+00:00,0.01844092060968248,0.030730089859980374,0.0164376775524717
2017-09-29 23:59:00+00:00,0.017417059834191825,0.007227703121453145,0.015164732133496128
2017-10-02 23:59:00+00:00,0.01772860011442419,0.01542447032563173,0.016156184739804434
2017-10-03 23:59:00+00:00,0.016807104266386753,0.005799095221481352,0.015028786771440992
2017-10-04 23:59:00+00:00,0.016933296955212732,0.020740460013130953,0.015391043505814588
2017-10-05 23:59:00+00:00,0.016779184866965863,0.010533805267598435,0.015419645172645744
2017-10-06 23:59:00+00:00,0.016354614658328298,0.020266242185829467,0.014994284108149685
2017-10-09 23:59:00+00:00,0.015715088593309466,0.0006920415501109158,0.014618543457778957
2017-10-10 23:59:00+00:00,0.015748339157536744,0.03402846181770257,0.014843143846699791
2017-10-11 23:59:00+00:00,0.015066929552775379,0.0036734053663088884,0.014053151649031832
2017-10-12 23:59:00+00:00,0.01604446018249977,0.018163970627671066,0.015610459347910985
2017-10-13 23:59:00+00:00,0.01557288509438274,0.005416397805168451,0.015118008560308777
2017-10-16 23:59:00+00:00,0.014604438657145332,0.03714319679096245,0.01427443556808498
2017-10-17 23:59:00+00:00,0.014449238873682192,0.00663526094250797,0.014231282684101251
2017-10-18 23:59:00+00:00,0.015342651173178026,0.014513039805303132,0.01567730801236101
2017-10-19 23:59:00+00:00,0.013826856296031555,0.02573795984535532,0.013701969153861623
2017-10-20 23:59:00+00:00,0.014050181773547372,0.00569993160984759,0.014195371224219645
2017-10-23 23:59:00+00:00,0.014197158122064586,0.01866675616598563,0.014933087459789208
2017-10-24 23:59:00+00:00,0.014132525684792112,0.009984589747636831,0.015017682970404641
2017-10-27 23:59:00+00:00,0.016356158926785776,0.023883769192270546,0.013052946943781608
2017-10-30 23:59:00+00:00,0.015168767484141728,0.0010364485294718936,0.01189367935585102
2017-10-31 23:59:00+00:00,0.015646752701906633,0.01441342728606191,0.012748664447007337
2017-11-01 23:59:00+00:00,0.016061495739695196,0.016557229061454595,0.01220437863668647
2017-11-02 23:59:00+00:00,0.01633824768763056,0.04904546159231465,0.012619828169639713
2017-11-03 23:59:00+00:00,0.016252714478266296,0.005727028061803607,0.012520683073048785
2017-11-06 23:59:00+00:00,0.017723732606904283,0.007270460349022238,0.014511211446298872
2017-11-07 23:59:00+00:00,0.01729312352199998,0.007843177461026099,0.013927118793737644
2017-11-08 23:59:00+00:00,0.017468157975707017,0.004054270328040403,0.014209168760735599
2017-11-09 23:59:00+00:00,0.016841863715459246,0.014420312577218762,0.013345222927920012
2017-11-10 23:59:00+00:00,0.016783949728157905,0.020737702802155658,0.013294128792729001
2017-11-13 23:59:00+00:00,0.01651683122256215,0.0071174677688638785,0.013185514666918955
2017-11-14 23:59:00+00:00,0.017004691408155425,0.008804883232742295,0.013901680298143551
2017-11-15 23:59:00+00:00,0.0165193572057461,0.014309187238325043,0.013240241021842247
2017-11-16 23:59:00+00:00,0.016571110662333736,0.016276400987493733,0.01333907595583965
2017-11-17 23:59:00+00:00,0.016750777372196688,0.00989453982664804,0.013618978441830795
2017-11-20 23:59:00+00:00,0.01672258724425947,0.016374634871789955,0.013746872914997644
2017-11-21 23:59:00+00:00,0.01681681417323363,0.05363679579741417,0.01390778846139285
2017-11-22 23:59:00+00:00,0.016772957621281247,0.04006806659134528,0.013873998345634344
2017-11-28 23:59:00+00:00,0.019386518200205472,0.049655590445860834,0.01691411588957619
2017-11-29 23:59:00+00:00,0.01908338732684636,0.011830568480470665,0.016514734045609415
2017-11-30 23:59:00+00:00,0.020813042686222763,0.025141913118710016,0.018848580808440454
2017-12-01 23:59:00+00:00,0.02082189559876993,0.024073039071552282,0.018879786954583554
2017-12-04 23:59:00+00:00,0.021138158107164486,0.0027416055554947178,0.0193886578476924
2017-12-05 23:59:00+00:00,0.02047662114864756,0.05595126738722837,0.018458947817880853
2017-12-06 23:59:00+00:00,0.02035487204681549,0.003252035386377316,0.018302953062509626
2017-12-07 23:59:00+00:00,0.022098961981465406,0.02000066670666965,0.020778577560934437
2017-12-08 23:59:00+00:00,0.02193307769331295,0.05449950076534556,0.020560602062798625
2017-12-11 23:59:00+00:00,0.022492633700771238,0.013721706116917974,0.02142433363267019
2017-12-12 23:59:00+00:00,0.023910151546120702,0.011483734276463304,0.02347938391093695
2017-12-13 23:59:00+00:00,0.023738296740043758,0.02719200769525077,0.02325283753819279
2017-12-14 23:59:00+00:00,0.02384771552890868,0.04966486354730922,0.023450964817098185
2017-12-15 23:59:00+00:00,0.02449420388509139,0.019496663179012552,0.02439995013357363
2017-12-18 23:59:00+00:00,0.025762893386711398,0.020642504411331773,0.026284194974279966
2017-12-19 23:59:00+00:00,0.025866099848323828,0.014899989122741876,0.026453450764433378
2017-12-20 23:59:00+00:00,0.026236070642597864,0.026212326951469328,0.027005572298548997
2017-12-21 23:59:00+00:00,0.026160890362931778,0.009039609577725134,0.026923838703567272
2017-12-27 23:59:00+00:00,0.023901765327013262,0.013294894988772446,0.023066180230624046
2017-12-28 23:59:00+00:00,0.025601022101799712,0.0342852685424886,0.025530106554627664
2017-12-29 23:59:00+00:00,0.024400228201863765,0.015831465216680628,0.02382764059663927
2018-01-02 23:59:00+00:00,0.025176311935255616,0.04348511193973889,0.02503328602023805
2018-01-03 23:59:00+00:00,0.02481168191379574,0.02995818754079203,0.024585331252068708
2018-01-04 23:59:00+00:00,0.025505679321050717,0.014209830572653003,0.02560855429953663
2018-01-05 23:59:00+00:00,0.02648182282821731,0.03056854894939358,0.02703801739620914
2018-01-08 23:59:00+00:00,0.025196522858543437,0.00583292098101766,0.025259386505527746
2018-01-09 23:59:00+00:00,0.026116798180993436,0.059449890552991866,0.02660840938305369
2018-01-10 23:59:00+00:00,0.025623322202362957,0.03692335410459789,0.025924674262315844
2018-01-11 23:59:00+00:00,0.02575074386240119,0.022437345118935807,0.026135232274579024
2018-01-12 23:59:00+00:00,0.026527608473115485,0.03238767597210391,0.027281056793790344
2018-01-16 23:59:00+00:00,0.026873797415486376,0.013393752630928419,0.027887834873345833
2018-01-17 23:59:00+00:00,0.027082030487837826,0.001255099003793952,0.02821476986258143
2018-01-18 23:59:00+00:00,0.026019232926927646,0.012170535620255335,0.026657744463550237
2018-01-19 23:59:00+00:00,0.025298632624786765,0.06601076192110243,0.025656629491375694
2018-01-22 23:59:00+00:00,0.024857633357107844,0.018697510035593598,0.02512128489652185
2018-01-23 23:59:00+00:00,0.026549509594437918,0.01782680906634965,0.027580181085065346
2018-01-24 23:59:00+00:00,0.026302186425818105,0.016686232951825128,0.027257847496793764
2018-01-29 23:59:00+00:00,0.020559093834738865,0.06464285626208535,0.01823808721231952
2018-01-30 23:59:00+00:00,0.020501502010898672,0.04752218709007485,0.018194105391823534
2018-01-31 23:59:00+00:00,0.021926269138377835,0.0035075448096772025,0.020286549261534337
2018-02-01 23:59:00+00:00,0.02305425675900071,0.035405092554523884,0.021951264501677822
2018-02-02 23:59:00+00:00,0.02172327843442399,0.004358888122012228,0.020072035131109903
2018-02-05 23:59:00+00:00,0.02216926232065631,0.02087605569714189,0.020618767031524807
2018-02-06 23:59:00+00:00,0.02194034787705837,0.001852195380414129,0.02034731111931728
2018-02-07 23:59:00+00:00,0.021637350516769027,0.04280145823723752,0.019968542842954736
2018-02-08 23:59:00+00:00,0.02129475863200575,0.012461220437812002,0.019532420155904083
2018-02-09 23:59:00+00:00,0.021493237117625234,0.01632372041170864,0.019880061705106082
2018-02-12 23:59:00+00:00,0.020976969920289492,0.002702182690359973,0.019354035317659578
2018-02-13 23:59:00+00:00,0.02114282431650794,0.002709504270366112,0.019649645686997275
2018-02-14 23:59:00+00:00,0.02048198515992086,0.008563695776875213,0.018748967697931305
2018-02-15 23:59:00+00:00,0.020123371778148907,0.022420730438301468,0.018285633359113825
2018-02-16 23:59:00+00:00,0.01983302623174232,0.01630367866593044,0.017921087763021936
2018-02-20 23:59:00+00:00,0.02020069483991213,0.009446508939793402,0.018871824392781886
2018-02-21 23:59:00+00:00,0.01946773595938674,0.0034227072775021715,0.017877765715783374
2018-02-26 23:59:00+00:00,0.016242941043329774,0.00598132624360982,0.01174054410956169
2018-02-27 23:59:00+00:00,0.016120302004544933,0.011556512585686943,0.011626004462880427
2018-02-28 23:59:00+00:00,0.01597908223970359,0.0011125534246037014,0.011484688524415497
2018-03-01 23:59:00+00:00,0.014999076772122144,0.003333953819757261,0.010259743772803465
2018-03-02 23:59:00+00:00,0.014161460376919306,0.016505051002391045,0.009130104550597581
2018-03-05 23:59:00+00:00,0.014122426133682954,0.010133999141553858,0.009278897138439756
2018-03-06 23:59:00+00:00,0.013815380348080449,0.007590855173250517,0.008908007107270053
2018-03-07 23:59:00+00:00,0.014083507987091808,0.008746411442868298,0.009359651085211827
2018-03-08 23:59:00+00:00,0.013759006576707814,0.016697302623608325,0.009166703748417299
2018-03-09 23:59:00+00:00,0.013933230809917539,0.0028756310254620257,0.009473840129478047
2018-03-12 23:59:00+00:00,0.013218228779000706,0.019939032866046015,0.008642515496647626
2018-03-13 23:59:00+00:00,0.013031534385737991,0.018477983237745597,0.008438536758850552
2018-03-14 23:59:00+00:00,0.013095577229862109,0.002607563407080991,0.008589639702876403
2018-03-15 23:59:00+00:00,0.013616575909466931,0.013860495354014714,0.009380281599516857
2018-03-16 23:59:00+00:00,0.01353258295217595,0.00901245304108131,0.009320183349037526
2018-03-19 23:59:00+00:00,0.013599537214615565,0.013928326052846957,0.009591588140508374
2018-03-20 23:59:00+00:00,0.013189836942045029,0.007992430747114032,0.00907019619048619
2018-03-21 23:59:00+00:00,0.013216084746280124,0.009984721968035773,0.009166230044934064
2018-03-22 23:59:00+00:00,0.013265982328833092,0.010366765907735118,0.009472515732897754
2018-03-27 23:59:00+00:00,0.014741483477663636,0.012889149160366873,0.009975101514119457
2018-03-28 23:59:00+00:00,0.014696598412989,0.018464335502444005,0.009974882844070694
2018-03-29 23:59:00+00:00,0.01467756940372409,0.00520447271410588,0.010011037868282002
2018-04-02 23:59:00+00:00,0.013787693710121604,0.007756271571359065,0.010897597750266701
2018-04-03 23:59:00+00:00,0.013686949306456343,0.015946935380982144,0.01095654023583171
2018-04-04 23:59:00+00:00,0.013322081389569775,0.009672694462508766,0.010619177941104922
2018-04-05 23:59:00+00:00,0.013409196667805838,0.0029662609810166404,0.010915087842748172
2018-04-06 23:59:00+00:00,0.013387834901191352,0.013834582215274427,0.011059010906850703
2018-04-09 23:59:00+00:00,0.01276109838310888,0.007128148733782375,0.01070245129266843
2018-04-10 23:59:00+00:00,0.012574535918674397,0.00410371775307601,0.010656624306131693
2018-04-11 23:59:00+00:00,0.012591785656604456,0.01807833777289878,0.010852575195773387
2018-04-12 23:59:00+00:00,0.011972873286355826,0.006196484197152584,0.010159748439079302
2018-04-13 23:59:00+00:00,0.011881948224352614,0.005100193204840035,0.01020456906987425
2018-04-16 23:59:00+00:00,0.01168194581330022,0.0003651634146838371,0.010440701298816853
2018-04-17 23:59:00+00:00,0.011188523932678619,0.02926676748733325,0.009991212837685406
2018-04-18 23:59:00+00:00,0.010730664577739796,0.029266767487333322,0.009526375462832753
2018-04-19 23:59:00+00:00,0.011163280627360283,0.00036503011903783506,0.010300818188157385
2018-04-20 23:59:00+00:00,0.01194241017661666,0.014852654851848847,0.011557505883239571
2018-04-23 23:59:00+00:00,0.011271491989362458,0.0017963001057862051,0.011140889834190707
2018-04-26 23:59:00+00:00,0.014180871452781917,0.0028912199395618545,0.010001609127832356
2018-04-27 23:59:00+00:00,0.014576460179241038,0.014016401973535783,0.010725451588846262
2018-04-30 23:59:00+00:00,0.013711245037072627,0.017279047608352176,0.010035147454643938
2018-05-01 23:59:00+00:00,0.013920137624163876,0.010219067032122258,0.010498610890673216
2018-05-02 23:59:00+00:00,0.01414296258675136,0.005517762757812423,0.010981505357037196
2018-05-03 23:59:00+00:00,0.01386008628113259,0.011005246804120255,0.01081910913282506
2018-05-04 23:59:00+00:00,0.013701267176265845,0.00328887561210503,0.010766289001368912
2018-05-07 23:59:00+00:00,0.013524138147864143,0.0018284883499982902,0.01102447311049648
2018-05-08 23:59:00+00:00,0.013031413045331529,0.02774452863365522,0.010506878665931946
2018-05-09 23:59:00+00:00,0.012776770477752351,0.0028469770119281513,0.010320678827692564
2018-05-10 23:59:00+00:00,0.013513030440733475,0.012748047994639664,0.011560466892312691
2018-05-11 23:59:00+00:00,0.012879550964908136,0.002113421005027858,0.010845286969848465
2018-05-14 23:59:00+00:00,0.012724109744465337,0.007432347078227294,0.01112219754124296
2018-05-15 23:59:00+00:00,0.012500347342959722,0.015509651748521045,0.010975797477848052
2018-05-16 23:59:00+00:00,0.012623721017092672,0.0042061050442742005,0.011311300709568211
2018-05-17 23:59:00+00:00,0.012061797638179425,0.013081324950246059,0.010750441627271134
2018-05-18 23:59:00+00:00,0.011142599506472938,0.03428107632561849,0.009642472057293426
2018-05-21 23:59:00+00:00,0.011157216201910328,0.0020611481017403185,0.01015218598512528
2018-05-22 23:59:00+00:00,0.011786953140858392,0.008882873577577098,0.011186200685940102
2018-05-23 23:59:00+00:00,0.01166628344848689,0.00034019391380990917,0.011182496484628395
2018-05-29 23:59:00+00:00,0.013500722320712377,0.02295800677816329,0.009951251197094325
2018-05-30 23:59:00+00:00,0.013130999329258193,0.0033818091073810784,0.009605853518938015
2018-05-31 23:59:00+00:00,0.01325034798245553,0.010862292816631118,0.00993639379421972
2018-06-01 23:59:00+00:00,0.012835696574621271,0.013745920904635126,0.009528901283636971
2018-06-04 23:59:00+00:00,0.012632430600115038,0.002073972399129172,0.009744742028743513
2018-06-05 23:59:00+00:00,0.012664240680615012,0.011671948505506126,0.009959993899768265
2018-06-06 23:59:00+00:00,0.012527925931515652,0.013745920904635126,0.009937041465938209
2018-06-07 23:59:00+00:00,0.012830635343060968,0.02020962770879838,0.010520638891213515
2018-06-08 23:59:00+00:00,0.012327564743686546,0.003396742396358763,0.009990981521181892
2018-06-11 23:59:00+00:00,0.01266144007785119,0.008132881154647987,0.010948393734825715
2018-06-12 23:59:00+00:00,0.01221142543849029,0.0006747638582605389,0.01052005341755513
2018-06-13 23:59:00+00:00,0.01232389428702819,0.019041831400859025,0.010839177761011027
2018-06-14 23:59:00+00:00,0.012012667135052698,0.02377476788974543,0.010574197792527534
2018-06-15 23:59:00+00:00,0.011963196955499888,0.017433358968374075,0.010670074136322249
2018-06-18 23:59:00+00:00,0.01238035360386421,0.021828970441412198,0.011737390094727504
2018-06-19 23:59:00+00:00,0.012548429983731735,0.00370433156375258,0.012102857175672228
2018-06-20 23:59:00+00:00,0.012144284828722533,0.01013522189404313,0.01170784987415734
2018-06-21 23:59:00+00:00,0.011926817347877908,0.007498330974441079,0.011570539447055347
2018-06-22 23:59:00+00:00,0.011980332234882355,0.005458901307671431,0.011807303260637047
2018-06-27 23:59:00+00:00,0.01439687222756016,0.005457039463058201,0.01107093952103946
2018-06-28 23:59:00+00:00,0.014046151830351294,0.021431860753272882,0.010741219081015949
2018-06-29 23:59:00+00:00,0.013989581250742206,0.00279134863727055,0.010828916828111027
2018-07-02 23:59:00+00:00,0.014001983900671925,0.01156487394481544,0.011342977479799184
2018-07-03 23:59:00+00:00,0.013536493327397998,0.007374923680961402,0.01086715252793287
2018-07-05 23:59:00+00:00,0.013690725224081171,0.010552331473349398,0.011411008328357355
2018-07-06 23:59:00+00:00,0.013423354536534718,0.014245255136048917,0.011266754116219631
2018-07-09 23:59:00+00:00,0.012893466844769908,0.014598799421152851,0.01102288272851269
2018-07-10 23:59:00+00:00,0.0127081419302007,0.011375878099607458,0.010929643917186845
2018-07-11 23:59:00+00:00,0.012973125889432665,0.016219494148725585,0.011455154301931406
2018-07-12 23:59:00+00:00,0.013034324856557143,0.002540375164051892,0.011700652882837087
2018-07-13 23:59:00+00:00,0.013386499198849057,0.0069103748351700914,0.01234230809219747
2018-07-16 23:59:00+00:00,0.012432726323619584,0.006958460598869678,0.01151500355587303
2018-07-17 23:59:00+00:00,0.01178628257055767,0.01748678438771559,0.010787735586714212
2018-07-18 23:59:00+00:00,0.011338071881224938,0.0043431121471651365,0.010332908666745057
2018-07-19 23:59:00+00:00,0.01110070265344604,0.01314367224055048,0.010167851111773877
2018-07-20 23:59:00+00:00,0.01100271579276893,0.004034481907434327,0.010267101998840934
2018-07-23 23:59:00+00:00,0.010793181290322975,0.015616805489854196,0.010467970123270321
2018-07-24 23:59:00+00:00,0.010523061298796476,0.0018001805041478473,0.010260554533744729
2018-07-27 23:59:00+00:00,0.01353283517540076,0.005377320718571515,0.009504616459812917
2018-07-30 23:59:00+00:00,0.01314717942013048,0.008664314130141081,0.009464203159105948
2018-07-31 23:59:00+00:00,0.0124659840937494,0.020811658924685915,0.008740869535120894
2018-08-01 23:59:00+00:00,0.012638780300397993,0.013053633935567018,0.00913893585529464
2018-08-02 23:59:00+00:00,0.012842021785966846,0.0024505526003981877,0.009578592515566822
2018-08-03 23:59:00+00:00,0.013019429664991075,0.01285409395545206,0.009982958696649303
2018-08-06 23:59:00+00:00,0.012362698452800934,0.017790411045925877,0.009571863332130613
2018-08-07 23:59:00+00:00,0.012199899845636573,0.0020325210249224307,0.009530365779880532
2018-08-08 23:59:00+00:00,0.01221935786871137,0.0037294499914317125,0.009717804589741197
2018-08-09 23:59:00+00:00,0.01176766798934751,0.0047667778376538185,0.009262171592124504
2018-08-10 23:59:00+00:00,0.011225908242989992,0.009848950389096608,0.008683601843931065
2018-08-13 23:59:00+00:00,0.010966319670609216,0.006441792067482356,0.008811929690333637
2018-08-14 23:59:00+00:00,0.010859262131412565,0.010944021679317368,0.008881347281553254
2018-08-15 23:59:00+00:00,0.01073371982473737,0.012982758369165655,0.008869855217655546
2018-08-16 23:59:00+00:00,0.010381914023196269,0.0016986584685806721,0.008550675177942588
2018-08-17 23:59:00+00:00,0.01063450977582678,0.013173640945455098,0.009053400107446454
2018-08-20 23:59:00+00:00,0.00989820200642178,0.008086297431357707,0.008529806249862723
2018-08-21 23:59:00+00:00,0.009918652993856265,0.002702704347885073,0.008745190232666815
2018-08-22 23:59:00+00:00,0.009614590148079888,0.015984016548256156,0.008491841256507487
2018-08-23 23:59:00+00:00,0.009503214076561146,0.014155251026784135,0.008500095854790616
2018-08-24 23:59:00+00:00,0.009708701995938129,0.00837993730675081,0.00893854475649589
2018-08-29 23:59:00+00:00,0.012614242670854028,0.014508026489578416,0.009215576892204796
2018-08-30 23:59:00+00:00,0.011952537960821444,0.032412664875059435,0.0084773883076788
2018-08-31 23:59:00+00:00,0.011851303715077205,0.009968042664289767,0.008499048246975874
2018-09-04 23:59:00+00:00,0.01252455448867887,0.008263025279405693,0.010049849077142795
2018-09-05 23:59:00+00:00,0.012340161505058466,0.001441961316901184,0.00995858083103487
2018-09-06 23:59:00+00:00,0.011835458137704681,0.010035926527785654,0.00943233640172349
2018-09-07 23:59:00+00:00,0.011737078440269628,0.008522778861982615,0.009436798339567995
2018-09-10 23:59:00+00:00,0.011624518687836823,0.0003535442851039067,0.009769332486710604
2018-09-11 23:59:00+00:00,0.011656411990301947,0.0042508034251946,0.009974570475766237
2018-09-12 23:59:00+00:00,0.01117659087952538,0.017908788089446803,0.009483941041847872
2018-09-13 23:59:00+00:00,0.010990036619606784,0.016843257887408425,0.009392117743675087
2018-09-14 23:59:00+00:00,0.011060407368616704,0.04141883130311654,0.009690382330657794
2018-09-17 23:59:00+00:00,0.010871178760764497,0.008560230324041022,0.00991841263223613
2018-09-18 23:59:00+00:00,0.012065891424037876,0.023114557299572482,0.011700286906955255
2018-09-19 23:59:00+00:00,0.01186217294025951,0.00033596506279381656,0.011585552252685533
2018-09-20 23:59:00+00:00,0.012345601909450398,0.02028332213994167,0.012402754789303628
2018-09-21 23:59:00+00:00,0.012202000855327818,0.014379332724342832,0.012266932947685525
2018-09-26 23:59:00+00:00,0.015885478559963716,0.015831465216680628,0.01282464325682992
2018-09-27 23:59:00+00:00,0.01647548423122598,0.028189346063281023,0.013788835689818554
2018-09-28 23:59:00+00:00,0.016799650939009633,0.023004209307945948,0.014390458799906278
2018-10-01 23:59:00+00:00,0.017005144323189905,0.02001317577574483,0.015149231988194659
2018-10-02 23:59:00+00:00,0.0165463042424026,0.020329081638425672,0.014621374565498387
2018-10-03 23:59:00+00:00,0.01678453295096187,0.006975297780708998,0.015109208345926172
2018-10-04 23:59:00+00:00,0.017122302034564038,0.038694374803502685,0.015733083680170717
2018-10-05 23:59:00+00:00,0.01724566490072777,0.0003061380706597192,0.01606393063316063
2018-10-08 23:59:00+00:00,0.018069865321322057,0.005496197041908431,0.017677104856821245
2018-10-09 23:59:00+00:00,0.01771818033268179,0.019059906835399064,0.017355232132959794
2018-10-10 23:59:00+00:00,0.017709365741349247,0.019113851521301968,0.01750608229698366
2018-10-11 23:59:00+00:00,0.018027044625438308,0.02530199008000358,0.018103204250310412
2018-10-12 23:59:00+00:00,0.01796123503115623,0.0009257831242921471,0.018176150064439477
2018-10-15 23:59:00+00:00,0.01815881927867137,0.02470014273920488,0.018934916127543187
2018-10-16 23:59:00+00:00,0.016549533042631105,0.037439168516634654,0.01691923909560264
2018-10-17 23:59:00+00:00,0.017156660131422558,0.016129381929883717,0.017911947385255905
2018-10-18 23:59:00+00:00,0.017380967755161045,0.035069342030805355,0.018381145318262133
2018-10-19 23:59:00+00:00,0.017728758088169337,0.023308141773674403,0.019019207384550176
2018-10-22 23:59:00+00:00,0.01798460181085588,0.014424834625694893,0.0198564402857336
2018-10-23 23:59:00+00:00,0.0184534232677462,0.011306653115702519,0.02054541860132881
2018-10-24 23:59:00+00:00,0.017920340560975127,0.005323325550396199,0.01997476998313568
2018-10-29 23:59:00+00:00,0.01885480634214703,0.022953861371982767,0.01730226284857866
2018-10-30 23:59:00+00:00,0.01810055202956987,0.007386921863074824,0.016429424976577293
2018-10-31 23:59:00+00:00,0.018175621740545208,0.014415216646074414,0.016689701850156335
2018-11-01 23:59:00+00:00,0.018695079414692565,0.08266271478657282,0.015892993256283464
2018-11-02 23:59:00+00:00,0.018799534339947067,0.003369843121550324,0.01609884861753253
2018-11-05 23:59:00+00:00,0.020542669298578942,0.0,0.01867249404291361
2018-11-06 23:59:00+00:00,0.020519944123641883,0.003381237371869236,0.018704353352466764
2018-11-07 23:59:00+00:00,0.020099089189726364,0.04848098905959793,0.01819152834410731
2018-11-08 23:59:00+00:00,0.019629465298741076,0.01838336038089885,0.01755887889059652
2018-11-09 23:59:00+00:00,0.02074997798206983,0.07939267108609052,0.019168152435601715
2018-11-12 23:59:00+00:00,0.020327474066140848,0.1650638474309238,0.01880205997034894
2018-11-13 23:59:00+00:00,0.02306845164849261,0.18054517395020034,0.022635556698757685
2018-11-14 23:59:00+00:00,0.028286633983908186,0.05633258176724798,0.029869223492635887
2018-11-15 23:59:00+00:00,0.03394070841825737,0.09548040705811926,0.03709843378600741
2018-11-16 23:59:00+00:00,0.03527999222816783,0.03838701822030691,0.039015511244478364
2018-11-19 23:59:00+00:00,0.03754462700536186,0.01604670046198883,0.0423330435161766
2018-11-20 23:59:00+00:00,0.03812044352191304,0.03265503073957512,0.04319032586698522
2018-11-21 23:59:00+00:00,0.03803696963307103,0.01402547535450432,0.04313242461760312
2018-11-23 23:59:00+00:00,0.03915646289847129,0.003290249736787555,0.044317849401058415
2018-11-28 23:59:00+00:00,0.043312015122619216,0.007345031941404783,0.04870894790805795
2018-11-29 23:59:00+00:00,0.0430395329786695,0.06101769559059881,0.04839004173444252
2018-11-30 23:59:00+00:00,0.04296845665707264,0.0268319871482049,0.04834676951097671
2018-12-03 23:59:00+00:00,0.04469098840238128,0.0026887759868958728,0.05086613827541884
2018-12-04 23:59:00+00:00,0.04181684905517876,0.03229020870856684,0.048356888294979104
2018-12-05 23:59:00+00:00,0.041789344932354366,0.036532706977647586,0.048379563985481606
2018-12-06 23:59:00+00:00,0.04273470601933711,0.01262055940904696,0.049798324730170276
2018-12-07 23:59:00+00:00,0.0438077431687145,0.0308335417695922,0.051400303705595986
2018-12-10 23:59:00+00:00,0.042507825686825707,0.06346504865372196,0.049721325059768555
2018-12-11 23:59:00+00:00,0.04154975967252595,0.0029055710514146356,0.05021257127985544
2018-12-12 23:59:00+00:00,0.04073482196489976,0.07474235971114819,0.04901661798594633
2018-12-13 23:59:00+00:00,0.03533940892228862,0.08135006829902032,0.04083980767523049
2018-12-14 23:59:00+00:00,0.03146752552987715,0.0842202594409633,0.034984927267220786
2018-12-17 23:59:00+00:00,0.03209264681367269,0.0296161254061115,0.03607578991463411
2018-12-18 23:59:00+00:00,0.03232383346828978,0.0391348338565799,0.03560717086968739
2018-12-19 23:59:00+00:00,0.03189909835787112,0.06300231526322325,0.035019015238152096
2018-12-20 23:59:00+00:00,0.03287799109736653,0.09591308688315368,0.03648675547829912
2018-12-21 23:59:00+00:00,0.034062350320867275,0.02168415918044865,0.03825544279374216
2018-12-27 23:59:00+00:00,0.03443510246465077,0.11642156505806231,0.03788464089876149
2018-12-28 23:59:00+00:00,0.03655407903984433,0.006103782938017886,0.040813243411983925
2018-12-31 23:59:00+00:00,0.040097939646477634,0.004404547185058104,0.04592652420338041
2019-01-02 23:59:00+00:00,0.03816625809159807,0.03306362289588953,0.043175725056376194
2019-01-03 23:59:00+00:00,0.037093370733450044,0.03340323913280959,0.04164677853516942
2019-01-04 23:59:00+00:00,0.038037089647679156,0.007782140442054949,0.04301043947322866
2019-01-07 23:59:00+00:00,0.03821583933908396,0.00571334103282953,0.04335842306737035
2019-01-08 23:59:00+00:00,0.03717320347259408,0.005039486559891754,0.04187412887266068
2019-01-09 23:59:00+00:00,0.03721481262711197,0.04285428302398854,0.041953798837315745
2019-01-10 23:59:00+00:00,0.03655530669246143,0.14735123643833453,0.041022148620827564
2019-01-11 23:59:00+00:00,0.03616250142516203,0.025382073271417276,0.04047519953455821
2019-01-14 23:59:00+00:00,0.04127298365977079,0.03399020022855177,0.047743530363845196
2019-01-15 23:59:00+00:00,0.03969647242951273,0.00853322818059317,0.04548932594159439
2019-01-16 23:59:00+00:00,0.0379724821034574,0.020015171421427475,0.04302323086577055
2019-01-17 23:59:00+00:00,0.035464720311103246,0.135749325927867,0.03943105180259808
2019-01-18 23:59:00+00:00,0.03531600680800436,0.019934214900817253,0.03922823637173184
2019-01-22 23:59:00+00:00,0.03894692211015817,0.03915617828829821,0.04424646947625184
2019-01-23 23:59:00+00:00,0.037491517244563254,0.02517258930891301,0.04216359242096065
2019-01-24 23:59:00+00:00,0.035672045078623586,0.087755403351038,0.03955947731366201
2019-01-29 23:59:00+00:00,0.030433840867486038,0.014114560362447333,0.03204063209135682
2019-01-30 23:59:00+00:00,0.02756694655536277,0.028841220390439508,0.027936914359518134
2019-01-31 23:59:00+00:00,0.02771311066348274,0.027439615508150075,0.028255316497085257
2019-02-01 23:59:00+00:00,0.028523332076790097,0.000751597179312122,0.02939601159805664
2019-02-04 23:59:00+00:00,0.02837761203894598,0.0,0.029141121555691346
2019-02-05 23:59:00+00:00,0.027708350911434254,0.04259228081324549,0.028170322314258256
2019-02-06 23:59:00+00:00,0.027571330542146687,0.012466074954029118,0.027959128758449005
2019-02-07 23:59:00+00:00,0.028927432890763695,0.022584691986430025,0.030000637049441316
2019-02-08 23:59:00+00:00,0.029045635502921434,0.017261216560769586,0.03014631466387303
2019-02-11 23:59:00+00:00,0.028284580803716437,0.04294788854520363,0.02898268488340302
2019-02-12 23:59:00+00:00,0.025052752412040143,0.0007770008160923857,0.024322008206272998
2019-02-13 23:59:00+00:00,0.026139716817585874,0.020008362743979994,0.025857587107535347
2019-02-14 23:59:00+00:00,0.02501672941251593,0.013996823929332885,0.02430155521810529
2019-02-15 23:59:00+00:00,0.025432066141640654,0.00981510333265906,0.024874823154206905
2019-02-19 23:59:00+00:00,0.025281426542789823,0.022877427517332048,0.024561063446424808
2019-02-20 23:59:00+00:00,0.022649489953538465,0.007388286286617731,0.020750342946373783
2019-02-21 23:59:00+00:00,0.022871773876322193,0.04286627822567026,0.021045873645890143
2019-02-26 23:59:00+00:00,0.018837006709567648,0.004633763415101911,0.01582405280131183
2019-02-27 23:59:00+00:00,0.018397177698636503,0.016575939391756417,0.015170196563591717
2019-02-28 23:59:00+00:00,0.01809335012570582,0.0006997900915386682,0.014712218627730016
2019-03-01 23:59:00+00:00,0.018147221895794853,0.009406096174066406,0.014769423037854518
2019-03-04 23:59:00+00:00,0.01737526771483207,0.01502211655065164,0.013596447495509919
2019-03-05 23:59:00+00:00,0.016853081016408845,0.00876122653392926,0.012999495907426545
2019-03-06 23:59:00+00:00,0.01729384342304366,0.0003489792392772014,0.013599430040059257
2019-03-07 23:59:00+00:00,0.017529591969471098,0.032999268839046206,0.013905590027778442
2019-03-08 23:59:00+00:00,0.01642935036756175,0.00431966114451638,0.012297345969627126
2019-03-11 23:59:00+00:00,0.017215620229530056,0.012848142477849059,0.013329063513031938
2019-03-12 23:59:00+00:00,0.01660401738838254,0.012334958157951366,0.012499977174529765
2019-03-13 23:59:00+00:00,0.01647674159065085,0.02123973650091103,0.012284794296544105
2019-03-14 23:59:00+00:00,0.01582715332358078,0.019486887673496694,0.011324242806582892
2019-03-15 23:59:00+00:00,0.016447490312684374,0.008385793376273964,0.012175944481295081
2019-03-18 23:59:00+00:00,0.01658865783742896,0.01896790270681104,0.012276738350990643
2019-03-19 23:59:00+00:00,0.01634270048347707,0.0003545470698370992,0.01193008739263407
2019-03-20 23:59:00+00:00,0.016664905760147928,0.024400205859388964,0.01235667384121433
2019-03-21 23:59:00+00:00,0.015984556985742228,0.0007262164444074611,0.011354525301462241
2019-03-22 23:59:00+00:00,0.016670842315850826,0.00545952220489887,0.01229996049474793
2019-03-27 23:59:00+00:00,0.014919726252191023,0.01860865010522937,0.010619122154101239
2019-03-28 23:59:00+00:00,0.014899928277707818,0.01713263507710877,0.010570580944528842
2019-03-29 23:59:00+00:00,0.015075657095726017,0.008902135940593154,0.010797519607559019
2019-04-01 23:59:00+00:00,0.014169183862962731,0.0026114545712199923,0.011549256218047364
2019-04-02 23:59:00+00:00,0.014036682821536544,0.012782128916063368,0.011524058206373701
2019-04-03 23:59:00+00:00,0.013595415045960825,0.007914117055990749,0.011061669677827532
2019-04-04 23:59:00+00:00,0.013639384405248926,0.016381602371885764,0.011316293278359773
2019-04-05 23:59:00+00:00,0.013781048318954547,0.003329021014161135,0.011677168060436914
2019-04-08 23:59:00+00:00,0.012956856812531769,0.00037043897441599316,0.010993040359417085
2019-04-09 23:59:00+00:00,0.012809053628432666,0.013423020332140661,0.01094451436809637
2019-04-10 23:59:00+00:00,0.01224406337990568,0.0015026298845350185,0.01030594996438387
2019-04-11 23:59:00+00:00,0.012251604813651853,0.02666824708216141,0.01052047680282728
2019-04-12 23:59:00+00:00,0.01146609469059186,0.006974069336073324,0.009571199451206734
2019-04-15 23:59:00+00:00,0.011396468211134698,0.021616090222194198,0.009950181977188674
2019-04-16 23:59:00+00:00,0.011332894751449373,0.010785005676562449,0.010019555108560351
2019-04-17 23:59:00+00:00,0.011401438544521112,0.013562234202350382,0.010275345290291393
2019-04-18 23:59:00+00:00,0.01166574314311079,0.027718183432482824,0.01077920986846707
2019-04-22 23:59:00+00:00,0.010938916020497845,0.0028472665157780225,0.010384702683251366
2019-04-23 23:59:00+00:00,0.011718844840570692,0.020901082405793685,0.01164428080048296
2019-04-26 23:59:00+00:00,0.014755622086055289,0.00696597244082776,0.011192972282601339
2019-04-29 23:59:00+00:00,0.01397706119679976,0.01732478365730592,0.010567382700190265
2019-04-30 23:59:00+00:00,0.013614046578984735,0.011902617003604994,0.010256572546915959
2019-05-01 23:59:00+00:00,0.0137697449057604,0.008533798880397162,0.010629296482089535
2019-05-02 23:59:00+00:00,0.013991672009621748,0.01689295721003668,0.011095679790101003
2019-05-03 23:59:00+00:00,0.013805845949659556,0.005137335938177953,0.010985426969878217
2019-05-06 23:59:00+00:00,0.013817238122199474,0.028367940717457227,0.01145915324800253
2019-05-07 23:59:00+00:00,0.013330385408376687,0.0057637047167499065,0.010945927814336093
2019-05-08 23:59:00+00:00,0.01411127297473514,0.00920604890772288,0.012200300646250857
2019-05-09 23:59:00+00:00,0.01416960632068518,0.0007633588156943684,0.012433751339129273
2019-05-10 23:59:00+00:00,0.013946957487515631,0.014394187919613307,0.012270192480010714
2019-05-13 23:59:00+00:00,0.013600989478459462,0.02205412579436815,0.012234450577329888
2019-05-14 23:59:00+00:00,0.01304999654816804,0.014504071054672552,0.011623746089983287
2019-05-15 23:59:00+00:00,0.013508308259712533,0.003036055463031376,0.012421689531393519
2019-05-16 23:59:00+00:00,0.013121397074873822,0.015837435098626305,0.012026289765609295
2019-05-17 23:59:00+00:00,0.012788355323452325,0.022702450618306523,0.011706946532035602
2019-05-20 23:59:00+00:00,0.012708790608081371,0.027154500098492733,0.012047214981291705
2019-05-21 23:59:00+00:00,0.012598966440270571,0.013669418077012975,0.012015584947015254
2019-05-22 23:59:00+00:00,0.013439152858716875,0.0077280137314122135,0.01335330595087291
2019-05-23 23:59:00+00:00,0.013143682730764182,0.0061776258239571,0.013085876562935458
2019-05-29 23:59:00+00:00,0.01566215128802611,0.0371968497086003,0.013341294936150643
2019-05-30 23:59:00+00:00,0.01605957638544478,0.021001389534387845,0.014053211853224537
2019-05-31 23:59:00+00:00,0.016860936841530616,0.005395323318236594,0.015269349878194009
2019-06-03 23:59:00+00:00,0.01695065428905046,0.01585348180397831,0.015859998052193087
2019-06-04 23:59:00+00:00,0.016484420669422573,0.022969959278925457,0.015354554891306651
2019-06-05 23:59:00+00:00,0.01675629601259707,0.005578216567056271,0.015893965241098762
2019-06-06 23:59:00+00:00,0.016470281247465045,0.008521568397273228,0.0156436365853872
2019-06-07 23:59:00+00:00,0.016345606098847342,0.017662359903563376,0.015638294232009596
2019-06-10 23:59:00+00:00,0.016000862182557137,0.005433660181833159,0.01561034002008593
2019-06-11 23:59:00+00:00,0.016489799904504707,0.02589828463640473,0.016455779038349123
2019-06-12 23:59:00+00:00,0.016097306915431448,0.026317308317373358,0.016053546940884532
2019-06-13 23:59:00+00:00,0.016173803306921166,0.00041902368096864045,0.016315172474422848
2019-06-14 23:59:00+00:00,0.016468775887473384,0.02460879380653306,0.016877444122358407
2019-06-17 23:59:00+00:00,0.016028474207959092,0.022590013605106936,0.016711059006326405
2019-06-18 23:59:00+00:00,0.01632914531472844,0.040803687716530916,0.017288869628766815
2019-06-19 23:59:00+00:00,0.01625216918868922,0.0004575612067933654,0.017332185272978546
2019-06-20 23:59:00+00:00,0.016471813152373886,0.05213923108420134,0.017795315851937922
2019-06-21 23:59:00+00:00,0.015948586830097658,0.002168727807304948,0.01717753284665877
2019-06-26 23:59:00+00:00,0.020168490642427473,0.006908490343811673,0.01893301596317584
2019-06-27 23:59:00+00:00,0.019902456764757312,0.017923977120461145,0.018707122761682734
2019-06-28 23:59:00+00:00,0.018673721868786405,0.01198150565844337,0.017118879960634412
2019-07-01 23:59:00+00:00,0.01815948677922007,0.02207595169919961,0.01684290915716049
2019-07-02 23:59:00+00:00,0.018175279831361663,0.054388934626452605,0.017110170696404744
2019-07-03 23:59:00+00:00,0.018281406593935262,0.0062227954382690735,0.017401281084139374
2019-07-05 23:59:00+00:00,0.01916235087161195,0.009113567635114608,0.018930195380776078
2019-07-08 23:59:00+00:00,0.018977413823754872,0.0078045169199024746,0.019090959099491767
2019-07-09 23:59:00+00:00,0.018913078435062704,0.011522761236780374,0.019140739076125124
2019-07-10 23:59:00+00:00,0.018457216242265113,0.015198485203783745,0.01862434088361182
2019-07-11 23:59:00+00:00,0.01858480790020027,0.01851523782977766,0.01894911687437531
2019-07-12 23:59:00+00:00,0.01813393141167102,0.04328210559970724,0.0184544569231132
2019-07-15 23:59:00+00:00,0.017596767564803512,0.0008676790132225809,0.018125634603150788
2019-07-16 23:59:00+00:00,0.018904011009006988,0.007405827793000706,0.0201214603805812
2019-07-17 23:59:00+00:00,0.01789503825003027,0.015866353116048965,0.018841112023173182
2019-07-18 23:59:00+00:00,0.017313660677047576,0.026738388885535813,0.01816195518078105
2019-07-19 23:59:00+00:00,0.016225451596965264,0.005203827875026998,0.016764811932953424
2019-07-22 23:59:00+00:00,0.01681447211282814,0.03540192705091572,0.018032527213933287
2019-07-23 23:59:00+00:00,0.0150727568277818,0.010752791776261915,0.015709615610233322
2019-07-24 23:59:00+00:00,0.016208836180282616,0.03399375581571258,0.01743594828383635
2019-07-29 23:59:00+00:00,0.019582675391839395,0.043942996521010365,0.01865243301413871
2019-07-30 23:59:00+00:00,0.01920650783734508,0.01397993455753271,0.018262009791690802
2019-07-31 23:59:00+00:00,0.020260911303702958,0.037478362717942755,0.019898489916951635
2019-08-01 23:59:00+00:00,0.0199289249868993,0.024339068305267744,0.01957066484396698
2019-08-02 23:59:00+00:00,0.01930918884916543,0.019613161588905983,0.018735407895250515
2019-08-05 23:59:00+00:00,0.01978436362233304,0.013352606587348598,0.019847605353485443
2019-08-06 23:59:00+00:00,0.019902622018135762,0.021373409200563038,0.020161586889457482
2019-08-07 23:59:00+00:00,0.02002304410993079,0.004238292193235894,0.02047862803238406
2019-08-08 23:59:00+00:00,0.02020685931567727,0.00662881215181736,0.02088531116429874
2019-08-09 23:59:00+00:00,0.01975383500612239,0.019756051762299214,0.020414691907649562
2019-08-12 23:59:00+00:00,0.018974649384305448,0.0018648024052040195,0.019750248970759877
2019-08-13 23:59:00+00:00,0.01805688068073997,0.040691328027624735,0.01859731364371956
2019-08-14 23:59:00+00:00,0.017895658891653825,0.01444068415479436,0.018515268746598337
2019-08-15 23:59:00+00:00,0.018996386421821217,0.0045351551653911425,0.020219510229300068
2019-08-16 23:59:00+00:00,0.01884418947855332,0.0036133733985138313,0.020162192207721655
2019-08-19 23:59:00+00:00,0.0176818736956913,0.021878721375807157,0.018951115875454724
2019-08-20 23:59:00+00:00,0.017428723292594633,0.005082016019697983,0.018737736971737726
2019-08-21 23:59:00+00:00,0.0169473864921095,0.0032475092331322214,0.01820097233540681
2019-08-22 23:59:00+00:00,0.016625799874673185,0.035603943172489334,0.017890605637654596
2019-08-23 23:59:00+00:00,0.015301713057909977,0.01263554717153923,0.01629360379252825
2019-08-28 23:59:00+00:00,0.017623752544294387,0.004802454111151841,0.01594592287428478
2019-08-29 23:59:00+00:00,0.018070588479534258,0.03144777776901104,0.016732305608466846
2019-08-30 23:59:00+00:00,0.0168026286588801,0.036231320811656136,0.015083673117086699
2019-09-03 23:59:00+00:00,0.016696467385158516,0.0040983663922821365,0.015540421133412316
2019-09-04 23:59:00+00:00,0.017207724689774266,0.024742693972628124,0.016377390118952256
2019-09-05 23:59:00+00:00,0.016828234811417545,0.03503605745321126,0.015990305311506543
2019-09-06 23:59:00+00:00,0.016812812231381813,0.0019361090268663291,0.016120209841637416
2019-09-09 23:59:00+00:00,0.017511791569412394,0.01091203345098265,0.017568202478333322
2019-09-10 23:59:00+00:00,0.01720794607842789,0.008583743691391435,0.017288535562852373
2019-09-11 23:59:00+00:00,0.016787067775007655,0.01542050602809535,0.016851879266404402
2019-09-12 23:59:00+00:00,0.016900848079096052,0.025308244051792037,0.0171651378110503
2019-09-13 23:59:00+00:00,0.016005659942134903,0.004860731200444871,0.016045707923765282
2019-09-16 23:59:00+00:00,0.016100907476454387,0.01168722068222769,0.01663604236468522
2019-09-17 23:59:00+00:00,0.01606963468482322,0.03826553807895384,0.016743332234991793
2019-09-18 23:59:00+00:00,0.01625776828799949,0.0015772873932486113,0.01719231412502597
2019-09-19 23:59:00+00:00,0.016824798380009783,0.002766253492889962,0.01815014794407134
2019-09-20 23:59:00+00:00,0.01654547502383638,0.009542815956420063,0.01790643054965933
2019-09-23 23:59:00+00:00,0.016205779265921372,0.000399600404917923,0.017882668528095287
2019-09-26 23:59:00+00:00,0.01860307035364089,0.03126574909535192,0.01670108204184442
2019-09-27 23:59:00+00:00,0.018071192168313162,0.02037790002995084,0.016032477329617476
2019-09-30 23:59:00+00:00,0.01856295220438059,0.01589437434446638,0.01720999347509202
2019-10-01 23:59:00+00:00,0.018079192887980763,0.03584299769901189,0.016682482653460447
2019-10-02 23:59:00+00:00,0.017158150201345684,0.009827039134176487,0.015533819097035792
2019-10-03 23:59:00+00:00,0.018293273795724617,0.021053409197832267,0.017305900749728223
2019-10-04 23:59:00+00:00,0.017735042885633597,0.006534547320996684,0.016607192562455495
2019-10-07 23:59:00+00:00,0.017121147026457745,0.023884372870542434,0.016230090178151475
2019-10-08 23:59:00+00:00,0.017167973499632755,0.007187811718833679,0.01646148863067223
2019-10-09 23:59:00+00:00,0.01747371562073757,0.0018050546417301423,0.017060576424019105
2019-10-10 23:59:00+00:00,0.017393751722077102,0.029374608679904102,0.01711191828816431
2019-10-11 23:59:00+00:00,0.016676212312343043,0.025548044635692595,0.0162892510227372
2019-10-14 23:59:00+00:00,0.0164230330620929,0.015510866763493865,0.016419113808752165
2019-10-15 23:59:00+00:00,0.016883125475260614,0.006492124079011936,0.017235683285290595
2019-10-16 23:59:00+00:00,0.016854970670645092,0.0008624407606584821,0.017358840853841505
2019-10-17 23:59:00+00:00,0.015677040636111247,0.035984575788485025,0.015849080083289033
2019-10-18 23:59:00+00:00,0.015385338037270754,0.01507789096917129,0.015618977397718021
2019-10-21 23:59:00+00:00,0.016302789582809764,0.004391750580979002,0.017418206187142272
2019-10-22 23:59:00+00:00,0.01630136389117745,0.01478930827086486,0.0175815426891836
2019-10-23 23:59:00+00:00,0.016241816836845377,0.006932436775644791,0.017662323862974165
2019-10-24 23:59:00+00:00,0.015581575917101013,0.061544914329876806,0.016889882109189812
2019-10-29 23:59:00+00:00,0.01642025409648038,0.021788991230596303,0.014299264256765198
2019-10-30 23:59:00+00:00,0.016581581838298082,0.030299680898505117,0.014686782186398526
2019-10-31 23:59:00+00:00,0.016540454437251637,0.03866787060718194,0.014786500381519366
2019-11-01 23:59:00+00:00,0.018687596434248818,0.014429249114399894,0.015823773786204035
2019-11-04 23:59:00+00:00,0.01975898139536289,0.011950933099932903,0.017279456676322545
2019-11-05 23:59:00+00:00,0.020150899186728105,0.020000666706669543,0.017820594352336957
2019-11-06 23:59:00+00:00,0.01980254472413365,0.006114027317695181,0.01730179668571396
2019-11-07 23:59:00+00:00,0.020246602926840062,0.056041201274202285,0.017910317614732208
2019-11-08 23:59:00+00:00,0.019900919160599533,0.006085983029880302,0.017395319389732156
2019-11-11 23:59:00+00:00,0.021337850617700174,0.008044479313832899,0.019369913545225072
2019-11-12 23:59:00+00:00,0.021094045521726872,0.01791547821752766,0.018998258067791898
2019-11-13 23:59:00+00:00,0.020876066431951404,0.015370499415938935,0.018664443279561158
2019-11-14 23:59:00+00:00,0.021227978157766864,0.04644915646745855,0.019141136708701937
2019-11-15 23:59:00+00:00,0.02177111438675334,0.022065513049752242,0.019889792813749647
2019-11-18 23:59:00+00:00,0.02237641278112188,0.019333804033959484,0.02067925440000478
2019-11-19 23:59:00+00:00,0.023072769698402988,0.0031213447113517066,0.021618930724532005
2019-11-20 23:59:00+00:00,0.02345325294555882,0.03746615572880435,0.022134428364951667
2019-11-21 23:59:00+00:00,0.02303504148725189,0.051589576054820764,0.021513701563009795
2019-11-26 23:59:00+00:00,0.022016211691273727,0.09207670859323094,0.02073455284429509
2019-11-27 23:59:00+00:00,0.021753316658203643,0.020825047599953045,0.020334779452269802
2019-11-29 23:59:00+00:00,0.024638374282961957,0.04696880050861898,0.024049783204767146
2019-12-02 23:59:00+00:00,0.024497838157727353,0.01735580755326544,0.023826060274451222
2019-12-03 23:59:00+00:00,0.02496950013142378,0.011603942886906807,0.0244901305006984
2019-12-04 23:59:00+00:00,0.025079143709718737,0.03907239288010002,0.0246384840057567
2019-12-05 23:59:00+00:00,0.02509573792408256,0.04468548934529972,0.02465428316140947
2019-12-06 23:59:00+00:00,0.025917482995879745,0.01423511582187191,0.025775417393586263
2019-12-09 23:59:00+00:00,0.0273229806030321,0.00931890480286519,0.027765448528002362
2019-12-10 23:59:00+00:00,0.02600649524360663,0.03719527433112018,0.025887802318299118
2019-12-11 23:59:00+00:00,0.02615560851190525,0.013841051411871468,0.026096488630015457
2019-12-12 23:59:00+00:00,0.027178686229128723,0.01940971005145398,0.027549294865061674
2019-12-13 23:59:00+00:00,0.027294831167703523,0.009442130235379187,0.027742359742262628
2019-12-16 23:59:00+00:00,0.027582822636791404,0.014332492900775654,0.028146007943428013
2019-12-17 23:59:00+00:00,0.026350887882425216,0.005703020502212688,0.026387261180756637
2019-12-18 23:59:00+00:00,0.026127595320376975,0.02390898499878519,0.02606658392841712
2019-12-19 23:59:00+00:00,0.025855945124274513,0.05020869558274619,0.025676960879783522
2019-12-20 23:59:00+00:00,0.02639952120529694,0.01915243221475601,0.02666220534849697
2019-12-23 23:59:00+00:00,0.02698636815921567,0.05464861663548986,0.0275220776501292
2019-12-27 23:59:00+00:00,0.025492075679248376,0.0013714287863791721,0.02519414495218177
2019-12-30 23:59:00+00:00,0.023118619332402925,0.0310857783489346,0.02181453258968634
2019-12-31 23:59:00+00:00,0.022459098262391508,0.0037629395295422892,0.020876505481409083
2020-01-02 23:59:00+00:00,0.02198926875123601,0.0023446669592540547,0.020372366653262246
2020-01-03 23:59:00+00:00,0.02167766239793704,0.01256707253642863,0.019911833261226957
2020-01-06 23:59:00+00:00,0.021438856716207575,0.009760709609470728,0.019526128588297352
2020-01-07 23:59:00+00:00,0.020717661589816028,0.01160913897125304,0.018479532298522384
2020-01-08 23:59:00+00:00,0.019764097926141137,0.016483889721689415,0.017100449897676638
2020-01-09 23:59:00+00:00,0.019616979902291776,0.009124150889609169,0.017036023546019727
2020-01-10 23:59:00+00:00,0.01990411838179011,0.0022888542837516132,0.017416362476437748
2020-01-13 23:59:00+00:00,0.01910398104589446,0.031114653010709547,0.01618492351391084
2020-01-14 23:59:00+00:00,0.018626585842091776,0.02049154378994591,0.015473619516181694
2020-01-15 23:59:00+00:00,0.01906815432376722,0.036278488210293926,0.01607446203388773
2020-01-16 23:59:00+00:00,0.019440653060548443,0.05542721814929158,0.0166021675604888
2020-01-17 23:59:00+00:00,0.02013600229428161,0.005263170044274691,0.017562118946122904
2020-01-21 23:59:00+00:00,0.022152767800104247,0.010963304797269376,0.020311399923884428
2020-01-22 23:59:00+00:00,0.02166986711314639,0.01728244114874796,0.019590920146162927
2020-01-23 23:59:00+00:00,0.02063586596816589,0.004743091896012632,0.018084455691050015
2020-01-24 23:59:00+00:00,0.02082215371562526,0.016684432907904136,0.018267368301510222
2020-01-29 23:59:00+00:00,0.01769862889458641,0.006539532842212135,0.014528935221014578
2020-01-30 23:59:00+00:00,0.01838562589643126,0.012022002714955578,0.015480344433920915
2020-01-31 23:59:00+00:00,0.017567875250550792,0.028720478519415088,0.014278149907427515
2020-02-03 23:59:00+00:00,0.017738870143817167,0.00589340039528669,0.014427403924167673
2020-02-04 23:59:00+00:00,0.018373904675000417,0.0005372011947616347,0.015345288498361104
2020-02-05 23:59:00+00:00,0.01828923250394026,0.0021505384632285844,0.015196755242992212
2020-02-06 23:59:00+00:00,0.01801700007554674,0.05078353820987856,0.014780412027597074
2020-02-07 23:59:00+00:00,0.017882679504391125,0.012380574569554239,0.014560987762405669
2020-02-10 23:59:00+00:00,0.019394508186271905,0.030839448383079712,0.016636769326360525
2020-02-11 23:59:00+00:00,0.019662664636956786,0.00980934296162541,0.01702463721776539
2020-02-12 23:59:00+00:00,0.02065226859487391,0.006006024060211728,0.018404158809401876
2020-02-13 23:59:00+00:00,0.019890858001523327,0.07546796148342533,0.017288441557145255
2020-02-14 23:59:00+00:00,0.019494278801850163,0.013211574279084782,0.016692618022685825
2020-02-18 23:59:00+00:00,0.02116636503730985,0.018065007397639003,0.01895262842734305
2020-02-19 23:59:00+00:00,0.01999724358088939,0.007843177461025893,0.017134640860308227
2020-02-20 23:59:00+00:00,0.020450403005704852,0.04180673118279471,0.01774757634753906
2020-02-21 23:59:00+00:00,0.02067564875763258,0.010887423821233306,0.01803458271075141
2020-02-26 23:59:00+00:00,0.018810358562984013,0.04186657939279007,0.01624333919722196
2020-02-28 23:59:00+00:00,0.021246759601448523,0.024748169689194174,0.019657312101524688
2020-03-02 23:59:00+00:00,0.022165521659912195,0.014888612493750559,0.020772032736753675
2020-03-03 23:59:00+00:00,0.022788213846721247,0.030566425212980457,0.021636900913420114
2020-03-04 23:59:00+00:00,0.022879766895300215,0.036785756816511105,0.021740981270288125
2020-03-05 23:59:00+00:00,0.02322369999615581,0.04016604172533465,0.02220656326752099
2020-03-06 23:59:00+00:00,0.0242502925281928,0.08513485176267244,0.023649966221507283
2020-03-09 23:59:00+00:00,0.025748926793386438,0.03041660806831409,0.025658268307774013
2020-03-10 23:59:00+00:00,0.028644016485052118,0.019898478535130302,0.029782700683743973
2020-03-11 23:59:00+00:00,0.028058843353779048,0.015094626222484888,0.02892212863769695
2020-03-12 23:59:00+00:00,0.028403351461154816,0.029318060756611686,0.02939319886164876
2020-03-13 23:59:00+00:00,0.027982744663835553,0.04854226101566055,0.028768345766787773
2020-03-16 23:59:00+00:00,0.028735367163937993,0.0750426972568307,0.02975167133200728
2020-03-17 23:59:00+00:00,0.030440415942576047,0.030696087157176713,0.03217878438279031
2020-03-18 23:59:00+00:00,0.030972630535019252,0.030696087157176765,0.03292504955530312
2020-03-19 23:59:00+00:00,0.03205505893662633,0.001247660798155252,0.03445985391316196
2020-03-20 23:59:00+00:00,0.032422174292126765,0.03133897019271962,0.03496950703481051
2020-03-23 23:59:00+00:00,0.032316149292182704,0.003623192369420331,0.03466806310557477
2020-03-24 23:59:00+00:00,0.03204848364583362,0.013349712819309632,0.03426667234641969
2020-03-27 23:59:00+00:00,0.029204248608580213,0.03003228709887509,0.030728632889335628
2020-03-30 23:59:00+00:00,0.02835051675903907,0.03285080029183495,0.029451856972362977
2020-03-31 23:59:00+00:00,0.028624439612760275,0.022301019783244926,0.029825500520703062
2020-04-01 23:59:00+00:00,0.027799069625289993,0.0434988209925121,0.030738889077180635
2020-04-02 23:59:00+00:00,0.027476401264336953,0.06565603344053321,0.030440034000189648
2020-04-03 23:59:00+00:00,0.027603147213250624,0.06756686002991537,0.03078944232284674
2020-04-06 23:59:00+00:00,0.028152433161611284,0.037968797342984424,0.03208151287974132
2020-04-07 23:59:00+00:00,0.027351830342088625,0.02844332814753424,0.031093255151078657
2020-04-08 23:59:00+00:00,0.027754004599685748,0.005206838491967754,0.03135304350059117
2020-04-09 23:59:00+00:00,0.027966260653789696,0.043871884329012116,0.03182930676364561
2020-04-13 23:59:00+00:00,0.02734906337289173,0.03202244056840618,0.03166703655792809
2020-04-14 23:59:00+00:00,0.027872408470190152,0.05360601223558067,0.032581924964225226
2020-04-15 23:59:00+00:00,0.027237326801542304,0.03896974635943366,0.03186347038636681
2020-04-16 23:59:00+00:00,0.026565513356452304,0.09307774630441726,0.0309708227990386
2020-04-17 23:59:00+00:00,0.026160131666417882,0.055020551498043864,0.030576753043723637
2020-04-20 23:59:00+00:00,0.028038279833058167,0.06278657551504392,0.03373096898973419
2020-04-21 23:59:00+00:00,0.029834483234381357,0.06608690854370072,0.036422259401019244
2020-04-22 23:59:00+00:00,0.03077570017377234,0.0387580102994036,0.037915348941948104
2020-04-23 23:59:00+00:00,0.033717193637302086,0.04095944211857481,0.04078402504285487
2020-04-28 23:59:00+00:00,0.03142454231802747,0.041912892051997955,0.03413209017664095
2020-04-29 23:59:00+00:00,0.03205716352018377,0.030739591453872794,0.035131610592802856
2020-04-30 23:59:00+00:00,0.032561386902352045,0.053064212159106755,0.03595844432073402
2020-05-01 23:59:00+00:00,0.03271470678327394,0.06835711164890378,0.036313335740575645
2020-05-04 23:59:00+00:00,0.0331460869495097,0.09325044684131423,0.037030820739496456
2020-05-05 23:59:00+00:00,0.03337822845297604,0.026056711274360912,0.03748857140738156
2020-05-06 23:59:00+00:00,0.03469125719309227,0.03820749906736053,0.03938212897989618
2020-05-07 23:59:00+00:00,0.03452183879444922,0.0016442864762507459,0.03930646370898454
2020-05-08 23:59:00+00:00,0.03518662571102471,0.05980349134741507,0.04033892305168363
2020-05-11 23:59:00+00:00,0.03488613507872603,0.062370330726457965,0.03999355593490232
2020-05-12 23:59:00+00:00,0.03595910242268925,0.0394348943275749,0.041553133589345495
2020-05-13 23:59:00+00:00,0.036555310419678855,0.021040752171600546,0.04248887487869675
2020-05-14 23:59:00+00:00,0.035879561801364784,0.07994923662612524,0.04176026958211815
2020-05-15 23:59:00+00:00,0.035381901509002334,0.02601862797232639,0.04126469164962208
2020-05-18 23:59:00+00:00,0.03581034045444615,0.03277160805263317,0.041566139433790825
2020-05-19 23:59:00+00:00,0.0354485944074765,0.03505098828612795,0.04125522781270306
2020-05-20 23:59:00+00:00,0.035275136997616724,0.012205905679503764,0.04118445175662895
2020-05-21 23:59:00+00:00,0.03435219406340266,0.035190918428923475,0.04015781276255219
2020-05-27 23:59:00+00:00,0.03194825849986871,0.011969675009118044,0.03348126749819518
2020-05-28 23:59:00+00:00,0.03149883878679519,0.041408068517600004,0.03321617548367141
2020-05-29 23:59:00+00:00,0.03040363518431515,0.0016896652851264519,0.03196042187883373
2020-06-01 23:59:00+00:00,0.030997592832707074,0.024459251572956697,0.03319437457107341
2020-06-02 23:59:00+00:00,0.029235315975602263,0.0005489980922957414,0.031078686205706446
2020-06-03 23:59:00+00:00,0.028662290324483024,0.022198469789149078,0.0304960805174491
2020-06-04 23:59:00+00:00,0.025920798045581013,0.003920475477964578,0.02737727742636507
2020-06-05 23:59:00+00:00,0.025873670701192716,0.01237361118902276,0.027463433181919794
2020-06-08 23:59:00+00:00,0.024774782038121595,0.007330170966434613,0.02647005738961178
2020-06-09 23:59:00+00:00,0.02498794962070738,0.018369567468720278,0.02689652243122344
2020-06-10 23:59:00+00:00,0.02288829047203884,0.04628365557864176,0.02429920048306816
2020-06-11 23:59:00+00:00,0.021219725683376142,0.036474631514374245,0.02236424830864339
2020-06-12 23:59:00+00:00,0.022296375490044287,0.03350907483194099,0.023929753998067356
2020-06-15 23:59:00+00:00,0.022306951591884262,0.014760415583120455,0.024381325208955903
2020-06-16 23:59:00+00:00,0.020946053120385406,0.0,0.02273277044531117
2020-06-17 23:59:00+00:00,0.020895169461938402,0.018748659248820496,0.02281155246562969
2020-06-18 23:59:00+00:00,0.0193144929199173,0.003000302280681277,0.020859583995852526
2020-06-19 23:59:00+00:00,0.01876334509082446,0.016359044010018912,0.020281346532312405
2020-06-22 23:59:00+00:00,0.01795172005763207,0.024738429156122545,0.01965449094160119
2020-06-23 23:59:00+00:00,0.017190294303061137,0.07473434235898023,0.018799521804526317
2020-06-26 23:59:00+00:00,0.020584871025189893,0.022486154520197168,0.01885422222988642
2020-06-29 23:59:00+00:00,0.02266137911124646,0.03700862874509335,0.02212007356726568
2020-07-01 23:59:00+00:00,0.023206747038148567,0.05388508849497942,0.023110941128671517
2020-07-02 23:59:00+00:00,0.02372727325063712,0.024825883730703345,0.023932583963497366
2020-07-06 23:59:00+00:00,0.025319702677359383,0.028109958931893206,0.02657464631670143
2020-07-07 23:59:00+00:00,0.0255397321954577,0.02498048296844159,0.0270007765106245
2020-07-08 23:59:00+00:00,0.02647478131802524,0.014509183101146118,0.02824746013629813
2020-07-09 23:59:00+00:00,0.026728270178423063,0.03725035641269822,0.028724165334208452
2020-07-10 23:59:00+00:00,0.027028461342321685,0.004017222045264324,0.029262107526913567
2020-07-13 23:59:00+00:00,0.027511803919895224,0.01816167967430231,0.030328852582253506
2020-07-14 23:59:00+00:00,0.02580965985695438,0.03142217954592023,0.028241292761737685
2020-07-15 23:59:00+00:00,0.025155532696495522,0.0029061339837290028,0.02761079381211512
2020-07-16 23:59:00+00:00,0.024944581868950873,0.04585501145410971,0.02747702800759435
2020-07-17 23:59:00+00:00,0.024369907211226803,0.020507353169075964,0.02686386041923996
2020-07-20 23:59:00+00:00,0.025759078888961146,0.003575689149448703,0.029127667431079328
2020-07-21 23:59:00+00:00,0.025991023619988254,0.06002956080512383,0.029577654746959132
2020-07-22 23:59:00+00:00,0.02573656390074905,0.012802846738382528,0.029469576684924392
2020-07-23 23:59:00+00:00,0.02685869421917051,0.041790383611634625,0.031100306878842736
2020-07-24 23:59:00+00:00,0.026554587051608947,0.03735578654376903,0.030845437251497593
2020-07-29 23:59:00+00:00,0.027341551608231186,0.016538414440332643,0.028353443379927644
2020-07-30 23:59:00+00:00,0.028544715342756162,0.15518246689446738,0.030091306219301485
2020-07-31 23:59:00+00:00,0.02769129295999468,0.04285704757288792,0.029092582041208116
2020-08-03 23:59:00+00:00,0.031045082943997847,0.0009124088224218123,0.03391448253615232
2020-08-04 23:59:00+00:00,0.03165718906182649,0.0119376991588762,0.03485685971313026
2020-08-05 23:59:00+00:00,0.03033075128877749,0.0331622484352804,0.03325095387042725
2020-08-06 23:59:00+00:00,0.029548223359027286,0.0387203915075075,0.032360036336442966
2020-08-07 23:59:00+00:00,0.03041836988770072,0.008325672513928767,0.03330930373462539
2020-08-10 23:59:00+00:00,0.03049810329696964,0.008790248596616628,0.033873118639216715
2020-08-11 23:59:00+00:00,0.030485651440221143,0.013844245111340947,0.0340103836837066
2020-08-12 23:59:00+00:00,0.030043653992114453,0.07672337837846126,0.033589958134637624
2020-08-13 23:59:00+00:00,0.029558501191624356,0.007241778187298228,0.03311350283093923
2020-08-14 23:59:00+00:00,0.03213956714581845,0.03280361411930401,0.036639024040626376
2020-08-17 23:59:00+00:00,0.030260145809125876,0.0037167088005125187,0.03465217422173504
2020-08-18 23:59:00+00:00,0.030725716191626125,0.030977780485477977,0.035409459709927586
2020-08-19 23:59:00+00:00,0.030662022588393754,0.040005334613699206,0.03547874498062943
2020-08-20 23:59:00+00:00,0.02920241170842123,0.026205893911375386,0.03373345110767984
2020-08-21 23:59:00+00:00,0.029817059697173527,0.009596235176000173,0.034869298685712195
2020-08-24 23:59:00+00:00,0.028767942493710466,0.011313251976536206,0.03396187427601706
2020-08-27 23:59:00+00:00,0.027324974609137916,0.010213820588003275,0.027565502676813097
2020-08-28 23:59:00+00:00,0.027302763145061616,0.03995101778361591,0.027691834249103743
2020-08-31 23:59:00+00:00,0.022196140074089644,0.016357835317537824,0.021471692818369987
2020-09-01 23:59:00+00:00,0.022003180508469083,0.0004021717327481336,0.021391533895163455
2020-09-02 23:59:00+00:00,0.022450879304007812,0.03980821181738657,0.022145116970503136
2020-09-03 23:59:00+00:00,0.02191826850967761,0.07541663928475421,0.021604391376890138
2020-09-04 23:59:00+00:00,0.022153850773625507,0.0024968801985873674,0.02207791571517014
2020-09-08 23:59:00+00:00,0.023071837206581017,0.03510616376421514,0.023939873356420133
2020-09-09 23:59:00+00:00,0.02267320634117586,0.023520247990567362,0.023542746553769516
2020-09-10 23:59:00+00:00,0.023649126182575413,0.017908318735997467,0.024994234362716156
2020-09-11 23:59:00+00:00,0.023973048962493096,0.02226119324146847,0.025585950998109352
2020-09-14 23:59:00+00:00,0.02158562425047308,0.04105134624977867,0.022931422424218362
2020-09-15 23:59:00+00:00,0.022015050264904187,0.10452765178291813,0.023662263367235162
2020-09-16 23:59:00+00:00,0.022267609296416205,0.0029339874347875704,0.024124871595077167
2020-09-17 23:59:00+00:00,0.026008426879997194,0.10981922567072776,0.029214508640890792
2020-09-18 23:59:00+00:00,0.02509587592111593,0.0005451076722603845,0.028176786266015323
2020-09-21 23:59:00+00:00,0.02784518674601007,0.147272428542107,0.03228862150705321
2020-09-22 23:59:00+00:00,0.027112078612540114,0.05626912965506451,0.031487181875898974
2020-09-23 23:59:00+00:00,0.03319103456860649,0.049702501931176264,0.038467071565348884
2020-09-28 23:59:00+00:00,0.02244830209140535,0.013364978811330927,0.021383736141812403
2020-09-29 23:59:00+00:00,0.025714879965870963,0.0,0.02568691100460719
2020-09-30 23:59:00+00:00,0.025876963635740723,0.035854797346977406,0.026028754388127563
2020-10-01 23:59:00+00:00,0.025368003505734538,0.07008606645780655,0.025514346558653138
2020-10-02 23:59:00+00:00,0.026597880278790093,0.03700519599355441,0.02723880372505168
2020-10-05 23:59:00+00:00,0.028269473358125626,0.03355757717932132,0.029728530471730814
2020-10-06 23:59:00+00:00,0.0283569673112637,0.008026032000749488,0.029962728524535805
2020-10-07 23:59:00+00:00,0.029322906036728626,0.0424803066172461,0.031311031168533586
2020-10-08 23:59:00+00:00,0.02849932252097006,0.049814638781742485,0.03038973758087791
2020-10-09 23:59:00+00:00,0.029409891756622713,0.009065612994417872,0.03153934459275769
2020-10-12 23:59:00+00:00,0.031017939414462847,0.07980922646771273,0.03395713705866181
2020-10-13 23:59:00+00:00,0.03126001848262455,0.05138813055813704,0.03439217286234921
2020-10-14 23:59:00+00:00,0.033190709416472966,0.0007209805647567291,0.03695793095360954
2020-10-15 23:59:00+00:00,0.033808618717861186,0.007902339973421397,0.03786719643112066
2020-10-16 23:59:00+00:00,0.03298641844434072,0.04135137137023508,0.03682834801716128
2020-10-19 23:59:00+00:00,0.03184374187962626,0.03706623782002365,0.0357822272969605
2020-10-20 23:59:00+00:00,0.03169126475861747,0.005306811790929039,0.03572021075492235
2020-10-21 23:59:00+00:00,0.03015204728126105,0.012044307525921491,0.03391765623821559
2020-10-22 23:59:00+00:00,0.028790752279584365,0.017681861836816002,0.032338417372524624
2020-10-23 23:59:00+00:00,0.027673209289939077,0.0016548075925847349,0.03132815512083205
2020-10-28 23:59:00+00:00,0.01913716318424151,0.015928210529961236,0.017354037417879
2020-10-29 23:59:00+00:00,0.01844777247311205,0.03334652714785057,0.016615601385886247
2020-10-30 23:59:00+00:00,0.018043513881682984,0.058719071084400144,0.016238986033000263
2020-11-02 23:59:00+00:00,0.017819936149312265,0.004258810695796449,0.015142279711109308
2020-11-03 23:59:00+00:00,0.019334433843639337,0.03473963229372418,0.017039359390029322
2020-11-04 23:59:00+00:00,0.018831218982281295,0.01852540114866605,0.016403600605248803
2020-11-05 23:59:00+00:00,0.020186659257954036,0.010092307690405032,0.018140582219935013
2020-11-06 23:59:00+00:00,0.020228861903678307,0.030994216492964476,0.018201097923007056
2020-11-09 23:59:00+00:00,0.019797955101764908,0.027426468242527105,0.017670927340020605
2020-11-10 23:59:00+00:00,0.020720752884386556,0.0183124811048207,0.018852425392891926
2020-11-11 23:59:00+00:00,0.021084124148468653,0.006364114596567206,0.01932254355037887
2020-11-12 23:59:00+00:00,0.020921930300536302,0.10480418740981975,0.019121842166656824
2020-11-13 23:59:00+00:00,0.021046340137461234,0.0018556323751114743,0.019286955309031944
2020-11-16 23:59:00+00:00,0.025029384030573337,0.007401958295667739,0.024389780987532656
2020-11-17 23:59:00+00:00,0.024951642449888563,0.04525659158812095,0.024176751255416424
2020-11-18 23:59:00+00:00,0.024199083356573663,0.022129861508102623,0.02321505130776918
2020-11-19 23:59:00+00:00,0.02506941556172629,0.022757930518397564,0.02432979419283881
2020-11-20 23:59:00+00:00,0.025002668241078923,0.02333317668186938,0.02424557072269382
2020-11-25 23:59:00+00:00,0.02412974137760584,0.013624664908467662,0.02309452934718107
2020-11-27 23:59:00+00:00,0.025651177972449382,0.0006942034294759061,0.025040016684878336
2020-11-30 23:59:00+00:00,0.025589283622517167,0.03533936644530885,0.024966080187578826
2020-12-01 23:59:00+00:00,0.02454157217199386,0.10336410852638922,0.023627238175896646
2020-12-02 23:59:00+00:00,0.023779429506224813,0.026762714939543224,0.022653794673412334
2020-12-03 23:59:00+00:00,0.027596380120958792,0.06788391656321231,0.027539513472625853
2020-12-04 23:59:00+00:00,0.027598781389336212,0.0029136336949296356,0.027392154240288208
2020-12-07 23:59:00+00:00,0.029549492069317698,0.017765391830955515,0.029919607187177982
2020-12-08 23:59:00+00:00,0.029239537453205865,0.044451762570833796,0.029534603956484756
2020-12-09 23:59:00+00:00,0.02897221784806529,0.014774763320626157,0.02920410437895875
2020-12-10 23:59:00+00:00,0.02972166236824496,0.034518883279513794,0.03017341352616095
2020-12-11 23:59:00+00:00,0.029583738329371598,0.0,0.029999396160979103
2020-12-14 23:59:00+00:00,0.03054911068268335,0.0018660203212713161,0.031274886827836496
2020-12-15 23:59:00+00:00,0.027164095789991592,0.015434147897954663,0.026962158178094442
2020-12-16 23:59:00+00:00,0.026952112096247566,0.02398915637002258,0.026705072336287772
2020-12-17 23:59:00+00:00,0.027462413790756784,0.0018501392881613734,0.027371183071028333
2020-12-18 23:59:00+00:00,0.02662981455667308,0.027349015404100764,0.02644725596803222
2020-12-21 23:59:00+00:00,0.025955617799298607,0.06386728363813908,0.025628990937873224
2020-12-22 23:59:00+00:00,0.02626979899691045,0.03511870844225118,0.026048800254473002
2020-12-23 23:59:00+00:00,0.02769518692030294,0.08838425917354344,0.027896635050326156
2020-12-29 23:59:00+00:00,0.02969930183875403,0.04717665759164085,0.030102970694506792
2020-12-30 23:59:00+00:00,0.02992628716677296,0.016406618013935358,0.030502761874895663
2020-12-31 23:59:00+00:00,0.03052727524514586,0.04581531880153037,0.031267410834216615
2021-01-04 23:59:00+00:00,0.027303277239001597,0.005167970158442598,0.027114819695890913
2021-01-05 23:59:00+00:00,0.02800895694928182,0.004775032029751708,0.02801361179606927
2021-01-06 23:59:00+00:00,0.025834978340370317,0.010683468715917997,0.025222649476577392
2021-01-07 23:59:00+00:00,0.025819035860443897,0.01725763410285333,0.025234830144540733
2021-01-08 23:59:00+00:00,0.025696649862636582,0.002181819047333565,0.025071985322636863
2021-01-11 23:59:00+00:00,0.024614240891137954,0.009489122297018884,0.023666272596667915
2021-01-12 23:59:00+00:00,0.024206433525559158,0.022622882106934545,0.023137427193769593
2021-01-13 23:59:00+00:00,0.023473449430026494,0.02628320830202522,0.022191602245792915
2021-01-14 23:59:00+00:00,0.024270706311608766,0.0723389299233274,0.023285418988450414
2021-01-15 23:59:00+00:00,0.025285479621750505,0.002753197412673261,0.02458092616699883
2021-01-19 23:59:00+00:00,0.027481771540278605,0.019086066442498075,0.02737047506903157
2021-01-20 23:59:00+00:00,0.026950819444793432,0.018230199015062742,0.026680737345531603
2021-01-21 23:59:00+00:00,0.027583935406469404,0.06182634282533278,0.02748606476601123
2021-01-22 23:59:00+00:00,0.027435321637010967,0.020540851523873922,0.027294183121945315
2021-01-27 23:59:00+00:00,0.023049352220861713,0.03826021361971908,0.021803548909073114
2021-01-28 23:59:00+00:00,0.021810270725484398,0.10575045522213553,0.020204266835487365
2021-01-29 23:59:00+00:00,0.023031337059104855,0.00175592670226492,0.021767553811329186
2021-02-01 23:59:00+00:00,0.025524186943978518,0.019879958932942355,0.02495290763256603
2021-02-02 23:59:00+00:00,0.025204729582807887,0.05102434463470773,0.02435266480322483
2021-02-03 23:59:00+00:00,0.024310615842995126,0.024837427164081813,0.023206481252902252
2021-02-04 23:59:00+00:00,0.02613224607846676,0.006614471461352432,0.025552359387004963
2021-02-05 23:59:00+00:00,0.026994019776931888,0.016442560397614995,0.026663998113442396
2021-02-08 23:59:00+00:00,0.02673394579930207,0.026454727583770734,0.026340139679980952
2021-02-09 23:59:00+00:00,0.026675941609075403,0.014881742026112268,0.02628521591585555
2021-02-10 23:59:00+00:00,0.02764336383460574,0.015225207597065596,0.0275340151281514
2021-02-11 23:59:00+00:00,0.02795932899697119,0.07187333435230561,0.027944520562185195
2021-02-12 23:59:00+00:00,0.027685829853884736,0.028357287629926016,0.027596504387185743
2021-02-16 23:59:00+00:00,0.029503295285166715,0.04349201541874712,0.029950903761781656
2021-02-17 23:59:00+00:00,0.02816440790841976,0.004226961260324846,0.028171506875166324
2021-02-18 23:59:00+00:00,0.029794054600375274,0.038530172875813506,0.03026708747951818
2021-02-19 23:59:00+00:00,0.02940051879080806,0.02537859113174672,0.029762717556439323
2021-02-24 23:59:00+00:00,0.02369075015075564,0.0021629424438212265,0.02238732938390913
2021-02-25 23:59:00+00:00,0.02311705908894756,0.0021629424438211996,0.02165144562422358
2021-02-26 23:59:00+00:00,0.02246607830098403,0.022080669166171667,0.020925467748417827
2021-03-01 23:59:00+00:00,0.02133370155915052,0.008134439195038246,0.019457634777711813
2021-03-02 23:59:00+00:00,0.01890227585865122,0.025172130950016587,0.01632858555952884
2021-03-03 23:59:00+00:00,0.0191805860049336,0.016523232535300744,0.016682106592112212
2021-03-04 23:59:00+00:00,0.019522830549676216,0.01379332213233576,0.017117796532171454
2021-03-05 23:59:00+00:00,0.018487232458431792,0.0007510327052228802,0.015876891151114424
2021-03-08 23:59:00+00:00,0.018401255161631408,0.011206691809561645,0.015728841327128852
2021-03-09 23:59:00+00:00,0.018153686407253483,0.008955283729104055,0.015398164049279583
2021-03-10 23:59:00+00:00,0.018065623147493468,0.02581768302594098,0.015272472046612317
2021-03-11 23:59:00+00:00,0.017659547724829895,0.045641280956204025,0.014738093115133197
2021-03-12 23:59:00+00:00,0.018045735317952324,0.03091803940331009,0.015276557118422355
2021-03-15 23:59:00+00:00,0.01931714483107504,0.013359727189931416,0.016858329606786602
2021-03-16 23:59:00+00:00,0.019111028722849453,0.01876677157494708,0.01657777829326154
2021-03-17 23:59:00+00:00,0.019009318031519864,0.02153193233348272,0.01643111654038243
2021-03-18 23:59:00+00:00,0.018948136474922942,0.01837065538130419,0.016336429370853934
2021-03-19 23:59:00+00:00,0.019576166995311936,0.029078669653776455,0.017060734645867937
2021-03-22 23:59:00+00:00,0.019606742741629084,0.003979312851481054,0.017051283970156053
2021-03-23 23:59:00+00:00,0.019689444049924662,0.020440963284973024,0.017141418077663225
2021-03-24 23:59:00+00:00,0.0190040468613155,0.005071202598078845,0.016243382888158596
2021-03-29 23:59:00+00:00,0.01935722206829005,0.0057350568203301195,0.017104304278149587
2021-03-30 23:59:00+00:00,0.01905544192669067,0.011816413456780457,0.016671659953051622
2021-03-31 23:59:00+00:00,0.018933452144965505,0.0,0.016504181857391005
2021-04-01 23:59:00+00:00,0.017984822392725794,0.04971897734573889,0.015887128517032854
2021-04-02 23:59:00+00:00,0.01727635390482656,0.02214706989055204,0.015126244268488517
2021-04-05 23:59:00+00:00,0.01827633118784399,0.02572489123843592,0.016858086511006613
2021-04-06 23:59:00+00:00,0.019035546056496638,0.0007933360193958741,0.017928361768759043
2021-04-07 23:59:00+00:00,0.01945869764683629,0.001584786385571545,0.018624628984123086
2021-04-08 23:59:00+00:00,0.019011066082682646,0.013760783289088906,0.01820397215074762
2021-04-09 23:59:00+00:00,0.017974749459168392,0.022394758308186654,0.017028228937323715
2021-04-12 23:59:00+00:00,0.016444208362835076,0.00038189803786673013,0.015525570752711155
2021-04-13 23:59:00+00:00,0.016053553370913257,0.015163292803345366,0.01519989551703595
2021-04-14 23:59:00+00:00,0.015314564762132651,0.008242834231711823,0.014403754967682106
2021-04-15 23:59:00+00:00,0.015110045888144293,0.025420414660343407,0.014293362433838386
2021-04-16 23:59:00+00:00,0.014468421821165773,0.00803510531965727,0.013622144844524151
2021-04-19 23:59:00+00:00,0.014306902317554122,0.01291769208097001,0.01387095061093481
2021-04-20 23:59:00+00:00,0.013501468357281762,0.020952797400627214,0.013016115481156299
2021-04-21 23:59:00+00:00,0.013673120857061112,0.006935599986240297,0.013388668674336437
2021-04-22 23:59:00+00:00,0.013649117724895462,0.02173998663640582,0.013510356156005921
2021-04-23 23:59:00+00:00,0.013755974486769702,0.0293151841638782,0.013799829558786812
2021-04-28 23:59:00+00:00,0.01627026317884234,0.00684699696526916,0.013516932160249708
2021-04-29 23:59:00+00:00,0.016358408894522294,0.011870581986985115,0.013792272390988064
2021-04-30 23:59:00+00:00,0.016509054707082565,0.0003370975929443155,0.01413462223925152
2021-05-03 23:59:00+00:00,0.01492622480134515,0.00982226355699913,0.01254936375194366
2021-05-04 23:59:00+00:00,0.014123238262762641,0.003409481652620544,0.011667405839117318
2021-05-05 23:59:00+00:00,0.013464060008517879,0.010193768189543024,0.010970074211685683
2021-05-06 23:59:00+00:00,0.013277807444099803,0.008828580264203039,0.010948388180779041
2021-05-07 23:59:00+00:00,0.013533356193420247,0.007813866833656506,0.011419703602954464
2021-05-10 23:59:00+00:00,0.012975584555021813,0.004726544923561185,0.011137034595323529
2021-05-11 23:59:00+00:00,0.012393251024100464,0.0013463482343378822,0.01053500006561093
2021-05-12 23:59:00+00:00,0.012421905959047871,0.004044494896506414,0.010715658350759048
2021-05-13 23:59:00+00:00,0.011790710770091271,0.048774081957162485,0.010100685994105624
2021-05-14 23:59:00+00:00,0.01149393744015336,0.0316968211389696,0.00986527118345121
2021-05-17 23:59:00+00:00,0.012165889010956152,0.016064602503806674,0.01115532462280806
2021-05-18 23:59:00+00:00,0.01308478134241519,0.01324522675002068,0.012473308615064677
2021-05-19 23:59:00+00:00,0.013222094631261012,0.006516915535728542,0.012792577263350351
2021-05-20 23:59:00+00:00,0.01295164409937008,0.006906104796412047,0.01247389042659116
2021-05-21 23:59:00+00:00,0.012916709392326184,0.009312017625618394,0.012569606570713886
2021-05-26 23:59:00+00:00,0.014791918432249557,0.009421334828390615,0.011041265516313233
2021-05-27 23:59:00+00:00,0.014928302515812475,0.03875690320397369,0.011356938784854779
2021-05-28 23:59:00+00:00,0.014962770381997975,0.009386701062491091,0.01154176126915615
2021-06-01 23:59:00+00:00,0.015612276388879305,0.011118492563253646,0.012878798132230515
2021-06-02 23:59:00+00:00,0.015837862627273113,0.01824749229583807,0.013314943672022244
2021-06-03 23:59:00+00:00,0.015766938747938296,0.008756339391959994,0.013370363620429909
2021-06-04 23:59:00+00:00,0.01625880593060176,0.018716261083959046,0.014148419819992642
2021-06-07 23:59:00+00:00,0.015866686024228097,0.0003196420036804853,0.014084392496394394
2021-06-08 23:59:00+00:00,0.016129210171882645,0.006371477432142605,0.014585565568588796
2021-06-09 23:59:00+00:00,0.015755123274478647,0.045624669928337545,0.014250199393520088
2021-06-10 23:59:00+00:00,0.015644581622713524,0.016847570572611444,0.01425300023618797
2021-06-11 23:59:00+00:00,0.017219425859222457,0.03398385281559851,0.01641839717574747
2021-06-14 23:59:00+00:00,0.01744747179489088,0.0033893115175300885,0.017144939147520653
2021-06-15 23:59:00+00:00,0.01683586647644767,0.0006150061694462856,0.016481997310313065
2021-06-16 23:59:00+00:00,0.01578233394179931,0.011750289801631807,0.015273612161753564
2021-06-17 23:59:00+00:00,0.015056141415113102,0.007493010393476234,0.014485477478151623
2021-06-18 23:59:00+00:00,0.014922643080290964,0.020779162883747065,0.014458264171863647
2021-06-21 23:59:00+00:00,0.01469483818592919,0.022759289145749245,0.014598329810828875
2021-06-22 23:59:00+00:00,0.015125845475258082,0.02518278536779647,0.015350947270132712
2021-06-23 23:59:00+00:00,0.015715096046022482,0.02256387309988991,0.016252982742320458
2021-06-28 23:59:00+00:00,0.019202143087044495,0.00549451931764078,0.01707623318046513
2021-06-29 23:59:00+00:00,0.017975072149916952,0.003009166543699039,0.015647923788089376
2021-06-30 23:59:00+00:00,0.01767439181061366,0.010596485512079545,0.015408175761550888
2021-07-01 23:59:00+00:00,0.017171636623158966,0.017173653645326827,0.014989799739630449
2021-07-02 23:59:00+00:00,0.016782881115060135,0.011337049395478171,0.01462862360308242
2021-07-06 23:59:00+00:00,0.01670819203648279,0.025262189084973675,0.015084273311580665
2021-07-07 23:59:00+00:00,0.016404547055784646,0.0038033189014135297,0.014832356482168699
2021-07-08 23:59:00+00:00,0.017231488443751247,0.020208150960841068,0.016031812204077477
2021-07-09 23:59:00+00:00,0.016986762359445684,0.014237983974337277,0.01587332380455514
2021-07-12 23:59:00+00:00,0.015710775502414374,0.00978800636616282,0.014644666497282752
2021-07-13 23:59:00+00:00,0.015505889969456708,0.012647955243238236,0.014517971615308208
2021-07-14 23:59:00+00:00,0.014474868781790825,0.016465794622897073,0.013331237331684162
2021-07-15 23:59:00+00:00,0.014682472742335953,0.028178437574417927,0.013733820073048422
2021-07-16 23:59:00+00:00,0.01516462669328554,0.02534426966116783,0.014496003777644862
2021-07-19 23:59:00+00:00,0.015477147393404033,0.021187774095473864,0.015305932161817266
2021-07-20 23:59:00+00:00,0.016104929294618243,0.011052611886443072,0.016247613569542525
2021-07-21 23:59:00+00:00,0.016079984551795753,0.01413889360320455,0.016351951672961475
2021-07-22 23:59:00+00:00,0.015522511514051297,0.010291686036547724,0.015773141622125682
2021-07-23 23:59:00+00:00,0.015020700004617343,0.03245670750107452,0.015227995539892899
2021-07-28 23:59:00+00:00,0.017244034834938284,0.03637676888287619,0.014702894992994472
2021-07-29 23:59:00+00:00,0.017837509015309654,0.005351012895482082,0.015600256639242485
2021-07-30 23:59:00+00:00,0.019062671469584118,0.023110799999950478,0.017308841455470597
2021-08-02 23:59:00+00:00,0.018571129917832243,0.03201250756650421,0.017083237417486123
2021-08-03 23:59:00+00:00,0.018737687661394095,0.004338401598598353,0.017414129807791584
2021-08-04 23:59:00+00:00,0.019509674614678674,0.0,0.018541345912959743
2021-08-05 23:59:00+00:00,0.018573967452457214,0.019512814223581715,0.017473842375292033
2021-08-06 23:59:00+00:00,0.018362637654841474,0.007117467768864175,0.017337304879194795
2021-08-09 23:59:00+00:00,0.018016694868537502,0.007363803525744609,0.017297888399481216
2021-08-10 23:59:00+00:00,0.0176440244753663,0.03153414440708828,0.016979351779213857
2021-08-11 23:59:00+00:00,0.017465901684492323,0.01847627616757312,0.01688369142556103
2021-08-12 23:59:00+00:00,0.018084388562618774,0.02177619031832421,0.017812024268648103
2021-08-13 23:59:00+00:00,0.018088480472801906,0.028011596335608246,0.017950589811929967
2021-08-16 23:59:00+00:00,0.017616753083019823,0.003901682671063659,0.017744129918064018
2021-08-17 23:59:00+00:00,0.01761615871686508,0.005727690743324409,0.017856181946266328
2021-08-18 23:59:00+00:00,0.016805979583933962,0.005468051640217255,0.016947241765766775
2021-08-19 23:59:00+00:00,0.016493449881296245,0.024116099465065616,0.01667806503167945
2021-08-20 23:59:00+00:00,0.016021309060774636,0.012498568517548879,0.016203696946719078
2021-08-23 23:59:00+00:00,0.016266823375723327,0.00025664057628353514,0.01691712964966117
2021-08-24 23:59:00+00:00,0.015236681789140437,0.07106070040604962,0.01579711529268239
2021-08-27 23:59:00+00:00,0.02010068846491916,0.016586420329064114,0.018116571227653283
2021-08-30 23:59:00+00:00,0.02034888516982321,0.052948309746057236,0.018842325133589632
2021-08-31 23:59:00+00:00,0.0199709484767338,0.005617992304223274,0.018492168622436155
2021-09-01 23:59:00+00:00,0.02068143873602044,0.015182586090246768,0.019540912237550462
2021-09-02 23:59:00+00:00,0.020652848940472184,0.031036973995576558,0.019641327960483745
2021-09-03 23:59:00+00:00,0.02108531070745248,0.0730128017452784,0.0203281855106641
2021-09-07 23:59:00+00:00,0.02113977905401867,0.023530497410194036,0.020919985272388204
2021-09-08 23:59:00+00:00,0.023609619936762152,0.018658380586193703,0.024228242021290973
2021-09-09 23:59:00+00:00,0.024118388331528295,0.05764207346548623,0.025013279694840313
2021-09-10 23:59:00+00:00,0.023595293638435155,0.005528562361144567,0.02441222132666967
2021-09-13 23:59:00+00:00,0.024795317390520905,0.03731776300719528,0.02636115206164774
2021-09-14 23:59:00+00:00,0.024060405312320957,0.023159905003097017,0.02555266205665102
2021-09-15 23:59:00+00:00,0.02432084646483685,0.04406843313708775,0.02602299168532992
2021-09-16 23:59:00+00:00,0.024965233178712545,0.02378704820282726,0.026986610637816412
2021-09-17 23:59:00+00:00,0.026420967248977665,0.03677636099154596,0.02890468781076614
2021-09-20 23:59:00+00:00,0.02681211241419499,0.0,0.029808695737002844
2021-09-21 23:59:00+00:00,0.02720530857549703,0.034969313014622576,0.030446331562567645
2021-09-22 23:59:00+00:00,0.026663609467780524,0.03242672403019526,0.029887666532661387
2021-09-23 23:59:00+00:00,0.02783520599816167,0.10446517332423456,0.03152135085508713
2021-09-28 23:59:00+00:00,0.03153441766992271,0.0687859241421386,0.03294170136037965
2021-09-29 23:59:00+00:00,0.03364654137798759,0.04318971781366169,0.03574028390564534
2021-09-30 23:59:00+00:00,0.03419688373408946,0.025824887086149297,0.036560143144437715
2021-10-01 23:59:00+00:00,0.03555990085660501,0.09047398432736271,0.03840963338686855
2021-10-04 23:59:00+00:00,0.03570435650023562,0.10638202017610685,0.038960436877503925
2021-10-05 23:59:00+00:00,0.038388180396814235,0.0003523608211227516,0.041916342088379285
2021-10-06 23:59:00+00:00,0.03964314115854603,0.019925939461080837,0.04361059223144494
2021-10-07 23:59:00+00:00,0.03866977909071556,0.040335440250499746,0.0425318936792353
2021-10-08 23:59:00+00:00,0.038571850419072976,0.02949522569763476,0.04254259378217317
2021-10-11 23:59:00+00:00,0.03751936202135995,0.015322516992364402,0.0416305567539116
2021-10-12 23:59:00+00:00,0.038330230776750365,0.0172035811576548,0.042802802462912654
2021-10-13 23:59:00+00:00,0.03733764811209482,0.04993377546627253,0.04170041640181097
2021-10-14 23:59:00+00:00,0.0369988281742288,0.08101360397948987,0.041412597560912194
2021-10-15 23:59:00+00:00,0.03709540532236588,0.019649337158920754,0.041667269411967744
2021-10-18 23:59:00+00:00,0.03904416215121252,0.015987862482516615,0.044498376954734284
2021-10-19 23:59:00+00:00,0.03823517456536053,0.010695289116747919,0.04365582370170399
2021-10-20 23:59:00+00:00,0.038661246305916094,0.03174869831458027,0.04432115466445874
2021-10-21 23:59:00+00:00,0.03746018196627709,0.11068721267491431,0.04295631705273113
2021-10-22 23:59:00+00:00,0.03739673466121506,0.0027164702612812036,0.043010877843820475
2021-10-27 23:59:00+00:00,0.036443284727967123,0.06354742935741432,0.03847260092667808
2021-10-28 23:59:00+00:00,0.03629476671160779,0.04523952712026744,0.03852720164835323
2021-10-29 23:59:00+00:00,0.037173340258406164,0.06639275932431403,0.03976456458386101
2021-11-01 23:59:00+00:00,0.03813494826447823,0.022833671298874068,0.04080101039651429
2021-11-02 23:59:00+00:00,0.037394811370087405,0.008080142327960413,0.039854810934983276
2021-11-03 23:59:00+00:00,0.03421660312720899,0.03561630013656567,0.03585096916651727
2021-11-04 23:59:00+00:00,0.034453805686202855,0.016266464849787707,0.03613449429690763
2021-11-05 23:59:00+00:00,0.03515594216154172,0.08615742742122205,0.036987027240700625
2021-11-08 23:59:00+00:00,0.034376164369677525,0.02008384779498994,0.03594498242491321
2021-11-09 23:59:00+00:00,0.03669250647193424,0.053657301198948584,0.03881074756451005
2021-11-10 23:59:00+00:00,0.036884118819224376,0.07206336316301921,0.039026556416785124
2021-11-11 23:59:00+00:00,0.038585932757402824,0.046092987601130814,0.04098464605970768
2021-11-12 23:59:00+00:00,0.039836848271864345,0.031393592417648136,0.042515295793831114
2021-11-15 23:59:00+00:00,0.03903613911034591,0.07228202991324431,0.04145950768921516
2021-11-16 23:59:00+00:00,0.039450249081263336,0.017699577099401075,0.04195225166708448
2021-11-17 23:59:00+00:00,0.04165658812296963,0.032710852594725996,0.044667931288065586
2021-11-18 23:59:00+00:00,0.041805198733754365,0.056032516340174504,0.04461709110879512
2021-11-19 23:59:00+00:00,0.04228756659320637,0.03649441476474121,0.04518846846586695
2021-11-22 23:59:00+00:00,0.04041807856474186,0.020130226333679058,0.04281921463461913
2021-11-26 23:59:00+00:00,0.039526915918730546,0.060946573101547726,0.042360108419208294
2021-11-29 23:59:00+00:00,0.04204537270340268,0.07005696773157424,0.04539692785775437
2021-11-30 23:59:00+00:00,0.04297528895484963,0.04860230018240569,0.04637639674833928
2021-12-01 23:59:00+00:00,0.043341863155958074,0.018564284968510057,0.04681753046271694
2021-12-02 23:59:00+00:00,0.04432798050429014,0.12211841209014788,0.04802166461312128
2021-12-03 23:59:00+00:00,0.04476822730893308,0.0138495085363646,0.04855353006889896
2021-12-06 23:59:00+00:00,0.048333066058034196,0.028448017032811534,0.05291285324992747
2021-12-07 23:59:00+00:00,0.04840794739833884,0.0002621575581929648,0.05251823168209461
2021-12-08 23:59:00+00:00,0.04619283684938531,0.028687844056144298,0.049824834905157614
2021-12-09 23:59:00+00:00,0.045416239898032354,0.033945479721549196,0.04888211917197332
2021-12-10 23:59:00+00:00,0.044413319762817156,0.012465351701272139,0.04766396655142816
2021-12-13 23:59:00+00:00,0.04283859451263437,0.01457172425468717,0.04575473943834539
2021-12-14 23:59:00+00:00,0.04087457136670562,0.009513813831276785,0.04413404071453734
2021-12-15 23:59:00+00:00,0.04018691645447043,0.020386972182524835,0.04326233610173259
2021-12-16 23:59:00+00:00,0.037786840093521915,0.038282186571016966,0.04024092237058226
2021-12-17 23:59:00+00:00,0.03795439361535535,0.009087431094923106,0.04044281407963202
2021-12-20 23:59:00+00:00,0.038320867460431896,0.02728021307595161,0.040877525548908056
2021-12-21 23:59:00+00:00,0.03605943003925625,0.06359999455530678,0.03849283754251949
2021-12-22 23:59:00+00:00,0.035753473916029156,0.08450667937462032,0.038098380790956704
2021-12-23 23:59:00+00:00,0.03763360214609655,0.0012322860462650562,0.040499962983798585
2021-12-29 23:59:00+00:00,0.03109264232886978,0.046366829360083475,0.03220603922529833
2021-12-30 23:59:00+00:00,0.03128450329956642,0.02253243108069606,0.03244829897541282
2021-12-31 23:59:00+00:00,0.03133496934901609,0.026023773421305244,0.03243267977946179
2022-01-03 23:59:00+00:00,0.031490696486486884,0.04343359343170344,0.03261751388664215
2022-01-04 23:59:00+00:00,0.02794232768398342,0.018196498954862896,0.02809242553972553
2022-01-05 23:59:00+00:00,0.02912355415452884,0.026916738876308244,0.02959277028699591
2022-01-06 23:59:00+00:00,0.028787303640489918,0.04078113566715743,0.02915987222706783
2022-01-07 23:59:00+00:00,0.029720856744633144,0.04083180079725305,0.030373398958719582
2022-01-10 23:59:00+00:00,0.03026335559591268,0.1337373022309334,0.031043935542878535
2022-01-11 23:59:00+00:00,0.030557696998230924,0.12880713612307468,0.03141216679847065
2022-01-12 23:59:00+00:00,0.035304245443691665,0.001875293564107814,0.0374567966953545
2022-01-13 23:59:00+00:00,0.03985744841029898,0.004915164956808624,0.04325491828684542
2022-01-14 23:59:00+00:00,0.03980058558132524,0.06063921449820532,0.04273337289912696
2022-01-18 23:59:00+00:00,0.03919863784015815,0.058487240068791205,0.04194564316998241
2022-01-19 23:59:00+00:00,0.040332613865027414,0.05749443780307966,0.04336870477683013
2022-01-20 23:59:00+00:00,0.04248851325246038,0.006435665776854392,0.04608063948251544
2022-01-24 23:59:00+00:00,0.04389720525416739,0.053794481598600195,0.04782877454615038
2022-01-27 23:59:00+00:00,0.035900150087377576,0.049416129433407834,0.037962785435651104
2022-01-28 23:59:00+00:00,0.03857765647991137,0.025559832998230083,0.04133658808884673
2022-01-31 23:59:00+00:00,0.03765501025939715,0.14657477168853683,0.04014568315526087
2022-02-01 23:59:00+00:00,0.03729199327427958,0.11814667202402694,0.03967864644057209
2022-02-02 23:59:00+00:00,0.04177627960491313,0.06683247593673,0.04533480336420838
2022-02-03 23:59:00+00:00,0.04621066911970052,0.07727605137656593,0.04991974583822926
2022-02-04 23:59:00+00:00,0.047487062404593834,0.0037735893836394877,0.051505840986024565
2022-02-07 23:59:00+00:00,0.0501489537890523,0.05790645027926775,0.05482763282720963
2022-02-08 23:59:00+00:00,0.04967453156038146,0.01255036553637641,0.05425913179074571
2022-02-09 23:59:00+00:00,0.05085386739870869,0.004556969911127021,0.05572578568250629
2022-02-10 23:59:00+00:00,0.04977838304673819,0.06245884170630305,0.05463562671936643
2022-02-11 23:59:00+00:00,0.04645035499585852,0.02611605902300166,0.0505328616239167
2022-02-14 23:59:00+00:00,0.04580635839447789,0.09116360535995321,0.0497892596731106
2022-02-15 23:59:00+00:00,0.04608737792772484,0.05021156820410806,0.05015513882909336
2022-02-16 23:59:00+00:00,0.049426394049952416,0.012336143880664042,0.05430736287516581
2022-02-17 23:59:00+00:00,0.04932239318224462,0.015007561319771566,0.054245474833993355
2022-02-18 23:59:00+00:00,0.047701301986485194,0.027410991468964505,0.052246259752861714
2022-02-24 23:59:00+00:00,0.03746483148745031,0.015329425521207413,0.03916329394155475
2022-02-25 23:59:00+00:00,0.03704431696940809,0.03811046157164829,0.03865490563220942
2022-02-28 23:59:00+00:00,0.03515959303016315,0.04049830338875283,0.036355900916153434
2022-03-01 23:59:00+00:00,0.03465103530162624,0.008435309401349737,0.03605293208023888
2022-03-02 23:59:00+00:00,0.035357893099395514,0.0604003646672983,0.036974861346439916
2022-03-03 23:59:00+00:00,0.031815242496025825,0.03716541046767248,0.032495128145169666
2022-03-04 23:59:00+00:00,0.03156118726124405,0.06562884565160146,0.03219561545327412
2022-03-07 23:59:00+00:00,0.031020298099581244,0.022934280287269283,0.031578347840594385
2022-03-09 23:59:00+00:00,0.03097458194882258,0.020094733447091135,0.03147529934928669
2022-03-10 23:59:00+00:00,0.031668750276009676,0.014281389483556712,0.032384370330743074
2022-03-11 23:59:00+00:00,0.030146183602435622,0.019510699108440294,0.030485143865085808
2022-03-14 23:59:00+00:00,0.03027098396220211,0.03864800439371254,0.030732215119220828
2022-03-15 23:59:00+00:00,0.030937458131731106,0.049712433016005655,0.031606201423336665
2022-03-16 23:59:00+00:00,0.030204823298569303,0.025780378341778546,0.030758392022832027
2022-03-17 23:59:00+00:00,0.03138124809950334,0.00757967369493221,0.032279812862668227
2022-03-18 23:59:00+00:00,0.029415822647681337,0.056920290252682144,0.029811249007751627
2022-03-21 23:59:00+00:00,0.028407242385444263,0.008638118785634313,0.028612674598722236
2022-03-22 23:59:00+00:00,0.03015281859840873,0.031790507455856515,0.030856887818942042
2022-03-23 23:59:00+00:00,0.029705312846381927,0.0309904494279243,0.030338323861355286
2022-03-24 23:59:00+00:00,0.029785897899113345,0.011372990172270024,0.030469826774271687
2022-03-29 23:59:00+00:00,0.030794741712469535,0.0065795560556812195,0.03105127880147058
2022-03-30 23:59:00+00:00,0.031198000107564305,0.013730192811901817,0.031592583206219924
2022-03-31 23:59:00+00:00,0.029848174784530578,0.0013995803544232435,0.029907436805534877
2022-04-01 23:59:00+00:00,0.029168072522110247,0.05450940566837171,0.030058395804696592
2022-04-04 23:59:00+00:00,0.026467320139011062,0.0004974711983864374,0.027057413892397946
2022-04-05 23:59:00+00:00,0.027079001162716054,0.05328997277800217,0.027983619895710538
2022-04-06 23:59:00+00:00,0.024507887974087872,0.012819673865509,0.024854246813109
2022-04-07 23:59:00+00:00,0.025565443223951732,0.056512210263342404,0.026348594539047282
2022-04-08 23:59:00+00:00,0.025160739713863928,0.005554318865450236,0.02596145509793521
2022-04-11 23:59:00+00:00,0.026498775362193864,0.04636349821520543,0.028111094183168695
2022-04-12 23:59:00+00:00,0.02588400888261564,0.04239286239058565,0.027476669796789914
2022-04-13 23:59:00+00:00,0.02619263866433769,0.06881020640287441,0.028018251051376248
2022-04-14 23:59:00+00:00,0.025842061564926612,0.08594242980072477,0.02772028915069364
2022-04-18 23:59:00+00:00,0.02726328949039738,0.03387272035333072,0.02996150787350498
2022-04-19 23:59:00+00:00,0.03028701294665927,0.00287894253833996,0.033933292713479016
2022-04-20 23:59:00+00:00,0.02923056782175182,0.06272903376262591,0.032742554649964555
2022-04-21 23:59:00+00:00,0.028875241355510468,0.02045061047129084,0.032438922366866046
2022-04-22 23:59:00+00:00,0.02997056637860832,0.026778728623964774,0.0339707587389737
2022-04-27 23:59:00+00:00,0.03362709037256975,0.05039277289573719,0.03501671870712293
2022-04-28 23:59:00+00:00,0.03403879356743722,0.03139057925558315,0.0356779979103931
2022-04-29 23:59:00+00:00,0.035624560412433025,0.062110827508748696,0.037819080296676494
2022-05-02 23:59:00+00:00,0.03588220929988832,0.056340880857270424,0.038570915322342136
2022-05-03 23:59:00+00:00,0.038219476624721645,0.04280220729221106,0.04165919746391818
2022-05-04 23:59:00+00:00,0.03847224644328673,0.08801588701304844,0.04182878674468675
2022-05-05 23:59:00+00:00,0.040060180942451,0.1351845940782966,0.043960710453527896
2022-05-06 23:59:00+00:00,0.041364173640463596,0.04983336213970774,0.04573792605972336
2022-05-09 23:59:00+00:00,0.04591829531421369,0.033946687195086055,0.051871756740854834
2022-05-10 23:59:00+00:00,0.04554740646964844,0.01287487710989295,0.051556663107218716
2022-05-11 23:59:00+00:00,0.047337505711461794,0.009868928300054767,0.052957392711677855
2022-05-12 23:59:00+00:00,0.04576696071065586,0.03752280900345854,0.051197903246448725
2022-05-13 23:59:00+00:00,0.04419668975887778,0.042810965431807124,0.049438747505044886
2022-05-16 23:59:00+00:00,0.042502817685845656,0.007677580899034332,0.047835166761751466
2022-05-17 23:59:00+00:00,0.040461804749900014,0.007196001308701262,0.04550276390135245
2022-05-18 23:59:00+00:00,0.038794841159621715,0.027455815262158487,0.04440835928488123
2022-05-19 23:59:00+00:00,0.03877905254604612,0.07860466012253013,0.04454924790677692
2022-05-20 23:59:00+00:00,0.0372301287416249,0.005929321818277168,0.042773968098540935
2022-05-23 23:59:00+00:00,0.03914556113451689,0.019700079884631842,0.04564981097851597
2022-05-26 23:59:00+00:00,0.03783412761559283,0.06901742612716592,0.039192079149314614
2022-05-27 23:59:00+00:00,0.03635013827354164,0.06545890776489989,0.037629076025534974
2022-05-31 23:59:00+00:00,0.03742941210284544,0.024563251132718678,0.039665738724021446
2022-06-01 23:59:00+00:00,0.03755574471710391,0.004468492853971039,0.039993826972004334
2022-06-02 23:59:00+00:00,0.03624769561745575,0.08960880641038868,0.038511742564488985
2022-06-03 23:59:00+00:00,0.03460195699790147,0.0031157693753469467,0.03660349800095943
2022-06-06 23:59:00+00:00,0.03463622273063946,0.06605335204979845,0.0368796832421018
2022-06-07 23:59:00+00:00,0.029245158223668237,0.029896915849820863,0.030316702049004614
2022-06-08 23:59:00+00:00,0.02976217063765097,0.01268753335538645,0.03114167892875807
2022-06-09 23:59:00+00:00,0.029446305868023097,0.027609291344020546,0.030925155876355
2022-06-10 23:59:00+00:00,0.029255904779750035,0.18025608767408313,0.03086552320129745
2022-06-13 23:59:00+00:00,0.029548167712575027,0.031626977177554645,0.03179726680813179
2022-06-14 23:59:00+00:00,0.03514901521517835,0.005912406365753746,0.038989159381198055
2022-06-15 23:59:00+00:00,0.03461465826019423,0.07221348618699366,0.03849688463517623
2022-06-16 23:59:00+00:00,0.03442031245159832,0.019779586086976032,0.038430464081506695
2022-06-17 23:59:00+00:00,0.036901302291849715,0.007317462769655668,0.04171482456579259
2022-06-21 23:59:00+00:00,0.03634086422434217,0.09459594091207928,0.04136459967480053
2022-06-22 23:59:00+00:00,0.03340943439163751,0.0030500063775612757,0.037912093608501056
2022-06-23 23:59:00+00:00,0.037045749202850725,0.04418610447124381,0.042590936678116274
2022-06-28 23:59:00+00:00,0.040570540179256084,0.18066088660881408,0.042711233220095665
2022-06-29 23:59:00+00:00,0.03812020386268798,0.0548819800885537,0.03985435618001813
2022-06-30 23:59:00+00:00,0.04339771919838327,0.03679433980759787,0.04562899628380225
2022-07-01 23:59:00+00:00,0.044487897041445276,0.002356567754227402,0.0471376011928168
2022-07-05 23:59:00+00:00,0.045203198681308385,0.13350870634178255,0.048765353664150926
2022-07-06 23:59:00+00:00,0.04144433654628667,0.04266318876973632,0.04441231151000359
2022-07-07 23:59:00+00:00,0.046684128810102435,0.06294211995679752,0.05093707947244749
2022-07-08 23:59:00+00:00,0.04583310773072019,0.04178858871356063,0.04973325432756209
2022-07-11 23:59:00+00:00,0.04656885463855956,0.08190071415616494,0.051186819040520345
2022-07-12 23:59:00+00:00,0.04763564904611545,0.013394737103891207,0.05265421747810486
2022-07-13 23:59:00+00:00,0.04971321694751978,0.06112360603750202,0.05533088059928272
2022-07-14 23:59:00+00:00,0.04247898417905896,0.0639058381396486,0.0468671331742208
2022-07-15 23:59:00+00:00,0.043706236656001735,0.02916845191053832,0.048373758504531496
2022-07-18 23:59:00+00:00,0.04572788889613248,0.09738551779150448,0.051353474760941056
2022-07-19 23:59:00+00:00,0.0436762964954113,0.009410948432947172,0.04910132752971408
2022-07-20 23:59:00+00:00,0.04685067058246947,0.045229814958761175,0.053072047569096406
2022-07-21 23:59:00+00:00,0.04653822884402305,0.050286642564863364,0.052890809854843165
2022-07-22 23:59:00+00:00,0.04465250370202442,0.030024828751204127,0.05067192003972402
2022-07-27 23:59:00+00:00,0.052931204463177096,0.01161169313854296,0.05519334766653933
2022-07-28 23:59:00+00:00,0.05448129905477393,0.0065407209925513,0.05722023239476691
2022-07-29 23:59:00+00:00,0.04697557697572756,0.07220597541216116,0.04851040205587687
2022-08-01 23:59:00+00:00,0.04434165946657673,0.07015146988557476,0.04595479553414057
2022-08-02 23:59:00+00:00,0.04499449261256684,0.017574286825434583,0.047555715956726384
2022-08-03 23:59:00+00:00,0.04771385874060466,0.007166717935093186,0.0510177064411929
2022-08-04 23:59:00+00:00,0.042777463144385935,0.06070988090723697,0.04524493953128364
2022-08-05 23:59:00+00:00,0.0409236276943837,0.03164574796332574,0.04319050870982485
2022-08-08 23:59:00+00:00,0.040612240393707054,0.04603244858476596,0.04336016879261802
2022-08-09 23:59:00+00:00,0.03961887498401615,0.07874762598685038,0.042527075725333936
2022-08-10 23:59:00+00:00,0.037654113496549915,0.012016922751058005,0.040321286482103626
2022-08-11 23:59:00+00:00,0.04025851026383219,0.004572481674890117,0.04366324089759825
2022-08-12 23:59:00+00:00,0.03806080465993822,0.06659157944805448,0.04117461744887589
2022-08-15 23:59:00+00:00,0.03517917747998717,0.009153135566689745,0.03821513360124156
2022-08-16 23:59:00+00:00,0.036487941396720965,0.006076407585282381,0.039948100178549766
2022-08-17 23:59:00+00:00,0.03260836194754358,0.01597961015740303,0.03542456633306597
2022-08-18 23:59:00+00:00,0.032269490073849424,0.03618400630423075,0.03519382644688799
2022-08-19 23:59:00+00:00,0.030821883898918472,0.051619576406868095,0.03361884453864048
2022-08-22 23:59:00+00:00,0.03001840550494165,0.014792689977635018,0.0331850348678044
2022-08-23 23:59:00+00:00,0.030683633905240176,0.004811556997222117,0.03430580414301706
2022-08-24 23:59:00+00:00,0.02986178421774935,0.008462371746919125,0.03348595899116664
2022-08-29 23:59:00+00:00,0.03163995222179881,0.009356664662326914,0.031095693079291886
2022-08-30 23:59:00+00:00,0.029913188639507246,0.01468295452382002,0.029172366751317354
2022-08-31 23:59:00+00:00,0.02724816288182854,0.052760462504972495,0.02610489327878277
2022-09-01 23:59:00+00:00,0.026880772313168624,0.07575530349957932,0.025935254795457913
2022-09-02 23:59:00+00:00,0.02855953461769546,0.037910338183868506,0.028183545047385943
2022-09-06 23:59:00+00:00,0.028572320934285717,0.009265789462835562,0.02894396048629318
2022-09-07 23:59:00+00:00,0.028658304666443687,0.010181723305178296,0.029235756203996217
2022-09-08 23:59:00+00:00,0.027013250360142363,0.031150564240441127,0.027401225940464968
2022-09-09 23:59:00+00:00,0.0241187386127791,0.004233962654743201,0.023980053275894718
2022-09-12 23:59:00+00:00,0.024364473566189995,0.09548574930835303,0.024861703643815607
2022-09-13 23:59:00+00:00,0.02422995251350591,0.09066878431030297,0.024890083514373863
2022-09-14 23:59:00+00:00,0.025253923449337315,0.06964524322462415,0.026339615416004845
2022-09-15 23:59:00+00:00,0.028426866427378343,0.0015467907182987934,0.030425346801775714
2022-09-16 23:59:00+00:00,0.031032308034435734,0.004525187112999091,0.033592356260850234
2022-09-19 23:59:00+00:00,0.02999084977769759,0.008002107749171115,0.03288525990750626
2022-09-20 23:59:00+00:00,0.02858716423319728,0.0928835083517565,0.03136047015641298
2022-09-21 23:59:00+00:00,0.026615953860920718,0.037512481940686286,0.029143235140774403
2022-09-22 23:59:00+00:00,0.029624357608822878,0.010924294789144287,0.03300169945672541
2022-09-23 23:59:00+00:00,0.030836919772527845,0.037188880419054375,0.03464132225742668
2022-09-28 23:59:00+00:00,0.03447634850198066,0.01583610806912532,0.03464545446418088
2022-09-29 23:59:00+00:00,0.034419514661837236,0.0447339618457076,0.03476103246178928
2022-09-30 23:59:00+00:00,0.0342929215429455,0.055172930418847604,0.03479144294822031
2022-10-03 23:59:00+00:00,0.03350735922212767,0.01351077427015504,0.03438726324853497
2022-10-04 23:59:00+00:00,0.03256594554564281,0.006042314455962662,0.0334048617763198
2022-10-05 23:59:00+00:00,0.03138430026140408,0.03265596297405269,0.032150042219023
2022-10-06 23:59:00+00:00,0.031116921591336028,0.04749432363563194,0.03201112685656164
2022-10-07 23:59:00+00:00,0.03192765714168525,0.024711563649262573,0.033188099182033304
2022-10-10 23:59:00+00:00,0.03219339164166496,0.024711563649262507,0.03407473786598991
2022-10-11 23:59:00+00:00,0.032763466542851526,0.046456440823211854,0.03502754049178524
2022-10-12 23:59:00+00:00,0.029730724286757933,0.043663142917599075,0.03149979137527952
2022-10-13 23:59:00+00:00,0.027771812883571244,0.07295235028274671,0.029286749696645853
2022-10-14 23:59:00+00:00,0.02657104646218249,0.04326287737023698,0.02800191644474615
2022-10-17 23:59:00+00:00,0.029059734684484563,0.050514888249205823,0.031604705265518715
2022-10-18 23:59:00+00:00,0.03062713862115432,0.019224251929096266,0.033562404571747015
2022-10-19 23:59:00+00:00,0.03226125076563939,0.07738666361542024,0.03573556081883193
2022-10-20 23:59:00+00:00,0.029435312314829612,0.047262191894582,0.032473225218412644
2022-10-21 23:59:00+00:00,0.0312984314830188,0.07661903655848358,0.03492547377258442
2022-10-24 23:59:00+00:00,0.03266141249968981,0.0012478832174658205,0.037131507699075916
2022-10-27 23:59:00+00:00,0.03462990352022455,0.11158669440656317,0.034213052433330934
2022-10-28 23:59:00+00:00,0.0354040849903578,0.10632260083283601,0.035323603271311066
2022-10-31 23:59:00+00:00,0.03802241646419398,0.0925380206851929,0.03901347175296087
2022-11-01 23:59:00+00:00,0.03967592098304855,0.04787322667620006,0.04167461740724431
2022-11-02 23:59:00+00:00,0.04312217132448404,0.06871389254805194,0.04587125902035607
2022-11-03 23:59:00+00:00,0.04546237482474766,0.08157998699242285,0.048223478163646034
2022-11-04 23:59:00+00:00,0.0471835141683582,0.12337902116050466,0.05029440194112043
2022-11-07 23:59:00+00:00,0.04895002253289334,0.0454964740921056,0.0524716464979774
2022-11-08 23:59:00+00:00,0.053236662788143804,0.061817431023210447,0.05759038391747603
2022-11-09 23:59:00+00:00,0.05413359709733198,0.059433233708531444,0.05868215257700045
2022-11-10 23:59:00+00:00,0.05567862848741671,0.009143307856388455,0.0596958747347847
2022-11-11 23:59:00+00:00,0.05679379788267644,0.016880153460363086,0.06103915043071632
2022-11-14 23:59:00+00:00,0.054829210257830385,0.027139151314176563,0.058880357775119595
2022-11-15 23:59:00+00:00,0.05388283757323753,0.026893179338182725,0.05782102145194602
2022-11-16 23:59:00+00:00,0.05282978745089682,0.010416760858255604,0.05663735854014486
2022-11-17 23:59:00+00:00,0.052470301945236136,0.07236124681878017,0.05721708672896085
2022-11-18 23:59:00+00:00,0.0501572499394443,0.0004426410990752143,0.05450072016628995
2022-11-21 23:59:00+00:00,0.050972911560613884,0.07514004006693173,0.05561491862918361
2022-11-22 23:59:00+00:00,0.04805045669036845,0.03963678218294477,0.052170607104997255
2022-11-28 23:59:00+00:00,0.04691169517951123,0.04307054688163541,0.049691348257152636
2022-11-29 23:59:00+00:00,0.04258839292785885,0.02809666821745059,0.044749880513085885
2022-11-30 23:59:00+00:00,0.04088296176026618,0.07023394151211751,0.042747158003684
2022-12-01 23:59:00+00:00,0.038669234465572466,0.11887820606482706,0.04013214661687616
2022-12-02 23:59:00+00:00,0.03987711757246904,0.019555213042780944,0.04163877590370214
2022-12-05 23:59:00+00:00,0.04199177999756835,0.045397359062329556,0.044340951916578934
2022-12-06 23:59:00+00:00,0.04004123325361024,0.04091285182891452,0.04181678166582843
2022-12-07 23:59:00+00:00,0.03751364990496595,0.04637514832166138,0.038852356855824936
2022-12-08 23:59:00+00:00,0.03721026005256786,0.053316866081014914,0.038552287326870854
2022-12-09 23:59:00+00:00,0.03656930254086392,0.051483044108239055,0.037847846425866215
2022-12-12 23:59:00+00:00,0.036366327720756396,0.07560651551726683,0.03779478447245448
2022-12-13 23:59:00+00:00,0.038298106480618405,0.08064068652290443,0.04008235732304062
2022-12-14 23:59:00+00:00,0.040775871004915115,0.05454557574005267,0.043106405879353264
2022-12-15 23:59:00+00:00,0.04273218163317878,0.12045706222628072,0.04550777730465135
2022-12-16 23:59:00+00:00,0.04410205991789845,0.09401209941435856,0.047208879709063706
2022-12-19 23:59:00+00:00,0.048807550647737175,0.001125914924721774,0.053023708746164744
2022-12-20 23:59:00+00:00,0.05043816677776177,0.06448850988502894,0.05408543172421191
2022-12-21 23:59:00+00:00,0.04937325222605731,0.01587649938767468,0.052890722299312444
2022-12-22 23:59:00+00:00,0.050376688996598806,0.03919042205583258,0.05411673439052893
2022-12-28 23:59:00+00:00,0.05057619167985053,0.018596949504485802,0.053111177197971336
2022-12-29 23:59:00+00:00,0.05006171569185819,0.11521649962722667,0.05256068061068161
2022-12-30 23:59:00+00:00,0.04922065204809778,0.04510568503893405,0.05210000051945686
2023-01-03 23:59:00+00:00,0.05083821867095315,0.11467186885347067,0.05424988189285675
2023-01-04 23:59:00+00:00,0.04773495570391816,0.0026917916657115256,0.05062006671843176
2023-01-05 23:59:00+00:00,0.05169155160574575,0.05250549737793068,0.055377749968435544
2023-01-06 23:59:00+00:00,0.04992690292039931,0.07182845536725176,0.05333828176653997
2023-01-09 23:59:00+00:00,0.050868113857047384,0.008755185884674473,0.05418842922578397
2023-01-10 23:59:00+00:00,0.05199081318615177,0.006516449885467943,0.05557818561855525
2023-01-11 23:59:00+00:00,0.05002589060691663,0.07763244374300078,0.05334288084733694
2023-01-12 23:59:00+00:00,0.04818858500954275,0.04768926452577687,0.05125740639166383
2023-01-13 23:59:00+00:00,0.048058642917130745,0.07978711661783192,0.05117648343821109
2023-01-17 23:59:00+00:00,0.047229499822018475,0.01093238947789396,0.05067936240547018
2023-01-18 23:59:00+00:00,0.048667627812285355,0.031325246982997865,0.05244992416632628
2023-01-19 23:59:00+00:00,0.044885862297321125,0.08251166543051103,0.04805620929706827
2023-01-20 23:59:00+00:00,0.04231973143001471,0.05639077735487499,0.045098061694039814
2023-01-23 23:59:00+00:00,0.04545152209565285,0.060413625047738805,0.049013198892506944
2023-01-24 23:59:00+00:00,0.04530811241976665,0.04093068426548479,0.048782411767535616
2023-01-27 23:59:00+00:00,0.03710650983090289,0.002611454571219948,0.03739482198700615
2023-01-30 23:59:00+00:00,0.03878728483839793,0.08390011306629411,0.03958187705128592
2023-01-31 23:59:00+00:00,0.038705263760076686,0.004874095758245407,0.03955431803388196
2023-02-01 23:59:00+00:00,0.03712690399105379,0.018907262782332297,0.03776413675343806
2023-02-02 23:59:00+00:00,0.03564838774117146,0.01931434603647837,0.036134559519440335
2023-02-03 23:59:00+00:00,0.032224509819459304,0.05039749238131346,0.032163392172078545
2023-02-06 23:59:00+00:00,0.03246077385189579,0.07553790566715257,0.03263042537528889
2023-02-07 23:59:00+00:00,0.03245893053883963,0.014090577099254336,0.032691141559652435
2023-02-08 23:59:00+00:00,0.03253672543009153,0.033983852815598355,0.03284568846204368
2023-02-09 23:59:00+00:00,0.03268028397911872,0.04432520661033113,0.03306973313899334
2023-02-10 23:59:00+00:00,0.03395556958339898,0.06518799833127896,0.03463461738682262
2023-02-13 23:59:00+00:00,0.03361954511267149,0.03811497488253033,0.03442329059135833
2023-02-14 23:59:00+00:00,0.03558251506515085,0.033748058662800666,0.03679880952856297
2023-02-15 23:59:00+00:00,0.03525377559578806,0.048894815940758674,0.03647288679390377
2023-02-16 23:59:00+00:00,0.03653456180311579,0.09298321894927125,0.03795178902394682
2023-02-17 23:59:00+00:00,0.037347836988354526,0.04757195524537518,0.038967861198781956
2023-02-21 23:59:00+00:00,0.03857129598171448,0.062408840072467095,0.040643950885175556
2023-02-24 23:59:00+00:00,0.039977434188553505,0.005841564621568854,0.04052725667435366
2023-02-27 23:59:00+00:00,0.04267050048854551,0.023030884811257982,0.04387345154712375
2023-02-28 23:59:00+00:00,0.04049124533801628,0.016499656950096645,0.04154414147952178
2023-03-01 23:59:00+00:00,0.04128880590632392,0.08456716267360999,0.04251293697863064
2023-03-02 23:59:00+00:00,0.03865032046087082,0.1569239912725352,0.039451180788852014
2023-03-03 23:59:00+00:00,0.041990695258677865,0.04374152325798113,0.043402748970919926
2023-03-06 23:59:00+00:00,0.04787873781595333,0.05193989047367972,0.05040926466625484
2023-03-07 23:59:00+00:00,0.04912406938711493,0.003140952719691709,0.0514995869858411
2023-03-08 23:59:00+00:00,0.04917979704910751,0.04545322908752551,0.05161482572777528
2023-03-09 23:59:00+00:00,0.046144483493964314,0.06992522135019627,0.04813284325521385
2023-03-10 23:59:00+00:00,0.04779465914247791,0.01274394540304624,0.05010363218869092
2023-03-13 23:59:00+00:00,0.04873074667696366,0.053484414065823854,0.05134416655489282
2023-03-14 23:59:00+00:00,0.04723413230336217,0.03028699093427226,0.04986588967011767
2023-03-15 23:59:00+00:00,0.046940408154705016,0.0725792471181789,0.04956893934986882
2023-03-16 23:59:00+00:00,0.04660248336006313,0.05043822806781721,0.04922019646318502
2023-03-17 23:59:00+00:00,0.04847382169332311,0.05470626698379046,0.05146018061374017
2023-03-20 23:59:00+00:00,0.048157978892290426,0.07837601106969526,0.051231760541520455
2023-03-21 23:59:00+00:00,0.047236333667954766,0.007861312161957902,0.05010116150151148
2023-03-22 23:59:00+00:00,0.048236109208087546,0.028377190150840708,0.051315392196288556
2023-03-23 23:59:00+00:00,0.04610902661486729,0.05949709886464514,0.04887471857051863
2023-03-24 23:59:00+00:00,0.04529071979475495,0.02817087696669645,0.04796383939776084
2023-03-29 23:59:00+00:00,0.04601630724061731,0.05186347400957396,0.04776273001563589
2023-03-30 23:59:00+00:00,0.04688474595044401,0.055196016965254585,0.048875437200404784
2023-03-31 23:59:00+00:00,0.04563363632671211,0.004282661792000728,0.04745984237003393
2023-04-03 23:59:00+00:00,0.0416601721021323,0.02300030984392732,0.0432076626503146
2023-04-04 23:59:00+00:00,0.0399902339466427,0.06915861276519601,0.04144667359110232
2023-04-05 23:59:00+00:00,0.03885204854849412,0.0,0.040309238158482696
2023-04-06 23:59:00+00:00,0.041130441275070484,0.07701629128117403,0.043211195685077114
2023-04-07 23:59:00+00:00,0.03894797797115535,0.006424987682657741,0.04084524497178535
2023-04-10 23:59:00+00:00,0.039030195922925795,0.0434749462904841,0.0415351207310096
2023-04-11 23:59:00+00:00,0.038569458959327466,0.04195737364966153,0.041191663132112824
2023-04-12 23:59:00+00:00,0.03790979296304273,0.05194081763384471,0.040614525772710394
2023-04-13 23:59:00+00:00,0.03816199583259507,0.0733981649548679,0.04116548066792397
2023-04-14 23:59:00+00:00,0.037184817849288315,0.03922071315328133,0.04021213461883503
2023-04-17 23:59:00+00:00,0.03775521265413412,0.06279307433875685,0.041474209006010385
2023-04-18 23:59:00+00:00,0.03653643768985049,0.01207798175974041,0.040236479688925846
2023-04-19 23:59:00+00:00,0.0358793399557682,0.007139700119157863,0.039659899388014924
2023-04-20 23:59:00+00:00,0.035907259125554376,0.01775457201238533,0.03974091789380403
2023-04-21 23:59:00+00:00,0.034612428737489265,0.014847434321210329,0.038418158371976055
2023-04-26 23:59:00+00:00,0.03357037001541564,0.02308602003418255,0.0323415590351473
2023-04-27 23:59:00+00:00,0.03272184858616182,0.03892200258500375,0.031541683459390735
2023-04-28 23:59:00+00:00,0.031647371558123,0.045903910631114916,0.030477084192126146
2023-05-01 23:59:00+00:00,0.030419661591122065,0.020073666734076987,0.02967134359860832
2023-05-02 23:59:00+00:00,0.03199670891988668,0.03231374568950478,0.03173134519639041
2023-05-03 23:59:00+00:00,0.03201238751578756,0.01698955447414724,0.03195194374359629
2023-05-04 23:59:00+00:00,0.030583493327545626,0.046179633552722886,0.030470733147321915
2023-05-05 23:59:00+00:00,0.03113299309039027,0.012874761635658497,0.03132021087102928
2023-05-08 23:59:00+00:00,0.030312210313638874,0.034099310912062496,0.030954060137983297
2023-05-09 23:59:00+00:00,0.030506426488330626,0.000456516784919928,0.03138557379249404
2023-05-10 23:59:00+00:00,0.0302373328354694,0.034114618777405056,0.031271369436470145
