prediction_time,challenger_prediction,actual,baseline_prediction
2015-01-02 23:59:00+00:00,0.0008626346050222451,0.01924458017435531,0.0008546312862794353
2015-01-05 23:59:00+00:00,-0.00254205850509141,-0.02306867661275874,-0.0025501710284096834
2015-01-06 23:59:00+00:00,-0.002769638889616308,0.019317606570821898,-0.0027369208557219476
2015-01-07 23:59:00+00:00,-0.0014053719819826678,0.006470310330689745,-0.0014133444506039977
2015-01-08 23:59:00+00:00,-0.003732791243086262,-0.0526162114333761,-0.003740755771660541
2015-01-09 23:59:00+00:00,0.0009470874399024468,0.051597362644273316,0.0009404783865009432
2015-01-12 23:59:00+00:00,-0.0026859679257575887,0.09398102949196034,-0.0026926665414898692
2015-01-13 23:59:00+00:00,-0.002653979050589765,-0.023471582909845752,-0.002626969854781289
2015-01-14 23:59:00+00:00,-0.0013806729769594503,-0.009864837357746169,-0.0013872566865071045
2015-01-22 23:59:00+00:00,-0.003961995192953313,-0.03579724301460739,-0.0039685724038054995
2015-01-23 23:59:00+00:00,0.0013755145646866863,0.03412135859354292,0.0013670111671951707
2015-01-28 23:59:00+00:00,-0.0012905560253207748,-0.01035129390556495,-0.0012990269833840096
2015-01-29 23:59:00+00:00,-0.004093535928095982,-0.0040960772220033454,-0.004101998598077993
2015-01-30 23:59:00+00:00,0.0013755145646866863,0.027237605783697664,0.0013670111671951707
2015-02-02 23:59:00+00:00,-0.00196601925107448,-0.033976680333543216,-0.0019746370980737375
2015-02-03 23:59:00+00:00,-0.0026092363469439397,-0.02356627494548346,-0.0025735274958837142
2015-02-04 23:59:00+00:00,-0.0013053304253010773,-0.008109718128228652,-0.0013138779167885385
2015-02-05 23:59:00+00:00,-0.0042320909133179456,0.006955205781403675,-0.0042406157724244305
2015-02-06 23:59:00+00:00,0.0017399999698270213,0.030339831857604155,0.0017314352995289977
2015-02-09 23:59:00+00:00,-0.0019296607924033503,0.043850649681607255,-0.0019383691999687648
2015-02-10 23:59:00+00:00,-0.002771787658055732,-0.030492380543028032,-0.0027324747220823713
2015-02-11 23:59:00+00:00,-0.0013792206531181618,0.032991935495548935,-0.001388636629222081
2015-02-19 23:59:00+00:00,-0.004207313612880457,-0.024701084330763602,-0.004216704837307168
2015-02-20 23:59:00+00:00,0.001862143571224871,0.007957142831957361,0.0018527087255734722
2015-02-25 23:59:00+00:00,-0.0013792206531181618,0.013625694144164879,-0.001388636629222081
2015-02-26 23:59:00+00:00,-0.004247596339543506,-0.01325498051619364,-0.004258811857254244
2015-02-27 23:59:00+00:00,0.0019683820156702046,0.005175612292585107,0.0019571146829820167
2015-03-02 23:59:00+00:00,-0.0018127191048631025,0.020799874110675555,-0.001824173059903365
2015-03-03 23:59:00+00:00,-0.0028679849191919522,0.025669858683226035,-0.0028210641578819144
2015-03-04 23:59:00+00:00,-0.0011191644707619062,-0.0007042253812168707,-0.0011304093356419042
2015-03-05 23:59:00+00:00,-0.004189319122650904,-0.05838163022185335,-0.004199591693998551
2015-03-06 23:59:00+00:00,0.0020948663299420653,0.019963694439562873,0.002084546554608921
2015-03-09 23:59:00+00:00,-0.0015710621915000994,0.03312037792245188,-0.0015815517833219158
2015-03-10 23:59:00+00:00,-0.0025922199122325167,-0.03238858132923775,-0.0025492697424331977
2015-03-11 23:59:00+00:00,-0.0009321056011022308,-0.002563634438306433,-0.0009424048603938232
2015-03-12 23:59:00+00:00,-0.004533920588969786,-0.0040418941670016546,-0.004545380979885955
2015-03-13 23:59:00+00:00,0.002139158813578232,0.04991163341152367,0.002127646042595258
2015-03-16 23:59:00+00:00,-0.0014209177547108947,0.022511773172216903,-0.0014326187488887053
2015-03-17 23:59:00+00:00,-0.002820869785178295,-0.03733208677247047,-0.0027729811619407675
2015-03-18 23:59:00+00:00,-0.0009831891339535904,-0.009644654150105878,-0.0009946790878712455
2015-03-19 23:59:00+00:00,-0.004466440271348762,-0.019206968411682977,-0.004479977165429798
2015-03-20 23:59:00+00:00,0.002465222816801375,0.019206968411682877,0.0024516243828232877
2015-03-23 23:59:00+00:00,-0.0012158801724346734,-0.022872661665991455,-0.0012296994995766334
2015-03-24 23:59:00+00:00,-0.002960648231003866,-0.0189069580172232,-0.002904114707468421
2015-03-27 23:59:00+00:00,0.002465222816801375,-0.0015140048312150718,0.0024516243828232877
2015-03-30 23:59:00+00:00,-0.0010057766794090309,-0.0133462419528946,-0.0010192977446451693
2015-03-31 23:59:00+00:00,-0.002716542016433018,0.04062235847146457,-0.0026581836866551253
2015-04-01 23:59:00+00:00,-0.0006374332109579553,0.0,-0.0006507025594076335
2015-04-02 23:59:00+00:00,-0.004208642080384897,-0.02349539367866396,-0.004221876233059576
2015-04-03 23:59:00+00:00,0.0028910615499198418,0.011257154524634468,0.002877764828417395
2015-04-06 23:59:00+00:00,-0.0010627446177700005,-0.023024228997190494,-0.0010741636392217553
2015-04-07 23:59:00+00:00,-0.002449161254598247,-0.03536408924096392,-0.002400024017230715
2015-04-08 23:59:00+00:00,-0.0006195058497723755,-0.00674739610916301,-0.0006307144588768251
2015-04-09 23:59:00+00:00,-0.0042965244942639435,0.0,-0.004307703336623502
2015-04-10 23:59:00+00:00,0.0028837464635375534,0.00753822256398077,0.002872518168469322
2015-04-13 23:59:00+00:00,-0.0012232850022578263,0.031130918595173213,-0.0012358072854604307
2015-04-14 23:59:00+00:00,-0.0026760752956546986,0.02795799777483342,-0.002622230087383838
2015-04-15 23:59:00+00:00,-0.0006878027885041374,-0.018804615788346205,-0.0007000956714500502
2015-04-16 23:59:00+00:00,-0.004309140570904203,-0.03791556674610981,-0.0043214009543025
2015-04-17 23:59:00+00:00,0.0028937357022457795,0.015261497540719992,0.00288142142078969
2015-04-20 23:59:00+00:00,-0.0010278673778981538,0.011966944586953788,-0.0010390009970650657
2015-04-21 23:59:00+00:00,-0.002487974030379386,-0.02920199713966623,-0.0024401344054058214
2015-04-22 23:59:00+00:00,-0.0007724314358735993,0.0,-0.0007833622737257861
2015-04-23 23:59:00+00:00,-0.004474125568914877,-0.01633177108637072,-0.004485027637913957
2015-04-28 23:59:00+00:00,-0.002487974030379386,0.054148003239784206,-0.0024401344054058214
2015-04-29 23:59:00+00:00,-0.0007778727845184179,0.009046560702120465,-0.0007898934532146885
2015-04-30 23:59:00+00:00,-0.004545418695947282,0.0160803893753012,-0.004557407869392144
2015-05-01 23:59:00+00:00,0.0029857299493379437,-0.014640504317313724,0.0029736887212437673
2015-05-04 23:59:00+00:00,-0.0009635256916821996,-0.0014398850579876432,-0.0009757680528786836
2015-05-05 23:59:00+00:00,-0.0026506699510966173,-0.015245304342800239,-0.002598103282440291
2015-05-06 23:59:00+00:00,-0.0006769438948273565,0.05202455584609674,-0.0006868731676099795
2015-05-07 23:59:00+00:00,-0.004389472955798297,-0.027456846233039203,-0.004399376329562082
2015-05-08 23:59:00+00:00,0.002941119983398272,0.03334227087239805,0.002931173875151185
2015-05-11 23:59:00+00:00,-0.0009181437512942057,0.013031734492846472,-0.0009282550784676115
2015-05-12 23:59:00+00:00,-0.00227706893156173,0.024567952807533617,-0.002233682581171046
2015-05-13 23:59:00+00:00,-0.000360165595682882,0.0026560440581162104,-0.0003711643783259515
2015-05-14 23:59:00+00:00,-0.004467257127293448,-0.0019913713849253984,-0.0044782273496743255
2015-05-15 23:59:00+00:00,0.0031414764309933086,-0.02081310443369408,0.0031304591594683157
2015-05-18 23:59:00+00:00,-0.0007993854428081312,-0.011257154524634447,-0.0008105847202066949
2015-05-19 23:59:00+00:00,-0.0023082418939331466,0.011596310030683428,-0.0022602198861823627
2015-05-20 23:59:00+00:00,-0.0003451523657297405,-0.021248229152341046,-0.00035486108165236016
2015-05-28 23:59:00+00:00,-0.004455180328706207,0.0026460041897990415,-0.00446486394695005
2015-05-29 23:59:00+00:00,0.003015842804023754,0.018328547495631557,0.0030061179066269038
2015-06-01 23:59:00+00:00,-0.000858257479634298,-0.024007154464474868,-0.0008681421531859736
2015-06-02 23:59:00+00:00,-0.0021575082528210924,-0.0030418274404848886,-0.0021151514172687994
2015-06-03 23:59:00+00:00,-0.000458157937465169,-0.013803900169158128,-0.00046713389896108244
2015-06-04 23:59:00+00:00,-0.004423892640268018,0.04344403658699848,-0.004432845501889282
2015-06-05 23:59:00+00:00,0.003090392912566094,0.05081258736921586,0.0030814021170499483
2015-06-08 23:59:00+00:00,-0.000991384181293897,0.015687963366548312,-0.0010005218868412015
2015-06-09 23:59:00+00:00,-0.0020855826941960413,-0.023094098435804677,-0.002046452269870083
2015-06-10 23:59:00+00:00,-0.00046266697904174376,-0.02690745291992438,-0.00047245632091515253
2015-06-11 23:59:00+00:00,-0.004117062222206107,0.04930950980561818,-0.004126826483250388
2015-06-12 23:59:00+00:00,0.0033995433901949433,0.0017292067251940095,0.0033897380053889256
2015-06-15 23:59:00+00:00,-0.0008372684790208422,-0.013567785101318645,-0.0008472332149492103
2015-06-16 23:59:00+00:00,-0.002026140942602059,-0.02770063478331094,-0.00198349628547292
2015-06-17 23:59:00+00:00,-0.0006036592371563218,0.013946229971133352,-0.0006142547178586847
2015-06-18 23:59:00+00:00,-0.0038525120323546222,-0.029917531349864954,-0.0038630804876740974
2015-06-19 23:59:00+00:00,0.003385271512546279,-0.002564573671590167,0.0033746588118276784
2015-06-22 23:59:00+00:00,-0.0009126562332651415,0.01203296196080815,-0.0009234404735348632
2015-06-23 23:59:00+00:00,-0.002148713679151345,0.03245069904541026,-0.0021025909608615237
2015-07-02 23:59:00+00:00,-0.003980805943983595,-0.023665500279210282,-0.003990986815202337
2015-07-03 23:59:00+00:00,0.0033577966906770023,-0.014620143454962318,0.0033475739557539226
2015-07-06 23:59:00+00:00,-0.0008392411457218275,-0.011479481735621756,-0.0008496273422775356
2015-07-07 23:59:00+00:00,-0.002096122187386033,0.01515460531351279,-0.002052119940533175
2015-07-08 23:59:00+00:00,-0.0005266892079374188,0.016011986924906244,-0.0005368961766040195
2015-07-09 23:59:00+00:00,-0.004098479682976469,0.03337192889915209,-0.00410763286096784
2015-07-10 23:59:00+00:00,0.003247473048679969,-0.008415196925284472,0.0032382824969886203
2015-07-13 23:59:00+00:00,-0.0009156125898710759,0.027094397927479304,-0.0009249493648456721
2015-07-14 23:59:00+00:00,-0.002021491838411862,-0.02217693104594921,-0.001982024841539355
2015-07-15 23:59:00+00:00,-0.0005460623978307384,0.005590510716884967,-0.0005552507165126317
2015-07-16 23:59:00+00:00,-0.0038808610582427372,-0.016511880500177465,-0.003891231179837344
2015-07-17 23:59:00+00:00,0.0032189711953016656,0.020684348305978185,0.0032085589763840476
2015-07-20 23:59:00+00:00,-0.0007344030704147277,0.005191221209882975,-0.0007449800658606822
2015-07-21 23:59:00+00:00,-0.002099403085086702,-0.02835828049141741,-0.0020547161610786407
2015-07-22 23:59:00+00:00,-0.0004309407463055708,-0.014306395651237858,-0.00044135049833341053
2015-07-23 23:59:00+00:00,-0.0039496644906375205,0.0046720660007938866,-0.003961014587835975
2015-07-24 23:59:00+00:00,0.003300817643777031,0.011408323374507453,0.0032894217365136928
2015-07-29 23:59:00+00:00,-0.00040687737476207135,-0.01896482805897333,-0.00041827064933281223
2015-07-30 23:59:00+00:00,-0.0039496644906375205,0.01171316466365317,-0.003961014587835975
2015-07-31 23:59:00+00:00,0.003300817643777031,0.023022599588315328,0.0032894217365136928
2015-08-03 23:59:00+00:00,-0.0007090303230247372,-0.004991097705128976,-0.0007205174657079137
2015-08-04 23:59:00+00:00,-0.00224758681309915,0.005346653264430466,-0.0021986672805575326
2015-08-05 23:59:00+00:00,-0.0005690331593564916,-0.0053466532644304106,-0.0005803109188015273
2015-08-06 23:59:00+00:00,-0.0038306926377299332,0.015603153431619523,-0.0038419281840044784
2015-08-07 23:59:00+00:00,0.0033410725869103294,0.0007034822660853737,0.003329777231475237
2015-08-10 23:59:00+00:00,-0.0007098526917171993,0.03013214978776095,-0.0007212616938070985
2015-08-11 23:59:00+00:00,-0.002184101159440362,-0.05037791322894425,-0.002135541592057134
2015-08-12 23:59:00+00:00,-0.0005701389869788391,0.005010747778160417,-0.000581341137982608
2015-08-13 23:59:00+00:00,-0.0037134747694417144,-0.026407756296755795,-0.003724635175139945
2015-08-14 23:59:00+00:00,0.003461275358530024,-0.008836581800498,0.0034500558675996827
2015-08-17 23:59:00+00:00,-0.0005685082554746052,0.004428051515732004,-0.0005815861560734458
2015-08-18 23:59:00+00:00,-0.0024640802830531773,0.014257232908428065,-0.0024084480816781726
2015-08-19 23:59:00+00:00,-0.0005654236261053447,-0.029094300338895696,-0.0005782656747224939
2015-08-20 23:59:00+00:00,-0.0038463289140332826,-0.009763502267851241,-0.0038591233167318594
2015-08-21 23:59:00+00:00,0.0034252685506468436,0.013121087962697276,0.003412406779529693
2015-08-24 23:59:00+00:00,-0.0005563763763122725,0.0029750858686338434,-0.0005685098035461656
2015-08-27 23:59:00+00:00,-0.0038893696743157614,-0.009622576099171052,-0.003901241421978486
2015-08-28 23:59:00+00:00,0.0033504605637771885,0.00482286225127938,0.003338526643348819
2015-08-31 23:59:00+00:00,-0.0005563763763122725,-0.020187601463245216,-0.0005685098035461656
2015-09-01 23:59:00+00:00,-0.002390109750640237,0.02866379004044556,-0.002338523156143155
2015-09-02 23:59:00+00:00,-0.0007261503399848743,-0.02602377342130536,-0.000737939259250639
2015-09-10 23:59:00+00:00,-0.0039228854818431904,0.023849965541648175,-0.0039346172078666124
2015-09-11 23:59:00+00:00,0.003399454676670159,-0.010937039389894276,0.003387675680862067
2015-09-14 23:59:00+00:00,-0.0006462311248260529,-0.025242617187607938,-0.0006582071125969782
2015-09-15 23:59:00+00:00,-0.0023962200913982164,-0.0030120504699916095,-0.002344757078037672
2015-09-16 23:59:00+00:00,-0.0008523197884663918,-0.01788139711828588,-0.0008627728357916598
2015-09-17 23:59:00+00:00,-0.003792274882351854,-0.012360141905723154,-0.003802677431772817
2015-09-18 23:59:00+00:00,0.003327276660629685,0.0015533983706208624,0.0033168324360291143
2015-09-21 23:59:00+00:00,-0.0007764176548865264,-0.003109213542481459,-0.0007870356581113258
2015-09-22 23:59:00+00:00,-0.0022349012880671596,0.008527183452226425,-0.0021893016600650463
2015-09-23 23:59:00+00:00,-0.0009525367950878811,-0.010475362521549385,-0.0009627485846692967
2015-09-28 23:59:00+00:00,-0.0008052280401666691,-0.024267335670698987,-0.0008156000942886
2015-09-29 23:59:00+00:00,-0.0022564930116782665,-0.036719880877581254,-0.002211976389217128
2015-09-30 23:59:00+00:00,-0.0009525367950878811,0.00737104074458995,-0.0009627485846692967
2015-10-01 23:59:00+00:00,-0.003850218547790358,-0.00040807998933988925,-0.0038603812132118383
2015-10-02 23:59:00+00:00,0.0032756176143943785,0.008130126083250309,0.003264865591996851
2015-10-05 23:59:00+00:00,-0.0009518709329636853,0.0016181233304102998,-0.0009627861174237289
2015-10-06 23:59:00+00:00,-0.0024065150261559634,0.009654137733089825,-0.002360146295297227
2015-10-07 23:59:00+00:00,-0.0009852378026467764,0.0016000003413332096,-0.000995973956509032
2015-10-15 23:59:00+00:00,-0.0038769762996559848,0.0049261183360557815,-0.0038876864793346982
2015-10-16 23:59:00+00:00,0.0033128396773725068,0.013826979133836572,0.0033024167325120092
2015-10-19 23:59:00+00:00,-0.0009250482844016565,-0.029510338149388565,-0.000935628591904535
2015-10-20 23:59:00+00:00,-0.002329973851949832,-0.007515692997236657,-0.0022850503004292148
2015-10-21 23:59:00+00:00,-0.0009586995692070638,-0.04281475830310552,-0.0009691072463123448
2015-10-22 23:59:00+00:00,-0.0038464972407943384,-0.10312717977785077,-0.0038568798475018626
2015-10-23 23:59:00+00:00,0.003333239731281342,0.014444160607908306,0.003323074789018588
2015-10-28 23:59:00+00:00,-0.001189033266480612,0.02796162945690145,-0.0011991834295155053
2015-10-29 23:59:00+00:00,-0.004354914938589578,-0.028404793656487716,-0.004365313433071991
2015-10-30 23:59:00+00:00,0.0028137570850634832,-0.00133067218570495,0.0028033194669411544
2015-11-02 23:59:00+00:00,-0.0016196117939448556,0.003986716243821383,-0.0016302021012268375
2015-11-03 23:59:00+00:00,-0.0029002656538006663,0.04410572184992309,-0.0028593261478430925
2015-11-04 23:59:00+00:00,-0.001563358570228365,0.0029567075394166626,-0.0015731012215202023
2015-11-12 23:59:00+00:00,-0.004925385658640404,0.01011386623692854,-0.004935093114021372
2015-11-13 23:59:00+00:00,0.002853529320754279,-0.005887317257036035,0.0028437855060855903
2015-11-16 23:59:00+00:00,-0.0016127448498840379,-0.010173890214382015,-0.0016226546020557833
2015-11-17 23:59:00+00:00,-0.002549550816073994,-0.030718400604802024,-0.00251446915192695
2015-11-18 23:59:00+00:00,-0.001431064033158995,-0.05927996388410408,-0.0014394180909588906
2015-11-25 23:59:00+00:00,-0.004744333063422448,0.01034414440544375,-0.004752657106933454
2015-11-27 23:59:00+00:00,0.002923978475304606,-0.001791312615136699,0.0029156234049541757
2015-11-30 23:59:00+00:00,-0.0014717161430437872,-0.030029553995942242,-0.0014802127471329639
2015-12-01 23:59:00+00:00,-0.0028373677294251617,0.007363125765038733,-0.002800551116040587
2015-12-02 23:59:00+00:00,-0.0018484847313467697,0.0022899025348548196,-0.0018572574916269858
2015-12-03 23:59:00+00:00,-0.0048198094743533565,-0.0559751090547155,-0.004828550887759952
2015-12-04 23:59:00+00:00,0.0027553832562504056,0.00145032657764624,0.0027466094176582896
2015-12-07 23:59:00+00:00,-0.0016631442690537394,-0.0038722216825095622,-0.0016720659514172739
2015-12-08 23:59:00+00:00,-0.00289845191705063,-0.02305719019612173,-0.0028654890798257768
2015-12-09 23:59:00+00:00,-0.0019425564949931253,-0.012484556662245396,-0.0019504158129930677
2015-12-10 23:59:00+00:00,-0.005169449295744655,-0.049443643972514585,-0.005177280683034138
2015-12-11 23:59:00+00:00,0.002635003857411722,-0.038756195926119896,0.002627143560545985
2015-12-14 23:59:00+00:00,-0.00192045054346276,-0.01771917898510291,-0.0019284425947168546
2015-12-15 23:59:00+00:00,-0.003195777618622716,-0.019746762934834558,-0.003163390561648307
2015-12-16 23:59:00+00:00,-0.0021887878762276887,0.006814336419730188,-0.002196514550687924
2015-12-30 23:59:00+00:00,-0.005570125546454524,-0.0012845216923567388,-0.005577824909729006
2015-12-31 23:59:00+00:00,0.0022436016392991566,-0.00386349482504459,0.0022358739904600154
2016-01-04 23:59:00+00:00,-0.0021302037762402468,-0.025262667513927764,-0.0021380602783711454
2016-01-05 23:59:00+00:00,-0.0033194320557483107,0.04948309940771655,-0.0032853831574858406
2016-01-06 23:59:00+00:00,-0.002188035256748315,0.03708706866233583,-0.002196163156269958
2016-01-07 23:59:00+00:00,-0.00559155957288948,-0.031226859342241446,-0.005599658897251681
2016-01-08 23:59:00+00:00,0.002173982735168258,-0.059764182417804144,0.002165853798594673
2016-01-11 23:59:00+00:00,-0.002249140301149263,0.005302707962305998,-0.0022574040759834263
2016-01-12 23:59:00+00:00,-0.0030875016254547183,-0.05900077569743631,-0.0030623346205692873
2016-01-13 23:59:00+00:00,-0.002038346532668691,-0.01840108537089118,-0.0020443576397874055
2016-01-21 23:59:00+00:00,-0.005739911364751094,0.008843436735674295,-0.005745901451580904
2016-01-22 23:59:00+00:00,0.001856227109285273,0.010143009965054765,0.0018502152266795177
2016-01-27 23:59:00+00:00,-0.002038346532668691,0.05179729201568484,-0.0020443576397874055
2016-01-28 23:59:00+00:00,-0.005738706029927543,-0.0656415371270259,-0.00574641366128973
2016-01-29 23:59:00+00:00,0.0018290055063189474,-0.06082794174103562,0.001821269963491355
2016-02-01 23:59:00+00:00,-0.002422719214343596,0.006399234242030477,-0.0024305817445579173
2016-02-02 23:59:00+00:00,-0.003429253310584107,-0.03292067862008933,-0.0033968887442112966
2016-02-03 23:59:00+00:00,-0.0021783595172282584,0.04511297790867123,-0.002186094051773286
2016-02-04 23:59:00+00:00,-0.006147795072668376,0.0366445949446454,-0.006155914275005974
2016-02-05 23:59:00+00:00,0.0014027128805427444,-0.01982131905965481,0.0013945644162718406
2016-02-08 23:59:00+00:00,-0.0025201477973302603,-0.02509784244467069,-0.002528429339115937
2016-02-09 23:59:00+00:00,-0.0037124180171657613,-0.025743995989788014,-0.003678344361825114
2016-02-10 23:59:00+00:00,-0.00207017035249503,-0.014141649814671742,-0.002078317744155
2016-02-18 23:59:00+00:00,-0.005937757051370856,0.009379379105038855,-0.00594669098368898
2016-02-19 23:59:00+00:00,0.0013240731026672291,-0.0216494716968533,0.0013151071985196161
2016-02-22 23:59:00+00:00,-0.00261191160837754,-0.002247191956904721,-0.0026210231623567935
2016-02-25 23:59:00+00:00,-0.005937757051370856,-0.04569612816851826,-0.00594669098368898
2016-02-26 23:59:00+00:00,0.0013240731026672291,0.01795588352025468,0.0013151071985196161
2016-02-29 23:59:00+00:00,-0.0026817513941934643,-0.037431270385296686,-0.0026904356850695242
2016-03-01 23:59:00+00:00,-0.0038734165724792725,-0.023516308283321727,-0.0038371666572520483
2016-03-02 23:59:00+00:00,-0.0019639651101660727,0.016339243982958242,-0.0019725098792995072
2016-03-03 23:59:00+00:00,-0.006116918642945299,0.014302985190331262,-0.006125423569274862
2016-03-04 23:59:00+00:00,0.0011487117337728005,0.012933748784568277,0.0011401662974708342
2016-03-07 23:59:00+00:00,-0.0028478886148079223,0.023095714794649395,-0.002857240037059031
2016-03-08 23:59:00+00:00,-0.003968184735459717,0.020339684237122783,-0.003929174192450414
2016-03-09 23:59:00+00:00,-0.001880107020920999,0.018837122086444242,-0.001889308925371644
2016-03-10 23:59:00+00:00,-0.006025160383577303,-0.0016478993017813872,-0.006034319590805994
2016-03-11 23:59:00+00:00,0.001225830973798291,0.017439134055375165,0.001216628331594279
2016-03-14 23:59:00+00:00,-0.0025951589978437913,0.009142306215290455,-0.00260420165300321
2016-03-15 23:59:00+00:00,-0.003723739393934538,0.035755649047734234,-0.0036860396036277185
2016-03-16 23:59:00+00:00,-0.0058794746093186676,-0.05740151582242699,-0.005888332286656602
2016-03-17 23:59:00+00:00,0.0014061338947004751,0.01896561858749307,0.00139723439642506
2016-03-21 23:59:00+00:00,-0.0025951589978437913,-0.03774032798284697,-0.00260420165300321
2016-03-22 23:59:00+00:00,-0.00348498031172147,0.006666691358189297,-0.003452224156645648
2016-03-23 23:59:00+00:00,-0.006058095991848776,0.02298951822469878,-0.006065797454717607
2016-03-29 23:59:00+00:00,-0.00348498031172147,-0.018711038926868467,-0.003452224156645648
2016-03-30 23:59:00+00:00,-0.0003242363791112592,-0.0015325673497781163,-0.0003318370425447791
2016-03-31 23:59:00+00:00,-0.004770152890277974,0.02124510861373628,-0.004777708785793269
2016-04-01 23:59:00+00:00,0.002901371139342593,-0.02226812660577084,0.0028938010411405334
2016-04-04 23:59:00+00:00,-0.0013605079097609074,-0.02225188836245502,-0.0013682020317628116
2016-04-05 23:59:00+00:00,-0.002211313088982659,0.05448025667328119,-0.002178437250824176
2016-04-06 23:59:00+00:00,-0.0003199526223607982,-0.013972283195016144,-0.00032753227397064994
2016-04-07 23:59:00+00:00,-0.004633201913468248,-0.03998482410719152,-0.004640735054034305
2016-04-08 23:59:00+00:00,0.00280438129398071,0.04699536859340897,0.0027985680775398296
2016-04-11 23:59:00+00:00,-0.0014447965111364946,0.015841915465657923,-0.0014507045245246235
2016-04-12 23:59:00+00:00,-0.001925805357644209,-0.032953555938379224,-0.0019005750292768494
2016-04-13 23:59:00+00:00,-0.0003662714895872421,-0.035127578626698616,-0.0003720920006443614
2016-04-14 23:59:00+00:00,-0.004505726927981408,0.019782008952038296,-0.004511511912603279
2016-04-15 23:59:00+00:00,0.002975793571643889,0.07351869694515568,0.0029692338705082006
2016-04-18 23:59:00+00:00,-0.0013868870554751482,-0.00914127125698633,-0.001393553230745402
2016-04-19 23:59:00+00:00,-0.00209738927660693,-0.00048344211722319626,-0.0020689364383638196
2016-04-20 23:59:00+00:00,-0.0005437573962796911,0.03422387238757752,-0.0005503252823224594
2016-04-21 23:59:00+00:00,-0.004683513381556134,-0.03664459494464533,-0.004690041391538853
2016-04-22 23:59:00+00:00,0.0033560415494753477,-0.015140704372879421,0.003348813748730319
2016-04-27 23:59:00+00:00,-0.00032048804862768354,0.04700113183373312,-0.0003277248173401239
2016-04-28 23:59:00+00:00,-0.0045064249406708695,-0.06447730476829495,-0.004513618003515243
2016-04-29 23:59:00+00:00,0.0033560415494753477,0.0213186368361069,0.003348813748730319
2016-05-02 23:59:00+00:00,-0.001353359234177016,0.026024653028965214,-0.0013607038116444895
2016-05-03 23:59:00+00:00,-0.002044607732209276,-0.030830044303903494,-0.0020143522745966033
2016-05-04 23:59:00+00:00,-0.00013862440939619376,0.011970456559221104,-0.00014555219476581455
2016-05-05 23:59:00+00:00,-0.004927083705834766,-0.0014289118887580096,-0.004933961810567483
2016-05-06 23:59:00+00:00,0.0033275173039588705,0.028197356861837563,0.0033206056682700217
2016-05-09 23:59:00+00:00,-0.0013795079260474027,0.006926834438349687,-0.0013865461785535454
2016-05-10 23:59:00+00:00,-0.002158322312368165,-0.008317977718581627,-0.0021231899279054206
2016-05-11 23:59:00+00:00,-6.472799925051165e-05,-0.027759957096915217,-7.277769749814626e-05
2016-05-12 23:59:00+00:00,-0.0048908491487409805,-0.0324877056151181,-0.004898841411723195
2016-05-13 23:59:00+00:00,0.003456340244840283,0.009320646333583723,0.003448309222889738
2016-05-16 23:59:00+00:00,-0.0012307653945202125,-0.023216651575665107,-0.001238942882522668
2016-05-17 23:59:00+00:00,-0.002214168981138907,0.018812435990722,-0.0021795624495943053
2016-05-18 23:59:00+00:00,-0.00021136664306370162,0.01121689400244981,-0.0002193009169762616
2016-05-19 23:59:00+00:00,-0.005034488507964319,-0.0034005376465700804,-0.005042366454009695
2016-05-20 23:59:00+00:00,0.0034555610413586416,-0.03717900324175413,0.0034476450892735573
2016-05-23 23:59:00+00:00,-0.001219040271142992,0.006042314455962662,-0.0012270999480271107
2016-06-02 23:59:00+00:00,-0.005038798683688568,0.027962348136830083,-0.005045858953295142
2016-06-03 23:59:00+00:00,0.003269901666368264,0.0032388692281435237,0.0032628074623563827
2016-06-06 23:59:00+00:00,-0.0012977392097136627,-0.002428167927154844,-0.0013049540786746275
2016-06-07 23:59:00+00:00,-0.0021275507829844804,0.05862051750486749,-0.002096509103009948
2016-06-08 23:59:00+00:00,-0.00017278832328710293,-0.023585087032720393,-0.00017989887235780769
2016-06-09 23:59:00+00:00,-0.004848477360752928,0.01128197144510408,-0.004854174743495065
2016-06-10 23:59:00+00:00,0.003320357416883024,0.007323216385930496,0.0033146328296615795
2016-06-13 23:59:00+00:00,-0.0012525237279780834,-0.003462207728470861,-0.0012583452901031144
2016-06-14 23:59:00+00:00,-0.0017933798519131636,-0.005797117684325958,-0.0017683841462286444
2016-06-15 23:59:00+00:00,-0.0001220915950479592,0.016529301951210724,-0.00012783537633767215
2016-06-16 23:59:00+00:00,-0.00478592352969328,0.04619070622839999,-0.004791665169917318
2016-06-17 23:59:00+00:00,0.0033324710244757296,0.007615630642286279,0.003326702108743808
2016-06-20 23:59:00+00:00,-0.001267514162857763,-0.03342827321720754,-0.0012733803687020621
2016-06-21 23:59:00+00:00,-0.0018169833867073897,0.007813993247348595,-0.0017918097875000943
2016-06-22 23:59:00+00:00,-0.0002283478546775998,-0.013433037812644278,-0.00023413602918400354
2016-06-23 23:59:00+00:00,-0.004546340229629249,0.020082489723529877,-0.004552043049267291
2016-06-28 23:59:00+00:00,-0.0017453983606437401,0.021082515771554112,-0.0017204108930694178
2016-06-29 23:59:00+00:00,-0.00012983704794071287,0.021316997346440828,-0.00013558586613417732
2016-07-07 23:59:00+00:00,-0.004546340229629249,-0.03598425673996439,-0.004552043049267291
2016-07-08 23:59:00+00:00,0.003377086205121143,0.011773498763750683,0.0033713564323201535
2016-07-11 23:59:00+00:00,-0.0013743195886269596,0.0010966917567842122,-0.0013795381597451711
2016-07-12 23:59:00+00:00,-0.0016277938359668446,-0.00366032619509063,-0.0016054475491899525
2016-07-13 23:59:00+00:00,-8.245285917248381e-05,0.01057824928796073,-8.759196000643473e-05
2016-07-14 23:59:00+00:00,-0.004561553305509724,-0.012413448922137736,-0.004566651434031148
2016-07-15 23:59:00+00:00,0.003389964263805185,0.002201835751941493,0.0033848313788720835
2016-07-18 23:59:00+00:00,-0.001357333020096736,-0.02599477969016217,-0.0013626592433986352
2016-07-19 23:59:00+00:00,-0.001631023179294003,0.012710451491427816,-0.001608227760665984
2016-07-20 23:59:00+00:00,-3.138639133877562e-05,0.031086796542181015,-3.663184952131752e-05
2016-07-21 23:59:00+00:00,-0.004588002064341307,-0.010861801211525815,-0.004593205899247615
2016-07-22 23:59:00+00:00,0.003431258736712836,-0.012823037034987602,0.003426019588695997
2016-07-27 23:59:00+00:00,9.884611793996062e-05,0.0010436598616477342,9.405291792727679e-05
2016-07-28 23:59:00+00:00,-0.00461507296922833,-0.03719217397795894,-0.004619828294557357
2016-07-29 23:59:00+00:00,0.0033566361322493682,-0.013808358934910375,0.003351853648412192
2016-08-01 23:59:00+00:00,-0.0014693245257629904,0.03805197054490315,-0.0014741911639720587
2016-08-02 23:59:00+00:00,-0.0015673232784185153,-0.0017627362223454294,-0.0015464757454316837
2016-08-03 23:59:00+00:00,9.79870311518167e-05,-0.02212005994083195,9.326350032860353e-05
2016-08-04 23:59:00+00:00,-0.004753122956975543,-0.008695706967553708,-0.004757809046668912
2016-08-05 23:59:00+00:00,0.003280143629878267,-0.049609276843216636,0.003275430678314835
2016-08-08 23:59:00+00:00,-0.0012973692848988287,-0.02086629029949816,-0.0013021651016130336
2016-08-09 23:59:00+00:00,-0.0015723592975370793,-0.003912368057713783,-0.0015516763709064775
2016-08-10 23:59:00+00:00,-4.356427541332437e-05,0.013626841189991206,-4.77365267781576e-05
2016-08-11 23:59:00+00:00,-0.004818397559111332,0.0015455953617805433,-0.004822536893735413
2016-08-12 23:59:00+00:00,0.00301176169482028,0.010370747836562381,0.003007598745509829
2016-08-15 23:59:00+00:00,-0.001433014109359751,0.0007639419775660304,-0.0014372499386632364
2016-08-16 23:59:00+00:00,-0.001623557045082231,0.02078291315417659,-0.0016052994003024437
2016-08-17 23:59:00+00:00,2.6721524582507374e-05,-0.03423689275939598,2.2351705458263952e-05
2016-08-18 23:59:00+00:00,-0.0047791501807227625,0.03610500464211614,-0.00478348568492785
2016-08-19 23:59:00+00:00,0.00305549611595357,0.030149342385545827,0.0030511359952257473
2016-08-22 23:59:00+00:00,-0.0014100257730877235,0.012596891423546435,-0.0014144618985064182
2016-08-23 23:59:00+00:00,-0.0016200917709615164,0.017724675296096903,-0.0016009813381702817
2016-08-24 23:59:00+00:00,-8.13253260455362e-05,0.008745901471266188,-8.540852179058115e-05
2016-08-29 23:59:00+00:00,-0.0013138280655833547,0.021001821969344758,-0.001317972956750002
2016-08-30 23:59:00+00:00,-0.0014841978578861554,-0.033459715780672014,-0.0014663517430744794
2016-08-31 23:59:00+00:00,-8.13253260455362e-05,0.0,-8.540852179058115e-05
2016-09-08 23:59:00+00:00,-0.004579160669598367,0.04132240558263295,-0.004583211949833282
2016-09-09 23:59:00+00:00,0.0032103002765387365,-0.002060440289391201,0.0032057639541905264
2016-09-12 23:59:00+00:00,-0.0012072243630193986,-0.006898958028966358,-0.0012118341357118603
2016-09-13 23:59:00+00:00,-0.0015319693721169156,0.013067586225650725,-0.0015122982967631679
2016-09-14 23:59:00+00:00,-3.612782075394154e-05,0.0071489666173413895,-4.0664800335981017e-05
2016-09-15 23:59:00+00:00,-0.004570532619251068,-0.004760294606300119,-0.0045750438218602986
2016-09-16 23:59:00+00:00,0.003216084992550005,0.03779082028278197,0.003211679863339663
2016-09-19 23:59:00+00:00,-0.001204905626345959,0.003276542905125306,-0.0012093817757331611
2016-09-20 23:59:00+00:00,-0.0014393972308169305,-0.022160655506102328,-0.0014203053194008146
2016-09-21 23:59:00+00:00,2.047259703365418e-05,-0.01177473654453353,1.6066840207161785e-05
2016-09-22 23:59:00+00:00,-0.00435818882178341,0.014113137476464505,-0.004362569670277755
2016-09-23 23:59:00+00:00,0.0033601152592698993,-0.0003337226795531052,0.0033551145264425148
2016-09-28 23:59:00+00:00,-2.5082596970411528e-05,-0.018073808269981444,-3.008403045146762e-05
2016-09-29 23:59:00+00:00,-0.004357074857917404,0.005832920981017655,-0.0043620481537223815
2016-09-30 23:59:00+00:00,0.0033601152592698993,0.013929221304731529,0.0033551145264425148
2016-10-03 23:59:00+00:00,-0.0011827104725986041,0.025646701261387028,-0.0011877914834558278
2016-10-04 23:59:00+00:00,-0.0015191076383358642,0.002627259310890092,-0.0014969965977119184
2016-10-05 23:59:00+00:00,-9.029346676309234e-05,0.0461472457265272,-9.535950093934853e-05
2016-10-13 23:59:00+00:00,-0.004234679750653274,-0.012559515683407357,-0.004239711950825771
2016-10-14 23:59:00+00:00,0.0033962411868556242,0.005839881358017036,0.003391181077399682
2016-10-17 23:59:00+00:00,-0.0011743846392622088,-0.028915429721994308,-0.0011795361580299718
2016-10-18 23:59:00+00:00,-0.00146741538174103,-0.009190367332679672,-0.0014442881442930694
2016-10-19 23:59:00+00:00,0.00012941069505217548,-0.048264991685947646,0.00012410880842790833
2016-10-20 23:59:00+00:00,-0.004234730943992676,-0.05564622274079936,-0.004239997587740301
2016-10-21 23:59:00+00:00,0.0034385727547334077,-0.020339684237122672,0.003433277036282281
2016-10-24 23:59:00+00:00,-0.0010255738751123226,-0.015622479401071917,-0.001030964861706549
2016-10-27 23:59:00+00:00,-0.0045172446748054165,-0.02577210001927796,-0.004521813102754629
2016-10-28 23:59:00+00:00,0.0016821014803837968,-0.04184146090416792,0.0016773176254271857
2016-10-31 23:59:00+00:00,-0.002868788216719485,-0.03864196956187015,-0.0028736497701627554
2016-11-01 23:59:00+00:00,-0.0031645261964829774,-0.008271940711301086,-0.0031446397714504715
2016-11-02 23:59:00+00:00,-0.0017262957896938076,-0.0007225433840360216,-0.001731084980496421
2016-11-10 23:59:00+00:00,-0.006289890627408768,0.04844464365753372,-0.0062942166730600956
2016-11-11 23:59:00+00:00,0.001400538181173083,-0.01465764608015062,0.0013961901230775018
2016-11-14 23:59:00+00:00,-0.0031294098433304928,0.020099342802465232,-0.003133828055783424
2016-11-15 23:59:00+00:00,-0.0032919382789596482,-0.02231663861111292,-0.0032739215592582716
2016-11-16 23:59:00+00:00,-0.0018299012583461592,0.05049756537455225,-0.0018342541760863274
2016-11-28 23:59:00+00:00,-0.002889225555086094,0.011099558982010737,-0.0028946960302185624
2016-11-29 23:59:00+00:00,-0.0032358499605430243,0.044633337866716846,-0.0032135491949413708
2016-11-30 23:59:00+00:00,-0.0014788354874865578,-0.019882516364544495,-0.0014842254909461588
2016-12-01 23:59:00+00:00,-0.0059351038582717685,0.06151445383380613,-0.005940460735550917
2016-12-02 23:59:00+00:00,0.001477347708533137,-0.005213346970332296,0.0014719636989637872
2016-12-05 23:59:00+00:00,-0.0026701609192980504,-0.008842279219526404,-0.002674861785350211
2016-12-06 23:59:00+00:00,-0.0028735964478823085,0.025213722634208846,-0.002854486941445829
2016-12-07 23:59:00+00:00,-0.0013922224299438958,0.013708049621731623,-0.0013968545065338042
2016-12-08 23:59:00+00:00,-0.005513074635085891,-0.06592763286385568,-0.0055176783477262625
2016-12-09 23:59:00+00:00,0.0016374564689723126,-0.009454303339127806,0.0016328243923824062
2016-12-12 23:59:00+00:00,-0.002740163415054544,0.018820059326769886,-0.0027438930441490306
2016-12-13 23:59:00+00:00,-0.002796332319559381,-0.030400964670399228,-0.0027811749935668616
2016-12-14 23:59:00+00:00,-0.0013762359014270614,-0.005548269452530447,-0.0013799112040590088
2016-12-15 23:59:00+00:00,-0.005791356062201224,-0.006757775093096809,-0.005795008959475349
2016-12-16 23:59:00+00:00,0.001566207477588669,-0.03877270031847305,0.001562532174956721
2016-12-19 23:59:00+00:00,-0.002679965154357428,0.08204452174945828,-0.00268432976648392
2016-12-20 23:59:00+00:00,-0.002943960534955944,-0.0011299436230482256,-0.002926227182626126
2016-12-21 23:59:00+00:00,-0.0014233987907821199,0.03444785051472537,-0.0014277001177981775
2017-01-05 23:59:00+00:00,-0.00582559059810179,-0.05699726647033071,-0.005829865819374494
2017-01-06 23:59:00+00:00,0.0014919366921487944,0.05486409485539484,0.0014876353651327348
2017-01-09 23:59:00+00:00,-0.002281685673721989,-0.01661065567725601,-0.002286158447744333
2017-01-10 23:59:00+00:00,-0.002894032508123333,0.04902645906656177,-0.0028758642549731013
2017-01-11 23:59:00+00:00,-0.001238713261445713,0.009698826946220696,-0.0012431214772915576
2017-01-19 23:59:00+00:00,-0.005979630517729624,0.012098798119068103,-0.005984012097006566
2017-01-20 23:59:00+00:00,0.001376433939236277,0.011039670537330308,0.0013720257233904326
2017-01-23 23:59:00+00:00,-0.002178351779197775,0.016034226442085034,-0.002182025777834795
2017-01-24 23:59:00+00:00,-0.0025147684536124806,0.014894526171792308,-0.00249984845009022
2017-01-27 23:59:00+00:00,0.001750192219312154,-0.036230139873648974,0.001746571009251762
2017-01-30 23:59:00+00:00,-0.002178351779197775,0.01622947316697944,-0.002182025777834795
2017-01-31 23:59:00+00:00,-0.0025147684536124806,0.005979561483019887,-0.00249984845009022
2017-02-01 23:59:00+00:00,-0.0009982800237147483,-0.039685207584561025,-0.0010015837286471206
2017-02-02 23:59:00+00:00,-0.00571383986861018,-0.00425323723131806,-0.005717123796581805
2017-02-03 23:59:00+00:00,0.0016718315402082522,0.02589141393274171,0.0016685350385246388
2017-02-06 23:59:00+00:00,-0.001993368553884066,-0.0012787725527769762,-0.0019967129222647
2017-02-07 23:59:00+00:00,-0.0024086585684953803,0.004786988557224649,-0.0023950648523589956
2017-02-08 23:59:00+00:00,-0.0011554705296384484,-0.03465933963016906,-0.001158517936535145
2017-02-09 23:59:00+00:00,-0.005714078705876001,-0.03011268005971068,-0.005717107949578233
2017-02-10 23:59:00+00:00,0.00176004153657483,-0.013335810562755278,0.0017570007479990974
2017-02-13 23:59:00+00:00,-0.0019961995234524035,0.006861090379945381,-0.001999284264219822
2017-02-14 23:59:00+00:00,-0.0023791727969389356,-0.024572961629175032,-0.0023666373640851383
2017-02-15 23:59:00+00:00,-0.00136186307343667,-0.0070323777861560225,-0.0013644171897966516
2017-02-24 23:59:00+00:00,0.0016264246641561554,0.029634508063177935,0.0016238760730416624
2017-02-27 23:59:00+00:00,-0.002034760584071919,0.00897188864067648,-0.0020373458456996343
2017-02-28 23:59:00+00:00,-0.0024229170865578318,0.0017847586390272237,-0.002412413824904796
2017-03-01 23:59:00+00:00,-0.00136186307343667,0.008169109539109603,-0.0013644171897966516
2017-03-02 23:59:00+00:00,-0.005862016077276516,0.025839426427813623,-0.00586512611611561
2017-03-03 23:59:00+00:00,0.0017546750722700613,-0.02690118550827132,0.001751556856583771
2017-03-06 23:59:00+00:00,-0.0019694744526199313,0.02690118550827132,-0.001972636955499194
2017-03-07 23:59:00+00:00,-0.0024773366200763775,0.024852342898696544,-0.0024646533107258737
2017-03-08 23:59:00+00:00,-0.0013633443781099549,0.011367558049629887,-0.0013664694389186657
2017-03-09 23:59:00+00:00,-0.005654325361449083,0.01156846482724069,-0.005657068879340798
2017-03-10 23:59:00+00:00,0.0017315703266131707,-0.035114793163148486,0.0017288196292336107
2017-03-13 23:59:00+00:00,-0.0017654744601735398,0.014529736944248826,-0.0017682640493034353
2017-03-14 23:59:00+00:00,-0.0022800490630691087,-0.02685866023393824,-0.002268862315816538
2017-03-15 23:59:00+00:00,-0.0012389738350650531,0.015726819865094065,-0.0012417305457497131
2017-03-16 23:59:00+00:00,-0.005607592481154404,0.03105943436813742,-0.005610880586331439
2017-03-17 23:59:00+00:00,0.0015725226370607507,0.016955085007705022,0.0015692259672949863
2017-03-20 23:59:00+00:00,-0.0017175085586935315,-0.026869244203335783,-0.001720851630933884
2017-03-21 23:59:00+00:00,-0.0023987111263876547,0.013197156234935876,-0.0023853059577915083
2017-03-22 23:59:00+00:00,-0.0012087714911599707,0.008160645908864833,-0.0012120753379955445
2017-03-23 23:59:00+00:00,-0.005395340743204122,-0.007832938221186947,-0.00539851570592963
2017-03-24 23:59:00+00:00,0.0017047962050156114,0.01431384230527015,0.0017016130106943797
2017-03-29 23:59:00+00:00,-0.00106952477659011,-0.0003134304993532261,-0.0010727148723894964
2017-03-30 23:59:00+00:00,-0.004510338115346365,-0.019627094113688525,-0.004513327469918774
2017-03-31 23:59:00+00:00,0.0025897988328733674,0.05140518071116259,0.002586801246705236
2017-04-03 23:59:00+00:00,-0.000883843988319018,-0.008233008845953887,-0.0008869054054817235
2017-04-04 23:59:00+00:00,-0.0014020000608256976,0.01970656466326918,-0.0013887860316405885
2017-04-05 23:59:00+00:00,-0.00016937227897500075,-0.021238662404360502,-0.0001723890801337293
2017-04-06 23:59:00+00:00,-0.0045985222283983305,-0.00707804155173878,-0.00460152455352896
2017-04-07 23:59:00+00:00,0.0026146284607471127,-0.02755340241790177,0.002611615053964721
2017-04-10 23:59:00+00:00,-0.0008936443123966282,0.011677582597657535,-0.0008963584568889382
2017-04-11 23:59:00+00:00,-0.0012956143697167954,0.012472877634625531,-0.0012839055038507464
2017-04-12 23:59:00+00:00,-0.004588323241699548,-0.020031968746313043,-0.0045909851867765375
2017-04-13 23:59:00+00:00,0.002818725684918459,-0.005707054171107871,0.0028160539450699253
2017-04-17 23:59:00+00:00,-0.0008936443123966282,0.012638398871722849,-0.0008963584568889382
2017-04-18 23:59:00+00:00,-0.001253490576588444,-0.008196767204178626,-0.0012437462664990975
2017-04-19 23:59:00+00:00,-0.00024290782524600868,-0.018530881701636217,-0.0002451371112641179
2017-04-20 23:59:00+00:00,-0.00465866414684016,-0.011350859668689563,-0.00466088079039898
2017-04-21 23:59:00+00:00,0.0026595685562109377,-0.0075299095347882185,0.0026573458124648204
2017-04-26 23:59:00+00:00,-0.00024290782524600868,0.011358525801630735,-0.0002451371112641179
2017-04-27 23:59:00+00:00,-0.004697072750016058,-0.018795808301240214,-0.004699320688924583
2017-04-28 23:59:00+00:00,0.0026076661786886036,-0.006240269860084623,0.00260541207270964
2017-05-01 23:59:00+00:00,-0.0008166042138113558,0.010275662578204297,-0.0008188959103430933
2017-05-02 23:59:00+00:00,-0.0012959029962788596,-0.01309653891984568,-0.001286026917774014
2017-05-03 23:59:00+00:00,-0.00032587024267960473,0.024799783060416625,-0.0003281309584369284
2017-05-04 23:59:00+00:00,-0.0047547151165095135,-0.029203690775671795,-0.004757178984214068
2017-05-05 23:59:00+00:00,0.0025689284826363357,0.01719060929722321,0.0025664578764881454
2017-05-08 23:59:00+00:00,-0.0007783425835652813,0.01994236974499863,-0.0007808542365362292
2017-05-09 23:59:00+00:00,-0.0013494063343610654,0.025196293918887266,-0.0013385878753326913
2017-05-10 23:59:00+00:00,-0.00028769201124855567,0.014117881545785022,-0.0002901698350174976
2017-05-11 23:59:00+00:00,-0.0048145630941101225,-0.022147664467428017,-0.00481667667936583
2017-05-12 23:59:00+00:00,0.0026533146089384677,-0.036179656577502474,0.002651195261187336
2017-05-15 23:59:00+00:00,-0.0006659910147272558,-0.011834457647002796,-0.0006681454420634854
2017-05-16 23:59:00+00:00,-0.001211729998737771,-0.003137749671967249,-0.0012024548920279848
2017-05-17 23:59:00+00:00,-0.00016339827990833082,0.02298951822469878,-0.00016552379609948635
2017-05-18 23:59:00+00:00,-0.004903261599998476,0.022472855852058576,-0.004905177554640298
2017-05-19 23:59:00+00:00,0.0024841933624577964,-0.03390155167568146,0.00248227220036089
2017-05-22 23:59:00+00:00,-0.0007357942720735319,-0.0031113901889511957,-0.0007377471150319911
2017-05-23 23:59:00+00:00,-0.0012460131660955885,-0.00782109414558324,-0.001237610084753261
2017-06-01 23:59:00+00:00,-0.004903261599998476,-0.005684683424325309,-0.004905177554640298
2017-06-02 23:59:00+00:00,0.0023523943497350394,0.01992097749455435,0.002350308111311137
2017-06-05 23:59:00+00:00,-0.0007429659901158576,-0.0072583624503227305,-0.0007450865039149544
2017-06-06 23:59:00+00:00,-0.0012699209393104529,0.002645504188424175,-0.0012608008441822654
2017-06-07 23:59:00+00:00,-4.745994402694117e-05,0.003626178359453665,-4.955220965701854e-05
2017-06-08 23:59:00+00:00,-0.004801458962351675,-0.004948055617369525,-0.004803539563366387
2017-06-09 23:59:00+00:00,0.0024250342289279963,-0.019366214601546104,0.002422969134927897
2017-06-12 23:59:00+00:00,-0.000760228127049692,-0.011188453720426548,-0.0007623270234828899
2017-06-13 23:59:00+00:00,-0.0012459157007631955,0.04108108130896007,-0.0012368929476853229
2017-06-14 23:59:00+00:00,-2.5625846030407013e-05,-0.006236685240662381,-2.7696884160950414e-05
2017-06-15 23:59:00+00:00,-0.004796556159723691,-0.04823055785431951,-0.004798615690704602
2017-06-16 23:59:00+00:00,0.0023477832455125964,0.004481993367446811,0.0023466604967062776
2017-06-19 23:59:00+00:00,-0.0007984814574375967,-0.004827595582740945,-0.0007996225161094233
2017-06-20 23:59:00+00:00,-0.0010765009881046972,0.0003456022152942702,-0.0010715981386015237
2017-06-21 23:59:00+00:00,-4.618966880285476e-05,0.012021439636304126,-4.731563743298208e-05
2017-06-22 23:59:00+00:00,-0.004794747742713596,0.032910962193985246,-0.0047958674763656384
2017-06-23 23:59:00+00:00,0.0023414843185108414,0.0032981560240301147,0.0023405288760205236
2017-06-28 23:59:00+00:00,-1.5849557862075182e-05,-0.002303769325639391,-1.6807730333562917e-05
2017-07-06 23:59:00+00:00,-0.0049651137031959565,0.022441818747197334,-0.004966066587755133
2017-07-07 23:59:00+00:00,0.0023414843185108414,0.039496432157975665,0.0023405288760205236
2017-07-10 23:59:00+00:00,-0.000828249832741968,-0.02055775315900662,-0.0008292207993194937
2017-07-11 23:59:00+00:00,-0.0010391852102508775,-0.008072697725111176,-0.0010331990457939726
2017-07-12 23:59:00+00:00,2.0339879294303462e-05,0.006396251397859011,1.8974133586422684e-05
2017-07-13 23:59:00+00:00,-0.004687710577526526,0.013333530869465168,-0.004689067628697882
2017-07-14 23:59:00+00:00,0.0025235709773117295,0.02226680077575145,0.0025222103161133005
2017-07-17 23:59:00+00:00,-0.0007833890172143291,-0.00714985171290738,-0.0007847741628048082
2017-07-18 23:59:00+00:00,-0.0010590983048401354,-0.0075299095347882185,-0.0010521521718097181
2017-07-19 23:59:00+00:00,5.09703447451426e-05,-0.02428191810022578,4.9384700784485536e-05
2017-07-20 23:59:00+00:00,-0.0046162843962729554,-0.02419610287508989,-0.0046178599788318005
2017-07-21 23:59:00+00:00,0.0026019779528462196,0.015403350927111256,0.0026003981915851972
2017-07-24 23:59:00+00:00,-0.0008524980227704182,-0.006816658979097792,-0.0008541061093457199
2017-07-27 23:59:00+00:00,-0.004707305147133379,-0.05127539873708784,-0.004708812793674262
2017-07-28 23:59:00+00:00,0.0026262164482933775,0.008907951297205428,0.0026247048248391087
2017-07-31 23:59:00+00:00,-0.0009214175073275967,-0.0028419202075806995,-0.0009229548022766847
2017-08-01 23:59:00+00:00,-0.0011069775388056207,-0.003920874743236663,-0.0011003263482172753
2017-08-02 23:59:00+00:00,-5.945125300942794e-05,-0.009329095288518338,-6.096847985402219e-05
2017-08-03 23:59:00+00:00,-0.004891036312377644,0.009686174385331653,-0.004892418949822572
2017-08-04 23:59:00+00:00,0.002629483019477171,0.007469357152650689,0.002628096737221526
2017-08-07 23:59:00+00:00,-0.0009480704794802928,0.021385565225642826,-0.0009494802356491108
2017-08-08 23:59:00+00:00,-0.0011379127259351421,0.03476832818830027,-0.0011318239256911313
2017-08-09 23:59:00+00:00,-7.878714538989812e-05,-0.0006702413119538506,-8.017976560133937e-05
2017-08-10 23:59:00+00:00,-0.004810227690576713,-0.008078132114538818,-0.0048111092354728565
2017-08-11 23:59:00+00:00,0.0026764625031518796,-0.008143920138012793,0.002675578641394431
2017-08-14 23:59:00+00:00,-0.0008330936043509033,-0.01545095115571899,-0.0008339923788919155
2017-08-15 23:59:00+00:00,-0.0009680341897006183,0.013404565721255509,-0.0009641542410413081
2017-08-16 23:59:00+00:00,-8.23744270586253e-05,-0.012367041851598414,-8.326231617335092e-05
2017-08-17 23:59:00+00:00,-0.004827704164068029,0.02357068985160911,-0.004828217003288849
2017-08-18 23:59:00+00:00,0.002631987693321484,-0.00779532840882673,0.002631473510324836
2017-08-21 23:59:00+00:00,-0.0008946499752902189,-0.003749791337715193,-0.000895172802726138
2017-08-22 23:59:00+00:00,-0.0009189691999426904,0.007146533734074087,-0.0009167132797988167
2017-08-23 23:59:00+00:00,-9.060547870554428e-05,-0.019517825536620903,-9.112199674497518e-05
2017-08-24 23:59:00+00:00,-0.0047238070123583956,0.011346176387301522,-0.004724189903621455
2017-08-29 23:59:00+00:00,-0.0008832922896125422,0.03378812798135003,-0.0008816089115616372
2017-08-30 23:59:00+00:00,-0.00013026000388126498,0.009820046180975294,-0.0001306456329234931
2017-09-07 23:59:00+00:00,-0.0047238070123583956,0.02054866822738776,-0.004724189903621455
2017-09-08 23:59:00+00:00,0.002599626267492959,0.017140396106501445,0.002599242375971608
2017-09-11 23:59:00+00:00,-0.0008727387282980372,0.018815541048640392,-0.0008726303674775073
2017-09-12 23:59:00+00:00,-0.0007216716408012293,0.003916454092235142,-0.0007221383442645009
2017-09-13 23:59:00+00:00,-0.00013600518486396075,-0.015097103281819138,-0.000135898304787151
2017-09-14 23:59:00+00:00,-0.004552520958166457,0.03955134631879952,-0.0045524148354674
2017-09-15 23:59:00+00:00,0.002627670505118417,-0.007657982542845795,0.0026277770888946507
2017-09-18 23:59:00+00:00,-0.0007705576320038074,-0.009009069942365968,-0.0007706204539741053
2017-09-19 23:59:00+00:00,-0.0006750656482972604,-0.04901643411043579,-0.0006747952031091364
2017-09-20 23:59:00+00:00,-0.00016140678651667796,0.0044030553776340485,-0.0001614687530125899
2017-09-21 23:59:00+00:00,-0.00437232221938318,-0.01361028154609495,-0.004372383748176742
2017-09-22 23:59:00+00:00,0.0027067282533107286,-0.0003426417713837803,0.0027066664579933793
2017-09-27 23:59:00+00:00,-0.00017643539043711402,-0.003320056170531901,-0.00017722386046349788
2017-09-28 23:59:00+00:00,-0.004434906980665575,-0.030730089859980374,-0.004435689908011265
2017-09-29 23:59:00+00:00,0.002628623116109252,-0.007227703121453145,0.0026278374891110473
2017-10-02 23:59:00+00:00,-0.0008328401004597934,0.01542447032563173,-0.000833639410614342
2017-10-03 23:59:00+00:00,-0.0008908771054817491,-0.005799095221481352,-0.0008874336240098785
2017-10-04 23:59:00+00:00,-0.00019668299627552182,-0.020740460013130953,-0.00019738154263951595
2017-10-12 23:59:00+00:00,-0.004534327548175901,-0.018163970627671066,-0.004535021208952304
2017-10-13 23:59:00+00:00,0.0025851439889898855,0.005416397805168451,0.0025844479543747894
2017-10-16 23:59:00+00:00,-0.0007812377299669708,-0.03714319679096245,-0.0007819458675923465
2017-10-17 23:59:00+00:00,-0.0009003683883145072,0.00663526094250797,-0.0008973006018723909
2017-10-18 23:59:00+00:00,-0.00029839352881192935,0.014513039805303132,-0.0002989119976369789
2017-10-19 23:59:00+00:00,-0.0046098190578398104,0.02573795984535532,-0.004610333911916606
2017-10-20 23:59:00+00:00,0.002565835206576767,-0.00569993160984759,0.0025653185957370365
2017-10-23 23:59:00+00:00,-0.0009460294369088288,-0.01866675616598563,-0.0009465549996932861
2017-10-24 23:59:00+00:00,-0.0009493315183164571,-0.009984589747636831,-0.0009470557959411345
2017-10-27 23:59:00+00:00,0.0025440068770496635,-0.023883769192270546,0.0025433963990038177
2017-10-30 23:59:00+00:00,-0.0018882210609656867,-0.0010364485294718936,-0.0018888739849756047
2017-10-31 23:59:00+00:00,-0.001831004415324538,0.01441342728606191,-0.0018283646656487914
2017-11-01 23:59:00+00:00,-0.0011228279784998977,0.016557229061454595,-0.0011234725672712629
2017-11-09 23:59:00+00:00,-0.00538272981835278,-0.014420312577218762,-0.005383370141184392
2017-11-10 23:59:00+00:00,0.0016321669323446524,-0.020737702802155658,0.001631817824217452
2017-11-13 23:59:00+00:00,-0.0018229764748908766,-0.0071174677688638785,-0.0018233311926950883
2017-11-14 23:59:00+00:00,-0.0017093083378427374,-0.008804883232742295,-0.0017078809962729762
2017-11-15 23:59:00+00:00,-0.0009986947545948034,0.014309187238325043,-0.0009990449748205298
2017-11-22 23:59:00+00:00,-0.00531970605934128,0.04006806659134528,-0.0053200543316571135
2017-11-28 23:59:00+00:00,-0.0017146356518126947,-0.049655590445860834,-0.0017123606081735124
2017-11-29 23:59:00+00:00,-0.0009237502247197537,0.011830568480470665,-0.0009243073282369388
2017-11-30 23:59:00+00:00,-0.005174765070232281,-0.025141913118710016,-0.005175318535330493
2017-12-01 23:59:00+00:00,0.0015769099168188704,-0.024073039071552282,0.001576354580597935
2017-12-04 23:59:00+00:00,-0.0018209916394662106,0.0027416055554947178,-0.0018215558723727189
2017-12-05 23:59:00+00:00,-0.0019897888337892496,-0.05595126738722837,-0.0019847688996815108
2017-12-06 23:59:00+00:00,-0.00097874116676065,0.003252035386377316,-0.00097997338883413
2017-12-07 23:59:00+00:00,-0.005342628760984437,0.02000066670666965,-0.0053438529866767365
2017-12-08 23:59:00+00:00,0.001388841303953798,-0.05449950076534556,0.0013876129612582573
2017-12-11 23:59:00+00:00,-0.0019204365016216951,0.013721706116917974,-0.0019216856313465664
2017-12-12 23:59:00+00:00,-0.0022786024410794744,-0.011483734276463304,-0.002270271661967134
2017-12-13 23:59:00+00:00,-0.001055334521132953,-0.02719200769525077,-0.0010573797888033052
2017-12-14 23:59:00+00:00,-0.005349381522174347,0.04966486354730922,-0.0053514135720618946
2017-12-15 23:59:00+00:00,0.0011058913377755433,-0.019496663179012552,0.0011038524819835481
2017-12-18 23:59:00+00:00,-0.001994664656962049,-0.020642504411331773,-0.0019967378759282745
2017-12-19 23:59:00+00:00,-0.0022943089923546534,-0.014899989122741876,-0.0022849842680763045
2017-12-20 23:59:00+00:00,-0.0011269963412413701,0.026212326951469328,-0.0011292860103211291
2018-01-04 23:59:00+00:00,-0.005145781752701552,0.014209830572653003,-0.0051480566853437625
2018-01-05 23:59:00+00:00,0.0010544587682728389,0.03056854894939358,0.0010521762470830113
2018-01-08 23:59:00+00:00,-0.001918615414074188,-0.00583292098101766,-0.001920936249684003
2018-01-09 23:59:00+00:00,-0.002287425392620026,0.059449890552991866,-0.002276340461432519
2018-01-10 23:59:00+00:00,-0.0009786350427898383,0.03692335410459789,-0.0009813573715225614
2018-01-18 23:59:00+00:00,-0.005026122157983933,0.012170535620255335,-0.0050288270373770195
2018-01-19 23:59:00+00:00,0.0012093512187208472,0.06601076192110243,0.001206637352974435
2018-01-22 23:59:00+00:00,-0.0019324992923990096,0.018697510035593598,-0.0019352585296531267
2018-01-23 23:59:00+00:00,-0.0018579343067129128,-0.01782680906634965,-0.0018491197198255694
2018-01-24 23:59:00+00:00,-0.0006404018525692301,0.016686232951825128,-0.0006425669581035314
2018-01-29 23:59:00+00:00,-0.0017383330842401052,-0.06464285626208535,-0.0017405274273842716
2018-01-30 23:59:00+00:00,-0.0018579343067129128,-0.04752218709007485,-0.0018491197198255694
2018-01-31 23:59:00+00:00,-0.0006404018525692301,-0.0035075448096772025,-0.0006425669581035314
2018-02-01 23:59:00+00:00,-0.004858490266353229,-0.035405092554523884,-0.004861544590316675
2018-02-02 23:59:00+00:00,0.0015386121461828288,0.004358888122012228,0.0015355478638525602
2018-02-05 23:59:00+00:00,-0.0019897675259528203,-0.02087605569714189,-0.0019928761506530284
2018-02-06 23:59:00+00:00,-0.0021778893639121904,-0.001852195380414129,-0.0021655312878538866
2018-02-07 23:59:00+00:00,-0.0006799643683510695,-0.04280145823723752,-0.000683034935626355
2018-02-08 23:59:00+00:00,-0.0050175782909216825,-0.012461220437812002,-0.005020418405833062
2018-02-09 23:59:00+00:00,0.0014907810734672514,0.01632372041170864,0.0014879317352009566
2018-02-12 23:59:00+00:00,-0.0021140483083310893,-0.002702182690359973,-0.002116938714261803
2018-02-13 23:59:00+00:00,-0.0022319598112882227,-0.002709504270366112,-0.0022204692474906747
2018-02-14 23:59:00+00:00,-0.00074628370873454,-0.008563695776875213,-0.0007491388668496655
2018-02-26 23:59:00+00:00,-0.00216492574608856,-0.00598132624360982,-0.0021676383225123267
2018-02-27 23:59:00+00:00,-0.0022813894700443823,0.011556512585686943,-0.002270584148794478
2018-02-28 23:59:00+00:00,-0.0009637957252594908,-0.0011125534246037014,-0.0009664727547440836
2018-03-01 23:59:00+00:00,-0.005091918102815824,0.003333953819757261,-0.005094583603766096
2018-03-02 23:59:00+00:00,0.001491102193773036,0.016505051002391045,0.0014884280609516014
2018-03-05 23:59:00+00:00,-0.0021583946901694104,0.010133999141553858,-0.002160886427265896
2018-03-06 23:59:00+00:00,-0.0022120162684296056,-0.007590855173250517,-0.00220211058470209
2018-03-07 23:59:00+00:00,-0.0009441524571844225,-0.008746411442868298,-0.0009466116764743837
2018-03-08 23:59:00+00:00,-0.005043568631872837,0.016697302623608325,-0.0050460173521564245
2018-03-09 23:59:00+00:00,0.0015116561335614725,0.0028756310254620257,0.0015091971535497433
2018-03-12 23:59:00+00:00,-0.00207458340808306,-0.019939032866046015,-0.0020773174883277705
2018-03-13 23:59:00+00:00,-0.002191983609896964,-0.018477983237745597,-0.0021811144998909737
2018-03-14 23:59:00+00:00,-0.0009301796581613757,0.002607563407080991,-0.000932878195146483
2018-03-15 23:59:00+00:00,-0.00493107355966254,-0.013860495354014714,-0.004933760622282193
2018-03-16 23:59:00+00:00,0.0016027912361173352,0.00901245304108131,0.0016000929587269652
2018-03-19 23:59:00+00:00,-0.0021789605672864953,-0.013928326052846957,-0.0021818570273870108
2018-03-20 23:59:00+00:00,-0.002290285565902197,-0.007992430747114032,-0.0022787709107834108
2018-03-21 23:59:00+00:00,-0.0009595297669278372,-0.009984721968035773,-0.0009623887170589075
2018-03-22 23:59:00+00:00,-0.0050023132543383685,0.010366765907735118,-0.005005160096728176
2018-03-27 23:59:00+00:00,-0.002290285565902197,0.012889149160366873,-0.0022787709107834108
2018-03-28 23:59:00+00:00,-0.004048462637960199,-0.018464335502444005,-0.004051205887359988
2018-03-29 23:59:00+00:00,0.002493426104351438,0.00520447271410588,0.0024906707080113335
2018-04-02 23:59:00+00:00,-0.0013167647102016442,0.007756271571359065,-0.00131955887792847
2018-04-03 23:59:00+00:00,-0.0014068341339760141,-0.015946935380982144,-0.0013947822956746681
2018-04-04 23:59:00+00:00,-8.60242142091158e-05,0.009672694462508766,-8.877988754887379e-05
2018-04-05 23:59:00+00:00,-0.00411251101816216,-0.0029662609810166404,-0.004115222255145406
2018-04-06 23:59:00+00:00,0.0024853969949515595,-0.013834582215274427,0.00248267375887331
2018-04-09 23:59:00+00:00,-0.0013024379559224454,0.007128148733782375,-0.0013051992864285445
2018-04-10 23:59:00+00:00,-0.0014227454313034456,0.00410371775307601,-0.0014108547167081178
2018-04-11 23:59:00+00:00,-0.00010359720110560936,0.01807833777289878,-0.00010632265524497249
2018-04-12 23:59:00+00:00,-0.004104913458664577,0.006196484197152584,-0.004107546792966588
2018-04-13 23:59:00+00:00,0.0024353394191961057,-0.005100193204840035,0.002432694469537029
2018-04-16 23:59:00+00:00,-0.0012689234933952339,0.0003651634146838371,-0.0012716053353198004
2018-04-17 23:59:00+00:00,-0.0013991750251322332,-0.02926676748733325,-0.001387631751083209
2018-04-18 23:59:00+00:00,-6.707945016109812e-05,0.029266767487333322,-6.972656099224245e-05
2018-04-19 23:59:00+00:00,-0.004074215516568747,0.00036503011903783506,-0.004077317142709556
2018-04-20 23:59:00+00:00,0.002407848172553498,0.014852654851848847,0.0024047329110826335
2018-04-23 23:59:00+00:00,-0.0012659779574776134,0.0017963001057862051,-0.0012691365456537406
2018-04-26 23:59:00+00:00,-0.004074215516568747,-0.0028912199395618545,-0.004077317142709556
2018-04-27 23:59:00+00:00,0.002407848172553498,0.014016401973535783,0.0024047329110826335
2018-04-30 23:59:00+00:00,-0.001234215314407554,-0.017279047608352176,-0.0012375182647559396
2018-05-01 23:59:00+00:00,-0.0014776186195018534,-0.010219067032122258,-0.0014633148120776025
2018-05-02 23:59:00+00:00,0.00010821580214259415,-0.005517762757812423,0.00010495546504186125
2018-05-03 23:59:00+00:00,-0.004035642547260979,0.011005246804120255,-0.004038883676679007
2018-05-04 23:59:00+00:00,0.0024691802203881622,-0.00328887561210503,0.00246592232191747
2018-05-07 23:59:00+00:00,-0.001291927391225507,0.0018284883499982902,-0.001295362537831096
2018-05-08 23:59:00+00:00,-0.0015103236454092298,0.02774452863365522,-0.0014954543592319916
2018-05-09 23:59:00+00:00,8.757330219054545e-05,-0.0028469770119281513,8.418233261650696e-05
2018-05-10 23:59:00+00:00,-0.003989423400938918,0.012748047994639664,-0.003992794438462685
2018-05-11 23:59:00+00:00,0.0025049178812343227,-0.002113421005027858,0.0025015294584627874
2018-05-14 23:59:00+00:00,-0.0012639922144796448,-0.007432347078227294,-0.0012670314156175981
2018-05-15 23:59:00+00:00,-0.0013906878393467026,0.015509651748521045,-0.0013775385619702479
2018-05-16 23:59:00+00:00,9.51361500966762e-05,-0.0042061050442742005,9.213590929757313e-05
2018-05-17 23:59:00+00:00,-0.003919274219579843,-0.013081324950246059,-0.003922256865027576
2018-05-18 23:59:00+00:00,0.0025026724330714217,0.03428107632561849,0.002499674454611014
2018-05-21 23:59:00+00:00,-0.0012877751733048315,0.0020611481017403185,-0.0012904836165340719
2018-05-22 23:59:00+00:00,-0.0013347807974218944,0.008882873577577098,-0.0013230679602403233
2018-05-23 23:59:00+00:00,7.850259814537876e-05,-0.00034019391380990917,7.582876466220661e-05
2018-05-31 23:59:00+00:00,-0.003950960779071715,-0.010862292816631118,-0.003953618967100564
2018-06-01 23:59:00+00:00,0.0024851892928638413,-0.013745920904635126,0.002482517483378388
2018-06-04 23:59:00+00:00,-0.0012608731472417134,0.002073972399129172,-0.0012635186173497266
2018-06-05 23:59:00+00:00,-0.0012834145744051333,0.011671948505506126,-0.0012719792776280626
2018-06-06 23:59:00+00:00,9.259179591130837e-05,-0.013745920904635126,8.998002350600783e-05
2018-06-07 23:59:00+00:00,-0.003957991510949268,0.02020962770879838,-0.003960588035825145
2018-06-08 23:59:00+00:00,0.002603177873345732,-0.003396742396358763,0.002600568085348183
2018-06-11 23:59:00+00:00,-0.0012452139777031166,0.008132881154647987,-0.0012476593201604079
2018-06-12 23:59:00+00:00,-0.0012343821054265312,0.0006747638582605389,-0.00122381663764572
2018-06-13 23:59:00+00:00,5.187735529019492e-05,0.019041831400859025,4.946306266460682e-05
2018-06-14 23:59:00+00:00,-0.0038772996639608766,-0.02377476788974543,-0.0038796998940770896
2018-06-15 23:59:00+00:00,0.002554511761943482,-0.017433358968374075,0.002552099310314069
2018-06-18 23:59:00+00:00,-0.0012111197162102052,0.021828970441412198,-0.001213539785230627
2018-06-19 23:59:00+00:00,-0.0012255936276579036,0.00370433156375258,-0.00121514201119765
2018-06-20 23:59:00+00:00,0.00011556371778191524,-0.01013522189404313,0.0001131742805818973
2018-06-21 23:59:00+00:00,-0.003938057068645,-0.007498330974441079,-0.003940432619887444
2018-06-22 23:59:00+00:00,0.002537439116941235,0.005458901307671431,0.0025350515081575026
2018-06-27 23:59:00+00:00,8.164988152504138e-05,-0.005457039463058201,7.935316409953593e-05
2018-07-05 23:59:00+00:00,-0.00395005603325687,-0.010552331473349398,-0.003952339472702886
2018-07-06 23:59:00+00:00,0.0024820921107758464,-0.014245255136048917,0.0024797988580777704
2018-07-09 23:59:00+00:00,-0.0011337068621583475,0.014598799421152851,-0.0011360329196114243
2018-07-10 23:59:00+00:00,-0.00120958347754885,-0.011375878099607458,-0.0011995311883825003
2018-07-11 23:59:00+00:00,5.8907703005861393e-05,-0.016219494148725585,5.6659898501262894e-05
2018-07-12 23:59:00+00:00,-0.0039755150385959465,0.002540375164051892,-0.0039777499768863175
2018-07-13 23:59:00+00:00,0.0024240117284859046,-0.0069103748351700914,0.002421767185647395
2018-07-16 23:59:00+00:00,-0.0010853690843053605,-0.006958460598869678,-0.0010876456009531205
2018-07-17 23:59:00+00:00,-0.001214708801685715,0.01748678438771559,-0.001204819569681132
2018-07-18 23:59:00+00:00,-7.267760394326752e-06,-0.0043431121471651365,-9.5698675748213e-06
2018-07-19 23:59:00+00:00,-0.0039686070467416625,-0.01314367224055048,-0.003970896005830389
2018-07-20 23:59:00+00:00,0.002380891741611527,0.004034481907434327,0.0023785929777470653
2018-07-23 23:59:00+00:00,-0.0011190635423343252,0.015616805489854196,-0.0011213949620255963
2018-07-24 23:59:00+00:00,-0.0012638584132146132,0.0018001805041478473,-0.0012537354211891848
2018-07-27 23:59:00+00:00,0.002396581328075839,-0.005377320718571515,0.0023945658771511134
2018-07-30 23:59:00+00:00,-0.0010520408916158738,-0.008664314130141081,-0.00105408493275748
2018-07-31 23:59:00+00:00,-0.0011788014776993923,0.020811658924685915,-0.0011699795117266717
2018-08-01 23:59:00+00:00,-1.0317970240598072e-05,0.013053633935567018,-1.2336470158747816e-05
2018-08-02 23:59:00+00:00,-0.003986771344689881,0.0024505526003981877,-0.003988778254417107
2018-08-03 23:59:00+00:00,0.0023798086075522656,0.01285409395545206,0.002378092224786277
2018-08-06 23:59:00+00:00,-0.001069500457291723,0.017790411045925877,-0.001071241152825037
2018-08-07 23:59:00+00:00,-0.0010962658165199724,0.0020325210249224307,-0.0010887643278188802
2018-08-08 23:59:00+00:00,3.9401915107333116e-05,-0.0037294499914317125,3.7682908932311614e-05
2018-08-09 23:59:00+00:00,-0.003978979097226571,-0.0047667778376538185,-0.003980689516834387
2018-08-10 23:59:00+00:00,0.0024256106179501315,0.009848950389096608,0.0024238425744972873
2018-08-13 23:59:00+00:00,-0.000993307296703199,-0.006441792067482356,-0.0009951003148362843
2018-08-14 23:59:00+00:00,-0.0010719505376337016,-0.010944021679317368,-0.0010642267827721506
2018-08-15 23:59:00+00:00,4.070770238110777e-05,0.012982758369165655,3.893695599200783e-05
2018-08-16 23:59:00+00:00,-0.003946103788091279,-0.0016986584685806721,-0.003947865709439589
2018-08-17 23:59:00+00:00,0.0024502469847181097,0.013173640945455098,0.00244831070492263
2018-08-20 23:59:00+00:00,-0.0010100549433857344,-0.008086297431357707,-0.0010120184981002272
2018-08-21 23:59:00+00:00,-0.0011035779650845092,0.002702704347885073,-0.0010951230756657325
2018-08-22 23:59:00+00:00,8.309899733634457e-05,-0.015984016548256156,8.115975691001137e-05
2018-08-23 23:59:00+00:00,-0.003947304540701779,-0.014155251026784135,-0.003949234138196166
2018-08-24 23:59:00+00:00,0.00248138590361327,-0.00837993730675081,0.00247953640129312
2018-08-29 23:59:00+00:00,2.9854921801557993e-05,0.014508026489578416,2.800259117118802e-05
2018-09-06 23:59:00+00:00,-0.003942781524451581,0.010035926527785654,-0.003944624665156453
2018-09-07 23:59:00+00:00,0.00248138590361327,0.008522778861982615,0.00247953640129312
2018-09-10 23:59:00+00:00,-0.00103600798323201,0.0003535442851039067,-0.0010378834656163028
2018-09-11 23:59:00+00:00,-0.0010882067721142928,-0.0042508034251946,-0.001079943027071298
2018-09-12 23:59:00+00:00,8.049143329380689e-05,-0.017908788089446803,7.860654857106135e-05
2018-09-13 23:59:00+00:00,-0.00392629283724612,0.016843257887408425,-0.003928167098248136
2018-09-14 23:59:00+00:00,0.0024712263202939008,0.04141883130311654,0.0024693455738037827
2018-09-17 23:59:00+00:00,-0.0010309645865222198,-0.008560230324041022,-0.0010328743942075716
2018-09-18 23:59:00+00:00,-0.001084153713975869,0.023114557299572482,-0.0010751766296975811
2018-09-19 23:59:00+00:00,3.802646119935565e-05,0.00033596506279381656,3.597790413750984e-05
2018-09-20 23:59:00+00:00,-0.0038491712401245524,0.02028332213994167,-0.0038512082766100344
2018-09-21 23:59:00+00:00,0.0026054164140833823,0.014379332724342832,0.0026033723523267854
2018-09-26 23:59:00+00:00,3.802646119935565e-05,-0.015831465216680628,3.597790413750984e-05
2018-09-27 23:59:00+00:00,-0.00375675682964537,0.028189346063281023,-0.003758559639191968
2018-09-28 23:59:00+00:00,0.002660464530336767,0.023004209307945948,0.0026586555239501105
2018-10-01 23:59:00+00:00,-0.0010179071141527708,0.02001317577574483,-0.0010197439220286397
2018-10-02 23:59:00+00:00,-0.00098371140570749,-0.020329081638425672,-0.0009757703525401264
2018-10-03 23:59:00+00:00,5.835191562964101e-05,-0.006975297780708998,5.6538932992199415e-05
2018-10-11 23:59:00+00:00,-0.0036494833138887603,0.02530199008000358,-0.0036516761497170343
2018-10-12 23:59:00+00:00,0.0027331661333255047,-0.0009257831242921471,0.002730965783839942
2018-10-15 23:59:00+00:00,-0.0009384532230473518,0.02470014273920488,-0.0009406872506395618
2018-10-16 23:59:00+00:00,-0.0010368111499774125,-0.037439168516634654,-0.0010271467499325634
2018-10-17 23:59:00+00:00,-2.546280573322143e-06,0.016129381929883717,-4.749827528752193e-06
2018-10-18 23:59:00+00:00,-0.0035573723871665528,-0.035069342030805355,-0.003560171765983349
2018-10-19 23:59:00+00:00,0.0027261801189559544,0.023308141773674403,0.0027233711812428823
2018-10-22 23:59:00+00:00,-0.0008501288556847552,-0.014424834625694893,-0.0008529807292537162
2018-10-23 23:59:00+00:00,-0.0011521296648709638,0.011306653115702519,-0.0011398105462248503
2018-10-24 23:59:00+00:00,1.881664307558633e-06,-0.005323325550396199,-9.334404614681335e-07
2018-10-29 23:59:00+00:00,-0.0008945827238776923,0.022953861371982767,-0.0008972242479698063
2018-10-30 23:59:00+00:00,-0.002295269709567937,-0.007386921863074824,-0.0022840564842259384
2018-10-31 23:59:00+00:00,-0.0011487845192820075,0.014415216646074414,-0.0011515945953483207
2018-11-01 23:59:00+00:00,-0.004836720633641435,0.08266271478657282,-0.004839518098981202
2018-11-02 23:59:00+00:00,0.0016051669687316618,-0.003369843121550324,0.0016023606767080454
2018-11-05 23:59:00+00:00,-0.0019048749746992132,0.0,-0.0019082096072009867
2018-11-06 23:59:00+00:00,-0.0022186927384184943,-0.003381237371869236,-0.0022056090623354258
2018-11-07 23:59:00+00:00,-0.0010052204925213718,0.04848098905959793,-0.0010085125727248693
2018-11-21 23:59:00+00:00,-0.0044756711024581,-0.01402547535450432,-0.004478948643122797
2018-11-23 23:59:00+00:00,0.0017029778820985882,0.003290249736787555,0.0016996870659179925
2018-11-28 23:59:00+00:00,-0.0008127114839477702,-0.007345031941404783,-0.0008161393859497596
2018-11-29 23:59:00+00:00,-0.0044631782218054715,-0.06101769559059881,-0.0044665909733445554
2018-11-30 23:59:00+00:00,0.00173366621570438,0.0268319871482049,0.0017302427748724
2018-12-03 23:59:00+00:00,-0.0018580018893665513,0.0026887759868958728,-0.001861473937916153
2018-12-04 23:59:00+00:00,-0.0021829724761081434,-0.03229020870856684,-0.0021693218477432693
2018-12-05 23:59:00+00:00,-0.0008694094671394543,0.036532706977647586,-0.0008727056678567648
2018-12-06 23:59:00+00:00,-0.004669990078990485,0.01262055940904696,-0.004673271453465069
2018-12-07 23:59:00+00:00,0.0017723859346906075,-0.0308335417695922,0.001769094305556595
2018-12-10 23:59:00+00:00,-0.0018801555534466506,-0.06346504865372196,-0.001883494208901626
2018-12-11 23:59:00+00:00,-0.002218863066173759,-0.0029055710514146356,-0.0022056239850847047
2018-12-12 23:59:00+00:00,-0.0008296417937836742,-0.07474235971114819,-0.0008331908898828012
2018-12-13 23:59:00+00:00,-0.004693972132885173,-0.08135006829902032,-0.004697505323362497
2018-12-14 23:59:00+00:00,0.0015979175002075617,0.0842202594409633,0.0015943733069301738
2018-12-17 23:59:00+00:00,-0.0021531396788392774,-0.0296161254061115,-0.0021567343244130325
2018-12-18 23:59:00+00:00,-0.0023893755741763575,-0.0391348338565799,-0.0023751211006088624
2018-12-19 23:59:00+00:00,-0.0011558548509824987,0.06300231526322325,-0.0011590887430349337
2019-01-03 23:59:00+00:00,-0.0050253654110279,-0.03340323913280959,-0.005028584862675295
2019-01-04 23:59:00+00:00,0.0017437767363202219,0.007782140442054949,0.0017405472940193888
2019-01-07 23:59:00+00:00,-0.0023429509847891963,0.00571334103282953,-0.0023462262338905006
2019-01-08 23:59:00+00:00,-0.002490060888869444,-0.005039486559891754,-0.0024770727081901275
2019-01-09 23:59:00+00:00,-0.0009468323943686557,0.04285428302398854,-0.0009506936002021041
2019-01-10 23:59:00+00:00,-0.005095039051710036,0.14735123643833453,-0.0050988830783306625
2019-01-11 23:59:00+00:00,0.0017765930225684984,-0.025382073271417276,0.001772737108756549
2019-01-14 23:59:00+00:00,-0.0023027458377370405,-0.03399020022855177,-0.002306656248731514
2019-01-15 23:59:00+00:00,-0.002594390621474623,0.00853322818059317,-0.0025788833539863608
2019-01-16 23:59:00+00:00,-0.0006725875541043508,0.020015171421427475,-0.0006769060502135995
2019-01-24 23:59:00+00:00,-0.004499363088852602,-0.087755403351038,-0.004503662440430567
2019-01-29 23:59:00+00:00,-0.0024637494238523815,-0.014114560362447333,-0.00244640601270215
2019-01-30 23:59:00+00:00,-0.0006725875541043508,-0.028841220390439508,-0.0006769060502135995
2019-01-31 23:59:00+00:00,-0.004499363088852602,-0.027439615508150075,-0.004503662440430567
2019-02-01 23:59:00+00:00,0.0017426721178226837,0.000751597179312122,0.0017386360073643825
2019-02-04 23:59:00+00:00,-0.002357129817794014,0.0,-0.0023612219212573175
2019-02-05 23:59:00+00:00,-0.002558289426928099,-0.04259228081324549,-0.002542236236628743
2019-02-06 23:59:00+00:00,-0.000789751897844753,0.012466074954029118,-0.0007937859861493584
2019-02-07 23:59:00+00:00,-0.004841787405070434,0.022584691986430025,-0.004845807631840995
2019-02-08 23:59:00+00:00,0.0016906673633804337,0.017261216560769586,0.0016861596095396666
2019-02-11 23:59:00+00:00,-0.002397884094237083,-0.04294788854520363,-0.00240245416495888
2019-02-12 23:59:00+00:00,-0.0027326558594780743,-0.0007770008160923857,-0.0027147257124848353
2019-02-13 23:59:00+00:00,-0.0007978278780683449,0.020008362743979994,-0.0008023333821902626
2019-02-21 23:59:00+00:00,-0.004957098053831493,0.04286627822567026,-0.004961588129688209
2019-02-26 23:59:00+00:00,-0.002654195381832835,0.004633763415101911,-0.0026355530902688173
2019-02-27 23:59:00+00:00,-0.0006616509075578442,0.016575939391756417,-0.0006663267848824953
2019-02-28 23:59:00+00:00,-0.004661203788392462,-0.0006997900915386682,-0.004665859557111615
2019-03-01 23:59:00+00:00,0.0018129772416659467,0.009406096174066406,0.0018082991520436955
2019-03-04 23:59:00+00:00,-0.00245172762069955,-0.01502211655065164,-0.002456470245629495
2019-03-05 23:59:00+00:00,-0.0025963417678464204,0.00876122653392926,-0.0025777605574848353
2019-03-06 23:59:00+00:00,-0.000574689080395962,-0.0003489792392772014,-0.0005793578978204453
2019-03-07 23:59:00+00:00,-0.004613415556699088,-0.032999268839046206,-0.004618064446219936
2019-03-08 23:59:00+00:00,0.001872051058546157,0.00431966114451638,0.0018673799259272175
2019-03-11 23:59:00+00:00,-0.002415702789944091,0.012848142477849059,-0.002420442144824995
2019-03-12 23:59:00+00:00,-0.002586878204691393,0.012334958157951366,-0.0025693983379868742
2019-03-13 23:59:00+00:00,-0.000601085124826454,-0.02123973650091103,-0.0006054769754432364
2019-03-14 23:59:00+00:00,-0.004723556594772629,0.019486887673496694,-0.0047279297635696785
2019-03-15 23:59:00+00:00,0.0018515346462854212,0.008385793376273964,0.0018471406260806927
2019-03-18 23:59:00+00:00,-0.00248291352250848,-0.01896790270681104,-0.0024873714946810725
2019-03-19 23:59:00+00:00,-0.0025015746543711947,0.0003545470698370992,-0.0024845685375257543
2019-03-20 23:59:00+00:00,-0.0006229507353078766,-0.024400205859388964,-0.00062722332874069
2019-03-21 23:59:00+00:00,-0.004613361254929531,0.0007262164444074611,-0.0046176157356077364
2019-03-22 23:59:00+00:00,0.0019111108453218192,-0.00545952220489887,0.0019068361491629562
2019-03-27 23:59:00+00:00,-0.0006229507353078766,-0.01860865010522937,-0.00062722332874069
2019-03-28 23:59:00+00:00,-0.003485108609412899,0.01713263507710877,-0.0034888707959805755
2019-03-29 23:59:00+00:00,0.0030018988523401757,-0.008902135940593154,0.0029981173718061833
2019-04-01 23:59:00+00:00,-0.001333902299218306,-0.0026114545712199923,-0.0013377429515921888
2019-04-02 23:59:00+00:00,-0.0013782093629504766,-0.012782128916063368,-0.0013616094585623066
2019-04-03 23:59:00+00:00,0.0004203041458796862,0.007914117055990749,0.0004165246715896725
2019-04-04 23:59:00+00:00,-0.0034169374962812805,0.016381602371885764,-0.0034207929952013967
2019-04-05 23:59:00+00:00,0.0029755281097563722,-0.003329021014161135,0.0029716529765786183
2019-04-08 23:59:00+00:00,-0.001329120963975912,0.00037043897441599316,-0.0013330566044909562
2019-04-09 23:59:00+00:00,-0.001404608354470607,-0.013423020332140661,-0.0013876260614048583
2019-04-10 23:59:00+00:00,0.0003766769557467613,-0.0015026298845350185,0.0003728045896120107
2019-04-11 23:59:00+00:00,-0.0033562850496108142,-0.02666824708216141,-0.0033603265909667923
2019-04-12 23:59:00+00:00,0.002960728198948606,-0.006974069336073324,0.002956666144196686
2019-04-15 23:59:00+00:00,-0.001320079461454379,-0.021616090222194198,-0.0013242047736804646
2019-04-16 23:59:00+00:00,-0.0014381483691308628,-0.010785005676562449,-0.0014203548706712434
2019-04-17 23:59:00+00:00,-0.0033562850496108142,0.013562234202350382,-0.0033603265909667923
2019-04-18 23:59:00+00:00,0.002908627064141471,-0.027718183432482824,0.002904614413852772
2019-04-22 23:59:00+00:00,-0.0014068394953702132,0.0028472665157780225,-0.0014109144679868928
2019-04-23 23:59:00+00:00,-0.0014922074396396961,0.020901082405793685,-0.001474638131356959
2019-04-26 23:59:00+00:00,0.002908627064141471,-0.00696597244082776,0.002904614413852772
2019-04-29 23:59:00+00:00,-0.0014068394953702132,0.01732478365730592,-0.0014109144679868928
2019-04-30 23:59:00+00:00,-0.0014207474453913288,-0.011902617003604994,-0.001404542380511521
2019-05-01 23:59:00+00:00,0.00037479382137943387,-0.008533798880397162,0.00037109111973873785
2019-05-02 23:59:00+00:00,-0.0033960213202524426,-0.01689295721003668,-0.003399705466139741
2019-05-03 23:59:00+00:00,0.00279294580053056,0.005137335938177953,0.002789245617524071
2019-05-06 23:59:00+00:00,-0.0013917261386323081,0.028367940717457227,-0.0013954862167810153
2019-05-07 23:59:00+00:00,-0.0014579242930488282,-0.0057637047167499065,-0.0014412637044950182
2019-05-08 23:59:00+00:00,0.00034413601158940423,0.00920604890772288,0.0003403275462432124
2019-05-09 23:59:00+00:00,-0.0034389966243519444,0.0007633588156943684,-0.003442786037982994
2019-05-10 23:59:00+00:00,0.0027953206703027877,0.014394187919613307,0.0027915148180532538
2019-05-13 23:59:00+00:00,-0.0013384009586018156,-0.02205412579436815,-0.0013422682543089409
2019-05-14 23:59:00+00:00,-0.0014524911228476155,0.014504071054672552,-0.0014350564481276113
2019-05-15 23:59:00+00:00,0.0003881427561478073,-0.003036055463031376,0.00038415559887706096
2019-05-16 23:59:00+00:00,-0.0034095090806554665,0.015837435098626305,-0.003413476328030165
2019-05-17 23:59:00+00:00,0.0028460325144585505,-0.022702450618306523,0.0028420481159954873
2019-05-20 23:59:00+00:00,-0.001229180552545734,-0.027154500098492733,-0.0012332291079165175
2019-05-21 23:59:00+00:00,-0.001408436898738233,0.013669418077012975,-0.0013921797815914275
2019-05-22 23:59:00+00:00,0.0003733737947502556,0.0077280137314122135,0.0003696543248188366
2019-05-30 23:59:00+00:00,-0.0033595850419591896,-0.021001389534387845,-0.0033632859720633124
2019-05-31 23:59:00+00:00,0.00276796341728927,0.005395323318236594,0.0027642465420692946
2019-06-03 23:59:00+00:00,-0.001297840980484158,-0.01585348180397831,-0.0013016175478521605
2019-06-04 23:59:00+00:00,-0.0013686502760927928,-0.022969959278925457,-0.001353549443808973
2019-06-05 23:59:00+00:00,0.000388429619433982,0.005578216567056271,0.0003849732147984985
2019-06-06 23:59:00+00:00,-0.0034154644985623676,0.008521568397273228,-0.003418903705680383
2019-06-07 23:59:00+00:00,0.002769606675305677,0.017662359903563376,0.0027661527011027275
2019-06-10 23:59:00+00:00,-0.0013830635989874837,-0.005433660181833159,-0.001386572897821806
2019-06-11 23:59:00+00:00,-0.001436644120035508,-0.02589828463640473,-0.0014203594595439514
2019-06-12 23:59:00+00:00,0.000401407931707893,0.026317308317373358,0.00039767897976974976
2019-06-13 23:59:00+00:00,-0.0033837270984814526,-0.00041902368096864045,-0.0033874375303699893
2019-06-14 23:59:00+00:00,0.002810314800922026,-0.02460879380653306,0.0028065884914003003
2019-06-17 23:59:00+00:00,-0.0014291764436368112,-0.022590013605106936,-0.0014329622837563306
2019-06-18 23:59:00+00:00,-0.0015209133225895205,-0.040803687716530916,-0.001503536689889325
2019-06-19 23:59:00+00:00,0.0004663912640139134,0.0004575612067933654,0.00046241059277139936
2019-06-20 23:59:00+00:00,-0.0033846075071158046,0.05213923108420134,-0.0033885684439746233
2019-06-21 23:59:00+00:00,0.0027230538234991383,0.002168727807304948,0.002719075994322157
2019-06-26 23:59:00+00:00,0.0004663912640139134,-0.006908490343811673,0.00046241059277139936
2019-07-03 23:59:00+00:00,-0.0032342423950580002,-0.0062227954382690735,-0.003238681841683114
2019-07-05 23:59:00+00:00,0.0027162618648260087,0.009113567635114608,0.0027118035280186753
2019-07-08 23:59:00+00:00,-0.0015201492956793598,0.0078045169199024746,-0.0015246784185329455
2019-07-09 23:59:00+00:00,-0.0016457730604048895,-0.011522761236780374,-0.0016262865591188803
2019-07-10 23:59:00+00:00,0.00043976363982945886,0.015198485203783745,0.0004353051712062872
2019-07-11 23:59:00+00:00,-0.003241866763194042,-0.01851523782977766,-0.003246434253930225
2019-07-12 23:59:00+00:00,0.002735113112820818,-0.04328210559970724,0.0027305262737121554
2019-07-15 23:59:00+00:00,-0.0014912048032994707,-0.0008676790132225809,-0.0014958643484676167
2019-07-16 23:59:00+00:00,-0.0016748760772955257,-0.007405827793000706,-0.001654855458908452
2019-07-17 23:59:00+00:00,0.00044052781130652936,-0.015866353116048965,0.00043593764737485355
2019-07-18 23:59:00+00:00,-0.003301262600666438,0.026738388885535813,-0.0033057668433458184
2019-07-19 23:59:00+00:00,0.00258845834560717,-0.005203827875026998,0.0025839350862841602
2019-07-22 23:59:00+00:00,-0.0015062501049911642,-0.03540192705091572,-0.0015108448760438077
2019-07-23 23:59:00+00:00,-0.0017100536727375258,0.010752791776261915,-0.0016903185333153675
2019-07-24 23:59:00+00:00,0.00046516817135823225,-0.03399375581571258,0.00046064161051594956
2019-07-29 23:59:00+00:00,-0.0016250986085522322,0.043942996521010365,-0.0016293870218429397
2019-07-30 23:59:00+00:00,-0.0016904664898716114,-0.01397993455753271,-0.001672035988896826
2019-07-31 23:59:00+00:00,0.0003037232261638462,-0.037478362717942755,0.0002995011150512339
2019-08-01 23:59:00+00:00,-0.0032345502474084922,-0.024339068305267744,-0.0032387544389139503
2019-08-02 23:59:00+00:00,0.0025499675318233408,0.019613161588905983,0.002545745630209456
2019-08-05 23:59:00+00:00,-0.0014975127632400307,-0.013352606587348598,-0.0015018886212499602
2019-08-06 23:59:00+00:00,-0.0017368550470391994,0.021373409200563038,-0.0017180734725319128
2019-08-07 23:59:00+00:00,0.00018759043970682288,-0.004238292193235894,0.00018328201575756658
2019-08-08 23:59:00+00:00,-0.003302037215600727,-0.00662881215181736,-0.0033063273240825615
2019-08-09 23:59:00+00:00,0.002541147447595931,0.019756051762299214,0.0025368364644873602
2019-08-12 23:59:00+00:00,-0.0015258970037898974,-0.0018648024052040195,-0.0015300059935995534
2019-08-13 23:59:00+00:00,-0.0016603224835919782,0.040691328027624735,-0.0016426925458638865
2019-08-14 23:59:00+00:00,0.0001823630483873916,-0.01444068415479436,0.00017831719266970408
2019-08-15 23:59:00+00:00,-0.0033042302095542047,0.0045351551653911425,-0.0033082588966133007
2019-08-16 23:59:00+00:00,0.0025960616313056442,0.0036133733985138313,0.002592013403789145
2019-08-19 23:59:00+00:00,-0.0015092893705750284,-0.021878721375807157,-0.0015129591312239023
2019-08-20 23:59:00+00:00,-0.0015154837625072992,-0.005082016019697983,-0.0014997438657307583
2019-08-21 23:59:00+00:00,0.00015936816025287196,-0.0032475092331322214,0.0001557546185746309
2019-08-22 23:59:00+00:00,-0.00326510328041282,0.035603943172489334,-0.003268701515327064
2019-08-23 23:59:00+00:00,0.002661442450047482,-0.01263554717153923,0.0026578268176746848
2019-08-28 23:59:00+00:00,0.00014881979333215812,-0.004802454111151841,0.00014517438860571323
2019-09-05 23:59:00+00:00,-0.003159184823876159,0.03503605745321126,-0.0031628148653383035
2019-09-06 23:59:00+00:00,0.0026204714852605124,-0.0019361090268663291,0.0026168263535877043
2019-09-09 23:59:00+00:00,-0.001570783241719657,-0.01091203345098265,-0.0015744852081216432
2019-09-10 23:59:00+00:00,-0.001527106661827675,0.008583743691391435,-0.0015112191607311158
2019-09-11 23:59:00+00:00,0.00014128999816133804,0.01542050602809535,0.000137611357553987
2019-09-12 23:59:00+00:00,-0.0030483312819372275,0.025308244051792037,-0.0030519945995140206
2019-09-13 23:59:00+00:00,0.002613795405455795,-0.004860731200444871,0.002610116784601933
2019-09-16 23:59:00+00:00,-0.0015923166237547899,-0.01168722068222769,-0.001596052456772478
2019-09-17 23:59:00+00:00,-0.0015206058435996341,-0.03826553807895384,-0.0015045017560249387
2019-09-18 23:59:00+00:00,0.00019612306378696278,-0.0015772873932486113,0.00019249767723071836
2019-09-19 23:59:00+00:00,-0.002958964745524596,-0.002766253492889962,-0.0029625750565412633
2019-09-20 23:59:00+00:00,0.002604683779157529,-0.009542815956420063,0.0026010584359903444
2019-09-23 23:59:00+00:00,-0.0016102547136446594,-0.000399600404917923,-0.001613936296467794
2019-09-26 23:59:00+00:00,-0.002958964745524596,-0.03126574909535192,-0.0029625750565412633
2019-09-27 23:59:00+00:00,0.0025552162569804824,-0.02037790002995084,0.002551250374831084
2019-09-30 23:59:00+00:00,-0.0016229258219532508,-0.01589437434446638,-0.0016269530697344142
2019-10-01 23:59:00+00:00,-0.001603952565737452,0.03584299769901189,-0.0015866049327423488
2019-10-02 23:59:00+00:00,0.00017447632070771344,0.009827039134176487,0.00017051036532729795
2019-10-03 23:59:00+00:00,-0.002974592724865795,-0.021053409197832267,-0.0029785422166282703
2019-10-04 23:59:00+00:00,0.00248730409509726,-0.006534547320996684,0.002483863891306343
2019-10-07 23:59:00+00:00,-0.0016696085795040148,-0.023884372870542434,-0.0016731018794586714
2019-10-08 23:59:00+00:00,-0.0014987316098736142,-0.007187811718833679,-0.0014836894010186552
2019-10-09 23:59:00+00:00,0.00019632521895372517,-0.0018050546417301423,0.00019288492963054978
2019-10-17 23:59:00+00:00,-0.003056298496947012,-0.035984575788485025,-0.003059724529239527
2019-10-18 23:59:00+00:00,0.002445096129101685,0.01507789096917129,0.0024417270251791048
2019-10-21 23:59:00+00:00,-0.0017524345384473386,0.004391750580979002,-0.001755855509074819
2019-10-22 23:59:00+00:00,-0.0015342934174203177,0.01478930827086486,-0.0015195679048798192
2019-10-23 23:59:00+00:00,0.0001724749455626754,-0.006932436775644791,0.00016910573665237225
2019-10-24 23:59:00+00:00,-0.003122820236451075,0.061544914329876806,-0.003126175506845184
2019-10-29 23:59:00+00:00,-0.0014667976477776906,-0.021788991230596303,-0.0014524152110343784
2019-10-30 23:59:00+00:00,-0.0008617564403803881,0.030299680898505117,-0.0008653000957422134
2019-10-31 23:59:00+00:00,-0.004052323605966517,0.03866787060718194,-0.004055851581518369
2019-11-01 23:59:00+00:00,0.0014641491363996328,0.014429249114399894,0.0014606055459618309
2019-11-04 23:59:00+00:00,-0.0027496968693328837,-0.011950933099932903,-0.0027532909200042666
2019-11-05 23:59:00+00:00,-0.0024635830873390666,-0.020000666706669543,-0.0024476713068613356
2019-11-06 23:59:00+00:00,-0.0006785214616385554,0.006114027317695181,-0.0006824890163079274
2019-11-14 23:59:00+00:00,-0.0038377885423608077,-0.04644915646745855,-0.0038417380563520102
2019-11-15 23:59:00+00:00,0.0015999775466749,-0.022065513049752242,0.0015960106709012566
2019-11-18 23:59:00+00:00,-0.00265023811700867,0.019333804033959484,-0.002654265050321396
2019-11-19 23:59:00+00:00,-0.002598282684383571,0.0031213447113517066,-0.0025823999089001817
2019-11-20 23:59:00+00:00,-0.0007446153955324231,0.03746615572880435,-0.0007485757455647864
2019-11-27 23:59:00+00:00,-0.004038639263066148,0.020825047599953045,-0.00404258166303629
2019-11-29 23:59:00+00:00,0.0014482444507985623,0.04696880050861898,0.0014442847744470725
2019-12-02 23:59:00+00:00,-0.002763692626691172,-0.01735580755326544,-0.00276771206050502
2019-12-03 23:59:00+00:00,-0.0024510813106624705,0.011603942886906807,-0.002434109799580204
2019-12-04 23:59:00+00:00,-0.0005078130006322889,-0.03907239288010002,-0.0005120448549993443
2019-12-05 23:59:00+00:00,-0.0038370176802663036,-0.04468548934529972,-0.0038412304154305365
2019-12-06 23:59:00+00:00,0.001708206326774001,0.01423511582187191,0.0017039751880512685
2019-12-09 23:59:00+00:00,-0.0025646960880289374,-0.00931890480286519,-0.0025689908780914894
2019-12-10 23:59:00+00:00,-0.0024743446080269446,0.03719527433112018,-0.0024588644753867645
2019-12-11 23:59:00+00:00,-0.0006777792662345484,-0.013841051411871468,-0.0006816392714964296
2019-12-12 23:59:00+00:00,-0.004012195630802002,0.01940971005145398,-0.0040160382525385825
2019-12-13 23:59:00+00:00,0.001675528179768853,-0.009442130235379187,0.001671668823448616
2019-12-16 23:59:00+00:00,-0.0026735242120209165,-0.014332492900775654,-0.0026774414428433983
2019-12-17 23:59:00+00:00,-0.0023306298053429285,-0.005703020502212688,-0.0023169267526063735
2019-12-18 23:59:00+00:00,-0.0006839524777331353,0.02390898499878519,-0.0006873693878682156
2020-01-02 23:59:00+00:00,-0.003919584895246532,0.0023446669592540547,-0.003922986466327098
2020-01-03 23:59:00+00:00,0.0016759463886741794,0.01256707253642863,0.0016725300496334872
2020-01-06 23:59:00+00:00,-0.0026625009792726234,-0.009760709609470728,-0.0026659683875908105
2020-01-07 23:59:00+00:00,-0.0023156914027680346,0.01160913897125304,-0.002301579200413129
2020-01-08 23:59:00+00:00,-0.0005922631928031787,0.016483889721689415,-0.0005957821503126999
2020-01-09 23:59:00+00:00,-0.0038774505540739926,-0.009124150889609169,-0.003880953764566552
2020-01-10 23:59:00+00:00,0.0017310329289334059,0.0022888542837516132,0.001727514556147028
2020-01-13 23:59:00+00:00,-0.002670632965499339,-0.031114653010709547,-0.0026742037672389473
2020-01-14 23:59:00+00:00,-0.0022587388520486614,-0.02049154378994591,-0.0022451868775676125
2020-01-15 23:59:00+00:00,-0.0005288307352692071,-0.036278488210293926,-0.0005322100200598617
2020-01-23 23:59:00+00:00,-0.003873744269973459,0.004743091896012632,-0.00387710848062765
2020-01-24 23:59:00+00:00,0.0017502698167000505,0.016684432907904136,0.0017468910901588413
2020-01-29 23:59:00+00:00,-0.0005288307352692071,0.006539532842212135,-0.0005322100200598617
2020-01-30 23:59:00+00:00,-0.0039051997303767927,-0.012022002714955578,-0.003908635631516461
2020-01-31 23:59:00+00:00,0.0017357234526987205,0.028720478519415088,0.0017322727718201089
2020-02-03 23:59:00+00:00,-0.0028088466658388513,-0.00589340039528669,-0.0028123484451850825
2020-02-04 23:59:00+00:00,-0.0023632553849932923,0.0005372011947616347,-0.0023494149120349295
2020-02-05 23:59:00+00:00,-0.0006783675282372293,-0.0021505384632285844,-0.0006818187759450048
2020-02-06 23:59:00+00:00,-0.003902347545584299,-0.05078353820987856,-0.003905802398716108
2020-02-07 23:59:00+00:00,0.0018323644270144285,0.012380574569554239,0.0018288947580739749
2020-02-10 23:59:00+00:00,-0.0027934837168579483,0.030839448383079712,-0.002797004605167892
2020-02-11 23:59:00+00:00,-0.0023315828831081595,-0.00980934296162541,-0.0023176663586593456
2020-02-12 23:59:00+00:00,-0.0006352198631984717,0.006006024060211728,-0.0006386900987862751
2020-02-20 23:59:00+00:00,-0.004030085162857381,-0.04180673118279471,-0.004033610383524495
2020-02-21 23:59:00+00:00,0.0018559226206790826,0.010887423821233306,0.0018523823485967704
2020-02-26 23:59:00+00:00,-0.004030085162857381,0.04186657939279007,-0.004033610383524495
2020-02-28 23:59:00+00:00,0.0018559226206790826,0.024748169689194174,0.0018523823485967704
2020-03-02 23:59:00+00:00,-0.0027023713920976554,0.014888612493750559,-0.002705963807552063
2020-03-03 23:59:00+00:00,-0.002321550438535159,-0.030566425212980457,-0.002306894419492368
2020-03-04 23:59:00+00:00,-0.0005898325863377438,-0.036785756816511105,-0.0005934554425766228
2020-03-05 23:59:00+00:00,-0.003972029176726902,0.04016604172533465,-0.00397563293299119
2020-03-06 23:59:00+00:00,0.001977735319561377,0.08513485176267244,0.001974116251589041
2020-03-09 23:59:00+00:00,-0.0026654920738859995,-0.03041660806831409,-0.0026691701882933776
2020-03-10 23:59:00+00:00,-0.0023291757455608545,-0.019898478535130302,-0.0023123356315416393
2020-03-11 23:59:00+00:00,-0.0006131222486233465,0.015094626222484888,-0.0006172852885159388
2020-03-12 23:59:00+00:00,-0.0037822635775916274,-0.029318060756611686,-0.003786404739742294
2020-03-13 23:59:00+00:00,0.0022732163917845594,-0.04854226101566055,0.0022690576869669444
2020-03-16 23:59:00+00:00,-0.002540843428934139,-0.0750426972568307,-0.0025450697748034385
2020-03-17 23:59:00+00:00,-0.002471242125929212,0.030696087157176713,-0.0024546252666860086
2020-03-18 23:59:00+00:00,-0.0006647618305972154,-0.030696087157176765,-0.0006688699640784162
2020-03-19 23:59:00+00:00,-0.003943884410564929,-0.001247660798155252,-0.003947971023604118
2020-03-20 23:59:00+00:00,0.002043073518287758,0.03133897019271962,0.0020389696450604502
2020-03-23 23:59:00+00:00,-0.0027150750567966567,0.003623192369420331,-0.0027192454735016124
2020-03-24 23:59:00+00:00,-0.0024099900965825452,-0.013349712819309632,-0.0023954512089464433
2020-03-27 23:59:00+00:00,0.0020866956375647457,-0.03003228709887509,0.0020831047013506565
2020-03-30 23:59:00+00:00,-0.0020779064568877334,-0.03285080029183495,-0.002081349493091784
2020-03-31 23:59:00+00:00,-0.001535472601344326,-0.022301019783244926,-0.0015207277663325087
2020-04-01 23:59:00+00:00,9.733564292338623e-05,0.0434988209925121,9.394694163630422e-05
2020-04-02 23:59:00+00:00,-0.0030935650144116454,0.06565603344053321,-0.0030970962289408608
2020-04-03 23:59:00+00:00,0.002878947095611124,0.06756686002991537,0.002875402966531772
2020-04-06 23:59:00+00:00,-0.002143627065727839,-0.037968797342984424,-0.002147229559068318
2020-04-07 23:59:00+00:00,-0.0016221339954072247,-0.02844332814753424,-0.0016067475629627755
2020-04-08 23:59:00+00:00,-0.0030935650144116454,-0.005206838491967754,-0.0030970962289408608
2020-04-09 23:59:00+00:00,0.003085100466081404,-0.043871884329012116,0.0030810151959809523
2020-04-13 23:59:00+00:00,-0.002206905825099843,-0.03202244056840618,-0.0022110581974099175
2020-04-14 23:59:00+00:00,-0.0016583243805450723,0.05360601223558067,-0.0016405949707616462
2020-04-15 23:59:00+00:00,0.0002525448067079994,0.03896974635943366,0.00024845183637140183
2020-04-16 23:59:00+00:00,-0.002878823080146163,0.09307774630441726,-0.0028828935068024265
2020-04-17 23:59:00+00:00,0.0029685499471040263,-0.055020551498043864,0.0029650731114256486
2020-04-20 23:59:00+00:00,-0.002283846346053161,0.06278657551504392,-0.002287380143172869
2020-04-21 23:59:00+00:00,-0.001497656503461585,-0.06608690854370072,-0.001482572934192673
2020-04-22 23:59:00+00:00,0.0003612134855632708,-0.0387580102994036,0.0003577300986940008
2020-04-23 23:59:00+00:00,-0.0028786108512510187,0.04095944211857481,-0.0028820750905498675
2020-04-28 23:59:00+00:00,-0.0016642583481623757,0.041912892051997955,-0.0016456574147321896
2020-04-29 23:59:00+00:00,0.0002709533402637642,-0.030739591453872794,0.00026666002778289333
2020-04-30 23:59:00+00:00,-0.0025074500580316026,0.053064212159106755,-0.0025117171776313594
2020-05-01 23:59:00+00:00,0.0028297095935820808,0.06835711164890378,0.0028254242930212084
2020-05-04 23:59:00+00:00,-0.0020904744209365804,-0.09325044684131423,-0.0020948297134027404
2020-05-05 23:59:00+00:00,-0.0014984872639114822,-0.026056711274360912,-0.0014808392172008618
2020-05-06 23:59:00+00:00,0.0002335284009441945,-0.03820749906736053,0.00022944979054381135
2020-05-07 23:59:00+00:00,-0.0023225545425081887,0.0016442864762507459,-0.0023266082647527757
2020-05-08 23:59:00+00:00,0.003042483289716495,-0.05980349134741507,0.003038412345354279
2020-05-11 23:59:00+00:00,-0.0020476648606127137,-0.062370330726457965,-0.0020518046954834356
2020-05-12 23:59:00+00:00,-0.0016378575939591151,0.0394348943275749,-0.0016210218297892194
2020-05-13 23:59:00+00:00,6.27018217272885e-05,-0.021040752171600546,5.8809600081722755e-05
2020-05-14 23:59:00+00:00,-0.002380278005408359,0.07994923662612524,-0.0023841465244956567
2020-05-15 23:59:00+00:00,0.0028120223750976703,0.02601862797232639,0.002808137466219527
2020-05-18 23:59:00+00:00,-0.00236874503915959,-0.03277160805263317,-0.0023726955232822424
2020-05-19 23:59:00+00:00,-0.0015026511820474286,-0.03505098828612795,-0.0014872660602447641
2020-05-20 23:59:00+00:00,2.905323529657478e-05,0.012205905679503764,2.5495173222893873e-05
2020-05-28 23:59:00+00:00,-0.0021497813488920007,-0.041408068517600004,-0.00215331778734901
2020-05-29 23:59:00+00:00,0.0028927545671032714,0.0016896652851264519,0.0028892031871546034
2020-06-01 23:59:00+00:00,-0.002513801830358896,0.024459251572956697,-0.002517413003697878
2020-06-02 23:59:00+00:00,-0.0016254931535316971,0.0005489980922957414,-0.0016093727937086756
2020-06-03 23:59:00+00:00,3.080189828186101e-05,-0.022198469789149078,2.70725419484856e-05
2020-06-04 23:59:00+00:00,-0.0022785486927464783,0.003920475477964578,-0.0022822554304720672
2020-06-05 23:59:00+00:00,0.002860770162405544,-0.01237361118902276,0.0028570478068042707
2020-06-08 23:59:00+00:00,-0.0026264017041463684,0.007330170966434613,-0.002630186573124609
2020-06-09 23:59:00+00:00,-0.0016203202367614231,0.018369567468720278,-0.0016043636853404152
2020-06-10 23:59:00+00:00,-2.7771423782685812e-05,-0.04628365557864176,-3.146411920134707e-05
2020-06-11 23:59:00+00:00,-0.0022635942587980375,-0.036474631514374245,-0.0022672646034357005
2020-06-12 23:59:00+00:00,0.002820821931265662,-0.03350907483194099,0.0028171361645727734
2020-06-15 23:59:00+00:00,-0.002552652998847566,0.014760415583120455,-0.0025564005080253686
2020-06-16 23:59:00+00:00,-0.0015937248776841358,0.0,-0.0015795359752351665
2020-06-17 23:59:00+00:00,-0.00017529756125319164,0.018748659248820496,-0.0001785822733173382
2020-06-18 23:59:00+00:00,-0.0023767609655465805,-0.003000302280681277,-0.002380025836598227
2020-06-19 23:59:00+00:00,0.002701028229417761,-0.016359044010018912,0.0026977496776198918
2020-06-22 23:59:00+00:00,-0.002552325200858548,-0.024738429156122545,-0.002555658535122474
2020-06-23 23:59:00+00:00,-0.0015832924691854156,-0.07473434235898023,-0.001569054762165772
2020-07-01 23:59:00+00:00,-0.002372549376629528,0.05388508849497942,-0.002375826595577595
2020-07-02 23:59:00+00:00,0.0026579880285473746,0.024825883730703345,0.0026546971146451477
2020-07-06 23:59:00+00:00,-0.0024991625474237193,-0.028109958931893206,-0.0025025083119304837
2020-07-07 23:59:00+00:00,-0.0015832924691854156,-0.02498048296844159,-0.001569054762165772
2020-07-08 23:59:00+00:00,-0.00013491943276202744,0.014509183101146118,-0.00013891425723449105
2020-07-09 23:59:00+00:00,-0.0022451258684794127,-0.03725035641269822,-0.0022490942222693046
2020-07-10 23:59:00+00:00,0.0027006186874438762,0.004017222045264324,0.002696633795682124
2020-07-13 23:59:00+00:00,-0.002643384426983984,0.01816167967430231,-0.002647433121118166
2020-07-14 23:59:00+00:00,-0.0017970917815223436,-0.03142217954592023,-0.0017798569650700163
2020-07-15 23:59:00+00:00,-0.00010401144129204348,-0.0029061339837290028,-0.00010820512117598233
2020-07-16 23:59:00+00:00,-0.002339574485106492,-0.04585501145410971,-0.002343740433243811
2020-07-17 23:59:00+00:00,0.0026973714050889403,0.020507353169075964,0.0026931881427256056
2020-07-20 23:59:00+00:00,-0.0025935702827386865,0.003575689149448703,-0.0025978203545535938
2020-07-21 23:59:00+00:00,-0.0018669750326389572,0.06002956080512383,-0.001848888123862072
2020-07-22 23:59:00+00:00,-0.00012777624310153978,0.012802846738382528,-0.00013217373491276928
2020-07-23 23:59:00+00:00,-0.0024644513296246773,-0.041790383611634625,-0.0024688198011475985
2020-07-24 23:59:00+00:00,0.002726715482838536,0.03735578654376903,0.0027223289046250966
2020-07-29 23:59:00+00:00,-0.00012777624310153978,-0.016538414440332643,-0.00013217373491276928
2020-07-30 23:59:00+00:00,-0.0024644513296246773,0.15518246689446738,-0.0024688198011475985
2020-07-31 23:59:00+00:00,0.002831174315647599,0.04285704757288792,0.0028273493648507293
2020-08-03 23:59:00+00:00,-0.0025760385868575874,-0.0009124088224218123,-0.002579926652753532
2020-08-04 23:59:00+00:00,-0.001778802552349803,-0.0119376991588762,-0.0017622757669139228
2020-08-05 23:59:00+00:00,-0.0001193436481994152,0.0331622484352804,-0.0001231757668370419
2020-08-06 23:59:00+00:00,-0.002545805683084698,-0.0387203915075075,-0.002549614888073058
2020-08-07 23:59:00+00:00,0.002997603462309398,0.008325672513928767,0.002993235410849484
2020-08-10 23:59:00+00:00,-0.002505792323002595,-0.008790248596616628,-0.002510232271508943
2020-08-11 23:59:00+00:00,-0.001737177526713623,0.013844245111340947,-0.001718310088701146
2020-08-12 23:59:00+00:00,3.339860921614088e-05,0.07672337837846126,2.902237692372603e-05
2020-08-13 23:59:00+00:00,-0.002087471674561806,-0.007241778187298228,-0.002091821792813369
2020-08-14 23:59:00+00:00,0.003027884173453348,0.03280361411930401,0.003023582509452595
2020-08-17 23:59:00+00:00,-0.0025057335770481666,0.0037167088005125187,-0.002510105869190551
2020-08-18 23:59:00+00:00,-0.00167755266989277,-0.030977780485477977,-0.0016589778140830695
2020-08-19 23:59:00+00:00,0.00024622054710392847,0.040005334613699206,0.00024191083142126747
2020-08-20 23:59:00+00:00,-0.0021615086717216288,0.026205893911375386,-0.0021657927224199595
2020-08-21 23:59:00+00:00,0.0031146250605289553,-0.009596235176000173,0.003109942637876898
2020-08-24 23:59:00+00:00,-0.0024770872475659584,-0.011313251976536206,-0.002481846359027976
2020-08-27 23:59:00+00:00,-0.0021621694008924766,-0.010213820588003275,-0.0021668327024878444
2020-08-28 23:59:00+00:00,0.0031146250605289553,-0.03995101778361591,0.003109942637876898
2020-08-31 23:59:00+00:00,-0.0024770872475659584,-0.016357835317537824,-0.002481846359027976
2020-09-01 23:59:00+00:00,-0.001756816038758526,0.0004021717327481336,-0.0017369521490130187
2020-09-02 23:59:00+00:00,0.00034643409780741653,0.03980821181738657,0.0003418435251923272
2020-09-10 23:59:00+00:00,-0.00212471606827929,0.017908318735997467,-0.002129274081198773
2020-09-11 23:59:00+00:00,0.0029624601133895903,0.02226119324146847,0.0029578833746090804
2020-09-14 23:59:00+00:00,-0.002513430083890739,-0.04105134624977867,-0.0025180844841452
2020-09-15 23:59:00+00:00,-0.0017303935820247181,-0.10452765178291813,-0.0017101142911766184
2020-09-16 23:59:00+00:00,0.00046673916949974094,0.0029339874347875704,0.0004620510695122551
2020-09-17 23:59:00+00:00,-0.0020558786723221677,-0.10981922567072776,-0.002060533587283927
2020-09-18 23:59:00+00:00,0.00303009099230368,-0.0005451076722603845,0.003025417004650655
2020-09-21 23:59:00+00:00,-0.002530748692076929,0.147272428542107,-0.00253550179674036
2020-09-22 23:59:00+00:00,-0.0020807241041816095,0.05626912965506451,-0.002057983213956402
2020-09-23 23:59:00+00:00,0.0003976708511672013,-0.049702501931176264,0.0003924119872732578
2020-09-28 23:59:00+00:00,-0.0027061643679563707,-0.013364978811330927,-0.002711495950963385
2020-09-29 23:59:00+00:00,-0.0020807241041816095,0.0,-0.002057983213956402
2020-09-30 23:59:00+00:00,0.0003976708511672013,-0.035854797346977406,0.0003924119872732578
2020-10-01 23:59:00+00:00,-0.002350175279022833,0.07008606645780655,-0.0023550601979095576
2020-10-02 23:59:00+00:00,0.002991464450839123,-0.03700519599355441,0.002986559715053045
2020-10-05 23:59:00+00:00,-0.0022945518612588495,0.03355757717932132,-0.0022995331846597166
2020-10-06 23:59:00+00:00,-0.001875865483398998,0.008026032000749488,-0.0018547185199744123
2020-10-07 23:59:00+00:00,0.00031550094595092916,0.0424803066172461,0.0003105841034505743
2020-10-15 23:59:00+00:00,-0.002148984291365559,0.007902339973421397,-0.002153917021736785
2020-10-16 23:59:00+00:00,0.002915924407005811,0.04135137137023508,0.002910971716717127
2020-10-19 23:59:00+00:00,-0.0021759625926694066,0.03706623782002365,-0.002180992395500332
2020-10-20 23:59:00+00:00,-0.001824593405374634,-0.005306811790929039,-0.0018032283350314351
2020-10-21 23:59:00+00:00,0.00035523305042016754,-0.012044307525921491,0.00035027118724451295
2020-10-22 23:59:00+00:00,-0.002101014801731807,0.017681861836816002,-0.0021061359537622405
2020-10-23 23:59:00+00:00,0.0030344354579551133,-0.0016548075925847349,0.003029293640602138
2020-10-28 23:59:00+00:00,0.00037947683920714357,0.015928210529961236,0.0003743223562746055
2020-10-29 23:59:00+00:00,-0.0032537269489289,-0.03334652714785057,-0.0032591282918275222
2020-10-30 23:59:00+00:00,0.0018817233107580197,-0.058719071084400144,0.0018763013025368562
2020-11-02 23:59:00+00:00,-0.003238639756164751,-0.004258810695796449,-0.003244112567293724
2020-11-03 23:59:00+00:00,-0.0029975782869088915,-0.03473963229372418,-0.00297579546857057
2020-11-04 23:59:00+00:00,-0.000801516344325451,-0.01852540114866605,-0.0008069163364139823
2020-11-12 23:59:00+00:00,-0.003315391897547402,-0.10480418740981975,-0.0033207582679319145
2020-11-13 23:59:00+00:00,0.0018332923202457035,-0.0018556323751114743,0.001827901693461944
2020-11-16 23:59:00+00:00,-0.003433030002700943,0.007401958295667739,-0.003438376054720759
2020-11-17 23:59:00+00:00,-0.003267233263721194,-0.04525659158812095,-0.0032459552814105104
2020-11-18 23:59:00+00:00,-0.0010340082941253392,0.022129861508102623,-0.0010392834096248462
2020-11-25 23:59:00+00:00,-0.003752605118490903,0.013624664908467662,-0.003757847484809144
2020-11-27 23:59:00+00:00,0.0014916463818740039,-0.0006942034294759061,0.0014863803854918338
2020-11-30 23:59:00+00:00,-0.0033985248253945418,-0.03533936644530885,-0.0034043245175396086
2020-12-01 23:59:00+00:00,-0.003371348308364986,-0.10336410852638922,-0.003348265105635952
2020-12-02 23:59:00+00:00,-0.0009704731625884418,0.026762714939543224,-0.0009761961102928676
2020-12-03 23:59:00+00:00,-0.003704501166732853,-0.06788391656321231,-0.003710188687487772
2020-12-04 23:59:00+00:00,0.0014895447158122248,-0.0029136336949296356,0.0014838316294879242
2020-12-07 23:59:00+00:00,-0.0036315994852643176,0.017765391830955515,-0.0036380958781411146
2020-12-08 23:59:00+00:00,-0.0037780482464451074,0.044451762570833796,-0.003752192476832595
2020-12-09 23:59:00+00:00,-0.0010487692956495664,0.014774763320626157,-0.001055179960542602
2020-12-10 23:59:00+00:00,-0.004008578662531484,0.034518883279513794,-0.004014949757413575
2020-12-11 23:59:00+00:00,0.0013340467771405286,0.0,0.0013276471231544746
2020-12-14 23:59:00+00:00,-0.0034717802029866243,-0.0018660203212713161,-0.0034779980773216464
2020-12-15 23:59:00+00:00,-0.0035512358067982426,-0.015434147897954663,-0.0035264888734496233
2020-12-16 23:59:00+00:00,-0.0009074048529681318,0.02398915637002258,-0.000913540898978037
2020-12-30 23:59:00+00:00,-0.003812031095833268,0.016406618013935358,-0.0038181293755464784
2020-12-31 23:59:00+00:00,0.0014280912865414983,0.04581531880153037,0.0014219657460062276
2021-01-04 23:59:00+00:00,-0.003438526817298725,0.005167970158442598,-0.003444925813902184
2021-01-05 23:59:00+00:00,-0.0035538876243256584,0.004775032029751708,-0.0035284201557016386
2021-01-06 23:59:00+00:00,-0.0008174402979993604,-0.010683468715917997,-0.000823755312251342
2021-01-07 23:59:00+00:00,-0.003734471018336961,0.01725763410285333,-0.003740747275924871
2021-01-08 23:59:00+00:00,0.0014538011254328883,0.002181819047333565,0.0014474968885652283
2021-01-11 23:59:00+00:00,-0.0033534781276913957,-0.009489122297018884,-0.0033599247247152395
2021-01-12 23:59:00+00:00,-0.0034713470188382986,-0.022622882106934545,-0.0034456904212449863
2021-01-13 23:59:00+00:00,-0.0007800321826432581,0.02628320830202522,-0.0007863944026578752
2021-01-21 23:59:00+00:00,-0.003621564609935524,0.06182634282533278,-0.003627887894918003
2021-01-22 23:59:00+00:00,0.0016248259241960483,0.020540851523873922,0.0016184745276023422
2021-01-27 23:59:00+00:00,-0.0006405891664287126,-0.03826021361971908,-0.0006473099183315864
2021-01-28 23:59:00+00:00,-0.0033910320585441855,0.10575045522213553,-0.0033977117045619126
2021-01-29 23:59:00+00:00,0.0017464297785177896,-0.00175592670226492,0.0017397251359386199
2021-02-01 23:59:00+00:00,-0.003295066974820751,-0.019879958932942355,-0.0033018765398920976
2021-02-02 23:59:00+00:00,-0.003448725395662064,0.05102434463470773,-0.003421584005880258
2021-02-03 23:59:00+00:00,-0.0006892831328518267,-0.024837427164081813,-0.0006960729116472455
2021-02-04 23:59:00+00:00,-0.003086888498861082,0.006614471461352432,-0.00309363634770243
2021-02-05 23:59:00+00:00,0.0017821544070579984,-0.016442560397614995,0.0017753813439914802
2021-02-08 23:59:00+00:00,-0.0032937550433198614,0.026454727583770734,-0.0033006342745138017
2021-02-09 23:59:00+00:00,-0.0034057791769813604,-0.014881742026112268,-0.003378176969100502
2021-02-10 23:59:00+00:00,-0.0007065108294714479,0.015225207597065596,-0.0007128290737541398
2021-02-18 23:59:00+00:00,-0.003021434578154963,-0.038530172875813506,-0.003027713917162087
2021-02-19 23:59:00+00:00,0.0017807191004027578,-0.02537859113174672,0.001774416361463368
2021-02-24 23:59:00+00:00,-0.0007065108294714479,-0.0021629424438212265,-0.0007128290737541398
2021-02-25 23:59:00+00:00,-0.003021434578154963,0.0021629424438211996,-0.003027713917162087
2021-02-26 23:59:00+00:00,0.0016653834701069728,0.022080669166171667,0.0016590936419309168
2021-03-01 23:59:00+00:00,-0.0032247801116314133,-0.008134439195038246,-0.0032311722562320547
2021-03-02 23:59:00+00:00,-0.003302588390114133,-0.025172130950016587,-0.0032769619916516875
2021-03-03 23:59:00+00:00,-0.000720289393008186,-0.016523232535300744,-0.0007265904060355173
2021-03-04 23:59:00+00:00,-0.0031554932837229307,-0.01379332213233576,-0.0031617598229263934
2021-03-05 23:59:00+00:00,0.0017011913198829594,-0.0007510327052228802,0.0016947288937146433
2021-03-08 23:59:00+00:00,-0.003250576244905114,0.011206691809561645,-0.0032571435051753856
2021-03-09 23:59:00+00:00,-0.003371545577543994,-0.008955283729104055,-0.0033452187696791343
2021-03-10 23:59:00+00:00,-0.0007715040429614055,-0.02581768302594098,-0.000777977921794759
2021-03-11 23:59:00+00:00,-0.003156065346069862,-0.045641280956204025,-0.003162503908549349
2021-03-12 23:59:00+00:00,0.0016718464036106792,0.03091803940331009,0.0016654013165265226
2021-03-15 23:59:00+00:00,-0.0032370270229635286,-0.013359727189931416,-0.0032435763752258606
2021-03-16 23:59:00+00:00,-0.003408642099357034,-0.01876677157494708,-0.00338238868569644
2021-03-17 23:59:00+00:00,-0.0008550361443895134,0.02153193233348272,-0.0008614926146979038
2021-03-18 23:59:00+00:00,-0.0032045806803573254,0.01837065538130419,-0.0032110020316324797
2021-03-19 23:59:00+00:00,0.0017285149020358347,-0.029078669653776455,0.001721963440097839
2021-03-22 23:59:00+00:00,-0.00327606825789711,0.003979312851481054,-0.0032827254150504127
2021-03-23 23:59:00+00:00,-0.0034606783394444734,0.020440963284973024,-0.003433994387410544
2021-03-24 23:59:00+00:00,-0.00081395695257878,-0.005071202598078845,-0.0008205199465583546
2021-03-29 23:59:00+00:00,-0.00327606825789711,-0.0057350568203301195,-0.0032827254150504127
2021-03-30 23:59:00+00:00,-0.0020800348823315196,0.011816413456780457,-0.002053947886173189
2021-03-31 23:59:00+00:00,0.0004956638712238865,0.0,0.0004896236159240298
2021-04-01 23:59:00+00:00,-0.0019466002996651696,-0.04971897734573889,-0.0019526062553979948
2021-04-02 23:59:00+00:00,0.0029752569118804326,-0.02214706989055204,0.002969227763704088
2021-04-05 23:59:00+00:00,-0.0019374360734205772,0.02572489123843592,-0.0019435670861445604
2021-04-06 23:59:00+00:00,-0.0020615303563538585,0.0007933360193958741,-0.002036563542818948
2021-04-07 23:59:00+00:00,0.0004778770240149797,0.001584786385571545,0.00047208837462707617
2021-04-08 23:59:00+00:00,-0.00207468286768626,0.013760783289088906,-0.0020804385934764997
2021-04-09 23:59:00+00:00,0.0028994958696415872,0.022394758308186654,0.002893718014488212
2021-04-12 23:59:00+00:00,-0.001959924666829107,-0.00038189803786673013,-0.0019657991311470713
2021-04-13 23:59:00+00:00,-0.002033805629417078,0.015163292803345366,-0.0020085029724936565
2021-04-14 23:59:00+00:00,0.0005007639816504953,0.008242834231711823,0.000494895693853551
2021-04-15 23:59:00+00:00,-0.002018010248674624,0.025420414660343407,-0.002023845223929341
2021-04-16 23:59:00+00:00,0.0029652865306930964,-0.00803510531965727,0.0029594291785148196
2021-04-19 23:59:00+00:00,-0.0018700579788791826,-0.01291769208097001,-0.0018760130377472339
2021-04-20 23:59:00+00:00,-0.001977015349431851,0.020952797400627214,-0.0019521493181517947
2021-04-21 23:59:00+00:00,0.0005324098433860768,-0.006935599986240297,0.0005266410915819147
2021-04-22 23:59:00+00:00,-0.0019412319966281319,0.02173998663640582,-0.0019469680637120585
2021-04-23 23:59:00+00:00,0.002951965787088024,0.0293151841638782,0.0029462077782812556
2021-04-28 23:59:00+00:00,0.0005324098433860768,0.00684699696526916,0.0005266410915819147
2021-04-29 23:59:00+00:00,-0.0018702017532658544,0.011870581986985115,-0.0018758060520617566
2021-04-30 23:59:00+00:00,0.0030300356732170797,0.0003370975929443155,0.003024409991082171
2021-05-03 23:59:00+00:00,-0.0018654452861044456,-0.00982226355699913,-0.0018711643681362557
2021-05-04 23:59:00+00:00,-0.0019026010682463605,-0.003409481652620544,-0.0018783137408021787
2021-05-05 23:59:00+00:00,0.0005310038374341378,0.010193768189543024,0.000525367666304129
2021-05-06 23:59:00+00:00,-0.0018359883070283487,-0.008828580264203039,-0.0018416074106618317
2021-05-07 23:59:00+00:00,0.0030259899641330904,0.007813866833656506,0.003020349474891683
2021-05-10 23:59:00+00:00,-0.0018831478427670028,0.004726544923561185,-0.0018888817574025168
2021-05-11 23:59:00+00:00,-0.001903986672988774,0.0013463482343378822,-0.0018796426295022567
2021-05-12 23:59:00+00:00,0.0005483956386985561,-0.004044494896506414,0.000542744640114514
2021-05-13 23:59:00+00:00,-0.001847127403328595,0.048774081957162485,-0.001852734148479238
2021-05-14 23:59:00+00:00,0.0030422762841953257,-0.0316968211389696,0.003036648254308777
2021-05-17 23:59:00+00:00,-0.0018614919073515102,-0.016064602503806674,-0.0018672129373353778
2021-05-18 23:59:00+00:00,-0.0018905561899958201,-0.01324522675002068,-0.0018662730558509514
2021-05-19 23:59:00+00:00,0.0005764853568709962,-0.006516915535728542,0.0005708468482242059
2021-05-20 23:59:00+00:00,-0.0017343138620047071,-0.006906104796412047,-0.001739986857980851
2021-05-21 23:59:00+00:00,0.0029566806623098118,0.009312017625618394,0.002950986184300679
2021-05-26 23:59:00+00:00,0.0005612365023321814,0.009421334828390615,0.000555531429421642
2021-06-03 23:59:00+00:00,-0.0017343138620047071,-0.008756339391959994,-0.001739986857980851
2021-06-04 23:59:00+00:00,0.0029566806623098118,0.018716261083959046,0.002950986184300679
2021-06-07 23:59:00+00:00,-0.001902377201694221,0.0003196420036804853,-0.0019081431695478382
2021-06-08 23:59:00+00:00,-0.0019245263753003491,0.006371477432142605,-0.0018999601988956725
2021-06-09 23:59:00+00:00,0.0005642703783775351,0.045624669928337545,0.0005585939372087209
2021-06-17 23:59:00+00:00,-0.0017634827540869559,-0.007493010393476234,-0.0017691275216681515
2021-06-18 23:59:00+00:00,0.002970422987376061,0.020779162883747065,0.0029647535701122743
2021-06-21 23:59:00+00:00,-0.001877928038152312,0.022759289145749245,-0.0018837183216748772
2021-06-22 23:59:00+00:00,-0.0018841546631938226,0.02518278536779647,-0.0018594914952513438
2021-06-23 23:59:00+00:00,0.0006894829702825824,0.02256387309988991,0.0006837823694003253
2021-06-28 23:59:00+00:00,-0.001877928038152312,0.00549451931764078,-0.0018837183216748772
2021-06-29 23:59:00+00:00,-0.0018841546631938226,0.003009166543699039,-0.0018594914952513438
2021-06-30 23:59:00+00:00,0.0007695180387040986,0.010596485512079545,0.0007639074879624111
2021-07-08 23:59:00+00:00,-0.0017298630625271214,0.020208150960841068,-0.0017354456146455035
2021-07-09 23:59:00+00:00,0.003095076155047705,-0.014237983974337277,0.0030894725466495644
2021-07-12 23:59:00+00:00,-0.0017703679311495135,-0.00978800636616282,-0.0017760633610923585
2021-07-13 23:59:00+00:00,-0.0017875195393645175,-0.012647955243238236,-0.0017632525698666852
2021-07-14 23:59:00+00:00,0.0007958497342212095,0.016465794622897073,0.0007902764883743973
2021-07-15 23:59:00+00:00,-0.0016763593072324492,0.028178437574417927,-0.0016819047923510703
2021-07-16 23:59:00+00:00,0.0030580720936070186,0.02534426966116783,0.0030525057442818675
2021-07-19 23:59:00+00:00,-0.0017869697033325556,0.021187774095473864,-0.0017926270520792977
2021-07-20 23:59:00+00:00,-0.001772198349748448,0.011052611886443072,-0.001748100015476962
2021-07-21 23:59:00+00:00,0.0008549767412180745,0.01413889360320455,0.0008491818246626019
2021-07-22 23:59:00+00:00,-0.0015861728690055405,0.010291686036547724,-0.001591938974353203
2021-07-23 23:59:00+00:00,0.003131565931238603,-0.03245670750107452,0.0031257781857101
2021-07-28 23:59:00+00:00,0.0008549767412180745,-0.03637676888287619,0.0008491818246626019
2021-07-29 23:59:00+00:00,-0.0015861728690055405,0.005351012895482082,-0.001591938974353203
2021-07-30 23:59:00+00:00,0.003039864055920943,0.023110799999950478,0.0030342597643588597
2021-08-02 23:59:00+00:00,-0.0017177194938777633,0.03201250756650421,-0.0017234181314685743
2021-08-03 23:59:00+00:00,-0.0017544100119609688,-0.004338401598598353,-0.0017301624143300108
2021-08-04 23:59:00+00:00,0.0007896331614983058,0.0,0.0007840250847308353
2021-08-05 23:59:00+00:00,-0.0015685843754414718,-0.019512814223581715,-0.0015741677648206482
2021-08-06 23:59:00+00:00,0.003101643284717669,0.007117467768864175,0.0030959312427310303
2021-08-09 23:59:00+00:00,-0.0016189300276539232,-0.007363803525744609,-0.001624738008989838
2021-08-10 23:59:00+00:00,-0.0017445373531320405,-0.03153414440708828,-0.0017198308538024926
2021-08-11 23:59:00+00:00,0.0008037604911122989,-0.01847627616757312,0.0007980445849129642
2021-08-12 23:59:00+00:00,-0.0015372743481581012,0.02177619031832421,-0.0015429651387550637
2021-08-13 23:59:00+00:00,0.003091893891877479,-0.028011596335608246,0.003086044539804364
2021-08-16 23:59:00+00:00,-0.0016521995212518674,0.003901682671063659,-0.001658146893932891
2021-08-17 23:59:00+00:00,-0.0018377181613783056,-0.005727690743324409,-0.0018124251592157412
2021-08-18 23:59:00+00:00,0.0007396372395646907,0.005468051640217255,0.0007337839241664206
2021-08-19 23:59:00+00:00,-0.0015971547716274676,0.024116099465065616,-0.001602982415131937
2021-08-20 23:59:00+00:00,0.003020172848395845,-0.012498568517548879,0.00301430421138039
2021-08-23 23:59:00+00:00,-0.001638896652438941,0.00025664057628353514,-0.0016448634084076518
2021-08-24 23:59:00+00:00,-0.001847600546966748,0.07106070040604962,-0.0018222315311557226
2021-08-27 23:59:00+00:00,0.003020172848395845,0.016586420329064114,0.00301430421138039
2021-08-30 23:59:00+00:00,-0.001638896652438941,0.052948309746057236,-0.0016448634084076518
2021-08-31 23:59:00+00:00,-0.0016408096293528628,0.005617992304223274,-0.00161756356100049
2021-09-01 23:59:00+00:00,0.0007781253454449026,0.015182586090246768,0.0007727395680910602
2021-09-09 23:59:00+00:00,-0.0014594088572946308,0.05764207346548623,-0.0014647681048404113
2021-09-10 23:59:00+00:00,0.003042666540262421,0.005528562361144567,0.0030372904444313353
2021-09-13 23:59:00+00:00,-0.0016070154365640734,0.03731776300719528,-0.001612484278495436
2021-09-14 23:59:00+00:00,-0.0015846845663216665,-0.023159905003097017,-0.0015607849691734797
2021-09-15 23:59:00+00:00,0.0008490986125066299,-0.04406843313708775,0.0008435598368726195
2021-09-16 23:59:00+00:00,-0.0012893525808477268,-0.02378704820282726,-0.0012948641236779487
2021-09-17 23:59:00+00:00,0.0030848997126674722,-0.03677636099154596,0.003079370886822079
2021-09-20 23:59:00+00:00,-0.0014368873021093145,0.0,-0.0014425112924269794
2021-09-21 23:59:00+00:00,-0.0016625232005687569,0.034969313014622576,-0.0016385032393647818
2021-09-22 23:59:00+00:00,0.0007210720780597957,0.03242672403019526,0.0007155038262486162
2021-09-23 23:59:00+00:00,-0.0013642127683599612,0.10446517332423456,-0.0013697536932556664
2021-09-28 23:59:00+00:00,-0.0016625232005687569,0.0687859241421386,-0.0016385032393647818
2021-09-29 23:59:00+00:00,0.0007210720780597957,-0.04318971781366169,0.0007155038262486162
2021-09-30 23:59:00+00:00,-0.0010607945948443017,0.025824887086149297,-0.001065800585797627
2021-10-01 23:59:00+00:00,0.0030357673595914117,0.09047398432736271,0.003030743013829076
2021-10-04 23:59:00+00:00,-0.0012974161518821714,-0.10638202017610685,-0.001302523669926124
2021-10-05 23:59:00+00:00,-0.0013344076327673835,0.0003523608211227516,-0.0013128136773034266
2021-10-06 23:59:00+00:00,0.000861401520695055,-0.019925939461080837,0.0008563707278105753
2021-10-14 23:59:00+00:00,-0.0010152336558906009,-0.08101360397948987,-0.0010201214872865383
2021-10-15 23:59:00+00:00,0.0032196563073478976,0.019649337158920754,0.003214750596476929
2021-10-18 23:59:00+00:00,-0.0015667936374433589,0.015987862482516615,-0.0015717803371103813
2021-10-19 23:59:00+00:00,-0.001345537791859403,-0.010695289116747919,-0.0013244432404528699
2021-10-20 23:59:00+00:00,0.0006985848714311068,0.03174869831458027,0.0006936756447662523
2021-10-21 23:59:00+00:00,-0.0012084258957830562,0.11068721267491431,-0.001213296620347427
2021-10-22 23:59:00+00:00,0.0032424478107488646,-0.0027164702612812036,0.003237559314181934
2021-10-27 23:59:00+00:00,0.000683717145286062,-0.06354742935741432,0.0006788223806762792
2021-10-28 23:59:00+00:00,-0.002973898951114988,-0.04523952712026744,-0.0029789787715078274
2021-10-29 23:59:00+00:00,0.001476974755416933,0.06639275932431403,0.0014718771630215341
2021-11-01 23:59:00+00:00,-0.0033722155458518147,0.022833671298874068,-0.0033774413229330693
2021-11-02 23:59:00+00:00,-0.003215064506415159,0.008080142327960413,-0.0031940635997600017
2021-11-03 23:59:00+00:00,-0.0012241227322268022,-0.03561630013656567,-0.0012292682922922387
2021-11-11 23:59:00+00:00,-0.002886907584171156,0.046092987601130814,-0.0028920285571627045
2021-11-12 23:59:00+00:00,0.0013952872348674888,0.031393592417648136,0.001390145154207285
2021-11-15 23:59:00+00:00,-0.003213080181582935,-0.07228202991324431,-0.003218400412904667
2021-11-16 23:59:00+00:00,-0.003093995731660513,0.017699577099401075,-0.0030726169179837413
2021-11-17 23:59:00+00:00,-0.0012071882831699537,0.032710852594725996,-0.0012124270510028559
2021-11-26 23:59:00+00:00,0.0016382105506595884,-0.060946573101547726,0.00163297531068168
2021-11-29 23:59:00+00:00,-0.003213080181582935,-0.07005696773157424,-0.003218400412904667
2021-11-30 23:59:00+00:00,-0.0030821418730673984,-0.04860230018240569,-0.003061890380536858
2021-12-01 23:59:00+00:00,-0.0011690038494651168,0.018564284968510057,-0.0011739669080143107
2021-12-02 23:59:00+00:00,-0.0027212944670406834,-0.12211841209014788,-0.002726237032717255
2021-12-03 23:59:00+00:00,0.001525514980568202,0.0138495085363646,0.001520558350079295
2021-12-06 23:59:00+00:00,-0.0034181804213405088,0.028448017032811534,-0.0034232204613392097
2021-12-07 23:59:00+00:00,-0.0033472823744239858,-0.0002621575581929648,-0.0033268584269601476
2021-12-08 23:59:00+00:00,-0.0012822264566782694,0.028687844056144298,-0.0012872323523126206
2021-12-09 23:59:00+00:00,-0.0031455568748687086,-0.033945479721549196,-0.003150542157552756
2021-12-10 23:59:00+00:00,0.001393100412956827,-0.012465351701272139,0.0013881009799201235
2021-12-13 23:59:00+00:00,-0.00373765981868602,0.01457172425468717,-0.0037427431646738073
2021-12-14 23:59:00+00:00,-0.0033243055312155946,-0.009513813831276785,-0.0033038916736434784
2021-12-15 23:59:00+00:00,-0.0011990550956936172,-0.020386972182524835,-0.0012040590845347507
2021-12-30 23:59:00+00:00,-0.0031976155770923565,0.02253243108069606,-0.0032025990172887325
2021-12-31 23:59:00+00:00,0.0013781376267607767,-0.026023773421305244,0.0013731400772704668
2022-01-03 23:59:00+00:00,-0.0036446337469241,0.04343359343170344,-0.003649714962081928
2022-01-04 23:59:00+00:00,-0.003345612064206768,-0.018196498954862896,-0.0033250868441414734
2022-01-05 23:59:00+00:00,-0.0012487360528555052,0.026916738876308244,-0.0012537679022420671
2022-01-06 23:59:00+00:00,-0.003147612528632381,0.04078113566715743,-0.0031526237714110525
2022-01-07 23:59:00+00:00,0.001310339882291515,0.04083180079725305,0.0013053144873572426
2022-01-10 23:59:00+00:00,-0.00360780642034494,0.1337373022309334,-0.0036129157313275267
2022-01-11 23:59:00+00:00,-0.0032707838587898155,-0.12880713612307468,-0.003248769080961371
2022-01-12 23:59:00+00:00,-0.0010743699948733325,-0.001875293564107814,-0.0010797676123181972
2022-01-19 23:59:00+00:00,-0.0029381239453228234,0.05749443780307966,-0.002943499518457881
2022-01-20 23:59:00+00:00,0.0015111715936957737,0.006435665776854392,0.0015057808777810488
2022-01-24 23:59:00+00:00,-0.003383160463639895,0.053794481598600195,-0.003388640965554414
2022-01-27 23:59:00+00:00,-0.002700149578874121,0.049416129433407834,-0.0027068199437805633
2022-01-28 23:59:00+00:00,0.0016275090067652967,-0.025559832998230083,0.0016208198980521824
2022-01-31 23:59:00+00:00,-0.0028174838462756953,0.14657477168853683,-0.0028242799761826792
2022-02-01 23:59:00+00:00,-0.0034657998583794937,-0.11814667202402694,-0.0034384475340536705
2022-02-02 23:59:00+00:00,-0.0009722772785141581,-0.06683247593673,-0.0009789749991371399
2022-02-03 23:59:00+00:00,-0.002538433052635518,-0.07727605137656593,-0.002546186228602614
2022-02-04 23:59:00+00:00,0.0016149199390083514,0.0037735893836394877,0.001607145032033203
2022-02-07 23:59:00+00:00,-0.002416622092953995,-0.05790645027926775,-0.0024245210159892982
2022-02-08 23:59:00+00:00,-0.0036907774262036714,-0.01255036553637641,-0.0036590321331336677
2022-02-09 23:59:00+00:00,-0.0009252458113686818,-0.004556969911127021,-0.0009330354009393091
2022-02-10 23:59:00+00:00,-0.0028561928945808196,0.06245884170630305,-0.0028636613778510894
2022-02-11 23:59:00+00:00,0.0014651589709736386,0.02611605902300166,0.001457669607057926
2022-02-14 23:59:00+00:00,-0.002701163730931509,0.09116360535995321,-0.0027087722518588215
2022-02-15 23:59:00+00:00,-0.0038623344577904855,-0.05021156820410806,-0.003831758441924879
2022-02-16 23:59:00+00:00,-0.001224787936815476,-0.012336143880664042,-0.0012322914033261836
2022-02-24 23:59:00+00:00,-0.0026196986988843013,-0.015329425521207413,-0.002627745915568566
2022-02-25 23:59:00+00:00,0.001613638088095052,0.03811046157164829,0.0016055684279060393
2022-02-28 23:59:00+00:00,-0.0023865625713649086,0.04049830338875283,-0.0023947603562765553
2022-03-01 23:59:00+00:00,-0.003879759480637202,-0.008435309401349737,-0.0038467738096099133
2022-03-02 23:59:00+00:00,-0.0011640747490895033,0.0604003646672983,-0.0011721546991396126
2022-03-03 23:59:00+00:00,-0.002600602475575515,-0.03716541046767248,-0.0026087833036330145
2022-03-04 23:59:00+00:00,-0.0022393346312295,-0.06562884565160146,-0.0022476680760342136
2022-03-07 23:59:00+00:00,-0.0038448837469888452,0.022934280287269283,-0.003811399156186273
2022-03-09 23:59:00+00:00,-0.0011178804179252369,0.020094733447091135,-0.0011260993632445644
2022-03-10 23:59:00+00:00,-0.002600602475575515,-0.014281389483556712,-0.0026087833036330145
2022-03-11 23:59:00+00:00,0.0017483002409957758,-0.019510699108440294,0.0017403225169726829
2022-03-14 23:59:00+00:00,-0.0023804138140523694,0.03864800439371254,-0.0023885125534600193
2022-03-15 23:59:00+00:00,-0.003774714513352668,0.049712433016005655,-0.0037421752196265578
2022-03-16 23:59:00+00:00,-0.0009276298729359112,-0.025780378341778546,-0.0009356127428837087
2022-03-17 23:59:00+00:00,-0.0026680595663347,0.00757967369493221,-0.002676010356009951
2022-03-18 23:59:00+00:00,0.0017280329638139887,0.056920290252682144,0.0017204622703295173
2022-03-21 23:59:00+00:00,-0.0022583050207387327,0.008638118785634313,-0.0022659902645706873
2022-03-22 23:59:00+00:00,-0.0036239579095923378,0.031790507455856515,-0.003593082029149442
2022-03-23 23:59:00+00:00,-0.0009564667209870453,0.0309904494279243,-0.0009640422788581823
2022-03-24 23:59:00+00:00,-0.002666894207854784,-0.011372990172270024,-0.002674439403556394
2022-03-29 23:59:00+00:00,-0.0034454569302340412,0.0065795560556812195,-0.003414953300788058
2022-03-30 23:59:00+00:00,0.0006187891105107336,0.013730192811901817,0.0006116316136210079
2022-03-31 23:59:00+00:00,-0.0011574018111447143,-0.0013995803544232435,-0.0011645248253250228
2022-04-01 23:59:00+00:00,0.0033555381626943995,0.05450940566837171,0.0033483855361278276
2022-04-04 23:59:00+00:00,-0.0007271730613703948,-0.0004974711983864374,-0.0007344385035586505
2022-04-05 23:59:00+00:00,-0.0020004914928190135,0.05328997277800217,-0.001969582907651183
2022-04-06 23:59:00+00:00,0.000660866076471658,-0.012819673865509,0.0006537086567211062
2022-04-07 23:59:00+00:00,-0.0011448771229222005,0.056512210263342404,-0.0011520004002171682
2022-04-08 23:59:00+00:00,0.003480259206504034,0.005554318865450236,0.0034731061319959967
2022-04-11 23:59:00+00:00,-0.0007140014266397389,0.04636349821520543,-0.0007212709233737125
2022-04-12 23:59:00+00:00,-0.001842741822400593,0.04239286239058565,-0.00181314903054766
2022-04-13 23:59:00+00:00,-0.0009929657276553966,0.06881020640287441,-0.0009997877353537961
2022-04-14 23:59:00+00:00,0.003512653039539645,-0.08594242980072477,0.0035058025629698788
2022-04-18 23:59:00+00:00,-0.0006851318963289313,-0.03387272035333072,-0.0006920936358550359
2022-04-19 23:59:00+00:00,-0.001842741822400593,0.00287894253833996,-0.00181314903054766
2022-04-20 23:59:00+00:00,0.0006713006304622136,-0.06272903376262591,0.0006647514208440229
2022-04-21 23:59:00+00:00,-0.0008323100933870814,0.02045061047129084,-0.0008388247435557516
2022-04-22 23:59:00+00:00,0.003329012739477276,0.026778728623964774,0.003322470967525573
2022-04-27 23:59:00+00:00,0.0006713006304622136,0.05039277289573719,0.0006647514208440229
2022-04-28 23:59:00+00:00,-0.0008323100933870814,0.03139057925558315,-0.0008388247435557516
2022-04-29 23:59:00+00:00,0.003389313873619726,0.062110827508748696,0.0033827677545946234
2022-05-02 23:59:00+00:00,-0.0006323043647896854,0.056340880857270424,-0.0006389563582458898
2022-05-03 23:59:00+00:00,-0.0017081448813935098,0.04280220729221106,-0.0016798824684279123
2022-05-04 23:59:00+00:00,0.0006511237088107794,-0.08801588701304844,0.0006445735925205544
2022-05-05 23:59:00+00:00,-0.0007773326626884303,-0.1351845940782966,-0.000783851706398527
2022-05-06 23:59:00+00:00,0.0035439359126998343,0.04983336213970774,0.003537598368552272
2022-05-09 23:59:00+00:00,-0.00047269925118224415,0.033946687195086055,-0.00047913908197063764
2022-05-10 23:59:00+00:00,-0.00157663955238215,0.01287487710989295,-0.0015492851187079615
2022-05-11 23:59:00+00:00,0.00048638392851053507,-0.009868928300054767,0.0004800425080697931
2022-05-12 23:59:00+00:00,-0.0006810585179164261,0.03752280900345854,-0.000687369911311699
2022-05-13 23:59:00+00:00,0.0036310653848496558,0.042810965431807124,0.0036249251907296267
2022-05-16 23:59:00+00:00,-0.00040645954737569075,0.007677580899034332,-0.00041269863598828355
2022-05-17 23:59:00+00:00,-0.0015569814768065307,-0.007196001308701262,-0.0015304860406158479
2022-05-18 23:59:00+00:00,0.00045061741501625134,-0.027455815262158487,0.00044447345925946127
2022-05-19 23:59:00+00:00,-0.0009804841930521478,0.07860466012253013,-0.0009865991104256553
2022-05-20 23:59:00+00:00,0.0037289209927205942,0.005929321818277168,0.0037226732896076006
2022-05-23 23:59:00+00:00,-0.0003742814593141751,0.019700079884631842,-0.0003806295786397384
2022-06-02 23:59:00+00:00,-0.0008852200687877517,0.08960880641038868,-0.0008914421130238424
2022-06-03 23:59:00+00:00,0.0037289209927205942,-0.0031157693753469467,0.0037226732896076006
2022-06-06 23:59:00+00:00,-0.0003742814593141751,-0.06605335204979845,-0.0003806295786397384
2022-06-07 23:59:00+00:00,-0.001505275509351767,0.029896915849820863,-0.0014771214322521309
2022-06-08 23:59:00+00:00,0.00045334810242674467,-0.01268753335538645,0.00044684203399590193
2022-06-09 23:59:00+00:00,-0.000477251745653871,-0.027609291344020546,-0.00048372055638194137
2022-06-10 23:59:00+00:00,0.0037668612508123572,-0.18025608767408313,0.003760365696613206
2022-06-13 23:59:00+00:00,-0.00027934639841221525,0.031626977177554645,-0.0002859495730463407
2022-06-14 23:59:00+00:00,-0.0015029253931720195,0.005912406365753746,-0.0014775122935854743
2022-06-15 23:59:00+00:00,0.00035694407048351555,-0.07221348618699366,0.0003510697509305781
2022-06-23 23:59:00+00:00,-0.0006009613139821635,0.04418610447124381,-0.0006068020545262049
2022-06-28 23:59:00+00:00,-0.0015029253931720195,-0.18066088660881408,-0.0014775122935854743
2022-06-29 23:59:00+00:00,0.00035694407048351555,0.0548819800885537,0.0003510697509305781
2022-07-07 23:59:00+00:00,-0.0005376449932979983,0.06294211995679752,-0.0005446232170418381
2022-07-08 23:59:00+00:00,0.003275769038778342,-0.04178858871356063,0.0032687585601933636
2022-07-11 23:59:00+00:00,-0.0004550986316045033,0.08190071415616494,-0.00046222102079201326
2022-07-12 23:59:00+00:00,-0.0019269656506271562,-0.013394737103891207,-0.0018967252686569827
2022-07-13 23:59:00+00:00,0.0002863982730622697,0.06112360603750202,0.0002793835276920668
2022-07-14 23:59:00+00:00,-0.0003811741023077482,0.0639058381396486,-0.0003883586925227991
2022-07-15 23:59:00+00:00,0.0032022703929164113,-0.02916845191053832,0.003195052672368432
2022-07-18 23:59:00+00:00,-0.00024405871536006308,0.09738551779150448,-0.00025139148176822574
2022-07-19 23:59:00+00:00,-0.0019290112377260275,-0.009410948432947172,-0.001897907782278287
2022-07-20 23:59:00+00:00,0.0003099519304083175,0.045229814958761175,0.00030272600261376686
2022-07-21 23:59:00+00:00,-0.00019917430611192318,0.050286642564863364,-0.00020666379237051452
2022-07-22 23:59:00+00:00,0.0031800374366842553,0.030024828751204127,0.003172513492881852
2022-07-27 23:59:00+00:00,0.000488795169157303,0.01161169313854296,0.00048126267059260314
2022-07-28 23:59:00+00:00,-0.00019917430611192318,0.0065407209925513,-0.00020666379237051452
2022-07-29 23:59:00+00:00,0.0031800374366842553,-0.07220597541216116,0.003172513492881852
2022-08-01 23:59:00+00:00,6.174735009013087e-05,0.07015146988557476,5.392190162102289e-05
2022-08-02 23:59:00+00:00,-0.0018594558992117841,-0.017574286825434583,-0.0018261490486151328
2022-08-03 23:59:00+00:00,0.000644671734854176,-0.007166717935093186,0.0006369679738537242
2022-08-04 23:59:00+00:00,-4.403481861543586e-05,-0.06070988090723697,-5.16948224643907e-05
2022-08-05 23:59:00+00:00,0.003272637760256705,0.03164574796332574,0.00326493847659719
2022-08-08 23:59:00+00:00,0.00019815980306919832,0.04603244858476596,0.000190356904074501
2022-08-09 23:59:00+00:00,-0.001918503853413324,0.07874762598685038,-0.0018853009201900543
2022-08-10 23:59:00+00:00,0.0006051127815911151,-0.012016922751058005,0.0005974309582501283
2022-08-11 23:59:00+00:00,-0.00019288172964179864,-0.004572481674890117,-0.0002005199993782444
2022-08-12 23:59:00+00:00,0.003089982181402556,0.06659157944805448,0.003082304830692662
2022-08-15 23:59:00+00:00,0.0003379170324682056,-0.009153135566689745,0.00033054728014028124
2022-08-16 23:59:00+00:00,-0.0016990471435941656,-0.006076407585282381,-0.0016676947813650553
2022-08-17 23:59:00+00:00,0.0006145204602369173,0.01597961015740303,0.0006072648168423275
2022-08-18 23:59:00+00:00,-0.00016653588737625805,0.03618400630423075,-0.0001737504678526943
2022-08-19 23:59:00+00:00,0.0031858430785462744,-0.051619576406868095,0.0031785916670796655
2022-08-22 23:59:00+00:00,0.0003418659660178599,0.014792689977635018,0.00033433377254061896
2022-08-23 23:59:00+00:00,-0.0016826534000292542,0.004811556997222117,-0.001650617530465256
2022-08-24 23:59:00+00:00,0.0006728015054958301,-0.008462371746919125,0.0006653856859834732
2022-08-29 23:59:00+00:00,0.0003418659660178599,0.009356664662326914,0.00033433377254061896
2022-08-30 23:59:00+00:00,-0.0016826534000292542,0.01468295452382002,-0.001650617530465256
2022-08-31 23:59:00+00:00,0.000644969595329416,-0.052760462504972495,0.000637664134155709
2022-09-08 23:59:00+00:00,-7.430609534683113e-05,0.031150564240441127,-8.157411282153757e-05
2022-09-09 23:59:00+00:00,0.0032206602086246395,0.004233962654743201,0.0032133590217079348
2022-09-12 23:59:00+00:00,0.0003862882284011577,0.09548574930835303,0.00037887209560611573
2022-09-13 23:59:00+00:00,-0.0016767133347806353,-0.09066878431030297,-0.0016451617041597913
2022-09-14 23:59:00+00:00,0.0005548042011880653,-0.06964524322462415,0.000547507047736197
2022-09-15 23:59:00+00:00,1.2750670999107336e-05,-0.0015467907182987934,5.490851250997402e-06
2022-09-16 23:59:00+00:00,0.003245017710280397,-0.004525187112999091,0.0032377248332449804
2022-09-19 23:59:00+00:00,0.0006222955611537969,0.008002107749171115,0.0006148881034555257
2022-09-20 23:59:00+00:00,-0.0016166073290332695,-0.0928835083517565,-0.0015850999534656727
2022-09-21 23:59:00+00:00,0.00036490561044741414,-0.037512481940686286,0.00035718851247066544
2022-09-22 23:59:00+00:00,-3.129476394625447e-05,0.010924294789144287,-3.8972450811923455e-05
2022-09-23 23:59:00+00:00,0.003188116875002644,-0.037188880419054375,0.0031804043068101614
2022-09-28 23:59:00+00:00,0.00036490561044741414,-0.01583610806912532,0.00035718851247066544
2022-09-29 23:59:00+00:00,-3.129476394625447e-05,-0.0447339618457076,-3.8972450811923455e-05
2022-09-30 23:59:00+00:00,0.003059958592304436,0.055172930418847604,0.003051833352060511
2022-10-03 23:59:00+00:00,0.0005534372096791572,0.01351077427015504,0.0005451807097028233
2022-10-04 23:59:00+00:00,-0.002107809325060263,0.006042314455962662,-0.0020727250021965065
2022-10-05 23:59:00+00:00,0.0002066620286544108,-0.03265596297405269,0.00019853614645552953
2022-10-13 23:59:00+00:00,-5.241016385781509e-05,-0.07295235028274671,-6.0498738886445764e-05
2022-10-14 23:59:00+00:00,0.0031679223273907947,-0.04326287737023698,0.0031598784698798565
2022-10-17 23:59:00+00:00,0.0005812244065686628,-0.050514888249205823,0.0005730508669068819
2022-10-18 23:59:00+00:00,-0.0020908432325023206,-0.019224251929096266,-0.002056119320220872
2022-10-19 23:59:00+00:00,0.00013653950749748422,-0.07738666361542024,0.00012849499990289957
2022-10-20 23:59:00+00:00,-0.00014556655858396502,0.047262191894582,-0.00015357419912392
2022-10-21 23:59:00+00:00,0.003006848787020995,0.07661903655848358,0.0029990604620672634
2022-10-24 23:59:00+00:00,0.00040214750414580046,-0.0012478832174658205,0.0003942338703465674
2022-10-27 23:59:00+00:00,-0.0003596527675618009,0.11158669440656317,-0.0003674061041576436
2022-10-28 23:59:00+00:00,0.0014784817936208303,-0.10632260083283601,0.0014702973279137103
2022-10-31 23:59:00+00:00,-0.0011262194892543646,0.0925380206851929,-0.0011345292638069854
2022-11-01 23:59:00+00:00,-0.003898776978672865,-0.04787322667620006,-0.0038648485372471206
2022-11-02 23:59:00+00:00,-0.0017965533953736806,0.06871389254805194,-0.0018049070868867852
2022-11-10 23:59:00+00:00,-0.0017405117407705015,0.009143307856388455,-0.0017488212414213148
2022-11-11 23:59:00+00:00,0.0012282172364051624,0.016880153460363086,0.0012198729837565793
2022-11-14 23:59:00+00:00,-0.0013076766775491752,0.027139151314176563,-0.0013161531914103648
2022-11-15 23:59:00+00:00,-0.003889563713861703,0.026893179338182725,-0.0038534396320432204
2022-11-16 23:59:00+00:00,-0.001540773102521461,-0.010416760858255604,-0.0015496681115990088
2022-11-28 23:59:00+00:00,-0.0009902858976128933,-0.04307054688163541,-0.0009993113776998112
2022-11-29 23:59:00+00:00,-0.003889563713861703,-0.02809666821745059,-0.0038534396320432204
2022-11-30 23:59:00+00:00,-0.001540773102521461,-0.07023394151211751,-0.0015496681115990088
2022-12-01 23:59:00+00:00,-0.0016204801890729683,-0.11887820606482706,-0.0016292676230904894
2022-12-02 23:59:00+00:00,0.0013585723778037012,-0.019555213042780944,0.0013497485005079743
2022-12-05 23:59:00+00:00,-0.0010330518511691708,0.045397359062329556,-0.0010420036711056488
2022-12-06 23:59:00+00:00,-0.003886705163852909,0.04091285182891452,-0.003851107253881527
2022-12-07 23:59:00+00:00,-0.001571174227756508,0.04637514832166138,-0.001580002369975143
2022-12-08 23:59:00+00:00,-0.0019458595388000086,0.053316866081014914,-0.001954118716833752
2022-12-09 23:59:00+00:00,0.0012288164839459003,0.051483044108239055,0.0012205231345721196
2022-12-12 23:59:00+00:00,-0.0010160664313962533,-0.07560651551726683,-0.001024479741904155
2022-12-13 23:59:00+00:00,-0.003871526855218967,0.08064068652290443,-0.003838070558525274
2022-12-14 23:59:00+00:00,-0.0017991315482994233,-0.05454557574005267,-0.0018074288933582843
2022-12-15 23:59:00+00:00,-0.0017150063068860821,-0.12045706222628072,-0.0017228553325202016
2022-12-16 23:59:00+00:00,0.0014512149720324293,-0.09401209941435856,0.0014433335487807238
2022-12-19 23:59:00+00:00,-0.0010631142620193322,0.001125914924721774,-0.0010711094145946466
2022-12-20 23:59:00+00:00,-0.003571004088180512,-0.06448850988502894,-0.0035392107890309904
2022-12-21 23:59:00+00:00,-0.00158244119914673,0.01587649938767468,-0.0015903264075245531
2023-01-05 23:59:00+00:00,-0.0021791405507769024,0.05250549737793068,-0.0021869630980043755
2023-01-06 23:59:00+00:00,0.001031068033232308,-0.07182845536725176,0.00102321326957041
2023-01-09 23:59:00+00:00,-0.0012787378018364586,0.008755185884674473,-0.0012867057257349445
2023-01-10 23:59:00+00:00,-0.003920542038670767,0.006516449885467943,-0.0038888172745564498
2023-01-11 23:59:00+00:00,-0.0018751326147053182,-0.07763244374300078,-0.0018829866516481453
2023-01-19 23:59:00+00:00,-0.002120938595656908,0.08251166543051103,-0.0021285583672330777
2023-01-20 23:59:00+00:00,0.0008284480716788125,-0.05639077735487499,0.0008207969925842966
2023-01-23 23:59:00+00:00,-0.0013086963242217356,-0.060413625047738805,-0.0013164573658851618
2023-01-24 23:59:00+00:00,-0.003948529636225179,-0.04093068426548479,-0.00391762895619511
2023-01-27 23:59:00+00:00,0.0008284480716788125,0.002611454571219948,0.0008207969925842966
2023-01-30 23:59:00+00:00,-0.0014852534291264446,-0.08390011306629411,-0.0014931802720184913
2023-01-31 23:59:00+00:00,-0.004075741019481131,-0.004874095758245407,-0.004044219774086279
2023-02-01 23:59:00+00:00,-0.0021303704292416448,-0.018907262782332297,-0.002138189026338267
2023-02-02 23:59:00+00:00,-0.001997811857944271,0.01931434603647837,-0.0020055948386374666
2023-02-03 23:59:00+00:00,0.0006628810077816748,0.05039749238131346,0.0006550661283467386
2023-02-06 23:59:00+00:00,-0.0017181137330965811,-0.07553790566715257,-0.0017259129206397695
2023-02-07 23:59:00+00:00,-0.004129501016062078,0.014090577099254336,-0.004098487517048721
2023-02-08 23:59:00+00:00,-0.0022179013973079374,0.033983852815598355,-0.002225594328945932
2023-02-09 23:59:00+00:00,-0.0020086163017390252,-0.04432520661033113,-0.0020162742740955034
2023-02-10 23:59:00+00:00,0.0006130645278158293,0.06518799833127896,0.0006053752425997292
2023-02-13 23:59:00+00:00,-0.0018872353822302294,-0.03811497488253033,-0.001894862302709262
2023-02-14 23:59:00+00:00,-0.004098162940885674,-0.033748058662800666,-0.004067834575686839
2023-02-15 23:59:00+00:00,-0.0021519721806967,-0.048894815940758674,-0.002159495432369104
2023-02-24 23:59:00+00:00,0.0007063539417259403,0.005841564621568854,0.0006988342448870923
2023-02-27 23:59:00+00:00,-0.0018872353822302294,0.023030884811257982,-0.001894862302709262
2023-02-28 23:59:00+00:00,-0.004190361914445056,-0.016499656950096645,-0.004159464927469447
2023-03-01 23:59:00+00:00,-0.00227617419657235,0.08456716267360999,-0.0022838387239681795
2023-03-02 23:59:00+00:00,-0.0021312600769432884,-0.1569239912725352,-0.002138894359379513
2023-03-03 23:59:00+00:00,0.000819505912807546,0.04374152325798113,0.0008118494205399332
2023-03-06 23:59:00+00:00,-0.0019943123009653636,-0.05193989047367972,-0.0020020821971896466
2023-03-07 23:59:00+00:00,-0.004226428373824233,-0.003140952719691709,-0.0041953016181307985
2023-03-08 23:59:00+00:00,-0.002108018133409275,-0.04545322908752551,-0.002115739929082821
2023-03-09 23:59:00+00:00,-0.0024520561410456884,0.06992522135019627,-0.0024597475396419084
2023-03-10 23:59:00+00:00,0.0008971062485075998,-0.01274394540304624,0.0008893925267261409
2023-03-13 23:59:00+00:00,-0.0019496914004395079,-0.053484414065823854,-0.001957519104649067
2023-03-14 23:59:00+00:00,-0.00424552366778517,0.03028699093427226,-0.004214697114134981
2023-03-15 23:59:00+00:00,-0.0022183966298739304,-0.0725792471181789,-0.002226044217648773
2023-03-16 23:59:00+00:00,-0.002329144146916506,-0.05043822806781721,-0.0023367617025394265
2023-03-17 23:59:00+00:00,0.0008472681872360403,0.05470626698379046,0.0008396285748065323
2023-03-20 23:59:00+00:00,-0.002079666968079397,-0.07837601106969526,-0.002087419202496026
2023-03-21 23:59:00+00:00,-0.0042248750793826145,-0.007861312161957902,-0.004195602533424877
2023-03-22 23:59:00+00:00,-0.0024166868029745193,0.028377190150840708,-0.0024239491148030073
2023-03-23 23:59:00+00:00,-0.0024812811902658457,-0.05949709886464514,-0.002488515051726598
2023-03-24 23:59:00+00:00,0.0009007502256662113,-0.02817087696669645,0.0008934954676028321
2023-03-29 23:59:00+00:00,-0.0024166868029745193,0.05186347400957396,-0.0024239491148030073
2023-03-30 23:59:00+00:00,-0.00014252671123426346,-0.055196016965254585,-0.00014918280420779864
2023-03-31 23:59:00+00:00,0.0032949854380642184,0.004282661792000728,0.003288309026186339
2023-04-03 23:59:00+00:00,4.461732594934591e-05,0.02300030984392732,3.783716636610848e-05
2023-04-04 23:59:00+00:00,-0.001776752416828363,-0.06915861276519601,-0.0017478291814412225
2023-04-05 23:59:00+00:00,0.00010019312483169212,0.0,9.350937001616655e-05
2023-04-06 23:59:00+00:00,-0.00029898574564758663,0.07701629128117403,-0.0003060385573226287
2023-04-07 23:59:00+00:00,0.0032499527574397055,0.006424987682657741,0.0032428784382457295
2023-04-10 23:59:00+00:00,4.601609448973132e-05,-0.0434749462904841,3.8832039104609454e-05
2023-04-11 23:59:00+00:00,-0.001971004223196695,-0.04195737364966153,-0.0019403913555292715
2023-04-12 23:59:00+00:00,0.00016211113725078696,0.05194081763384471,0.00015502975621554038
2023-04-13 23:59:00+00:00,-0.00014679253292859543,0.0733981649548679,-0.0001540964695042555
2023-04-14 23:59:00+00:00,0.003254711182217325,0.03922071315328133,0.0032473850137589187
2023-04-17 23:59:00+00:00,-4.89313468397828e-05,-0.06279307433875685,-5.637094014493448e-05
2023-04-18 23:59:00+00:00,-0.0020584310068602215,0.01207798175974041,-0.0020267366466831136
2023-04-19 23:59:00+00:00,0.00016010258224169167,-0.007139700119157863,0.0001527690985804256
2023-04-20 23:59:00+00:00,2.693723077403984e-05,0.01775457201238533,1.960146870260771e-05
2023-04-21 23:59:00+00:00,0.0033548741835562204,0.014847434321210329,0.0033475161342259806
2023-04-26 23:59:00+00:00,0.00029344468527625557,0.02308602003418255,0.0002860792870800278
2023-04-27 23:59:00+00:00,2.693723077403984e-05,-0.03892200258500375,1.960146870260771e-05
2023-04-28 23:59:00+00:00,0.0033548741835562204,-0.045903910631114916,0.0033475161342259806
2023-05-01 23:59:00+00:00,-0.00015316985818197154,-0.020073666734076987,-0.0001606300363239994
