trade_date,prediction_time,generated_at,contract_id,kronos_close_return,kronos_range_pct
2010-07-06T00:00:00+00:00,2010-07-07T00:01:43.586000+00:00,2010-07-07T00:01:43.586000+00:00,NGQ0@2010-07-28,-0.005350801679823,0.0386966599358452
2010-07-07T00:00:00+00:00,2010-07-08T00:01:12.246000+00:00,2010-07-08T00:01:12.246000+00:00,NGQ0@2010-07-28,-0.0037243211585955,0.0372569250655682
2010-07-08T00:00:00+00:00,2010-07-09T00:01:41.472000+00:00,2010-07-09T00:01:41.472000+00:00,NGQ0@2010-07-28,-0.0079281767137254,0.0468517388276309
2010-07-09T00:00:00+00:00,2010-07-11T23:33:33.461000+00:00,2010-07-11T23:33:33.461000+00:00,NGQ0@2010-07-28,0.0038917210615325,0.0497292578287686
2010-07-12T00:00:00+00:00,2010-07-13T00:34:45.011000+00:00,2010-07-13T00:34:45.011000+00:00,NGQ0@2010-07-28,0.0005218866685674,0.0309746825949828
2010-07-13T00:00:00+00:00,2010-07-14T00:01:40.886000+00:00,2010-07-14T00:01:40.886000+00:00,NGQ0@2010-07-28,0.0071728721843713,0.0356612695100349
2010-07-14T00:00:00+00:00,2010-07-15T00:01:41.525000+00:00,2010-07-15T00:01:41.525000+00:00,NGQ0@2010-07-28,3.555675701694128e-05,0.0333160306810918
2010-07-15T00:00:00+00:00,2010-07-16T00:01:39.862000+00:00,2010-07-16T00:01:39.862000+00:00,NGQ0@2010-07-28,0.0086206845553478,0.0368501036513644
2010-07-16T00:00:00+00:00,2010-07-18T22:50:36.399000+00:00,2010-07-18T22:50:36.399000+00:00,NGQ0@2010-07-28,-1.4529780423266916e-07,0.0419176816415387
2010-07-19T00:00:00+00:00,2010-07-20T00:01:06.935000+00:00,2010-07-20T00:01:06.935000+00:00,NGQ0@2010-07-28,-0.0120693215245417,0.0485346216848842
2010-07-20T00:00:00+00:00,2010-07-21T00:36:55.278000+00:00,2010-07-21T00:36:55.278000+00:00,NGQ0@2010-07-28,-0.0030734513783418,0.0400408210366906
2010-07-21T00:00:00+00:00,2010-07-22T00:01:27.959000+00:00,2010-07-22T00:01:27.959000+00:00,NGQ0@2010-07-28,-0.0047468533173451,0.0377090201193456
2010-07-22T00:00:00+00:00,2010-07-23T00:01:11.559000+00:00,2010-07-23T00:01:11.559000+00:00,NGQ0@2010-07-28,0.0020696042433316,0.0372555122866651
2010-07-23T00:00:00+00:00,2010-07-25T22:00:41.907000+00:00,2010-07-25T22:00:41.907000+00:00,NGQ0@2010-07-28,-0.0111965895900855,0.0357190010293178
2010-07-26T00:00:00+00:00,2010-07-27T00:01:11.375000+00:00,2010-07-27T00:01:11.375000+00:00,NGQ0@2010-07-28,0.0103304442304088,0.0388424932918049
2010-07-27T00:00:00+00:00,2010-07-28T00:01:11.260000+00:00,2010-07-28T00:01:11.260000+00:00,NGQ0@2010-07-28,-0.0042825925327317,0.040056354276307
2010-07-28T00:00:00+00:00,2010-07-29T00:00:54.954000+00:00,2010-07-29T00:00:54.954000+00:00,NGU0@2010-08-27,0.0157897023510233,0.0360381892018251
2010-07-29T00:00:00+00:00,2010-07-30T00:09:19.773000+00:00,2010-07-30T00:09:19.773000+00:00,NGU0@2010-08-27,-0.004443092125324,0.0307889296261114
2010-07-30T00:00:00+00:00,2010-08-01T23:45:34.368000+00:00,2010-08-01T23:45:34.368000+00:00,NGU0@2010-08-27,-0.008490474114171,0.0316208598566074
2010-08-02T00:00:00+00:00,2010-08-03T00:01:07.735000+00:00,2010-08-03T00:01:07.735000+00:00,NGU0@2010-08-27,-0.0058102716741473,0.0399954736888862
2010-08-03T00:00:00+00:00,2010-08-04T00:01:10.362000+00:00,2010-08-04T00:01:10.362000+00:00,NGU0@2010-08-27,-0.0068126507415148,0.0336800898331169
2010-08-04T00:00:00+00:00,2010-08-05T00:01:10.614000+00:00,2010-08-05T00:01:10.614000+00:00,NGU0@2010-08-27,-0.010723889679522,0.0333004706614726
2010-08-05T00:00:00+00:00,2010-08-06T00:12:16.884000+00:00,2010-08-06T00:12:16.884000+00:00,NGU0@2010-08-27,0.0065798018080891,0.0371669680073747
2010-08-06T00:00:00+00:00,2010-08-08T23:59:15.431000+00:00,2010-08-08T23:59:15.431000+00:00,NGU0@2010-08-27,-0.010358948947331,0.0386354243955132
2010-08-09T00:00:00+00:00,2010-08-10T00:13:24.575000+00:00,2010-08-10T00:13:24.575000+00:00,NGU0@2010-08-27,-0.0061014408878036,0.0239616728820095
2010-08-10T00:00:00+00:00,2010-08-11T00:01:14.510000+00:00,2010-08-11T00:01:14.510000+00:00,NGU0@2010-08-27,0.0057338314728745,0.0357079373219902
2010-08-11T00:00:00+00:00,2010-08-12T00:01:11.981000+00:00,2010-08-12T00:01:11.981000+00:00,NGU0@2010-08-27,0.0070046425086942,0.0416771825243109
2010-08-12T00:00:00+00:00,2010-08-13T00:01:32.421000+00:00,2010-08-13T00:01:32.421000+00:00,NGU0@2010-08-27,0.006170258579913,0.0406294421098924
2010-08-13T00:00:00+00:00,2010-08-15T23:52:25.548000+00:00,2010-08-15T23:52:25.548000+00:00,NGU0@2010-08-27,-0.0032531621558941,0.0353451951212168
2010-08-16T00:00:00+00:00,2010-08-17T00:01:26.292000+00:00,2010-08-17T00:01:26.292000+00:00,NGU0@2010-08-27,0.0036627827159398,0.0170753223008154
2010-08-17T00:00:00+00:00,2010-08-18T00:01:39.569000+00:00,2010-08-18T00:01:39.569000+00:00,NGU0@2010-08-27,-0.0016023874505449,0.039701256987984
2010-08-18T00:00:00+00:00,2010-08-19T00:01:10.304000+00:00,2010-08-19T00:01:10.304000+00:00,NGU0@2010-08-27,-0.0040869295737986,0.0395086076524522
2010-08-19T00:00:00+00:00,2010-08-20T00:01:21.191000+00:00,2010-08-20T00:01:21.191000+00:00,NGU0@2010-08-27,0.0050386297591324,0.0199751441240367
2010-08-20T00:00:00+00:00,2010-08-22T23:02:55.734000+00:00,2010-08-22T23:02:55.734000+00:00,NGU0@2010-08-27,-0.0052826230400244,0.0295948163287675
2010-08-23T00:00:00+00:00,2010-08-24T00:01:40.038000+00:00,2010-08-24T00:01:40.038000+00:00,NGU0@2010-08-27,0.0050543375043281,0.0301510766951274
2010-08-24T00:00:00+00:00,2010-08-25T00:01:08.446000+00:00,2010-08-25T00:01:08.446000+00:00,NGU0@2010-08-27,0.0028093065264671,0.0205182722451249
2010-08-25T00:00:00+00:00,2010-08-26T00:16:12.163000+00:00,2010-08-26T00:16:12.163000+00:00,NGU0@2010-08-27,0.0077702180119871,0.0451465902741022
2010-08-26T00:00:00+00:00,2010-08-27T00:05:47.998000+00:00,2010-08-27T00:05:47.998000+00:00,NGV0@2010-09-28,0.0189195928355512,0.0196208329309792
2010-08-27T00:00:00+00:00,2010-08-29T23:30:11.142000+00:00,2010-08-29T23:30:11.142000+00:00,NGV0@2010-09-28,0.0275956360034956,0.0371810995858634
2010-08-30T00:00:00+00:00,2010-08-31T00:44:53.796000+00:00,2010-08-31T00:44:53.796000+00:00,NGV0@2010-09-28,-0.0067413626423219,0.0222467655185862
2010-08-31T00:00:00+00:00,2010-09-01T00:33:24.068000+00:00,2010-09-01T00:33:24.068000+00:00,NGV0@2010-09-28,0.0195786771422579,0.0389254229174396
2010-09-01T00:00:00+00:00,2010-09-02T01:19:32.072000+00:00,2010-09-02T01:19:32.072000+00:00,NGV0@2010-09-28,0.0167495952233414,0.0301132559616722
2010-09-02T00:00:00+00:00,2010-09-03T00:02:36.246000+00:00,2010-09-03T00:02:36.246000+00:00,NGV0@2010-09-28,0.0198494056602576,0.0437467445153125
2010-09-03T00:00:00+00:00,2010-09-05T23:16:53.774000+00:00,2010-09-05T23:16:53.774000+00:00,NGV0@2010-09-28,0.0031120246633544,0.0497604574998626
2010-09-07T00:00:00+00:00,2010-09-08T00:37:55.552000+00:00,2010-09-08T00:37:55.552000+00:00,NGV0@2010-09-28,0.0024040292883262,0.048387799523272
2010-09-08T00:00:00+00:00,2010-09-09T00:07:35.172000+00:00,2010-09-09T00:07:35.172000+00:00,NGV0@2010-09-28,0.0004220162346486,0.0251088894901709
2010-09-09T00:00:00+00:00,2010-09-10T00:04:59.248000+00:00,2010-09-10T00:04:59.248000+00:00,NGV0@2010-09-28,0.0014935900393708,0.0476510187737971
2010-09-10T00:00:00+00:00,2010-09-12T23:43:23.717000+00:00,2010-09-12T23:43:23.717000+00:00,NGV0@2010-09-28,-0.0088021441347893,0.0254089954161557
2010-09-13T00:00:00+00:00,2010-09-14T00:06:47.395000+00:00,2010-09-14T00:06:47.395000+00:00,NGV0@2010-09-28,-0.0230761222703876,0.045583672719459
2010-09-14T00:00:00+00:00,2010-09-15T00:00:40.260000+00:00,2010-09-15T00:00:40.260000+00:00,NGV0@2010-09-28,-0.0034879695984625,0.0325014153795857
2010-09-15T00:00:00+00:00,2010-09-16T00:11:53.098000+00:00,2010-09-16T00:11:53.098000+00:00,NGV0@2010-09-28,0.0030020066508344,0.0302798147056211
2010-09-16T00:00:00+00:00,2010-09-17T00:57:03.959000+00:00,2010-09-17T00:57:03.959000+00:00,NGV0@2010-09-28,-0.0317250682613042,0.0411239195996382
2010-09-17T00:00:00+00:00,2010-09-19T23:50:46.296000+00:00,2010-09-19T23:50:46.296000+00:00,NGV0@2010-09-28,-0.0191922800966565,0.028412231940604
2010-09-20T00:00:00+00:00,2010-09-21T01:06:09.041000+00:00,2010-09-21T01:06:09.041000+00:00,NGV0@2010-09-28,0.0006657730675341,0.0249359978127902
2010-09-21T00:00:00+00:00,2010-09-22T00:36:00.517000+00:00,2010-09-22T00:36:00.517000+00:00,NGV0@2010-09-28,-0.0061652099919592,0.0455386150898139
2010-09-22T00:00:00+00:00,2010-09-23T00:01:49.732000+00:00,2010-09-23T00:01:49.732000+00:00,NGV0@2010-09-28,0.0092763248406326,0.0397259356891323
2010-09-23T00:00:00+00:00,2010-09-24T00:04:12.422000+00:00,2010-09-24T00:04:12.422000+00:00,NGV0@2010-09-28,0.0020876462574783,0.0316450291554428
2010-09-24T00:00:00+00:00,2010-09-26T23:44:37.613000+00:00,2010-09-26T23:44:37.613000+00:00,NGV0@2010-09-28,-0.0093876890014994,0.026393053367707
2010-09-27T00:00:00+00:00,2010-09-28T00:28:03.890000+00:00,2010-09-28T00:28:03.890000+00:00,NGV0@2010-09-28,-0.0068541143866412,0.0240306190472619
2010-09-29T00:00:00+00:00,2010-09-30T00:32:28.322000+00:00,2010-09-30T00:32:28.322000+00:00,NGX0@2010-10-27,0.0004010532171494,0.0324052788557544
2010-09-30T00:00:00+00:00,2010-10-01T00:15:23.701000+00:00,2010-10-01T00:15:23.701000+00:00,NGX0@2010-10-27,0.0007072941140846,0.0440263575133169
2010-10-01T00:00:00+00:00,2010-10-03T23:30:55.291000+00:00,2010-10-03T23:30:55.291000+00:00,NGX0@2010-10-27,0.0361429126864376,0.0385099504666192
2010-10-04T00:00:00+00:00,2010-10-05T00:03:25.711000+00:00,2010-10-05T00:03:25.711000+00:00,NGX0@2010-10-27,0.0092166606725505,0.0288707167787179
2010-10-05T00:00:00+00:00,2010-10-06T00:00:37.617000+00:00,2010-10-06T00:00:37.617000+00:00,NGX0@2010-10-27,0.0211190041258404,0.0268684264739965
2010-10-06T00:00:00+00:00,2010-10-07T00:00:48.818000+00:00,2010-10-07T00:00:48.818000+00:00,NGX0@2010-10-27,0.018472636579268,0.0296417572832242
2010-10-07T00:00:00+00:00,2010-10-08T00:00:30.565000+00:00,2010-10-08T00:00:30.565000+00:00,NGX0@2010-10-27,0.0338439329027502,0.0485813654000297
2010-10-08T00:00:00+00:00,2010-10-10T23:34:50.664000+00:00,2010-10-10T23:34:50.664000+00:00,NGX0@2010-10-27,0.0346916313851648,0.043923439475898
2010-10-11T00:00:00+00:00,2010-10-12T00:00:37.236000+00:00,2010-10-12T00:00:37.236000+00:00,NGX0@2010-10-27,0.019708512060574,0.0351732656272724
2010-10-12T00:00:00+00:00,2010-10-13T00:00:37.664000+00:00,2010-10-13T00:00:37.664000+00:00,NGX0@2010-10-27,0.027943042492873,0.0391593537112517
2010-10-13T00:00:00+00:00,2010-10-14T00:00:38.321000+00:00,2010-10-14T00:00:38.321000+00:00,NGX0@2010-10-27,0.0166470461089323,0.0312846385535653
2010-10-14T00:00:00+00:00,2010-10-15T00:09:09.601000+00:00,2010-10-15T00:09:09.601000+00:00,NGX0@2010-10-27,0.0091135675803815,0.0429798859655366
2010-10-15T00:00:00+00:00,2010-10-17T22:24:04.878000+00:00,2010-10-17T22:24:04.878000+00:00,NGX0@2010-10-27,0.0519506576213431,0.0374605976943428
2010-10-18T00:00:00+00:00,2010-10-19T00:18:35.052000+00:00,2010-10-19T00:18:35.052000+00:00,NGX0@2010-10-27,0.0207844366621197,0.0341334188057729
2010-10-19T00:00:00+00:00,2010-10-20T00:10:21.001000+00:00,2010-10-20T00:10:21.001000+00:00,NGX0@2010-10-27,-0.0110513772699115,0.0329974833569155
2010-10-20T00:00:00+00:00,2010-10-21T00:00:36.706000+00:00,2010-10-21T00:00:36.706000+00:00,NGX0@2010-10-27,0.0011469908871932,0.0370614820003915
2010-10-21T00:00:00+00:00,2010-10-22T00:00:41.420000+00:00,2010-10-22T00:00:41.420000+00:00,NGX0@2010-10-27,0.0084842077909741,0.0404559422269016
2010-10-22T00:00:00+00:00,2010-10-24T22:58:53.442000+00:00,2010-10-24T22:58:53.442000+00:00,NGX0@2010-10-27,0.0232758028457873,0.0328328063671845
2010-10-25T00:00:00+00:00,2010-10-26T00:02:43.914000+00:00,2010-10-26T00:02:43.914000+00:00,NGX0@2010-10-27,0.0007820083791456,0.0547567528304552
2010-10-26T00:00:00+00:00,2010-10-27T00:00:51.619000+00:00,2010-10-27T00:00:51.619000+00:00,NGX0@2010-10-27,-0.0076472227758664,0.0349839385336238
2010-10-27T00:00:00+00:00,2010-10-28T00:21:20.372000+00:00,2010-10-28T00:21:20.372000+00:00,NGZ0@2010-11-24,0.0041736630987989,0.0288811968976411
2010-10-28T00:00:00+00:00,2010-10-29T00:05:32.587000+00:00,2010-10-29T00:05:32.587000+00:00,NGZ0@2010-11-24,-0.0263030868577007,0.0529672005396828
2010-10-29T00:00:00+00:00,2010-10-31T23:46:58.559000+00:00,2010-10-31T23:46:58.559000+00:00,NGZ0@2010-11-24,-0.0125981801577301,0.0382097019757762
2010-11-01T00:00:00+00:00,2010-11-02T00:07:14.620000+00:00,2010-11-02T00:07:14.620000+00:00,NGZ0@2010-11-24,0.0117600081233519,0.0386865908823043
2010-11-02T00:00:00+00:00,2010-11-03T00:00:51.065000+00:00,2010-11-03T00:00:51.065000+00:00,NGZ0@2010-11-24,0.0100576530286473,0.047286969506722
2010-11-03T00:00:00+00:00,2010-11-04T00:07:35.050000+00:00,2010-11-04T00:07:35.050000+00:00,NGZ0@2010-11-24,0.010948746384902,0.0306104555453706
2010-11-04T00:00:00+00:00,2010-11-05T00:16:27.850000+00:00,2010-11-05T00:16:27.850000+00:00,NGZ0@2010-11-24,-0.0173438525298819,0.0495899515033262
2010-11-05T00:00:00+00:00,2010-11-07T23:59:04.267000+00:00,2010-11-07T23:59:04.267000+00:00,NGZ0@2010-11-24,-0.005725265909057,0.0373934007265117
2010-11-08T00:00:00+00:00,2010-11-09T01:00:50.329000+00:00,2010-11-09T01:00:50.329000+00:00,NGZ0@2010-11-24,-0.0160338176313297,0.0360243080198302
2010-11-09T00:00:00+00:00,2010-11-10T01:10:14.114000+00:00,2010-11-10T01:10:14.114000+00:00,NGZ0@2010-11-24,-0.0448628403440704,0.0385051092416429
2010-11-10T00:00:00+00:00,2010-11-11T01:00:37.111000+00:00,2010-11-11T01:00:37.111000+00:00,NGZ0@2010-11-24,0.0014614229667762,0.0429786769145547
2010-11-11T00:00:00+00:00,2010-11-12T01:00:52.156000+00:00,2010-11-12T01:00:52.156000+00:00,NGZ0@2010-11-24,0.0055923170196199,0.0328220276999102
2010-11-12T00:00:00+00:00,2010-11-14T23:37:53.184000+00:00,2010-11-14T23:37:53.184000+00:00,NGZ0@2010-11-24,0.015753430478713,0.052659013191191
2010-11-15T00:00:00+00:00,2010-11-16T01:34:51.812000+00:00,2010-11-16T01:34:51.812000+00:00,NGZ0@2010-11-24,-0.0382584501961312,0.0555653075069588
2010-11-16T00:00:00+00:00,2010-11-17T02:49:26.166000+00:00,2010-11-17T02:49:26.166000+00:00,NGZ0@2010-11-24,-0.0183714172602947,0.043338069116882
2010-11-17T00:00:00+00:00,2010-11-18T01:01:24.689000+00:00,2010-11-18T01:01:24.689000+00:00,NGZ0@2010-11-24,-0.0272745397474348,0.0363362241437297
2010-11-18T00:00:00+00:00,2010-11-19T01:04:35.084000+00:00,2010-11-19T01:04:35.084000+00:00,NGZ0@2010-11-24,-0.0125174311368042,0.0360979481397844
2010-11-19T00:00:00+00:00,2010-11-21T23:59:08.911000+00:00,2010-11-21T23:59:08.911000+00:00,NGZ0@2010-11-24,-0.0140508552888075,0.0459179425193801
2010-11-22T00:00:00+00:00,2010-11-23T01:00:51.863000+00:00,2010-11-23T01:00:51.863000+00:00,NGZ0@2010-11-24,-0.0123992104525872,0.0308737563016372
2010-11-23T00:00:00+00:00,2010-11-24T23:45:17.562000+00:00,2010-11-24T23:45:17.562000+00:00,NGZ0@2010-11-24,-0.0136786221447162,0.0407215114814517
2010-11-24T00:00:00+00:00,2010-11-25T23:00:00.344000+00:00,2010-11-25T23:00:00.344000+00:00,NGF1@2010-12-28,0.0104789353195677,0.0268520209004641
2010-11-26T00:00:00+00:00,2010-11-28T23:56:49.497000+00:00,2010-11-28T23:56:49.497000+00:00,NGF1@2010-12-28,-0.0166506511071619,0.0678538951817566
2010-11-29T00:00:00+00:00,2010-11-30T01:01:25.026000+00:00,2010-11-30T01:01:25.026000+00:00,NGF1@2010-12-28,-0.0101667411427081,0.0487275903215879
2010-11-30T00:00:00+00:00,2010-12-01T01:00:49.551000+00:00,2010-12-01T01:00:49.551000+00:00,NGF1@2010-12-28,-0.0002362609674676,0.0350445275185423
2010-12-01T00:00:00+00:00,2010-12-02T01:08:17.940000+00:00,2010-12-02T01:08:17.940000+00:00,NGF1@2010-12-28,-0.0147649341897819,0.0312239173951187
2010-12-02T00:00:00+00:00,2010-12-03T01:05:15.241000+00:00,2010-12-03T01:05:15.241000+00:00,NGF1@2010-12-28,-0.0184135743588996,0.0282085037669412
2010-12-03T00:00:00+00:00,2010-12-05T23:59:47.756000+00:00,2010-12-05T23:59:47.756000+00:00,NGF1@2010-12-28,-0.0211663946281598,0.0287991753878997
2010-12-06T00:00:00+00:00,2010-12-07T01:00:46.285000+00:00,2010-12-07T01:00:46.285000+00:00,NGF1@2010-12-28,-0.0246053290578115,0.0570954474727664
2010-12-07T00:00:00+00:00,2010-12-08T01:00:36.236000+00:00,2010-12-08T01:00:36.236000+00:00,NGF1@2010-12-28,-0.0177818905759038,0.0352032586601499
2010-12-08T00:00:00+00:00,2010-12-09T01:00:47.309000+00:00,2010-12-09T01:00:47.309000+00:00,NGF1@2010-12-28,-0.0362918343313395,0.0323111725018976
2010-12-09T00:00:00+00:00,2010-12-10T01:01:03.410000+00:00,2010-12-10T01:01:03.410000+00:00,NGF1@2010-12-28,-0.0066254482325525,0.0402920368875497
2010-12-10T00:00:00+00:00,2010-12-12T23:52:21.496000+00:00,2010-12-12T23:52:21.496000+00:00,NGF1@2010-12-28,-0.0112221046985813,0.0327349140243116
2010-12-13T00:00:00+00:00,2010-12-14T01:10:11.481000+00:00,2010-12-14T01:10:11.481000+00:00,NGF1@2010-12-28,-0.0061040925656699,0.0420577908208085
2010-12-14T00:00:00+00:00,2010-12-15T01:00:35.630000+00:00,2010-12-15T01:00:35.630000+00:00,NGF1@2010-12-28,0.0061704887534086,0.0368159896922561
2010-12-15T00:00:00+00:00,2010-12-16T01:00:35.218000+00:00,2010-12-16T01:00:35.218000+00:00,NGF1@2010-12-28,-0.0013117826277908,0.0357950116826365
2010-12-16T00:00:00+00:00,2010-12-17T03:18:24.572000+00:00,2010-12-17T03:18:24.572000+00:00,NGF1@2010-12-28,0.0113655616169872,0.0445474347951964
2010-12-17T00:00:00+00:00,2010-12-19T23:52:07.950000+00:00,2010-12-19T23:52:07.950000+00:00,NGF1@2010-12-28,0.0117326497561363,0.06128203939404
2010-12-20T00:00:00+00:00,2010-12-21T01:43:08.434000+00:00,2010-12-21T01:43:08.434000+00:00,NGF1@2010-12-28,-0.0282208430980938,0.0349691839461286
2010-12-21T00:00:00+00:00,2010-12-22T01:25:39.876000+00:00,2010-12-22T01:25:39.876000+00:00,NGF1@2010-12-28,-0.0008564556346219,0.0391613034641041
2010-12-22T00:00:00+00:00,2010-12-23T01:19:39.695000+00:00,2010-12-23T01:19:39.695000+00:00,NGF1@2010-12-28,-0.0140148032900772,0.0302346083369568
2010-12-23T00:00:00+00:00,2010-12-24T01:47:19.762000+00:00,2010-12-24T01:47:19.762000+00:00,NGF1@2010-12-28,-0.0164560368149542,0.0288103862545888
2010-12-27T00:00:00+00:00,2010-12-28T01:00:35.048000+00:00,2010-12-28T01:00:35.048000+00:00,NGF1@2010-12-28,-0.0071165270921659,0.0286082523625071
2010-12-29T00:00:00+00:00,2010-12-30T01:00:35.091000+00:00,2010-12-30T01:00:35.091000+00:00,NGG1@2011-01-27,-0.0142772537532024,0.0632098210092767
2010-12-30T00:00:00+00:00,2010-12-31T01:00:35.557000+00:00,2010-12-31T01:00:35.557000+00:00,NGG1@2011-01-27,0.0079456124861005,0.0628192191203288
2010-12-31T00:00:00+00:00,2011-01-02T23:14:28.828000+00:00,2011-01-02T23:14:28.828000+00:00,NGG1@2011-01-27,-0.010604044561612,0.0519251997136461
2011-01-03T00:00:00+00:00,2011-01-04T01:05:52.732000+00:00,2011-01-04T01:05:52.732000+00:00,NGG1@2011-01-27,0.0116056474854413,0.0384336113027233
2011-01-04T00:00:00+00:00,2011-01-05T01:08:58.556000+00:00,2011-01-05T01:08:58.556000+00:00,NGG1@2011-01-27,-0.0012922737202168,0.0560881377654128
2011-01-05T00:00:00+00:00,2011-01-06T01:16:58.423000+00:00,2011-01-06T01:16:58.423000+00:00,NGG1@2011-01-27,-0.0131811469063196,0.0562325883283381
2011-01-06T00:00:00+00:00,2011-01-07T01:02:06.768000+00:00,2011-01-07T01:02:06.768000+00:00,NGG1@2011-01-27,-0.0014561100553044,0.0316139563246645
2011-01-07T00:00:00+00:00,2011-01-09T23:59:15.276000+00:00,2011-01-09T23:59:15.276000+00:00,NGG1@2011-01-27,-0.00238911580597,0.0949278220949089
2011-01-10T00:00:00+00:00,2011-01-11T02:09:56.904000+00:00,2011-01-11T02:09:56.904000+00:00,NGG1@2011-01-27,-0.0140432085309709,0.0345714024135044
2011-01-11T00:00:00+00:00,2011-01-12T01:41:51.147000+00:00,2011-01-12T01:41:51.147000+00:00,NGG1@2011-01-27,-0.0016535708778783,0.0578414168115353
2011-01-12T00:00:00+00:00,2011-01-13T02:22:13.252000+00:00,2011-01-13T02:22:13.252000+00:00,NGG1@2011-01-27,-0.0067116589925457,0.0547927016121026
2011-01-13T00:00:00+00:00,2011-01-14T03:04:39.941000+00:00,2011-01-14T03:04:39.941000+00:00,NGG1@2011-01-27,0.0061195732626713,0.0427688669757227
2011-01-14T00:00:00+00:00,2011-01-16T23:23:42.045000+00:00,2011-01-16T23:23:42.045000+00:00,NGG1@2011-01-27,-0.0125877269800158,0.0767743972897396
2011-01-18T00:00:00+00:00,2011-01-19T03:13:02.164000+00:00,2011-01-19T03:13:02.164000+00:00,NGG1@2011-01-27,-0.0160138698932535,0.0328005576620296
2011-01-19T00:00:00+00:00,2011-01-20T02:26:45.855000+00:00,2011-01-20T02:26:45.855000+00:00,NGG1@2011-01-27,-0.032720946263296,0.0340035949934225
2011-01-20T00:00:00+00:00,2011-01-21T02:52:13.370000+00:00,2011-01-21T02:52:13.370000+00:00,NGG1@2011-01-27,-0.0262090969065347,0.0331502035021756
2011-01-21T00:00:00+00:00,2011-01-23T23:45:53.453000+00:00,2011-01-23T23:45:53.453000+00:00,NGG1@2011-01-27,-0.0222012779562215,0.0614266635906085
2011-01-24T00:00:00+00:00,2011-01-25T23:23:47.493000+00:00,2011-01-25T23:23:47.493000+00:00,NGG1@2011-01-27,0.0140794664783499,0.0315589406674523
2011-01-25T00:00:00+00:00,2011-01-26T22:45:02.922000+00:00,2011-01-26T22:45:02.922000+00:00,NGG1@2011-01-27,-0.0150461689848099,0.0397690085656265
2011-01-26T00:00:00+00:00,2011-01-27T22:45:44.274000+00:00,2011-01-27T22:45:44.274000+00:00,NGH1@2011-02-24,0.0070033298468652,0.0375692905959335
2011-01-27T00:00:00+00:00,2011-01-28T02:09:41.183000+00:00,2011-01-28T02:09:41.183000+00:00,NGH1@2011-02-24,0.0174958314961704,0.0508818285019238
2011-01-28T00:00:00+00:00,2011-01-30T23:58:44.121000+00:00,2011-01-30T23:58:44.121000+00:00,NGH1@2011-02-24,-0.0032244443618439,0.0453147096204922
2011-01-31T00:00:00+00:00,2011-02-01T22:45:02.402000+00:00,2011-02-01T22:45:02.402000+00:00,NGH1@2011-02-24,0.0091874361634118,0.0548510084475097
2011-02-01T00:00:00+00:00,2011-02-02T22:45:28.714000+00:00,2011-02-02T22:45:28.714000+00:00,NGH1@2011-02-24,-0.0041936755645912,0.0442920704970216
2011-02-02T00:00:00+00:00,2011-02-03T22:45:31.167000+00:00,2011-02-03T22:45:31.167000+00:00,NGH1@2011-02-24,-0.0068735303105535,0.0605161125595505
2011-02-03T00:00:00+00:00,2011-02-04T02:33:15.217000+00:00,2011-02-04T02:33:15.217000+00:00,NGH1@2011-02-24,0.0067636813592473,0.0369124456283149
2011-02-04T00:00:00+00:00,2011-02-06T23:49:12.865000+00:00,2011-02-06T23:49:12.865000+00:00,NGH1@2011-02-24,-0.0081070027735372,0.0503911416528949
2011-02-07T00:00:00+00:00,2011-02-08T22:45:01.276000+00:00,2011-02-08T22:45:01.276000+00:00,NGH1@2011-02-24,0.0254639756491232,0.0566443145492386
2011-02-08T00:00:00+00:00,2011-02-09T22:45:48.985000+00:00,2011-02-09T22:45:48.985000+00:00,NGH1@2011-02-24,0.0049131703494218,0.0415163674378042
2011-02-09T00:00:00+00:00,2011-02-10T22:46:00.239000+00:00,2011-02-10T22:46:00.239000+00:00,NGH1@2011-02-24,-0.0039986068173248,0.0352890613013903
2011-02-10T00:00:00+00:00,2011-02-11T02:47:55.355000+00:00,2011-02-11T02:47:55.355000+00:00,NGH1@2011-02-24,0.0179942173342551,0.0422763367814402
2011-02-11T00:00:00+00:00,2011-02-13T23:14:34.498000+00:00,2011-02-13T23:14:34.498000+00:00,NGH1@2011-02-24,0.0205338115657878,0.0385429298140496
2011-02-14T00:00:00+00:00,2011-02-15T23:59:55.157000+00:00,2011-02-15T23:59:55.157000+00:00,NGH1@2011-02-24,0.0011725618589988,0.0364674286998825
2011-02-15T00:00:00+00:00,2011-02-16T23:59:38.083000+00:00,2011-02-16T23:59:38.083000+00:00,NGH1@2011-02-24,0.0024977864252311,0.0362983483993663
2011-02-16T00:00:00+00:00,2011-02-17T23:48:45.720000+00:00,2011-02-17T23:48:45.720000+00:00,NGH1@2011-02-24,0.0165747796791519,0.0387176418133839
2011-02-17T00:00:00+00:00,2011-02-18T02:51:59.811000+00:00,2011-02-18T02:51:59.811000+00:00,NGH1@2011-02-24,0.0077584929552496,0.0428502257788212
2011-02-18T00:00:00+00:00,2011-02-20T23:45:13.921000+00:00,2011-02-20T23:45:13.921000+00:00,NGH1@2011-02-24,0.0142636638409414,0.0499780242840963
2011-02-22T00:00:00+00:00,2011-02-23T23:49:11.250000+00:00,2011-02-23T23:49:11.250000+00:00,NGH1@2011-02-24,-0.0002023570732383,0.046603565240803
2011-02-23T00:00:00+00:00,2011-02-24T23:59:40.105000+00:00,2011-02-24T23:59:40.105000+00:00,NGH1@2011-02-24,-0.0027363801387936,0.0325988004046707
2011-02-24T00:00:00+00:00,2011-02-25T02:15:32.146000+00:00,2011-02-25T02:15:32.146000+00:00,NGJ1@2011-03-29,0.0123961115694954,0.0276011618957991
2011-02-25T00:00:00+00:00,2011-02-27T23:54:13.832000+00:00,2011-02-27T23:54:13.832000+00:00,NGJ1@2011-03-29,-0.0041240538488509,0.0399899447159883
2011-02-28T00:00:00+00:00,2011-03-01T23:59:06.507000+00:00,2011-03-01T23:59:06.507000+00:00,NGJ1@2011-03-29,-0.0036939975368147,0.0326132880107941
2011-03-01T00:00:00+00:00,2011-03-02T23:52:37.570000+00:00,2011-03-02T23:52:37.570000+00:00,NGJ1@2011-03-29,0.0156515228303142,0.0378707756145366
2011-03-02T00:00:00+00:00,2011-03-03T23:55:39.454000+00:00,2011-03-03T23:55:39.454000+00:00,NGJ1@2011-03-29,0.0200832048885222,0.0356840224683628
2011-03-03T00:00:00+00:00,2011-03-04T02:42:42.831000+00:00,2011-03-04T02:42:42.831000+00:00,NGJ1@2011-03-29,0.0220326264404877,0.0461845620027387
2011-03-04T00:00:00+00:00,2011-03-06T23:58:45.558000+00:00,2011-03-06T23:58:45.558000+00:00,NGJ1@2011-03-29,0.0054490042284334,0.0359224220179609
2011-03-07T00:00:00+00:00,2011-03-08T23:25:44.495000+00:00,2011-03-08T23:25:44.495000+00:00,NGJ1@2011-03-29,-0.0022285966025674,0.0445496926390479
2011-03-08T00:00:00+00:00,2011-03-09T23:57:27.035000+00:00,2011-03-09T23:57:27.035000+00:00,NGJ1@2011-03-29,0.023820517001849,0.0342475813848574
2011-03-09T00:00:00+00:00,2011-03-10T23:55:48.722000+00:00,2011-03-10T23:55:48.722000+00:00,NGJ1@2011-03-29,-0.0024996326494181,0.0298970699188753
2011-03-10T00:00:00+00:00,2011-03-11T01:16:33.050000+00:00,2011-03-11T01:16:33.050000+00:00,NGJ1@2011-03-29,0.0102302853502516,0.0376026550245247
2011-03-11T00:00:00+00:00,2011-03-13T23:48:59.442000+00:00,2011-03-13T23:48:59.442000+00:00,NGJ1@2011-03-29,-0.012997568999962,0.038528038490969
2011-03-14T00:00:00+00:00,2011-03-14T23:59:00+00:00,2011-03-14T23:59:00+00:00,NGJ1@2011-03-29,0.0045351154427006,0.0369123965730681
2011-03-15T00:00:00+00:00,2011-03-16T23:53:11.789000+00:00,2011-03-16T23:53:11.789000+00:00,NGJ1@2011-03-29,-0.0016057136210989,0.0333256996873664
2011-03-16T00:00:00+00:00,2011-03-17T23:55:27.025000+00:00,2011-03-17T23:55:27.025000+00:00,NGJ1@2011-03-29,-0.0100013423087027,0.0544570424229965
2011-03-17T00:00:00+00:00,2011-03-18T00:29:47.512000+00:00,2011-03-18T00:29:47.512000+00:00,NGJ1@2011-03-29,-0.0230184021510352,0.0291867042655375
2011-03-18T00:00:00+00:00,2011-03-20T23:36:27.473000+00:00,2011-03-20T23:36:27.473000+00:00,NGJ1@2011-03-29,-0.0088597104733864,0.0340103358388348
2011-03-21T00:00:00+00:00,2011-03-21T23:59:00+00:00,2011-03-21T23:59:00+00:00,NGJ1@2011-03-29,0.0048836921092036,0.0501326799220722
2011-03-22T00:00:00+00:00,2011-03-23T23:55:41.826000+00:00,2011-03-23T23:55:41.826000+00:00,NGJ1@2011-03-29,-0.0134866114156655,0.0363556205011067
2011-03-23T00:00:00+00:00,2011-03-24T23:51:26.761000+00:00,2011-03-24T23:51:26.761000+00:00,NGJ1@2011-03-29,-0.0202470598519397,0.030343594032976
2011-03-24T00:00:00+00:00,2011-03-24T23:59:00+00:00,2011-03-24T23:59:00+00:00,NGJ1@2011-03-29,-0.0089012669351189,0.0405513049020864
2011-03-25T00:00:00+00:00,2011-03-27T23:16:52.556000+00:00,2011-03-27T23:16:52.556000+00:00,NGJ1@2011-03-29,-0.0290645232202777,0.0335060521266711
2011-03-28T00:00:00+00:00,2011-03-29T23:48:27.787000+00:00,2011-03-29T23:48:27.787000+00:00,NGJ1@2011-03-29,-0.017146616974687,0.0319581039502663
2011-03-30T00:00:00+00:00,2011-03-30T23:59:00+00:00,2011-03-30T23:59:00+00:00,NGK1@2011-04-27,-0.0139612592229664,0.0419308746421462
2011-03-31T00:00:00+00:00,2011-04-01T01:45:55.171000+00:00,2011-04-01T01:45:55.171000+00:00,NGK1@2011-04-27,-0.0255341109744425,0.0350849938111127
2011-04-01T00:00:00+00:00,2011-04-03T23:53:33.369000+00:00,2011-04-03T23:53:33.369000+00:00,NGK1@2011-04-27,-0.0026670666883618,0.0551981860042167
2011-04-04T00:00:00+00:00,2011-04-05T21:49:19.525000+00:00,2011-04-05T21:49:19.525000+00:00,NGK1@2011-04-27,-0.0067073945996916,0.0471984055211172
2011-04-05T00:00:00+00:00,2011-04-06T21:56:21.505000+00:00,2011-04-06T21:56:21.505000+00:00,NGK1@2011-04-27,0.0143439050096918,0.0321758091872066
2011-04-06T00:00:00+00:00,2011-04-07T21:52:31.130000+00:00,2011-04-07T21:52:31.130000+00:00,NGK1@2011-04-27,0.0173444060279086,0.0585580109450156
2011-04-07T00:00:00+00:00,2011-04-08T00:12:47.734000+00:00,2011-04-08T00:12:47.734000+00:00,NGK1@2011-04-27,0.0122670758806249,0.0430280106601062
2011-04-08T00:00:00+00:00,2011-04-10T23:21:03.965000+00:00,2011-04-10T23:21:03.965000+00:00,NGK1@2011-04-27,0.0120164183738153,0.0584872571560316
2011-04-11T00:00:00+00:00,2011-04-12T21:46:23.585000+00:00,2011-04-12T21:46:23.585000+00:00,NGK1@2011-04-27,-0.0140271002721602,0.0357791263624507
2011-04-12T00:00:00+00:00,2011-04-13T21:46:14.111000+00:00,2011-04-13T21:46:14.111000+00:00,NGK1@2011-04-27,0.0008590869521909,0.0369164814537126
2011-04-13T00:00:00+00:00,2011-04-13T23:59:00+00:00,2011-04-13T23:59:00+00:00,NGK1@2011-04-27,0.0001709998315275,0.0551945336245708
2011-04-14T00:00:00+00:00,2011-04-14T23:59:00+00:00,2011-04-14T23:59:00+00:00,NGK1@2011-04-27,-0.0093451680351599,0.0439288920074977
2011-04-15T00:00:00+00:00,2011-04-17T22:43:41.964000+00:00,2011-04-17T22:43:41.964000+00:00,NGK1@2011-04-27,0.0017893916771505,0.0492864090635541
2011-04-18T00:00:00+00:00,2011-04-18T23:59:00+00:00,2011-04-18T23:59:00+00:00,NGK1@2011-04-27,0.00402037302653,0.0568638677182404
2011-04-19T00:00:00+00:00,2011-04-19T23:59:00+00:00,2011-04-19T23:59:00+00:00,NGK1@2011-04-27,-0.0141961269516457,0.0289867208210134
2011-04-20T00:00:00+00:00,2011-04-21T00:07:05.049000+00:00,2011-04-21T00:07:05.049000+00:00,NGK1@2011-04-27,-0.006954186916794,0.0485746309285708
2011-04-21T00:00:00+00:00,2011-04-22T01:21:38.531000+00:00,2011-04-22T01:21:38.531000+00:00,NGK1@2011-04-27,-0.0340023963403961,0.0381060146724983
2011-04-25T00:00:00+00:00,2011-04-26T23:42:24.635000+00:00,2011-04-26T23:42:24.635000+00:00,NGK1@2011-04-27,-0.0031311938889698,0.0576923892886748
2011-04-26T00:00:00+00:00,2011-04-27T23:53:26.718000+00:00,2011-04-27T23:53:26.718000+00:00,NGK1@2011-04-27,0.001458510569591,0.0695840798598738
2011-04-27T00:00:00+00:00,2011-04-28T23:26:04.576000+00:00,2011-04-28T23:26:04.576000+00:00,NGM1@2011-05-26,-0.0065371865632587,0.0528553733496382
2011-04-28T00:00:00+00:00,2011-04-29T00:01:28.138000+00:00,2011-04-29T00:01:28.138000+00:00,NGM1@2011-05-26,-0.000395712817095,0.0398103871339276
2011-04-29T00:00:00+00:00,2011-05-01T23:58:54.780000+00:00,2011-05-01T23:58:54.780000+00:00,NGM1@2011-05-26,-0.0061857291528513,0.0249729079108652
2011-05-02T00:00:00+00:00,2011-05-03T23:06:58.883000+00:00,2011-05-03T23:06:58.883000+00:00,NGM1@2011-05-26,-0.0159344556259971,0.0336798897838572
2011-05-03T00:00:00+00:00,2011-05-04T23:36:33.753000+00:00,2011-05-04T23:36:33.753000+00:00,NGM1@2011-05-26,-0.0088225844799447,0.0306362753471558
2011-05-04T00:00:00+00:00,2011-05-04T23:59:00+00:00,2011-05-04T23:59:00+00:00,NGM1@2011-05-26,-0.0116765624598451,0.0274811920366789
2011-05-05T00:00:00+00:00,2011-05-05T23:59:00+00:00,2011-05-05T23:59:00+00:00,NGM1@2011-05-26,0.0222226176935043,0.0678276897294213
2011-05-06T00:00:00+00:00,2011-05-08T23:54:47.892000+00:00,2011-05-08T23:54:47.892000+00:00,NGM1@2011-05-26,0.002999776645054,0.0504627911052556
2011-05-09T00:00:00+00:00,2011-05-10T23:59:58.956000+00:00,2011-05-10T23:59:58.956000+00:00,NGM1@2011-05-26,-0.0096565647170766,0.0415601707585956
2011-05-10T00:00:00+00:00,2011-05-11T23:15:40.660000+00:00,2011-05-11T23:15:40.660000+00:00,NGM1@2011-05-26,-0.0136392870443772,0.0301735916743485
2011-05-11T00:00:00+00:00,2011-05-12T23:28:05.359000+00:00,2011-05-12T23:28:05.359000+00:00,NGM1@2011-05-26,-0.0127849100539757,0.0530311934327862
2011-05-12T00:00:00+00:00,2011-05-13T00:12:22.775000+00:00,2011-05-13T00:12:22.775000+00:00,NGM1@2011-05-26,-0.0082244163589586,0.0457287289497109
2011-05-13T00:00:00+00:00,2011-05-15T23:59:04.489000+00:00,2011-05-15T23:59:04.489000+00:00,NGM1@2011-05-26,-0.0139633571110515,0.0434470546251174
2011-05-16T00:00:00+00:00,2011-05-17T23:58:05.836000+00:00,2011-05-17T23:58:05.836000+00:00,NGM1@2011-05-26,-0.0074858069419861,0.0317448110722783
2011-05-17T00:00:00+00:00,2011-05-18T21:45:01.043000+00:00,2011-05-18T21:45:01.043000+00:00,NGM1@2011-05-26,-0.0070567076338409,0.0639520229390656
2011-05-18T00:00:00+00:00,2011-05-19T23:09:23.786000+00:00,2011-05-19T23:09:23.786000+00:00,NGM1@2011-05-26,-0.0151095868523277,0.0470801547468562
2011-05-19T00:00:00+00:00,2011-05-20T00:14:05.148000+00:00,2011-05-20T00:14:05.148000+00:00,NGM1@2011-05-26,-0.002905884795874,0.0403057911295811
2011-05-20T00:00:00+00:00,2011-05-23T22:39:43.685000+00:00,2011-05-23T22:39:43.685000+00:00,NGM1@2011-05-26,-0.0141253548590574,0.0790406549181129
2011-05-23T00:00:00+00:00,2011-05-23T23:59:00+00:00,2011-05-23T23:59:00+00:00,NGM1@2011-05-26,-0.0087574278866804,0.0625991159015231
2011-05-24T00:00:00+00:00,2011-05-24T23:59:00+00:00,2011-05-24T23:59:00+00:00,NGN1@2011-06-28,-0.006787863248445,0.0299155385228354
2011-05-25T00:00:00+00:00,2011-05-26T23:19:33.671000+00:00,2011-05-26T23:19:33.671000+00:00,NGN1@2011-06-28,-0.0067551132775994,0.0318529166190074
2011-05-26T00:00:00+00:00,2011-05-27T00:49:54.910000+00:00,2011-05-27T00:49:54.910000+00:00,NGN1@2011-06-28,-0.009132167370809,0.0314035997397283
2011-05-27T00:00:00+00:00,2011-05-29T23:56:31.220000+00:00,2011-05-29T23:56:31.220000+00:00,NGN1@2011-06-28,-0.0145165923423817,0.064288899665282
2011-05-31T00:00:00+00:00,2011-06-01T23:48:57.455000+00:00,2011-06-01T23:48:57.455000+00:00,NGN1@2011-06-28,-0.0059300321806943,0.0177750993369472
2011-06-01T00:00:00+00:00,2011-06-01T23:59:04.179000+00:00,2011-06-01T23:59:04.179000+00:00,NGN1@2011-06-28,-0.0192537614844234,0.0358931518976802
2011-06-02T00:00:00+00:00,2011-06-03T00:25:33.183000+00:00,2011-06-03T00:25:33.183000+00:00,NGN1@2011-06-28,-0.004654340349477,0.0304737401915254
2011-06-03T00:00:00+00:00,2011-06-05T23:42:17.731000+00:00,2011-06-05T23:42:17.731000+00:00,NGN1@2011-06-28,0.0097402579546941,0.0233100049911111
2011-06-06T00:00:00+00:00,2011-06-07T22:49:06.885000+00:00,2011-06-07T22:49:06.885000+00:00,NGN1@2011-06-28,-0.0022405041248698,0.024286024172196
2011-06-07T00:00:00+00:00,2011-06-07T23:59:00+00:00,2011-06-07T23:59:00+00:00,NGN1@2011-06-28,-0.0233833207002498,0.0246092661668372
2011-06-08T00:00:00+00:00,2011-06-08T23:59:00+00:00,2011-06-08T23:59:00+00:00,NGN1@2011-06-28,-0.0153377362603137,0.027676556066599
2011-06-09T00:00:00+00:00,2011-06-09T23:59:00+00:00,2011-06-09T23:59:00+00:00,NGN1@2011-06-28,0.0099782651287125,0.0246971388691734
2011-06-10T00:00:00+00:00,2011-06-12T23:34:25.147000+00:00,2011-06-12T23:34:25.147000+00:00,NGN1@2011-06-28,-0.0003192124246548,0.0231894124455812
2011-06-13T00:00:00+00:00,2011-06-14T21:45:02.689000+00:00,2011-06-14T21:45:02.689000+00:00,NGN1@2011-06-28,0.0030083196459387,0.0329798558398395
2011-06-14T00:00:00+00:00,2011-06-15T23:50:50.078000+00:00,2011-06-15T23:50:50.078000+00:00,NGN1@2011-06-28,-0.0052788222076389,0.0253750711653339
2011-06-15T00:00:00+00:00,2011-06-16T23:27:47.424000+00:00,2011-06-16T23:27:47.424000+00:00,NGN1@2011-06-28,-0.004541436614491,0.0276606111516089
2011-06-16T00:00:00+00:00,2011-06-17T00:06:51.886000+00:00,2011-06-17T00:06:51.886000+00:00,NGN1@2011-06-28,0.0056196571254043,0.0422037333893261
2011-06-17T00:00:00+00:00,2011-06-19T22:09:45.617000+00:00,2011-06-19T22:09:45.617000+00:00,NGN1@2011-06-28,0.0069756668506266,0.0455248559406951
2011-06-20T00:00:00+00:00,2011-06-21T22:54:39.386000+00:00,2011-06-21T22:54:39.386000+00:00,NGN1@2011-06-28,-0.0023842326785284,0.0278864588056291
2011-06-21T00:00:00+00:00,2011-06-22T23:54:19.657000+00:00,2011-06-22T23:54:19.657000+00:00,NGN1@2011-06-28,-0.006686092694384,0.0312678365445553
2011-06-22T00:00:00+00:00,2011-06-23T21:45:00.607000+00:00,2011-06-23T21:45:00.607000+00:00,NGN1@2011-06-28,0.0005362891396984,0.0278321678376258
2011-06-23T00:00:00+00:00,2011-06-24T00:07:51.531000+00:00,2011-06-24T00:07:51.531000+00:00,NGN1@2011-06-28,-0.0021016938022777,0.0302076000577185
2011-06-24T00:00:00+00:00,2011-06-26T23:59:31.125000+00:00,2011-06-26T23:59:31.125000+00:00,NGN1@2011-06-28,-0.0040691497047883,0.0547582044477878
2011-06-27T00:00:00+00:00,2011-06-28T23:21:11.775000+00:00,2011-06-28T23:21:11.775000+00:00,NGN1@2011-06-28,-0.0007846067190839,0.0455418589412328
2011-06-29T00:00:00+00:00,2011-06-30T23:57:48.896000+00:00,2011-06-30T23:57:48.896000+00:00,NGQ1@2011-07-27,0.0072314777877828,0.0297619049722478
2011-06-30T00:00:00+00:00,2011-07-01T00:08:21.487000+00:00,2011-07-01T00:08:21.487000+00:00,NGQ1@2011-07-27,-0.0040408579276107,0.0247797393101761
2011-07-01T00:00:00+00:00,2011-07-03T23:44:36.496000+00:00,2011-07-03T23:44:36.496000+00:00,NGQ1@2011-07-27,0.018565883517293,0.0536049496545418
2011-07-05T00:00:00+00:00,2011-07-06T23:55:10.717000+00:00,2011-07-06T23:55:10.717000+00:00,NGQ1@2011-07-27,0.0154703689923183,0.0616781888978049
2011-07-06T00:00:00+00:00,2011-07-07T23:27:38.851000+00:00,2011-07-07T23:27:38.851000+00:00,NGQ1@2011-07-27,0.008164445324057,0.0373276027702015
2011-07-07T00:00:00+00:00,2011-07-08T00:09:00.426000+00:00,2011-07-08T00:09:00.426000+00:00,NGQ1@2011-07-27,0.007045374151791,0.0290856967567113
2011-07-08T00:00:00+00:00,2011-07-10T23:30:20.349000+00:00,2011-07-10T23:30:20.349000+00:00,NGQ1@2011-07-27,0.0074275767309426,0.030906045225245
2011-07-11T00:00:00+00:00,2011-07-12T23:40:43.144000+00:00,2011-07-12T23:40:43.144000+00:00,NGQ1@2011-07-27,0.0042485376412324,0.0245106092302586
2011-07-12T00:00:00+00:00,2011-07-13T23:53:19.538000+00:00,2011-07-13T23:53:19.538000+00:00,NGQ1@2011-07-27,0.0030386516278149,0.0275312806587325
2011-07-13T00:00:00+00:00,2011-07-14T23:40:30.025000+00:00,2011-07-14T23:40:30.025000+00:00,NGQ1@2011-07-27,0.0013132162942455,0.0253807563354296
2011-07-14T00:00:00+00:00,2011-07-15T00:07:12.986000+00:00,2011-07-15T00:07:12.986000+00:00,NGQ1@2011-07-27,-0.0060696193397762,0.0248595655736422
2011-07-15T00:00:00+00:00,2011-07-17T22:19:54.442000+00:00,2011-07-17T22:19:54.442000+00:00,NGQ1@2011-07-27,-0.0283382913997116,0.0267588683357339
2011-07-18T00:00:00+00:00,2011-07-19T23:36:29.003000+00:00,2011-07-19T23:36:29.003000+00:00,NGQ1@2011-07-27,-0.0086330666786826,0.028029494570278
2011-07-19T00:00:00+00:00,2011-07-20T21:45:01.316000+00:00,2011-07-20T21:45:01.316000+00:00,NGQ1@2011-07-27,-0.0080584248511058,0.0341952858214915
2011-07-20T00:00:00+00:00,2011-07-21T21:45:01.036000+00:00,2011-07-21T21:45:01.036000+00:00,NGQ1@2011-07-27,0.0005929315919162,0.0411095923250236
2011-07-21T00:00:00+00:00,2011-07-22T00:07:28.334000+00:00,2011-07-22T00:07:28.334000+00:00,NGQ1@2011-07-27,0.0031465787980964,0.0538530612529423
2011-07-22T00:00:00+00:00,2011-07-24T22:39:11.797000+00:00,2011-07-24T22:39:11.797000+00:00,NGQ1@2011-07-27,0.0027149088523157,0.0428099347050146
2011-07-25T00:00:00+00:00,2011-07-26T23:02:57.092000+00:00,2011-07-26T23:02:57.092000+00:00,NGQ1@2011-07-27,-0.0043313655586845,0.0215111757160079
2011-07-26T00:00:00+00:00,2011-07-27T23:45:23.875000+00:00,2011-07-27T23:45:23.875000+00:00,NGQ1@2011-07-27,0.000610616690065,0.0465127720808841
2011-07-27T00:00:00+00:00,2011-07-28T23:49:46.141000+00:00,2011-07-28T23:49:46.141000+00:00,NGU1@2011-08-29,-0.0048155153987025,0.0314444787541011
2011-07-28T00:00:00+00:00,2011-07-29T00:08:37.608000+00:00,2011-07-29T00:08:37.608000+00:00,NGU1@2011-08-29,0.0037032511643098,0.0499879407274537
2011-07-29T00:00:00+00:00,2011-07-31T23:05:26.451000+00:00,2011-07-31T23:05:26.451000+00:00,NGU1@2011-08-29,0.0118767152349632,0.0298655176737222
2011-08-01T00:00:00+00:00,2011-08-02T21:45:05.744000+00:00,2011-08-02T21:45:05.744000+00:00,NGU1@2011-08-29,-0.0139571361519015,0.0452724770510722
2011-08-02T00:00:00+00:00,2011-08-03T23:11:36.894000+00:00,2011-08-03T23:11:36.894000+00:00,NGU1@2011-08-29,-0.0082210786021704,0.0543346354509588
2011-08-03T00:00:00+00:00,2011-08-04T23:53:09.480000+00:00,2011-08-04T23:53:09.480000+00:00,NGU1@2011-08-29,0.0075479491144163,0.0430188627324552
2011-08-04T00:00:00+00:00,2011-08-05T00:09:18.861000+00:00,2011-08-05T00:09:18.861000+00:00,NGU1@2011-08-29,0.0259687251189342,0.0595394677683344
2011-08-05T00:00:00+00:00,2011-08-07T23:55:59.525000+00:00,2011-08-07T23:55:59.525000+00:00,NGU1@2011-08-29,0.0313334480724205,0.0392456059517453
2011-08-08T00:00:00+00:00,2011-08-09T23:11:22.817000+00:00,2011-08-09T23:11:22.817000+00:00,NGU1@2011-08-29,0.0180493954180458,0.0398185113610808
2011-08-09T00:00:00+00:00,2011-08-10T21:45:00.505000+00:00,2011-08-10T21:45:00.505000+00:00,NGU1@2011-08-29,0.0115821809875564,0.0420531181439961
2011-08-10T00:00:00+00:00,2011-08-11T21:45:00.497000+00:00,2011-08-11T21:45:00.497000+00:00,NGU1@2011-08-29,0.0223167969162296,0.0470712359678694
2011-08-11T00:00:00+00:00,2011-08-12T00:10:45.755000+00:00,2011-08-12T00:10:45.755000+00:00,NGU1@2011-08-29,0.005353358427877,0.0380414992970177
2011-08-12T00:00:00+00:00,2011-08-14T23:45:01.211000+00:00,2011-08-14T23:45:01.211000+00:00,NGU1@2011-08-29,0.0083401900937389,0.0353265266024415
2011-08-15T00:00:00+00:00,2011-08-16T23:17:01.215000+00:00,2011-08-16T23:17:01.215000+00:00,NGU1@2011-08-29,0.0055770096288041,0.0321950442988975
2011-08-16T00:00:00+00:00,2011-08-17T00:06:45.318000+00:00,2011-08-17T00:06:45.318000+00:00,NGU1@2011-08-29,0.0161558180364942,0.0366769067507057
2011-08-17T00:00:00+00:00,2011-08-18T23:18:54.477000+00:00,2011-08-18T23:18:54.477000+00:00,NGU1@2011-08-29,0.001596511333356,0.0344861367838913
2011-08-18T00:00:00+00:00,2011-08-19T00:06:55.350000+00:00,2011-08-19T00:06:55.350000+00:00,NGU1@2011-08-29,0.0065907468870982,0.0370098294510667
2011-08-19T00:00:00+00:00,2011-08-21T23:54:03.162000+00:00,2011-08-21T23:54:03.162000+00:00,NGU1@2011-08-29,0.0100559446115582,0.032399217328123
2011-08-22T00:00:00+00:00,2011-08-23T23:23:51.960000+00:00,2011-08-23T23:23:51.960000+00:00,NGU1@2011-08-29,-3.94881998069252e-05,0.0341682399741906
2011-08-23T00:00:00+00:00,2011-08-24T21:45:13.233000+00:00,2011-08-24T21:45:13.233000+00:00,NGU1@2011-08-29,-0.0039734397129258,0.0338424748569107
2011-08-24T00:00:00+00:00,2011-08-25T23:46:44.148000+00:00,2011-08-25T23:46:44.148000+00:00,NGU1@2011-08-29,0.0069899805514357,0.0360834710859663
2011-08-25T00:00:00+00:00,2011-08-26T00:07:08.839000+00:00,2011-08-26T00:07:08.839000+00:00,NGU1@2011-08-29,0.004268073550314,0.034922073208952
2011-08-26T00:00:00+00:00,2011-08-28T23:52:28.698000+00:00,2011-08-28T23:52:28.698000+00:00,NGU1@2011-08-29,-0.0037807893293392,0.0358238733099052
2011-08-29T00:00:00+00:00,2011-08-30T21:45:11.546000+00:00,2011-08-30T21:45:11.546000+00:00,NGV1@2011-09-28,0.0074965640249233,0.0330278793804829
2011-08-30T00:00:00+00:00,2011-08-31T23:37:51.019000+00:00,2011-08-31T23:37:51.019000+00:00,NGV1@2011-09-28,-0.0005452299276621,0.032215479482132
2011-08-31T00:00:00+00:00,2011-09-01T23:25:39.685000+00:00,2011-09-01T23:25:39.685000+00:00,NGV1@2011-09-28,-0.0122577175956675,0.0357666029715238
2011-09-01T00:00:00+00:00,2011-09-02T00:08:12.613000+00:00,2011-09-02T00:08:12.613000+00:00,NGV1@2011-09-28,-0.0027625962059096,0.0385173476568543
2011-09-02T00:00:00+00:00,2011-09-04T23:44:54.971000+00:00,2011-09-04T23:44:54.971000+00:00,NGV1@2011-09-28,0.0352480149361633,0.0425391795564283
2011-09-06T00:00:00+00:00,2011-09-07T23:12:10.624000+00:00,2011-09-07T23:12:10.624000+00:00,NGV1@2011-09-28,-0.0029427328707306,0.0351949789909094
2011-09-07T00:00:00+00:00,2011-09-08T23:27:28.709000+00:00,2011-09-08T23:27:28.709000+00:00,NGV1@2011-09-28,0.0007727515086615,0.0383388808631219
2011-09-08T00:00:00+00:00,2011-09-09T00:09:18.875000+00:00,2011-09-09T00:09:18.875000+00:00,NGV1@2011-09-28,-0.0057843148842688,0.0273889985384273
2011-09-09T00:00:00+00:00,2011-09-11T22:50:23.014000+00:00,2011-09-11T22:50:23.014000+00:00,NGV1@2011-09-28,0.0143203394753592,0.0399029984766123
2011-09-12T00:00:00+00:00,2011-09-13T23:50:45.114000+00:00,2011-09-13T23:50:45.114000+00:00,NGV1@2011-09-28,0.0065418199448823,0.040406240543849
2011-09-13T00:00:00+00:00,2011-09-14T21:45:09.005000+00:00,2011-09-14T21:45:09.005000+00:00,NGV1@2011-09-28,0.0027716888404782,0.0355886797404104
2011-09-14T00:00:00+00:00,2011-09-15T23:58:01.915000+00:00,2011-09-15T23:58:01.915000+00:00,NGV1@2011-09-28,8.441860777419485e-05,0.0407730623326523
2011-09-15T00:00:00+00:00,2011-09-16T00:09:22.158000+00:00,2011-09-16T00:09:22.158000+00:00,NGV1@2011-09-28,0.0274001003540669,0.0440725960682347
2011-09-16T00:00:00+00:00,2011-09-18T23:27:10.502000+00:00,2011-09-18T23:27:10.502000+00:00,NGV1@2011-09-28,0.0282791774642932,0.039489192508397
2011-09-19T00:00:00+00:00,2011-09-20T23:06:31.206000+00:00,2011-09-20T23:06:31.206000+00:00,NGV1@2011-09-28,0.0044111819014998,0.036218932497026
2011-09-20T00:00:00+00:00,2011-09-21T23:53:51.903000+00:00,2011-09-21T23:53:51.903000+00:00,NGV1@2011-09-28,0.0157191526081603,0.024074025578418
2011-09-21T00:00:00+00:00,2011-09-22T23:50:47.595000+00:00,2011-09-22T23:50:47.595000+00:00,NGV1@2011-09-28,0.0262557621854702,0.0427468335301117
2011-09-22T00:00:00+00:00,2011-09-23T00:07:02.742000+00:00,2011-09-23T00:07:02.742000+00:00,NGV1@2011-09-28,0.0139917768688495,0.0352156377371642
2011-09-23T00:00:00+00:00,2011-09-25T23:34:21.228000+00:00,2011-09-25T23:34:21.228000+00:00,NGV1@2011-09-28,0.0195372390643775,0.0386403370704103
2011-09-26T00:00:00+00:00,2011-09-27T23:27:09.735000+00:00,2011-09-27T23:27:09.735000+00:00,NGV1@2011-09-28,-0.0033271320266481,0.0347262199224615
2011-09-27T00:00:00+00:00,2011-09-28T23:47:02.569000+00:00,2011-09-28T23:47:02.569000+00:00,NGV1@2011-09-28,0.0018204992922097,0.0328409721766377
2011-09-28T00:00:00+00:00,2011-09-29T23:57:57.335000+00:00,2011-09-29T23:57:57.335000+00:00,NGX1@2011-10-27,0.0384825002687416,0.0529602225092561
2011-09-29T00:00:00+00:00,2011-09-30T00:07:27.807000+00:00,2011-09-30T00:07:27.807000+00:00,NGX1@2011-10-27,0.0421467967242359,0.0413670482863468
2011-09-30T00:00:00+00:00,2011-10-02T23:59:24.517000+00:00,2011-10-02T23:59:24.517000+00:00,NGX1@2011-10-27,0.0514076390206521,0.0576771783542268
2011-10-03T00:00:00+00:00,2011-10-04T23:04:48.154000+00:00,2011-10-04T23:04:48.154000+00:00,NGX1@2011-10-27,0.0348257026345599,0.0549357515173282
2011-10-04T00:00:00+00:00,2011-10-05T21:45:28.289000+00:00,2011-10-05T21:45:28.289000+00:00,NGX1@2011-10-27,0.0400702466331024,0.0471670444395687
2011-10-05T00:00:00+00:00,2011-10-06T23:58:30.284000+00:00,2011-10-06T23:58:30.284000+00:00,NGX1@2011-10-27,0.0834991965419862,0.0511488263160744
2011-10-06T00:00:00+00:00,2011-10-07T00:08:17.920000+00:00,2011-10-07T00:08:17.920000+00:00,NGX1@2011-10-27,0.0700196657615721,0.0681241309152164
2011-10-07T00:00:00+00:00,2011-10-09T23:43:44.476000+00:00,2011-10-09T23:43:44.476000+00:00,NGX1@2011-10-27,0.0798088992367382,0.0625085064245283
2011-10-10T00:00:00+00:00,2011-10-11T21:45:02.292000+00:00,2011-10-11T21:45:02.292000+00:00,NGX1@2011-10-27,0.0486577369722043,0.0519052962935823
2011-10-11T00:00:00+00:00,2011-10-12T23:25:38.511000+00:00,2011-10-12T23:25:38.511000+00:00,NGX1@2011-10-27,0.0367871386343825,0.0620590235293736
2011-10-12T00:00:00+00:00,2011-10-13T21:45:47.855000+00:00,2011-10-13T21:45:47.855000+00:00,NGX1@2011-10-27,0.0732969378220638,0.0702074967350395
2011-10-13T00:00:00+00:00,2011-10-14T00:08:45.562000+00:00,2011-10-14T00:08:45.562000+00:00,NGX1@2011-10-27,0.0484074072625571,0.045578169491462
2011-10-14T00:00:00+00:00,2011-10-16T23:44:31.198000+00:00,2011-10-16T23:44:31.198000+00:00,NGX1@2011-10-27,0.0182696760039713,0.0399381140206133
2011-10-17T00:00:00+00:00,2011-10-18T21:45:04.641000+00:00,2011-10-18T21:45:04.641000+00:00,NGX1@2011-10-27,0.0350468810481192,0.0310690220181969
2011-10-18T00:00:00+00:00,2011-10-19T21:45:01.742000+00:00,2011-10-19T21:45:01.742000+00:00,NGX1@2011-10-27,0.0356331837056591,0.0391499934502205
2011-10-19T00:00:00+00:00,2011-10-20T21:45:00.558000+00:00,2011-10-20T21:45:00.558000+00:00,NGX1@2011-10-27,0.0444042938096183,0.0501511219356741
2011-10-20T00:00:00+00:00,2011-10-21T00:06:53.779000+00:00,2011-10-21T00:06:53.779000+00:00,NGX1@2011-10-27,0.0399917569970731,0.043399075902352
2011-10-21T00:00:00+00:00,2011-10-23T23:45:02.672000+00:00,2011-10-23T23:45:02.672000+00:00,NGX1@2011-10-27,0.0214310451136041,0.0373510666835455
2011-10-24T00:00:00+00:00,2011-10-25T22:55:16.334000+00:00,2011-10-25T22:55:16.334000+00:00,NGX1@2011-10-27,0.0227560997009277,0.034925344913834
2011-10-25T00:00:00+00:00,2011-10-26T21:45:00.211000+00:00,2011-10-26T21:45:00.211000+00:00,NGX1@2011-10-27,0.0214311177613304,0.0392548373488129
2011-10-26T00:00:00+00:00,2011-10-27T21:45:04.060000+00:00,2011-10-27T21:45:04.060000+00:00,NGZ1@2011-11-28,0.0383589902333718,0.0417231881353028
2011-10-27T00:00:00+00:00,2011-10-28T00:07:02.558000+00:00,2011-10-28T00:07:02.558000+00:00,NGZ1@2011-11-28,0.0457208051168953,0.0528467373776
2011-10-28T00:00:00+00:00,2011-10-30T23:52:07.058000+00:00,2011-10-30T23:52:07.058000+00:00,NGZ1@2011-11-28,0.0132281576300348,0.0658278067097401
2011-10-31T00:00:00+00:00,2011-11-01T00:07:12.447000+00:00,2011-11-01T00:07:12.447000+00:00,NGZ1@2011-11-28,0.0069571036923252,0.0404277384675891
2011-11-01T00:00:00+00:00,2011-11-02T22:18:22.132000+00:00,2011-11-02T22:18:22.132000+00:00,NGZ1@2011-11-28,0.0541845699893062,0.0503530949235814
2011-11-02T00:00:00+00:00,2011-11-03T22:39:09.914000+00:00,2011-11-03T22:39:09.914000+00:00,NGZ1@2011-11-28,0.0554530519120237,0.0500044290055619
2011-11-03T00:00:00+00:00,2011-11-04T00:07:34.532000+00:00,2011-11-04T00:07:34.532000+00:00,NGZ1@2011-11-28,0.0356087037817536,0.0445038612959387
2011-11-04T00:00:00+00:00,2011-11-06T23:51:39.322000+00:00,2011-11-06T23:51:39.322000+00:00,NGZ1@2011-11-28,0.0497350441782098,0.0405659173664293
2011-11-07T00:00:00+00:00,2011-11-08T22:45:02.766000+00:00,2011-11-08T22:45:02.766000+00:00,NGZ1@2011-11-28,0.0437183544997714,0.0328655696314518
2011-11-08T00:00:00+00:00,2011-11-09T22:45:18.835000+00:00,2011-11-09T22:45:18.835000+00:00,NGZ1@2011-11-28,0.0275692661359641,0.0386724342380768
2011-11-09T00:00:00+00:00,2011-11-10T22:45:14.244000+00:00,2011-11-10T22:45:14.244000+00:00,NGZ1@2011-11-28,0.0469856970561521,0.0416323632115812
2011-11-10T00:00:00+00:00,2011-11-11T01:08:02.118000+00:00,2011-11-11T01:08:02.118000+00:00,NGZ1@2011-11-28,0.0539130029286782,0.0653214348219879
2011-11-11T00:00:00+00:00,2011-11-13T23:44:33.609000+00:00,2011-11-13T23:44:33.609000+00:00,NGZ1@2011-11-28,0.0748161288065643,0.0535562044447374
2011-11-14T00:00:00+00:00,2011-11-15T22:45:43.512000+00:00,2011-11-15T22:45:43.512000+00:00,NGZ1@2011-11-28,0.0535062242822224,0.0357904326115469
2011-11-15T00:00:00+00:00,2011-11-16T01:08:55.058000+00:00,2011-11-16T01:08:55.058000+00:00,NGZ1@2011-11-28,0.0652656846203154,0.0429246487192144
2011-11-16T00:00:00+00:00,2011-11-17T22:45:05.174000+00:00,2011-11-17T22:45:05.174000+00:00,NGZ1@2011-11-28,0.0978034743689055,0.0521806128939291
2011-11-17T00:00:00+00:00,2011-11-18T01:09:34.634000+00:00,2011-11-18T01:09:34.634000+00:00,NGZ1@2011-11-28,0.0760056315827599,0.0567366728731231
2011-11-18T00:00:00+00:00,2011-11-20T23:59:52.670000+00:00,2011-11-20T23:59:52.670000+00:00,NGZ1@2011-11-28,0.1245690505953884,0.0473423796486668
2011-11-21T00:00:00+00:00,2011-11-22T22:45:00.061000+00:00,2011-11-22T22:45:00.061000+00:00,NGZ1@2011-11-28,0.0688213120829592,0.0463314628096632
2011-11-22T00:00:00+00:00,2011-11-23T23:51:22.585000+00:00,2011-11-23T23:51:22.585000+00:00,NGZ1@2011-11-28,0.0624031080306886,0.0505985279010601
2011-11-23T00:00:00+00:00,2011-11-24T23:52:24.971000+00:00,2011-11-24T23:52:24.971000+00:00,NGZ1@2011-11-28,0.0719255317591192,0.073738576631645
2011-11-25T00:00:00+00:00,2011-11-27T23:36:18.470000+00:00,2011-11-27T23:36:18.470000+00:00,NGZ1@2011-11-28,0.0462174048790564,0.0488452647066763
2011-11-28T00:00:00+00:00,2011-11-29T22:45:03.412000+00:00,2011-11-29T22:45:03.412000+00:00,NGF2@2011-12-28,0.0623129553250134,0.0578018139102315
2011-11-29T00:00:00+00:00,2011-11-30T22:45:07.670000+00:00,2011-11-30T22:45:07.670000+00:00,NGF2@2011-12-28,0.0417950054830755,0.0700335857296778
2011-11-30T00:00:00+00:00,2011-12-01T22:45:01.183000+00:00,2011-12-01T22:45:01.183000+00:00,NGF2@2011-12-28,0.0545122299813569,0.0617437392031148
2011-12-01T00:00:00+00:00,2011-12-02T01:08:00.948000+00:00,2011-12-02T01:08:00.948000+00:00,NGF2@2011-12-28,0.0292424923163576,0.0641989205119316
2011-12-02T00:00:00+00:00,2011-12-04T23:07:09.878000+00:00,2011-12-04T23:07:09.878000+00:00,NGF2@2011-12-28,0.0424974040485133,0.0672883583192245
2011-12-05T00:00:00+00:00,2011-12-06T23:29:00.400000+00:00,2011-12-06T23:29:00.400000+00:00,NGF2@2011-12-28,0.077477385385011,0.0432581872600942
2011-12-06T00:00:00+00:00,2011-12-07T22:45:00.285000+00:00,2011-12-07T22:45:00.285000+00:00,NGF2@2011-12-28,0.0388441085815429,0.0715487343924386
2011-12-07T00:00:00+00:00,2011-12-08T22:45:28.970000+00:00,2011-12-08T22:45:28.970000+00:00,NGF2@2011-12-28,0.0799638223522625,0.060765166897343
2011-12-08T00:00:00+00:00,2011-12-09T01:08:30.855000+00:00,2011-12-09T01:08:30.855000+00:00,NGF2@2011-12-28,0.0826591153505003,0.0505788780294726
2011-12-09T00:00:00+00:00,2011-12-11T23:39:22.977000+00:00,2011-12-11T23:39:22.977000+00:00,NGF2@2011-12-28,0.0903856581453079,0.053711891745721
2011-12-12T00:00:00+00:00,2011-12-13T22:45:03.044000+00:00,2011-12-13T22:45:03.044000+00:00,NGF2@2011-12-28,0.0632242475237165,0.0414583173948132
2011-12-13T00:00:00+00:00,2011-12-14T22:45:06.477000+00:00,2011-12-14T22:45:06.477000+00:00,NGF2@2011-12-28,0.0568635607375216,0.0536926476170359
2011-12-14T00:00:00+00:00,2011-12-15T22:45:03.708000+00:00,2011-12-15T22:45:03.708000+00:00,NGF2@2011-12-28,0.0922983729683819,0.038683054138436
2011-12-15T00:00:00+00:00,2011-12-16T01:08:13.199000+00:00,2011-12-16T01:08:13.199000+00:00,NGF2@2011-12-28,0.1078389739990235,0.034097900390625
2011-12-16T00:00:00+00:00,2011-12-18T23:23:49.843000+00:00,2011-12-18T23:23:49.843000+00:00,NGF2@2011-12-28,0.1054773172047836,0.0736981878201319
2011-12-19T00:00:00+00:00,2011-12-20T01:11:27.854000+00:00,2011-12-20T01:11:27.854000+00:00,NGF2@2011-12-28,0.0684446174007609,0.0797706981926783
2011-12-20T00:00:00+00:00,2011-12-21T23:38:46.612000+00:00,2011-12-21T23:38:46.612000+00:00,NGF2@2011-12-28,0.0637239286094712,0.0497356341902617
2011-12-21T00:00:00+00:00,2011-12-22T22:45:06.928000+00:00,2011-12-22T22:45:06.928000+00:00,NGF2@2011-12-28,0.0675435417037979,0.0603516695813346
2011-12-22T00:00:00+00:00,2011-12-23T01:08:06.626000+00:00,2011-12-23T01:08:06.626000+00:00,NGF2@2011-12-28,0.0452093058870037,0.0415600589820143
2011-12-23T00:00:00+00:00,2011-12-25T19:06:57.318000+00:00,2011-12-25T19:06:57.318000+00:00,NGF2@2011-12-28,0.0563175830239262,0.0847829823638267
2011-12-27T00:00:00+00:00,2011-12-28T23:46:35.392000+00:00,2011-12-28T23:46:35.392000+00:00,NGF2@2011-12-28,0.053947671754851,0.0739197159671262
2011-12-29T00:00:00+00:00,2011-12-30T01:07:08.502000+00:00,2011-12-30T01:07:08.502000+00:00,NGG2@2012-01-27,0.1145242549661451,0.07438991024035
2011-12-30T00:00:00+00:00,2012-01-01T19:07:09.196000+00:00,2012-01-01T19:07:09.196000+00:00,NGG2@2012-01-27,0.1433366977300927,0.0660318248676803
2012-01-03T00:00:00+00:00,2012-01-04T23:50:55.849000+00:00,2012-01-04T23:50:55.849000+00:00,NGG2@2012-01-27,0.0842665524721224,0.041311801220195
2012-01-04T00:00:00+00:00,2012-01-05T22:45:10.085000+00:00,2012-01-05T22:45:10.085000+00:00,NGG2@2012-01-27,0.0664561778354797,0.052168204734643
2012-01-05T00:00:00+00:00,2012-01-06T01:07:54.503000+00:00,2012-01-06T01:07:54.503000+00:00,NGG2@2012-01-27,0.1209417957479597,0.1320792289849678
2012-01-06T00:00:00+00:00,2012-01-08T23:24:19.367000+00:00,2012-01-08T23:24:19.367000+00:00,NGG2@2012-01-27,0.1194485526711175,0.0802800156205156
2012-01-09T00:00:00+00:00,2012-01-10T23:58:51.903000+00:00,2012-01-10T23:58:51.903000+00:00,NGG2@2012-01-27,0.0562183929068103,0.0473239882200728
2012-01-10T00:00:00+00:00,2012-01-11T22:45:03.911000+00:00,2012-01-11T22:45:03.911000+00:00,NGG2@2012-01-27,0.1234244375596806,0.058259276979081
2012-01-11T00:00:00+00:00,2012-01-12T22:45:07.003000+00:00,2012-01-12T22:45:07.003000+00:00,NGG2@2012-01-27,0.1470692658364063,0.0616896656561638
2012-01-12T00:00:00+00:00,2012-01-13T01:09:51.391000+00:00,2012-01-13T01:09:51.391000+00:00,NGG2@2012-01-27,0.1619951529118151,0.0834306198786489
2012-01-13T00:00:00+00:00,2012-01-15T23:59:24.287000+00:00,2012-01-15T23:59:24.287000+00:00,NGG2@2012-01-27,0.214881301197344,0.1241834530602629
2012-01-17T00:00:00+00:00,2012-01-18T22:45:14.771000+00:00,2012-01-18T22:45:14.771000+00:00,NGG2@2012-01-27,0.1810185058323901,0.0913606004316323
2012-01-18T00:00:00+00:00,2012-01-19T22:45:04.411000+00:00,2012-01-19T22:45:04.411000+00:00,NGG2@2012-01-27,0.1558006099038238,0.0623351669465279
2012-01-19T00:00:00+00:00,2012-01-20T01:10:20.769000+00:00,2012-01-20T01:10:20.769000+00:00,NGG2@2012-01-27,0.2734536779129781,0.0860907530899081
2012-01-20T00:00:00+00:00,2012-01-22T23:50:35.584000+00:00,2012-01-22T23:50:35.584000+00:00,NGG2@2012-01-27,0.245901308346204,0.1222727124783102
2012-01-23T00:00:00+00:00,2012-01-24T22:45:16.805000+00:00,2012-01-24T22:45:16.805000+00:00,NGG2@2012-01-27,0.0876194629868718,0.059410565955285
2012-01-24T00:00:00+00:00,2012-01-25T22:45:59.506000+00:00,2012-01-25T22:45:59.506000+00:00,NGG2@2012-01-27,0.076015663514477,0.0852354229759848
2012-01-25T00:00:00+00:00,2012-01-26T22:45:29.067000+00:00,2012-01-26T22:45:29.067000+00:00,NGG2@2012-01-27,0.0748792513800788,0.0777191969197223
2012-01-26T00:00:00+00:00,2012-01-27T01:10:40.008000+00:00,2012-01-27T01:10:40.008000+00:00,NGH2@2012-02-27,0.1338476422603729,0.0935879006052287
2012-01-27T00:00:00+00:00,2012-01-29T23:59:57.458000+00:00,2012-01-29T23:59:57.458000+00:00,NGH2@2012-02-27,0.1216298767805961,0.1128296559468073
2012-01-30T00:00:00+00:00,2012-01-31T22:45:14.585000+00:00,2012-01-31T22:45:14.585000+00:00,NGH2@2012-02-27,0.1254529337267258,0.0517677974414539
2012-01-31T00:00:00+00:00,2012-02-01T23:59:35.551000+00:00,2012-02-01T23:59:35.551000+00:00,NGH2@2012-02-27,0.2381671140063286,0.1042684901630038
2012-02-01T00:00:00+00:00,2012-02-02T22:45:08.824000+00:00,2012-02-02T22:45:08.824000+00:00,NGH2@2012-02-27,0.1741186443128084,0.096039521066766
2012-02-02T00:00:00+00:00,2012-02-03T01:07:37.343000+00:00,2012-02-03T01:07:37.343000+00:00,NGH2@2012-02-27,0.1070574333056544,0.0800695437974425
2012-02-03T00:00:00+00:00,2012-02-05T23:59:38.741000+00:00,2012-02-05T23:59:38.741000+00:00,NGH2@2012-02-27,0.127095241470641,0.0545218646288868
2012-02-06T00:00:00+00:00,2012-02-07T22:45:26.235000+00:00,2012-02-07T22:45:26.235000+00:00,NGH2@2012-02-27,0.1153776884634734,0.065534172265587
2012-02-07T00:00:00+00:00,2012-02-08T22:45:26.099000+00:00,2012-02-08T22:45:26.099000+00:00,NGH2@2012-02-27,0.1612465698683582,0.1437502148736668
2012-02-08T00:00:00+00:00,2012-02-09T22:45:15.017000+00:00,2012-02-09T22:45:15.017000+00:00,NGH2@2012-02-27,0.1549964183714332,0.0822472378490417
2012-02-09T00:00:00+00:00,2012-02-10T01:08:24.112000+00:00,2012-02-10T01:08:24.112000+00:00,NGH2@2012-02-27,0.1481831643161781,0.073781668347694
2012-02-10T00:00:00+00:00,2012-02-12T23:49:47.759000+00:00,2012-02-12T23:49:47.759000+00:00,NGH2@2012-02-27,0.1175180280405907,0.0630787990725613
2012-02-13T00:00:00+00:00,2012-02-14T22:45:30.801000+00:00,2012-02-14T22:45:30.801000+00:00,NGH2@2012-02-27,0.0765891172447983,0.0778385084502551
2012-02-14T00:00:00+00:00,2012-02-15T22:45:27.504000+00:00,2012-02-15T22:45:27.504000+00:00,NGH2@2012-02-27,0.1019521018447697,0.0580937537876852
2012-02-15T00:00:00+00:00,2012-02-16T23:28:57.276000+00:00,2012-02-16T23:28:57.276000+00:00,NGH2@2012-02-27,0.151839287278094,0.0455366736427347
2012-02-16T00:00:00+00:00,2012-02-17T01:08:13.862000+00:00,2012-02-17T01:08:13.862000+00:00,NGH2@2012-02-27,0.1181965680189536,0.0754372801206108
2012-02-17T00:00:00+00:00,2012-02-19T23:50:01.335000+00:00,2012-02-19T23:50:01.335000+00:00,NGH2@2012-02-27,0.0750669760992064,0.0528342505162727
2012-02-21T00:00:00+00:00,2012-02-22T22:45:29.592000+00:00,2012-02-22T22:45:29.592000+00:00,NGH2@2012-02-27,0.0958465326004087,0.0975310034242157
2012-02-22T00:00:00+00:00,2012-02-23T22:45:34.521000+00:00,2012-02-23T22:45:34.521000+00:00,NGH2@2012-02-27,0.0379269607085033,0.0892988721230872
2012-02-23T00:00:00+00:00,2012-02-24T01:07:31.636000+00:00,2012-02-24T01:07:31.636000+00:00,NGH2@2012-02-27,0.0533750605729459,0.0714342469818021
2012-02-24T00:00:00+00:00,2012-02-26T23:44:39.032000+00:00,2012-02-26T23:44:39.032000+00:00,NGH2@2012-02-27,0.0623050486947607,0.0587343230960875
2012-02-27T00:00:00+00:00,2012-02-28T22:45:05.659000+00:00,2012-02-28T22:45:05.659000+00:00,NGJ2@2012-03-28,0.0757521511546093,0.0352487054041781
2012-02-28T00:00:00+00:00,2012-02-29T23:38:20.374000+00:00,2012-02-29T23:38:20.374000+00:00,NGJ2@2012-03-28,0.082224902428186,0.0572076428077908
2012-02-29T00:00:00+00:00,2012-03-01T23:59:26.074000+00:00,2012-03-01T23:59:26.074000+00:00,NGJ2@2012-03-28,0.0976126755526627,0.0776548643369932
2012-03-01T00:00:00+00:00,2012-03-02T01:07:19.487000+00:00,2012-03-02T01:07:19.487000+00:00,NGJ2@2012-03-28,0.1356091307055564,0.0754288127345423
2012-03-02T00:00:00+00:00,2012-03-04T23:36:47.568000+00:00,2012-03-04T23:36:47.568000+00:00,NGJ2@2012-03-28,0.1366249967762249,0.0683618384652861
2012-03-05T00:00:00+00:00,2012-03-06T23:49:06.529000+00:00,2012-03-06T23:49:06.529000+00:00,NGJ2@2012-03-28,0.0543665645180184,0.0493547700955597
2012-03-06T00:00:00+00:00,2012-03-07T22:45:02.181000+00:00,2012-03-07T22:45:02.181000+00:00,NGJ2@2012-03-28,0.112053770446125,0.076816040208677
2012-03-07T00:00:00+00:00,2012-03-08T22:45:04.723000+00:00,2012-03-08T22:45:04.723000+00:00,NGJ2@2012-03-28,0.1267142802670824,0.0485621926065639
2012-03-08T00:00:00+00:00,2012-03-09T01:07:29.222000+00:00,2012-03-09T01:07:29.222000+00:00,NGJ2@2012-03-28,0.0947888830433723,0.0519566950590714
2012-03-09T00:00:00+00:00,2012-03-11T23:56:23.386000+00:00,2012-03-11T23:56:23.386000+00:00,NGJ2@2012-03-28,0.1445534883821571,0.1075240991561896
2012-03-12T00:00:00+00:00,2012-03-13T21:45:10.459000+00:00,2012-03-13T21:45:10.459000+00:00,NGJ2@2012-03-28,0.0773144364094764,0.0543210457140162
2012-03-13T00:00:00+00:00,2012-03-14T21:45:04.787000+00:00,2012-03-14T21:45:04.787000+00:00,NGJ2@2012-03-28,0.0781240772222597,0.0768501866713455
2012-03-14T00:00:00+00:00,2012-03-15T23:39:03.403000+00:00,2012-03-15T23:39:03.403000+00:00,NGJ2@2012-03-28,0.1251116829608367,0.0962784072613474
2012-03-15T00:00:00+00:00,2012-03-16T00:07:32.071000+00:00,2012-03-16T00:07:32.071000+00:00,NGJ2@2012-03-28,0.1184521616428708,0.0763150536417697
2012-03-16T00:00:00+00:00,2012-03-18T23:53:05.695000+00:00,2012-03-18T23:53:05.695000+00:00,NGJ2@2012-03-28,0.0069762572979559,0.0321223895849336
2012-03-19T00:00:00+00:00,2012-03-20T23:53:18.568000+00:00,2012-03-20T23:53:18.568000+00:00,NGJ2@2012-03-28,0.0725434743598019,0.0599480409830311
2012-03-20T00:00:00+00:00,2012-03-21T21:45:05.910000+00:00,2012-03-21T21:45:05.910000+00:00,NGJ2@2012-03-28,0.05701356857516,0.0534198887105559
2012-03-21T00:00:00+00:00,2012-03-22T21:45:16.603000+00:00,2012-03-22T21:45:16.603000+00:00,NGJ2@2012-03-28,0.1019759640142137,0.0982007764620095
2012-03-22T00:00:00+00:00,2012-03-23T00:07:37.316000+00:00,2012-03-23T00:07:37.316000+00:00,NGJ2@2012-03-28,0.0990937691088231,0.0804868310256103
2012-03-23T00:00:00+00:00,2012-03-25T23:39:18.254000+00:00,2012-03-25T23:39:18.254000+00:00,NGJ2@2012-03-28,0.0180658985747148,0.0452784468201462
2012-03-26T00:00:00+00:00,2012-03-27T23:57:35.980000+00:00,2012-03-27T23:57:35.980000+00:00,NGJ2@2012-03-28,0.0542477069257878,0.0422600986195259
2012-03-27T00:00:00+00:00,2012-03-28T23:10:09.543000+00:00,2012-03-28T23:10:09.543000+00:00,NGJ2@2012-03-28,0.1141397691975394,0.0565882868682292
2012-03-28T00:00:00+00:00,2012-03-29T21:45:22.920000+00:00,2012-03-29T21:45:22.920000+00:00,NGK2@2012-04-26,0.1487605553868063,0.0893940313513393
2012-03-29T00:00:00+00:00,2012-03-30T00:07:34.437000+00:00,2012-03-30T00:07:34.437000+00:00,NGK2@2012-04-26,0.1123547102507487,0.0722210071378712
2012-03-30T00:00:00+00:00,2012-04-01T23:05:39.884000+00:00,2012-04-01T23:05:39.884000+00:00,NGK2@2012-04-26,0.1133386279052157,0.068649818312447
2012-04-02T00:00:00+00:00,2012-04-03T23:49:41.291000+00:00,2012-04-03T23:49:41.291000+00:00,NGK2@2012-04-26,0.0984941608752476,0.112621448691049
2012-04-03T00:00:00+00:00,2012-04-04T23:35:26.351000+00:00,2012-04-04T23:35:26.351000+00:00,NGK2@2012-04-26,0.1148213131079314,0.0651343289802238
2012-04-04T00:00:00+00:00,2012-04-05T00:07:37.697000+00:00,2012-04-05T00:07:37.697000+00:00,NGK2@2012-04-26,0.1587252279950124,0.113687617900386
2012-04-05T00:00:00+00:00,2012-04-06T00:07:34.706000+00:00,2012-04-06T00:07:34.706000+00:00,NGK2@2012-04-26,0.1291216847091216,0.0777480366465809
2012-04-09T00:00:00+00:00,2012-04-10T23:51:56.446000+00:00,2012-04-10T23:51:56.446000+00:00,NGK2@2012-04-26,0.043117633371642,0.0620036188400152
2012-04-10T00:00:00+00:00,2012-04-11T21:45:00.190000+00:00,2012-04-11T21:45:00.190000+00:00,NGK2@2012-04-26,0.0544644474806783,0.0846968181743725
2012-04-11T00:00:00+00:00,2012-04-12T23:58:20.737000+00:00,2012-04-12T23:58:20.737000+00:00,NGK2@2012-04-26,0.0516874834767129,0.0629646721483782
2012-04-12T00:00:00+00:00,2012-04-13T00:07:30.659000+00:00,2012-04-13T00:07:30.659000+00:00,NGK2@2012-04-26,0.1554156494910492,0.0947645285536133
2012-04-13T00:00:00+00:00,2012-04-15T23:48:09.932000+00:00,2012-04-15T23:48:09.932000+00:00,NGK2@2012-04-26,0.1973963923243633,0.1414445748769614
2012-04-16T00:00:00+00:00,2012-04-17T23:48:20.294000+00:00,2012-04-17T23:48:20.294000+00:00,NGK2@2012-04-26,0.115840134832541,0.1182060984451057
2012-04-17T00:00:00+00:00,2012-04-18T23:59:17.697000+00:00,2012-04-18T23:59:17.697000+00:00,NGK2@2012-04-26,0.138466094798376,0.1027918204634586
2012-04-18T00:00:00+00:00,2012-04-19T23:56:44.548000+00:00,2012-04-19T23:56:44.548000+00:00,NGK2@2012-04-26,0.1570055871528766,0.0478539623518988
2012-04-19T00:00:00+00:00,2012-04-20T00:07:22.688000+00:00,2012-04-20T00:07:22.688000+00:00,NGK2@2012-04-26,0.0772534439078895,0.0382094901922309
2012-04-20T00:00:00+00:00,2012-04-22T23:49:12.814000+00:00,2012-04-22T23:49:12.814000+00:00,NGK2@2012-04-26,0.1314915869520119,0.1055233219126963
2012-04-23T00:00:00+00:00,2012-04-24T23:46:16.179000+00:00,2012-04-24T23:46:16.179000+00:00,NGK2@2012-04-26,0.0819719569517833,0.0551851669160446
2012-04-24T00:00:00+00:00,2012-04-25T23:57:15.589000+00:00,2012-04-25T23:57:15.589000+00:00,NGK2@2012-04-26,0.1501170024351115,0.1351769459862318
2012-04-25T00:00:00+00:00,2012-04-26T23:57:16.226000+00:00,2012-04-26T23:57:16.226000+00:00,NGM2@2012-05-29,0.1022615148777597,0.1009763297388109
2012-04-26T00:00:00+00:00,2012-04-27T00:07:28.128000+00:00,2012-04-27T00:07:28.128000+00:00,NGM2@2012-05-29,0.1446406551233867,0.161957438421003
2012-04-27T00:00:00+00:00,2012-04-29T23:58:09.991000+00:00,2012-04-29T23:58:09.991000+00:00,NGM2@2012-05-29,0.1019305922175866,0.1136711355222385
2012-04-30T00:00:00+00:00,2012-05-01T23:42:11.266000+00:00,2012-05-01T23:42:11.266000+00:00,NGM2@2012-05-29,0.0845214903251345,0.122964485472575
2012-05-01T00:00:00+00:00,2012-05-02T23:47:36.601000+00:00,2012-05-02T23:47:36.601000+00:00,NGM2@2012-05-29,0.0372499288138696,0.0443668688757944
2012-05-02T00:00:00+00:00,2012-05-03T23:43:57.807000+00:00,2012-05-03T23:43:57.807000+00:00,NGM2@2012-05-29,0.0715268104741937,0.0669878278941232
2012-05-03T00:00:00+00:00,2012-05-04T00:07:27.788000+00:00,2012-05-04T00:07:27.788000+00:00,NGM2@2012-05-29,0.073941594756234,0.0842578375517432
2012-05-04T00:00:00+00:00,2012-05-06T23:56:47.992000+00:00,2012-05-06T23:56:47.992000+00:00,NGM2@2012-05-29,0.0773242694789571,0.1003580348198214
2012-05-07T00:00:00+00:00,2012-05-08T23:59:19.345000+00:00,2012-05-08T23:59:19.345000+00:00,NGM2@2012-05-29,0.0788005340259243,0.084926637412665
2012-05-08T00:00:00+00:00,2012-05-09T23:34:21.472000+00:00,2012-05-09T23:34:21.472000+00:00,NGM2@2012-05-29,0.0357742481756073,0.1146985117803111
2012-05-09T00:00:00+00:00,2012-05-10T23:35:17.306000+00:00,2012-05-10T23:35:17.306000+00:00,NGM2@2012-05-29,0.0571427333617267,0.1074493465718935
2012-05-10T00:00:00+00:00,2012-05-11T00:07:39.227000+00:00,2012-05-11T00:07:39.227000+00:00,NGM2@2012-05-29,0.0844637167574178,0.0703684488932291
2012-05-11T00:00:00+00:00,2012-05-13T23:45:35.641000+00:00,2012-05-13T23:45:35.641000+00:00,NGM2@2012-05-29,0.0570860329683817,0.0950547342981064
2012-05-14T00:00:00+00:00,2012-05-15T23:56:50.963000+00:00,2012-05-15T23:56:50.963000+00:00,NGM2@2012-05-29,0.0164307384956172,0.0786499427142543
2012-05-15T00:00:00+00:00,2012-05-16T23:00:00.253000+00:00,2012-05-16T23:00:00.253000+00:00,NGM2@2012-05-29,0.0115349751798441,0.0668724835415878
2012-05-16T00:00:00+00:00,2012-05-17T23:48:50.825000+00:00,2012-05-17T23:48:50.825000+00:00,NGM2@2012-05-29,-0.025075481924486,0.0431252651265423
2012-05-17T00:00:00+00:00,2012-05-18T00:07:28.015000+00:00,2012-05-18T00:07:28.015000+00:00,NGM2@2012-05-29,-0.0095510406898882,0.0391589190391664
2012-05-18T00:00:00+00:00,2012-05-20T23:54:21.104000+00:00,2012-05-20T23:54:21.104000+00:00,NGM2@2012-05-29,-0.0097419493788972,0.0704687451003888
2012-05-21T00:00:00+00:00,2012-05-22T23:55:07.787000+00:00,2012-05-22T23:55:07.787000+00:00,NGM2@2012-05-29,0.027186441619516,0.0524429070720046
2012-05-22T00:00:00+00:00,2012-05-23T23:48:50.825000+00:00,2012-05-23T23:48:50.825000+00:00,NGM2@2012-05-29,0.0172473908892507,0.0802184768545952
2012-05-23T00:00:00+00:00,2012-05-24T23:45:55.493000+00:00,2012-05-24T23:45:55.493000+00:00,NGM2@2012-05-29,0.0236178798871018,0.0569450384003177
2012-05-24T00:00:00+00:00,2012-05-25T00:07:55.099000+00:00,2012-05-25T00:07:55.099000+00:00,NGM2@2012-05-29,0.0311382054562294,0.0883518208909971
2012-05-25T00:00:00+00:00,2012-05-27T23:58:25.903000+00:00,2012-05-27T23:58:25.903000+00:00,NGM2@2012-05-29,0.0811431735169654,0.0353200762879614
2012-05-31T00:00:00+00:00,2012-06-01T00:07:31.908000+00:00,2012-06-01T00:07:31.908000+00:00,NGN2@2012-06-27,0.0254927788780869,0.1088550970845057
2012-06-01T00:00:00+00:00,2012-06-03T23:41:37.938000+00:00,2012-06-03T23:41:37.938000+00:00,NGN2@2012-06-27,0.0587690214230778,0.0817117772900495
2012-06-04T00:00:00+00:00,2012-06-05T23:09:17.287000+00:00,2012-06-05T23:09:17.287000+00:00,NGN2@2012-06-27,0.0180277501288379,0.0461863296477456
2012-06-05T00:00:00+00:00,2012-06-06T23:24:47.699000+00:00,2012-06-06T23:24:47.699000+00:00,NGN2@2012-06-27,0.0616830966888664,0.0175001380586799
2012-06-06T00:00:00+00:00,2012-06-07T23:51:12.439000+00:00,2012-06-07T23:51:12.439000+00:00,NGN2@2012-06-27,0.0549801440278361,0.0528609457094807
2012-06-07T00:00:00+00:00,2012-06-08T00:07:56.327000+00:00,2012-06-08T00:07:56.327000+00:00,NGN2@2012-06-27,0.0565913555964492,0.084076003123649
2012-06-08T00:00:00+00:00,2012-06-10T23:55:47.966000+00:00,2012-06-10T23:55:47.966000+00:00,NGN2@2012-06-27,0.0339327334323311,0.1111067815354485
2012-06-11T00:00:00+00:00,2012-06-12T23:33:33.970000+00:00,2012-06-12T23:33:33.970000+00:00,NGN2@2012-06-27,0.0704683783256985,0.0891295307152525
2012-06-12T00:00:00+00:00,2012-06-13T23:37:04.182000+00:00,2012-06-13T23:37:04.182000+00:00,NGN2@2012-06-27,0.0648627233892222,0.0997845174171991
2012-06-13T00:00:00+00:00,2012-06-14T23:16:37.545000+00:00,2012-06-14T23:16:37.545000+00:00,NGN2@2012-06-27,0.0771294371388591,0.0722069873052446
2012-06-14T00:00:00+00:00,2012-06-15T00:07:49.846000+00:00,2012-06-15T00:07:49.846000+00:00,NGN2@2012-06-27,-0.0327457233397279,0.0793171192921872
2012-06-15T00:00:00+00:00,2012-06-17T23:53:20.590000+00:00,2012-06-17T23:53:20.590000+00:00,NGN2@2012-06-27,0.023846397260397,0.1607129167900101
2012-06-18T00:00:00+00:00,2012-06-19T23:38:16.679000+00:00,2012-06-19T23:38:16.679000+00:00,NGN2@2012-06-27,-0.0644498908313437,0.1708687114213264
2012-06-19T00:00:00+00:00,2012-06-20T23:58:57.583000+00:00,2012-06-20T23:58:57.583000+00:00,NGN2@2012-06-27,-0.0059617434793513,0.0532779544882374
2012-06-20T00:00:00+00:00,2012-06-21T21:45:22.704000+00:00,2012-06-21T21:45:22.704000+00:00,NGN2@2012-06-27,0.0775265090505377,0.0569134737256034
2012-06-21T00:00:00+00:00,2012-06-22T00:07:53.221000+00:00,2012-06-22T00:07:53.221000+00:00,NGN2@2012-06-27,-0.004888699859243,0.0492026699342419
2012-06-22T00:00:00+00:00,2012-06-24T23:57:19.426000+00:00,2012-06-24T23:57:19.426000+00:00,NGN2@2012-06-27,0.0181166908957741,0.053643909367648
2012-06-25T00:00:00+00:00,2012-06-26T23:34:16.506000+00:00,2012-06-26T23:34:16.506000+00:00,NGN2@2012-06-27,0.0083106400595374,0.0426546494016951
2012-06-26T00:00:00+00:00,2012-06-27T23:48:21.633000+00:00,2012-06-27T23:48:21.633000+00:00,NGN2@2012-06-27,0.000677167082862,0.0330021913103062
2012-06-27T00:00:00+00:00,2012-06-28T21:45:16.787000+00:00,2012-06-28T21:45:16.787000+00:00,NGQ2@2012-07-27,-0.0144481886493409,0.079829539411411
2012-06-28T00:00:00+00:00,2012-06-29T00:07:46.980000+00:00,2012-06-29T00:07:46.980000+00:00,NGQ2@2012-07-27,-0.0194973968150874,0.0729676118030499
2012-06-29T00:00:00+00:00,2012-07-01T23:31:04.738000+00:00,2012-07-01T23:31:04.738000+00:00,NGQ2@2012-07-27,-0.0547561780828751,0.1460013130786107
2012-07-02T00:00:00+00:00,2012-07-03T23:51:58.116000+00:00,2012-07-03T23:51:58.116000+00:00,NGQ2@2012-07-27,-0.0592172269120083,0.0872180112180599
2012-07-03T00:00:00+00:00,2012-07-04T22:00:01.026000+00:00,2012-07-04T22:00:01.026000+00:00,NGQ2@2012-07-27,0.0119695956839684,0.0525260935841734
2012-07-05T00:00:00+00:00,2012-07-06T00:08:00.558000+00:00,2012-07-06T00:08:00.558000+00:00,NGQ2@2012-07-27,-0.0308998409746472,0.0953818812514796
2012-07-06T00:00:00+00:00,2012-07-08T23:59:36.542000+00:00,2012-07-08T23:59:36.542000+00:00,NGQ2@2012-07-27,-0.0374718942949848,0.1133671798159144
2012-07-09T00:00:00+00:00,2012-07-10T21:45:04.742000+00:00,2012-07-10T21:45:04.742000+00:00,NGQ2@2012-07-27,-0.040405176150807,0.0895557099129903
2012-07-10T00:00:00+00:00,2012-07-11T21:45:20.461000+00:00,2012-07-11T21:45:20.461000+00:00,NGQ2@2012-07-27,-0.0078911984998319,0.0444533573358152
2012-07-11T00:00:00+00:00,2012-07-12T21:45:59.339000+00:00,2012-07-12T21:45:59.339000+00:00,NGQ2@2012-07-27,-0.0070455351812529,0.0817324889368712
2012-07-12T00:00:00+00:00,2012-07-13T00:08:03.780000+00:00,2012-07-13T00:08:03.780000+00:00,NGQ2@2012-07-27,0.0025883119418428,0.0570411469610952
2012-07-13T00:00:00+00:00,2012-07-15T23:40:26.692000+00:00,2012-07-15T23:40:26.692000+00:00,NGQ2@2012-07-27,-0.0003921091556549,0.0564319392045339
2012-07-16T00:00:00+00:00,2012-07-17T23:08:32.973000+00:00,2012-07-17T23:08:32.973000+00:00,NGQ2@2012-07-27,-0.0564842630660766,0.1364941707089358
2012-07-17T00:00:00+00:00,2012-07-18T21:45:00.275000+00:00,2012-07-18T21:45:00.275000+00:00,NGQ2@2012-07-27,-0.0105704140466671,0.0853360831118193
2012-07-18T00:00:00+00:00,2012-07-19T21:45:35.782000+00:00,2012-07-19T21:45:35.782000+00:00,NGQ2@2012-07-27,-0.0120479956219092,0.0501323629308629
2012-07-19T00:00:00+00:00,2012-07-20T00:08:18.314000+00:00,2012-07-20T00:08:18.314000+00:00,NGQ2@2012-07-27,-0.0052391352576213,0.0981407531475807
2012-07-20T00:00:00+00:00,2012-07-22T23:40:55.541000+00:00,2012-07-22T23:40:55.541000+00:00,NGQ2@2012-07-27,-0.029405135540882,0.0402665230774478
2012-07-23T00:00:00+00:00,2012-07-24T21:45:11.673000+00:00,2012-07-24T21:45:11.673000+00:00,NGQ2@2012-07-27,-0.0063162231445312,0.0553530883789062
2012-07-24T00:00:00+00:00,2012-07-25T21:46:17.885000+00:00,2012-07-25T21:46:17.885000+00:00,NGQ2@2012-07-27,-0.0028051923878185,0.0840538307695358
2012-07-25T00:00:00+00:00,2012-07-26T21:47:01.873000+00:00,2012-07-26T21:47:01.873000+00:00,NGQ2@2012-07-27,-0.0172324101466369,0.1184038025061237
2012-07-26T00:00:00+00:00,2012-07-27T00:08:22.897000+00:00,2012-07-27T00:08:22.897000+00:00,NGU2@2012-08-29,-0.034781440562029,0.0402026963465422
2012-07-27T00:00:00+00:00,2012-07-29T23:54:10.611000+00:00,2012-07-29T23:54:10.611000+00:00,NGU2@2012-08-29,-0.0375665662789981,0.0740985958228655
2012-07-30T00:00:00+00:00,2012-07-31T21:45:17.002000+00:00,2012-07-31T21:45:17.002000+00:00,NGU2@2012-08-29,-0.0647634366373189,0.059512401705785
2012-07-31T00:00:00+00:00,2012-08-01T21:47:56.638000+00:00,2012-08-01T21:47:56.638000+00:00,NGU2@2012-08-29,-0.0765877921514835,0.0423691221065934
2012-08-01T00:00:00+00:00,2012-08-02T21:50:16.228000+00:00,2012-08-02T21:50:16.228000+00:00,NGU2@2012-08-29,-0.0304025887238859,0.04160554722102
2012-08-02T00:00:00+00:00,2012-08-03T00:08:32.614000+00:00,2012-08-03T00:08:32.614000+00:00,NGU2@2012-08-29,-0.0038145892900723,0.0528695873856997
2012-08-03T00:00:00+00:00,2012-08-05T23:06:37.656000+00:00,2012-08-05T23:06:37.656000+00:00,NGU2@2012-08-29,-0.0064161459054914,0.0520386910356039
2012-08-06T00:00:00+00:00,2012-08-07T21:45:51.539000+00:00,2012-08-07T21:45:51.539000+00:00,NGU2@2012-08-29,-0.0178520650200108,0.0445745163692458
2012-08-07T00:00:00+00:00,2012-08-08T21:46:43.439000+00:00,2012-08-08T21:46:43.439000+00:00,NGU2@2012-08-29,-0.0243837464433017,0.0867114566036938
2012-08-08T00:00:00+00:00,2012-08-09T21:49:00.238000+00:00,2012-08-09T21:49:00.238000+00:00,NGU2@2012-08-29,-0.0170179859242318,0.1009496248886244
2012-08-09T00:00:00+00:00,2012-08-10T00:08:20.305000+00:00,2012-08-10T00:08:20.305000+00:00,NGU2@2012-08-29,0.0428484115052458,0.0491208341730974
2012-08-10T00:00:00+00:00,2012-08-12T23:58:23.589000+00:00,2012-08-12T23:58:23.589000+00:00,NGU2@2012-08-29,0.0188774714742339,0.0571168844022212
2012-08-13T00:00:00+00:00,2012-08-14T21:46:13.926000+00:00,2012-08-14T21:46:13.926000+00:00,NGU2@2012-08-29,-0.0258300087668679,0.0423748709938742
2012-08-14T00:00:00+00:00,2012-08-15T21:47:21.307000+00:00,2012-08-15T21:47:21.307000+00:00,NGU2@2012-08-29,-0.0508188789939609,0.0568667935178505
2012-08-15T00:00:00+00:00,2012-08-16T21:49:36.418000+00:00,2012-08-16T21:49:36.418000+00:00,NGU2@2012-08-29,-0.0296142608543027,0.0885400533589732
2012-08-16T00:00:00+00:00,2012-08-17T00:08:29.877000+00:00,2012-08-17T00:08:29.877000+00:00,NGU2@2012-08-29,0.0218898925555528,0.0831471568733982
2012-08-17T00:00:00+00:00,2012-08-19T23:57:59.093000+00:00,2012-08-19T23:57:59.093000+00:00,NGU2@2012-08-29,0.009198355639836,0.0690782052706136
2012-08-20T00:00:00+00:00,2012-08-20T23:59:00+00:00,2012-08-20T23:59:00+00:00,NGU2@2012-08-29,-0.0211156936640001,0.043182242265121
2012-08-21T00:00:00+00:00,2012-08-21T23:59:00+00:00,2012-08-21T23:59:00+00:00,NGU2@2012-08-29,-0.0461744706739077,0.0461705706336281
2012-08-22T00:00:00+00:00,2012-08-22T23:59:00+00:00,2012-08-22T23:59:00+00:00,NGU2@2012-08-29,-0.0362387244440928,0.0511365277426583
2012-08-23T00:00:00+00:00,2012-08-23T23:59:00+00:00,2012-08-23T23:59:00+00:00,NGU2@2012-08-29,-0.0358962177556786,0.1009392873042047
2012-08-24T00:00:00+00:00,2012-08-26T23:22:29.439000+00:00,2012-08-26T23:22:29.439000+00:00,NGU2@2012-08-29,0.0276409682634801,0.0560938143262676
2012-08-27T00:00:00+00:00,2012-08-27T23:59:00+00:00,2012-08-27T23:59:00+00:00,NGU2@2012-08-29,0.0458587121802225,0.0866400214435014
2012-08-28T00:00:00+00:00,2012-08-28T23:59:00+00:00,2012-08-28T23:59:00+00:00,NGV2@2012-09-26,0.0324376293662291,0.0466635271606677
2012-08-29T00:00:00+00:00,2012-08-30T21:49:20.624000+00:00,2012-08-30T21:49:20.624000+00:00,NGV2@2012-09-26,-0.0038729333258293,0.0746865882944308
2012-08-30T00:00:00+00:00,2012-08-30T23:59:00+00:00,2012-08-30T23:59:00+00:00,NGV2@2012-09-26,-0.0009881310291849,0.0677175304085156
2012-08-31T00:00:00+00:00,2012-09-02T22:19:38.561000+00:00,2012-09-02T22:19:38.561000+00:00,NGV2@2012-09-26,-0.0206836888315335,0.0835121060847215
2012-09-04T00:00:00+00:00,2012-09-04T23:59:00+00:00,2012-09-04T23:59:00+00:00,NGV2@2012-09-26,0.0015193643516668,0.0391554233082179
2012-09-05T00:00:00+00:00,2012-09-05T23:59:00+00:00,2012-09-05T23:59:00+00:00,NGV2@2012-09-26,-0.0091737270525706,0.0544018007236844
2012-09-06T00:00:00+00:00,2012-09-06T23:59:00+00:00,2012-09-06T23:59:00+00:00,NGV2@2012-09-26,0.0242047706081289,0.0634010957211864
2012-09-07T00:00:00+00:00,2012-09-09T23:54:40.517000+00:00,2012-09-09T23:54:40.517000+00:00,NGV2@2012-09-26,-0.0042025271844686,0.0620900476732218
2012-09-10T00:00:00+00:00,2012-09-10T23:59:00+00:00,2012-09-10T23:59:00+00:00,NGV2@2012-09-26,-0.0588594727186625,0.0559651464938444
2012-09-11T00:00:00+00:00,2012-09-11T23:59:00+00:00,2012-09-11T23:59:00+00:00,NGV2@2012-09-26,-0.0572422041496298,0.073934810462676
2012-09-12T00:00:00+00:00,2012-09-12T23:59:00+00:00,2012-09-12T23:59:00+00:00,NGV2@2012-09-26,-0.0733869308207997,0.0611443763685646
2012-09-13T00:00:00+00:00,2012-09-13T23:59:00+00:00,2012-09-13T23:59:00+00:00,NGV2@2012-09-26,-0.0386369209440927,0.0497336110110005
2012-09-14T00:00:00+00:00,2012-09-16T23:35:03.534000+00:00,2012-09-16T23:35:03.534000+00:00,NGV2@2012-09-26,-0.0107012993615606,0.0555979330902514
2012-09-17T00:00:00+00:00,2012-09-17T23:59:00+00:00,2012-09-17T23:59:00+00:00,NGV2@2012-09-26,-0.0034193753864568,0.0494850361629056
2012-09-18T00:00:00+00:00,2012-09-18T23:59:00+00:00,2012-09-18T23:59:00+00:00,NGV2@2012-09-26,0.0020686451209996,0.0609907053284725
2012-09-19T00:00:00+00:00,2012-09-19T23:59:00+00:00,2012-09-19T23:59:00+00:00,NGV2@2012-09-26,0.001930408340564,0.0535324323091575
2012-09-20T00:00:00+00:00,2012-09-20T23:59:00+00:00,2012-09-20T23:59:00+00:00,NGV2@2012-09-26,-0.0084111118418358,0.0622275881694382
2012-09-21T00:00:00+00:00,2012-09-23T23:54:13.927000+00:00,2012-09-23T23:54:13.927000+00:00,NGV2@2012-09-26,0.0195441724519829,0.0429120443271518
2012-09-24T00:00:00+00:00,2012-09-24T23:59:00+00:00,2012-09-24T23:59:00+00:00,NGV2@2012-09-26,-0.0232765861700169,0.0801708459604647
2012-09-25T00:00:00+00:00,2012-09-25T23:59:00+00:00,2012-09-25T23:59:00+00:00,NGX2@2012-10-29,-0.0153859170635095,0.0447734783778795
2012-09-26T00:00:00+00:00,2012-09-26T23:59:00+00:00,2012-09-26T23:59:00+00:00,NGX2@2012-10-29,-0.0495002820399519,0.0592487284009078
2012-09-27T00:00:00+00:00,2012-09-27T23:59:00+00:00,2012-09-27T23:59:00+00:00,NGX2@2012-10-29,-0.0605939682770932,0.0483871048969274
2012-09-28T00:00:00+00:00,2012-09-30T23:59:15.245000+00:00,2012-09-30T23:59:15.245000+00:00,NGX2@2012-10-29,-0.0284844698372612,0.0572365596059362
2012-10-01T00:00:00+00:00,2012-10-01T23:59:00+00:00,2012-10-01T23:59:00+00:00,NGX2@2012-10-29,-0.0355679794807423,0.0362988686746724
2012-10-02T00:00:00+00:00,2012-10-02T23:59:00+00:00,2012-10-02T23:59:00+00:00,NGX2@2012-10-29,-0.0205958174896457,0.0495648459004388
2012-10-03T00:00:00+00:00,2012-10-03T23:59:00+00:00,2012-10-03T23:59:00+00:00,NGX2@2012-10-29,-0.0239350509531588,0.0526811287904856
2012-10-04T00:00:00+00:00,2012-10-05T00:05:52.632000+00:00,2012-10-05T00:05:52.632000+00:00,NGX2@2012-10-29,-0.0174687755716876,0.0423395276699637
2012-10-05T00:00:00+00:00,2012-10-07T23:57:41.101000+00:00,2012-10-07T23:57:41.101000+00:00,NGX2@2012-10-29,-0.0284466062674354,0.0432520218726498
2012-10-08T00:00:00+00:00,2012-10-09T21:46:41.547000+00:00,2012-10-09T21:46:41.547000+00:00,NGX2@2012-10-29,-0.03430590155529,0.0365561909145779
2012-10-09T00:00:00+00:00,2012-10-09T23:59:00+00:00,2012-10-09T23:59:00+00:00,NGX2@2012-10-29,-0.0197342337805431,0.0861684081540021
2012-10-10T00:00:00+00:00,2012-10-11T21:49:58.510000+00:00,2012-10-11T21:49:58.510000+00:00,NGX2@2012-10-29,-0.0244050215139274,0.0345272329636453
2012-10-11T00:00:00+00:00,2012-10-12T00:09:33.687000+00:00,2012-10-12T00:09:33.687000+00:00,NGX2@2012-10-29,-0.0591796177780344,0.0670864593910288
2012-10-12T00:00:00+00:00,2012-10-14T23:25:00.188000+00:00,2012-10-14T23:25:00.188000+00:00,NGX2@2012-10-29,-0.015365148147566,0.0630883671948323
2012-10-15T00:00:00+00:00,2012-10-15T23:59:00+00:00,2012-10-15T23:59:00+00:00,NGX2@2012-10-29,0.0084402455330168,0.0467061381803068
2012-10-16T00:00:00+00:00,2012-10-16T23:59:00+00:00,2012-10-16T23:59:00+00:00,NGX2@2012-10-29,-0.0107834026712141,0.0374583081582568
2012-10-17T00:00:00+00:00,2012-10-17T23:59:00+00:00,2012-10-17T23:59:00+00:00,NGX2@2012-10-29,-0.006022625237353,0.053457764166069
2012-10-18T00:00:00+00:00,2012-10-18T23:59:00+00:00,2012-10-18T23:59:00+00:00,NGX2@2012-10-29,-0.045718145890088,0.0345247955620705
2012-10-19T00:00:00+00:00,2012-10-21T23:52:02.978000+00:00,2012-10-21T23:52:02.978000+00:00,NGX2@2012-10-29,-0.023049595170129,0.0478960209367128
2012-10-22T00:00:00+00:00,2012-10-22T23:59:00+00:00,2012-10-22T23:59:00+00:00,NGX2@2012-10-29,0.0118641825609429,0.0359675218892651
2012-10-23T00:00:00+00:00,2012-10-23T23:59:00+00:00,2012-10-23T23:59:00+00:00,NGX2@2012-10-29,0.0156750476164231,0.1508003598373854
2012-10-24T00:00:00+00:00,2012-10-24T23:59:00+00:00,2012-10-24T23:59:00+00:00,NGX2@2012-10-29,-0.0028144672412766,0.0424837640727183
2012-10-25T00:00:00+00:00,2012-10-25T23:59:00+00:00,2012-10-25T23:59:00+00:00,NGX2@2012-10-29,-0.0095590070637687,0.0343354747064472
2012-10-26T00:00:00+00:00,2012-10-28T23:11:41.376000+00:00,2012-10-28T23:11:41.376000+00:00,NGX2@2012-10-29,-0.0031819690689729,0.0600033441617219
2012-10-29T00:00:00+00:00,2012-10-29T23:59:00+00:00,2012-10-29T23:59:00+00:00,NGZ2@2012-11-28,-0.029176960602849,0.0641765058259868
2012-10-30T00:00:00+00:00,2012-10-30T23:59:00+00:00,2012-10-30T23:59:00+00:00,NGZ2@2012-11-28,-0.00483535135132,0.0627322306950024
2012-10-31T00:00:00+00:00,2012-10-31T23:59:00+00:00,2012-10-31T23:59:00+00:00,NGZ2@2012-11-28,-0.0001690326493699,0.0652248519728331
2012-11-01T00:00:00+00:00,2012-11-01T23:59:00+00:00,2012-11-01T23:59:00+00:00,NGZ2@2012-11-28,-0.0042107121474077,0.0405617149508729
2012-11-02T00:00:00+00:00,2012-11-04T23:46:23.028000+00:00,2012-11-04T23:46:23.028000+00:00,NGZ2@2012-11-28,0.0227031159273227,0.0351517846425015
2012-11-05T00:00:00+00:00,2012-11-06T22:46:32.717000+00:00,2012-11-06T22:46:32.717000+00:00,NGZ2@2012-11-28,0.0021067725884018,0.0297417950704001
2012-11-06T00:00:00+00:00,2012-11-06T23:59:00+00:00,2012-11-06T23:59:00+00:00,NGZ2@2012-11-28,-0.0281555219070092,0.0348066709525295
2012-11-07T00:00:00+00:00,2012-11-08T22:48:53.209000+00:00,2012-11-08T22:48:53.209000+00:00,NGZ2@2012-11-28,-1.9125903648942177e-05,0.0435669503717427
2012-11-08T00:00:00+00:00,2012-11-08T23:59:00+00:00,2012-11-08T23:59:00+00:00,NGZ2@2012-11-28,-0.0261530145629201,0.040926773900109
2012-11-09T00:00:00+00:00,2012-11-11T23:25:06.334000+00:00,2012-11-11T23:25:06.334000+00:00,NGZ2@2012-11-28,0.0124789253217445,0.0320900248610265
2012-11-12T00:00:00+00:00,2012-11-13T22:46:08.367000+00:00,2012-11-13T22:46:08.367000+00:00,NGZ2@2012-11-28,-0.0136935294578076,0.0345541612945333
2012-11-13T00:00:00+00:00,2012-11-14T22:46:35.805000+00:00,2012-11-14T22:46:35.805000+00:00,NGZ2@2012-11-28,-0.0559948885192145,0.0363794517668186
2012-11-14T00:00:00+00:00,2012-11-15T22:48:10.850000+00:00,2012-11-15T22:48:10.850000+00:00,NGZ2@2012-11-28,-0.0345013268450472,0.04855603613752
2012-11-15T00:00:00+00:00,2012-11-16T01:41:16.782000+00:00,2012-11-16T01:41:16.782000+00:00,NGZ2@2012-11-28,-0.0052905832899028,0.0800170518200973
2012-11-16T00:00:00+00:00,2012-11-18T23:48:33.153000+00:00,2012-11-18T23:48:33.153000+00:00,NGZ2@2012-11-28,0.0070592039245089,0.0999726449386983
2012-11-19T00:00:00+00:00,2012-11-19T23:59:00+00:00,2012-11-19T23:59:00+00:00,NGZ2@2012-11-28,0.0220339413663543,0.0766319653413358
2012-11-20T00:00:00+00:00,2012-11-21T00:01:51.363000+00:00,2012-11-21T00:01:51.363000+00:00,NGZ2@2012-11-28,0.0048784539122945,0.0966516450463465
2012-11-23T00:00:00+00:00,2012-11-25T23:47:46.351000+00:00,2012-11-25T23:47:46.351000+00:00,NGZ2@2012-11-28,0.0080734174579037,0.0187150933164075
2012-11-26T00:00:00+00:00,2012-11-27T23:34:16.887000+00:00,2012-11-27T23:34:16.887000+00:00,NGZ2@2012-11-28,0.0343743592612066,0.1048946915243121
2012-11-27T00:00:00+00:00,2012-11-27T23:59:00+00:00,2012-11-27T23:59:00+00:00,NGZ2@2012-11-28,-0.0064255847763907,0.0507254029939711
2012-11-28T00:00:00+00:00,2012-11-28T23:59:00+00:00,2012-11-28T23:59:00+00:00,NGF3@2012-12-27,-0.0316228281978054,0.0402823902060878
2012-11-29T00:00:00+00:00,2012-11-30T00:41:55.645000+00:00,2012-11-30T00:41:55.645000+00:00,NGF3@2012-12-27,0.0026215853756421,0.0373087190601923
2012-11-30T00:00:00+00:00,2012-12-02T23:40:05.675000+00:00,2012-12-02T23:40:05.675000+00:00,NGF3@2012-12-27,-0.0044053733582327,0.0591623629680477
2012-12-03T00:00:00+00:00,2012-12-04T23:42:31.706000+00:00,2012-12-04T23:42:31.706000+00:00,NGF3@2012-12-27,-0.0182288439279784,0.0350458786564914
2012-12-04T00:00:00+00:00,2012-12-04T23:59:00+00:00,2012-12-04T23:59:00+00:00,NGF3@2012-12-27,-0.021147151251097,0.0407295049847783
2012-12-05T00:00:00+00:00,2012-12-05T23:59:00+00:00,2012-12-05T23:59:00+00:00,NGF3@2012-12-27,-0.0269146254022089,0.0548987912706771
2012-12-06T00:00:00+00:00,2012-12-06T23:59:00+00:00,2012-12-06T23:59:00+00:00,NGF3@2012-12-27,0.0076312987479474,0.055382730664617
2012-12-07T00:00:00+00:00,2012-12-09T23:32:06.873000+00:00,2012-12-09T23:32:06.873000+00:00,NGF3@2012-12-27,0.015089193755716,0.054715483413933
2012-12-10T00:00:00+00:00,2012-12-10T23:59:00+00:00,2012-12-10T23:59:00+00:00,NGF3@2012-12-27,-0.0154483227966131,0.0424410094325118
2012-12-11T00:00:00+00:00,2012-12-12T23:51:04.213000+00:00,2012-12-12T23:51:04.213000+00:00,NGF3@2012-12-27,-0.0082126013819116,0.056026204352701
2012-12-12T00:00:00+00:00,2012-12-13T23:37:36.474000+00:00,2012-12-13T23:37:36.474000+00:00,NGF3@2012-12-27,-0.0070277707039519,0.0535472678857278
2012-12-13T00:00:00+00:00,2012-12-13T23:59:00+00:00,2012-12-13T23:59:00+00:00,NGF3@2012-12-27,0.0030384952184083,0.0482603627270675
2012-12-14T00:00:00+00:00,2012-12-16T23:49:10.919000+00:00,2012-12-16T23:49:10.919000+00:00,NGF3@2012-12-27,0.0308764027048253,0.0501910075725712
2012-12-17T00:00:00+00:00,2012-12-17T23:59:00+00:00,2012-12-17T23:59:00+00:00,NGF3@2012-12-27,-0.0106686233798271,0.0344066967077662
2012-12-18T00:00:00+00:00,2012-12-18T23:59:00+00:00,2012-12-18T23:59:00+00:00,NGF3@2012-12-27,0.0140111060744896,0.0468495322793827
2012-12-19T00:00:00+00:00,2012-12-19T23:59:00+00:00,2012-12-19T23:59:00+00:00,NGF3@2012-12-27,-0.0025933545369367,0.0452538235829426
2012-12-20T00:00:00+00:00,2012-12-20T23:59:00+00:00,2012-12-20T23:59:00+00:00,NGF3@2012-12-27,-0.0036573713225436,0.0654892425316606
2012-12-21T00:00:00+00:00,2012-12-23T23:56:17.502000+00:00,2012-12-23T23:56:17.502000+00:00,NGF3@2012-12-27,-0.015109321029508,0.059848738339539
2012-12-26T00:00:00+00:00,2012-12-27T23:28:27+00:00,2012-12-27T23:28:27+00:00,NGF3@2012-12-27,-0.0033666541846038,0.033046906828987
2013-01-02T00:00:00+00:00,2013-01-03T23:09:02.991000+00:00,2013-01-03T23:09:02.991000+00:00,NGG3@2013-01-29,-0.0101041897002843,0.0552525291855589
2013-01-03T00:00:00+00:00,2013-01-04T00:33:02.592000+00:00,2013-01-04T00:33:02.592000+00:00,NGG3@2013-01-29,-0.0148510017418875,0.0455200560321056
2013-01-04T00:00:00+00:00,2013-01-06T23:58:08.578000+00:00,2013-01-06T23:58:08.578000+00:00,NGG3@2013-01-29,-0.0060173394654621,0.0486346321744643
2013-01-07T00:00:00+00:00,2013-01-07T23:59:00+00:00,2013-01-07T23:59:00+00:00,NGG3@2013-01-29,0.0058266650805498,0.0529993697316531
2013-01-08T00:00:00+00:00,2013-01-09T23:30:14.672000+00:00,2013-01-09T23:30:14.672000+00:00,NGG3@2013-01-29,0.0397101471355179,0.0597459024103821
2013-01-09T00:00:00+00:00,2013-01-09T23:59:00+00:00,2013-01-09T23:59:00+00:00,NGG3@2013-01-29,0.0089700539754427,0.0602946033032796
2013-01-10T00:00:00+00:00,2013-01-10T23:59:58.904000+00:00,2013-01-10T23:59:58.904000+00:00,NGG3@2013-01-29,0.025487755175521,0.0524277376351798
2013-01-11T00:00:00+00:00,2013-01-13T23:51:58.746000+00:00,2013-01-13T23:51:58.746000+00:00,NGG3@2013-01-29,0.0285614988296605,0.060570229258553
2013-01-14T00:00:00+00:00,2013-01-14T23:59:00+00:00,2013-01-14T23:59:00+00:00,NGG3@2013-01-29,-0.00982006877458,0.0417514582140069
2013-01-15T00:00:00+00:00,2013-01-16T23:32:52.494000+00:00,2013-01-16T23:32:52.494000+00:00,NGG3@2013-01-29,-0.0131482936656256,0.0469297283231363
2013-01-16T00:00:00+00:00,2013-01-16T23:59:00+00:00,2013-01-16T23:59:00+00:00,NGG3@2013-01-29,-0.0118727776920355,0.046601507614504
2013-01-17T00:00:00+00:00,2013-01-17T23:59:00+00:00,2013-01-17T23:59:00+00:00,NGG3@2013-01-29,-0.0076979731309017,0.0489824948710497
2013-01-18T00:00:00+00:00,2013-01-20T19:02:49.523000+00:00,2013-01-20T19:02:49.523000+00:00,NGG3@2013-01-29,-0.016673909709058,0.0502635545260168
2013-01-22T00:00:00+00:00,2013-01-23T23:48:34.776000+00:00,2013-01-23T23:48:34.776000+00:00,NGG3@2013-01-29,-0.0201113938617438,0.0386809768463049
2013-01-23T00:00:00+00:00,2013-01-23T23:59:00+00:00,2013-01-23T23:59:00+00:00,NGG3@2013-01-29,-0.0163524334247295,0.044293436970744
2013-01-24T00:00:00+00:00,2013-01-25T00:01:01.823000+00:00,2013-01-25T00:01:01.823000+00:00,NGG3@2013-01-29,0.0074218780897172,0.0566437577525418
2013-01-25T00:00:00+00:00,2013-01-27T23:58:17.895000+00:00,2013-01-27T23:58:17.895000+00:00,NGG3@2013-01-29,0.0155356674305067,0.043227191587318
2013-01-28T00:00:00+00:00,2013-01-28T23:59:00+00:00,2013-01-28T23:59:00+00:00,NGG3@2013-01-29,0.0122917695213422,0.073966498031733
2013-01-29T00:00:00+00:00,2013-01-30T23:38:55.624000+00:00,2013-01-30T23:38:55.624000+00:00,NGH3@2013-02-26,0.0146384730058557,0.0904423056864271
2013-01-30T00:00:00+00:00,2013-01-31T23:30:48.748000+00:00,2013-01-31T23:30:48.748000+00:00,NGH3@2013-02-26,-0.0327604516537602,0.0729618672125353
2013-01-31T00:00:00+00:00,2013-01-31T23:59:00+00:00,2013-01-31T23:59:00+00:00,NGH3@2013-02-26,-0.0046390127188892,0.0487830664707004
2013-02-01T00:00:00+00:00,2013-02-03T23:57:53.975000+00:00,2013-02-03T23:57:53.975000+00:00,NGH3@2013-02-26,0.0108306967894622,0.0596737024570492
2013-02-04T00:00:00+00:00,2013-02-05T23:36:56.189000+00:00,2013-02-05T23:36:56.189000+00:00,NGH3@2013-02-26,-0.0084010917503196,0.0423939020426065
2013-02-05T00:00:00+00:00,2013-02-05T23:59:00+00:00,2013-02-05T23:59:00+00:00,NGH3@2013-02-26,-0.0183066597397202,0.0389996516645355
2013-02-06T00:00:00+00:00,2013-02-06T23:59:00+00:00,2013-02-06T23:59:00+00:00,NGH3@2013-02-26,-0.0148175115989849,0.0436210410668363
2013-02-07T00:00:00+00:00,2013-02-08T00:27:28.693000+00:00,2013-02-08T00:27:28.693000+00:00,NGH3@2013-02-26,0.0155586575649662,0.0486957620820279
2013-02-08T00:00:00+00:00,2013-02-10T23:48:16.611000+00:00,2013-02-10T23:48:16.611000+00:00,NGH3@2013-02-26,0.0368959910293098,0.0743781208736268
2013-02-11T00:00:00+00:00,2013-02-11T23:59:00+00:00,2013-02-11T23:59:00+00:00,NGH3@2013-02-26,-0.0051061794465531,0.093986388213155
2013-02-12T00:00:00+00:00,2013-02-12T23:59:00+00:00,2013-02-12T23:59:00+00:00,NGH3@2013-02-26,0.0077588179813143,0.0651959094501607
2013-02-13T00:00:00+00:00,2013-02-14T23:52:23.645000+00:00,2013-02-14T23:52:23.645000+00:00,NGH3@2013-02-26,0.00335369474348,0.0567165928632788
2013-02-14T00:00:00+00:00,2013-02-15T00:56:08.014000+00:00,2013-02-15T00:56:08.014000+00:00,NGH3@2013-02-26,0.000902411237279,0.0523468341388022
2013-02-15T00:00:00+00:00,2013-02-17T19:02:47.252000+00:00,2013-02-17T19:02:47.252000+00:00,NGH3@2013-02-26,0.0174270819590596,0.0720618456120652
2013-02-19T00:00:00+00:00,2013-02-20T23:22:18.675000+00:00,2013-02-20T23:22:18.675000+00:00,NGH3@2013-02-26,0.0080368137622017,0.0578457702011626
2013-02-20T00:00:00+00:00,2013-02-20T23:59:00+00:00,2013-02-20T23:59:00+00:00,NGH3@2013-02-26,0.0120553075265024,0.0512578078491248
2013-02-21T00:00:00+00:00,2013-02-22T00:12:37.393000+00:00,2013-02-22T00:12:37.393000+00:00,NGH3@2013-02-26,-0.0122688405307723,0.0716704645274597
2013-02-22T00:00:00+00:00,2013-02-24T23:47:57.633000+00:00,2013-02-24T23:47:57.633000+00:00,NGH3@2013-02-26,-0.0072566219884105,0.054536212203849
2013-02-25T00:00:00+00:00,2013-02-26T23:32:22.520000+00:00,2013-02-26T23:32:22.520000+00:00,NGH3@2013-02-26,-0.0387151557144218,0.037068498931205
2013-02-27T00:00:00+00:00,2013-02-28T23:32:43.746000+00:00,2013-02-28T23:32:43.746000+00:00,NGJ3@2013-03-26,-0.0072719672159271,0.0533813550200996
2013-02-28T00:00:00+00:00,2013-02-28T23:59:00+00:00,2013-02-28T23:59:00+00:00,NGJ3@2013-03-26,-0.0317133664742971,0.0456189028950793
2013-03-01T00:00:00+00:00,2013-03-03T23:56:52.986000+00:00,2013-03-03T23:56:52.986000+00:00,NGJ3@2013-03-26,0.003125568345792,0.04793570909886
2013-03-04T00:00:00+00:00,2013-03-05T23:13:21.393000+00:00,2013-03-05T23:13:21.393000+00:00,NGJ3@2013-03-26,-0.0381488843225933,0.0376556306891881
2013-03-05T00:00:00+00:00,2013-03-06T23:59:47.639000+00:00,2013-03-06T23:59:47.639000+00:00,NGJ3@2013-03-26,-0.0035261310639111,0.0727418265557918
2013-03-06T00:00:00+00:00,2013-03-07T23:21:58.084000+00:00,2013-03-07T23:21:58.084000+00:00,NGJ3@2013-03-26,-0.0018533158652014,0.0360512616890135
2013-03-07T00:00:00+00:00,2013-03-08T00:03:07.294000+00:00,2013-03-08T00:03:07.294000+00:00,NGJ3@2013-03-26,-0.0346887512804077,0.0624635354175855
2013-03-08T00:00:00+00:00,2013-03-10T23:11:38.512000+00:00,2013-03-10T23:11:38.512000+00:00,NGJ3@2013-03-26,-0.0166121102853064,0.0367392898921671
2013-03-11T00:00:00+00:00,2013-03-11T23:59:00+00:00,2013-03-11T23:59:00+00:00,NGJ3@2013-03-26,-0.0219338499856497,0.0529118806686965
2013-03-12T00:00:00+00:00,2013-03-12T23:59:00+00:00,2013-03-12T23:59:00+00:00,NGJ3@2013-03-26,-0.0149599069548662,0.0452088037951817
2013-03-13T00:00:00+00:00,2013-03-13T23:59:00+00:00,2013-03-13T23:59:00+00:00,NGJ3@2013-03-26,-0.0092816638972427,0.1063819427448804
2013-03-14T00:00:00+00:00,2013-03-14T23:59:00+00:00,2013-03-14T23:59:00+00:00,NGJ3@2013-03-26,-0.0373569412908022,0.0636667153085341
2013-03-15T00:00:00+00:00,2013-03-17T23:55:30.619000+00:00,2013-03-17T23:55:30.619000+00:00,NGJ3@2013-03-26,-0.0256588919554147,0.0650742583667472
2013-03-18T00:00:00+00:00,2013-03-18T23:59:00+00:00,2013-03-18T23:59:00+00:00,NGJ3@2013-03-26,-0.0367854378887058,0.0980873697811795
2013-03-19T00:00:00+00:00,2013-03-19T23:59:00+00:00,2013-03-19T23:59:00+00:00,NGJ3@2013-03-26,-0.0329979888369684,0.0407084995487153
2013-03-20T00:00:00+00:00,2013-03-20T23:59:00+00:00,2013-03-20T23:59:00+00:00,NGJ3@2013-03-26,-0.0233431448079673,0.0270015517960963
2013-03-21T00:00:00+00:00,2013-03-21T23:59:00+00:00,2013-03-21T23:59:00+00:00,NGJ3@2013-03-26,-0.0193562068644134,0.037596124759822
2013-03-22T00:00:00+00:00,2013-03-24T23:56:03.720000+00:00,2013-03-24T23:56:03.720000+00:00,NGJ3@2013-03-26,-0.0303723497804966,0.0364756808233709
2013-03-25T00:00:00+00:00,2013-03-25T23:59:00+00:00,2013-03-25T23:59:00+00:00,NGJ3@2013-03-26,0.0031320019901877,0.041741302155093
2013-03-26T00:00:00+00:00,2013-03-26T23:59:00+00:00,2013-03-26T23:59:00+00:00,NGK3@2013-04-26,-0.0272119942826388,0.0812223545468035
2013-03-27T00:00:00+00:00,2013-03-27T23:59:00+00:00,2013-03-27T23:59:00+00:00,NGK3@2013-04-26,-0.0394393846192003,0.0258725305228075
2013-04-01T00:00:00+00:00,2013-04-01T23:59:00+00:00,2013-04-01T23:59:00+00:00,NGK3@2013-04-26,-0.0519443005101776,0.0395220461965021
2013-04-02T00:00:00+00:00,2013-04-02T23:59:00+00:00,2013-04-02T23:59:00+00:00,NGK3@2013-04-26,-0.030802624780427,0.0351100897639052
2013-04-03T00:00:00+00:00,2013-04-03T23:59:00+00:00,2013-04-03T23:59:00+00:00,NGK3@2013-04-26,-0.0323855350148479,0.0406944279774243
2013-04-04T00:00:00+00:00,2013-04-04T23:59:00+00:00,2013-04-04T23:59:00+00:00,NGK3@2013-04-26,-0.0099068083643701,0.0443938651206732
2013-04-05T00:00:00+00:00,2013-04-07T23:50:24.352000+00:00,2013-04-07T23:50:24.352000+00:00,NGK3@2013-04-26,-0.0025033234225059,0.0362395088175524
2013-04-08T00:00:00+00:00,2013-04-08T23:59:00+00:00,2013-04-08T23:59:00+00:00,NGK3@2013-04-26,0.0009434624635886,0.0254038097698078
2013-04-09T00:00:00+00:00,2013-04-10T22:39:50.202000+00:00,2013-04-10T22:39:50.202000+00:00,NGK3@2013-04-26,-0.0075140718429808,0.024566397307411
2013-04-10T00:00:00+00:00,2013-04-10T23:59:00+00:00,2013-04-10T23:59:00+00:00,NGK3@2013-04-26,-0.0246511405916947,0.0371222664464841
2013-04-11T00:00:00+00:00,2013-04-11T23:59:00+00:00,2013-04-11T23:59:00+00:00,NGK3@2013-04-26,0.0080300976416307,0.0421127730500912
2013-04-12T00:00:00+00:00,2013-04-14T23:35:43.228000+00:00,2013-04-14T23:35:43.228000+00:00,NGK3@2013-04-26,-0.00215444430499,0.0226177520035578
2013-04-15T00:00:00+00:00,2013-04-15T23:59:00+00:00,2013-04-15T23:59:00+00:00,NGK3@2013-04-26,0.0223218703246834,0.0225629307018912
2013-04-16T00:00:00+00:00,2013-04-16T23:59:00+00:00,2013-04-16T23:59:00+00:00,NGK3@2013-04-26,0.0006200266248397,0.0237405072641736
2013-04-17T00:00:00+00:00,2013-04-17T23:59:00+00:00,2013-04-17T23:59:00+00:00,NGK3@2013-04-26,-0.0123442111124519,0.0204756742215338
2013-04-18T00:00:00+00:00,2013-04-18T23:59:00+00:00,2013-04-18T23:59:00+00:00,NGK3@2013-04-26,-0.0109747057196935,0.024333843060678
2013-04-19T00:00:00+00:00,2013-04-21T23:59:58.306000+00:00,2013-04-21T23:59:58.306000+00:00,NGK3@2013-04-26,-0.0263477049238695,0.0200896966652792
2013-04-22T00:00:00+00:00,2013-04-22T23:59:00+00:00,2013-04-22T23:59:00+00:00,NGK3@2013-04-26,0.004550239027687,0.0325421928768036
2013-04-23T00:00:00+00:00,2013-04-23T23:59:00+00:00,2013-04-23T23:59:00+00:00,NGK3@2013-04-26,0.0132900189292752,0.0328934141882098
2013-04-24T00:00:00+00:00,2013-04-24T23:59:00+00:00,2013-04-24T23:59:00+00:00,NGM3@2013-05-29,-0.0178497696465999,0.022669567222215
2013-04-25T00:00:00+00:00,2013-04-25T23:59:00+00:00,2013-04-25T23:59:00+00:00,NGM3@2013-05-29,-0.0147431577711166,0.0301938840865633
2013-04-26T00:00:00+00:00,2013-04-28T23:40:36.933000+00:00,2013-04-28T23:40:36.933000+00:00,NGM3@2013-05-29,-0.0407564096756125,0.02653147541197
2013-04-29T00:00:00+00:00,2013-04-29T23:59:00+00:00,2013-04-29T23:59:00+00:00,NGM3@2013-05-29,-0.0158638453374714,0.0324640099860761
2013-04-30T00:00:00+00:00,2013-04-30T23:59:00+00:00,2013-04-30T23:59:00+00:00,NGM3@2013-05-29,-0.0173918977773828,0.0425909107705592
2013-05-01T00:00:00+00:00,2013-05-01T23:59:00+00:00,2013-05-01T23:59:00+00:00,NGM3@2013-05-29,-0.0048934521017595,0.0322835884668874
2013-05-02T00:00:00+00:00,2013-05-02T23:59:00+00:00,2013-05-02T23:59:00+00:00,NGM3@2013-05-29,0.0171984422622826,0.052677467004464
2013-05-03T00:00:00+00:00,2013-05-05T23:19:59.510000+00:00,2013-05-05T23:19:59.510000+00:00,NGM3@2013-05-29,0.008951887561915,0.0457094075766861
2013-05-06T00:00:00+00:00,2013-05-06T23:59:00+00:00,2013-05-06T23:59:00+00:00,NGM3@2013-05-29,0.0249657716923104,0.0184453083183579
2013-05-07T00:00:00+00:00,2013-05-07T23:59:00+00:00,2013-05-07T23:59:00+00:00,NGM3@2013-05-29,0.0079039779842877,0.0686914217276651
2013-05-08T00:00:00+00:00,2013-05-08T23:59:00+00:00,2013-05-08T23:59:00+00:00,NGM3@2013-05-29,0.0052498525099409,0.0234689560688472
2013-05-09T00:00:00+00:00,2013-05-09T23:59:00+00:00,2013-05-09T23:59:00+00:00,NGM3@2013-05-29,0.0094064526853308,0.025207022800759
2013-05-10T00:00:00+00:00,2013-05-12T23:55:30.915000+00:00,2013-05-12T23:55:30.915000+00:00,NGM3@2013-05-29,0.0435789297204936,0.0355965590153565
2013-05-13T00:00:00+00:00,2013-05-13T23:59:00+00:00,2013-05-13T23:59:00+00:00,NGM3@2013-05-29,-0.0124519799095552,0.0665121910718417
2013-05-14T00:00:00+00:00,2013-05-14T23:59:00+00:00,2013-05-14T23:59:00+00:00,NGM3@2013-05-29,-0.0119562182210892,0.0483758166484197
2013-05-15T00:00:00+00:00,2013-05-15T23:59:00+00:00,2013-05-15T23:59:00+00:00,NGM3@2013-05-29,-0.0122085279791255,0.0310605161481414
2013-05-16T00:00:00+00:00,2013-05-16T23:59:00+00:00,2013-05-16T23:59:00+00:00,NGM3@2013-05-29,-0.000203357893427,0.0658968220586362
2013-05-17T00:00:00+00:00,2013-05-19T23:40:45.823000+00:00,2013-05-19T23:40:45.823000+00:00,NGM3@2013-05-29,-0.0385234385302878,0.05654268748893
2013-05-20T00:00:00+00:00,2013-05-20T23:59:00+00:00,2013-05-20T23:59:00+00:00,NGM3@2013-05-29,-0.0150170236614992,0.0241184513947717
2013-05-21T00:00:00+00:00,2013-05-21T23:59:00+00:00,2013-05-21T23:59:00+00:00,NGM3@2013-05-29,-0.0322831188618895,0.0168427196846998
2013-05-22T00:00:00+00:00,2013-05-22T23:59:00+00:00,2013-05-22T23:59:00+00:00,NGM3@2013-05-29,-0.0213295454174926,0.0202818983584294
2013-05-23T00:00:00+00:00,2013-05-23T23:59:00+00:00,2013-05-23T23:59:00+00:00,NGM3@2013-05-29,-0.0235813771294297,0.0154966495456766
2013-05-24T00:00:00+00:00,2013-05-26T18:02:24.749000+00:00,2013-05-26T18:02:24.749000+00:00,NGM3@2013-05-29,-0.0026367633737378,0.0160512217350715
2013-05-28T00:00:00+00:00,2013-05-28T23:59:00+00:00,2013-05-28T23:59:00+00:00,NGM3@2013-05-29,0.0030789517302793,0.0206106105295084
2013-05-29T00:00:00+00:00,2013-05-29T23:59:00+00:00,2013-05-29T23:59:00+00:00,NGN3@2013-06-26,0.0011639346833938,0.028821026057927
2013-05-30T00:00:00+00:00,2013-05-30T23:59:00+00:00,2013-05-30T23:59:00+00:00,NGN3@2013-06-26,-0.002018772748362,0.0639513906729648
2013-05-31T00:00:00+00:00,2013-06-02T23:19:08.128000+00:00,2013-06-02T23:19:08.128000+00:00,NGN3@2013-06-26,-0.0036554022886452,0.0319613184487134
2013-06-03T00:00:00+00:00,2013-06-03T23:59:00+00:00,2013-06-03T23:59:00+00:00,NGN3@2013-06-26,0.0277283645210832,0.0242430066305493
2013-06-04T00:00:00+00:00,2013-06-04T23:59:00+00:00,2013-06-04T23:59:00+00:00,NGN3@2013-06-26,0.0077328183971607,0.0526860875053988
2013-06-05T00:00:00+00:00,2013-06-05T23:59:00+00:00,2013-06-05T23:59:00+00:00,NGN3@2013-06-26,0.0101880495149193,0.0374413801187988
2013-06-06T00:00:00+00:00,2013-06-06T23:59:00+00:00,2013-06-06T23:59:00+00:00,NGN3@2013-06-26,0.0349421493681825,0.0604769975429919
2013-06-07T00:00:00+00:00,2013-06-09T23:27:07.624000+00:00,2013-06-09T23:27:07.624000+00:00,NGN3@2013-06-26,0.0144245303366279,0.0235774334332034
2013-06-10T00:00:00+00:00,2013-06-10T23:59:00+00:00,2013-06-10T23:59:00+00:00,NGN3@2013-06-26,0.0196904215631605,0.0353104077311004
2013-06-11T00:00:00+00:00,2013-06-11T23:59:00+00:00,2013-06-11T23:59:00+00:00,NGN3@2013-06-26,0.013429369025161,0.0634518244860951
2013-06-12T00:00:00+00:00,2013-06-12T23:59:00+00:00,2013-06-12T23:59:00+00:00,NGN3@2013-06-26,-0.0094578756912454,0.0383383407694093
2013-06-13T00:00:00+00:00,2013-06-13T23:59:00+00:00,2013-06-13T23:59:00+00:00,NGN3@2013-06-26,-0.0089216737657128,0.073829953092593
2013-06-14T00:00:00+00:00,2013-06-16T23:59:26.097000+00:00,2013-06-16T23:59:26.097000+00:00,NGN3@2013-06-26,0.0126565966244227,0.0865133719818887
2013-06-17T00:00:00+00:00,2013-06-17T23:59:00+00:00,2013-06-17T23:59:00+00:00,NGN3@2013-06-26,0.011996161576844,0.0483443518061708
2013-06-18T00:00:00+00:00,2013-06-18T23:59:00+00:00,2013-06-18T23:59:00+00:00,NGN3@2013-06-26,0.0005201229016453,0.06486289917554
2013-06-19T00:00:00+00:00,2013-06-19T23:59:00+00:00,2013-06-19T23:59:00+00:00,NGN3@2013-06-26,-0.0163203286461522,0.0536518362168265
2013-06-20T00:00:00+00:00,2013-06-20T23:59:00+00:00,2013-06-20T23:59:00+00:00,NGN3@2013-06-26,-0.0178958390110223,0.0468783908420138
2013-06-21T00:00:00+00:00,2013-06-23T23:59:40.023000+00:00,2013-06-23T23:59:40.023000+00:00,NGN3@2013-06-26,-0.0024978105621698,0.0848219029572118
2013-06-24T00:00:00+00:00,2013-06-24T23:59:00+00:00,2013-06-24T23:59:00+00:00,NGN3@2013-06-26,-0.0105806329781785,0.0347583281792897
2013-06-25T00:00:00+00:00,2013-06-25T23:59:00+00:00,2013-06-25T23:59:00+00:00,NGQ3@2013-07-29,-0.0016190885136216,0.0407764482524098
2013-06-26T00:00:00+00:00,2013-06-26T23:59:00+00:00,2013-06-26T23:59:00+00:00,NGQ3@2013-07-29,-0.0058415327689557,0.0578296446047599
2013-06-27T00:00:00+00:00,2013-06-27T23:59:00+00:00,2013-06-27T23:59:00+00:00,NGQ3@2013-07-29,0.0207443556526216,0.0425037479799661
2013-06-28T00:00:00+00:00,2013-06-30T23:22:55.045000+00:00,2013-06-30T23:22:55.045000+00:00,NGQ3@2013-07-29,0.0160804129154978,0.0467863366367171
2013-07-01T00:00:00+00:00,2013-07-01T23:59:00+00:00,2013-07-01T23:59:00+00:00,NGQ3@2013-07-29,0.0033074781984465,0.0310593901651507
2013-07-02T00:00:00+00:00,2013-07-02T23:59:00+00:00,2013-07-02T23:59:00+00:00,NGQ3@2013-07-29,0.0006298132932902,0.0333517626986477
2013-07-05T00:00:00+00:00,2013-07-07T23:49:08.264000+00:00,2013-07-07T23:49:08.264000+00:00,NGQ3@2013-07-29,0.0168967326043059,0.0209920972750331
2013-07-08T00:00:00+00:00,2013-07-08T23:59:00+00:00,2013-07-08T23:59:00+00:00,NGQ3@2013-07-29,-0.0092625073938561,0.0337819605065672
2013-07-09T00:00:00+00:00,2013-07-09T23:59:00+00:00,2013-07-09T23:59:00+00:00,NGQ3@2013-07-29,-0.0010202763603667,0.0385061351281915
2013-07-10T00:00:00+00:00,2013-07-10T23:59:00+00:00,2013-07-10T23:59:00+00:00,NGQ3@2013-07-29,0.0119705299373265,0.0377700964348787
2013-07-11T00:00:00+00:00,2013-07-11T23:59:00+00:00,2013-07-11T23:59:00+00:00,NGQ3@2013-07-29,0.0109725966946376,0.0388188255100773
2013-07-12T00:00:00+00:00,2013-07-14T22:25:04.383000+00:00,2013-07-14T22:25:04.383000+00:00,NGQ3@2013-07-29,0.0034462568983804,0.0274357463160037
2013-07-15T00:00:00+00:00,2013-07-15T23:59:00+00:00,2013-07-15T23:59:00+00:00,NGQ3@2013-07-29,-0.0225965833417546,0.031874754975469
2013-07-16T00:00:00+00:00,2013-07-16T23:59:00+00:00,2013-07-16T23:59:00+00:00,NGQ3@2013-07-29,0.0075605157834366,0.0356395188299657
2013-07-17T00:00:00+00:00,2013-07-18T22:09:28.651000+00:00,2013-07-18T22:09:28.651000+00:00,NGQ3@2013-07-29,0.005887457316779,0.0298701591713422
2013-07-18T00:00:00+00:00,2013-07-18T23:59:00+00:00,2013-07-18T23:59:00+00:00,NGQ3@2013-07-29,-0.026882067111755,0.0487646634002349
2013-07-19T00:00:00+00:00,2013-07-21T23:03:06.520000+00:00,2013-07-21T23:03:06.520000+00:00,NGQ3@2013-07-29,0.0047127099797126,0.0380418939825648
2013-07-22T00:00:00+00:00,2013-07-22T23:59:00+00:00,2013-07-22T23:59:00+00:00,NGQ3@2013-07-29,-0.0123341071319785,0.0259697003622833
2013-07-23T00:00:00+00:00,2013-07-23T23:59:00+00:00,2013-07-23T23:59:00+00:00,NGQ3@2013-07-29,-0.0130979957273754,0.0332173329575771
2013-07-24T00:00:00+00:00,2013-07-24T23:59:00+00:00,2013-07-24T23:59:00+00:00,NGQ3@2013-07-29,-0.0090244924880669,0.0290156310944624
2013-07-25T00:00:00+00:00,2013-07-25T23:59:00+00:00,2013-07-25T23:59:00+00:00,NGQ3@2013-07-29,0.0066523502243134,0.0692543850060158
2013-07-26T00:00:00+00:00,2013-07-28T23:40:59.176000+00:00,2013-07-28T23:40:59.176000+00:00,NGQ3@2013-07-29,0.000684913405879,0.0304988208330223
2013-07-29T00:00:00+00:00,2013-07-29T23:59:00+00:00,2013-07-29T23:59:00+00:00,NGU3@2013-08-28,-0.009379220229608,0.0335974273858247
2013-07-30T00:00:00+00:00,2013-07-30T23:59:00+00:00,2013-07-30T23:59:00+00:00,NGU3@2013-08-28,0.0099927538232293,0.0409676829512877
2013-07-31T00:00:00+00:00,2013-07-31T23:59:00+00:00,2013-07-31T23:59:00+00:00,NGU3@2013-08-28,0.0215676270817228,0.0452501972689596
2013-08-01T00:00:00+00:00,2013-08-01T23:59:00+00:00,2013-08-01T23:59:00+00:00,NGU3@2013-08-28,0.0209972503698288,0.0346884193262123
2013-08-02T00:00:00+00:00,2013-08-04T22:39:49.173000+00:00,2013-08-04T22:39:49.173000+00:00,NGU3@2013-08-28,0.0189883533803776,0.0503566490299162
2013-08-05T00:00:00+00:00,2013-08-05T23:59:00+00:00,2013-08-05T23:59:00+00:00,NGU3@2013-08-28,-0.0042348851954195,0.0315185923875721
2013-08-06T00:00:00+00:00,2013-08-06T23:59:00+00:00,2013-08-06T23:59:00+00:00,NGU3@2013-08-28,0.0030587273049245,0.0318205953548819
2013-08-07T00:00:00+00:00,2013-08-07T23:59:00+00:00,2013-08-07T23:59:00+00:00,NGU3@2013-08-28,0.0207344703757013,0.0497679032567633
2013-08-08T00:00:00+00:00,2013-08-08T23:59:00+00:00,2013-08-08T23:59:00+00:00,NGU3@2013-08-28,-0.002252655167219,0.0375360205576483
2013-08-09T00:00:00+00:00,2013-08-11T23:59:39.504000+00:00,2013-08-11T23:59:39.504000+00:00,NGU3@2013-08-28,0.030581242778044,0.038085089064845
2013-08-12T00:00:00+00:00,2013-08-12T23:59:00+00:00,2013-08-12T23:59:00+00:00,NGU3@2013-08-28,0.0082992705929814,0.0201530006805383
2013-08-13T00:00:00+00:00,2013-08-13T23:59:00+00:00,2013-08-13T23:59:00+00:00,NGU3@2013-08-28,0.0121231478031709,0.0307872895942958
2013-08-14T00:00:00+00:00,2013-08-14T23:59:00+00:00,2013-08-14T23:59:00+00:00,NGU3@2013-08-28,-0.0089083558450999,0.0461109510136249
2013-08-15T00:00:00+00:00,2013-08-15T23:59:00+00:00,2013-08-15T23:59:00+00:00,NGU3@2013-08-28,-0.0195194392604086,0.0315365859579698
2013-08-16T00:00:00+00:00,2013-08-18T22:50:16.764000+00:00,2013-08-18T22:50:16.764000+00:00,NGU3@2013-08-28,0.0153639924625201,0.0384507937222047
2013-08-19T00:00:00+00:00,2013-08-19T23:59:00+00:00,2013-08-19T23:59:00+00:00,NGU3@2013-08-28,-0.0024592737076504,0.0454895509411751
2013-08-20T00:00:00+00:00,2013-08-20T23:59:00+00:00,2013-08-20T23:59:00+00:00,NGU3@2013-08-28,-0.0081461549502367,0.0470467478211163
2013-08-21T00:00:00+00:00,2013-08-21T23:59:00+00:00,2013-08-21T23:59:00+00:00,NGU3@2013-08-28,-0.0130324286621656,0.0412387055007194
2013-08-22T00:00:00+00:00,2013-08-22T23:59:00+00:00,2013-08-22T23:59:00+00:00,NGU3@2013-08-28,0.0039619818359168,0.0502556570811638
2013-08-23T00:00:00+00:00,2013-08-25T23:32:18.840000+00:00,2013-08-25T23:32:18.840000+00:00,NGU3@2013-08-28,-0.0056851814533102,0.0451568214372656
2013-08-26T00:00:00+00:00,2013-08-26T23:59:00+00:00,2013-08-26T23:59:00+00:00,NGU3@2013-08-28,-0.0016898630145475,0.0219931278783664
2013-08-27T00:00:00+00:00,2013-08-27T23:59:00+00:00,2013-08-27T23:59:00+00:00,NGV3@2013-09-26,-0.0224042642006876,0.0247850303766884
2013-08-28T00:00:00+00:00,2013-08-28T23:59:00+00:00,2013-08-28T23:59:00+00:00,NGV3@2013-09-26,-0.0087996523640893,0.0233833503883112
2013-08-29T00:00:00+00:00,2013-08-29T23:59:00+00:00,2013-08-29T23:59:00+00:00,NGV3@2013-09-26,-0.0155063968793675,0.0221245103434043
2013-08-30T00:00:00+00:00,2013-09-01T18:02:24.986000+00:00,2013-09-01T18:02:24.986000+00:00,NGV3@2013-09-26,-0.012877776338371,0.0289338355346135
2013-09-03T00:00:00+00:00,2013-09-03T23:59:00+00:00,2013-09-03T23:59:00+00:00,NGV3@2013-09-26,-0.0133061029444049,0.0259768732926405
2013-09-04T00:00:00+00:00,2013-09-04T23:59:00+00:00,2013-09-04T23:59:00+00:00,NGV3@2013-09-26,-0.0085078350599036,0.0236840159804732
2013-09-05T00:00:00+00:00,2013-09-05T23:59:00+00:00,2013-09-05T23:59:00+00:00,NGV3@2013-09-26,0.0045309461469884,0.0275562140232231
2013-09-06T00:00:00+00:00,2013-09-08T23:59:14.994000+00:00,2013-09-08T23:59:14.994000+00:00,NGV3@2013-09-26,0.0100062899639477,0.0295777378897473
2013-09-09T00:00:00+00:00,2013-09-09T23:59:00+00:00,2013-09-09T23:59:00+00:00,NGV3@2013-09-26,-0.0031788457973369,0.0257910864316906
2013-09-10T00:00:00+00:00,2013-09-10T23:59:00+00:00,2013-09-10T23:59:00+00:00,NGV3@2013-09-26,-0.0026043333075878,0.0244841419065005
2013-09-11T00:00:00+00:00,2013-09-11T23:59:00+00:00,2013-09-11T23:59:00+00:00,NGV3@2013-09-26,-0.0139591546375116,0.0300668221893138
2013-09-12T00:00:00+00:00,2013-09-12T23:59:00+00:00,2013-09-12T23:59:00+00:00,NGV3@2013-09-26,-0.0143082656755407,0.0352101935973029
2013-09-13T00:00:00+00:00,2013-09-15T22:40:44.260000+00:00,2013-09-15T22:40:44.260000+00:00,NGV3@2013-09-26,-0.0122134070661045,0.0634753146290908
2013-09-16T00:00:00+00:00,2013-09-16T23:59:00+00:00,2013-09-16T23:59:00+00:00,NGV3@2013-09-26,-0.0250092824300129,0.0288183848063151
2013-09-17T00:00:00+00:00,2013-09-17T23:59:00+00:00,2013-09-17T23:59:00+00:00,NGV3@2013-09-26,-0.0157472285796891,0.0243945208277748
2013-09-18T00:00:00+00:00,2013-09-18T23:59:00+00:00,2013-09-18T23:59:00+00:00,NGV3@2013-09-26,-0.0217812898651205,0.0240791898630259
2013-09-19T00:00:00+00:00,2013-09-19T23:59:00+00:00,2013-09-19T23:59:00+00:00,NGV3@2013-09-26,-0.0106744244272865,0.0353472738710816
2013-09-20T00:00:00+00:00,2013-09-22T23:14:52.392000+00:00,2013-09-22T23:14:52.392000+00:00,NGV3@2013-09-26,-0.0118725499648985,0.0309567804546061
2013-09-23T00:00:00+00:00,2013-09-23T23:59:00+00:00,2013-09-23T23:59:00+00:00,NGV3@2013-09-26,0.0018980839117392,0.0293306754748647
2013-09-24T00:00:00+00:00,2013-09-24T23:59:00+00:00,2013-09-24T23:59:00+00:00,NGX3@2013-10-29,0.0172694444723287,0.0294587801521894
2013-09-25T00:00:00+00:00,2013-09-25T23:59:00+00:00,2013-09-25T23:59:00+00:00,NGX3@2013-10-29,-0.0002076857415295,0.028133860871338
2013-09-26T00:00:00+00:00,2013-09-26T23:59:00+00:00,2013-09-26T23:59:00+00:00,NGX3@2013-10-29,0.0015236247669565,0.0234800618845266
2013-09-27T00:00:00+00:00,2013-09-29T23:54:31.165000+00:00,2013-09-29T23:54:31.165000+00:00,NGX3@2013-10-29,-0.0019943177749893,0.0260916466097463
2013-09-30T00:00:00+00:00,2013-09-30T23:59:00+00:00,2013-09-30T23:59:00+00:00,NGX3@2013-10-29,0.0005070355035752,0.0267115994009455
2013-10-01T00:00:00+00:00,2013-10-01T23:59:00+00:00,2013-10-01T23:59:00+00:00,NGX3@2013-10-29,-0.0088075042733103,0.0378525492675849
2013-10-02T00:00:00+00:00,2013-10-02T23:59:00+00:00,2013-10-02T23:59:00+00:00,NGX3@2013-10-29,0.0039040764721809,0.0241579120852156
2013-10-03T00:00:00+00:00,2013-10-03T23:59:00+00:00,2013-10-03T23:59:00+00:00,NGX3@2013-10-29,0.0149334622491199,0.0272712604066422
2013-10-04T00:00:00+00:00,2013-10-06T23:59:07.959000+00:00,2013-10-06T23:59:07.959000+00:00,NGX3@2013-10-29,0.0090444000383211,0.0277151582044809
2013-10-07T00:00:00+00:00,2013-10-07T23:59:00+00:00,2013-10-07T23:59:00+00:00,NGX3@2013-10-29,-0.0057097919299621,0.0268386897396432
2013-10-08T00:00:00+00:00,2013-10-08T23:59:00+00:00,2013-10-08T23:59:00+00:00,NGX3@2013-10-29,-0.0137913429391371,0.0251573855587542
2013-10-09T00:00:00+00:00,2013-10-09T23:59:00+00:00,2013-10-09T23:59:00+00:00,NGX3@2013-10-29,-0.0112533104758462,0.0357558182031117
2013-10-10T00:00:00+00:00,2013-10-10T23:59:00+00:00,2013-10-10T23:59:00+00:00,NGX3@2013-10-29,-0.0073065706752838,0.0350693967890611
2013-10-11T00:00:00+00:00,2013-10-13T23:59:52.125000+00:00,2013-10-13T23:59:52.125000+00:00,NGX3@2013-10-29,-0.0174601179287446,0.0244346654877377
2013-10-14T00:00:00+00:00,2013-10-14T23:59:00+00:00,2013-10-14T23:59:00+00:00,NGX3@2013-10-29,-0.0191983816430543,0.0219142632609886
2013-10-15T00:00:00+00:00,2013-10-15T23:59:00+00:00,2013-10-15T23:59:00+00:00,NGX3@2013-10-29,-0.0144697173799716,0.0232820408157015
2013-10-16T00:00:00+00:00,2013-10-16T23:59:00+00:00,2013-10-16T23:59:00+00:00,NGX3@2013-10-29,-0.0124030523808998,0.0247183893952367
2013-10-17T00:00:00+00:00,2013-10-17T23:59:00+00:00,2013-10-17T23:59:00+00:00,NGX3@2013-10-29,-0.007567779164005,0.0198130019792968
2013-10-18T00:00:00+00:00,2013-10-20T22:12:36.945000+00:00,2013-10-20T22:12:36.945000+00:00,NGX3@2013-10-29,0.0018512072316203,0.0241293533548099
2013-10-21T00:00:00+00:00,2013-10-21T23:59:00+00:00,2013-10-21T23:59:00+00:00,NGX3@2013-10-29,0.0028623647710686,0.0561225336020571
2013-10-22T00:00:00+00:00,2013-10-22T23:59:00+00:00,2013-10-22T23:59:00+00:00,NGX3@2013-10-29,0.0050208997526925,0.0249437707238616
2013-10-23T00:00:00+00:00,2013-10-23T23:59:00+00:00,2013-10-23T23:59:00+00:00,NGX3@2013-10-29,-0.0053998831227339,0.0333429041488394
2013-10-24T00:00:00+00:00,2013-10-24T23:59:00+00:00,2013-10-24T23:59:00+00:00,NGX3@2013-10-29,-0.0181465374740735,0.0386452097199561
2013-10-25T00:00:00+00:00,2013-10-27T23:49:38.534000+00:00,2013-10-27T23:49:38.534000+00:00,NGX3@2013-10-29,-0.0182206302537398,0.0229027688999037
2013-10-28T00:00:00+00:00,2013-10-28T23:59:00+00:00,2013-10-28T23:59:00+00:00,NGX3@2013-10-29,-0.0052502740003493,0.0291850505457212
2013-10-29T00:00:00+00:00,2013-10-29T23:59:00+00:00,2013-10-29T23:59:00+00:00,NGZ3@2013-11-26,0.003872002588789,0.0224965380234104
2013-10-30T00:00:00+00:00,2013-10-30T23:59:00+00:00,2013-10-30T23:59:00+00:00,NGZ3@2013-11-26,0.0085259904698922,0.0224196039234431
2013-10-31T00:00:00+00:00,2013-10-31T23:59:00+00:00,2013-10-31T23:59:00+00:00,NGZ3@2013-11-26,0.0199375511252943,0.0252588525301547
2013-11-01T00:00:00+00:00,2013-11-03T23:53:15.090000+00:00,2013-11-03T23:53:15.090000+00:00,NGZ3@2013-11-26,0.0228251379302448,0.0318890448618301
2013-11-04T00:00:00+00:00,2013-11-05T23:20:49.330000+00:00,2013-11-05T23:20:49.330000+00:00,NGZ3@2013-11-26,0.006742850449088,0.0187293198111448
2013-11-05T00:00:00+00:00,2013-11-06T23:07:40.875000+00:00,2013-11-06T23:07:40.875000+00:00,NGZ3@2013-11-26,0.004991506771701,0.0212547190724419
2013-11-06T00:00:00+00:00,2013-11-07T23:30:53.891000+00:00,2013-11-07T23:30:53.891000+00:00,NGZ3@2013-11-26,0.01799658803899,0.0229515804883926
2013-11-07T00:00:00+00:00,2013-11-07T23:59:00+00:00,2013-11-07T23:59:00+00:00,NGZ3@2013-11-26,0.0106765743824683,0.0233663054805415
2013-11-08T00:00:00+00:00,2013-11-10T23:26:38.051000+00:00,2013-11-10T23:26:38.051000+00:00,NGZ3@2013-11-26,0.003671612797337,0.0239799109335582
2013-11-11T00:00:00+00:00,2013-11-12T23:53:53.904000+00:00,2013-11-12T23:53:53.904000+00:00,NGZ3@2013-11-26,0.0038006389057718,0.0177956294346522
2013-11-12T00:00:00+00:00,2013-11-13T23:33:24.729000+00:00,2013-11-13T23:33:24.729000+00:00,NGZ3@2013-11-26,0.0035747760220576,0.0264711939451987
2013-11-13T00:00:00+00:00,2013-11-13T23:59:00+00:00,2013-11-13T23:59:00+00:00,NGZ3@2013-11-26,0.0121161924963966,0.0230117210562115
2013-11-14T00:00:00+00:00,2013-11-14T23:59:00+00:00,2013-11-14T23:59:00+00:00,NGZ3@2013-11-26,0.0011515612090016,0.023690503036989
2013-11-15T00:00:00+00:00,2013-11-17T23:44:11.090000+00:00,2013-11-17T23:44:11.090000+00:00,NGZ3@2013-11-26,0.0105190894737201,0.025978530670233
2013-11-18T00:00:00+00:00,2013-11-19T23:36:55.842000+00:00,2013-11-19T23:36:55.842000+00:00,NGZ3@2013-11-26,0.0074603732457756,0.0209403176601989
2013-11-19T00:00:00+00:00,2013-11-20T23:46:27.858000+00:00,2013-11-20T23:46:27.858000+00:00,NGZ3@2013-11-26,0.0046924088369026,0.0199666013875748
2013-11-20T00:00:00+00:00,2013-11-20T23:59:00+00:00,2013-11-20T23:59:00+00:00,NGZ3@2013-11-26,-0.0045232629710948,0.0243270868819212
2013-11-21T00:00:00+00:00,2013-11-21T23:59:00+00:00,2013-11-21T23:59:00+00:00,NGZ3@2013-11-26,-0.0092865085910439,0.0239056419528932
2013-11-22T00:00:00+00:00,2013-11-24T23:59:41.264000+00:00,2013-11-24T23:59:41.264000+00:00,NGZ3@2013-11-26,-0.0154293590850265,0.0202042409694112
2013-11-25T00:00:00+00:00,2013-11-26T23:41:51.382000+00:00,2013-11-26T23:41:51.382000+00:00,NGZ3@2013-11-26,-0.0054559946752343,0.0395519999596965
2013-11-29T00:00:00+00:00,2013-12-01T23:53:14.360000+00:00,2013-12-01T23:53:14.360000+00:00,NGF4@2013-12-27,-0.0080510599177837,0.0204673365745872
2013-12-02T00:00:00+00:00,2013-12-03T23:37:56.897000+00:00,2013-12-03T23:37:56.897000+00:00,NGF4@2013-12-27,-0.0121569569841556,0.0256323087908884
2013-12-03T00:00:00+00:00,2013-12-03T23:59:00+00:00,2013-12-03T23:59:00+00:00,NGF4@2013-12-27,-0.015684111059699,0.0219703378596021
2013-12-04T00:00:00+00:00,2013-12-05T23:50:17.359000+00:00,2013-12-05T23:50:17.359000+00:00,NGF4@2013-12-27,-0.0032637774553554,0.0235056913205607
2013-12-05T00:00:00+00:00,2013-12-06T00:11:16.536000+00:00,2013-12-06T00:11:16.536000+00:00,NGF4@2013-12-27,-0.0272570382520025,0.0223621873714971
2013-12-06T00:00:00+00:00,2013-12-08T23:10:37.155000+00:00,2013-12-08T23:10:37.155000+00:00,NGF4@2013-12-27,-0.0108886007535254,0.0232267033389925
2013-12-09T00:00:00+00:00,2013-12-10T23:55:34.024000+00:00,2013-12-10T23:55:34.024000+00:00,NGF4@2013-12-27,-0.0154385341363052,0.0220203670076251
2013-12-10T00:00:00+00:00,2013-12-10T23:59:00+00:00,2013-12-10T23:59:00+00:00,NGF4@2013-12-27,-0.0083763009650006,0.0225979592392975
2013-12-11T00:00:00+00:00,2013-12-11T23:59:00+00:00,2013-12-11T23:59:00+00:00,NGF4@2013-12-27,-0.0180242284051121,0.0251021096300513
2013-12-12T00:00:00+00:00,2013-12-13T00:00:11.981000+00:00,2013-12-13T00:00:11.981000+00:00,NGF4@2013-12-27,-0.0085657802596602,0.0325797326983669
2013-12-13T00:00:00+00:00,2013-12-15T23:56:58.239000+00:00,2013-12-15T23:56:58.239000+00:00,NGF4@2013-12-27,-0.0049581360779016,0.0355226881370188
2013-12-16T00:00:00+00:00,2013-12-17T23:42:58.682000+00:00,2013-12-17T23:42:58.682000+00:00,NGF4@2013-12-27,-0.0207694453433748,0.0192425569270757
2013-12-17T00:00:00+00:00,2013-12-18T23:57:57.339000+00:00,2013-12-18T23:57:57.339000+00:00,NGF4@2013-12-27,-0.0205364347421846,0.0207497018574277
2013-12-18T00:00:00+00:00,2013-12-19T23:35:08.852000+00:00,2013-12-19T23:35:08.852000+00:00,NGF4@2013-12-27,-0.0136278640682807,0.0228868447903109
2013-12-19T00:00:00+00:00,2013-12-20T00:21:53.569000+00:00,2013-12-20T00:21:53.569000+00:00,NGF4@2013-12-27,-0.014156907262768,0.0337842972047867
2013-12-20T00:00:00+00:00,2013-12-22T23:54:14.819000+00:00,2013-12-22T23:54:14.819000+00:00,NGF4@2013-12-27,-0.0006329815177752,0.0230966446651763
2013-12-23T00:00:00+00:00,2013-12-24T00:07:50.761000+00:00,2013-12-24T00:07:50.761000+00:00,NGF4@2013-12-27,0.0096785631581086,0.0245865691209757
2013-12-26T00:00:00+00:00,2013-12-26T23:59:00+00:00,2013-12-26T23:59:00+00:00,NGF4@2013-12-27,-0.0175907064462815,0.0287673470131921
2013-12-30T00:00:00+00:00,2013-12-30T23:59:00+00:00,2013-12-30T23:59:00+00:00,NGG4@2014-01-29,-0.0115507228954419,0.0217245505736754
2014-01-02T00:00:00+00:00,2014-01-03T00:22:34.005000+00:00,2014-01-03T00:22:34.005000+00:00,NGG4@2014-01-29,-0.0095622695660624,0.0220193344661927
2014-01-03T00:00:00+00:00,2014-01-05T23:41:38.900000+00:00,2014-01-05T23:41:38.900000+00:00,NGG4@2014-01-29,-0.0030193681580238,0.0226753374188793
2014-01-06T00:00:00+00:00,2014-01-07T23:22:37.448000+00:00,2014-01-07T23:22:37.448000+00:00,NGG4@2014-01-29,-0.0017759274440685,0.0175578964835253
2014-01-07T00:00:00+00:00,2014-01-08T23:44:36.426000+00:00,2014-01-08T23:44:36.426000+00:00,NGG4@2014-01-29,-0.0058686998155382,0.0261806779437594
2014-01-08T00:00:00+00:00,2014-01-08T23:59:00+00:00,2014-01-08T23:59:00+00:00,NGG4@2014-01-29,0.0115226603442837,0.0285867635450805
2014-01-09T00:00:00+00:00,2014-01-09T23:59:00+00:00,2014-01-09T23:59:00+00:00,NGG4@2014-01-29,0.0024197371669576,0.0183974006349487
2014-01-10T00:00:00+00:00,2014-01-12T23:13:39.702000+00:00,2014-01-12T23:13:39.702000+00:00,NGG4@2014-01-29,-0.0015544648025407,0.0197343433219153
2014-01-13T00:00:00+00:00,2014-01-14T23:37:13.846000+00:00,2014-01-14T23:37:13.846000+00:00,NGG4@2014-01-29,-0.0158614198976424,0.0190780308012738
2014-01-14T00:00:00+00:00,2014-01-14T23:59:00+00:00,2014-01-14T23:59:00+00:00,NGG4@2014-01-29,-0.0060848406367295,0.0225009865547949
2014-01-15T00:00:00+00:00,2014-01-15T23:59:44.418000+00:00,2014-01-15T23:59:44.418000+00:00,NGG4@2014-01-29,-0.0032295991399171,0.0224963229558914
2014-01-16T00:00:00+00:00,2014-01-16T23:59:00+00:00,2014-01-16T23:59:00+00:00,NGG4@2014-01-29,0.0033835796692662,0.0242127312554253
2014-01-17T00:00:00+00:00,2014-01-19T19:02:35.435000+00:00,2014-01-19T19:02:35.435000+00:00,NGG4@2014-01-29,-0.0080767771509476,0.0183227922395651
2014-01-21T00:00:00+00:00,2014-01-22T23:32:53.639000+00:00,2014-01-22T23:32:53.639000+00:00,NGG4@2014-01-29,-0.0147000471038134,0.0290627971358363
2014-01-22T00:00:00+00:00,2014-01-23T23:57:59.058000+00:00,2014-01-23T23:57:59.058000+00:00,NGG4@2014-01-29,-0.0253285951293372,0.0317718406713003
2014-01-23T00:00:00+00:00,2014-01-24T00:23:03.064000+00:00,2014-01-24T00:23:03.064000+00:00,NGG4@2014-01-29,-0.0305335755228723,0.037307051996139
2014-01-24T00:00:00+00:00,2014-01-26T23:38:58.424000+00:00,2014-01-26T23:38:58.424000+00:00,NGG4@2014-01-29,-0.056460692773409,0.0299867314826249
2014-01-27T00:00:00+00:00,2014-01-28T23:09:48.018000+00:00,2014-01-28T23:09:48.018000+00:00,NGG4@2014-01-29,-0.0431077623308945,0.0457699471033626
2014-01-28T00:00:00+00:00,2014-01-29T23:44:12.255000+00:00,2014-01-29T23:44:12.255000+00:00,NGG4@2014-01-29,-0.017929959225583,0.037209049717442
2014-01-29T00:00:00+00:00,2014-01-30T23:48:52.802000+00:00,2014-01-30T23:48:52.802000+00:00,NGH4@2014-02-26,-0.1140145052503623,0.0319659600963976
2014-01-30T00:00:00+00:00,2014-01-30T23:59:00+00:00,2014-01-30T23:59:00+00:00,NGH4@2014-02-26,-0.0316775468887223,0.0345595105669057
2014-01-31T00:00:00+00:00,2014-02-02T23:46:42.289000+00:00,2014-02-02T23:46:42.289000+00:00,NGH4@2014-02-26,-0.0243857102523874,0.0356519444237122
2014-02-03T00:00:00+00:00,2014-02-04T23:48:53.535000+00:00,2014-02-04T23:48:53.535000+00:00,NGH4@2014-02-26,-0.0364124850051698,0.0372210492481076
2014-02-04T00:00:00+00:00,2014-02-04T23:59:00+00:00,2014-02-04T23:59:00+00:00,NGH4@2014-02-26,-0.0698024800521792,0.0504297901922305
2014-02-05T00:00:00+00:00,2014-02-05T23:59:00+00:00,2014-02-05T23:59:00+00:00,NGH4@2014-02-26,-0.0384601870261412,0.0380935068497433
2014-02-06T00:00:00+00:00,2014-02-07T00:11:41.219000+00:00,2014-02-07T00:11:41.219000+00:00,NGH4@2014-02-26,-0.027977897464778,0.0451449519939415
2014-02-07T00:00:00+00:00,2014-02-09T23:47:54.947000+00:00,2014-02-09T23:47:54.947000+00:00,NGH4@2014-02-26,-0.0186639345486292,0.0412079595750378
2014-02-10T00:00:00+00:00,2014-02-11T23:44:49.618000+00:00,2014-02-11T23:44:49.618000+00:00,NGH4@2014-02-26,-0.0232938381863282,0.0520064045711688
2014-02-11T00:00:00+00:00,2014-02-11T23:59:00+00:00,2014-02-11T23:59:00+00:00,NGH4@2014-02-26,-0.0401054039979592,0.0490287366585853
2014-02-12T00:00:00+00:00,2014-02-12T23:59:00+00:00,2014-02-12T23:59:00+00:00,NGH4@2014-02-26,-0.0262507901255552,0.0429071923362975
2014-02-13T00:00:00+00:00,2014-02-14T00:00:09.461000+00:00,2014-02-14T00:00:09.461000+00:00,NGH4@2014-02-26,-0.037684629608102,0.0573409593492638
2014-02-14T00:00:00+00:00,2014-02-16T19:02:45.067000+00:00,2014-02-16T19:02:45.067000+00:00,NGH4@2014-02-26,-0.0482393570562272,0.0438714018238365
2014-02-18T00:00:00+00:00,2014-02-19T23:36:03.246000+00:00,2014-02-19T23:36:03.246000+00:00,NGH4@2014-02-26,-0.0868081066671272,0.0845162013920699
2014-02-19T00:00:00+00:00,2014-02-19T23:59:00+00:00,2014-02-19T23:59:00+00:00,NGH4@2014-02-26,-0.1717805693565014,0.0647120023629887
2014-02-20T00:00:00+00:00,2014-02-20T23:59:00+00:00,2014-02-20T23:59:00+00:00,NGH4@2014-02-26,-0.1027723004094247,0.049882586776192
2014-02-21T00:00:00+00:00,2014-02-23T23:58:32.306000+00:00,2014-02-23T23:58:32.306000+00:00,NGH4@2014-02-26,-0.2157188167287708,0.1302197262690147
2014-02-24T00:00:00+00:00,2014-02-25T23:47:34.506000+00:00,2014-02-25T23:47:34.506000+00:00,NGH4@2014-02-26,-0.1094409656699003,0.0802507348208802
2014-02-25T00:00:00+00:00,2014-02-25T23:59:00+00:00,2014-02-25T23:59:00+00:00,NGH4@2014-02-26,-0.0243866517371736,0.0660927762690278
2014-02-26T00:00:00+00:00,2014-02-27T23:55:06.114000+00:00,2014-02-27T23:55:06.114000+00:00,NGJ4@2014-03-27,-0.0166979902738484,0.0375526952057053
2014-02-27T00:00:00+00:00,2014-02-28T00:08:18.753000+00:00,2014-02-28T00:08:18.753000+00:00,NGJ4@2014-03-27,-0.0301648651504686,0.0355468364952397
2014-02-28T00:00:00+00:00,2014-03-02T23:44:55.949000+00:00,2014-03-02T23:44:55.949000+00:00,NGJ4@2014-03-27,-0.042680263519287,0.037330440852953
2014-03-03T00:00:00+00:00,2014-03-04T23:53:35.584000+00:00,2014-03-04T23:53:35.584000+00:00,NGJ4@2014-03-27,-0.0346053005319779,0.0390598204283587
2014-03-04T00:00:00+00:00,2014-03-05T23:18:05.756000+00:00,2014-03-05T23:18:05.756000+00:00,NGJ4@2014-03-27,-0.0417418677365413,0.0380405768947114
2014-03-05T00:00:00+00:00,2014-03-05T23:59:00+00:00,2014-03-05T23:59:00+00:00,NGJ4@2014-03-27,-0.0365401921178372,0.0477991166730417
2014-03-06T00:00:00+00:00,2014-03-06T23:59:00+00:00,2014-03-06T23:59:00+00:00,NGJ4@2014-03-27,-0.0500043913012153,0.0427040105031517
2014-03-07T00:00:00+00:00,2014-03-09T22:25:36.428000+00:00,2014-03-09T22:25:36.428000+00:00,NGJ4@2014-03-27,-0.0289182411454428,0.0279052815187869
2014-03-10T00:00:00+00:00,2014-03-10T23:59:00+00:00,2014-03-10T23:59:00+00:00,NGJ4@2014-03-27,-0.0353331755770548,0.0495912697651414
2014-03-11T00:00:00+00:00,2014-03-11T23:59:00+00:00,2014-03-11T23:59:00+00:00,NGJ4@2014-03-27,-0.0135915553068652,0.0319223314608086
2014-03-12T00:00:00+00:00,2014-03-12T23:59:00+00:00,2014-03-12T23:59:00+00:00,NGJ4@2014-03-27,-0.0218391572000302,0.0342316192463173
2014-03-13T00:00:00+00:00,2014-03-13T23:59:00+00:00,2014-03-13T23:59:00+00:00,NGJ4@2014-03-27,-0.0213459935681572,0.0337971215960623
2014-03-14T00:00:00+00:00,2014-03-16T23:20:25.183000+00:00,2014-03-16T23:20:25.183000+00:00,NGJ4@2014-03-27,-0.0159042079928131,0.0317849639429037
2014-03-17T00:00:00+00:00,2014-03-17T23:59:00+00:00,2014-03-17T23:59:00+00:00,NGJ4@2014-03-27,-0.0160040414262275,0.0341593969155158
2014-03-18T00:00:00+00:00,2014-03-18T23:59:00+00:00,2014-03-18T23:59:00+00:00,NGJ4@2014-03-27,-0.0087695441510169,0.0276225488478358
2014-03-19T00:00:00+00:00,2014-03-19T23:59:00+00:00,2014-03-19T23:59:00+00:00,NGJ4@2014-03-27,-0.0189529041573738,0.0310460690845841
2014-03-20T00:00:00+00:00,2014-03-20T23:59:00+00:00,2014-03-20T23:59:00+00:00,NGJ4@2014-03-27,-0.0130838836474116,0.0289222934069052
2014-03-21T00:00:00+00:00,2014-03-23T23:40:56.955000+00:00,2014-03-23T23:40:56.955000+00:00,NGJ4@2014-03-27,-0.0167702888143989,0.0351005191736674
2014-03-24T00:00:00+00:00,2014-03-24T23:59:00+00:00,2014-03-24T23:59:00+00:00,NGJ4@2014-03-27,-0.0192698366815151,0.029574559387548
2014-03-25T00:00:00+00:00,2014-03-25T23:59:00+00:00,2014-03-25T23:59:00+00:00,NGK4@2014-04-28,-0.0133198726163652,0.025299167741552
2014-03-26T00:00:00+00:00,2014-03-26T23:59:00+00:00,2014-03-26T23:59:00+00:00,NGK4@2014-04-28,-0.0181401779091424,0.031999117255428
2014-03-27T00:00:00+00:00,2014-03-27T23:59:00+00:00,2014-03-27T23:59:00+00:00,NGK4@2014-04-28,-0.0258076086420402,0.0360109228792629
2014-03-28T00:00:00+00:00,2014-03-30T23:38:34.860000+00:00,2014-03-30T23:38:34.860000+00:00,NGK4@2014-04-28,-0.0145972461734561,0.0307516249859695
2014-03-31T00:00:00+00:00,2014-03-31T23:59:00+00:00,2014-03-31T23:59:00+00:00,NGK4@2014-04-28,-0.0164925518645543,0.0246639121068667
2014-04-01T00:00:00+00:00,2014-04-01T23:59:00+00:00,2014-04-01T23:59:00+00:00,NGK4@2014-04-28,0.0006186541389017,0.0220845166374655
2014-04-02T00:00:00+00:00,2014-04-02T23:59:00+00:00,2014-04-02T23:59:00+00:00,NGK4@2014-04-28,-0.0067589896065848,0.029415784563337
2014-04-03T00:00:00+00:00,2014-04-03T23:59:00+00:00,2014-04-03T23:59:00+00:00,NGK4@2014-04-28,-0.0092385161645403,0.0249259400459043
2014-04-04T00:00:00+00:00,2014-04-06T23:39:29.047000+00:00,2014-04-06T23:39:29.047000+00:00,NGK4@2014-04-28,-0.022026960197174,0.0284648141306073
2014-04-07T00:00:00+00:00,2014-04-07T23:59:00+00:00,2014-04-07T23:59:00+00:00,NGK4@2014-04-28,-0.0096933889709062,0.030711726587624
2014-04-08T00:00:00+00:00,2014-04-08T23:59:00+00:00,2014-04-08T23:59:00+00:00,NGK4@2014-04-28,-0.0061204127561437,0.0264309412146704
2014-04-09T00:00:00+00:00,2014-04-10T22:45:49.764000+00:00,2014-04-10T22:45:49.764000+00:00,NGK4@2014-04-28,-0.0133097341334851,0.0265471447550277
2014-04-10T00:00:00+00:00,2014-04-10T23:59:00+00:00,2014-04-10T23:59:00+00:00,NGK4@2014-04-28,-0.0232064838088653,0.0251858025699301
2014-04-11T00:00:00+00:00,2014-04-13T23:41:05.269000+00:00,2014-04-13T23:41:05.269000+00:00,NGK4@2014-04-28,-0.008468377407335,0.0279980360959461
2014-04-14T00:00:00+00:00,2014-04-14T23:59:00+00:00,2014-04-14T23:59:00+00:00,NGK4@2014-04-28,-0.019483877560134,0.0301773681306368
2014-04-15T00:00:00+00:00,2014-04-15T23:59:00+00:00,2014-04-15T23:59:00+00:00,NGK4@2014-04-28,-0.0257571805231771,0.0288093908134716
2014-04-16T00:00:00+00:00,2014-04-16T23:59:00+00:00,2014-04-16T23:59:00+00:00,NGK4@2014-04-28,-0.0025525376171077,0.0271176271053424
2014-04-21T00:00:00+00:00,2014-04-21T23:59:00+00:00,2014-04-21T23:59:00+00:00,NGK4@2014-04-28,-0.0295512662510496,0.0378813512748837
2014-04-22T00:00:00+00:00,2014-04-22T23:59:00+00:00,2014-04-22T23:59:00+00:00,NGK4@2014-04-28,-0.014118148813346,0.0308842138098907
2014-04-23T00:00:00+00:00,2014-04-23T23:59:00+00:00,2014-04-23T23:59:00+00:00,NGK4@2014-04-28,-0.0249167914834109,0.0383602971895866
2014-04-24T00:00:00+00:00,2014-04-24T23:59:00+00:00,2014-04-24T23:59:00+00:00,NGK4@2014-04-28,-0.0163573967088762,0.0264800388931238
2014-04-25T00:00:00+00:00,2014-04-27T23:23:14.025000+00:00,2014-04-27T23:23:14.025000+00:00,NGK4@2014-04-28,-0.0105451219324869,0.0240707726243291
2014-04-28T00:00:00+00:00,2014-04-28T23:59:00+00:00,2014-04-28T23:59:00+00:00,NGM4@2014-05-28,-0.0336470188649228,0.0442919175747434
2014-04-29T00:00:00+00:00,2014-04-29T23:59:00+00:00,2014-04-29T23:59:00+00:00,NGM4@2014-05-28,-0.0190891077459832,0.0336553026117749
2014-04-30T00:00:00+00:00,2014-04-30T23:59:00+00:00,2014-04-30T23:59:00+00:00,NGM4@2014-05-28,-0.0274613171710168,0.031559397177932
2014-05-01T00:00:00+00:00,2014-05-01T23:59:00+00:00,2014-05-01T23:59:00+00:00,NGM4@2014-05-28,-0.019342808309203,0.0334056127754232
2014-05-02T00:00:00+00:00,2014-05-04T23:56:00.994000+00:00,2014-05-04T23:56:00.994000+00:00,NGM4@2014-05-28,-0.0271851245468937,0.0265618144129994
2014-05-05T00:00:00+00:00,2014-05-05T23:59:00+00:00,2014-05-05T23:59:00+00:00,NGM4@2014-05-28,-0.039332713667403,0.0394191125885152
2014-05-06T00:00:00+00:00,2014-05-06T23:59:00+00:00,2014-05-06T23:59:00+00:00,NGM4@2014-05-28,-0.0304575749371976,0.0420636714363934
2014-05-07T00:00:00+00:00,2014-05-08T23:15:16.228000+00:00,2014-05-08T23:15:16.228000+00:00,NGM4@2014-05-28,-0.0182907706812808,0.0394523018284847
2014-05-08T00:00:00+00:00,2014-05-08T23:59:00+00:00,2014-05-08T23:59:00+00:00,NGM4@2014-05-28,-0.0214031545361083,0.0301324203854594
2014-05-09T00:00:00+00:00,2014-05-11T23:11:02.509000+00:00,2014-05-11T23:11:02.509000+00:00,NGM4@2014-05-28,-0.0238883546349126,0.031632091624043
2014-05-12T00:00:00+00:00,2014-05-12T23:59:00+00:00,2014-05-12T23:59:00+00:00,NGM4@2014-05-28,-0.0157253512886172,0.0290605636776683
2014-05-13T00:00:00+00:00,2014-05-13T23:59:00+00:00,2014-05-13T23:59:00+00:00,NGM4@2014-05-28,-0.0025743729521705,0.0265330888325818
2014-05-14T00:00:00+00:00,2014-05-14T23:59:00+00:00,2014-05-14T23:59:00+00:00,NGM4@2014-05-28,-0.0360278602040142,0.0294776137815702
2014-05-15T00:00:00+00:00,2014-05-15T23:59:00+00:00,2014-05-15T23:59:00+00:00,NGM4@2014-05-28,-0.017253209619668,0.0230320716741168
2014-05-16T00:00:00+00:00,2014-05-18T23:18:34.385000+00:00,2014-05-18T23:18:34.385000+00:00,NGM4@2014-05-28,-0.015349741159222,0.0220028912259487
2014-05-19T00:00:00+00:00,2014-05-19T23:59:00+00:00,2014-05-19T23:59:00+00:00,NGM4@2014-05-28,-0.0186817048115021,0.0261463221557235
2014-05-20T00:00:00+00:00,2014-05-20T23:59:00+00:00,2014-05-20T23:59:00+00:00,NGM4@2014-05-28,-0.0187801381267567,0.0295272159408219
2014-05-21T00:00:00+00:00,2014-05-21T23:59:00+00:00,2014-05-21T23:59:00+00:00,NGM4@2014-05-28,-0.0114128876753304,0.0256481817213155
2014-05-22T00:00:00+00:00,2014-05-22T23:59:00+00:00,2014-05-22T23:59:00+00:00,NGM4@2014-05-28,0.0020341511234935,0.0244309818248635
2014-05-23T00:00:00+00:00,2014-05-25T23:04:31.648000+00:00,2014-05-25T23:04:31.648000+00:00,NGM4@2014-05-28,-0.0080622689095637,0.024851637099296
2014-05-27T00:00:00+00:00,2014-05-27T23:59:00+00:00,2014-05-27T23:59:00+00:00,NGM4@2014-05-28,-0.0159213807847764,0.023843765258789
2014-05-28T00:00:00+00:00,2014-05-28T23:59:00+00:00,2014-05-28T23:59:00+00:00,NGN4@2014-06-26,-0.0109425889086712,0.028045135087971
2014-05-29T00:00:00+00:00,2014-05-29T23:59:00+00:00,2014-05-29T23:59:00+00:00,NGN4@2014-06-26,-0.0072350249185381,0.0270216740194741
2014-05-30T00:00:00+00:00,2014-06-01T23:36:04.295000+00:00,2014-06-01T23:36:04.295000+00:00,NGN4@2014-06-26,-0.0204851923083106,0.0209863832308353
2014-06-02T00:00:00+00:00,2014-06-02T23:59:00+00:00,2014-06-02T23:59:00+00:00,NGN4@2014-06-26,-0.0260617643776305,0.030216079260392
2014-06-03T00:00:00+00:00,2014-06-03T23:59:00+00:00,2014-06-03T23:59:00+00:00,NGN4@2014-06-26,-0.0090477451081393,0.0277118451366912
2014-06-04T00:00:00+00:00,2014-06-04T23:59:00+00:00,2014-06-04T23:59:00+00:00,NGN4@2014-06-26,-0.017777395679847,0.022997172009272
2014-06-05T00:00:00+00:00,2014-06-05T23:59:00+00:00,2014-06-05T23:59:00+00:00,NGN4@2014-06-26,-0.0078955004031219,0.0273158127620525
2014-06-06T00:00:00+00:00,2014-06-08T23:55:37.268000+00:00,2014-06-08T23:55:37.268000+00:00,NGN4@2014-06-26,-0.0121852555178887,0.0288262473437085
2014-06-09T00:00:00+00:00,2014-06-09T23:59:00+00:00,2014-06-09T23:59:00+00:00,NGN4@2014-06-26,-0.0016666487475233,0.0307616205139094
2014-06-10T00:00:00+00:00,2014-06-10T23:59:00+00:00,2014-06-10T23:59:00+00:00,NGN4@2014-06-26,-0.014538082195159,0.0287894378110181
2014-06-11T00:00:00+00:00,2014-06-11T23:59:00+00:00,2014-06-11T23:59:00+00:00,NGN4@2014-06-26,-0.0140039505822859,0.0220491689955086
2014-06-16T00:00:00+00:00,2014-06-16T23:59:00+00:00,2014-06-16T23:59:00+00:00,NGN4@2014-06-26,-0.028958612608348,0.0299548435029066
2014-06-17T00:00:00+00:00,2014-06-17T23:59:00+00:00,2014-06-17T23:59:00+00:00,NGN4@2014-06-26,-0.0190659695356153,0.0320234276428676
2014-06-18T00:00:00+00:00,2014-06-18T23:59:00+00:00,2014-06-18T23:59:00+00:00,NGN4@2014-06-26,-0.0114136794744624,0.02954529903911
2014-06-19T00:00:00+00:00,2014-06-19T23:59:00+00:00,2014-06-19T23:59:00+00:00,NGN4@2014-06-26,0.0032131419068988,0.0236837828399631
2014-06-20T00:00:00+00:00,2014-06-22T23:59:37.657000+00:00,2014-06-22T23:59:37.657000+00:00,NGN4@2014-06-26,-0.0117925795537106,0.0209424073726501
2014-06-23T00:00:00+00:00,2014-06-23T23:59:00+00:00,2014-06-23T23:59:00+00:00,NGN4@2014-06-26,-0.0138540922321539,0.0255063360533912
2014-06-24T00:00:00+00:00,2014-06-24T23:59:00+00:00,2014-06-24T23:59:00+00:00,NGQ4@2014-07-29,-0.0080351143537824,0.0273834174811132
2014-06-25T00:00:00+00:00,2014-06-25T23:59:00+00:00,2014-06-25T23:59:00+00:00,NGQ4@2014-07-29,-0.0195427049242705,0.0226289333345172
2014-06-26T00:00:00+00:00,2014-06-26T23:59:00+00:00,2014-06-26T23:59:00+00:00,NGQ4@2014-07-29,-0.0009507447595289,0.026590949271439
2014-06-27T00:00:00+00:00,2014-06-29T23:59:10.004000+00:00,2014-06-29T23:59:10.004000+00:00,NGQ4@2014-07-29,-0.0014104395970446,0.0182799759805471
2014-06-30T00:00:00+00:00,2014-06-30T23:59:00+00:00,2014-06-30T23:59:00+00:00,NGQ4@2014-07-29,-0.0060320841723489,0.0232891651787914
2014-07-01T00:00:00+00:00,2014-07-01T23:59:00+00:00,2014-07-01T23:59:00+00:00,NGQ4@2014-07-29,-0.0078210830688477,0.0188092927674989
2014-07-02T00:00:00+00:00,2014-07-02T23:59:00+00:00,2014-07-02T23:59:00+00:00,NGQ4@2014-07-29,-0.0147353586648236,0.0354180457478738
2014-07-03T00:00:00+00:00,2014-07-06T23:29:00.124000+00:00,2014-07-06T23:29:00.124000+00:00,NGQ4@2014-07-29,-0.004231106841659,0.0161434603225655
2014-07-07T00:00:00+00:00,2014-07-07T23:59:00+00:00,2014-07-07T23:59:00+00:00,NGQ4@2014-07-29,-0.0094443981881501,0.0271615172630805
2014-07-08T00:00:00+00:00,2014-07-08T23:59:00+00:00,2014-07-08T23:59:00+00:00,NGQ4@2014-07-29,-0.0179131892434293,0.0234999124837899
2014-07-09T00:00:00+00:00,2014-07-09T23:59:00+00:00,2014-07-09T23:59:00+00:00,NGQ4@2014-07-29,-0.0041817843671098,0.0274796990061
2014-07-10T00:00:00+00:00,2014-07-10T23:59:00+00:00,2014-07-10T23:59:00+00:00,NGQ4@2014-07-29,-0.0036066908658389,0.0331480411782868
2014-07-11T00:00:00+00:00,2014-07-13T23:29:20.209000+00:00,2014-07-13T23:29:20.209000+00:00,NGQ4@2014-07-29,-0.0011459098176603,0.0297372049250138
2014-07-14T00:00:00+00:00,2014-07-14T23:59:00+00:00,2014-07-14T23:59:00+00:00,NGQ4@2014-07-29,-0.0091408858440548,0.0273059632685695
2014-07-15T00:00:00+00:00,2014-07-15T23:59:00+00:00,2014-07-15T23:59:00+00:00,NGQ4@2014-07-29,0.0031208847508286,0.0293028785802518
2014-07-16T00:00:00+00:00,2014-07-16T23:59:00+00:00,2014-07-16T23:59:00+00:00,NGQ4@2014-07-29,0.0110015785464594,0.0339292358428189
2014-07-17T00:00:00+00:00,2014-07-17T23:59:00+00:00,2014-07-17T23:59:00+00:00,NGQ4@2014-07-29,0.0101345077660996,0.0407239031996286
2014-07-18T00:00:00+00:00,2014-07-20T23:30:53.005000+00:00,2014-07-20T23:30:53.005000+00:00,NGQ4@2014-07-29,0.0207462238194646,0.0238035028279054
2014-07-21T00:00:00+00:00,2014-07-21T23:59:00+00:00,2014-07-21T23:59:00+00:00,NGQ4@2014-07-29,0.0004848388387477,0.0160803857813713
2014-07-22T00:00:00+00:00,2014-07-22T23:59:00+00:00,2014-07-22T23:59:00+00:00,NGQ4@2014-07-29,0.0079906685631736,0.0316073468097055
2014-07-23T00:00:00+00:00,2014-07-23T23:59:00+00:00,2014-07-23T23:59:00+00:00,NGQ4@2014-07-29,0.014305453931696,0.0196660471241376
2014-07-24T00:00:00+00:00,2014-07-24T23:59:00+00:00,2014-07-24T23:59:00+00:00,NGQ4@2014-07-29,-0.0025110597044818,0.0310638816746166
2014-07-25T00:00:00+00:00,2014-07-27T23:46:23.311000+00:00,2014-07-27T23:46:23.311000+00:00,NGQ4@2014-07-29,0.0039991025347385,0.0181496222120663
2014-07-28T00:00:00+00:00,2014-07-28T23:59:00+00:00,2014-07-28T23:59:00+00:00,NGQ4@2014-07-29,0.0056115116227675,0.0218905799837117
2014-07-29T00:00:00+00:00,2014-07-29T23:59:00+00:00,2014-07-29T23:59:00+00:00,NGU4@2014-08-27,-0.0060649365927266,0.0317361134682031
2014-07-30T00:00:00+00:00,2014-07-30T23:59:00+00:00,2014-07-30T23:59:00+00:00,NGU4@2014-08-27,0.0064863913227239,0.023804481125784
2014-07-31T00:00:00+00:00,2014-07-31T23:59:00+00:00,2014-07-31T23:59:00+00:00,NGU4@2014-08-27,0.006258020341147,0.0205820574421264
2014-08-01T00:00:00+00:00,2014-08-03T23:42:54.448000+00:00,2014-08-03T23:42:54.448000+00:00,NGU4@2014-08-27,0.011562988052127,0.0169144038530998
2014-08-04T00:00:00+00:00,2014-08-04T23:59:00+00:00,2014-08-04T23:59:00+00:00,NGU4@2014-08-27,-0.0055541808310742,0.0149819178777538
2014-08-05T00:00:00+00:00,2014-08-05T23:59:00+00:00,2014-08-05T23:59:00+00:00,NGU4@2014-08-27,-0.009066794116424,0.023350567429408
2014-08-06T00:00:00+00:00,2014-08-06T23:59:00+00:00,2014-08-06T23:59:00+00:00,NGU4@2014-08-27,-0.0073877293498494,0.0222585047152559
2014-08-07T00:00:00+00:00,2014-08-07T23:59:00+00:00,2014-08-07T23:59:00+00:00,NGU4@2014-08-27,-0.0011139240545168,0.0192235197778767
2014-08-08T00:00:00+00:00,2014-08-10T23:37:23.666000+00:00,2014-08-10T23:37:23.666000+00:00,NGU4@2014-08-27,-0.0168735216248709,0.0188898290478208
2014-08-11T00:00:00+00:00,2014-08-11T23:59:00+00:00,2014-08-11T23:59:00+00:00,NGU4@2014-08-27,-0.0183234393865273,0.0185620265420102
2014-08-12T00:00:00+00:00,2014-08-12T23:59:00+00:00,2014-08-12T23:59:00+00:00,NGU4@2014-08-27,-0.014101669346089,0.0278001584125771
2014-08-13T00:00:00+00:00,2014-08-13T23:59:00+00:00,2014-08-13T23:59:00+00:00,NGU4@2014-08-27,-0.005700096370667,0.0220057219657998
2014-08-14T00:00:00+00:00,2014-08-14T23:59:00+00:00,2014-08-14T23:59:00+00:00,NGU4@2014-08-27,-0.0094543852433255,0.0218122952268937
2014-08-15T00:00:00+00:00,2014-08-17T23:07:04.650000+00:00,2014-08-17T23:07:04.650000+00:00,NGU4@2014-08-27,0.0176864302605468,0.0209567789923118
2014-08-18T00:00:00+00:00,2014-08-18T23:59:00+00:00,2014-08-18T23:59:00+00:00,NGU4@2014-08-27,-0.0034577335450314,0.0174396141277824
2014-08-19T00:00:00+00:00,2014-08-19T23:59:00+00:00,2014-08-19T23:59:00+00:00,NGU4@2014-08-27,-0.0110385058744648,0.0208176321323894
2014-08-20T00:00:00+00:00,2014-08-20T23:59:00+00:00,2014-08-20T23:59:00+00:00,NGU4@2014-08-27,-0.0128979635906764,0.0241676265239468
2014-08-21T00:00:00+00:00,2014-08-21T23:59:00+00:00,2014-08-21T23:59:00+00:00,NGU4@2014-08-27,0.0014000988474682,0.0293072543074012
2014-08-22T00:00:00+00:00,2014-08-24T18:03:26.120000+00:00,2014-08-24T18:03:26.120000+00:00,NGU4@2014-08-27,0.0095927195273484,0.0197791854643933
2014-08-25T00:00:00+00:00,2014-08-25T23:59:00+00:00,2014-08-25T23:59:00+00:00,NGU4@2014-08-27,-0.006386017938098,0.0363546415368062
2014-08-26T00:00:00+00:00,2014-08-26T23:59:00+00:00,2014-08-26T23:59:00+00:00,NGV4@2014-09-26,-0.0005907439609164,0.0218014007430027
2014-08-27T00:00:00+00:00,2014-08-27T23:59:00+00:00,2014-08-27T23:59:00+00:00,NGV4@2014-09-26,-0.0071257649810685,0.0196604864393777
2014-08-28T00:00:00+00:00,2014-08-28T23:59:00+00:00,2014-08-28T23:59:00+00:00,NGV4@2014-09-26,-0.0061465912882235,0.025547807289035
2014-08-29T00:00:00+00:00,2014-08-31T23:40:32.552000+00:00,2014-08-31T23:40:32.552000+00:00,NGV4@2014-09-26,-0.0114499025783855,0.035459276044287
2014-09-02T00:00:00+00:00,2014-09-03T22:59:58.811000+00:00,2014-09-03T22:59:58.811000+00:00,NGV4@2014-09-26,0.0060468289298178,0.0306628328844885
2014-09-03T00:00:00+00:00,2014-09-03T23:59:00+00:00,2014-09-03T23:59:00+00:00,NGV4@2014-09-26,0.0067994906958828,0.0249370059236693
2014-09-04T00:00:00+00:00,2014-09-04T23:59:00+00:00,2014-09-04T23:59:00+00:00,NGV4@2014-09-26,0.0021268714659832,0.0210286929320492
2014-09-08T00:00:00+00:00,2014-09-08T23:59:00+00:00,2014-09-08T23:59:00+00:00,NGV4@2014-09-26,0.0162029266357421,0.0212186382662865
2014-09-09T00:00:00+00:00,2014-09-09T23:59:00+00:00,2014-09-09T23:59:00+00:00,NGV4@2014-09-26,-0.0084597364109287,0.0221708875262944
2014-09-10T00:00:00+00:00,2014-09-10T23:59:00+00:00,2014-09-10T23:59:00+00:00,NGV4@2014-09-26,-0.0035191445962223,0.0292745204687178
2014-09-11T00:00:00+00:00,2014-09-11T23:59:00+00:00,2014-09-11T23:59:00+00:00,NGV4@2014-09-26,0.0144119153363186,0.0261414355446485
2014-09-12T00:00:00+00:00,2014-09-14T23:26:40.728000+00:00,2014-09-14T23:26:40.728000+00:00,NGV4@2014-09-26,0.0092824550073489,0.0247009965598164
2014-09-15T00:00:00+00:00,2014-09-15T23:59:00+00:00,2014-09-15T23:59:00+00:00,NGV4@2014-09-26,-0.0091468569758715,0.0249794690288533
2014-09-16T00:00:00+00:00,2014-09-16T23:59:00+00:00,2014-09-16T23:59:00+00:00,NGV4@2014-09-26,4.063513045915457e-05,0.035880442550009
2014-09-17T00:00:00+00:00,2014-09-17T23:59:00+00:00,2014-09-17T23:59:00+00:00,NGV4@2014-09-26,-0.0008115887701541,0.0217980059938111
2014-09-18T00:00:00+00:00,2014-09-18T23:59:00+00:00,2014-09-18T23:59:00+00:00,NGV4@2014-09-26,0.008676750885556,0.0250973664891079
2014-09-29T00:00:00+00:00,2014-09-29T23:59:00+00:00,2014-09-29T23:59:00+00:00,NGX4@2014-10-29,-0.0118002822566973,0.0222548914277565
2014-09-30T00:00:00+00:00,2014-09-30T23:59:00+00:00,2014-09-30T23:59:00+00:00,NGX4@2014-10-29,-0.0104741693873361,0.0208634187271732
2014-10-01T00:00:00+00:00,2014-10-01T23:59:00+00:00,2014-10-01T23:59:00+00:00,NGX4@2014-10-29,0.0039817598183515,0.0183016556887126
2014-10-02T00:00:00+00:00,2014-10-02T23:59:00+00:00,2014-10-02T23:59:00+00:00,NGX4@2014-10-29,0.0058853943781145,0.0239047613715113
2014-10-03T00:00:00+00:00,2014-10-05T22:43:09.919000+00:00,2014-10-05T22:43:09.919000+00:00,NGX4@2014-10-29,-0.0054540034106523,0.0192711703725728
2014-10-06T00:00:00+00:00,2014-10-06T23:59:00+00:00,2014-10-06T23:59:00+00:00,NGX4@2014-10-29,0.004096514993495,0.0172292107467436
2014-10-07T00:00:00+00:00,2014-10-07T23:59:00+00:00,2014-10-07T23:59:00+00:00,NGX4@2014-10-29,-0.0058958894609191,0.0174253754120494
2014-10-08T00:00:00+00:00,2014-10-08T23:59:00+00:00,2014-10-08T23:59:00+00:00,NGX4@2014-10-29,0.0042473337355137,0.01734125437812
2014-10-09T00:00:00+00:00,2014-10-09T23:59:00+00:00,2014-10-09T23:59:00+00:00,NGX4@2014-10-29,0.0070441825058089,0.0187994192597408
2014-10-10T00:00:00+00:00,2014-10-12T23:58:11.082000+00:00,2014-10-12T23:58:11.082000+00:00,NGX4@2014-10-29,0.0053609936966179,0.0185171557213976
2014-10-13T00:00:00+00:00,2014-10-13T23:59:00+00:00,2014-10-13T23:59:00+00:00,NGX4@2014-10-29,-0.0070837650806138,0.0160626594761885
2014-10-14T00:00:00+00:00,2014-10-15T23:15:17.665000+00:00,2014-10-15T23:15:17.665000+00:00,NGX4@2014-10-29,0.0038925199752433,0.0167046603151579
2014-10-15T00:00:00+00:00,2014-10-15T23:59:00+00:00,2014-10-15T23:59:00+00:00,NGX4@2014-10-29,0.0162038048286046,0.0188426535097574
2014-10-16T00:00:00+00:00,2014-10-16T23:59:00+00:00,2014-10-16T23:59:00+00:00,NGX4@2014-10-29,0.0073525117562434,0.0192126160349522
2014-10-17T00:00:00+00:00,2014-10-19T23:01:22.061000+00:00,2014-10-19T23:01:22.061000+00:00,NGX4@2014-10-29,0.0136448956550436,0.0216498653939429
2014-10-20T00:00:00+00:00,2014-10-21T22:23:57.124000+00:00,2014-10-21T22:23:57.124000+00:00,NGX4@2014-10-29,0.0138668435006967,0.0174514593564146
2014-10-21T00:00:00+00:00,2014-10-21T23:59:00+00:00,2014-10-21T23:59:00+00:00,NGX4@2014-10-29,0.021396752168401,0.0206239174401643
2014-10-22T00:00:00+00:00,2014-10-22T23:59:00+00:00,2014-10-22T23:59:00+00:00,NGX4@2014-10-29,0.0260511709080817,0.020621838368895
2014-10-23T00:00:00+00:00,2014-10-23T23:59:00+00:00,2014-10-23T23:59:00+00:00,NGX4@2014-10-29,0.0257097320598467,0.0253688347967047
2014-10-24T00:00:00+00:00,2014-10-26T23:59:24.860000+00:00,2014-10-26T23:59:24.860000+00:00,NGX4@2014-10-29,0.0185087393611234,0.0295708639764221
2014-10-27T00:00:00+00:00,2014-10-27T23:59:00+00:00,2014-10-27T23:59:00+00:00,NGX4@2014-10-29,0.0215897808834468,0.0256072652520454
2014-10-28T00:00:00+00:00,2014-10-28T23:59:00+00:00,2014-10-28T23:59:00+00:00,NGZ4@2014-11-25,0.016128451858594,0.0258436310042804
2014-10-29T00:00:00+00:00,2014-10-29T23:59:00+00:00,2014-10-29T23:59:00+00:00,NGZ4@2014-11-25,0.0119859337838048,0.0252131252203556
2014-10-30T00:00:00+00:00,2014-10-30T23:59:00+00:00,2014-10-30T23:59:00+00:00,NGZ4@2014-11-25,0.0062193592234807,0.02684871510309
2014-10-31T00:00:00+00:00,2014-11-02T23:59:24.393000+00:00,2014-11-02T23:59:24.393000+00:00,NGZ4@2014-11-25,0.0135999970082199,0.0206406861890462
2014-11-03T00:00:00+00:00,2014-11-04T23:53:45.798000+00:00,2014-11-04T23:53:45.798000+00:00,NGZ4@2014-11-25,-0.0018986615955061,0.0275453798125827
2014-11-04T00:00:00+00:00,2014-11-05T23:54:51.086000+00:00,2014-11-05T23:54:51.086000+00:00,NGZ4@2014-11-25,-0.0075452711456578,0.0206992037345845
2014-11-05T00:00:00+00:00,2014-11-06T23:50:11.627000+00:00,2014-11-06T23:50:11.627000+00:00,NGZ4@2014-11-25,-0.0051748179755432,0.0414740778894958
2014-11-06T00:00:00+00:00,2014-11-06T23:59:59.682000+00:00,2014-11-06T23:59:59.682000+00:00,NGZ4@2014-11-25,-0.029498288591396,0.029861088292576
2014-11-07T00:00:00+00:00,2014-11-09T23:53:31.685000+00:00,2014-11-09T23:53:31.685000+00:00,NGZ4@2014-11-25,-0.0238662069860345,0.0272384106935935
2014-11-10T00:00:00+00:00,2014-11-11T23:37:04.709000+00:00,2014-11-11T23:37:04.709000+00:00,NGZ4@2014-11-25,-0.0063048637443737,0.0391023220446405
2014-11-11T00:00:00+00:00,2014-11-12T23:49:08.234000+00:00,2014-11-12T23:49:08.234000+00:00,NGZ4@2014-11-25,-0.0069563417685957,0.0296115535697149
2014-11-12T00:00:00+00:00,2014-11-13T23:25:22.526000+00:00,2014-11-13T23:25:22.526000+00:00,NGZ4@2014-11-25,-0.0009452441020826,0.0259943484225655
2014-11-13T00:00:00+00:00,2014-11-13T23:59:00+00:00,2014-11-13T23:59:00+00:00,NGZ4@2014-11-25,0.0042153317622033,0.0252036063436897
2014-11-14T00:00:00+00:00,2014-11-16T23:44:08.137000+00:00,2014-11-16T23:44:08.137000+00:00,NGZ4@2014-11-25,-0.0172762496223064,0.0222786633553278
2014-11-17T00:00:00+00:00,2014-11-17T23:59:00+00:00,2014-11-17T23:59:00+00:00,NGZ4@2014-11-25,-0.0275477254113485,0.0277559147324672
2014-11-18T00:00:00+00:00,2014-11-18T23:59:00+00:00,2014-11-18T23:59:00+00:00,NGZ4@2014-11-25,-0.0084432980898752,0.0295314302272604
2014-11-19T00:00:00+00:00,2014-11-19T23:59:00+00:00,2014-11-19T23:59:00+00:00,NGZ4@2014-11-25,-0.0306877333106828,0.0361184274586784
2014-11-20T00:00:00+00:00,2014-11-20T23:59:00+00:00,2014-11-20T23:59:00+00:00,NGZ4@2014-11-25,-0.0280866088114174,0.0302511354688573
2014-11-21T00:00:00+00:00,2014-11-23T23:34:17.225000+00:00,2014-11-23T23:34:17.225000+00:00,NGZ4@2014-11-25,-0.003151883709757,0.0282783796474323
2014-11-24T00:00:00+00:00,2014-11-25T23:59:59.137000+00:00,2014-11-25T23:59:59.137000+00:00,NGZ4@2014-11-25,-0.016310540770015,0.0233494093283817
2014-11-26T00:00:00+00:00,2014-11-26T23:59:00+00:00,2014-11-26T23:59:00+00:00,NGF5@2014-12-29,-0.0139225457210081,0.02808401149395
2014-11-28T00:00:00+00:00,2014-11-30T23:48:48.921000+00:00,2014-11-30T23:48:48.921000+00:00,NGF5@2014-12-29,0.0143837195535598,0.0203683257219723
2014-12-01T00:00:00+00:00,2014-12-02T23:31:13.155000+00:00,2014-12-02T23:31:13.155000+00:00,NGF5@2014-12-29,-0.0006776319609748,0.0186143886475336
2014-12-02T00:00:00+00:00,2014-12-03T23:38:59.429000+00:00,2014-12-03T23:38:59.429000+00:00,NGF5@2014-12-29,0.0135013287947747,0.0251587161988189
2014-12-03T00:00:00+00:00,2014-12-03T23:59:00+00:00,2014-12-03T23:59:00+00:00,NGF5@2014-12-29,0.0361889851256937,0.0336014104116051
2014-12-04T00:00:00+00:00,2014-12-05T00:25:14.493000+00:00,2014-12-05T00:25:14.493000+00:00,NGF5@2014-12-29,0.0291448942533842,0.0278809146740512
2014-12-05T00:00:00+00:00,2014-12-07T23:58:47.667000+00:00,2014-12-07T23:58:47.667000+00:00,NGF5@2014-12-29,0.0123432045356406,0.0226215636108753
2014-12-08T00:00:00+00:00,2014-12-09T23:49:54.546000+00:00,2014-12-09T23:49:54.546000+00:00,NGF5@2014-12-29,0.0304036691958031,0.0256025533881976
2014-12-09T00:00:00+00:00,2014-12-09T23:59:00+00:00,2014-12-09T23:59:00+00:00,NGF5@2014-12-29,0.0348248101225514,0.0248348968791384
2014-12-10T00:00:00+00:00,2014-12-10T23:59:00+00:00,2014-12-10T23:59:00+00:00,NGF5@2014-12-29,0.0296033575638035,0.0235738213198836
2014-12-11T00:00:00+00:00,2014-12-11T23:59:00+00:00,2014-12-11T23:59:00+00:00,NGF5@2014-12-29,0.0474480291071734,0.0410700300975961
2014-12-12T00:00:00+00:00,2014-12-14T23:55:14.222000+00:00,2014-12-14T23:55:14.222000+00:00,NGF5@2014-12-29,0.0186359503641586,0.0262215547806955
2014-12-15T00:00:00+00:00,2014-12-15T23:59:00+00:00,2014-12-15T23:59:00+00:00,NGF5@2014-12-29,0.0217254997318625,0.021013375530895
2014-12-16T00:00:00+00:00,2014-12-16T23:59:00+00:00,2014-12-16T23:59:00+00:00,NGF5@2014-12-29,0.0257383012561545,0.0348073401640165
2014-12-17T00:00:00+00:00,2014-12-17T23:59:00+00:00,2014-12-17T23:59:00+00:00,NGF5@2014-12-29,0.0153530605189902,0.0235665704786163
2014-12-18T00:00:00+00:00,2014-12-19T00:06:10.343000+00:00,2014-12-19T00:06:10.343000+00:00,NGF5@2014-12-29,0.025257897937539,0.0256042522182224
2014-12-19T00:00:00+00:00,2014-12-21T23:54:42.963000+00:00,2014-12-21T23:54:42.963000+00:00,NGF5@2014-12-29,0.0576228796570921,0.0351524878848934
2014-12-22T00:00:00+00:00,2014-12-23T23:22:52.304000+00:00,2014-12-23T23:22:52.304000+00:00,NGF5@2014-12-29,0.0471444618044876,0.0372810063399667
2014-12-23T00:00:00+00:00,2014-12-23T23:59:00+00:00,2014-12-23T23:59:00+00:00,NGF5@2014-12-29,0.0854112685720438,0.036409119458722
2014-12-24T00:00:00+00:00,2014-12-24T23:59:00+00:00,2014-12-24T23:59:00+00:00,NGF5@2014-12-29,0.1200218596868769,0.0445165926577665
2014-12-26T00:00:00+00:00,2014-12-28T23:56:23.903000+00:00,2014-12-28T23:56:23.903000+00:00,NGF5@2014-12-29,0.0688617658520813,0.0458285458086349
2014-12-29T00:00:00+00:00,2014-12-30T23:18:12.270000+00:00,2014-12-30T23:18:12.270000+00:00,NGG5@2015-01-28,0.0576245164300333,0.0320823221140562
2014-12-30T00:00:00+00:00,2014-12-30T23:59:00+00:00,2014-12-30T23:59:00+00:00,NGG5@2015-01-28,0.075989013686561,0.0437460995118205
2014-12-31T00:00:00+00:00,2015-01-01T23:52:58.552000+00:00,2015-01-01T23:52:58.552000+00:00,NGG5@2015-01-28,0.0579525810770571,0.0358128596759447
2015-01-02T00:00:00+00:00,2015-01-04T23:15:18.413000+00:00,2015-01-04T23:15:18.413000+00:00,NGG5@2015-01-28,0.1005998866795041,0.0551477971312321
2015-01-05T00:00:00+00:00,2015-01-06T23:35:07.427000+00:00,2015-01-06T23:35:07.427000+00:00,NGG5@2015-01-28,0.109805437597898,0.0486525304083858
2015-01-06T00:00:00+00:00,2015-01-06T23:59:00+00:00,2015-01-06T23:59:00+00:00,NGG5@2015-01-28,0.1193927811698678,0.0726818307045778
2015-01-07T00:00:00+00:00,2015-01-08T23:51:02.927000+00:00,2015-01-08T23:51:02.927000+00:00,NGG5@2015-01-28,0.0974664565632221,0.048789494735257
2015-01-08T00:00:00+00:00,2015-01-09T00:04:18.796000+00:00,2015-01-09T00:04:18.796000+00:00,NGG5@2015-01-28,0.0963574664784054,0.1026968335430122
2015-01-09T00:00:00+00:00,2015-01-11T23:53:23.694000+00:00,2015-01-11T23:53:23.694000+00:00,NGG5@2015-01-28,0.2063428110823693,0.1139010765083408
2015-01-12T00:00:00+00:00,2015-01-12T23:59:00+00:00,2015-01-12T23:59:00+00:00,NGG5@2015-01-28,0.1848661030659608,0.1165831178203782
2015-01-13T00:00:00+00:00,2015-01-13T23:59:00+00:00,2015-01-13T23:59:00+00:00,NGG5@2015-01-28,0.1337209684738944,0.0607825230130658
2015-01-14T00:00:00+00:00,2015-01-14T23:59:00+00:00,2015-01-14T23:59:00+00:00,NGG5@2015-01-28,0.0711136841643862,0.0633378691063135
2015-01-15T00:00:00+00:00,2015-01-15T23:59:00+00:00,2015-01-15T23:59:00+00:00,NGG5@2015-01-28,0.0838637764998309,0.056525027658057
2015-01-16T00:00:00+00:00,2015-01-18T23:51:28.323000+00:00,2015-01-18T23:51:28.323000+00:00,NGG5@2015-01-28,0.1251018344872967,0.0679669156066795
2015-01-20T00:00:00+00:00,2015-01-20T23:59:00+00:00,2015-01-20T23:59:00+00:00,NGG5@2015-01-28,0.0832819877632429,0.0426398969694472
2015-01-21T00:00:00+00:00,2015-01-21T23:59:00+00:00,2015-01-21T23:59:00+00:00,NGG5@2015-01-28,0.091366631279349,0.0569566665404292
2015-01-22T00:00:00+00:00,2015-01-22T23:59:00+00:00,2015-01-22T23:59:00+00:00,NGG5@2015-01-28,0.1367829507418565,0.0676448989964131
2015-01-23T00:00:00+00:00,2015-01-25T23:56:34.344000+00:00,2015-01-25T23:56:34.344000+00:00,NGG5@2015-01-28,0.1301423951275306,0.0698708668275839
2015-01-26T00:00:00+00:00,2015-01-27T23:23:16.568000+00:00,2015-01-27T23:23:16.568000+00:00,NGG5@2015-01-28,0.0933803439552807,0.0679989587064432
2015-01-27T00:00:00+00:00,2015-01-28T00:00:22.394000+00:00,2015-01-28T00:00:22.394000+00:00,NGG5@2015-01-28,0.0846118907419317,0.0801804455725156
2015-01-28T00:00:00+00:00,2015-01-28T23:59:00+00:00,2015-01-28T23:59:00+00:00,NGH5@2015-02-25,0.0757062012445868,0.0479083505642522
2015-01-29T00:00:00+00:00,2015-01-30T00:00:56.872000+00:00,2015-01-30T00:00:56.872000+00:00,NGH5@2015-02-25,0.1691275944519601,0.0858653215449501
2015-01-30T00:00:00+00:00,2015-02-01T23:15:08.851000+00:00,2015-02-01T23:15:08.851000+00:00,NGH5@2015-02-25,0.1584064447991202,0.0768033143515898
2015-02-02T00:00:00+00:00,2015-02-03T23:49:30.175000+00:00,2015-02-03T23:49:30.175000+00:00,NGH5@2015-02-25,0.0949390997925714,0.0511117595749299
2015-02-03T00:00:00+00:00,2015-02-04T22:45:09.454000+00:00,2015-02-04T22:45:09.454000+00:00,NGH5@2015-02-25,0.0388595680352663,0.0864477667874041
2015-02-04T00:00:00+00:00,2015-02-05T22:46:07.916000+00:00,2015-02-05T22:46:07.916000+00:00,NGH5@2015-02-25,0.0944350321490063,0.0595591122046449
2015-02-05T00:00:00+00:00,2015-02-05T23:59:00+00:00,2015-02-05T23:59:00+00:00,NGH5@2015-02-25,0.1336636970808196,0.0701995807401736
2015-02-06T00:00:00+00:00,2015-02-08T23:50:53.620000+00:00,2015-02-08T23:50:53.620000+00:00,NGH5@2015-02-25,0.1562868946955296,0.0690129516376033
2015-02-09T00:00:00+00:00,2015-02-10T23:28:36.550000+00:00,2015-02-10T23:28:36.550000+00:00,NGH5@2015-02-25,0.1129379272460937,0.078931769828913
2015-02-10T00:00:00+00:00,2015-02-10T23:59:00+00:00,2015-02-10T23:59:00+00:00,NGH5@2015-02-25,0.0798158188461592,0.0838235779262218
2015-02-11T00:00:00+00:00,2015-02-12T22:45:58.557000+00:00,2015-02-12T22:45:58.557000+00:00,NGH5@2015-02-25,0.0571694390981607,0.0737779618661341
2015-02-12T00:00:00+00:00,2015-02-12T23:59:00+00:00,2015-02-12T23:59:00+00:00,NGH5@2015-02-25,0.107554709814714,0.0672505546687891
2015-02-13T00:00:00+00:00,2015-02-15T23:27:38.397000+00:00,2015-02-15T23:27:38.397000+00:00,NGH5@2015-02-25,0.0771284117036965,0.0625068537667074
2015-02-17T00:00:00+00:00,2015-02-17T23:59:00+00:00,2015-02-17T23:59:00+00:00,NGH5@2015-02-25,0.058316573822241,0.071189729429835
2015-02-18T00:00:00+00:00,2015-02-18T23:59:00+00:00,2015-02-18T23:59:00+00:00,NGH5@2015-02-25,0.030089630750314,0.0429592166446665
2015-02-19T00:00:00+00:00,2015-02-19T23:59:00+00:00,2015-02-19T23:59:00+00:00,NGH5@2015-02-25,0.0615507648749784,0.0563825226642868
2015-02-20T00:00:00+00:00,2015-02-22T23:48:09.855000+00:00,2015-02-22T23:48:09.855000+00:00,NGH5@2015-02-25,0.0399399017873933,0.055673131329464
2015-02-23T00:00:00+00:00,2015-02-23T23:59:00+00:00,2015-02-23T23:59:00+00:00,NGH5@2015-02-25,0.0193177962600772,0.0400556439996261
2015-02-24T00:00:00+00:00,2015-02-25T23:12:30.897000+00:00,2015-02-25T23:12:30.897000+00:00,NGJ5@2015-03-27,0.0401434095454789,0.0455898107941617
2015-02-25T00:00:00+00:00,2015-02-25T23:59:00+00:00,2015-02-25T23:59:00+00:00,NGJ5@2015-03-27,0.0557573567266049,0.0636357846467391
2015-02-26T00:00:00+00:00,2015-02-26T23:59:00+00:00,2015-02-26T23:59:00+00:00,NGJ5@2015-03-27,0.1020514130238607,0.0623996958180775
2015-02-27T00:00:00+00:00,2015-03-01T23:56:02.192000+00:00,2015-03-01T23:56:02.192000+00:00,NGJ5@2015-03-27,0.0882669709265451,0.071576688562372
2015-03-02T00:00:00+00:00,2015-03-03T23:31:26.064000+00:00,2015-03-03T23:31:26.064000+00:00,NGJ5@2015-03-27,0.0671264086014185,0.0543031577431058
2015-03-03T00:00:00+00:00,2015-03-03T23:59:00+00:00,2015-03-03T23:59:00+00:00,NGJ5@2015-03-27,0.0217862134476465,0.0385762489495753
2015-03-04T00:00:00+00:00,2015-03-04T23:59:22.260000+00:00,2015-03-04T23:59:22.260000+00:00,NGJ5@2015-03-27,0.0518971309866955,0.0456896306793322
2015-03-05T00:00:00+00:00,2015-03-06T00:32:39.662000+00:00,2015-03-06T00:32:39.662000+00:00,NGJ5@2015-03-27,0.063449295103297,0.0673649671897186
2015-03-06T00:00:00+00:00,2015-03-08T23:48:27.827000+00:00,2015-03-08T23:48:27.827000+00:00,NGJ5@2015-03-27,0.0227286719405555,0.042992167072825
2015-03-09T00:00:00+00:00,2015-03-10T23:28:42.893000+00:00,2015-03-10T23:28:42.893000+00:00,NGJ5@2015-03-27,0.0398010338992433,0.0471030912434744
2015-03-10T00:00:00+00:00,2015-03-10T23:59:00+00:00,2015-03-10T23:59:00+00:00,NGJ5@2015-03-27,0.0497577883425752,0.0402182068205838
2015-03-11T00:00:00+00:00,2015-03-11T23:59:00+00:00,2015-03-11T23:59:00+00:00,NGJ5@2015-03-27,0.0244630060662283,0.0448069785352635
2015-03-12T00:00:00+00:00,2015-03-12T23:59:00+00:00,2015-03-12T23:59:00+00:00,NGJ5@2015-03-27,0.0576762099215786,0.0593898860552838
2015-03-13T00:00:00+00:00,2015-03-15T22:49:08.910000+00:00,2015-03-15T22:49:08.910000+00:00,NGJ5@2015-03-27,0.0446794153092231,0.0482832233242496
2015-03-16T00:00:00+00:00,2015-03-16T23:59:00+00:00,2015-03-16T23:59:00+00:00,NGJ5@2015-03-27,0.021095597709233,0.0457869674304483
2015-03-17T00:00:00+00:00,2015-03-17T23:59:00+00:00,2015-03-17T23:59:00+00:00,NGJ5@2015-03-27,-0.0065868277298777,0.0390594047412537
2015-03-18T00:00:00+00:00,2015-03-18T23:59:00+00:00,2015-03-18T23:59:00+00:00,NGJ5@2015-03-27,0.0115999778247999,0.0435978245726995
2015-03-19T00:00:00+00:00,2015-03-19T23:59:00+00:00,2015-03-19T23:59:00+00:00,NGJ5@2015-03-27,0.0609164744605035,0.044515601662078
2015-03-20T00:00:00+00:00,2015-03-22T22:31:44.975000+00:00,2015-03-22T22:31:44.975000+00:00,NGJ5@2015-03-27,0.0449386191094058,0.0576531064921412
2015-03-23T00:00:00+00:00,2015-03-23T23:59:00+00:00,2015-03-23T23:59:00+00:00,NGJ5@2015-03-27,0.0268744616930294,0.0388950359009811
2015-03-24T00:00:00+00:00,2015-03-24T23:59:00+00:00,2015-03-24T23:59:00+00:00,NGJ5@2015-03-27,0.0347204300963761,0.0456428836464496
2015-03-25T00:00:00+00:00,2015-03-25T23:59:00+00:00,2015-03-25T23:59:00+00:00,NGK5@2015-04-28,0.0393156954897089,0.049292150310387
2015-03-26T00:00:00+00:00,2015-03-26T23:59:00+00:00,2015-03-26T23:59:00+00:00,NGK5@2015-04-28,0.084173767312059,0.0618988226562226
2015-03-27T00:00:00+00:00,2015-03-29T23:30:31.334000+00:00,2015-03-29T23:30:31.334000+00:00,NGK5@2015-04-28,0.0209359620746811,0.0715958444695723
2015-03-30T00:00:00+00:00,2015-03-30T23:59:00+00:00,2015-03-30T23:59:00+00:00,NGK5@2015-04-28,0.0075998703337907,0.0351700793604883
2015-03-31T00:00:00+00:00,2015-04-01T22:28:58.138000+00:00,2015-04-01T22:28:58.138000+00:00,NGK5@2015-04-28,0.0388767994401855,0.0409502627675478
2015-04-01T00:00:00+00:00,2015-04-02T00:08:48.373000+00:00,2015-04-02T00:08:48.373000+00:00,NGK5@2015-04-28,0.0341967069185695,0.0471079349517822
2015-04-02T00:00:00+00:00,2015-04-02T23:59:00+00:00,2015-04-02T23:59:00+00:00,NGK5@2015-04-28,0.0328992466963675,0.0510321762350675
2015-04-06T00:00:00+00:00,2015-04-06T23:59:00+00:00,2015-04-06T23:59:00+00:00,NGK5@2015-04-28,0.0476056773575592,0.0656917158846301
2015-04-07T00:00:00+00:00,2015-04-07T23:59:00+00:00,2015-04-07T23:59:00+00:00,NGK5@2015-04-28,0.0346411583926962,0.040753992941933
2015-04-08T00:00:00+00:00,2015-04-08T23:59:00+00:00,2015-04-08T23:59:00+00:00,NGK5@2015-04-28,0.0695425632980195,0.0739199436865718
2015-04-09T00:00:00+00:00,2015-04-09T23:59:00+00:00,2015-04-09T23:59:00+00:00,NGK5@2015-04-28,0.0631392563864226,0.058226269751294
2015-04-10T00:00:00+00:00,2015-04-12T23:06:14.152000+00:00,2015-04-12T23:06:14.152000+00:00,NGK5@2015-04-28,-0.0042406707800161,0.0644819153975376
2015-04-13T00:00:00+00:00,2015-04-13T23:59:00+00:00,2015-04-13T23:59:00+00:00,NGK5@2015-04-28,0.041608397102735,0.0388850748657469
2015-04-14T00:00:00+00:00,2015-04-14T23:59:00+00:00,2015-04-14T23:59:00+00:00,NGK5@2015-04-28,0.0246949482567702,0.0452737830862214
2015-04-15T00:00:00+00:00,2015-04-15T23:59:00+00:00,2015-04-15T23:59:00+00:00,NGK5@2015-04-28,0.0121546863500112,0.0443891711745287
2015-04-16T00:00:00+00:00,2015-04-16T23:59:00+00:00,2015-04-16T23:59:00+00:00,NGK5@2015-04-28,0.028912243164926,0.0646258146125526
2015-04-17T00:00:00+00:00,2015-04-19T23:49:49.681000+00:00,2015-04-19T23:49:49.681000+00:00,NGK5@2015-04-28,0.0459526882438847,0.0577070459368011
2015-04-20T00:00:00+00:00,2015-04-20T23:59:00+00:00,2015-04-20T23:59:00+00:00,NGK5@2015-04-28,0.0297347164753847,0.0357230504353841
2015-04-21T00:00:00+00:00,2015-04-21T23:59:00+00:00,2015-04-21T23:59:00+00:00,NGK5@2015-04-28,0.043280876892066,0.0518860170176832
2015-04-22T00:00:00+00:00,2015-04-22T23:59:00+00:00,2015-04-22T23:59:00+00:00,NGK5@2015-04-28,0.0387351879706749,0.064633534504817
2015-04-23T00:00:00+00:00,2015-04-23T23:59:00+00:00,2015-04-23T23:59:00+00:00,NGK5@2015-04-28,0.0121597236099904,0.0600473017366683
2015-04-24T00:00:00+00:00,2015-04-26T23:52:48.225000+00:00,2015-04-26T23:52:48.225000+00:00,NGK5@2015-04-28,0.0352197768327704,0.0549478112968869
2015-04-27T00:00:00+00:00,2015-04-27T23:59:00+00:00,2015-04-27T23:59:00+00:00,NGK5@2015-04-28,-0.010996044618297,0.0341736497391244
2015-04-28T00:00:00+00:00,2015-04-28T23:59:00+00:00,2015-04-28T23:59:00+00:00,NGM5@2015-05-27,0.0488294212710376,0.0587265043387235
2015-04-29T00:00:00+00:00,2015-04-29T23:59:00+00:00,2015-04-29T23:59:00+00:00,NGM5@2015-05-27,0.0350904811378238,0.048964685556599
2015-04-30T00:00:00+00:00,2015-04-30T23:59:00+00:00,2015-04-30T23:59:00+00:00,NGM5@2015-05-27,-0.0071863623513969,0.0444767196638511
2015-05-01T00:00:00+00:00,2015-05-03T23:59:44.158000+00:00,2015-05-03T23:59:44.158000+00:00,NGM5@2015-05-27,0.0277281258673649,0.0416356848223883
2015-05-04T00:00:00+00:00,2015-05-04T23:59:00+00:00,2015-05-04T23:59:00+00:00,NGM5@2015-05-27,0.0032995012825856,0.0336840722262965
2015-05-05T00:00:00+00:00,2015-05-05T23:59:00+00:00,2015-05-05T23:59:00+00:00,NGM5@2015-05-27,0.0197736677923581,0.0359807890916289
2015-05-06T00:00:00+00:00,2015-05-06T23:59:00+00:00,2015-05-06T23:59:00+00:00,NGM5@2015-05-27,0.0198701229633322,0.0558911418018354
2015-05-07T00:00:00+00:00,2015-05-07T23:59:00+00:00,2015-05-07T23:59:00+00:00,NGM5@2015-05-27,0.0270888452338127,0.0512098699426738
2015-05-08T00:00:00+00:00,2015-05-10T23:57:46.425000+00:00,2015-05-10T23:57:46.425000+00:00,NGM5@2015-05-27,0.0003697272785549,0.0418754263297139
2015-05-11T00:00:00+00:00,2015-05-11T23:59:00+00:00,2015-05-11T23:59:00+00:00,NGM5@2015-05-27,0.0148762386179732,0.0310970665506528
2015-05-12T00:00:00+00:00,2015-05-12T23:59:00+00:00,2015-05-12T23:59:00+00:00,NGM5@2015-05-27,-0.0085844754760953,0.0352423014006672
2015-05-13T00:00:00+00:00,2015-05-13T23:59:00+00:00,2015-05-13T23:59:00+00:00,NGM5@2015-05-27,-0.0180971020547217,0.0360222685875797
2015-05-14T00:00:00+00:00,2015-05-14T23:59:00+00:00,2015-05-14T23:59:00+00:00,NGM5@2015-05-27,-0.0327438379881187,0.0370574671892873
2015-05-15T00:00:00+00:00,2015-05-17T23:28:45.704000+00:00,2015-05-17T23:28:45.704000+00:00,NGM5@2015-05-27,-0.0065569588392824,0.0528617532671307
2015-05-18T00:00:00+00:00,2015-05-18T23:59:00+00:00,2015-05-18T23:59:00+00:00,NGM5@2015-05-27,-0.0073976190708183,0.0485571523540406
2015-05-19T00:00:00+00:00,2015-05-19T23:59:00+00:00,2015-05-19T23:59:00+00:00,NGM5@2015-05-27,-0.0033097238173604,0.0523464008411147
2015-05-20T00:00:00+00:00,2015-05-20T23:59:00+00:00,2015-05-20T23:59:00+00:00,NGM5@2015-05-27,0.0034167177632475,0.038824455092266
2015-05-21T00:00:00+00:00,2015-05-21T23:59:00+00:00,2015-05-21T23:59:00+00:00,NGM5@2015-05-27,-0.0148927843945378,0.0396079411173076
2015-05-22T00:00:00+00:00,2015-05-24T23:57:41.930000+00:00,2015-05-24T23:57:41.930000+00:00,NGM5@2015-05-27,0.0254982232634282,0.0421589334048266
2015-05-26T00:00:00+00:00,2015-05-26T23:59:00+00:00,2015-05-26T23:59:00+00:00,NGM5@2015-05-27,0.0085627278451454,0.0247037419172693
2015-05-27T00:00:00+00:00,2015-05-27T23:59:00+00:00,2015-05-27T23:59:00+00:00,NGN5@2015-06-26,0.0064204226402257,0.0322181240085812
2015-05-28T00:00:00+00:00,2015-05-28T23:59:00+00:00,2015-05-28T23:59:00+00:00,NGN5@2015-06-26,0.0409673055013022,0.0740191774034588
2015-05-29T00:00:00+00:00,2015-05-31T22:43:00.053000+00:00,2015-05-31T22:43:00.053000+00:00,NGN5@2015-06-26,0.0668312754259246,0.0535188345725025
2015-06-01T00:00:00+00:00,2015-06-01T23:59:00+00:00,2015-06-01T23:59:00+00:00,NGN5@2015-06-26,0.0101640449379976,0.0350126230491782
2015-06-02T00:00:00+00:00,2015-06-02T23:59:00+00:00,2015-06-02T23:59:00+00:00,NGN5@2015-06-26,0.0037515781543873,0.0403912862141927
2015-06-03T00:00:00+00:00,2015-06-03T23:59:00+00:00,2015-06-03T23:59:00+00:00,NGN5@2015-06-26,0.0153057902396132,0.0465017453208848
2015-06-04T00:00:00+00:00,2015-06-04T23:59:00+00:00,2015-06-04T23:59:00+00:00,NGN5@2015-06-26,0.0469778748023446,0.0566286797389127
2015-06-05T00:00:00+00:00,2015-06-07T23:38:48.009000+00:00,2015-06-07T23:38:48.009000+00:00,NGN5@2015-06-26,0.0499715161424689,0.0519244035514128
2015-06-08T00:00:00+00:00,2015-06-08T23:59:00+00:00,2015-06-08T23:59:00+00:00,NGN5@2015-06-26,-0.0203447719996573,0.0378816999652377
2015-06-09T00:00:00+00:00,2015-06-09T23:59:00+00:00,2015-06-09T23:59:00+00:00,NGN5@2015-06-26,-0.0222454071044921,0.036116295371977
2015-06-10T00:00:00+00:00,2015-06-10T23:59:00+00:00,2015-06-10T23:59:00+00:00,NGN5@2015-06-26,-0.0188655892761104,0.035728068907891
2015-06-11T00:00:00+00:00,2015-06-11T23:59:00+00:00,2015-06-11T23:59:00+00:00,NGN5@2015-06-26,0.0310142735111234,0.0386629114770533
2015-06-12T00:00:00+00:00,2015-06-14T23:44:16.265000+00:00,2015-06-14T23:44:16.265000+00:00,NGN5@2015-06-26,0.0299793028106911,0.0417704347591151
2015-06-15T00:00:00+00:00,2015-06-15T23:59:00+00:00,2015-06-15T23:59:00+00:00,NGN5@2015-06-26,-0.0455693268513941,0.1074891168992598
2015-06-16T00:00:00+00:00,2015-06-16T23:59:00+00:00,2015-06-16T23:59:00+00:00,NGN5@2015-06-26,-0.0216980795462652,0.0337572610435775
2015-06-17T00:00:00+00:00,2015-06-17T23:59:00+00:00,2015-06-17T23:59:00+00:00,NGN5@2015-06-26,-0.0079250101867782,0.0363716519651396
2015-06-18T00:00:00+00:00,2015-06-18T23:59:00+00:00,2015-06-18T23:59:00+00:00,NGN5@2015-06-26,0.0339410473913737,0.0443672027917098
2015-06-19T00:00:00+00:00,2015-06-21T23:35:36.260000+00:00,2015-06-21T23:35:36.260000+00:00,NGN5@2015-06-26,0.0128978296374597,0.0638243154431065
2015-06-22T00:00:00+00:00,2015-06-22T23:59:00+00:00,2015-06-22T23:59:00+00:00,NGN5@2015-06-26,0.0198934835114787,0.0354412578916602
2015-06-23T00:00:00+00:00,2015-06-23T23:59:00+00:00,2015-06-23T23:59:00+00:00,NGN5@2015-06-26,0.0325458071647433,0.0436292875797376
2015-06-24T00:00:00+00:00,2015-06-24T23:59:00+00:00,2015-06-24T23:59:00+00:00,NGQ5@2015-07-29,0.0069183919621611,0.036430684314377
2015-06-25T00:00:00+00:00,2015-06-25T23:59:00+00:00,2015-06-25T23:59:00+00:00,NGQ5@2015-07-29,-0.0046884535405612,0.0371934655337982
2015-06-26T00:00:00+00:00,2015-06-28T23:50:38.142000+00:00,2015-06-28T23:50:38.142000+00:00,NGQ5@2015-07-29,0.0263168966615354,0.0392245867895701
2015-06-29T00:00:00+00:00,2015-06-29T23:59:00+00:00,2015-06-29T23:59:00+00:00,NGQ5@2015-07-29,0.0031135436247413,0.0615677807966583
2015-06-30T00:00:00+00:00,2015-07-01T22:10:09.887000+00:00,2015-07-01T22:10:09.887000+00:00,NGQ5@2015-07-29,-0.0017271362801962,0.0345826866860681
2015-07-01T00:00:00+00:00,2015-07-01T23:59:00+00:00,2015-07-01T23:59:00+00:00,NGQ5@2015-07-29,0.0188074142559486,0.0363545378658799
2015-07-02T00:00:00+00:00,2015-07-02T23:59:00+00:00,2015-07-02T23:59:00+00:00,NGQ5@2015-07-29,0.0045325205617694,0.0368936153461616
2015-07-03T00:00:00+00:00,2015-07-05T23:16:49.011000+00:00,2015-07-05T23:16:49.011000+00:00,NGQ5@2015-07-29,0.0138342957203998,0.0448312139683251
2015-07-06T00:00:00+00:00,2015-07-06T23:59:00+00:00,2015-07-06T23:59:00+00:00,NGQ5@2015-07-29,0.0067312741660241,0.0356368298800486
2015-07-07T00:00:00+00:00,2015-07-07T23:59:00+00:00,2015-07-07T23:59:00+00:00,NGQ5@2015-07-29,0.0251477333423897,0.0337927976603383
2015-07-08T00:00:00+00:00,2015-07-08T23:59:00+00:00,2015-07-08T23:59:00+00:00,NGQ5@2015-07-29,0.0313464720599923,0.0444890844533341
2015-07-09T00:00:00+00:00,2015-07-09T23:59:00+00:00,2015-07-09T23:59:00+00:00,NGQ5@2015-07-29,0.0137835701743325,0.0498154224493564
2015-07-10T00:00:00+00:00,2015-07-12T23:04:21.837000+00:00,2015-07-12T23:04:21.837000+00:00,NGQ5@2015-07-29,0.0278338559698112,0.0412631981639655
2015-07-13T00:00:00+00:00,2015-07-13T23:59:00+00:00,2015-07-13T23:59:00+00:00,NGQ5@2015-07-29,-0.0144182306916592,0.0293227428756719
2015-07-14T00:00:00+00:00,2015-07-14T23:59:00+00:00,2015-07-14T23:59:00+00:00,NGQ5@2015-07-29,0.0100141904597448,0.0394372428270525
2015-07-15T00:00:00+00:00,2015-07-15T23:59:00+00:00,2015-07-15T23:59:00+00:00,NGQ5@2015-07-29,0.0026993617343835,0.0418855788859915
2015-07-16T00:00:00+00:00,2015-07-16T23:59:00+00:00,2015-07-16T23:59:00+00:00,NGQ5@2015-07-29,-0.0080641041631284,0.0382303154986837
2015-07-17T00:00:00+00:00,2015-07-19T23:47:07.427000+00:00,2015-07-19T23:47:07.427000+00:00,NGQ5@2015-07-29,0.0093988804275639,0.0458371276010106
2015-07-20T00:00:00+00:00,2015-07-20T23:59:00+00:00,2015-07-20T23:59:00+00:00,NGQ5@2015-07-29,-0.019614540704406,0.0364326014377103
2015-07-21T00:00:00+00:00,2015-07-21T23:59:00+00:00,2015-07-21T23:59:00+00:00,NGQ5@2015-07-29,-0.0086206373946688,0.035394321788441
2015-07-22T00:00:00+00:00,2015-07-22T23:59:00+00:00,2015-07-22T23:59:00+00:00,NGQ5@2015-07-29,-0.0135710325267506,0.0403953556208729
2015-07-23T00:00:00+00:00,2015-07-23T23:59:00+00:00,2015-07-23T23:59:00+00:00,NGQ5@2015-07-29,0.003517794125617,0.0391051422357983
2015-07-24T00:00:00+00:00,2015-07-26T22:37:37.681000+00:00,2015-07-26T22:37:37.681000+00:00,NGQ5@2015-07-29,0.0050270340191103,0.0410104853925749
2015-07-27T00:00:00+00:00,2015-07-27T23:59:00+00:00,2015-07-27T23:59:00+00:00,NGQ5@2015-07-29,-0.0023537037875422,0.0312602844949774
2015-07-28T00:00:00+00:00,2015-07-28T23:59:00+00:00,2015-07-28T23:59:00+00:00,NGU5@2015-08-27,-0.0227851100158152,0.0745756147272208
2015-07-29T00:00:00+00:00,2015-07-29T23:59:00+00:00,2015-07-29T23:59:00+00:00,NGU5@2015-08-27,-0.0168722664437642,0.0578072843651322
2015-07-30T00:00:00+00:00,2015-07-30T23:59:00+00:00,2015-07-30T23:59:00+00:00,NGU5@2015-08-27,0.0034532050470046,0.0383951505595948
2015-07-31T00:00:00+00:00,2015-08-02T23:32:11.985000+00:00,2015-08-02T23:32:11.985000+00:00,NGU5@2015-08-27,0.0137087998358573,0.0442138206633734
2015-08-03T00:00:00+00:00,2015-08-03T23:59:00+00:00,2015-08-03T23:59:00+00:00,NGU5@2015-08-27,-0.0113839912760711,0.0347377167855763
2015-08-04T00:00:00+00:00,2015-08-04T23:59:00+00:00,2015-08-04T23:59:00+00:00,NGU5@2015-08-27,-0.0096751715883152,0.0602626087573042
2015-08-05T00:00:00+00:00,2015-08-05T23:59:00+00:00,2015-08-05T23:59:00+00:00,NGU5@2015-08-27,-0.0101286924077964,0.0404596756775888
2015-08-06T00:00:00+00:00,2015-08-06T23:59:00+00:00,2015-08-06T23:59:00+00:00,NGU5@2015-08-27,-0.0081486752873214,0.0398301569168253
2015-08-07T00:00:00+00:00,2015-08-09T23:54:07.210000+00:00,2015-08-09T23:54:07.210000+00:00,NGU5@2015-08-27,-0.0043354410829191,0.0400491029419777
2015-08-10T00:00:00+00:00,2015-08-10T23:59:00+00:00,2015-08-10T23:59:00+00:00,NGU5@2015-08-27,0.0034421089471712,0.0411769702435382
2015-08-11T00:00:00+00:00,2015-08-11T23:59:00+00:00,2015-08-11T23:59:00+00:00,NGU5@2015-08-27,-0.0104097708506273,0.0440313336560169
2015-08-12T00:00:00+00:00,2015-08-12T23:59:00+00:00,2015-08-12T23:59:00+00:00,NGU5@2015-08-27,-0.0100518949380814,0.0441490217696788
2015-08-13T00:00:00+00:00,2015-08-13T23:59:00+00:00,2015-08-13T23:59:00+00:00,NGU5@2015-08-27,0.017413529637021,0.0394296815811102
2015-08-14T00:00:00+00:00,2015-08-16T23:38:18.571000+00:00,2015-08-16T23:38:18.571000+00:00,NGU5@2015-08-27,0.0094626524065872,0.0386439112741639
2015-08-17T00:00:00+00:00,2015-08-17T23:59:00+00:00,2015-08-17T23:59:00+00:00,NGU5@2015-08-27,-0.0044008212339584,0.0440718535761453
2015-08-18T00:00:00+00:00,2015-08-18T23:59:00+00:00,2015-08-18T23:59:00+00:00,NGU5@2015-08-27,-0.0119724927509222,0.0768244771820304
2015-08-19T00:00:00+00:00,2015-08-19T23:59:00+00:00,2015-08-19T23:59:00+00:00,NGU5@2015-08-27,-0.0194919321448128,0.0598442954918518
2015-08-20T00:00:00+00:00,2015-08-20T23:59:00+00:00,2015-08-20T23:59:00+00:00,NGU5@2015-08-27,-0.0057882919810177,0.0452612653190706
2015-08-21T00:00:00+00:00,2015-08-23T23:40:18.150000+00:00,2015-08-23T23:40:18.150000+00:00,NGU5@2015-08-27,0.0100040109263153,0.0941383381692015
2015-08-24T00:00:00+00:00,2015-08-24T23:59:00+00:00,2015-08-24T23:59:00+00:00,NGU5@2015-08-27,-0.0077742252005152,0.0550229865384389
2015-08-25T00:00:00+00:00,2015-08-25T23:59:00+00:00,2015-08-25T23:59:00+00:00,NGV5@2015-09-28,0.0010447048089734,0.0361784072485885
2015-08-26T00:00:00+00:00,2015-08-26T23:59:00+00:00,2015-08-26T23:59:00+00:00,NGV5@2015-09-28,0.0482858104776715,0.0399970653775013
2015-08-27T00:00:00+00:00,2015-08-27T23:59:00+00:00,2015-08-27T23:59:00+00:00,NGV5@2015-09-28,0.0299076967893265,0.0390384741247526
2015-08-28T00:00:00+00:00,2015-08-30T23:34:17.211000+00:00,2015-08-30T23:34:17.211000+00:00,NGV5@2015-09-28,0.031778282355982,0.0455127413577445
2015-08-31T00:00:00+00:00,2015-08-31T23:59:00+00:00,2015-08-31T23:59:00+00:00,NGV5@2015-09-28,-0.0001293554330874,0.0429024783305887
2015-09-01T00:00:00+00:00,2015-09-01T23:59:00+00:00,2015-09-01T23:59:00+00:00,NGV5@2015-09-28,0.0382073926534518,0.0367749546287132
2015-09-02T00:00:00+00:00,2015-09-02T23:59:00+00:00,2015-09-02T23:59:00+00:00,NGV5@2015-09-28,0.0329014614608833,0.0403359735862257
2015-09-03T00:00:00+00:00,2015-09-03T23:59:00+00:00,2015-09-03T23:59:00+00:00,NGV5@2015-09-28,0.0024819803730951,0.0402568186051384
2015-09-04T00:00:00+00:00,2015-09-06T23:58:05.529000+00:00,2015-09-06T23:58:05.529000+00:00,NGV5@2015-09-28,0.0079143633490055,0.0498235495381765
2015-09-08T00:00:00+00:00,2015-09-08T23:59:00+00:00,2015-09-08T23:59:00+00:00,NGV5@2015-09-28,-0.0086805050516447,0.0446002042638698
2015-09-09T00:00:00+00:00,2015-09-09T23:59:00+00:00,2015-09-09T23:59:00+00:00,NGV5@2015-09-28,0.007931611449232,0.0373449866729587
2015-09-10T00:00:00+00:00,2015-09-10T23:59:00+00:00,2015-09-10T23:59:00+00:00,NGV5@2015-09-28,-0.0090517554544787,0.0504763013349179
2015-09-11T00:00:00+00:00,2015-09-13T23:43:04.247000+00:00,2015-09-13T23:43:04.247000+00:00,NGV5@2015-09-28,-0.0172487359746391,0.0600381653786415
2015-09-14T00:00:00+00:00,2015-09-15T22:34:13.987000+00:00,2015-09-15T22:34:13.987000+00:00,NGV5@2015-09-28,-0.0304329511701091,0.0560548378804708
2015-09-15T00:00:00+00:00,2015-09-15T23:59:00+00:00,2015-09-15T23:59:00+00:00,NGV5@2015-09-28,-0.0001593354677926,0.0464788037839385
2015-09-16T00:00:00+00:00,2015-09-16T23:59:00+00:00,2015-09-16T23:59:00+00:00,NGV5@2015-09-28,0.0111989245232297,0.0547607948434862
2015-09-17T00:00:00+00:00,2015-09-17T23:59:00+00:00,2015-09-17T23:59:00+00:00,NGV5@2015-09-28,0.0065514814114244,0.0470934404728091
2015-09-18T00:00:00+00:00,2015-09-20T23:56:51.870000+00:00,2015-09-20T23:56:51.870000+00:00,NGV5@2015-09-28,0.0366882792818799,0.0492286316035118
2015-09-21T00:00:00+00:00,2015-09-21T23:59:00+00:00,2015-09-21T23:59:00+00:00,NGV5@2015-09-28,0.0228728283615438,0.0390510343939633
2015-09-22T00:00:00+00:00,2015-09-22T23:59:00+00:00,2015-09-22T23:59:00+00:00,NGV5@2015-09-28,0.0116372313849169,0.0841273417711535
2015-09-23T00:00:00+00:00,2015-09-23T23:59:00+00:00,2015-09-23T23:59:00+00:00,NGV5@2015-09-28,0.0187603620239733,0.0511132325643695
2015-09-24T00:00:00+00:00,2015-09-24T23:59:00+00:00,2015-09-24T23:59:00+00:00,NGV5@2015-09-28,0.0090327871371311,0.0455696639955643
2015-09-25T00:00:00+00:00,2015-09-27T23:39:17.844000+00:00,2015-09-27T23:39:17.844000+00:00,NGV5@2015-09-28,0.0265564965175322,0.0412500534505526
2015-09-28T00:00:00+00:00,2015-09-28T23:59:00+00:00,2015-09-28T23:59:00+00:00,NGX5@2015-10-28,0.0159330328707845,0.0398595278567931
2015-09-29T00:00:00+00:00,2015-09-29T23:59:00+00:00,2015-09-29T23:59:00+00:00,NGX5@2015-10-28,0.0253311770882427,0.0429630095149229
2015-09-30T00:00:00+00:00,2015-09-30T23:59:00+00:00,2015-09-30T23:59:00+00:00,NGX5@2015-10-28,0.050105019520394,0.0619239957907454
2015-10-01T00:00:00+00:00,2015-10-01T23:59:00+00:00,2015-10-01T23:59:00+00:00,NGX5@2015-10-28,0.0766646072525611,0.0633549866562704
2015-10-02T00:00:00+00:00,2015-10-04T23:09:19.107000+00:00,2015-10-04T23:09:19.107000+00:00,NGX5@2015-10-28,0.0301783017301364,0.0740820579683249
2015-10-05T00:00:00+00:00,2015-10-05T23:59:00+00:00,2015-10-05T23:59:00+00:00,NGX5@2015-10-28,0.0318502590253755,0.0400076825897414
2015-10-06T00:00:00+00:00,2015-10-06T23:59:00+00:00,2015-10-06T23:59:00+00:00,NGX5@2015-10-28,0.0356875972151513,0.0476649366062054
2015-10-07T00:00:00+00:00,2015-10-07T23:59:00+00:00,2015-10-07T23:59:00+00:00,NGX5@2015-10-28,0.0625770397625904,0.0502578266419913
2015-10-08T00:00:00+00:00,2015-10-08T23:59:00+00:00,2015-10-08T23:59:00+00:00,NGX5@2015-10-28,0.04106657461861,0.0515600085498341
2015-10-09T00:00:00+00:00,2015-10-11T22:16:31.319000+00:00,2015-10-11T22:16:31.319000+00:00,NGX5@2015-10-28,0.0195679134792752,0.0638523745158362
2015-10-12T00:00:00+00:00,2015-10-12T23:59:00+00:00,2015-10-12T23:59:00+00:00,NGX5@2015-10-28,-0.0105786289835387,0.0358215955328211
2015-10-13T00:00:00+00:00,2015-10-13T23:59:00+00:00,2015-10-13T23:59:00+00:00,NGX5@2015-10-28,0.0497752774393194,0.0415957184511432
2015-10-14T00:00:00+00:00,2015-10-14T23:59:00+00:00,2015-10-14T23:59:00+00:00,NGX5@2015-10-28,0.0265048094621793,0.0461605590159498
2015-10-15T00:00:00+00:00,2015-10-15T23:59:01.290000+00:00,2015-10-15T23:59:01.290000+00:00,NGX5@2015-10-28,0.0661070908957381,0.0452684193122677
2015-10-16T00:00:00+00:00,2015-10-18T22:40:15.369000+00:00,2015-10-18T22:40:15.369000+00:00,NGX5@2015-10-28,0.0776992290168325,0.0525450185831554
2015-10-19T00:00:00+00:00,2015-10-19T23:59:00+00:00,2015-10-19T23:59:00+00:00,NGX5@2015-10-28,0.0184333437965029,0.0438324358097459
2015-10-20T00:00:00+00:00,2015-10-20T23:59:00+00:00,2015-10-20T23:59:00+00:00,NGX5@2015-10-28,0.0215404332642386,0.0456470001932125
2015-10-21T00:00:00+00:00,2015-10-21T23:59:00+00:00,2015-10-21T23:59:00+00:00,NGX5@2015-10-28,0.0482224695489963,0.0617517023459759
2015-10-22T00:00:00+00:00,2015-10-22T23:59:00+00:00,2015-10-22T23:59:00+00:00,NGX5@2015-10-28,0.0550460654131705,0.05282035085666
2015-10-23T00:00:00+00:00,2015-10-25T23:09:02.330000+00:00,2015-10-25T23:09:02.330000+00:00,NGX5@2015-10-28,0.1024079998038098,0.0769181608996961
2015-10-26T00:00:00+00:00,2015-10-26T23:59:00+00:00,2015-10-26T23:59:00+00:00,NGX5@2015-10-28,0.1172004617177522,0.0507721534142127
2015-10-27T00:00:00+00:00,2015-10-27T23:59:00+00:00,2015-10-27T23:59:00+00:00,NGZ5@2015-11-25,0.0576385814732656,0.0581474079143332
2015-10-28T00:00:00+00:00,2015-10-28T23:59:00+00:00,2015-10-28T23:59:00+00:00,NGZ5@2015-11-25,0.0733834356975804,0.0830161685429895
2015-10-29T00:00:00+00:00,2015-10-29T23:59:00+00:00,2015-10-29T23:59:00+00:00,NGZ5@2015-11-25,0.1128664973374196,0.0723775242037184
2015-10-30T00:00:00+00:00,2015-11-01T23:56:46.264000+00:00,2015-11-01T23:56:46.264000+00:00,NGZ5@2015-11-25,0.0769324809506761,0.0836168607765578
2015-11-02T00:00:00+00:00,2015-11-03T23:49:26.430000+00:00,2015-11-03T23:49:26.430000+00:00,NGZ5@2015-11-25,0.0728734559864796,0.0441195959526789
2015-11-03T00:00:00+00:00,2015-11-04T23:30:19.642000+00:00,2015-11-04T23:30:19.642000+00:00,NGZ5@2015-11-25,0.0894426505817986,0.067814536716627
2015-11-04T00:00:00+00:00,2015-11-05T23:49:31.586000+00:00,2015-11-05T23:49:31.586000+00:00,NGZ5@2015-11-25,0.0438140716283976,0.0639242099172373
2015-11-05T00:00:00+00:00,2015-11-05T23:59:38.480000+00:00,2015-11-05T23:59:38.480000+00:00,NGZ5@2015-11-25,0.0482426417075982,0.066067505691011
2015-11-06T00:00:00+00:00,2015-11-08T23:55:58.631000+00:00,2015-11-08T23:55:58.631000+00:00,NGZ5@2015-11-25,0.0509628652260814,0.0782811717622599
2015-11-09T00:00:00+00:00,2015-11-10T23:38:19.215000+00:00,2015-11-10T23:38:19.215000+00:00,NGZ5@2015-11-25,0.0456022398104081,0.0429736059707826
2015-11-10T00:00:00+00:00,2015-11-10T23:59:00+00:00,2015-11-10T23:59:00+00:00,NGZ5@2015-11-25,0.027199905965012,0.050961843430868
2015-11-11T00:00:00+00:00,2015-11-12T23:42:41.389000+00:00,2015-11-12T23:42:41.389000+00:00,NGZ5@2015-11-25,0.0782829311543864,0.074046658608736
2015-11-12T00:00:00+00:00,2015-11-13T00:07:01.088000+00:00,2015-11-13T00:07:01.088000+00:00,NGZ5@2015-11-25,0.02127638578831,0.0555706689911155
2015-11-13T00:00:00+00:00,2015-11-15T23:41:21.781000+00:00,2015-11-15T23:41:21.781000+00:00,NGZ5@2015-11-25,0.033736035646734,0.0579868401492587
2015-11-16T00:00:00+00:00,2015-11-17T23:44:11.779000+00:00,2015-11-17T23:44:11.779000+00:00,NGZ5@2015-11-25,0.0209105896178056,0.0743262812469846
2015-11-17T00:00:00+00:00,2015-11-18T23:33:30.164000+00:00,2015-11-18T23:33:30.164000+00:00,NGZ5@2015-11-25,0.0325006672421974,0.0676152475872707
2015-11-18T00:00:00+00:00,2015-11-18T23:59:00+00:00,2015-11-18T23:59:00+00:00,NGZ5@2015-11-25,0.0520991397230592,0.0590573843211343
2015-11-19T00:00:00+00:00,2015-11-20T14:58:06.288033902+00:00,2015-11-20T14:58:06.288033902+00:00,NGZ5@2015-11-25,0.0499017804676942,0.0567309959526095
2015-11-20T00:00:00+00:00,2015-11-23T15:03:15.744063964+00:00,2015-11-23T15:03:15.744063964+00:00,NGZ5@2015-11-25,0.0805381675125114,0.1004386983815335
2015-11-23T00:00:00+00:00,2015-11-24T15:06:01.362515805+00:00,2015-11-24T15:06:01.362515805+00:00,NGZ5@2015-11-25,0.002484491185283,0.0632574596801475
2015-11-24T00:00:00+00:00,2015-11-25T15:22:00.847600563+00:00,2015-11-25T15:22:00.847600563+00:00,NGZ5@2015-11-25,0.0207235704571386,0.0383206838249943
2015-11-25T00:00:00+00:00,2015-11-27T15:00:18.735667496+00:00,2015-11-27T15:00:18.735667496+00:00,NGF6@2015-12-29,0.0677137635761482,0.0413196065143249
2015-11-27T00:00:00+00:00,2015-11-30T14:59:53.739401397+00:00,2015-11-30T14:59:53.739401397+00:00,NGF6@2015-12-29,0.0557628609323694,0.0736018601799953
2015-11-30T00:00:00+00:00,2015-12-01T15:05:15.818018994+00:00,2015-12-01T15:05:15.818018994+00:00,NGF6@2015-12-29,0.0666909546613585,0.0383702416095501
2015-12-01T00:00:00+00:00,2015-12-02T15:01:20.078908174+00:00,2015-12-02T15:01:20.078908174+00:00,NGF6@2015-12-29,0.0663542076138381,0.0420121294496722
2015-12-02T00:00:00+00:00,2015-12-03T15:01:19.499051771+00:00,2015-12-03T15:01:19.499051771+00:00,NGF6@2015-12-29,0.0464431389289743,0.0680724487585179
2015-12-03T00:00:00+00:00,2015-12-04T15:02:52.270948736+00:00,2015-12-04T15:02:52.270948736+00:00,NGF6@2015-12-29,0.044430293706513,0.039729293955383
2015-12-04T00:00:00+00:00,2015-12-07T18:05:38.275065999+00:00,2015-12-07T18:05:38.275065999+00:00,NGF6@2015-12-29,0.0726382007529009,0.0601944687602284
2015-12-07T00:00:00+00:00,2015-12-08T15:01:29.774439905+00:00,2015-12-08T15:01:29.774439905+00:00,NGF6@2015-12-29,0.0648352562347587,0.0354137723845553
2015-12-08T00:00:00+00:00,2015-12-09T14:57:19.828726764+00:00,2015-12-09T14:57:19.828726764+00:00,NGF6@2015-12-29,0.1002676173200067,0.0583374305600506
2015-12-09T00:00:00+00:00,2015-12-10T14:58:22.297316342+00:00,2015-12-10T14:58:22.297316342+00:00,NGF6@2015-12-29,0.0783210022075955,0.048832690462153
2015-12-10T00:00:00+00:00,2015-12-11T14:58:33.673549174+00:00,2015-12-11T14:58:33.673549174+00:00,NGF6@2015-12-29,0.0670380954349261,0.101016657384812
2015-12-11T00:00:00+00:00,2015-12-14T14:57:56.012514840+00:00,2015-12-14T14:57:56.012514840+00:00,NGF6@2015-12-29,0.1194060547183257,0.0772490645899917
2015-12-14T00:00:00+00:00,2015-12-15T15:01:41.049645390+00:00,2015-12-15T15:01:41.049645390+00:00,NGF6@2015-12-29,0.0730357265572905,0.0509569466553699
2015-12-15T00:00:00+00:00,2015-12-16T15:00:16.180685073+00:00,2015-12-16T15:00:16.180685073+00:00,NGF6@2015-12-29,0.1000860273540185,0.0445430375416367
2015-12-16T00:00:00+00:00,2015-12-17T15:02:54.007186516+00:00,2015-12-17T15:02:54.007186516+00:00,NGF6@2015-12-29,0.1044604157748287,0.0495683983580706
2015-12-17T00:00:00+00:00,2015-12-18T14:57:42.885535592+00:00,2015-12-18T14:57:42.885535592+00:00,NGF6@2015-12-29,0.1319289417386804,0.0721458846190917
2015-12-18T00:00:00+00:00,2015-12-21T14:56:34.086640583+00:00,2015-12-21T14:56:34.086640583+00:00,NGF6@2015-12-29,0.1589637896832259,0.0899816032171924
2015-12-21T00:00:00+00:00,2015-12-22T14:58:25.432775398+00:00,2015-12-22T14:58:25.432775398+00:00,NGF6@2015-12-29,0.0699295960424841,0.06976378069405
2015-12-22T00:00:00+00:00,2015-12-23T14:58:46.029437223+00:00,2015-12-23T14:58:46.029437223+00:00,NGF6@2015-12-29,0.0783229983827602,0.0723537908909955
2015-12-23T00:00:00+00:00,2015-12-24T15:00:08.639073458+00:00,2015-12-24T15:00:08.639073458+00:00,NGF6@2015-12-29,0.0152037930452662,0.0368473459164261
2015-12-24T00:00:00+00:00,2015-12-28T14:58:12.345694265+00:00,2015-12-28T14:58:12.345694265+00:00,NGF6@2015-12-29,0.0102718747444414,0.0598382763017286
2015-12-28T00:00:00+00:00,2015-12-29T15:02:28.178361722+00:00,2015-12-29T15:02:28.178361722+00:00,NGF6@2015-12-29,0.0021353129668195,0.0385674234481328
2015-12-30T00:00:00+00:00,2015-12-31T15:22:14.793741324+00:00,2015-12-31T15:22:14.793741324+00:00,NGG6@2016-01-27,0.0160521236342512,0.0748139467801351
2015-12-31T00:00:00+00:00,2016-01-04T18:10:11.092868650+00:00,2016-01-04T18:10:11.092868650+00:00,NGG6@2016-01-27,0.0164147234977558,0.0671827032210979
2016-01-04T00:00:00+00:00,2016-01-05T16:44:59.687177192+00:00,2016-01-05T16:44:59.687177192+00:00,NGG6@2016-01-27,0.0355099333518462,0.0417698532290899
2016-01-05T00:00:00+00:00,2016-01-06T16:03:39.284590197+00:00,2016-01-06T16:03:39.284590197+00:00,NGG6@2016-01-27,0.0315418243408203,0.1326370035044896
2016-01-06T00:00:00+00:00,2016-01-07T15:06:26.975832494+00:00,2016-01-07T15:06:26.975832494+00:00,NGG6@2016-01-27,0.0517485616083839,0.0606028266793066
2016-01-07T00:00:00+00:00,2016-01-08T15:36:38.661108505+00:00,2016-01-08T15:36:38.661108505+00:00,NGG6@2016-01-27,0.0045726134517012,0.0563793436474446
2016-01-08T00:00:00+00:00,2016-01-11T14:56:54.785631927+00:00,2016-01-11T14:56:54.785631927+00:00,NGG6@2016-01-27,0.0133332478504388,0.0474019834097229
2016-01-11T00:00:00+00:00,2016-01-12T15:24:46.738609946+00:00,2016-01-12T15:24:46.738609946+00:00,NGG6@2016-01-27,0.0147149675786877,0.0482224217348509
2016-01-12T00:00:00+00:00,2016-01-13T15:15:32.070091888+00:00,2016-01-13T15:15:32.070091888+00:00,NGG6@2016-01-27,0.0300381992375424,0.0462367979503172
2016-01-13T00:00:00+00:00,2016-01-14T14:57:50.585882947+00:00,2016-01-14T14:57:50.585882947+00:00,NGG6@2016-01-27,0.0630165832465778,0.0583848361137521
2016-01-14T00:00:00+00:00,2016-01-15T14:58:10.238232754+00:00,2016-01-15T14:58:10.238232754+00:00,NGG6@2016-01-27,0.0615007582800093,0.073360674309008
2016-01-15T00:00:00+00:00,2016-01-19T15:01:23.461721656+00:00,2016-01-19T15:01:23.461721656+00:00,NGG6@2016-01-27,0.1156683442241601,0.0716063762030227
2016-01-19T00:00:00+00:00,2016-01-20T15:17:13.913414256+00:00,2016-01-20T15:17:13.913414256+00:00,NGG6@2016-01-27,0.0690470479620903,0.0388055271268915
2016-01-20T00:00:00+00:00,2016-01-21T14:57:53.605454564+00:00,2016-01-21T14:57:53.605454564+00:00,NGG6@2016-01-27,0.0282282282677301,0.0608390664121089
2016-01-21T00:00:00+00:00,2016-01-22T14:59:02.722526987+00:00,2016-01-22T14:59:02.722526987+00:00,NGG6@2016-01-27,0.0370633077709599,0.0720166234564649
2016-01-22T00:00:00+00:00,2016-01-25T15:13:19.540753120+00:00,2016-01-25T15:13:19.540753120+00:00,NGG6@2016-01-27,0.0288698572508045,0.0826401329935996
2016-01-25T00:00:00+00:00,2016-01-26T15:00:15.679830161+00:00,2016-01-26T15:00:15.679830161+00:00,NGG6@2016-01-27,0.0085547989297838,0.0502327122124819
2016-01-26T00:00:00+00:00,2016-01-27T14:57:45.512359674+00:00,2016-01-27T14:57:45.512359674+00:00,NGG6@2016-01-27,0.020323662530808,0.0584211759951525
2016-01-27T00:00:00+00:00,2016-01-28T14:57:17.811326186+00:00,2016-01-28T14:57:17.811326186+00:00,NGH6@2016-02-25,0.0353132090828152,0.1096419258525949
2016-01-28T00:00:00+00:00,2016-01-29T14:57:00.668510074+00:00,2016-01-29T14:57:00.668510074+00:00,NGH6@2016-02-25,0.0171062404653039,0.1047395422974724
2016-01-29T00:00:00+00:00,2016-02-01T14:58:39.309728878+00:00,2016-02-01T14:58:39.309728878+00:00,NGH6@2016-02-25,0.0019606468217232,0.1214169111272518
2016-02-01T00:00:00+00:00,2016-02-02T15:16:52.651242247+00:00,2016-02-02T15:16:52.651242247+00:00,NGH6@2016-02-25,0.0210972617339375,0.0896627820463689
2016-02-02T00:00:00+00:00,2016-02-03T14:57:09.986987094+00:00,2016-02-03T14:57:09.986987094+00:00,NGH6@2016-02-25,0.0533208452810451,0.0847466583327045
2016-02-03T00:00:00+00:00,2016-02-04T14:58:31.776567502+00:00,2016-02-04T14:58:31.776567502+00:00,NGH6@2016-02-25,0.0579489814747007,0.0997752936296881
2016-02-04T00:00:00+00:00,2016-02-05T14:58:20.235464642+00:00,2016-02-05T14:58:20.235464642+00:00,NGH6@2016-02-25,0.0868507611679598,0.0987748504884286
2016-02-05T00:00:00+00:00,2016-02-08T17:52:51.224595611+00:00,2016-02-08T17:52:51.224595611+00:00,NGH6@2016-02-25,0.0691991548080555,0.0853535046117489
2016-02-08T00:00:00+00:00,2016-02-09T15:00:00.800806768+00:00,2016-02-09T15:00:00.800806768+00:00,NGH6@2016-02-25,-0.0073335210051787,0.0493875720059596
2016-02-09T00:00:00+00:00,2016-02-10T14:56:33.117434602+00:00,2016-02-10T14:56:33.117434602+00:00,NGH6@2016-02-25,0.0262883722839064,0.1029730298571509
2016-02-10T00:00:00+00:00,2016-02-11T14:58:00.632226344+00:00,2016-02-11T14:58:00.632226344+00:00,NGH6@2016-02-25,0.041121107496256,0.0746202654231509
2016-02-11T00:00:00+00:00,2016-02-12T15:37:34.340525312+00:00,2016-02-12T15:37:34.340525312+00:00,NGH6@2016-02-25,0.0939568864945967,0.0821224473218472
2016-02-12T00:00:00+00:00,2016-02-16T14:55:56.180359319+00:00,2016-02-16T14:55:56.180359319+00:00,NGH6@2016-02-25,0.0484588932870002,0.0507766220170229
2016-02-16T00:00:00+00:00,2016-02-17T15:22:48.604812592+00:00,2016-02-17T15:22:48.604812592+00:00,NGH6@2016-02-25,0.0060397174498907,0.0809631934685824
2016-02-17T00:00:00+00:00,2016-02-18T14:58:55.747936793+00:00,2016-02-18T14:58:55.747936793+00:00,NGH6@2016-02-25,0.041427846419682,0.0793014130929255
2016-02-18T00:00:00+00:00,2016-02-19T14:56:46.791455006+00:00,2016-02-19T14:56:46.791455006+00:00,NGH6@2016-02-25,0.0822202820560566,0.062060547897707
2016-02-19T00:00:00+00:00,2016-02-22T15:00:57.106395054+00:00,2016-02-22T15:00:57.106395054+00:00,NGH6@2016-02-25,0.0338650266967166,0.1096959660313178
2016-02-22T00:00:00+00:00,2016-02-23T15:23:10.607832546+00:00,2016-02-23T15:23:10.607832546+00:00,NGH6@2016-02-25,0.0673483321062551,0.0377758322359755
2016-02-23T00:00:00+00:00,2016-02-24T15:26:46.381138368+00:00,2016-02-24T15:26:46.381138368+00:00,NGH6@2016-02-25,0.0440868576212041,0.0627158271179028
2016-02-24T00:00:00+00:00,2016-02-25T14:56:03.270726798+00:00,2016-02-25T14:56:03.270726798+00:00,NGJ6@2016-03-29,0.0535830605330367,0.0810932616936808
2016-02-25T00:00:00+00:00,2016-02-26T14:55:40.709957607+00:00,2016-02-26T14:55:40.709957607+00:00,NGJ6@2016-03-29,0.1059094326361822,0.0931499925859135
2016-02-26T00:00:00+00:00,2016-02-29T15:14:11.961676401+00:00,2016-02-29T15:14:11.961676401+00:00,NGJ6@2016-03-29,0.1255625045426278,0.0898069553556693
2016-02-29T00:00:00+00:00,2016-03-01T14:59:15.015971180+00:00,2016-03-01T14:59:15.015971180+00:00,NGJ6@2016-03-29,0.0640710890117917,0.0979151184736876
2016-03-01T00:00:00+00:00,2016-03-02T14:57:22.839702764+00:00,2016-03-02T14:57:22.839702764+00:00,NGJ6@2016-03-29,0.0889159551854796,0.1095328758012003
2016-03-02T00:00:00+00:00,2016-03-03T14:57:03.580536088+00:00,2016-03-03T14:57:03.580536088+00:00,NGJ6@2016-03-29,0.122160540718458,0.1168015333190515
2016-03-03T00:00:00+00:00,2016-03-04T14:58:16.435887542+00:00,2016-03-04T14:58:16.435887542+00:00,NGJ6@2016-03-29,0.1415434000754079,0.097350155085124
2016-03-04T00:00:00+00:00,2016-03-07T19:08:36.134213807+00:00,2016-03-07T19:08:36.134213807+00:00,NGJ6@2016-03-29,0.1145648128258254,0.0602786412496052
2016-03-07T00:00:00+00:00,2016-03-08T15:12:23.715474646+00:00,2016-03-08T15:12:23.715474646+00:00,NGJ6@2016-03-29,0.0657819485035109,0.0666877041813914
2016-03-08T00:00:00+00:00,2016-03-09T14:56:38.875989073+00:00,2016-03-09T14:56:38.875989073+00:00,NGJ6@2016-03-29,0.0872811475929387,0.0853302441515809
2016-03-09T00:00:00+00:00,2016-03-10T14:56:07.777562430+00:00,2016-03-10T14:56:07.777562430+00:00,NGJ6@2016-03-29,0.087036828256179,0.1054402459739223
2016-03-10T00:00:00+00:00,2016-03-11T14:55:17.669135415+00:00,2016-03-11T14:55:17.669135415+00:00,NGJ6@2016-03-29,0.0865810762260947,0.1145948554482362
2016-03-11T00:00:00+00:00,2016-03-14T14:16:34.788447309+00:00,2016-03-14T14:16:34.788447309+00:00,NGJ6@2016-03-29,0.0478999527585861,0.0595991001572719
2016-03-14T00:00:00+00:00,2016-03-15T14:14:39.697030128+00:00,2016-03-15T14:14:39.697030128+00:00,NGJ6@2016-03-29,0.0223594632156565,0.0475802794384004
2016-03-15T00:00:00+00:00,2016-03-16T13:57:40.286383369+00:00,2016-03-16T13:57:40.286383369+00:00,NGJ6@2016-03-29,0.0637448503237405,0.0803390665915671
2016-03-16T00:00:00+00:00,2016-03-17T13:58:39.205052678+00:00,2016-03-17T13:58:39.205052678+00:00,NGJ6@2016-03-29,0.0235102225011543,0.0860663717304502
2016-03-17T00:00:00+00:00,2016-03-18T13:56:40.713352420+00:00,2016-03-18T13:56:40.713352420+00:00,NGJ6@2016-03-29,0.0358558863109683,0.0582390504667035
2016-03-21T00:00:00+00:00,2016-03-22T13:56:57.760934117+00:00,2016-03-22T13:56:57.760934117+00:00,NGJ6@2016-03-29,0.0946154462260311,0.0435882423510836
2016-03-22T00:00:00+00:00,2016-03-23T13:58:12.175966747+00:00,2016-03-23T13:58:12.175966747+00:00,NGJ6@2016-03-29,0.073530943096963,0.0633209176329584
2016-03-23T00:00:00+00:00,2016-03-24T14:16:16.079624724+00:00,2016-03-24T14:16:16.079624724+00:00,NGJ6@2016-03-29,0.0898638897993433,0.0873828229271252
2016-03-24T00:00:00+00:00,2016-03-28T13:55:56.150129191+00:00,2016-03-28T13:55:56.150129191+00:00,NGJ6@2016-03-29,0.0224272533016309,0.0568106029573725
2016-03-28T00:00:00+00:00,2016-03-29T13:56:59.358069825+00:00,2016-03-29T13:56:59.358069825+00:00,NGJ6@2016-03-29,-0.0070006730041999,0.0480087851755937
2016-03-30T00:00:00+00:00,2016-03-31T13:57:01.512235088+00:00,2016-03-31T13:57:01.512235088+00:00,NGK6@2016-04-27,0.0377286304039776,0.055734604627104
2016-03-31T00:00:00+00:00,2016-04-01T14:00:26.168905751+00:00,2016-04-01T14:00:26.168905751+00:00,NGK6@2016-04-27,0.0417763384058125,0.0598274432444342
2016-04-01T00:00:00+00:00,2016-04-04T14:01:20.599835353+00:00,2016-04-04T14:01:20.599835353+00:00,NGK6@2016-04-27,0.0483319914567048,0.052670281340317
2016-04-04T00:00:00+00:00,2016-04-05T13:59:24.886850987+00:00,2016-04-05T13:59:24.886850987+00:00,NGK6@2016-04-27,-0.0037737344565831,0.0765232076668679
2016-04-05T00:00:00+00:00,2016-04-06T13:56:51.982566832+00:00,2016-04-06T13:56:51.982566832+00:00,NGK6@2016-04-27,0.0619707836592493,0.0456433650875879
2016-04-06T00:00:00+00:00,2016-04-07T13:57:39.501425997+00:00,2016-04-07T13:57:39.501425997+00:00,NGK6@2016-04-27,0.068338720422042,0.0649180537775943
2016-04-07T00:00:00+00:00,2016-04-08T13:56:08.410653081+00:00,2016-04-08T13:56:08.410653081+00:00,NGK6@2016-04-27,0.0047842481511775,0.0514541759576243
2016-04-08T00:00:00+00:00,2016-04-11T14:14:22.483481062+00:00,2016-04-11T14:14:22.483481062+00:00,NGK6@2016-04-27,0.033356655548111,0.0817755369131796
2016-04-11T00:00:00+00:00,2016-04-12T13:56:52.203796031+00:00,2016-04-12T13:56:52.203796031+00:00,NGK6@2016-04-27,0.0226787063124267,0.0415338753418601
2016-04-12T00:00:00+00:00,2016-04-13T13:58:41.977656365+00:00,2016-04-13T13:58:41.977656365+00:00,NGK6@2016-04-27,-0.006485891602989,0.0423190606760777
2016-04-13T00:00:00+00:00,2016-04-14T13:57:18.466613648+00:00,2016-04-14T13:57:18.466613648+00:00,NGK6@2016-04-27,0.0155747051444909,0.0514340704860818
2016-04-14T00:00:00+00:00,2016-04-15T13:56:43.085692420+00:00,2016-04-15T13:56:43.085692420+00:00,NGK6@2016-04-27,0.0375535993201201,0.0607944861427139
2016-04-15T00:00:00+00:00,2016-04-18T13:57:53.020481750+00:00,2016-04-18T13:57:53.020481750+00:00,NGK6@2016-04-27,0.0756542545338576,0.0725447819495076
2016-04-18T00:00:00+00:00,2016-04-19T14:00:27.819987841+00:00,2016-04-19T14:00:27.819987841+00:00,NGK6@2016-04-27,0.0180962992281847,0.0443631234837515
2016-04-19T00:00:00+00:00,2016-04-20T13:56:51.753117838+00:00,2016-04-20T13:56:51.753117838+00:00,NGK6@2016-04-27,-0.004300572801163,0.0818186832321709
2016-04-20T00:00:00+00:00,2016-04-21T13:57:57.056108336+00:00,2016-04-21T13:57:57.056108336+00:00,NGK6@2016-04-27,0.0354624192873789,0.0580716922886372
2016-04-21T00:00:00+00:00,2016-04-22T14:19:36.569979493+00:00,2016-04-22T14:19:36.569979493+00:00,NGK6@2016-04-27,0.0491319636041802,0.0533669493919195
2016-04-22T00:00:00+00:00,2016-04-25T14:00:35.559853009+00:00,2016-04-25T14:00:35.559853009+00:00,NGK6@2016-04-27,0.0308503435525635,0.0407318850339741
2016-04-25T00:00:00+00:00,2016-04-26T14:01:47.015422945+00:00,2016-04-26T14:01:47.015422945+00:00,NGK6@2016-04-27,0.0257701212907779,0.072019735819107
2016-04-26T00:00:00+00:00,2016-04-27T13:58:34.702422183+00:00,2016-04-27T13:58:34.702422183+00:00,NGK6@2016-04-27,0.0048015710192417,0.0449223061130471
2016-04-27T00:00:00+00:00,2016-04-28T13:58:21.686870046+00:00,2016-04-28T13:58:21.686870046+00:00,NGM6@2016-05-26,9.867320757739328e-05,0.044488574955137
2016-04-28T00:00:00+00:00,2016-04-29T13:59:42.057187262+00:00,2016-04-29T13:59:42.057187262+00:00,NGM6@2016-05-26,0.0362753172378427,0.0749613206709003
2016-04-29T00:00:00+00:00,2016-05-02T13:58:17.639567438+00:00,2016-05-02T13:58:17.639567438+00:00,NGM6@2016-05-26,0.0197252870720123,0.0501161423799033
2016-05-02T00:00:00+00:00,2016-05-03T14:23:54.128578510+00:00,2016-05-03T14:23:54.128578510+00:00,NGM6@2016-05-26,-0.017794926961263,0.0677630450525711
2016-05-03T00:00:00+00:00,2016-05-04T14:01:38.730052197+00:00,2016-05-04T14:01:38.730052197+00:00,NGM6@2016-05-26,0.001521208875185,0.0776708269004913
2016-05-04T00:00:00+00:00,2016-05-05T13:59:31.845117358+00:00,2016-05-05T13:59:31.845117358+00:00,NGM6@2016-05-26,-0.007217237882525,0.0460314973492488
2016-05-05T00:00:00+00:00,2016-05-06T13:58:34.671669522+00:00,2016-05-06T13:58:34.671669522+00:00,NGM6@2016-05-26,0.0258781122114712,0.0534815542144701
2016-05-06T00:00:00+00:00,2016-05-09T14:16:30.531976112+00:00,2016-05-09T14:16:30.531976112+00:00,NGM6@2016-05-26,0.0281046554339428,0.0535132949909295
2016-05-09T00:00:00+00:00,2016-05-10T14:02:37.487854567+00:00,2016-05-10T14:02:37.487854567+00:00,NGM6@2016-05-26,-0.019638742849501,0.0430824877311757
2016-05-10T00:00:00+00:00,2016-05-11T14:21:57.122416449+00:00,2016-05-11T14:21:57.122416449+00:00,NGM6@2016-05-26,0.0012460810671872,0.0647322938011141
2016-05-11T00:00:00+00:00,2016-05-12T14:00:22.572193835+00:00,2016-05-12T14:00:22.572193835+00:00,NGM6@2016-05-26,-0.0051775977388369,0.0584694497335609
2016-05-12T00:00:00+00:00,2016-05-13T13:58:21.100689207+00:00,2016-05-13T13:58:21.100689207+00:00,NGM6@2016-05-26,0.0228810137254569,0.0497384320897125
2016-05-13T00:00:00+00:00,2016-05-16T13:59:15.872547394+00:00,2016-05-16T13:59:15.872547394+00:00,NGM6@2016-05-26,0.0370432447715063,0.0512746892018689
2016-05-16T00:00:00+00:00,2016-05-17T14:05:17.179350756+00:00,2016-05-17T14:05:17.179350756+00:00,NGM6@2016-05-26,0.0386603520286574,0.0465034501725891
2016-05-17T00:00:00+00:00,2016-05-18T13:59:51.856290681+00:00,2016-05-18T13:59:51.856290681+00:00,NGM6@2016-05-26,0.0342038822778545,0.0499059722692079
2016-05-18T00:00:00+00:00,2016-05-19T14:18:51.645356457+00:00,2016-05-19T14:18:51.645356457+00:00,NGM6@2016-05-26,0.0380303242292061,0.0532314596898052
2016-05-19T00:00:00+00:00,2016-05-20T13:58:22.127245708+00:00,2016-05-20T13:58:22.127245708+00:00,NGM6@2016-05-26,0.0080201150867831,0.0574151439779608
2016-05-20T00:00:00+00:00,2016-05-23T13:57:47.107968714+00:00,2016-05-23T13:57:47.107968714+00:00,NGM6@2016-05-26,0.0272695638334063,0.0592767318322861
2016-05-23T00:00:00+00:00,2016-05-24T14:00:09.079814586+00:00,2016-05-24T14:00:09.079814586+00:00,NGM6@2016-05-26,0.0456202221747636,0.0824647859128377
2016-05-24T00:00:00+00:00,2016-05-25T13:58:05.899494325+00:00,2016-05-25T13:58:05.899494325+00:00,NGM6@2016-05-26,0.0393084543436645,0.0462019250460481
2016-05-25T00:00:00+00:00,2016-05-26T13:58:06.133734918+00:00,2016-05-26T13:58:06.133734918+00:00,NGN6@2016-06-28,-0.0159193674723308,0.0738993838981345
2016-05-26T00:00:00+00:00,2016-05-27T13:57:36.787310993+00:00,2016-05-27T13:57:36.787310993+00:00,NGN6@2016-06-28,0.00985610257005,0.0457926103571448
2016-05-27T00:00:00+00:00,2016-05-31T13:57:34.757645364+00:00,2016-05-31T13:57:34.757645364+00:00,NGN6@2016-06-28,0.0056212908890482,0.0469031067669089
2016-05-31T00:00:00+00:00,2016-06-01T14:04:10.295403231+00:00,2016-06-01T14:04:10.295403231+00:00,NGN6@2016-06-28,-0.0262824262981089,0.0520623184933258
2016-06-01T00:00:00+00:00,2016-06-02T13:58:56.628477678+00:00,2016-06-02T13:58:56.628477678+00:00,NGN6@2016-06-28,-0.0578794599682268,0.0720955525455202
2016-06-02T00:00:00+00:00,2016-06-03T14:00:41.326821642+00:00,2016-06-03T14:00:41.326821642+00:00,NGN6@2016-06-28,-0.0453260490693241,0.1387121670465029
2016-06-03T00:00:00+00:00,2016-06-06T13:58:12.603315067+00:00,2016-06-06T13:58:12.603315067+00:00,NGN6@2016-06-28,0.0138727208790527,0.0457119404822215
2016-06-06T00:00:00+00:00,2016-06-07T14:02:16.518411919+00:00,2016-06-07T14:02:16.518411919+00:00,NGN6@2016-06-28,-0.0100558911260282,0.0323520929085046
2016-06-07T00:00:00+00:00,2016-06-08T13:57:19.661860334+00:00,2016-06-08T13:57:19.661860334+00:00,NGN6@2016-06-28,-0.0331469838099762,0.0431133382415464
2016-06-08T00:00:00+00:00,2016-06-09T13:58:45.772993033+00:00,2016-06-09T13:58:45.772993033+00:00,NGN6@2016-06-28,-0.0298258803863402,0.0501699981318193
2016-06-09T00:00:00+00:00,2016-06-10T13:57:31.333586093+00:00,2016-06-10T13:57:31.333586093+00:00,NGN6@2016-06-28,-0.0292650603659812,0.0326686762072255
2016-06-10T00:00:00+00:00,2016-06-13T14:00:09.272920562+00:00,2016-06-13T14:00:09.272920562+00:00,NGN6@2016-06-28,-0.0144673711764886,0.0384998802812943
2016-06-13T00:00:00+00:00,2016-06-14T14:17:21.337240750+00:00,2016-06-14T14:17:21.337240750+00:00,NGN6@2016-06-28,-0.0194382086754584,0.0313715568524723
2016-06-14T00:00:00+00:00,2016-06-15T14:05:25.272846483+00:00,2016-06-15T14:05:25.272846483+00:00,NGN6@2016-06-28,-0.0250327886639308,0.0273469682386459
2016-06-15T00:00:00+00:00,2016-06-16T14:15:35.692083931+00:00,2016-06-16T14:15:35.692083931+00:00,NGN6@2016-06-28,-0.0210986615699014,0.0345030868494952
2016-06-16T00:00:00+00:00,2016-06-17T14:00:43.394930239+00:00,2016-06-17T14:00:43.394930239+00:00,NGN6@2016-06-28,-0.0139085102856644,0.0347504078580388
2016-06-17T00:00:00+00:00,2016-06-20T13:59:32.059264060+00:00,2016-06-20T13:59:32.059264060+00:00,NGN6@2016-06-28,-0.0388985046697183,0.1107136288709719
2016-06-20T00:00:00+00:00,2016-06-21T14:05:20.835177705+00:00,2016-06-21T14:05:20.835177705+00:00,NGN6@2016-06-28,-0.0049850169785666,0.045526624379212
2016-06-21T00:00:00+00:00,2016-06-22T14:00:17.573081704+00:00,2016-06-22T14:00:17.573081704+00:00,NGN6@2016-06-28,-0.0450674018194507,0.0245546012423759
2016-06-22T00:00:00+00:00,2016-06-23T14:05:08.121369423+00:00,2016-06-23T14:05:08.121369423+00:00,NGN6@2016-06-28,-0.0047472659672531,0.0719074890992351
2016-06-23T00:00:00+00:00,2016-06-24T14:05:41.529970541+00:00,2016-06-24T14:05:41.529970541+00:00,NGN6@2016-06-28,-0.00082797366004,0.0487604992097195
2016-06-24T00:00:00+00:00,2016-06-27T14:15:41.612312977+00:00,2016-06-27T14:15:41.612312977+00:00,NGN6@2016-06-28,-0.0049366472006917,0.0295478185971101
2016-06-27T00:00:00+00:00,2016-06-28T14:07:16.008609357+00:00,2016-06-28T14:07:16.008609357+00:00,NGN6@2016-06-28,-0.0148215940147092,0.0566727949149442
2016-06-29T00:00:00+00:00,2016-06-30T14:34:02.498342461+00:00,2016-06-30T14:34:02.498342461+00:00,NGQ6@2016-07-27,-0.0003050037745313,0.1347015163028472
2016-06-30T00:00:00+00:00,2016-07-01T14:17:59.836354734+00:00,2016-07-01T14:17:59.836354734+00:00,NGQ6@2016-07-27,-0.0075739259976719,0.0742827915226767
2016-07-01T00:00:00+00:00,2016-07-05T14:06:08.701303727+00:00,2016-07-05T14:06:08.701303727+00:00,NGQ6@2016-07-27,-0.0074034114053245,0.0319083265546018
2016-07-05T00:00:00+00:00,2016-07-06T14:42:03.477659389+00:00,2016-07-06T14:42:03.477659389+00:00,NGQ6@2016-07-27,0.0094568830672745,0.0683279497491275
2016-07-06T00:00:00+00:00,2016-07-07T14:07:03.145348983+00:00,2016-07-07T14:07:03.145348983+00:00,NGQ6@2016-07-27,0.007584944420818,0.0856156844819318
2016-07-07T00:00:00+00:00,2016-07-08T14:03:07.196250382+00:00,2016-07-08T14:03:07.196250382+00:00,NGQ6@2016-07-27,0.0192940596482993,0.0381130857516061
2016-07-08T00:00:00+00:00,2016-07-11T14:00:45.327079312+00:00,2016-07-11T14:00:45.327079312+00:00,NGQ6@2016-07-27,0.0035262278813099,0.0974073196752383
2016-07-11T00:00:00+00:00,2016-07-12T14:25:15.724110188+00:00,2016-07-12T14:25:15.724110188+00:00,NGQ6@2016-07-27,0.028836169366027,0.094294372079997
2016-07-12T00:00:00+00:00,2016-07-13T14:20:53.859946424+00:00,2016-07-13T14:20:53.859946424+00:00,NGQ6@2016-07-27,0.0197525135954916,0.0356320749249374
2016-07-13T00:00:00+00:00,2016-07-14T14:13:53.711689074+00:00,2016-07-14T14:13:53.711689074+00:00,NGQ6@2016-07-27,-0.0017243298617276,0.0296710621226917
2016-07-14T00:00:00+00:00,2016-07-15T13:59:36.463186553+00:00,2016-07-15T13:59:36.463186553+00:00,NGQ6@2016-07-27,-0.0046950389544752,0.0285358820349447
2016-07-15T00:00:00+00:00,2016-07-18T14:13:11.125515330+00:00,2016-07-18T14:13:11.125515330+00:00,NGQ6@2016-07-27,-0.005347101020536,0.0719234282461756
2016-07-18T00:00:00+00:00,2016-07-19T14:06:54.028279465+00:00,2016-07-19T14:06:54.028279465+00:00,NGQ6@2016-07-27,0.0015168618424432,0.0591662088565533
2016-07-19T00:00:00+00:00,2016-07-20T13:59:25.629921746+00:00,2016-07-20T13:59:25.629921746+00:00,NGQ6@2016-07-27,0.0119200453009022,0.0856590516066586
2016-07-20T00:00:00+00:00,2016-07-21T14:44:14.660377797+00:00,2016-07-21T14:44:14.660377797+00:00,NGQ6@2016-07-27,-0.00822958312117,0.0667069569106929
2016-07-21T00:00:00+00:00,2016-07-22T13:58:00.488067432+00:00,2016-07-22T13:58:00.488067432+00:00,NGQ6@2016-07-27,-0.0145860881556789,0.0678401641561554
2016-07-22T00:00:00+00:00,2016-07-25T14:02:40.305584965+00:00,2016-07-25T14:02:40.305584965+00:00,NGQ6@2016-07-27,-0.0184812055393673,0.0337249552847798
2016-07-25T00:00:00+00:00,2016-07-26T14:17:49.707855591+00:00,2016-07-26T14:17:49.707855591+00:00,NGQ6@2016-07-27,0.0005454627835019,0.0684702709186876
2016-07-26T00:00:00+00:00,2016-07-27T14:00:10.575605658+00:00,2016-07-27T14:00:10.575605658+00:00,NGQ6@2016-07-27,-4.847737766755511e-05,0.084595481110188
2016-07-27T00:00:00+00:00,2016-07-28T14:01:01.519410703+00:00,2016-07-28T14:01:01.519410703+00:00,NGU6@2016-08-29,0.0022140130764101,0.0451460117247046
2016-07-28T00:00:00+00:00,2016-07-29T14:03:22.096849853+00:00,2016-07-29T14:03:22.096849853+00:00,NGU6@2016-08-29,-0.0223326211887886,0.0383476318808477
2016-07-29T00:00:00+00:00,2016-08-01T14:00:53.389232267+00:00,2016-08-01T14:00:53.389232267+00:00,NGU6@2016-08-29,0.0054503973645212,0.0278077902184267
2016-08-01T00:00:00+00:00,2016-08-02T14:06:57.122769719+00:00,2016-08-02T14:06:57.122769719+00:00,NGU6@2016-08-29,0.0311954212257479,0.0235982824764237
2016-08-02T00:00:00+00:00,2016-08-03T14:00:17.193367054+00:00,2016-08-03T14:00:17.193367054+00:00,NGU6@2016-08-29,0.0263593325201123,0.0475028284911662
2016-08-03T00:00:00+00:00,2016-08-04T13:59:12.657524746+00:00,2016-08-04T13:59:12.657524746+00:00,NGU6@2016-08-29,0.0209879126708554,0.0313808468073553
2016-08-04T00:00:00+00:00,2016-08-05T14:00:06.576328837+00:00,2016-08-05T14:00:06.576328837+00:00,NGU6@2016-08-29,0.019203641773325,0.0393875088311929
2016-08-05T00:00:00+00:00,2016-08-08T13:59:54.082623884+00:00,2016-08-08T13:59:54.082623884+00:00,NGU6@2016-08-29,0.0408399244099153,0.0317986138442943
2016-08-08T00:00:00+00:00,2016-08-09T14:06:01.611833609+00:00,2016-08-09T14:06:01.611833609+00:00,NGU6@2016-08-29,-0.0019441740604378,0.0209148448825536
2016-08-09T00:00:00+00:00,2016-08-10T14:00:44.190998829+00:00,2016-08-10T14:00:44.190998829+00:00,NGU6@2016-08-29,0.0172292333715959,0.0418740522337233
2016-08-10T00:00:00+00:00,2016-08-11T14:00:01.171543983+00:00,2016-08-11T14:00:01.171543983+00:00,NGU6@2016-08-29,0.0113815273517678,0.0408876280445465
2016-08-11T00:00:00+00:00,2016-08-12T13:57:28.831438632+00:00,2016-08-12T13:57:28.831438632+00:00,NGU6@2016-08-29,0.0096991888367303,0.0393003520399037
2016-08-12T00:00:00+00:00,2016-08-15T15:39:42.352723263+00:00,2016-08-15T15:39:42.352723263+00:00,NGU6@2016-08-29,-0.0022127338916581,0.033611415208879
2016-08-15T00:00:00+00:00,2016-08-16T14:10:54.204290204+00:00,2016-08-16T14:10:54.204290204+00:00,NGU6@2016-08-29,0.0136653668818762,0.0256113492185519
2016-08-16T00:00:00+00:00,2016-08-17T14:02:02.774532166+00:00,2016-08-17T14:02:02.774532166+00:00,NGU6@2016-08-29,0.0050798698169429,0.0618461792061968
2016-08-17T00:00:00+00:00,2016-08-18T14:00:46.809855493+00:00,2016-08-18T14:00:46.809855493+00:00,NGU6@2016-08-29,0.0260623133391983,0.1024697189389338
2016-08-18T00:00:00+00:00,2016-08-19T14:00:47.211180179+00:00,2016-08-19T14:00:47.211180179+00:00,NGU6@2016-08-29,-0.013622482677271,0.0625794259147129
2016-08-19T00:00:00+00:00,2016-08-22T14:01:14.838265272+00:00,2016-08-22T14:01:14.838265272+00:00,NGU6@2016-08-29,0.0001472998388727,0.1374025467257238
2016-08-22T00:00:00+00:00,2016-08-23T14:05:44.977297819+00:00,2016-08-23T14:05:44.977297819+00:00,NGU6@2016-08-29,-0.0099532773878689,0.0211548715941468
2016-08-23T00:00:00+00:00,2016-08-24T13:59:06.455838089+00:00,2016-08-24T13:59:06.455838089+00:00,NGU6@2016-08-29,-0.0283202160648939,0.0272735700404097
2016-08-24T00:00:00+00:00,2016-08-25T13:59:38.427224832+00:00,2016-08-25T13:59:38.427224832+00:00,NGU6@2016-08-29,-0.0174879541550637,0.0753194573526945
2016-08-25T00:00:00+00:00,2016-08-26T13:59:50.910443761+00:00,2016-08-26T13:59:50.910443761+00:00,NGU6@2016-08-29,-0.0085927357440509,0.0754979308373568
2016-08-26T00:00:00+00:00,2016-08-29T14:00:00.638692152+00:00,2016-08-29T14:00:00.638692152+00:00,NGU6@2016-08-29,0.0004821321558265,0.0406114388447837
2016-08-30T00:00:00+00:00,2016-08-31T13:59:23.582521309+00:00,2016-08-31T13:59:23.582521309+00:00,NGV6@2016-09-28,-0.0116799569028775,0.0809925954783654
2016-08-31T00:00:00+00:00,2016-09-01T14:12:43.652073693+00:00,2016-09-01T14:12:43.652073693+00:00,NGV6@2016-09-28,-0.0317432027542395,0.0572238637777373
2016-09-01T00:00:00+00:00,2016-09-02T14:01:28.733363516+00:00,2016-09-02T14:01:28.733363516+00:00,NGV6@2016-09-28,-0.0196656874466759,0.043723431763523
2016-09-02T00:00:00+00:00,2016-09-06T13:56:42.191095301+00:00,2016-09-06T13:56:42.191095301+00:00,NGV6@2016-09-28,-0.0106981230311733,0.0734491529365629
2016-09-06T00:00:00+00:00,2016-09-07T14:19:53.614392975+00:00,2016-09-07T14:19:53.614392975+00:00,NGV6@2016-09-28,0.0246486621759953,0.1203816675692961
2016-09-07T00:00:00+00:00,2016-09-08T13:59:24.244851349+00:00,2016-09-08T13:59:24.244851349+00:00,NGV6@2016-09-28,0.003161488964571,0.0419665537288957
2016-09-08T00:00:00+00:00,2016-09-09T13:56:46.606470181+00:00,2016-09-09T13:56:46.606470181+00:00,NGV6@2016-09-28,-0.011564424756164,0.0897376932562353
2016-09-09T00:00:00+00:00,2016-09-12T13:59:49.350578339+00:00,2016-09-12T13:59:49.350578339+00:00,NGV6@2016-09-28,-0.0065479687720398,0.0329751562637476
2016-09-12T00:00:00+00:00,2016-09-13T14:11:55.333948636+00:00,2016-09-13T14:11:55.333948636+00:00,NGV6@2016-09-28,-0.0105002026930297,0.0233028210189808
2016-09-13T00:00:00+00:00,2016-09-14T13:58:31.003286322+00:00,2016-09-14T13:58:31.003286322+00:00,NGV6@2016-09-28,-0.0041494041106588,0.0241049886078217
2016-09-14T00:00:00+00:00,2016-09-15T14:00:27.969892768+00:00,2016-09-15T14:00:27.969892768+00:00,NGV6@2016-09-28,-0.0206231546418471,0.0303568455720186
2016-09-15T00:00:00+00:00,2016-09-16T14:11:35.496340717+00:00,2016-09-16T14:11:35.496340717+00:00,NGV6@2016-09-28,-0.0308413258378054,0.0349279535295543
2016-09-16T00:00:00+00:00,2016-09-19T14:07:31.766959386+00:00,2016-09-19T14:07:31.766959386+00:00,NGV6@2016-09-28,-0.0382104184533972,0.0312269459880575
2016-09-19T00:00:00+00:00,2016-09-20T14:02:46.523632938+00:00,2016-09-20T14:02:46.523632938+00:00,NGV6@2016-09-28,-0.0218973549309842,0.0224498115160418
2016-09-20T00:00:00+00:00,2016-09-21T14:28:11.509798895+00:00,2016-09-21T14:28:11.509798895+00:00,NGV6@2016-09-28,-0.0178522592882023,0.0292777859764559
2016-09-21T00:00:00+00:00,2016-09-22T14:09:37.371540122+00:00,2016-09-22T14:09:37.371540122+00:00,NGV6@2016-09-28,8.807093807550181e-05,0.0288205440251689
2016-09-22T00:00:00+00:00,2016-09-23T14:05:58.863259809+00:00,2016-09-23T14:05:58.863259809+00:00,NGV6@2016-09-28,0.005573190135873,0.0258418587180641
2016-09-23T00:00:00+00:00,2016-09-26T14:05:26.086560286+00:00,2016-09-26T14:05:26.086560286+00:00,NGV6@2016-09-28,-0.0300249348404586,0.0390697230574905
2016-09-26T00:00:00+00:00,2016-09-27T14:04:43.577337958+00:00,2016-09-27T14:04:43.577337958+00:00,NGV6@2016-09-28,-0.0112872463751393,0.0232025165462968
2016-09-27T00:00:00+00:00,2016-09-28T14:16:36.805187723+00:00,2016-09-28T14:16:36.805187723+00:00,NGV6@2016-09-28,-0.00259350076112,0.020869133969516
2016-09-28T00:00:00+00:00,2016-09-29T14:03:21.529399221+00:00,2016-09-29T14:03:21.529399221+00:00,NGX6@2016-10-27,-0.0140617863110359,0.0203586360603481
2016-09-29T00:00:00+00:00,2016-09-30T14:41:51.849609908+00:00,2016-09-30T14:41:51.849609908+00:00,NGX6@2016-10-27,-0.0259684297253967,0.0238379877404582
2016-09-30T00:00:00+00:00,2016-10-03T14:03:51.941394199+00:00,2016-10-03T14:03:51.941394199+00:00,NGX6@2016-10-27,-0.0069658395712678,0.0220122026896172
2016-10-03T00:00:00+00:00,2016-10-04T14:53:19.065019155+00:00,2016-10-04T14:53:19.065019155+00:00,NGX6@2016-10-27,-0.0009649023825292,0.0197134953177436
2016-10-04T00:00:00+00:00,2016-10-05T14:02:15.797655285+00:00,2016-10-05T14:02:15.797655285+00:00,NGX6@2016-10-27,-0.0234187722566264,0.025195937782536
2016-10-05T00:00:00+00:00,2016-10-06T14:11:35.320473638+00:00,2016-10-06T14:11:35.320473638+00:00,NGX6@2016-10-27,-0.0353920389693654,0.02356975060479
2016-10-06T00:00:00+00:00,2016-10-07T14:01:04.905217142+00:00,2016-10-07T14:01:04.905217142+00:00,NGX6@2016-10-27,-0.0238177107505671,0.0285546771763968
2016-10-07T00:00:00+00:00,2016-10-10T13:57:19.469516685+00:00,2016-10-10T13:57:19.469516685+00:00,NGX6@2016-10-27,-0.0115939894359921,0.0223697058640392
2016-10-10T00:00:00+00:00,2016-10-11T14:01:37.834633896+00:00,2016-10-11T14:01:37.834633896+00:00,NGX6@2016-10-27,-0.0063989275560708,0.0204726903125493
2016-10-11T00:00:00+00:00,2016-10-12T13:57:15.370006291+00:00,2016-10-12T13:57:15.370006291+00:00,NGX6@2016-10-27,-0.0068505053918797,0.0251142602217824
2016-10-12T00:00:00+00:00,2016-10-13T13:57:25.016125938+00:00,2016-10-13T13:57:25.016125938+00:00,NGX6@2016-10-27,-0.0164101755923951,0.0300343454590605
2016-10-13T00:00:00+00:00,2016-10-14T13:57:32.170863076+00:00,2016-10-14T13:57:32.170863076+00:00,NGX6@2016-10-27,-0.0259019892121045,0.0220029238054167
2016-10-14T00:00:00+00:00,2016-10-17T13:57:34.589841442+00:00,2016-10-17T13:57:34.589841442+00:00,NGX6@2016-10-27,-0.0314262648012112,0.0166222180867166
2016-10-17T00:00:00+00:00,2016-10-18T14:02:41.241126154+00:00,2016-10-18T14:02:41.241126154+00:00,NGX6@2016-10-27,-0.0087497281984223,0.0206173070936323
2016-10-18T00:00:00+00:00,2016-10-19T13:56:19.382897812+00:00,2016-10-19T13:56:19.382897812+00:00,NGX6@2016-10-27,0.0019386222188495,0.0192617540327189
2016-10-19T00:00:00+00:00,2016-10-20T13:58:44.565569828+00:00,2016-10-20T13:58:44.565569828+00:00,NGX6@2016-10-27,-0.0083450931532246,0.022795039599394
2016-10-20T00:00:00+00:00,2016-10-21T13:57:03.729101113+00:00,2016-10-21T13:57:03.729101113+00:00,NGX6@2016-10-27,-0.0032546452640258,0.0314389153854134
2016-10-21T00:00:00+00:00,2016-10-24T13:58:30.116664646+00:00,2016-10-24T13:58:30.116664646+00:00,NGX6@2016-10-27,-0.0087306728962102,0.0663879391954622
2016-10-24T00:00:00+00:00,2016-10-25T14:00:48.495236618+00:00,2016-10-25T14:00:48.495236618+00:00,NGX6@2016-10-27,0.0093625866350017,0.0388725216491634
2016-10-25T00:00:00+00:00,2016-10-26T13:56:28.210735138+00:00,2016-10-26T13:56:28.210735138+00:00,NGX6@2016-10-27,0.0170592786087901,0.0440008510180143
2016-10-26T00:00:00+00:00,2016-10-27T13:57:10.502670790+00:00,2016-10-27T13:57:10.502670790+00:00,NGZ6@2016-11-28,-0.0298629469991627,0.0235446340943381
2016-10-27T00:00:00+00:00,2016-10-28T14:34:11.111199186+00:00,2016-10-28T14:34:11.111199186+00:00,NGZ6@2016-11-28,-0.0064431287186563,0.0222343281707911
2016-10-28T00:00:00+00:00,2016-10-31T13:59:11.975870040+00:00,2016-10-31T13:59:11.975870040+00:00,NGZ6@2016-11-28,-0.0151196469384733,0.0243221404235487
2016-10-31T00:00:00+00:00,2016-11-01T14:01:28.783792861+00:00,2016-11-01T14:01:28.783792861+00:00,NGZ6@2016-11-28,0.0098925889076058,0.0289769782854329
2016-11-01T00:00:00+00:00,2016-11-02T13:56:37.263760149+00:00,2016-11-02T13:56:37.263760149+00:00,NGZ6@2016-11-28,0.0554407353986772,0.0352174357364052
2016-11-02T00:00:00+00:00,2016-11-03T13:56:39.731257088+00:00,2016-11-03T13:56:39.731257088+00:00,NGZ6@2016-11-28,0.0346777167327132,0.0262296561038855
2016-11-03T00:00:00+00:00,2016-11-04T13:58:04.174982091+00:00,2016-11-04T13:58:04.174982091+00:00,NGZ6@2016-11-28,0.0047554757595911,0.0268245091341534
2016-11-04T00:00:00+00:00,2016-11-07T15:13:38.218151515+00:00,2016-11-07T15:13:38.218151515+00:00,NGZ6@2016-11-28,0.0283353387859388,0.0301494481794185
2016-11-07T00:00:00+00:00,2016-11-08T15:00:15.108605756+00:00,2016-11-08T15:00:15.108605756+00:00,NGZ6@2016-11-28,0.0143749134869148,0.0254717938783179
2016-11-08T00:00:00+00:00,2016-11-09T15:00:55.707158668+00:00,2016-11-09T15:00:55.707158668+00:00,NGZ6@2016-11-28,0.0536532101166178,0.046761040477862
2016-11-09T00:00:00+00:00,2016-11-10T15:44:25.075084322+00:00,2016-11-10T15:44:25.075084322+00:00,NGZ6@2016-11-28,0.0062914492246792,0.0299694010360089
2016-11-10T00:00:00+00:00,2016-11-11T14:56:29.382956631+00:00,2016-11-11T14:56:29.382956631+00:00,NGZ6@2016-11-28,0.0270712459533899,0.032629968539991
2016-11-11T00:00:00+00:00,2016-11-14T14:56:11.751450456+00:00,2016-11-14T14:56:11.751450456+00:00,NGZ6@2016-11-28,0.031283740314562,0.03054654062566
2016-11-14T00:00:00+00:00,2016-11-15T15:00:13.755986500+00:00,2016-11-15T15:00:13.755986500+00:00,NGZ6@2016-11-28,0.0014579665982106,0.0266758786095204
2016-11-15T00:00:00+00:00,2016-11-16T15:01:14.240350659+00:00,2016-11-16T15:01:14.240350659+00:00,NGZ6@2016-11-28,0.0167672625327022,0.0307763194685932
2016-11-16T00:00:00+00:00,2016-11-17T14:58:05.251804355+00:00,2016-11-17T14:58:05.251804355+00:00,NGZ6@2016-11-28,-0.0065221158536918,0.0413099004632312
2016-11-17T00:00:00+00:00,2016-11-18T14:55:02.748880979+00:00,2016-11-18T14:55:02.748880979+00:00,NGZ6@2016-11-28,0.0144827983997486,0.0341635280185275
2016-11-18T00:00:00+00:00,2016-11-21T14:54:27.214958083+00:00,2016-11-21T14:54:27.214958083+00:00,NGZ6@2016-11-28,0.0111117555586799,0.0621587467227101
2016-11-21T00:00:00+00:00,2016-11-22T14:56:28.530677714+00:00,2016-11-22T14:56:28.530677714+00:00,NGZ6@2016-11-28,0.0142090336588405,0.0452292045490853
2016-11-22T00:00:00+00:00,2016-11-23T14:54:21.970018412+00:00,2016-11-23T14:54:21.970018412+00:00,NGZ6@2016-11-28,0.0101128043496716,0.0378163773774214
2016-11-23T00:00:00+00:00,2016-11-25T14:57:31.232374657+00:00,2016-11-25T14:57:31.232374657+00:00,NGZ6@2016-11-28,0.0046790264564191,0.0645383494670745
2016-11-25T00:00:00+00:00,2016-11-28T14:56:26.483422909+00:00,2016-11-28T14:56:26.483422909+00:00,NGZ6@2016-11-28,-0.0012196211968599,0.0174215584459618
2016-11-29T00:00:00+00:00,2016-11-30T14:53:15.258968175+00:00,2016-11-30T14:53:15.258968175+00:00,NGF7@2016-12-28,-0.0019821121307189,0.0218956056469214
2016-11-30T00:00:00+00:00,2016-12-01T14:56:37.862026276+00:00,2016-12-01T14:56:37.862026276+00:00,NGF7@2016-12-28,-0.0016614126544859,0.0319153766849213
2016-12-01T00:00:00+00:00,2016-12-02T14:54:34.698064829+00:00,2016-12-02T14:54:34.698064829+00:00,NGF7@2016-12-28,-0.0223557201784049,0.0464493239372423
2016-12-02T00:00:00+00:00,2016-12-05T14:50:49.796571262+00:00,2016-12-05T14:50:49.796571262+00:00,NGF7@2016-12-28,-0.0248985814979211,0.0179058908553613
2016-12-05T00:00:00+00:00,2016-12-06T14:50:48.329822202+00:00,2016-12-06T14:50:48.329822202+00:00,NGF7@2016-12-28,-0.0203899460748387,0.0280953193920485
2016-12-06T00:00:00+00:00,2016-12-07T14:47:58.567741160+00:00,2016-12-07T14:47:58.567741160+00:00,NGF7@2016-12-28,-0.0229732387668484,0.0384178135421249
2016-12-07T00:00:00+00:00,2016-12-08T14:46:49.136126197+00:00,2016-12-08T14:46:49.136126197+00:00,NGF7@2016-12-28,-0.0247311562913353,0.0205546136557823
2016-12-08T00:00:00+00:00,2016-12-09T14:48:42.992488601+00:00,2016-12-09T14:48:42.992488601+00:00,NGF7@2016-12-28,-0.0250264432224035,0.0266895818440492
2016-12-09T00:00:00+00:00,2016-12-12T14:49:23.171869810+00:00,2016-12-12T14:49:23.171869810+00:00,NGF7@2016-12-28,-0.0216635735795526,0.0343612134136523
2016-12-12T00:00:00+00:00,2016-12-13T14:52:19.994413285+00:00,2016-12-13T14:52:19.994413285+00:00,NGF7@2016-12-28,-0.0116545141855156,0.0324218942999098
2016-12-13T00:00:00+00:00,2016-12-14T14:47:27.471759682+00:00,2016-12-14T14:47:27.471759682+00:00,NGF7@2016-12-28,-0.0170885167795246,0.0197925819965282
2016-12-14T00:00:00+00:00,2016-12-15T14:47:37.242306457+00:00,2016-12-15T14:47:37.242306457+00:00,NGF7@2016-12-28,-0.0290177078396373,0.021723151906829
2016-12-15T00:00:00+00:00,2016-12-16T14:50:40.041000924+00:00,2016-12-16T14:50:40.041000924+00:00,NGF7@2016-12-28,-0.0133708214808667,0.0213883862985237
2016-12-16T00:00:00+00:00,2016-12-19T14:53:23.672490479+00:00,2016-12-19T14:53:23.672490479+00:00,NGF7@2016-12-28,-0.0132631880513738,0.0224223438626136
2016-12-19T00:00:00+00:00,2016-12-20T14:52:32.404184828+00:00,2016-12-20T14:52:32.404184828+00:00,NGF7@2016-12-28,-0.0144781024139439,0.0170861512037337
2016-12-20T00:00:00+00:00,2016-12-21T14:50:18.268276419+00:00,2016-12-21T14:50:18.268276419+00:00,NGF7@2016-12-28,-0.0243943359853274,0.0301881178521908
2016-12-21T00:00:00+00:00,2016-12-22T14:50:20.709265196+00:00,2016-12-22T14:50:20.709265196+00:00,NGF7@2016-12-28,-0.0185510563663092,0.03103983790251
2016-12-22T00:00:00+00:00,2016-12-23T14:50:33.528346859+00:00,2016-12-23T14:50:33.528346859+00:00,NGF7@2016-12-28,-0.0129893543624661,0.0407076501227044
2016-12-23T00:00:00+00:00,2016-12-27T14:50:32.704546578+00:00,2016-12-27T14:50:32.704546578+00:00,NGF7@2016-12-28,-0.0215697040822411,0.0323043233971573
2016-12-27T00:00:00+00:00,2016-12-28T14:50:34.525515403+00:00,2016-12-28T14:50:34.525515403+00:00,NGF7@2016-12-28,-0.0140764067703533,0.0218470039060863
2016-12-29T00:00:00+00:00,2016-12-30T14:50:14.329502576+00:00,2016-12-30T14:50:14.329502576+00:00,NGG7@2017-01-27,-0.0140401737448734,0.0308510508393176
2016-12-30T00:00:00+00:00,2017-01-03T14:53:29.237043527+00:00,2017-01-03T14:53:29.237043527+00:00,NGG7@2017-01-27,-0.0169614171370482,0.0256938684699881
2017-01-03T00:00:00+00:00,2017-01-04T14:50:25.289146998+00:00,2017-01-04T14:50:25.289146998+00:00,NGG7@2017-01-27,0.0122431057928842,0.0542169313235219
2017-01-04T00:00:00+00:00,2017-01-05T14:52:16.141419744+00:00,2017-01-05T14:52:16.141419744+00:00,NGG7@2017-01-27,0.0169527314591884,0.0510250917777487
2017-01-05T00:00:00+00:00,2017-01-06T14:52:21.198770733+00:00,2017-01-06T14:52:21.198770733+00:00,NGG7@2017-01-27,0.0022073307435801,0.0329852068095794
2017-01-06T00:00:00+00:00,2017-01-09T14:49:48.834763032+00:00,2017-01-09T14:49:48.834763032+00:00,NGG7@2017-01-27,0.0112031408060846,0.0521546123511655
2017-01-09T00:00:00+00:00,2017-01-10T14:51:23.163771691+00:00,2017-01-10T14:51:23.163771691+00:00,NGG7@2017-01-27,0.0120419831976361,0.0222679741341307
2017-01-10T00:00:00+00:00,2017-01-11T14:47:27.897555682+00:00,2017-01-11T14:47:27.897555682+00:00,NGG7@2017-01-27,-0.0158140896510231,0.0330993149088616
2017-01-11T00:00:00+00:00,2017-01-12T14:48:38.046968988+00:00,2017-01-12T14:48:38.046968988+00:00,NGG7@2017-01-27,-0.0206433065009838,0.0215833114855217
2017-01-12T00:00:00+00:00,2017-01-13T14:47:20.400896228+00:00,2017-01-13T14:47:20.400896228+00:00,NGG7@2017-01-27,-0.0056151349000346,0.0142729111231913
2017-01-13T00:00:00+00:00,2017-01-17T14:48:50.533835721+00:00,2017-01-17T14:48:50.533835721+00:00,NGG7@2017-01-27,0.0026829901806169,0.0239437187992989
2017-01-17T00:00:00+00:00,2017-01-18T14:53:20.707330066+00:00,2017-01-18T14:53:20.707330066+00:00,NGG7@2017-01-27,-0.0058739511471873,0.0179492218314476
2017-01-18T00:00:00+00:00,2017-01-19T14:51:11.678974635+00:00,2017-01-19T14:51:11.678974635+00:00,NGG7@2017-01-27,0.0185483781355408,0.0249871147364943
2017-01-19T00:00:00+00:00,2017-01-20T15:11:18.037127241+00:00,2017-01-20T15:11:18.037127241+00:00,NGG7@2017-01-27,0.0047216945864989,0.0214100316473189
2017-01-20T00:00:00+00:00,2017-01-23T14:49:22.753210387+00:00,2017-01-23T14:49:22.753210387+00:00,NGG7@2017-01-27,0.0093107605219036,0.0460723402203434
2017-01-23T00:00:00+00:00,2017-01-24T14:51:27.769089609+00:00,2017-01-24T14:51:27.769089609+00:00,NGG7@2017-01-27,-0.0055453388073257,0.0163291626162815
2017-01-24T00:00:00+00:00,2017-01-25T14:49:27.263814922+00:00,2017-01-25T14:49:27.263814922+00:00,NGG7@2017-01-27,-0.0027872064713283,0.0234119512620557
2017-01-25T00:00:00+00:00,2017-01-26T14:48:16.189131885+00:00,2017-01-26T14:48:16.189131885+00:00,NGG7@2017-01-27,-0.00379704092682,0.0177871349246002
2017-01-26T00:00:00+00:00,2017-01-27T14:48:17.701550796+00:00,2017-01-27T14:48:17.701550796+00:00,NGH7@2017-02-24,0.0143731486184095,0.0275307881346494
2017-01-27T00:00:00+00:00,2017-01-30T14:48:47.847813189+00:00,2017-01-30T14:48:47.847813189+00:00,NGH7@2017-02-24,0.0025592734146568,0.0257573696348152
2017-01-30T00:00:00+00:00,2017-01-31T14:49:43.126398926+00:00,2017-01-31T14:49:43.126398926+00:00,NGH7@2017-02-24,-5.040892137464503e-05,0.0478972591482817
2017-01-31T00:00:00+00:00,2017-02-01T18:17:48.109069626+00:00,2017-02-01T18:17:48.109069626+00:00,NGH7@2017-02-24,-0.0003543858659825,0.0243106559062509
2017-02-01T00:00:00+00:00,2017-02-02T17:06:41.428707414+00:00,2017-02-02T17:06:41.428707414+00:00,NGH7@2017-02-24,-0.0112491984068782,0.0201032404504494
2017-02-02T00:00:00+00:00,2017-02-03T14:46:50.038744648+00:00,2017-02-03T14:46:50.038744648+00:00,NGH7@2017-02-24,-0.0127619276655481,0.0209006409770406
2017-02-03T00:00:00+00:00,2017-02-06T14:47:55.322091772+00:00,2017-02-06T14:47:55.322091772+00:00,NGH7@2017-02-24,0.0096437221193486,0.0268132265692572
2017-02-06T00:00:00+00:00,2017-02-07T15:08:53.418457530+00:00,2017-02-07T15:08:53.418457530+00:00,NGH7@2017-02-24,0.0014379996766116,0.0182837296656768
2017-02-07T00:00:00+00:00,2017-02-08T14:46:47.040688919+00:00,2017-02-08T14:46:47.040688919+00:00,NGH7@2017-02-24,-0.0037728537822245,0.0229731112159847
2017-02-08T00:00:00+00:00,2017-02-09T14:48:06.271024159+00:00,2017-02-09T14:48:06.271024159+00:00,NGH7@2017-02-24,-0.0061375212374468,0.0428178746701043
2017-02-09T00:00:00+00:00,2017-02-10T14:47:24.637145023+00:00,2017-02-10T14:47:24.637145023+00:00,NGH7@2017-02-24,-0.0023704057329156,0.0432495129433719
2017-02-10T00:00:00+00:00,2017-02-13T14:48:27.806107442+00:00,2017-02-13T14:48:27.806107442+00:00,NGH7@2017-02-24,0.0136586241117222,0.0223132295310006
2017-02-13T00:00:00+00:00,2017-02-14T14:49:29.250496882+00:00,2017-02-14T14:49:29.250496882+00:00,NGH7@2017-02-24,0.0124473044309816,0.019849303152098
2017-02-14T00:00:00+00:00,2017-02-15T14:46:33.853403080+00:00,2017-02-15T14:46:33.853403080+00:00,NGH7@2017-02-24,0.0010130810103776,0.027219860750392
2017-02-15T00:00:00+00:00,2017-02-16T14:47:04.887660312+00:00,2017-02-16T14:47:04.887660312+00:00,NGH7@2017-02-24,0.0032620525782232,0.0234938495858088
2017-02-16T00:00:00+00:00,2017-02-17T14:48:12.911831361+00:00,2017-02-17T14:48:12.911831361+00:00,NGH7@2017-02-24,0.0044971962470166,0.0238130904632215
2017-02-17T00:00:00+00:00,2017-02-21T14:48:47.287480378+00:00,2017-02-21T14:48:47.287480378+00:00,NGH7@2017-02-24,0.010664407526822,0.0214267271822118
2017-02-21T00:00:00+00:00,2017-02-22T14:53:40.430761242+00:00,2017-02-22T14:53:40.430761242+00:00,NGH7@2017-02-24,0.0485449502634447,0.0242275785106097
2017-02-22T00:00:00+00:00,2017-02-23T14:46:51.646899633+00:00,2017-02-23T14:46:51.646899633+00:00,NGH7@2017-02-24,0.0167927098420499,0.0300682578350137
2017-02-23T00:00:00+00:00,2017-02-24T14:48:52.608514500+00:00,2017-02-24T14:48:52.608514500+00:00,NGJ7@2017-03-29,-0.0023339508665883,0.0360713896431204
2017-02-24T00:00:00+00:00,2017-02-27T14:49:29.522302634+00:00,2017-02-27T14:49:29.522302634+00:00,NGJ7@2017-03-29,0.0028410145281552,0.0436669717988358
2017-02-27T00:00:00+00:00,2017-02-28T14:50:42.114100459+00:00,2017-02-28T14:50:42.114100459+00:00,NGJ7@2017-03-29,0.0010711848735809,0.0291698213134493
2017-02-28T00:00:00+00:00,2017-03-01T14:47:36.886535771+00:00,2017-03-01T14:47:36.886535771+00:00,NGJ7@2017-03-29,-0.0147044595669371,0.0223519790875838
2017-03-01T00:00:00+00:00,2017-03-02T14:46:31.334450155+00:00,2017-03-02T14:46:31.334450155+00:00,NGJ7@2017-03-29,-0.0090186333281117,0.0245221524108974
2017-03-02T00:00:00+00:00,2017-03-03T14:47:48.017901982+00:00,2017-03-03T14:47:48.017901982+00:00,NGJ7@2017-03-29,-0.0127218011177353,0.0238828798057428
2017-03-03T00:00:00+00:00,2017-03-06T14:48:25.273620871+00:00,2017-03-06T14:48:25.273620871+00:00,NGJ7@2017-03-29,0.0050492582067978,0.0287547153709209
2017-03-06T00:00:00+00:00,2017-03-07T14:50:11.924575886+00:00,2017-03-07T14:50:11.924575886+00:00,NGJ7@2017-03-29,0.0086671605219519,0.0284269835238161
2017-03-07T00:00:00+00:00,2017-03-08T14:49:23.130408594+00:00,2017-03-08T14:49:23.130408594+00:00,NGJ7@2017-03-29,-0.0079240023713891,0.0278238825808059
2017-03-08T00:00:00+00:00,2017-03-09T14:52:12.460461142+00:00,2017-03-09T14:52:12.460461142+00:00,NGJ7@2017-03-29,-0.0155623484244913,0.0321982497229621
2017-03-09T00:00:00+00:00,2017-03-10T14:49:17.566316154+00:00,2017-03-10T14:49:17.566316154+00:00,NGJ7@2017-03-29,-0.0160029002143465,0.0380513664080025
2017-03-10T00:00:00+00:00,2017-03-13T14:06:05.587986798+00:00,2017-03-13T14:06:05.587986798+00:00,NGJ7@2017-03-29,-0.0279852442644207,0.0230839658457538
2017-03-13T00:00:00+00:00,2017-03-14T13:55:17.299036455+00:00,2017-03-14T13:55:17.299036455+00:00,NGJ7@2017-03-29,-0.0125650135928361,0.0324757010848433
2017-03-14T00:00:00+00:00,2017-03-15T13:52:58.423797358+00:00,2017-03-15T13:52:58.423797358+00:00,NGJ7@2017-03-29,-0.012933648207199,0.032101370247545
2017-03-15T00:00:00+00:00,2017-03-16T13:52:08.729765086+00:00,2017-03-16T13:52:08.729765086+00:00,NGJ7@2017-03-29,-0.0071729829690526,0.0336181442692594
2017-03-16T00:00:00+00:00,2017-03-17T13:53:35.144256969+00:00,2017-03-17T13:53:35.144256969+00:00,NGJ7@2017-03-29,0.0007867273294701,0.0375835196231691
2017-03-17T00:00:00+00:00,2017-03-20T13:51:02.177732239+00:00,2017-03-20T13:51:02.177732239+00:00,NGJ7@2017-03-29,0.0042762852938571,0.0289404899344743
2017-03-20T00:00:00+00:00,2017-03-21T13:54:04.098935043+00:00,2017-03-21T13:54:04.098935043+00:00,NGJ7@2017-03-29,0.0009715815456301,0.0254535302641024
2017-03-21T00:00:00+00:00,2017-03-22T13:49:13.370253579+00:00,2017-03-22T13:49:13.370253579+00:00,NGJ7@2017-03-29,0.000719240182426,0.0241640702034663
2017-03-22T00:00:00+00:00,2017-03-23T13:48:10.801718323+00:00,2017-03-23T13:48:10.801718323+00:00,NGJ7@2017-03-29,-0.0149667720920991,0.0301889236399669
2017-03-23T00:00:00+00:00,2017-03-24T13:53:03.826392918+00:00,2017-03-24T13:53:03.826392918+00:00,NGJ7@2017-03-29,-0.0010055031363419,0.0291682603791004
2017-03-24T00:00:00+00:00,2017-03-27T13:52:27.856010357+00:00,2017-03-27T13:52:27.856010357+00:00,NGJ7@2017-03-29,-0.0024661832101853,0.0194409805936729
2017-03-27T00:00:00+00:00,2017-03-28T13:53:24.503081306+00:00,2017-03-28T13:53:24.503081306+00:00,NGJ7@2017-03-29,-0.0115658746231199,0.0371185959486344
2017-03-28T00:00:00+00:00,2017-03-29T13:53:21.812840286+00:00,2017-03-29T13:53:21.812840286+00:00,NGJ7@2017-03-29,-0.0065435208187202,0.0184256332525935
2017-03-29T00:00:00+00:00,2017-03-30T13:52:19.238774064+00:00,2017-03-30T13:52:19.238774064+00:00,NGK7@2017-04-26,-0.0101401613927384,0.0285190716270041
2017-03-30T00:00:00+00:00,2017-03-31T13:54:18.083085991+00:00,2017-03-31T13:54:18.083085991+00:00,NGK7@2017-04-26,-0.0188501842428817,0.03549086962348
2017-03-31T00:00:00+00:00,2017-04-03T13:53:17.291153562+00:00,2017-04-03T13:53:17.291153562+00:00,NGK7@2017-04-26,-0.0070324045673648,0.0271597751101156
2017-04-03T00:00:00+00:00,2017-04-04T13:51:01.425234880+00:00,2017-04-04T13:51:01.425234880+00:00,NGK7@2017-04-26,-0.0105844332668314,0.0212457950485268
2017-04-04T00:00:00+00:00,2017-04-05T13:52:02.421373063+00:00,2017-04-05T13:52:02.421373063+00:00,NGK7@2017-04-26,-0.0301068508053231,0.0331159353111466
2017-04-05T00:00:00+00:00,2017-04-06T13:57:03.487766299+00:00,2017-04-06T13:57:03.487766299+00:00,NGK7@2017-04-26,-0.0134528476043551,0.0285621377250093
2017-04-06T00:00:00+00:00,2017-04-07T13:50:06.082348426+00:00,2017-04-07T13:50:06.082348426+00:00,NGK7@2017-04-26,-0.0237641255133014,0.0340746562841116
2017-04-07T00:00:00+00:00,2017-04-10T13:49:02.467171489+00:00,2017-04-10T13:49:02.467171489+00:00,NGK7@2017-04-26,-0.0146769931331786,0.0166410150877253
2017-04-10T00:00:00+00:00,2017-04-11T13:51:57.276494457+00:00,2017-04-11T13:51:57.276494457+00:00,NGK7@2017-04-26,-0.0067043827890871,0.0246864316495083
2017-04-11T00:00:00+00:00,2017-04-12T13:48:01.288608858+00:00,2017-04-12T13:48:01.288608858+00:00,NGK7@2017-04-26,-0.0025299667107938,0.0249817214830957
2017-04-12T00:00:00+00:00,2017-04-13T13:50:01.611479786+00:00,2017-04-13T13:50:01.611479786+00:00,NGK7@2017-04-26,-0.0161306319892181,0.0216624926197874
2017-04-13T00:00:00+00:00,2017-04-17T13:48:07.898989699+00:00,2017-04-17T13:48:07.898989699+00:00,NGK7@2017-04-26,-0.0216558750266828,0.0156133621701048
2017-04-17T00:00:00+00:00,2017-04-18T13:52:09.600996695+00:00,2017-04-18T13:52:09.600996695+00:00,NGK7@2017-04-26,0.0044974616811244,0.0196805483178247
2017-04-18T00:00:00+00:00,2017-04-19T13:49:02.008361365+00:00,2017-04-19T13:49:02.008361365+00:00,NGK7@2017-04-26,-0.0033123228285047,0.0191417572990296
2017-04-19T00:00:00+00:00,2017-04-20T13:48:54.386580250+00:00,2017-04-20T13:48:54.386580250+00:00,NGK7@2017-04-26,-0.0105178288905224,0.0204962249086194
2017-04-20T00:00:00+00:00,2017-04-21T13:49:08.830123650+00:00,2017-04-21T13:49:08.830123650+00:00,NGK7@2017-04-26,-0.0065913391836903,0.0116775354704372
2017-04-21T00:00:00+00:00,2017-04-24T19:02:40.607168022+00:00,2017-04-24T19:02:40.607168022+00:00,NGK7@2017-04-26,-0.0077737997976692,0.0262792566333938
2017-04-24T00:00:00+00:00,2017-04-25T13:54:11.097792142+00:00,2017-04-25T13:54:11.097792142+00:00,NGK7@2017-04-26,0.0012204680578424,0.0200988654803512
2017-04-25T00:00:00+00:00,2017-04-26T13:47:55.683860641+00:00,2017-04-26T13:47:55.683860641+00:00,NGK7@2017-04-26,0.0020827116231201,0.0266651076918691
2017-04-26T00:00:00+00:00,2017-04-27T14:28:54.090886562+00:00,2017-04-27T14:28:54.090886562+00:00,NGM7@2017-05-26,-0.0116721027721908,0.023309933550338
2017-04-27T00:00:00+00:00,2017-04-28T13:47:49.300755703+00:00,2017-04-28T13:47:49.300755703+00:00,NGM7@2017-05-26,-0.0085157297425351,0.0233943363183819
2017-04-28T00:00:00+00:00,2017-05-01T13:49:01.945784069+00:00,2017-05-01T13:49:01.945784069+00:00,NGM7@2017-05-26,-0.0103242593498615,0.021231068715877
2017-05-01T00:00:00+00:00,2017-05-02T13:52:03.517388402+00:00,2017-05-02T13:52:03.517388402+00:00,NGM7@2017-05-26,0.0035362338221844,0.0238665346394465
2017-05-02T00:00:00+00:00,2017-05-03T13:46:18.383013673+00:00,2017-05-03T13:46:18.383013673+00:00,NGM7@2017-05-26,0.0035496721908272,0.0191580478455087
2017-05-03T00:00:00+00:00,2017-05-04T13:49:07.310669112+00:00,2017-05-04T13:49:07.310669112+00:00,NGM7@2017-05-26,-0.014783297884875,0.0259887354228112
2017-05-04T00:00:00+00:00,2017-05-05T13:48:16.876957846+00:00,2017-05-05T13:48:16.876957846+00:00,NGM7@2017-05-26,0.000962755395294,0.0158644527700112
2017-05-05T00:00:00+00:00,2017-05-08T13:49:07.169350928+00:00,2017-05-08T13:49:07.169350928+00:00,NGM7@2017-05-26,-0.0076347299917047,0.0195645661079385
2017-05-08T00:00:00+00:00,2017-05-09T13:50:58.806044848+00:00,2017-05-09T13:50:58.806044848+00:00,NGM7@2017-05-26,0.003745062572054,0.0218434835341137
2017-05-09T00:00:00+00:00,2017-05-10T13:46:53.938066676+00:00,2017-05-10T13:46:53.938066676+00:00,NGM7@2017-05-26,-0.0081803414033813,0.0234521765645186
2017-05-10T00:00:00+00:00,2017-05-11T13:49:08.899984801+00:00,2017-05-11T13:49:08.899984801+00:00,NGM7@2017-05-26,-0.0145809467469004,0.0192583260669777
2017-05-11T00:00:00+00:00,2017-05-12T13:46:23.409223245+00:00,2017-05-12T13:46:23.409223245+00:00,NGM7@2017-05-26,-0.0194761707082846,0.0279825849751047
2017-05-12T00:00:00+00:00,2017-05-15T13:49:53.147083056+00:00,2017-05-15T13:49:53.147083056+00:00,NGM7@2017-05-26,-0.0047985395352463,0.0338963577083447
2017-05-15T00:00:00+00:00,2017-05-16T14:02:55.508753154+00:00,2017-05-16T14:02:55.508753154+00:00,NGM7@2017-05-26,-0.010121278071254,0.0196308635733299
2017-05-16T00:00:00+00:00,2017-05-17T13:50:38.374243095+00:00,2017-05-17T13:50:38.374243095+00:00,NGM7@2017-05-26,-0.0128039575582686,0.0211182762594784
2017-05-17T00:00:00+00:00,2017-05-18T13:49:56.235820311+00:00,2017-05-18T13:49:56.235820311+00:00,NGM7@2017-05-26,-0.0071220611924135,0.0234076671416085
2017-05-18T00:00:00+00:00,2017-05-19T13:47:53.536952796+00:00,2017-05-19T13:47:53.536952796+00:00,NGM7@2017-05-26,-0.0352043911207432,0.0163228534232112
2017-05-19T00:00:00+00:00,2017-05-22T13:48:48.660732790+00:00,2017-05-22T13:48:48.660732790+00:00,NGM7@2017-05-26,-0.0202537379144374,0.0264488908881694
2017-05-22T00:00:00+00:00,2017-05-23T13:51:01.341639496+00:00,2017-05-23T13:51:01.341639496+00:00,NGM7@2017-05-26,-0.0168493767495766,0.0240033603331014
2017-05-23T00:00:00+00:00,2017-05-24T14:45:02.393325865+00:00,2017-05-24T14:45:02.393325865+00:00,NGM7@2017-05-26,-0.0195901739328483,0.02649863781957
2017-05-24T00:00:00+00:00,2017-05-25T13:46:48.395231015+00:00,2017-05-25T13:46:48.395231015+00:00,NGM7@2017-05-26,-0.0197156698962722,0.0143182113971305
2017-05-25T00:00:00+00:00,2017-05-26T13:46:07.830547787+00:00,2017-05-26T13:46:07.830547787+00:00,NGN7@2017-06-28,-0.0059830826711437,0.0211311439038048
2017-05-26T00:00:00+00:00,2017-05-30T13:46:54.833532460+00:00,2017-05-30T13:46:54.833532460+00:00,NGN7@2017-06-28,-0.0122546194536732,0.0163835169512874
2017-05-30T00:00:00+00:00,2017-05-31T13:50:49.075737625+00:00,2017-05-31T13:50:49.075737625+00:00,NGN7@2017-06-28,0.0124615260532925,0.0147561605212569
2017-05-31T00:00:00+00:00,2017-06-01T13:47:22.158085145+00:00,2017-06-01T13:47:22.158085145+00:00,NGN7@2017-06-28,0.014459542616265,0.0264815363262816
2017-06-01T00:00:00+00:00,2017-06-02T13:47:01.157037101+00:00,2017-06-02T13:47:01.157037101+00:00,NGN7@2017-06-28,0.0086034300140522,0.0195456147586302
2017-06-02T00:00:00+00:00,2017-06-05T13:46:02.757634542+00:00,2017-06-05T13:46:02.757634542+00:00,NGN7@2017-06-28,-0.0041220223867929,0.0339599200339861
2017-06-05T00:00:00+00:00,2017-06-06T13:49:16.538428448+00:00,2017-06-06T13:49:16.538428448+00:00,NGN7@2017-06-28,0.0108015194150354,0.0258436622094964
2017-06-06T00:00:00+00:00,2017-06-07T13:45:55.301209636+00:00,2017-06-07T13:45:55.301209636+00:00,NGN7@2017-06-28,0.0079760768125944,0.0142967751619277
2017-06-07T00:00:00+00:00,2017-06-08T13:47:09.891650728+00:00,2017-06-08T13:47:09.891650728+00:00,NGN7@2017-06-28,0.0110798261023514,0.0405237374716247
2017-06-08T00:00:00+00:00,2017-06-09T13:46:09.309399902+00:00,2017-06-09T13:46:09.309399902+00:00,NGN7@2017-06-28,-0.0010553972770492,0.0238438963458868
2017-06-09T00:00:00+00:00,2017-06-12T16:20:51.049218170+00:00,2017-06-12T16:20:51.049218170+00:00,NGN7@2017-06-28,0.0080093936443954,0.0375381593791946
2017-06-12T00:00:00+00:00,2017-06-13T13:51:42.571628242+00:00,2017-06-13T13:51:42.571628242+00:00,NGN7@2017-06-28,0.0186206124505565,0.0159387088897057
2017-06-13T00:00:00+00:00,2017-06-14T13:47:56.242479532+00:00,2017-06-14T13:47:56.242479532+00:00,NGN7@2017-06-28,0.0033268123895242,0.021804579583512
2017-06-14T00:00:00+00:00,2017-06-15T14:19:44.145637996+00:00,2017-06-15T14:19:44.145637996+00:00,NGN7@2017-06-28,-0.0038464551061037,0.0150653826158196
2017-06-15T00:00:00+00:00,2017-06-16T13:52:14.011208042+00:00,2017-06-16T13:52:14.011208042+00:00,NGN7@2017-06-28,-0.028330776079787,0.0171084834643059
2017-06-16T00:00:00+00:00,2017-06-19T13:47:49.748411536+00:00,2017-06-19T13:47:49.748411536+00:00,NGN7@2017-06-28,-0.0016311702161732,0.0386402551883911
2017-06-19T00:00:00+00:00,2017-06-20T13:50:54.449210725+00:00,2017-06-20T13:50:54.449210725+00:00,NGN7@2017-06-28,-0.0101103292324363,0.0157551242204433
2017-06-20T00:00:00+00:00,2017-06-21T13:52:06.832890145+00:00,2017-06-21T13:52:06.832890145+00:00,NGN7@2017-06-28,-0.0175934055158504,0.0232924335283536
2017-06-21T00:00:00+00:00,2017-06-22T13:54:13.404545910+00:00,2017-06-22T13:54:13.404545910+00:00,NGN7@2017-06-28,0.0065346153011467,0.0148729035668152
2017-06-22T00:00:00+00:00,2017-06-23T13:55:49.812300488+00:00,2017-06-23T13:55:49.812300488+00:00,NGN7@2017-06-28,-0.0076094156953638,0.0164841668682236
2017-06-23T00:00:00+00:00,2017-06-26T13:52:03.424098215+00:00,2017-06-26T13:52:03.424098215+00:00,NGN7@2017-06-28,0.0047163795176046,0.0249546139830393
2017-06-26T00:00:00+00:00,2017-06-27T13:51:56.466676056+00:00,2017-06-27T13:51:56.466676056+00:00,NGN7@2017-06-28,-0.0085615139258535,0.0116775694646333
2017-06-27T00:00:00+00:00,2017-06-28T13:52:57.206181429+00:00,2017-06-28T13:52:57.206181429+00:00,NGN7@2017-06-28,0.0004350376413075,0.0239443077064688
2017-06-28T00:00:00+00:00,2017-06-29T16:22:58.644429072+00:00,2017-06-29T16:22:58.644429072+00:00,NGQ7@2017-07-27,-0.0174232563154597,0.0442984806295351
2017-06-29T00:00:00+00:00,2017-06-30T13:54:49.254569791+00:00,2017-06-30T13:54:49.254569791+00:00,NGQ7@2017-07-27,-0.0142100184479212,0.0159926381539498
2017-06-30T00:00:00+00:00,2017-07-03T13:53:16.296954244+00:00,2017-07-03T13:53:16.296954244+00:00,NGQ7@2017-07-27,-0.0071547889897635,0.0226137787838665
2017-07-03T00:00:00+00:00,2017-07-05T13:51:20.349096760+00:00,2017-07-05T13:51:20.349096760+00:00,NGQ7@2017-07-27,0.0030164070812661,0.0367789060612633
2017-07-05T00:00:00+00:00,2017-07-06T13:52:07.733967326+00:00,2017-07-06T13:52:07.733967326+00:00,NGQ7@2017-07-27,0.0184889290671006,0.0185087140512549
2017-07-06T00:00:00+00:00,2017-07-07T13:53:51.914354003+00:00,2017-07-07T13:53:51.914354003+00:00,NGQ7@2017-07-27,-0.0100734981755036,0.015027725510622
2017-07-07T00:00:00+00:00,2017-07-10T13:48:26.538857571+00:00,2017-07-10T13:48:26.538857571+00:00,NGQ7@2017-07-27,0.005142906285201,0.0189232842940589
2017-07-10T00:00:00+00:00,2017-07-11T13:51:36.194348119+00:00,2017-07-11T13:51:36.194348119+00:00,NGQ7@2017-07-27,-0.0041170394021359,0.0145315553583026
2017-07-11T00:00:00+00:00,2017-07-12T13:49:38.039268516+00:00,2017-07-12T13:49:38.039268516+00:00,NGQ7@2017-07-27,-0.0167625645731058,0.0363567928643192
2017-07-12T00:00:00+00:00,2017-07-13T13:47:30.992238201+00:00,2017-07-13T13:47:30.992238201+00:00,NGQ7@2017-07-27,-0.0210730169106229,0.0155418565057985
2017-07-13T00:00:00+00:00,2017-07-14T13:51:12.450813345+00:00,2017-07-14T13:51:12.450813345+00:00,NGQ7@2017-07-27,0.0100646927626097,0.0181002721416608
2017-07-14T00:00:00+00:00,2017-07-17T13:59:46.810499206+00:00,2017-07-17T13:59:46.810499206+00:00,NGQ7@2017-07-27,-0.0103485842939586,0.0389243757961018
2017-07-17T00:00:00+00:00,2017-07-18T13:50:47.908956944+00:00,2017-07-18T13:50:47.908956944+00:00,NGQ7@2017-07-27,0.0092491114569388,0.032760037754373
2017-07-18T00:00:00+00:00,2017-07-19T13:53:49.582891993+00:00,2017-07-19T13:53:49.582891993+00:00,NGQ7@2017-07-27,-0.0083112001186766,0.0212945965986508
2017-07-19T00:00:00+00:00,2017-07-20T13:54:34.583055973+00:00,2017-07-20T13:54:34.583055973+00:00,NGQ7@2017-07-27,-0.0134750204676524,0.0402410954528212
2017-07-20T00:00:00+00:00,2017-07-21T13:51:51.408143654+00:00,2017-07-21T13:51:51.408143654+00:00,NGQ7@2017-07-27,-0.0012541103583285,0.0450439635616291
2017-07-21T00:00:00+00:00,2017-07-24T14:21:31.255147822+00:00,2017-07-24T14:21:31.255147822+00:00,NGQ7@2017-07-27,-0.0005611567883877,0.0180232363778191
2017-07-24T00:00:00+00:00,2017-07-25T13:52:21.928090117+00:00,2017-07-25T13:52:21.928090117+00:00,NGQ7@2017-07-27,0.0066824133103555,0.0132712026198076
2017-07-25T00:00:00+00:00,2017-07-26T13:47:30.193232454+00:00,2017-07-26T13:47:30.193232454+00:00,NGQ7@2017-07-27,0.0106229101834089,0.0667863565942515
2017-07-26T00:00:00+00:00,2017-07-27T13:49:43.461514525+00:00,2017-07-27T13:49:43.461514525+00:00,NGU7@2017-08-29,-0.0086396044664421,0.0158624393949783
2017-07-27T00:00:00+00:00,2017-07-28T13:53:29.362897589+00:00,2017-07-28T13:53:29.362897589+00:00,NGU7@2017-08-29,-0.012361638724179,0.0148598390694683
2017-07-28T00:00:00+00:00,2017-07-31T13:48:29.106185391+00:00,2017-07-31T13:48:29.106185391+00:00,NGU7@2017-08-29,0.0027643184811947,0.0155429663904472
2017-07-31T00:00:00+00:00,2017-08-01T13:51:43.171994671+00:00,2017-08-01T13:51:43.171994671+00:00,NGU7@2017-08-29,0.0033710532530222,0.0146684957955051
2017-08-01T00:00:00+00:00,2017-08-02T13:47:20.602112784+00:00,2017-08-02T13:47:20.602112784+00:00,NGU7@2017-08-29,0.009322777284195,0.0159302553674804
2017-08-02T00:00:00+00:00,2017-08-03T13:48:31.828244075+00:00,2017-08-03T13:48:31.828244075+00:00,NGU7@2017-08-29,-0.001253573415633,0.0158116866545612
2017-08-03T00:00:00+00:00,2017-08-04T13:52:43.998335741+00:00,2017-08-04T13:52:43.998335741+00:00,NGU7@2017-08-29,-2.506723042139392e-06,0.016831976222241
2017-08-04T00:00:00+00:00,2017-08-07T13:48:30.302700318+00:00,2017-08-07T13:48:30.302700318+00:00,NGU7@2017-08-29,0.0037210901463753,0.014064634911265
2017-08-07T00:00:00+00:00,2017-08-08T13:52:24.434867955+00:00,2017-08-08T13:52:24.434867955+00:00,NGU7@2017-08-29,-0.00031319440283,0.0123667198123993
2017-08-08T00:00:00+00:00,2017-08-09T13:48:43.774228632+00:00,2017-08-09T13:48:43.774228632+00:00,NGU7@2017-08-29,-0.0090297222306723,0.0191175814930919
2017-08-09T00:00:00+00:00,2017-08-10T13:48:44.353574439+00:00,2017-08-10T13:48:44.353574439+00:00,NGU7@2017-08-29,-0.0242511375615397,0.0329091342715349
2017-08-10T00:00:00+00:00,2017-08-11T13:56:23.289728142+00:00,2017-08-11T13:56:23.289728142+00:00,NGU7@2017-08-29,-0.0269651348958879,0.0254299016606887
2017-08-11T00:00:00+00:00,2017-08-14T13:48:38.146155305+00:00,2017-08-14T13:48:38.146155305+00:00,NGU7@2017-08-29,-0.0049902810699565,0.0328318331153895
2017-08-14T00:00:00+00:00,2017-08-15T13:52:38.697739288+00:00,2017-08-15T13:52:38.697739288+00:00,NGU7@2017-08-29,-0.0041731982617764,0.0137091488451571
2017-08-15T00:00:00+00:00,2017-08-16T13:52:23.451221726+00:00,2017-08-16T13:52:23.451221726+00:00,NGU7@2017-08-29,0.0017374651702239,0.0220341309571405
2017-08-16T00:00:00+00:00,2017-08-17T13:50:22.392650835+00:00,2017-08-17T13:50:22.392650835+00:00,NGU7@2017-08-29,-0.0132624637083392,0.0275036230222999
2017-08-17T00:00:00+00:00,2017-08-18T13:54:49.118205077+00:00,2017-08-18T13:54:49.118205077+00:00,NGU7@2017-08-29,-0.0083137111624546,0.017651156685331
2017-08-18T00:00:00+00:00,2017-08-21T13:49:42.079808518+00:00,2017-08-21T13:49:42.079808518+00:00,NGU7@2017-08-29,-0.0053810734476125,0.0421251333359002
2017-08-21T00:00:00+00:00,2017-08-22T13:51:19.856131263+00:00,2017-08-22T13:51:19.856131263+00:00,NGU7@2017-08-29,-0.0223314178528531,0.0150445660303672
2017-08-22T00:00:00+00:00,2017-08-23T13:47:31.423681519+00:00,2017-08-23T13:47:31.423681519+00:00,NGU7@2017-08-29,0.0033358670060577,0.0384376062034586
2017-08-23T00:00:00+00:00,2017-08-24T13:49:46.083702258+00:00,2017-08-24T13:49:46.083702258+00:00,NGU7@2017-08-29,-0.0048452554155284,0.0606927405144309
2017-08-24T00:00:00+00:00,2017-08-25T13:54:37.611929096+00:00,2017-08-25T13:54:37.611929096+00:00,NGU7@2017-08-29,-0.0144183292337085,0.0387441528880077
2017-08-25T00:00:00+00:00,2017-08-28T13:40:32.462158814+00:00,2017-08-28T13:40:32.462158814+00:00,NGU7@2017-08-29,-0.0026353966465312,0.0242582671550097
2017-08-28T00:00:00+00:00,2017-08-29T13:40:29.510576419+00:00,2017-08-29T13:40:29.510576419+00:00,NGU7@2017-08-29,-0.0096889136788445,0.0156993433520868
2017-08-30T00:00:00+00:00,2017-08-31T13:41:57.749002575+00:00,2017-08-31T13:41:57.749002575+00:00,NGV7@2017-09-27,-0.0002709724332975,0.0183978320463843
2017-08-31T00:00:00+00:00,2017-09-01T13:42:02.073453910+00:00,2017-09-01T13:42:02.073453910+00:00,NGV7@2017-09-27,-0.0099813746309828,0.0491518888175976
2017-09-01T00:00:00+00:00,2017-09-05T13:41:59.754144422+00:00,2017-09-05T13:41:59.754144422+00:00,NGV7@2017-09-27,-0.0109654468579937,0.0254084974478741
2017-09-05T00:00:00+00:00,2017-09-06T13:41:59.220906347+00:00,2017-09-06T13:41:59.220906347+00:00,NGV7@2017-09-27,0.0110108148606287,0.0163776149897413
2017-09-06T00:00:00+00:00,2017-09-07T13:48:29.735066436+00:00,2017-09-07T13:48:29.735066436+00:00,NGV7@2017-09-27,-0.0068427584272749,0.0223949393059345
2017-09-07T00:00:00+00:00,2017-09-08T14:00:22.172065779+00:00,2017-09-08T14:00:22.172065779+00:00,NGV7@2017-09-27,0.0063277028453225,0.0220871744667988
2017-09-08T00:00:00+00:00,2017-09-11T13:49:46.306463077+00:00,2017-09-11T13:49:46.306463077+00:00,NGV7@2017-09-27,0.0051534093659499,0.0226493539481327
2017-09-11T00:00:00+00:00,2017-09-12T13:52:42.509984791+00:00,2017-09-12T13:52:42.509984791+00:00,NGV7@2017-09-27,-0.0025957896724793,0.0137949102977622
2017-09-12T00:00:00+00:00,2017-09-13T13:47:28.405563816+00:00,2017-09-13T13:47:28.405563816+00:00,NGV7@2017-09-27,0.0012348162354327,0.0455858703460947
2017-09-13T00:00:00+00:00,2017-09-14T13:59:34.393800608+00:00,2017-09-14T13:59:34.393800608+00:00,NGV7@2017-09-27,-0.0230333637731977,0.0216425379778955
2017-09-14T00:00:00+00:00,2017-09-15T13:52:29.816486477+00:00,2017-09-15T13:52:29.816486477+00:00,NGV7@2017-09-27,-0.0221364557199092,0.025012502458913
2017-09-15T00:00:00+00:00,2017-09-18T13:53:36.459977336+00:00,2017-09-18T13:53:36.459977336+00:00,NGV7@2017-09-27,-0.0032855918419224,0.040300359835931
2017-09-18T00:00:00+00:00,2017-09-19T13:52:28.090023443+00:00,2017-09-19T13:52:28.090023443+00:00,NGV7@2017-09-27,-0.0262093053233669,0.0342042049277086
2017-09-19T00:00:00+00:00,2017-09-20T13:52:35.319922998+00:00,2017-09-20T13:52:35.319922998+00:00,NGV7@2017-09-27,-0.0137405633849999,0.0262077096867584
2017-09-20T00:00:00+00:00,2017-09-21T13:53:39.835550159+00:00,2017-09-21T13:53:39.835550159+00:00,NGV7@2017-09-27,-0.0077801374371825,0.0185769674808086
2017-09-21T00:00:00+00:00,2017-09-22T13:51:23.652189224+00:00,2017-09-22T13:51:23.652189224+00:00,NGV7@2017-09-27,0.0070350067737259,0.0202617896824702
2017-09-22T00:00:00+00:00,2017-09-25T13:53:22.036148145+00:00,2017-09-25T13:53:22.036148145+00:00,NGV7@2017-09-27,0.0001296705624851,0.0391277675920107
2017-09-25T00:00:00+00:00,2017-09-26T13:53:18.381142847+00:00,2017-09-26T13:53:18.381142847+00:00,NGV7@2017-09-27,0.0054168557664111,0.0502062724487889
2017-09-26T00:00:00+00:00,2017-09-27T13:52:42.568640157+00:00,2017-09-27T13:52:42.568640157+00:00,NGV7@2017-09-27,0.0121570249493612,0.062258620011179
2017-09-27T00:00:00+00:00,2017-09-28T13:54:29.306822374+00:00,2017-09-28T13:54:29.306822374+00:00,NGX7@2017-10-27,0.0063168270136015,0.0190434113047481
2017-09-28T00:00:00+00:00,2017-09-29T13:53:45.251470074+00:00,2017-09-29T13:53:45.251470074+00:00,NGX7@2017-10-27,-0.0022172181117431,0.0170142585739206
2017-09-29T00:00:00+00:00,2017-10-02T13:52:48.603456310+00:00,2017-10-02T13:52:48.603456310+00:00,NGX7@2017-10-27,0.0101462611305231,0.0163642992003221
2017-10-02T00:00:00+00:00,2017-10-03T13:51:37.118300385+00:00,2017-10-03T13:51:37.118300385+00:00,NGX7@2017-10-27,0.0113073006654398,0.0134272453112479
2017-10-03T00:00:00+00:00,2017-10-04T13:50:44.465486295+00:00,2017-10-04T13:50:44.465486295+00:00,NGX7@2017-10-27,0.0071783374704876,0.0156252898486378
2017-10-04T00:00:00+00:00,2017-10-05T14:07:02.369185723+00:00,2017-10-05T14:07:02.369185723+00:00,NGX7@2017-10-27,0.0087049287478453,0.0176314476358675
2017-10-05T00:00:00+00:00,2017-10-06T13:51:37.700861103+00:00,2017-10-06T13:51:37.700861103+00:00,NGX7@2017-10-27,0.0011804497931615,0.0185100336048557
2017-10-06T00:00:00+00:00,2017-10-09T13:48:31.594842530+00:00,2017-10-09T13:48:31.594842530+00:00,NGX7@2017-10-27,0.0183955986462338,0.0180872739089513
2017-10-09T00:00:00+00:00,2017-10-10T13:51:23.282264418+00:00,2017-10-10T13:51:23.282264418+00:00,NGX7@2017-10-27,-0.0038848217622733,0.0092585461059785
2017-10-10T00:00:00+00:00,2017-10-11T13:47:23.637190945+00:00,2017-10-11T13:47:23.637190945+00:00,NGX7@2017-10-27,0.0067272417593233,0.0213019482724301
2017-10-11T00:00:00+00:00,2017-10-12T13:48:38.389042630+00:00,2017-10-12T13:48:38.389042630+00:00,NGX7@2017-10-27,-0.0147228503145303,0.0165483795900115
2017-10-12T00:00:00+00:00,2017-10-13T13:52:19.952129155+00:00,2017-10-13T13:52:19.952129155+00:00,NGX7@2017-10-27,-0.0148928266602378,0.0229903060857006
2017-10-13T00:00:00+00:00,2017-10-16T13:47:17.227984279+00:00,2017-10-16T13:47:17.227984279+00:00,NGX7@2017-10-27,-0.0032966100399212,0.0384153325425871
2017-10-16T00:00:00+00:00,2017-10-17T13:53:59.465217791+00:00,2017-10-17T13:53:59.465217791+00:00,NGX7@2017-10-27,-0.0031688610310088,0.0128122005700984
2017-10-17T00:00:00+00:00,2017-10-18T13:48:03.837657853+00:00,2017-10-18T13:48:03.837657853+00:00,NGX7@2017-10-27,-0.0007961105357088,0.0139741585329479
2017-10-18T00:00:00+00:00,2017-10-19T14:19:13.636238127+00:00,2017-10-19T14:19:13.636238127+00:00,NGX7@2017-10-27,-0.00584119572867,0.0166408860363722
2017-10-19T00:00:00+00:00,2017-10-20T14:15:23.095595434+00:00,2017-10-20T14:15:23.095595434+00:00,NGX7@2017-10-27,-0.0129477431875717,0.0159356434699528
2017-10-20T00:00:00+00:00,2017-10-23T13:49:22.717887669+00:00,2017-10-23T13:49:22.717887669+00:00,NGX7@2017-10-27,0.0251411457651669,0.0219415553246986
2017-10-23T00:00:00+00:00,2017-10-24T13:54:14.604431770+00:00,2017-10-24T13:54:14.604431770+00:00,NGX7@2017-10-27,0.0039816801796856,0.0171548991090922
2017-10-24T00:00:00+00:00,2017-10-25T13:48:16.482915386+00:00,2017-10-25T13:48:16.482915386+00:00,NGX7@2017-10-27,0.001812383083994,0.057553846301841
2017-10-25T00:00:00+00:00,2017-10-26T13:50:23.339427560+00:00,2017-10-26T13:50:23.339427560+00:00,NGX7@2017-10-27,0.0029070206469643,0.0329710110869423
2017-10-26T00:00:00+00:00,2017-10-27T13:59:16.354802444+00:00,2017-10-27T13:59:16.354802444+00:00,NGZ7@2017-11-28,0.0081508511402568,0.0184146693495453
2017-10-27T00:00:00+00:00,2017-10-30T13:20:20.367880024+00:00,2017-10-30T13:20:20.367880024+00:00,NGZ7@2017-11-28,0.024833885399071,0.0183641105084805
2017-10-30T00:00:00+00:00,2017-10-31T13:20:05.631291896+00:00,2017-10-31T13:20:05.631291896+00:00,NGZ7@2017-11-28,-0.0089504972689118,0.0271156021036402
2017-10-31T00:00:00+00:00,2017-11-01T13:19:39.862008787+00:00,2017-11-01T13:19:39.862008787+00:00,NGZ7@2017-11-28,0.0153209645529601,0.0191390473295457
2017-11-01T00:00:00+00:00,2017-11-02T13:20:20.453982628+00:00,2017-11-02T13:20:20.453982628+00:00,NGZ7@2017-11-28,0.0062437247967259,0.0202061387789807
2017-11-02T00:00:00+00:00,2017-11-03T13:20:39.538025788+00:00,2017-11-03T13:20:39.538025788+00:00,NGZ7@2017-11-28,0.0051761424370826,0.0205880212556283
2017-11-03T00:00:00+00:00,2017-11-06T14:19:51.902311615+00:00,2017-11-06T14:19:51.902311615+00:00,NGZ7@2017-11-28,0.0060372158297714,0.018635031853665
2017-11-06T00:00:00+00:00,2017-11-07T14:20:03.793165273+00:00,2017-11-07T14:20:03.793165273+00:00,NGZ7@2017-11-28,-0.0189360809326172,0.0173809814453125
2017-11-07T00:00:00+00:00,2017-11-08T14:19:52.604636304+00:00,2017-11-08T14:19:52.604636304+00:00,NGZ7@2017-11-28,-0.0172308235083712,0.0206734860976209
2017-11-08T00:00:00+00:00,2017-11-09T14:18:41.784178711+00:00,2017-11-09T14:18:41.784178711+00:00,NGZ7@2017-11-28,-0.0170389545785709,0.0177389605749565
2017-11-09T00:00:00+00:00,2017-11-10T14:18:37.811490006+00:00,2017-11-10T14:18:37.811490006+00:00,NGZ7@2017-11-28,-0.0105876221682044,0.0197246638238337
2017-11-10T00:00:00+00:00,2017-11-13T14:19:07.613785378+00:00,2017-11-13T14:19:07.613785378+00:00,NGZ7@2017-11-28,-0.0143290217618765,0.0190022569265424
2017-11-13T00:00:00+00:00,2017-11-14T14:18:16.499757423+00:00,2017-11-14T14:18:16.499757423+00:00,NGZ7@2017-11-28,0.0045646102565108,0.0134880375710262
2017-11-14T00:00:00+00:00,2017-11-15T14:18:39.179994441+00:00,2017-11-15T14:18:39.179994441+00:00,NGZ7@2017-11-28,-0.0033187593022983,0.0168766515950361
2017-11-15T00:00:00+00:00,2017-11-16T14:22:59.473766312+00:00,2017-11-16T14:22:59.473766312+00:00,NGZ7@2017-11-28,-0.002635074547689,0.0182972971187462
2017-11-16T00:00:00+00:00,2017-11-17T14:18:10.551638856+00:00,2017-11-17T14:18:10.551638856+00:00,NGZ7@2017-11-28,-0.0082091440482157,0.0173863895705684
2017-11-17T00:00:00+00:00,2017-11-20T14:51:22.102570928+00:00,2017-11-20T14:51:22.102570928+00:00,NGZ7@2017-11-28,-0.0088397667934764,0.051390393940425
2017-11-20T00:00:00+00:00,2017-11-21T14:18:36.410732530+00:00,2017-11-21T14:18:36.410732530+00:00,NGZ7@2017-11-28,-0.0007724950498175,0.0149378077398611
2017-11-21T00:00:00+00:00,2017-11-22T14:18:36.633156783+00:00,2017-11-22T14:18:36.633156783+00:00,NGZ7@2017-11-28,0.003761500130041,0.0271778214163522
2017-11-22T00:00:00+00:00,2017-11-23T14:18:22.527936331+00:00,2017-11-23T14:18:22.527936331+00:00,NGZ7@2017-11-28,0.0108552261444954,0.024517243514953
2017-11-24T00:00:00+00:00,2017-11-27T14:18:36.501028858+00:00,2017-11-27T14:18:36.501028858+00:00,NGZ7@2017-11-28,0.0232606624013591,0.0237240401687325
2017-11-27T00:00:00+00:00,2017-11-28T14:18:33.355033323+00:00,2017-11-28T14:18:33.355033323+00:00,NGZ7@2017-11-28,0.0059418660485222,0.0137583781469867
2017-11-29T00:00:00+00:00,2017-11-30T14:54:45.941230885+00:00,2017-11-30T14:54:45.941230885+00:00,NGF8@2017-12-27,0.001760616458339,0.0309373956293073
2017-11-30T00:00:00+00:00,2017-12-01T14:18:30.052353821+00:00,2017-12-01T14:18:30.052353821+00:00,NGF8@2017-12-27,0.0161538021035185,0.0239097767588197
2017-12-01T00:00:00+00:00,2017-12-04T14:19:27.947074517+00:00,2017-12-04T14:19:27.947074517+00:00,NGF8@2017-12-27,0.0100355644014076,0.0257314362140916
2017-12-04T00:00:00+00:00,2017-12-05T14:18:45.635528802+00:00,2017-12-05T14:18:45.635528802+00:00,NGF8@2017-12-27,0.0178670027808172,0.0160498472262258
2017-12-05T00:00:00+00:00,2017-12-06T14:18:39.084176115+00:00,2017-12-06T14:18:39.084176115+00:00,NGF8@2017-12-27,0.0075947452359528,0.0356343447794401
2017-12-06T00:00:00+00:00,2017-12-07T14:18:52.809069551+00:00,2017-12-07T14:18:52.809069551+00:00,NGF8@2017-12-27,0.0282982661987178,0.0215215181394638
2017-12-07T00:00:00+00:00,2017-12-08T14:19:11.824613273+00:00,2017-12-08T14:19:11.824613273+00:00,NGF8@2017-12-27,0.071093878301305,0.035046500871196
2017-12-08T00:00:00+00:00,2017-12-11T14:18:57.251717537+00:00,2017-12-11T14:18:57.251717537+00:00,NGF8@2017-12-27,0.0380202957104081,0.0212556702896616
2017-12-11T00:00:00+00:00,2017-12-12T14:18:34.310630410+00:00,2017-12-12T14:18:34.310630410+00:00,NGF8@2017-12-27,0.0302064254864025,0.0241104291773878
2017-12-12T00:00:00+00:00,2017-12-13T14:18:08.819779612+00:00,2017-12-13T14:18:08.819779612+00:00,NGF8@2017-12-27,0.0539678304759034,0.0212518894535675
2017-12-13T00:00:00+00:00,2017-12-14T14:18:33.405381724+00:00,2017-12-14T14:18:33.405381724+00:00,NGF8@2017-12-27,0.0490000732545929,0.0197199301991036
2017-12-14T00:00:00+00:00,2017-12-15T14:18:53.576286405+00:00,2017-12-15T14:18:53.576286405+00:00,NGF8@2017-12-27,0.0552935244114769,0.0263895079443686
2017-12-15T00:00:00+00:00,2017-12-18T14:19:35.845853202+00:00,2017-12-18T14:19:35.845853202+00:00,NGF8@2017-12-27,0.0335663636161751,0.022167290193629
2017-12-18T00:00:00+00:00,2017-12-19T14:18:46.486226387+00:00,2017-12-19T14:18:46.486226387+00:00,NGF8@2017-12-27,0.0074529870096471,0.0182102825723246
2017-12-19T00:00:00+00:00,2017-12-20T14:19:44.297905921+00:00,2017-12-20T14:19:44.297905921+00:00,NGF8@2017-12-27,0.0190768953553477,0.0219460498906335
2017-12-20T00:00:00+00:00,2017-12-21T14:18:36.618811748+00:00,2017-12-21T14:18:36.618811748+00:00,NGF8@2017-12-27,0.0367076260497769,0.020061361502452
2017-12-21T00:00:00+00:00,2017-12-22T14:19:39.842650488+00:00,2017-12-22T14:19:39.842650488+00:00,NGF8@2017-12-27,0.0494009217262996,0.0234264894626597
2017-12-22T00:00:00+00:00,2017-12-25T14:22:44.998027913+00:00,2017-12-25T14:22:44.998027913+00:00,NGF8@2017-12-27,0.0146246344151224,0.0312859244597398
2017-12-26T00:00:00+00:00,2017-12-27T14:18:53.264928363+00:00,2017-12-27T14:18:53.264928363+00:00,NGF8@2017-12-27,0.0726390393068721,0.0550972949748786
2017-12-28T00:00:00+00:00,2017-12-29T14:18:59.136435382+00:00,2017-12-29T14:18:59.136435382+00:00,NGG8@2018-01-29,-0.0159959331845067,0.0343148974696686
2017-12-29T00:00:00+00:00,2017-12-31T19:03:47.387933596+00:00,2017-12-31T19:03:47.387933596+00:00,NGG8@2018-01-29,0.0075560277690338,0.0397194863979384
2018-01-02T00:00:00+00:00,2018-01-03T14:18:46.131958469+00:00,2018-01-03T14:18:46.131958469+00:00,NGG8@2018-01-29,0.0021559136812805,0.0284452907374647
2018-01-03T00:00:00+00:00,2018-01-04T14:18:56.898305103+00:00,2018-01-04T14:18:56.898305103+00:00,NGG8@2018-01-29,-0.0037940232512567,0.0210863243090374
2018-01-04T00:00:00+00:00,2018-01-05T14:18:19.821334585+00:00,2018-01-05T14:18:19.821334585+00:00,NGG8@2018-01-29,0.0256027238916762,0.039426825466693
2018-01-05T00:00:00+00:00,2018-01-08T14:19:02.731073781+00:00,2018-01-08T14:19:02.731073781+00:00,NGG8@2018-01-29,0.0462875345687101,0.0281968451982933
2018-01-08T00:00:00+00:00,2018-01-09T14:19:02.244195021+00:00,2018-01-09T14:19:02.244195021+00:00,NGG8@2018-01-29,0.008990287107738,0.0197651021145731
2018-01-09T00:00:00+00:00,2018-01-10T14:19:07.256630145+00:00,2018-01-10T14:19:07.256630145+00:00,NGG8@2018-01-29,-0.0130300492824312,0.0252439881403139
2018-01-10T00:00:00+00:00,2018-01-11T14:31:14.321088217+00:00,2018-01-11T14:31:14.321088217+00:00,NGG8@2018-01-29,0.0121804156034488,0.0200435580708793
2018-01-11T00:00:00+00:00,2018-01-12T14:19:03.388154901+00:00,2018-01-12T14:19:03.388154901+00:00,NGG8@2018-01-29,-0.0284507070661774,0.0219879070943229
2018-01-12T00:00:00+00:00,2018-01-15T14:22:31.445251286+00:00,2018-01-15T14:22:31.445251286+00:00,NGG8@2018-01-29,-0.0222926746282792,0.0358516735923557
2018-01-16T00:00:00+00:00,2018-01-17T14:19:33.133752726+00:00,2018-01-17T14:19:33.133752726+00:00,NGG8@2018-01-29,-0.0118708081731555,0.0221683560716111
2018-01-17T00:00:00+00:00,2018-01-18T14:18:43.172861412+00:00,2018-01-18T14:18:43.172861412+00:00,NGG8@2018-01-29,-0.0049126698420598,0.0446460430438701
2018-01-18T00:00:00+00:00,2018-01-19T14:32:42.330032542+00:00,2018-01-19T14:32:42.330032542+00:00,NGG8@2018-01-29,-0.0134755969795409,0.0349163560376711
2018-01-19T00:00:00+00:00,2018-01-22T14:19:28.461950711+00:00,2018-01-22T14:19:28.461950711+00:00,NGG8@2018-01-29,-0.0041579840318212,0.0336847215328576
2018-01-22T00:00:00+00:00,2018-01-23T14:19:47.654241293+00:00,2018-01-23T14:19:47.654241293+00:00,NGG8@2018-01-29,-0.0271718940195601,0.0298278201337086
2018-01-23T00:00:00+00:00,2018-01-24T14:19:19.270196884+00:00,2018-01-24T14:19:19.270196884+00:00,NGG8@2018-01-29,-0.0155726637391037,0.045165504148139
2018-01-24T00:00:00+00:00,2018-01-25T14:18:54.393330283+00:00,2018-01-25T14:18:54.393330283+00:00,NGG8@2018-01-29,-0.008647338659675,0.0208231999918266
2018-01-25T00:00:00+00:00,2018-01-26T14:19:27.038620471+00:00,2018-01-26T14:19:27.038620471+00:00,NGG8@2018-01-29,-0.0084204524236273,0.0238767484339272
2018-01-26T00:00:00+00:00,2018-01-29T14:19:25.667303368+00:00,2018-01-29T14:19:25.667303368+00:00,NGG8@2018-01-29,0.0158054530620574,0.0385004011067477
2018-01-30T00:00:00+00:00,2018-01-31T14:19:34.593865022+00:00,2018-01-31T14:19:34.593865022+00:00,NGH8@2018-02-26,-0.0102518702214784,0.026211386821309
2018-01-31T00:00:00+00:00,2018-02-01T14:43:20.864088654+00:00,2018-02-01T14:43:20.864088654+00:00,NGH8@2018-02-26,0.0051938541684555,0.0252648709309758
2018-02-01T00:00:00+00:00,2018-02-02T14:18:55.999723061+00:00,2018-02-02T14:18:55.999723061+00:00,NGH8@2018-02-26,0.037211937643782,0.0384479626271519
2018-02-02T00:00:00+00:00,2018-02-05T14:19:23.476393841+00:00,2018-02-05T14:19:23.476393841+00:00,NGH8@2018-02-26,0.0374430131129439,0.0250958247156439
2018-02-05T00:00:00+00:00,2018-02-06T15:00:46.026373453+00:00,2018-02-06T15:00:46.026373453+00:00,NGH8@2018-02-26,0.023744892429661,0.0225174534428227
2018-02-06T00:00:00+00:00,2018-02-07T14:18:58.850369870+00:00,2018-02-07T14:18:58.850369870+00:00,NGH8@2018-02-26,0.0308736465371022,0.0252246856689453
2018-02-07T00:00:00+00:00,2018-02-08T14:19:07.951648592+00:00,2018-02-08T14:19:07.951648592+00:00,NGH8@2018-02-26,-0.0057120024058211,0.0292477132649439
2018-02-08T00:00:00+00:00,2018-02-09T14:38:19.740232102+00:00,2018-02-09T14:38:19.740232102+00:00,NGH8@2018-02-26,0.0410789738499972,0.0266597729428868
2018-02-09T00:00:00+00:00,2018-02-12T14:33:04.887546829+00:00,2018-02-12T14:33:04.887546829+00:00,NGH8@2018-02-26,0.0568788092790775,0.0413534050939636
2018-02-12T00:00:00+00:00,2018-02-13T14:18:54.133079245+00:00,2018-02-13T14:18:54.133079245+00:00,NGH8@2018-02-26,0.0664708310772912,0.0348704757157319
2018-02-13T00:00:00+00:00,2018-02-14T14:19:07.857276499+00:00,2018-02-14T14:19:07.857276499+00:00,NGH8@2018-02-26,0.0252723210974583,0.0318473081365599
2018-02-14T00:00:00+00:00,2018-02-15T14:19:00.005120731+00:00,2018-02-15T14:19:00.005120731+00:00,NGH8@2018-02-26,0.0328130743902452,0.0405173159629174
2018-02-15T00:00:00+00:00,2018-02-16T14:19:28.120316408+00:00,2018-02-16T14:19:28.120316408+00:00,NGH8@2018-02-26,0.0451976984358553,0.0452794079811961
2018-02-16T00:00:00+00:00,2018-02-19T14:23:28.966000869+00:00,2018-02-19T14:23:28.966000869+00:00,NGH8@2018-02-26,0.022705394038887,0.0316117822104256
2018-02-20T00:00:00+00:00,2018-02-21T14:19:12.473660998+00:00,2018-02-21T14:19:12.473660998+00:00,NGH8@2018-02-26,0.0397646463278567,0.055286559191617
2018-02-21T00:00:00+00:00,2018-02-22T14:19:12.690650597+00:00,2018-02-22T14:19:12.690650597+00:00,NGH8@2018-02-26,0.0234176415580482,0.054202229065609
2018-02-22T00:00:00+00:00,2018-02-23T14:18:47.056397952+00:00,2018-02-23T14:18:47.056397952+00:00,NGH8@2018-02-26,0.06303270803679,0.0595567970100892
2018-02-23T00:00:00+00:00,2018-02-25T19:03:58.633867308+00:00,2018-02-25T19:03:58.633867308+00:00,NGH8@2018-02-26,0.0300017907473579,0.0676642076817813
2018-02-26T00:00:00+00:00,2018-02-27T14:19:05.911818087+00:00,2018-02-27T14:19:05.911818087+00:00,NGJ8@2018-03-27,0.0028500596059959,0.0178273447763555
2018-02-27T00:00:00+00:00,2018-02-28T14:19:04.895319670+00:00,2018-02-28T14:19:04.895319670+00:00,NGJ8@2018-03-27,-0.0008253195165527,0.0194365971166231
2018-02-28T00:00:00+00:00,2018-03-01T15:04:42.650643348+00:00,2018-03-01T15:04:42.650643348+00:00,NGJ8@2018-03-27,0.0089003637935338,0.0218794140476412
2018-03-01T00:00:00+00:00,2018-03-02T14:19:18.066705070+00:00,2018-03-02T14:19:18.066705070+00:00,NGJ8@2018-03-27,0.0084865444184762,0.0194364624815514
2018-03-02T00:00:00+00:00,2018-03-05T14:19:38.415652833+00:00,2018-03-05T14:19:38.415652833+00:00,NGJ8@2018-03-27,0.0068749906567355,0.0194673914612109
2018-03-05T00:00:00+00:00,2018-03-06T14:18:32.383947335+00:00,2018-03-06T14:18:32.383947335+00:00,NGJ8@2018-03-27,0.0038972076764851,0.0158732971258923
2018-03-06T00:00:00+00:00,2018-03-07T14:18:48.827064231+00:00,2018-03-07T14:18:48.827064231+00:00,NGJ8@2018-03-27,-0.0077534143934225,0.0174916391576767
2018-03-07T00:00:00+00:00,2018-03-08T14:19:10.942967705+00:00,2018-03-08T14:19:10.942967705+00:00,NGJ8@2018-03-27,0.0022758238617031,0.0231612002712556
2018-03-08T00:00:00+00:00,2018-03-09T14:19:11.853927180+00:00,2018-03-09T14:19:11.853927180+00:00,NGJ8@2018-03-27,-0.0011287169022993,0.0191714546897194
2018-03-09T00:00:00+00:00,2018-03-12T13:19:52.569218561+00:00,2018-03-12T13:19:52.569218561+00:00,NGJ8@2018-03-27,0.0045180217193951,0.0189523903991002
2018-03-12T00:00:00+00:00,2018-03-13T13:19:20.691665530+00:00,2018-03-13T13:19:20.691665530+00:00,NGJ8@2018-03-27,-0.0185760202291451,0.0174677979578153
2018-03-13T00:00:00+00:00,2018-03-14T14:01:50.168621085+00:00,2018-03-14T14:01:50.168621085+00:00,NGJ8@2018-03-27,-0.0020288788716853,0.0201329535480895
2018-03-14T00:00:00+00:00,2018-03-15T13:19:06.678254418+00:00,2018-03-15T13:19:06.678254418+00:00,NGJ8@2018-03-27,-0.0035853830508383,0.0181462254777033
2018-03-15T00:00:00+00:00,2018-03-16T13:19:22.255752153+00:00,2018-03-16T13:19:22.255752153+00:00,NGJ8@2018-03-27,0.0138869996220094,0.0209028425941524
2018-03-16T00:00:00+00:00,2018-03-19T13:19:05.384809039+00:00,2018-03-19T13:19:05.384809039+00:00,NGJ8@2018-03-27,-0.0002206949522658,0.0218482859410588
2018-03-19T00:00:00+00:00,2018-03-20T13:18:54.295861721+00:00,2018-03-20T13:18:54.295861721+00:00,NGJ8@2018-03-27,0.0077006834790223,0.0181084288690323
2018-03-20T00:00:00+00:00,2018-03-21T13:19:57.646191775+00:00,2018-03-21T13:19:57.646191775+00:00,NGJ8@2018-03-27,0.0014534352563486,0.0217041002809667
2018-03-21T00:00:00+00:00,2018-03-22T13:19:14.451216481+00:00,2018-03-22T13:19:14.451216481+00:00,NGJ8@2018-03-27,0.0116205734460532,0.0185866474834969
2018-03-22T00:00:00+00:00,2018-03-23T13:20:17.048125103+00:00,2018-03-23T13:20:17.048125103+00:00,NGJ8@2018-03-27,0.0176923883547994,0.0265119458736694
2018-03-23T00:00:00+00:00,2018-03-26T13:20:06.835438370+00:00,2018-03-26T13:20:06.835438370+00:00,NGJ8@2018-03-27,0.0097019449279738,0.030674034555292
2018-03-26T00:00:00+00:00,2018-03-27T13:18:59.033715248+00:00,2018-03-27T13:18:59.033715248+00:00,NGJ8@2018-03-27,0.0114356205832022,0.0228812834368529
2018-03-28T00:00:00+00:00,2018-03-29T13:18:50.449784904+00:00,2018-03-29T13:18:50.449784904+00:00,NGK8@2018-04-26,-0.0031325812697895,0.0136478980117668
2018-03-29T00:00:00+00:00,2018-04-01T18:03:48.439822420+00:00,2018-04-01T18:03:48.439822420+00:00,NGK8@2018-04-26,-0.002456926941566,0.0136939216035488
2018-04-02T00:00:00+00:00,2018-04-03T13:19:59.988858349+00:00,2018-04-03T13:19:59.988858349+00:00,NGK8@2018-04-26,0.00785106576317,0.013086402300492
2018-04-03T00:00:00+00:00,2018-04-04T13:19:13.701488733+00:00,2018-04-04T13:19:13.701488733+00:00,NGK8@2018-04-26,0.0026299508024576,0.0135455800125963
2018-04-04T00:00:00+00:00,2018-04-05T13:18:54.233275324+00:00,2018-04-05T13:18:54.233275324+00:00,NGK8@2018-04-26,0.0021640595868559,0.0140495279162814
2018-04-05T00:00:00+00:00,2018-04-06T13:19:23.621158413+00:00,2018-04-06T13:19:23.621158413+00:00,NGK8@2018-04-26,0.0111028238780293,0.0157293918910291
2018-04-06T00:00:00+00:00,2018-04-09T13:19:41.829472444+00:00,2018-04-09T13:19:41.829472444+00:00,NGK8@2018-04-26,0.0063291834086975,0.0139287388289363
2018-04-09T00:00:00+00:00,2018-04-10T13:19:12.429797068+00:00,2018-04-10T13:19:12.429797068+00:00,NGK8@2018-04-26,-0.0037950622535962,0.0139994227006606
2018-04-10T00:00:00+00:00,2018-04-11T13:19:44.646363072+00:00,2018-04-11T13:19:44.646363072+00:00,NGK8@2018-04-26,0.0102532029017621,0.0171579904588505
2018-04-11T00:00:00+00:00,2018-04-12T13:19:35.631884790+00:00,2018-04-12T13:19:35.631884790+00:00,NGK8@2018-04-26,0.0006103744135506,0.0181438234672703
2018-04-12T00:00:00+00:00,2018-04-13T13:33:53.848050490+00:00,2018-04-13T13:33:53.848050490+00:00,NGK8@2018-04-26,0.0016463688644345,0.0152414108395532
2018-04-13T00:00:00+00:00,2018-04-16T13:20:40.469560325+00:00,2018-04-16T13:20:40.469560325+00:00,NGK8@2018-04-26,-0.0063277427216023,0.0144445408157437
2018-04-16T00:00:00+00:00,2018-04-17T13:19:24.432994566+00:00,2018-04-17T13:19:24.432994566+00:00,NGK8@2018-04-26,-0.0055182375325966,0.0169222472143954
2018-04-17T00:00:00+00:00,2018-04-18T13:19:20.390598803+00:00,2018-04-18T13:19:20.390598803+00:00,NGK8@2018-04-26,-0.0071549696897991,0.022420462950771
2018-04-18T00:00:00+00:00,2018-04-19T13:19:47.064513340+00:00,2018-04-19T13:19:47.064513340+00:00,NGK8@2018-04-26,-0.0011100303157592,0.0192888713952098
2018-04-19T00:00:00+00:00,2018-04-20T13:19:30.111172765+00:00,2018-04-20T13:19:30.111172765+00:00,NGK8@2018-04-26,0.0073132400911841,0.018026885786755
2018-04-20T00:00:00+00:00,2018-04-23T13:19:46.603297516+00:00,2018-04-23T13:19:46.603297516+00:00,NGK8@2018-04-26,-0.0069100982721603,0.0150512910714349
2018-04-23T00:00:00+00:00,2018-04-24T13:18:51.682136960+00:00,2018-04-24T13:18:51.682136960+00:00,NGK8@2018-04-26,-0.0034254522271495,0.0147533764170384
2018-04-24T00:00:00+00:00,2018-04-25T13:19:05.663858406+00:00,2018-04-25T13:19:05.663858406+00:00,NGK8@2018-04-26,-0.0105560652506043,0.0180319421270856
2018-04-25T00:00:00+00:00,2018-04-26T13:19:20.563528470+00:00,2018-04-26T13:19:20.563528470+00:00,NGM8@2018-05-29,-0.0093734284693544,0.0139452855695377
2018-04-26T00:00:00+00:00,2018-04-27T13:19:03.499482475+00:00,2018-04-27T13:19:03.499482475+00:00,NGM8@2018-05-29,-0.008959649980237,0.0162171912260839
2018-04-27T00:00:00+00:00,2018-04-30T13:20:06.723900623+00:00,2018-04-30T13:20:06.723900623+00:00,NGM8@2018-05-29,0.0055721322925106,0.0198203531992917
2018-04-30T00:00:00+00:00,2018-05-01T13:38:36.715466789+00:00,2018-05-01T13:38:36.715466789+00:00,NGM8@2018-05-29,-0.008751294379546,0.0120183111916125
2018-05-01T00:00:00+00:00,2018-05-02T13:19:57.096712075+00:00,2018-05-02T13:19:57.096712075+00:00,NGM8@2018-05-29,-0.0088816420067228,0.0167858579367027
2018-05-02T00:00:00+00:00,2018-05-03T13:19:56.393283523+00:00,2018-05-03T13:19:56.393283523+00:00,NGM8@2018-05-29,-0.0007166853833761,0.012735792599659
2018-05-03T00:00:00+00:00,2018-05-04T13:19:51.202687427+00:00,2018-05-04T13:19:51.202687427+00:00,NGM8@2018-05-29,0.0052124513718987,0.0142661785738933
2018-05-04T00:00:00+00:00,2018-05-07T13:20:06.178867377+00:00,2018-05-07T13:20:06.178867377+00:00,NGM8@2018-05-29,0.0100881449193894,0.0145787112785854
2018-05-07T00:00:00+00:00,2018-05-08T13:19:58.641064707+00:00,2018-05-08T13:19:58.641064707+00:00,NGM8@2018-05-29,-0.0002306113513339,0.0133027978091614
2018-05-08T00:00:00+00:00,2018-05-09T13:19:39.707266700+00:00,2018-05-09T13:19:39.707266700+00:00,NGM8@2018-05-29,-0.0007585319784049,0.0143273439006352
2018-05-09T00:00:00+00:00,2018-05-10T13:46:12.546507828+00:00,2018-05-10T13:46:12.546507828+00:00,NGM8@2018-05-29,0.0034441075248214,0.0139724457770106
2018-05-10T00:00:00+00:00,2018-05-11T13:20:13.322843959+00:00,2018-05-11T13:20:13.322843959+00:00,NGM8@2018-05-29,-0.0137463208184253,0.0177702675709802
2018-05-11T00:00:00+00:00,2018-05-14T13:20:24.527547722+00:00,2018-05-14T13:20:24.527547722+00:00,NGM8@2018-05-29,-0.0072218227487965,0.0175895230826776
2018-05-14T00:00:00+00:00,2018-05-15T13:19:28.311974866+00:00,2018-05-15T13:19:28.311974866+00:00,NGM8@2018-05-29,-0.0104362499894582,0.0151253351662669
2018-05-15T00:00:00+00:00,2018-05-16T13:43:03.378963860+00:00,2018-05-16T13:43:03.378963860+00:00,NGM8@2018-05-29,-0.0076387728903403,0.0263803839262298
2018-05-16T00:00:00+00:00,2018-05-17T13:20:10.888543747+00:00,2018-05-17T13:20:10.888543747+00:00,NGM8@2018-05-29,-0.0015802034228203,0.0124176837691962
2018-05-17T00:00:00+00:00,2018-05-18T13:19:54.064215675+00:00,2018-05-18T13:19:54.064215675+00:00,NGM8@2018-05-29,-0.0130016834726658,0.0255421918862989
2018-05-18T00:00:00+00:00,2018-05-21T13:21:10.720884819+00:00,2018-05-21T13:21:10.720884819+00:00,NGM8@2018-05-29,-0.000769834683149,0.0171592464991594
2018-05-21T00:00:00+00:00,2018-05-22T13:20:20.220708987+00:00,2018-05-22T13:20:20.220708987+00:00,NGM8@2018-05-29,-0.0044260701389177,0.0184910517212346
2018-05-22T00:00:00+00:00,2018-05-23T13:28:40.180376728+00:00,2018-05-23T13:28:40.180376728+00:00,NGM8@2018-05-29,-0.0171070473382196,0.0109532928203986
2018-05-23T00:00:00+00:00,2018-05-24T13:21:03.162230924+00:00,2018-05-24T13:21:03.162230924+00:00,NGM8@2018-05-29,-0.0090882488011414,0.0098838681916402
2018-05-24T00:00:00+00:00,2018-05-25T13:21:29.705610249+00:00,2018-05-25T13:21:29.705610249+00:00,NGM8@2018-05-29,-0.00327073365714,0.0118789172286311
2018-05-25T00:00:00+00:00,2018-05-28T13:27:14.283989520+00:00,2018-05-28T13:27:14.283989520+00:00,NGM8@2018-05-29,0.0015539603658243,0.0106502043260735
2018-05-29T00:00:00+00:00,2018-05-30T13:44:29.341038408+00:00,2018-05-30T13:44:29.341038408+00:00,NGN8@2018-06-27,-0.0063413499593323,0.0125154539320788
2018-05-30T00:00:00+00:00,2018-05-31T13:33:57.182497763+00:00,2018-05-31T13:33:57.182497763+00:00,NGN8@2018-06-27,-0.0017785333019639,0.0162521448102376
2018-05-31T00:00:00+00:00,2018-06-01T13:32:24.153699636+00:00,2018-06-01T13:32:24.153699636+00:00,NGN8@2018-06-27,0.0020521131612485,0.0133694632578704
2018-06-01T00:00:00+00:00,2018-06-04T13:20:53.297500064+00:00,2018-06-04T13:20:53.297500064+00:00,NGN8@2018-06-27,0.0014961103238488,0.013995858185408
2018-06-04T00:00:00+00:00,2018-06-05T13:20:20.818123371+00:00,2018-06-05T13:20:20.818123371+00:00,NGN8@2018-06-27,0.0004258988084733,0.0096452635987664
2018-06-05T00:00:00+00:00,2018-06-06T13:20:42.380429561+00:00,2018-06-06T13:20:42.380429561+00:00,NGN8@2018-06-27,-0.0015754884246637,0.0248522122481319
2018-06-06T00:00:00+00:00,2018-06-07T13:20:45.582672308+00:00,2018-06-07T13:20:45.582672308+00:00,NGN8@2018-06-27,-0.0026570057285041,0.0104495433742895
2018-06-07T00:00:00+00:00,2018-06-08T13:20:17.627874511+00:00,2018-06-08T13:20:17.627874511+00:00,NGN8@2018-06-27,0.0063541590780804,0.0133647899165337
2018-06-08T00:00:00+00:00,2018-06-11T13:20:54.751726644+00:00,2018-06-11T13:20:54.751726644+00:00,NGN8@2018-06-27,-0.003650481442371,0.010620255068124
2018-06-11T00:00:00+00:00,2018-06-12T13:20:52.301763131+00:00,2018-06-12T13:20:52.301763131+00:00,NGN8@2018-06-27,-0.0033834003143929,0.0114877265909527
2018-06-12T00:00:00+00:00,2018-06-13T13:20:59.697046126+00:00,2018-06-13T13:20:59.697046126+00:00,NGN8@2018-06-27,-0.0020008600375307,0.0174115399248918
2018-06-13T00:00:00+00:00,2018-06-14T13:20:28.253425015+00:00,2018-06-14T13:20:28.253425015+00:00,NGN8@2018-06-27,-0.0040154070467561,0.0095264331714527
2018-06-14T00:00:00+00:00,2018-06-15T13:21:23.049447899+00:00,2018-06-15T13:21:23.049447899+00:00,NGN8@2018-06-27,-0.00318300254259,0.0091651024823238
2018-06-15T00:00:00+00:00,2018-06-18T13:20:55.651800355+00:00,2018-06-18T13:20:55.651800355+00:00,NGN8@2018-06-27,-0.0075753418583536,0.0106479721623651
2018-06-18T00:00:00+00:00,2018-06-19T13:20:24.634038714+00:00,2018-06-19T13:20:24.634038714+00:00,NGN8@2018-06-27,0.0037562902132239,0.0145315638714276
2018-06-19T00:00:00+00:00,2018-06-20T13:20:51.696040995+00:00,2018-06-20T13:20:51.696040995+00:00,NGN8@2018-06-27,-0.006123209195863,0.013566883830213
2018-06-20T00:00:00+00:00,2018-06-21T13:20:51.103006841+00:00,2018-06-21T13:20:51.103006841+00:00,NGN8@2018-06-27,-0.0029211355885819,0.0128223262438672
2018-06-21T00:00:00+00:00,2018-06-22T13:21:01.100427580+00:00,2018-06-22T13:21:01.100427580+00:00,NGN8@2018-06-27,0.0009630939697347,0.017736310808501
2018-06-22T00:00:00+00:00,2018-06-25T14:05:45.612720501+00:00,2018-06-25T14:05:45.612720501+00:00,NGN8@2018-06-27,-0.0060826851484769,0.0192430446312373
2018-06-25T00:00:00+00:00,2018-06-26T13:21:47.166779522+00:00,2018-06-26T13:21:47.166779522+00:00,NGN8@2018-06-27,-0.0046870061341061,0.0108818667624419
2018-06-26T00:00:00+00:00,2018-06-27T13:20:21.613384988+00:00,2018-06-27T13:20:21.613384988+00:00,NGN8@2018-06-27,-0.0072564542455079,0.00942415661282
2018-06-27T00:00:00+00:00,2018-06-28T13:21:49.227822294+00:00,2018-06-28T13:21:49.227822294+00:00,NGQ8@2018-07-27,-0.0037339415779725,0.0094083700588042
2018-06-28T00:00:00+00:00,2018-06-29T13:20:34.168122600+00:00,2018-06-29T13:20:34.168122600+00:00,NGQ8@2018-07-27,0.0033600684824397,0.011881678102782
2018-06-29T00:00:00+00:00,2018-07-02T13:32:11.669440531+00:00,2018-07-02T13:32:11.669440531+00:00,NGQ8@2018-07-27,-0.0025471644517532,0.0151212430237171
2018-07-02T00:00:00+00:00,2018-07-03T13:20:29.645411008+00:00,2018-07-03T13:20:29.645411008+00:00,NGQ8@2018-07-27,0.0029302610384001,0.0093337539192679
2018-07-03T00:00:00+00:00,2018-07-04T13:19:37.526155288+00:00,2018-07-04T13:19:37.526155288+00:00,NGQ8@2018-07-27,0.0032311416743846,0.0098626432793863
2018-07-05T00:00:00+00:00,2018-07-06T13:20:01.689420400+00:00,2018-07-06T13:20:01.689420400+00:00,NGQ8@2018-07-27,0.0019467096790244,0.0108246751069096
2018-07-06T00:00:00+00:00,2018-07-09T13:47:52.446360920+00:00,2018-07-09T13:47:52.446360920+00:00,NGQ8@2018-07-27,-0.0049445001702559,0.0134018847816868
2018-07-09T00:00:00+00:00,2018-07-10T13:20:15.109576334+00:00,2018-07-10T13:20:15.109576334+00:00,NGQ8@2018-07-27,8.062741984660171e-05,0.0169367303447393
2018-07-10T00:00:00+00:00,2018-07-11T13:20:31.704474853+00:00,2018-07-11T13:20:31.704474853+00:00,NGQ8@2018-07-27,0.0039097785265087,0.0118018052429067
2018-07-11T00:00:00+00:00,2018-07-12T13:19:49.457472879+00:00,2018-07-12T13:19:49.457472879+00:00,NGQ8@2018-07-27,-0.0029311391104639,0.0114197857612002
2018-07-12T00:00:00+00:00,2018-07-13T13:21:35.155671308+00:00,2018-07-13T13:21:35.155671308+00:00,NGQ8@2018-07-27,0.0025624762095908,0.0110811401836017
2018-07-13T00:00:00+00:00,2018-07-16T13:21:39.374517084+00:00,2018-07-16T13:21:39.374517084+00:00,NGQ8@2018-07-27,0.0158101054876935,0.0127802904833046
2018-07-16T00:00:00+00:00,2018-07-17T13:20:08.069757555+00:00,2018-07-17T13:20:08.069757555+00:00,NGQ8@2018-07-27,0.0019155198329185,0.0113443988817971
2018-07-17T00:00:00+00:00,2018-07-18T13:20:27.836868761+00:00,2018-07-18T13:20:27.836868761+00:00,NGQ8@2018-07-27,0.0109233717130912,0.014963090919553
2018-07-18T00:00:00+00:00,2018-07-19T13:20:25.712235894+00:00,2018-07-19T13:20:25.712235894+00:00,NGQ8@2018-07-27,0.0009252430756419,0.0172456688195729
2018-07-19T00:00:00+00:00,2018-07-20T13:20:44.522899141+00:00,2018-07-20T13:20:44.522899141+00:00,NGQ8@2018-07-27,2.7202604824250187e-06,0.0133573772329924
2018-07-20T00:00:00+00:00,2018-07-23T13:21:05.282642070+00:00,2018-07-23T13:21:05.282642070+00:00,NGQ8@2018-07-27,0.0040707557120243,0.0117252392668727
2018-07-23T00:00:00+00:00,2018-07-24T13:20:17.416280079+00:00,2018-07-24T13:20:17.416280079+00:00,NGQ8@2018-07-27,0.0097194182351423,0.013061062197
2018-07-24T00:00:00+00:00,2018-07-25T13:20:25.494973157+00:00,2018-07-25T13:20:25.494973157+00:00,NGQ8@2018-07-27,-3.4614303939806135e-05,0.0160790220931221
2018-07-25T00:00:00+00:00,2018-07-26T13:20:06.252407532+00:00,2018-07-26T13:20:06.252407532+00:00,NGQ8@2018-07-27,0.0011384226059707,0.0171335870319553
2018-07-26T00:00:00+00:00,2018-07-27T13:19:48.685159110+00:00,2018-07-27T13:19:48.685159110+00:00,NGU8@2018-08-29,0.0012420191281083,0.0106543734453726
2018-07-27T00:00:00+00:00,2018-07-30T13:39:04.058934104+00:00,2018-07-30T13:39:04.058934104+00:00,NGU8@2018-08-29,-0.0043603325232569,0.0116750624706329
2018-07-30T00:00:00+00:00,2018-07-31T13:19:53.493672582+00:00,2018-07-31T13:19:53.493672582+00:00,NGU8@2018-08-29,-0.007536113666781,0.009564511816005
2018-07-31T00:00:00+00:00,2018-08-01T13:33:17.407574764+00:00,2018-08-01T13:33:17.407574764+00:00,NGU8@2018-08-29,-0.0024239779290813,0.0100396613758989
2018-08-01T00:00:00+00:00,2018-08-02T13:20:22.033441562+00:00,2018-08-02T13:20:22.033441562+00:00,NGU8@2018-08-29,0.0049094521038905,0.0118652139316715
2018-08-02T00:00:00+00:00,2018-08-03T13:20:24.938832792+00:00,2018-08-03T13:20:24.938832792+00:00,NGU8@2018-08-29,-0.0132184243599997,0.0117894898165105
2018-08-03T00:00:00+00:00,2018-08-06T13:21:05.281245275+00:00,2018-08-06T13:21:05.281245275+00:00,NGU8@2018-08-29,-0.0116854125430649,0.0162283523757597
2018-08-06T00:00:00+00:00,2018-08-07T13:20:04.428015422+00:00,2018-08-07T13:20:04.428015422+00:00,NGU8@2018-08-29,-0.0087136522039666,0.0083529865825092
2018-08-07T00:00:00+00:00,2018-08-08T13:20:35.933072371+00:00,2018-08-08T13:20:35.933072371+00:00,NGU8@2018-08-29,-0.0055574260752574,0.0173451784200546
2018-08-08T00:00:00+00:00,2018-08-09T13:20:30.180110274+00:00,2018-08-09T13:20:30.180110274+00:00,NGU8@2018-08-29,-5.533962825388095e-05,0.0112688957775758
2018-08-09T00:00:00+00:00,2018-08-10T13:20:02.797527094+00:00,2018-08-10T13:20:02.797527094+00:00,NGU8@2018-08-29,-0.0016730815323989,0.009521199406104
2018-08-10T00:00:00+00:00,2018-08-13T13:21:04.801793974+00:00,2018-08-13T13:21:04.801793974+00:00,NGU8@2018-08-29,-0.0089652891662701,0.0101204828265578
2018-08-13T00:00:00+00:00,2018-08-14T13:19:43.491108478+00:00,2018-08-14T13:19:43.491108478+00:00,NGU8@2018-08-29,-0.0074170575934735,0.0083501040223272
2018-08-14T00:00:00+00:00,2018-08-15T13:20:23.827413366+00:00,2018-08-15T13:20:23.827413366+00:00,NGU8@2018-08-29,-0.0051115274671862,0.0155101432037094
2018-08-15T00:00:00+00:00,2018-08-16T13:20:47.355058347+00:00,2018-08-16T13:20:47.355058347+00:00,NGU8@2018-08-29,-0.0073057008967488,0.0103612571599333
2018-08-16T00:00:00+00:00,2018-08-17T13:20:16.546599320+00:00,2018-08-17T13:20:16.546599320+00:00,NGU8@2018-08-29,-0.0150141675108292,0.0098082867944629
2018-08-17T00:00:00+00:00,2018-08-20T13:20:39.479055152+00:00,2018-08-20T13:20:39.479055152+00:00,NGU8@2018-08-29,-0.0064034481411394,0.0096455054438632
2018-08-20T00:00:00+00:00,2018-08-21T13:20:13.139522436+00:00,2018-08-21T13:20:13.139522436+00:00,NGU8@2018-08-29,-0.0008961876407995,0.0095487486957577
2018-08-21T00:00:00+00:00,2018-08-22T13:20:25.703806693+00:00,2018-08-22T13:20:25.703806693+00:00,NGU8@2018-08-29,-0.0033476606600251,0.0142396414591335
2018-08-22T00:00:00+00:00,2018-08-23T13:21:51.661297809+00:00,2018-08-23T13:21:51.661297809+00:00,NGU8@2018-08-29,-0.0040372470913805,0.008638820874106
2018-08-23T00:00:00+00:00,2018-08-24T13:20:11.190313399+00:00,2018-08-24T13:20:11.190313399+00:00,NGU8@2018-08-29,-0.0001962195331305,0.0140978116761383
2018-08-24T00:00:00+00:00,2018-08-27T13:21:42.372257389+00:00,2018-08-27T13:21:42.372257389+00:00,NGU8@2018-08-29,0.0061918809329608,0.0106663054057997
2018-08-27T00:00:00+00:00,2018-08-28T13:20:21.345525949+00:00,2018-08-28T13:20:21.345525949+00:00,NGU8@2018-08-29,-0.0014048525253433,0.0109704070068019
2018-08-28T00:00:00+00:00,2018-08-29T13:19:50.264456651+00:00,2018-08-29T13:19:50.264456651+00:00,NGU8@2018-08-29,-0.0091068672108124,0.0133903846327096
2018-08-29T00:00:00+00:00,2018-08-30T13:20:18.613365541+00:00,2018-08-30T13:20:18.613365541+00:00,NGV8@2018-09-26,-0.0082885712935726,0.015560946592515
2018-08-30T00:00:00+00:00,2018-08-31T13:19:50.497920464+00:00,2018-08-31T13:19:50.497920464+00:00,NGV8@2018-09-26,-0.0071769397014967,0.0134597824599135
2018-08-31T00:00:00+00:00,2018-09-03T13:24:46.217279959+00:00,2018-09-03T13:24:46.217279959+00:00,NGV8@2018-09-26,-0.0062508751210672,0.0122496217377011
2018-09-04T00:00:00+00:00,2018-09-05T13:20:53.110436712+00:00,2018-09-05T13:20:53.110436712+00:00,NGV8@2018-09-26,0.0008022019808944,0.0129196454178203
2018-09-05T00:00:00+00:00,2018-09-06T13:20:47.054043859+00:00,2018-09-06T13:20:47.054043859+00:00,NGV8@2018-09-26,0.0011216630908343,0.0129489809872427
2018-09-06T00:00:00+00:00,2018-09-07T13:19:57.350896707+00:00,2018-09-07T13:19:57.350896707+00:00,NGV8@2018-09-26,0.0017967326961603,0.0134266854018122
2018-09-07T00:00:00+00:00,2018-09-10T13:21:18.471828638+00:00,2018-09-10T13:21:18.471828638+00:00,NGV8@2018-09-26,0.0044951052279085,0.0129229743201453
2018-09-10T00:00:00+00:00,2018-09-11T13:20:23.249161497+00:00,2018-09-11T13:20:23.249161497+00:00,NGV8@2018-09-26,-0.0084903453396102,0.0144721011823294
2018-09-11T00:00:00+00:00,2018-09-12T13:20:01.496107121+00:00,2018-09-12T13:20:01.496107121+00:00,NGV8@2018-09-26,-0.0112285694691091,0.0276515968761101
2018-09-12T00:00:00+00:00,2018-09-13T13:20:22.350820242+00:00,2018-09-13T13:20:22.350820242+00:00,NGV8@2018-09-26,-0.0026253335019374,0.0167074778401259
2018-09-13T00:00:00+00:00,2018-09-14T13:46:03.906003094+00:00,2018-09-14T13:46:03.906003094+00:00,NGV8@2018-09-26,-0.0010556696318765,0.0138454952938876
2018-09-14T00:00:00+00:00,2018-09-17T13:21:27.674348460+00:00,2018-09-17T13:21:27.674348460+00:00,NGV8@2018-09-26,0.0032207796228367,0.0160439602516755
2018-09-17T00:00:00+00:00,2018-09-18T13:20:49.862150808+00:00,2018-09-18T13:20:49.862150808+00:00,NGV8@2018-09-26,-0.0095887478570552,0.0147800905811101
2018-09-18T00:00:00+00:00,2018-09-19T13:20:30.079419344+00:00,2018-09-19T13:20:30.079419344+00:00,NGV8@2018-09-26,-0.0048099899552558,0.0188605544345626
2018-09-19T00:00:00+00:00,2018-09-20T13:48:20.055261722+00:00,2018-09-20T13:48:20.055261722+00:00,NGV8@2018-09-26,-0.010708291901883,0.0171832671153992
2018-09-20T00:00:00+00:00,2018-09-21T13:20:19.317314828+00:00,2018-09-21T13:20:19.317314828+00:00,NGV8@2018-09-26,-0.0041522650994252,0.0184238984319719
2018-09-21T00:00:00+00:00,2018-09-24T13:21:29.875379666+00:00,2018-09-24T13:21:29.875379666+00:00,NGV8@2018-09-26,-0.006200340601151,0.0147989875156181
2018-09-24T00:00:00+00:00,2018-09-25T13:30:27.658017449+00:00,2018-09-25T13:30:27.658017449+00:00,NGV8@2018-09-26,-0.0040001403918512,0.0155374905449468
2018-09-25T00:00:00+00:00,2018-09-26T13:20:39.621296220+00:00,2018-09-26T13:20:39.621296220+00:00,NGV8@2018-09-26,-0.0091041810411038,0.012136877144859
2018-09-26T00:00:00+00:00,2018-09-27T13:20:36.952484557+00:00,2018-09-27T13:20:36.952484557+00:00,NGX8@2018-10-29,-0.0017915012860539,0.0244432828241727
2018-09-27T00:00:00+00:00,2018-09-28T13:35:21.163361052+00:00,2018-09-28T13:35:21.163361052+00:00,NGX8@2018-10-29,-0.0130430428769575,0.0262549878415012
2018-09-28T00:00:00+00:00,2018-10-01T13:21:49.671535907+00:00,2018-10-01T13:21:49.671535907+00:00,NGX8@2018-10-29,-0.018815865877349,0.015204050508351
2018-10-01T00:00:00+00:00,2018-10-02T13:20:28.402554057+00:00,2018-10-02T13:20:28.402554057+00:00,NGX8@2018-10-29,-0.0136308504560612,0.0170347469937832
2018-10-02T00:00:00+00:00,2018-10-03T13:21:09.848991464+00:00,2018-10-03T13:21:09.848991464+00:00,NGX8@2018-10-29,-0.0173237341823,0.0133536981813835
2018-10-03T00:00:00+00:00,2018-10-04T13:21:10.497230713+00:00,2018-10-04T13:21:10.497230713+00:00,NGX8@2018-10-29,-0.0359113775090178,0.0162582479902681
2018-10-04T00:00:00+00:00,2018-10-05T13:21:22.214604888+00:00,2018-10-05T13:21:22.214604888+00:00,NGX8@2018-10-29,-0.0203398561612487,0.0169946830526598
2018-10-05T00:00:00+00:00,2018-10-08T13:19:40.852356159+00:00,2018-10-08T13:19:40.852356159+00:00,NGX8@2018-10-29,-0.0196642898341932,0.0173136473835553
2018-10-08T00:00:00+00:00,2018-10-09T13:20:38.493814020+00:00,2018-10-09T13:20:38.493814020+00:00,NGX8@2018-10-29,-0.0421402661097531,0.018737147127853
2018-10-09T00:00:00+00:00,2018-10-10T13:20:42.376389009+00:00,2018-10-10T13:20:42.376389009+00:00,NGX8@2018-10-29,-0.0448767045983388,0.0239213548161078
2018-10-10T00:00:00+00:00,2018-10-11T13:21:27.703666257+00:00,2018-10-11T13:21:27.703666257+00:00,NGX8@2018-10-29,-0.0327447333343179,0.0233019292810974
2018-10-11T00:00:00+00:00,2018-10-12T13:20:33.553476943+00:00,2018-10-12T13:20:33.553476943+00:00,NGX8@2018-10-29,-0.0282986471872406,0.0156197303456241
2018-10-12T00:00:00+00:00,2018-10-15T13:20:36.508241833+00:00,2018-10-15T13:20:36.508241833+00:00,NGX8@2018-10-29,-0.0265484607985121,0.0289797555543932
2018-10-15T00:00:00+00:00,2018-10-16T13:19:58.052574431+00:00,2018-10-16T13:19:58.052574431+00:00,NGX8@2018-10-29,-0.0426827384475698,0.0204509427168385
2018-10-16T00:00:00+00:00,2018-10-17T13:20:38.700060821+00:00,2018-10-17T13:20:38.700060821+00:00,NGX8@2018-10-29,-0.0366531936471845,0.0298018090287123
2018-10-17T00:00:00+00:00,2018-10-18T13:21:22.234645378+00:00,2018-10-18T13:21:22.234645378+00:00,NGX8@2018-10-29,-0.0427532144292924,0.028403796522884
2018-10-18T00:00:00+00:00,2018-10-19T14:10:48.678973116+00:00,2018-10-19T14:10:48.678973116+00:00,NGX8@2018-10-29,-0.0337618694099697,0.0213664926255612
2018-10-19T00:00:00+00:00,2018-10-22T13:20:22.807982065+00:00,2018-10-22T13:20:22.807982065+00:00,NGX8@2018-10-29,-0.0442748853423137,0.0246738509399829
2018-10-22T00:00:00+00:00,2018-10-23T13:19:29.532143936+00:00,2018-10-23T13:19:29.532143936+00:00,NGX8@2018-10-29,-0.0214347839355468,0.0246502031945878
2018-10-23T00:00:00+00:00,2018-10-24T13:20:12.668837361+00:00,2018-10-24T13:20:12.668837361+00:00,NGX8@2018-10-29,-0.0199247256729954,0.0223970043566799
2018-10-24T00:00:00+00:00,2018-10-25T13:20:01.016064783+00:00,2018-10-25T13:20:01.016064783+00:00,NGX8@2018-10-29,-0.0113636656622192,0.0185607066705598
2018-10-25T00:00:00+00:00,2018-10-26T13:19:41.518278669+00:00,2018-10-26T13:19:41.518278669+00:00,NGX8@2018-10-29,-0.0372400332131364,0.0348961602441112
2018-10-26T00:00:00+00:00,2018-10-29T13:20:18.797219613+00:00,2018-10-29T13:20:18.797219613+00:00,NGX8@2018-10-29,-0.0382052301839319,0.0342348826668695
2018-10-30T00:00:00+00:00,2018-10-31T13:34:39.805227198+00:00,2018-10-31T13:34:39.805227198+00:00,NGZ8@2018-11-28,-0.0050160518002354,0.0170354039764641
2018-10-31T00:00:00+00:00,2018-11-01T13:20:59.938330889+00:00,2018-11-01T13:20:59.938330889+00:00,NGZ8@2018-11-28,-0.0125163838390325,0.0183180689775262
2018-11-01T00:00:00+00:00,2018-11-02T13:19:19.678644193+00:00,2018-11-02T13:19:19.678644193+00:00,NGZ8@2018-11-28,-0.0050540372053439,0.0206701772443235
2018-11-02T00:00:00+00:00,2018-11-05T14:19:49.429783727+00:00,2018-11-05T14:19:49.429783727+00:00,NGZ8@2018-11-28,-0.0184311438532708,0.021154730065355
2018-11-05T00:00:00+00:00,2018-11-06T14:20:10.582551091+00:00,2018-11-06T14:20:10.582551091+00:00,NGZ8@2018-11-28,-0.0613292498355991,0.0319712122359812
2018-11-06T00:00:00+00:00,2018-11-07T14:20:42.228466700+00:00,2018-11-07T14:20:42.228466700+00:00,NGZ8@2018-11-28,-0.0513011526278434,0.0231252521242722
2018-11-07T00:00:00+00:00,2018-11-08T14:20:28.249856083+00:00,2018-11-08T14:20:28.249856083+00:00,NGZ8@2018-11-28,-0.0482857068829354,0.0323155307365104
2018-11-08T00:00:00+00:00,2018-11-09T14:20:21.897397624+00:00,2018-11-09T14:20:21.897397624+00:00,NGZ8@2018-11-28,-0.0566659161425012,0.0319375632450202
2018-11-09T00:00:00+00:00,2018-11-12T14:21:10.588761819+00:00,2018-11-12T14:21:10.588761819+00:00,NGZ8@2018-11-28,-0.0884034897407834,0.0305951730009052
2018-11-12T00:00:00+00:00,2018-11-13T15:21:12.971696445+00:00,2018-11-13T15:21:12.971696445+00:00,NGZ8@2018-11-28,-0.1188416957003076,0.0224955872610451
2018-11-13T00:00:00+00:00,2018-11-14T14:20:17.552525798+00:00,2018-11-14T14:20:17.552525798+00:00,NGZ8@2018-11-28,-0.1458179504890752,0.0369450704720725
2018-11-14T00:00:00+00:00,2018-11-15T14:37:52.625132977+00:00,2018-11-15T14:37:52.625132977+00:00,NGZ8@2018-11-28,-0.2297154656098966,0.0358387189388173
2018-11-15T00:00:00+00:00,2018-11-16T14:20:23.877748704+00:00,2018-11-16T14:20:23.877748704+00:00,NGZ8@2018-11-28,-0.084881747048443,0.0453804611066065
2018-11-16T00:00:00+00:00,2018-11-19T14:38:53.203235955+00:00,2018-11-19T14:38:53.203235955+00:00,NGZ8@2018-11-28,-0.1696388140354721,0.0462809021760771
2018-11-19T00:00:00+00:00,2018-11-20T14:20:30.268070122+00:00,2018-11-20T14:20:30.268070122+00:00,NGZ8@2018-11-28,-0.1695015491475495,0.050787313365347
2018-11-20T00:00:00+00:00,2018-11-21T14:19:58.817223284+00:00,2018-11-21T14:19:58.817223284+00:00,NGZ8@2018-11-28,-0.1714722241381108,0.0474861155821331
2018-11-21T00:00:00+00:00,2018-11-22T02:07:09.497954227+00:00,2018-11-22T02:07:09.497954227+00:00,NGZ8@2018-11-28,-0.0976892851932658,0.062941229064329
2018-11-23T00:00:00+00:00,2018-11-26T14:20:32.940466311+00:00,2018-11-26T14:20:32.940466311+00:00,NGZ8@2018-11-28,-0.1934114665546891,0.1476922591840841
2018-11-26T00:00:00+00:00,2018-11-27T14:19:38.118068589+00:00,2018-11-27T14:19:38.118068589+00:00,NGZ8@2018-11-28,-0.2282529177049159,0.1746534028511454
2018-11-27T00:00:00+00:00,2018-11-28T14:50:23.644367170+00:00,2018-11-28T14:50:23.644367170+00:00,NGZ8@2018-11-28,-0.2513225685036818,0.1184461588227225
2018-11-28T00:00:00+00:00,2018-11-29T14:25:09.927732141+00:00,2018-11-29T14:25:09.927732141+00:00,NGF9@2018-12-27,-0.1055448070178135,0.0683577995966651
2018-11-29T00:00:00+00:00,2018-11-30T14:19:23.365486495+00:00,2018-11-30T14:19:23.365486495+00:00,NGF9@2018-12-27,-0.1616492860772637,0.0940689055592002
2018-11-30T00:00:00+00:00,2018-12-03T14:20:21.740266360+00:00,2018-12-03T14:20:21.740266360+00:00,NGF9@2018-12-27,-0.2267649749229693,0.133975312627595
2018-12-03T00:00:00+00:00,2018-12-04T14:19:36.641709936+00:00,2018-12-04T14:19:36.641709936+00:00,NGF9@2018-12-27,-0.21056054765518,0.1030146762732092
2018-12-04T00:00:00+00:00,2018-12-05T14:20:51.339964058+00:00,2018-12-05T14:20:51.339964058+00:00,NGF9@2018-12-27,-0.2076557470982768,0.1168470564222061
2018-12-05T00:00:00+00:00,2018-12-06T14:19:14.707541485+00:00,2018-12-06T14:19:14.707541485+00:00,NGF9@2018-12-27,-0.2472524718036802,0.1487410108740069
2018-12-06T00:00:00+00:00,2018-12-07T14:22:56.315386929+00:00,2018-12-07T14:22:56.315386929+00:00,NGF9@2018-12-27,-0.1834652111735101,0.1157282359237565
2018-12-07T00:00:00+00:00,2018-12-10T14:20:27.714877849+00:00,2018-12-10T14:20:27.714877849+00:00,NGF9@2018-12-27,-0.203251732720269,0.0761028395758734
2018-12-10T00:00:00+00:00,2018-12-11T14:20:04.940054910+00:00,2018-12-11T14:20:04.940054910+00:00,NGF9@2018-12-27,-0.2420312130089962,0.1109384694106809
2018-12-11T00:00:00+00:00,2018-12-12T14:31:23.086370052+00:00,2018-12-12T14:31:23.086370052+00:00,NGF9@2018-12-27,-0.2495492219653069,0.0623995521049543
2018-12-12T00:00:00+00:00,2018-12-13T14:19:24.425106438+00:00,2018-12-13T14:19:24.425106438+00:00,NGF9@2018-12-27,-0.0975534750557085,0.0698412674481226
2018-12-13T00:00:00+00:00,2018-12-14T14:19:33.274192808+00:00,2018-12-14T14:19:33.274192808+00:00,NGF9@2018-12-27,-0.0982175135863331,0.0853985365719908
2018-12-14T00:00:00+00:00,2018-12-17T14:20:40.618849848+00:00,2018-12-17T14:20:40.618849848+00:00,NGF9@2018-12-27,-0.0503109316728912,0.0627578516764473
2018-12-17T00:00:00+00:00,2018-12-18T14:19:11.789110128+00:00,2018-12-18T14:19:11.789110128+00:00,NGF9@2018-12-27,-0.0510489417964069,0.0464203424604775
2018-12-18T00:00:00+00:00,2018-12-19T14:31:29.740641621+00:00,2018-12-19T14:31:29.740641621+00:00,NGF9@2018-12-27,-0.0449654092818717,0.0610248989973838
2018-12-19T00:00:00+00:00,2018-12-20T14:19:51.261769843+00:00,2018-12-20T14:19:51.261769843+00:00,NGF9@2018-12-27,-0.0455040267097772,0.0519351804369357
2018-12-20T00:00:00+00:00,2018-12-21T14:21:04.544578888+00:00,2018-12-21T14:21:04.544578888+00:00,NGF9@2018-12-27,-0.0335808204677837,0.0516000925506318
2018-12-21T00:00:00+00:00,2018-12-24T14:20:10.265711220+00:00,2018-12-24T14:20:10.265711220+00:00,NGF9@2018-12-27,-0.0408145614382745,0.0538610190055622
2018-12-24T00:00:00+00:00,2018-12-25T02:02:06.891018119+00:00,2018-12-25T02:02:06.891018119+00:00,NGF9@2018-12-27,-0.0205591074405084,0.0453430919090286
2018-12-26T00:00:00+00:00,2018-12-27T14:19:53.878468446+00:00,2018-12-27T14:19:53.878468446+00:00,NGG9@2019-01-29,-0.0365003137847909,0.0342646339686511
2018-12-27T00:00:00+00:00,2018-12-28T14:19:40.317744353+00:00,2018-12-28T14:19:40.317744353+00:00,NGG9@2019-01-29,-0.0486152320128512,0.041889069537992
2018-12-28T00:00:00+00:00,2018-12-31T14:20:08.679408268+00:00,2018-12-31T14:20:08.679408268+00:00,NGG9@2019-01-29,-0.026747000996772,0.0354907414526396
2018-12-31T00:00:00+00:00,2019-01-01T02:00:52.586016202+00:00,2019-01-01T02:00:52.586016202+00:00,NGG9@2019-01-29,0.0262005232475899,0.0232751305038864
2019-01-02T00:00:00+00:00,2019-01-03T14:19:17.350630835+00:00,2019-01-03T14:19:17.350630835+00:00,NGG9@2019-01-29,0.0093936482139311,0.0138506620407748
2019-01-03T00:00:00+00:00,2019-01-04T14:29:02.643029150+00:00,2019-01-04T14:29:02.643029150+00:00,NGG9@2019-01-29,0.0134319443946098,0.0167044109986146
2019-01-04T00:00:00+00:00,2019-01-07T14:20:45.693380135+00:00,2019-01-07T14:20:45.693380135+00:00,NGG9@2019-01-29,-0.0131818851228204,0.0184403761282951
2019-01-07T00:00:00+00:00,2019-01-08T14:19:36.955603423+00:00,2019-01-08T14:19:36.955603423+00:00,NGG9@2019-01-29,-0.0078356011149364,0.0093705115363465
2019-01-08T00:00:00+00:00,2019-01-09T14:20:22.324072686+00:00,2019-01-09T14:20:22.324072686+00:00,NGG9@2019-01-29,-0.008913483063672,0.0123868528672615
2019-01-09T00:00:00+00:00,2019-01-10T14:19:30.422146676+00:00,2019-01-10T14:19:30.422146676+00:00,NGG9@2019-01-29,0.0079463668145187,0.0148943503724266
2019-01-10T00:00:00+00:00,2019-01-11T14:36:54.055747462+00:00,2019-01-11T14:36:54.055747462+00:00,NGG9@2019-01-29,-0.0015659452792929,0.0121323103757248
2019-01-11T00:00:00+00:00,2019-01-14T14:21:28.521339768+00:00,2019-01-14T14:21:28.521339768+00:00,NGG9@2019-01-29,-0.022900397391647,0.0254748401514971
2019-01-14T00:00:00+00:00,2019-01-15T14:19:49.539970651+00:00,2019-01-15T14:19:49.539970651+00:00,NGG9@2019-01-29,-0.0928241372436859,0.0701642890278629
2019-01-15T00:00:00+00:00,2019-01-16T14:20:21.097497828+00:00,2019-01-16T14:20:21.097497828+00:00,NGG9@2019-01-29,-0.0110299688338683,0.0412302537097826
2019-01-16T00:00:00+00:00,2019-01-17T14:28:35.013108167+00:00,2019-01-17T14:28:35.013108167+00:00,NGG9@2019-01-29,-0.0494045838017329,0.0322239699764786
2019-01-17T00:00:00+00:00,2019-01-18T14:19:00.651940878+00:00,2019-01-18T14:19:00.651940878+00:00,NGG9@2019-01-29,-0.0291501456331984,0.0541853570492468
2019-01-18T00:00:00+00:00,2019-01-22T14:19:49.130157568+00:00,2019-01-22T14:19:49.130157568+00:00,NGG9@2019-01-29,-0.0462207877771777,0.0443378457401776
2019-01-22T00:00:00+00:00,2019-01-23T14:19:03.925462615+00:00,2019-01-23T14:19:03.925462615+00:00,NGG9@2019-01-29,0.0027784081827666,0.0365076695024928
2019-01-23T00:00:00+00:00,2019-01-24T14:19:44.229690499+00:00,2019-01-24T14:19:44.229690499+00:00,NGG9@2019-01-29,-0.0004456424744598,0.0207116603064717
2019-01-24T00:00:00+00:00,2019-01-25T14:20:18.186791744+00:00,2019-01-25T14:20:18.186791744+00:00,NGG9@2019-01-29,-0.0044547319789595,0.0288851014342856
2019-01-25T00:00:00+00:00,2019-01-28T14:19:32.896720691+00:00,2019-01-28T14:19:32.896720691+00:00,NGG9@2019-01-29,-0.0141215982419106,0.0395294098111917
2019-01-28T00:00:00+00:00,2019-01-29T14:18:54.506536824+00:00,2019-01-29T14:18:54.506536824+00:00,NGG9@2019-01-29,-0.002608334118081,0.0123932860921501
2019-01-29T00:00:00+00:00,2019-01-30T14:18:54.687133928+00:00,2019-01-30T14:18:54.687133928+00:00,NGH9@2019-02-26,-0.0191454736533813,0.0150205344576619
2019-01-30T00:00:00+00:00,2019-01-31T14:19:24.406788507+00:00,2019-01-31T14:19:24.406788507+00:00,NGH9@2019-02-26,0.0006778891942036,0.0211834783312263
2019-01-31T00:00:00+00:00,2019-02-01T14:20:34.040283703+00:00,2019-02-01T14:20:34.040283703+00:00,NGH9@2019-02-26,0.006845107574732,0.0122631247922436
2019-02-01T00:00:00+00:00,2019-02-04T14:23:19.400935951+00:00,2019-02-04T14:23:19.400935951+00:00,NGH9@2019-02-26,0.0089023707334348,0.0060477886625667
2019-02-04T00:00:00+00:00,2019-02-05T15:12:15.533277940+00:00,2019-02-05T15:12:15.533277940+00:00,NGH9@2019-02-26,0.0191711658489204,-0.00591736710714
2019-02-05T00:00:00+00:00,2019-02-06T14:19:56.599615216+00:00,2019-02-06T14:19:56.599615216+00:00,NGH9@2019-02-26,0.0048094502201785,-0.0035621501781322
2019-02-06T00:00:00+00:00,2019-02-07T14:19:51.319201803+00:00,2019-02-07T14:19:51.319201803+00:00,NGH9@2019-02-26,0.0074089190255655,-0.0032453847618774
2019-02-07T00:00:00+00:00,2019-02-08T14:19:08.749378966+00:00,2019-02-08T14:19:08.749378966+00:00,NGH9@2019-02-26,0.0425792086166019,0.0035131379771297
2019-02-08T00:00:00+00:00,2019-02-11T14:20:32.392131444+00:00,2019-02-11T14:20:32.392131444+00:00,NGH9@2019-02-26,0.0264917035609189,0.0001598260528354
2019-02-11T00:00:00+00:00,2019-02-12T14:19:45.940249769+00:00,2019-02-12T14:19:45.940249769+00:00,NGH9@2019-02-26,0.0114518936071019,-0.0047097322855516
2019-02-12T00:00:00+00:00,2019-02-13T14:19:14.994049689+00:00,2019-02-13T14:19:14.994049689+00:00,NGH9@2019-02-26,0.003275735140567,-0.0047267743828073
2019-02-13T00:00:00+00:00,2019-02-14T14:18:59.444854225+00:00,2019-02-14T14:18:59.444854225+00:00,NGH9@2019-02-26,0.0075584777796737,-0.006682889316297
2019-02-14T00:00:00+00:00,2019-02-15T14:19:40.451848389+00:00,2019-02-15T14:19:40.451848389+00:00,NGH9@2019-02-26,0.0256446538779819,-0.0034940557939639
2019-02-15T00:00:00+00:00,2019-02-19T14:19:40.905618226+00:00,2019-02-19T14:19:40.905618226+00:00,NGH9@2019-02-26,0.0093638962163025,0.0042647213921358
2019-02-19T00:00:00+00:00,2019-02-20T14:19:18.580445247+00:00,2019-02-20T14:19:18.580445247+00:00,NGH9@2019-02-26,0.0053544372914651,0.0071035635664268
2019-02-20T00:00:00+00:00,2019-02-21T14:19:18.846231546+00:00,2019-02-21T14:19:18.846231546+00:00,NGH9@2019-02-26,8.910557009134124e-05,0.0001400821613815
2019-02-21T00:00:00+00:00,2019-02-22T14:19:22.372445717+00:00,2019-02-22T14:19:22.372445717+00:00,NGH9@2019-02-26,0.0083158884383394,0.0222174385338746
2019-02-22T00:00:00+00:00,2019-02-25T14:20:33.790808516+00:00,2019-02-25T14:20:33.790808516+00:00,NGH9@2019-02-26,0.0190404194915976,0.0085502840838138
2019-02-25T00:00:00+00:00,2019-02-26T14:19:32.881360843+00:00,2019-02-26T14:19:32.881360843+00:00,NGH9@2019-02-26,-0.0016086563609495,0.0266965073764303
2019-02-27T00:00:00+00:00,2019-02-28T14:30:46.992505041+00:00,2019-02-28T14:30:46.992505041+00:00,NGJ9@2019-03-27,-0.0118215329369517,0.015764059906712
2019-02-28T00:00:00+00:00,2019-03-01T14:19:31.148499832+00:00,2019-03-01T14:19:31.148499832+00:00,NGJ9@2019-03-27,-0.0057826851384474,0.0175543877430241
2019-03-01T00:00:00+00:00,2019-03-04T14:20:05.955366008+00:00,2019-03-04T14:20:05.955366008+00:00,NGJ9@2019-03-27,-0.0015896122303129,0.0210992065183059
2019-03-04T00:00:00+00:00,2019-03-05T14:19:48.928007877+00:00,2019-03-05T14:19:48.928007877+00:00,NGJ9@2019-03-27,-0.0102548559172813,0.0304628153141139
2019-03-05T00:00:00+00:00,2019-03-06T14:19:26.489631825+00:00,2019-03-06T14:19:26.489631825+00:00,NGJ9@2019-03-27,-0.0119432278711156,0.0229944964553049
2019-03-06T00:00:00+00:00,2019-03-07T14:20:26.366862941+00:00,2019-03-07T14:20:26.366862941+00:00,NGJ9@2019-03-27,-0.0108890479870056,0.0224251593096872
2019-03-07T00:00:00+00:00,2019-03-08T14:18:48.601704015+00:00,2019-03-08T14:18:48.601704015+00:00,NGJ9@2019-03-27,-0.0150787076663905,0.0219912439147991
2019-03-08T00:00:00+00:00,2019-03-11T13:22:34.178283561+00:00,2019-03-11T13:22:34.178283561+00:00,NGJ9@2019-03-27,-0.0038038465563811,0.0250088102990688
2019-03-11T00:00:00+00:00,2019-03-12T13:39:19.583781921+00:00,2019-03-12T13:39:19.583781921+00:00,NGJ9@2019-03-27,-0.000140009699641,0.0153000290329391
2019-03-12T00:00:00+00:00,2019-03-13T13:34:24.661647468+00:00,2019-03-13T13:34:24.661647468+00:00,NGJ9@2019-03-27,-0.0087368718102515,0.016681612370818
2019-03-13T00:00:00+00:00,2019-03-14T13:33:41.905875775+00:00,2019-03-14T13:33:41.905875775+00:00,NGJ9@2019-03-27,-0.007430066532186,0.026463120022263
2019-03-14T00:00:00+00:00,2019-03-15T13:18:56.782779157+00:00,2019-03-15T13:18:56.782779157+00:00,NGJ9@2019-03-27,-0.0042904670331581,0.0209352142409124
2019-03-15T00:00:00+00:00,2019-03-18T13:21:32.716347643+00:00,2019-03-18T13:21:32.716347643+00:00,NGJ9@2019-03-27,-0.0062309567196229,0.0157691124561054
2019-03-18T00:00:00+00:00,2019-03-19T13:39:48.804976147+00:00,2019-03-19T13:39:48.804976147+00:00,NGJ9@2019-03-27,-0.0115255347792732,0.0225600438979169
2019-03-19T00:00:00+00:00,2019-03-20T13:19:54.482043965+00:00,2019-03-20T13:19:54.482043965+00:00,NGJ9@2019-03-27,-0.0116748503252478,0.0234907278224857
2019-03-20T00:00:00+00:00,2019-03-21T13:19:31.627426539+00:00,2019-03-21T13:19:31.627426539+00:00,NGJ9@2019-03-27,-0.0049487949258348,0.0265447478032078
2019-03-21T00:00:00+00:00,2019-03-22T13:20:55.026918852+00:00,2019-03-22T13:20:55.026918852+00:00,NGJ9@2019-03-27,-0.0049178146140378,0.017339771374949
2019-03-22T00:00:00+00:00,2019-03-25T13:19:55.977237032+00:00,2019-03-25T13:19:55.977237032+00:00,NGJ9@2019-03-27,0.0021703701386484,0.0147859356509872
2019-03-25T00:00:00+00:00,2019-03-26T13:19:56.952801987+00:00,2019-03-26T13:19:56.952801987+00:00,NGJ9@2019-03-27,-0.0106835308302921,0.01721250885684
2019-03-26T00:00:00+00:00,2019-03-27T13:21:08.208715576+00:00,2019-03-27T13:21:08.208715576+00:00,NGJ9@2019-03-27,0.0006583388314214,0.013873041178833
2019-03-27T00:00:00+00:00,2019-03-28T13:20:08.303423801+00:00,2019-03-28T13:20:08.303423801+00:00,NGK9@2019-04-26,-0.0037981528913392,0.0158287680617854
2019-03-28T00:00:00+00:00,2019-03-29T13:20:10.478115793+00:00,2019-03-29T13:20:10.478115793+00:00,NGK9@2019-04-26,-0.0016530866528293,0.0137277755260642
2019-03-29T00:00:00+00:00,2019-04-01T13:31:19.708210132+00:00,2019-04-01T13:31:19.708210132+00:00,NGK9@2019-04-26,-0.0052538242761088,0.0116214117127949
2019-04-01T00:00:00+00:00,2019-04-02T13:19:26.158566623+00:00,2019-04-02T13:19:26.158566623+00:00,NGK9@2019-04-26,-0.0041865674236983,0.0119216348576069
2019-04-02T00:00:00+00:00,2019-04-03T13:29:33.503487167+00:00,2019-04-03T13:29:33.503487167+00:00,NGK9@2019-04-26,0.0006379868303025,0.0130847273837952
2019-04-03T00:00:00+00:00,2019-04-04T13:19:18.691733279+00:00,2019-04-04T13:19:18.691733279+00:00,NGK9@2019-04-26,-0.0072044633331698,0.0156968843148722
2019-04-04T00:00:00+00:00,2019-04-05T13:19:37.559037431+00:00,2019-04-05T13:19:37.559037431+00:00,NGK9@2019-04-26,0.0036534662948042,0.0133649972101519
2019-04-05T00:00:00+00:00,2019-04-08T13:22:02.047181351+00:00,2019-04-08T13:22:02.047181351+00:00,NGK9@2019-04-26,-0.0005171000846244,0.012522181631603
2019-04-08T00:00:00+00:00,2019-04-09T13:32:22.107604560+00:00,2019-04-09T13:32:22.107604560+00:00,NGK9@2019-04-26,-0.0060252188231703,0.0188770280144176
2019-04-09T00:00:00+00:00,2019-04-10T13:19:15.192190188+00:00,2019-04-10T13:19:15.192190188+00:00,NGK9@2019-04-26,-0.0016820026790581,0.0149342088780309
2019-04-10T00:00:00+00:00,2019-04-11T13:18:50.340094782+00:00,2019-04-11T13:18:50.340094782+00:00,NGK9@2019-04-26,0.0069973957278013,0.0145786910111836
2019-04-11T00:00:00+00:00,2019-04-12T13:19:18.069778043+00:00,2019-04-12T13:19:18.069778043+00:00,NGK9@2019-04-26,-0.0044794809657897,0.0116227275409327
2019-04-12T00:00:00+00:00,2019-04-15T13:37:35.444463659+00:00,2019-04-15T13:37:35.444463659+00:00,NGK9@2019-04-26,0.0012354990909579,0.0204007789077126
2019-04-15T00:00:00+00:00,2019-04-16T13:18:37.149000836+00:00,2019-04-16T13:18:37.149000836+00:00,NGK9@2019-04-26,0.0027444330409209,0.0120431311391135
2019-04-16T00:00:00+00:00,2019-04-17T13:18:45.438860438+00:00,2019-04-17T13:18:45.438860438+00:00,NGK9@2019-04-26,0.0068955677094715,0.0094952468457107
2019-04-17T00:00:00+00:00,2019-04-18T13:18:58.606696535+00:00,2019-04-18T13:18:58.606696535+00:00,NGK9@2019-04-26,0.0136840920739311,0.0129276697123055
2019-04-18T00:00:00+00:00,2019-04-22T13:24:11.387143918+00:00,2019-04-22T13:24:11.387143918+00:00,NGK9@2019-04-26,0.0112844539109624,0.0122500460947688
2019-04-22T00:00:00+00:00,2019-04-23T13:24:26.921580131+00:00,2019-04-23T13:24:26.921580131+00:00,NGK9@2019-04-26,-0.0021785100301107,0.0064977537399219
2019-04-23T00:00:00+00:00,2019-04-24T13:23:23.094426864+00:00,2019-04-24T13:23:23.094426864+00:00,NGK9@2019-04-26,0.0068178370558662,0.0130774817943185
2019-04-24T00:00:00+00:00,2019-04-25T13:23:39.177638808+00:00,2019-04-25T13:23:39.177638808+00:00,NGK9@2019-04-26,0.0119962306157779,0.008152564044906
2019-04-25T00:00:00+00:00,2019-04-26T13:51:09.171877977+00:00,2019-04-26T13:51:09.171877977+00:00,NGM9@2019-05-29,0.0030939969967727,0.0147729514388648
2019-04-26T00:00:00+00:00,2019-04-29T13:19:55.672655557+00:00,2019-04-29T13:19:55.672655557+00:00,NGM9@2019-05-29,0.0052513716251314,0.0091537781293383
2019-04-29T00:00:00+00:00,2019-04-30T14:35:02.577914220+00:00,2019-04-30T14:35:02.577914220+00:00,NGM9@2019-05-29,-0.0038764941825881,0.004306637029843
2019-04-30T00:00:00+00:00,2019-05-01T13:18:53.199587789+00:00,2019-05-01T13:18:53.199587789+00:00,NGM9@2019-05-29,0.0023204032237742,0.0059143905728465
2019-05-01T00:00:00+00:00,2019-05-02T13:19:04.809288575+00:00,2019-05-02T13:19:04.809288575+00:00,NGM9@2019-05-29,-0.0014757689845058,0.007852466627099
2019-05-02T00:00:00+00:00,2019-05-03T13:19:12.318936110+00:00,2019-05-03T13:19:12.318936110+00:00,NGM9@2019-05-29,-0.0001982192934295,0.0067654031294363
2019-05-03T00:00:00+00:00,2019-05-06T13:24:47.560977983+00:00,2019-05-06T13:24:47.560977983+00:00,NGM9@2019-05-29,0.0039045138809479,0.0091007591503658
2019-05-06T00:00:00+00:00,2019-05-07T13:22:39.506111155+00:00,2019-05-07T13:22:39.506111155+00:00,NGM9@2019-05-29,0.0074118237865707,0.0061122626774662
2019-05-07T00:00:00+00:00,2019-05-08T13:23:50.366737215+00:00,2019-05-08T13:23:50.366737215+00:00,NGM9@2019-05-29,-0.00085531967876,0.0070078400101528
2019-05-08T00:00:00+00:00,2019-05-09T13:22:59.858094131+00:00,2019-05-09T13:22:59.858094131+00:00,NGM9@2019-05-29,-0.0086830051297647,0.0071149412363824
2019-05-09T00:00:00+00:00,2019-05-10T13:23:19.110873095+00:00,2019-05-10T13:23:19.110873095+00:00,NGM9@2019-05-29,-0.0022599190035625,0.0072803408806395
2019-05-10T00:00:00+00:00,2019-05-13T13:40:56.104135707+00:00,2019-05-13T13:40:56.104135707+00:00,NGM9@2019-05-29,-0.0032285440509763,0.0090378757285998
2019-05-13T00:00:00+00:00,2019-05-14T13:22:47.797561603+00:00,2019-05-14T13:22:47.797561603+00:00,NGM9@2019-05-29,-0.0006765153511552,0.0089425125470709
2019-05-14T00:00:00+00:00,2019-05-15T13:23:23.838578182+00:00,2019-05-15T13:23:23.838578182+00:00,NGM9@2019-05-29,-0.0109930027668043,0.0120988666809059
2019-05-15T00:00:00+00:00,2019-05-16T13:24:04.456600499+00:00,2019-05-16T13:24:04.456600499+00:00,NGM9@2019-05-29,-0.0022096564459955,0.0093007005462704
2019-05-16T00:00:00+00:00,2019-05-17T13:24:00.412360492+00:00,2019-05-17T13:24:00.412360492+00:00,NGM9@2019-05-29,-0.0079923815367936,0.0107116836438076
2019-05-17T00:00:00+00:00,2019-05-20T13:24:17.348012503+00:00,2019-05-20T13:24:17.348012503+00:00,NGM9@2019-05-29,0.0074048473141459,0.0167610169911357
2019-05-20T00:00:00+00:00,2019-05-21T13:22:16.942380480+00:00,2019-05-21T13:22:16.942380480+00:00,NGM9@2019-05-29,-0.0033085305963627,0.0126596239673263
2019-05-21T00:00:00+00:00,2019-05-22T13:22:27.411963872+00:00,2019-05-22T13:22:27.411963872+00:00,NGM9@2019-05-29,-0.0048213695105181,0.0132521221136127
2019-05-22T00:00:00+00:00,2019-05-23T13:24:45.659534541+00:00,2019-05-23T13:24:45.659534541+00:00,NGM9@2019-05-29,0.0047091585715361,0.0099331420790812
2019-05-23T00:00:00+00:00,2019-05-24T13:24:41.842665579+00:00,2019-05-24T13:24:41.842665579+00:00,NGM9@2019-05-29,0.0037736131829129,0.0107714042102154
2019-05-24T00:00:00+00:00,2019-05-28T13:23:59.658814823+00:00,2019-05-28T13:23:59.658814823+00:00,NGM9@2019-05-29,-0.0022567898792151,0.0108531844716883
2019-05-28T00:00:00+00:00,2019-05-29T13:39:12.341121395+00:00,2019-05-29T13:39:12.341121395+00:00,NGM9@2019-05-29,-0.0100537535297838,0.0073770382032346
2019-05-30T00:00:00+00:00,2019-05-31T13:25:28.603088607+00:00,2019-05-31T13:25:28.603088607+00:00,NGN9@2019-06-26,0.0095691083928974,0.0164264431208698
2019-05-31T00:00:00+00:00,2019-06-03T13:21:08.097034724+00:00,2019-06-03T13:21:08.097034724+00:00,NGN9@2019-06-26,0.0045126274034574,0.0172817668357452
2019-06-03T00:00:00+00:00,2019-06-04T13:19:14.346050328+00:00,2019-06-04T13:19:14.346050328+00:00,NGN9@2019-06-26,0.0307025633110906,0.0080325153489776
2019-06-04T00:00:00+00:00,2019-06-05T13:19:51.226267516+00:00,2019-06-05T13:19:51.226267516+00:00,NGN9@2019-06-26,0.0264352870273552,0.0149877198629256
2019-06-05T00:00:00+00:00,2019-06-06T13:36:52.924663360+00:00,2019-06-06T13:36:52.924663360+00:00,NGN9@2019-06-26,0.026994959084849,0.0119143006373777
2019-06-06T00:00:00+00:00,2019-06-07T13:19:17.755107794+00:00,2019-06-07T13:19:17.755107794+00:00,NGN9@2019-06-26,0.0322596724719217,0.0165406971761625
2019-06-07T00:00:00+00:00,2019-06-10T13:20:07.321764876+00:00,2019-06-10T13:20:07.321764876+00:00,NGN9@2019-06-26,0.0168198392490162,0.0082953750551588
2019-06-10T00:00:00+00:00,2019-06-11T13:42:26.300130982+00:00,2019-06-11T13:42:26.300130982+00:00,NGN9@2019-06-26,0.029839882483849,0.0145035281789977
2019-06-11T00:00:00+00:00,2019-06-12T13:18:44.212858043+00:00,2019-06-12T13:18:44.212858043+00:00,NGN9@2019-06-26,0.0150519699242726,0.012534487212741
2019-06-12T00:00:00+00:00,2019-06-13T13:28:26.243438185+00:00,2019-06-13T13:28:26.243438185+00:00,NGN9@2019-06-26,0.0240296631437118,0.0139695032333996
2019-06-13T00:00:00+00:00,2019-06-14T13:19:44.152580305+00:00,2019-06-14T13:19:44.152580305+00:00,NGN9@2019-06-26,0.0385586759398315,0.0168571219160661
2019-06-14T00:00:00+00:00,2019-06-17T13:20:29.075457038+00:00,2019-06-17T13:20:29.075457038+00:00,NGN9@2019-06-26,0.0354495927117377,0.0265647019173831
2019-06-17T00:00:00+00:00,2019-06-18T13:19:28.119531201+00:00,2019-06-18T13:19:28.119531201+00:00,NGN9@2019-06-26,0.0340441461867226,0.0218363133207007
2019-06-18T00:00:00+00:00,2019-06-19T13:19:14.867012307+00:00,2019-06-19T13:19:14.867012307+00:00,NGN9@2019-06-26,0.0442218927613873,0.0224164539458104
2019-06-19T00:00:00+00:00,2019-06-20T13:34:09.422895366+00:00,2019-06-20T13:34:09.422895366+00:00,NGN9@2019-06-26,0.0628441264636674,0.0216541089773491
2019-06-20T00:00:00+00:00,2019-06-21T13:19:08.724623507+00:00,2019-06-21T13:19:08.724623507+00:00,NGN9@2019-06-26,0.0529917902188799,0.0238472544375238
2019-06-21T00:00:00+00:00,2019-06-24T13:20:15.012351531+00:00,2019-06-24T13:20:15.012351531+00:00,NGN9@2019-06-26,0.0493402867410526,0.0322227538798579
2019-06-24T00:00:00+00:00,2019-06-25T13:19:04.373813120+00:00,2019-06-25T13:19:04.373813120+00:00,NGN9@2019-06-26,0.0556552450570815,0.0485980858124562
2019-06-25T00:00:00+00:00,2019-06-26T13:18:47.190511806+00:00,2019-06-26T13:18:47.190511806+00:00,NGN9@2019-06-26,0.0530246796173348,0.0343969488996529
2019-06-26T00:00:00+00:00,2019-06-27T13:19:12.430487728+00:00,2019-06-27T13:19:12.430487728+00:00,NGQ9@2019-07-29,0.0966411925139747,0.0457735301219928
2019-06-27T00:00:00+00:00,2019-06-28T13:19:22.003025903+00:00,2019-06-28T13:19:22.003025903+00:00,NGQ9@2019-07-29,0.0560907788657978,0.0388471606673603
2019-06-28T00:00:00+00:00,2019-07-01T13:20:12.752052154+00:00,2019-07-01T13:20:12.752052154+00:00,NGQ9@2019-07-29,0.0818559065178063,0.0573392564974506
2019-07-01T00:00:00+00:00,2019-07-02T13:19:12.798153933+00:00,2019-07-02T13:19:12.798153933+00:00,NGQ9@2019-07-29,0.0723260327943375,0.0448827975106818
2019-07-02T00:00:00+00:00,2019-07-03T13:19:01.144712779+00:00,2019-07-03T13:19:01.144712779+00:00,NGQ9@2019-07-29,0.1150391967365629,0.0950608327818872
2019-07-03T00:00:00+00:00,2019-07-05T13:38:42.819046984+00:00,2019-07-05T13:38:42.819046984+00:00,NGQ9@2019-07-29,0.0509195940745779,0.0325392884461703
2019-07-05T00:00:00+00:00,2019-07-08T13:38:54.035553973+00:00,2019-07-08T13:38:54.035553973+00:00,NGQ9@2019-07-29,0.0237380601248211,0.0540038960689897
2019-07-08T00:00:00+00:00,2019-07-09T13:18:44.807455853+00:00,2019-07-09T13:18:44.807455853+00:00,NGQ9@2019-07-29,0.0138414660410466,0.0165113065082761
2019-07-09T00:00:00+00:00,2019-07-10T13:19:12.612472659+00:00,2019-07-10T13:19:12.612472659+00:00,NGQ9@2019-07-29,0.0034380796076487,0.0185333852371071
2019-07-10T00:00:00+00:00,2019-07-11T13:18:49.248779731+00:00,2019-07-11T13:18:49.248779731+00:00,NGQ9@2019-07-29,0.0183837235921555,0.0214341510037135
2019-07-11T00:00:00+00:00,2019-07-12T13:22:52.091551292+00:00,2019-07-12T13:22:52.091551292+00:00,NGQ9@2019-07-29,0.026441252900756,0.0368437499365538
2019-07-12T00:00:00+00:00,2019-07-15T13:20:01.417757242+00:00,2019-07-15T13:20:01.417757242+00:00,NGQ9@2019-07-29,0.0164658939867508,0.0263220707122827
2019-07-15T00:00:00+00:00,2019-07-16T13:18:59.987100515+00:00,2019-07-16T13:18:59.987100515+00:00,NGQ9@2019-07-29,0.0451471810533361,0.0533276778977958
2019-07-16T00:00:00+00:00,2019-07-17T13:19:21.034721410+00:00,2019-07-17T13:19:21.034721410+00:00,NGQ9@2019-07-29,0.0474126058284862,0.03551604059967
2019-07-17T00:00:00+00:00,2019-07-18T13:19:13.858084407+00:00,2019-07-18T13:19:13.858084407+00:00,NGQ9@2019-07-29,0.0355257957052781,0.0249470563559525
2019-07-18T00:00:00+00:00,2019-07-19T13:20:46.900849182+00:00,2019-07-19T13:20:46.900849182+00:00,NGQ9@2019-07-29,0.0457553339711249,0.0242208956424942
2019-07-19T00:00:00+00:00,2019-07-22T13:19:53.395560162+00:00,2019-07-22T13:19:53.395560162+00:00,NGQ9@2019-07-29,0.0681678282648416,0.0719990245617605
2019-07-22T00:00:00+00:00,2019-07-23T13:19:17.653867772+00:00,2019-07-23T13:19:17.653867772+00:00,NGQ9@2019-07-29,0.0094773774541472,0.018650961934152
2019-07-23T00:00:00+00:00,2019-07-24T13:19:24.933863013+00:00,2019-07-24T13:19:24.933863013+00:00,NGQ9@2019-07-29,0.0197777130486296,0.0257946443620125
2019-07-24T00:00:00+00:00,2019-07-25T13:19:31.660198937+00:00,2019-07-25T13:19:31.660198937+00:00,NGQ9@2019-07-29,0.0636082885509332,0.0442004289404494
2019-07-25T00:00:00+00:00,2019-07-26T13:36:24.304800566+00:00,2019-07-26T13:36:24.304800566+00:00,NGQ9@2019-07-29,0.0456506932542453,0.0376391761912559
2019-07-26T00:00:00+00:00,2019-07-29T13:19:33.722775836+00:00,2019-07-29T13:19:33.722775836+00:00,NGQ9@2019-07-29,0.0567570522640139,0.0529016046221224
2019-07-29T00:00:00+00:00,2019-07-30T13:18:55.530827217+00:00,2019-07-30T13:18:55.530827217+00:00,NGU9@2019-08-28,0.0776382442686893,0.0570952836019571
2019-07-30T00:00:00+00:00,2019-07-31T13:18:55.717634393+00:00,2019-07-31T13:18:55.717634393+00:00,NGU9@2019-08-28,0.0820306350137585,0.0515280482924987
2019-07-31T00:00:00+00:00,2019-08-01T13:19:05.728587545+00:00,2019-08-01T13:19:05.728587545+00:00,NGU9@2019-08-28,0.0523694694949348,0.0480131688882115
2019-08-01T00:00:00+00:00,2019-08-02T13:19:40.671788277+00:00,2019-08-02T13:19:40.671788277+00:00,NGU9@2019-08-28,0.0746605488476832,0.0424694619784697
2019-08-02T00:00:00+00:00,2019-08-05T13:19:05.728802255+00:00,2019-08-05T13:19:05.728802255+00:00,NGU9@2019-08-28,0.0807721317510412,0.0506204625592505
2019-08-05T00:00:00+00:00,2019-08-06T13:46:06.023514416+00:00,2019-08-06T13:46:06.023514416+00:00,NGU9@2019-08-28,0.0627085199722876,0.0702698643390948
2019-08-06T00:00:00+00:00,2019-08-07T13:19:11.877951180+00:00,2019-08-07T13:19:11.877951180+00:00,NGU9@2019-08-28,0.0857773506726335,0.0381102754497754
2019-08-07T00:00:00+00:00,2019-08-08T13:19:38.798793561+00:00,2019-08-08T13:19:38.798793561+00:00,NGU9@2019-08-28,0.0821856842696211,0.0403861280616003
2019-08-08T00:00:00+00:00,2019-08-09T13:20:50.113489881+00:00,2019-08-09T13:20:50.113489881+00:00,NGU9@2019-08-28,0.081227015636953,0.0370763446659892
2019-08-09T00:00:00+00:00,2019-08-12T13:20:51.342542142+00:00,2019-08-12T13:20:51.342542142+00:00,NGU9@2019-08-28,0.0768251311510128,0.0561392845067762
2019-08-12T00:00:00+00:00,2019-08-13T13:19:56.119183288+00:00,2019-08-13T13:19:56.119183288+00:00,NGU9@2019-08-28,0.0564877087878319,0.038619048245113
2019-08-13T00:00:00+00:00,2019-08-14T14:06:37.457866358+00:00,2019-08-14T14:06:37.457866358+00:00,NGU9@2019-08-28,0.0348024685883501,0.0322412055030561
2019-08-14T00:00:00+00:00,2019-08-15T13:58:32.995453703+00:00,2019-08-15T13:58:32.995453703+00:00,NGU9@2019-08-28,0.0284444320664607,0.0247286560354744
2019-08-15T00:00:00+00:00,2019-08-16T13:19:38.861205193+00:00,2019-08-16T13:19:38.861205193+00:00,NGU9@2019-08-28,0.0228493040824246,0.0310279076725231
2019-08-16T00:00:00+00:00,2019-08-19T13:20:07.094000204+00:00,2019-08-19T13:20:07.094000204+00:00,NGU9@2019-08-28,0.0430432795178987,0.0388013786017948
2019-08-19T00:00:00+00:00,2019-08-20T13:19:20.820524499+00:00,2019-08-20T13:19:20.820524499+00:00,NGU9@2019-08-28,0.0145291970276377,0.025079209191706
2019-08-20T00:00:00+00:00,2019-08-21T13:20:00.147298397+00:00,2019-08-21T13:20:00.147298397+00:00,NGU9@2019-08-28,0.0416116624224449,0.0421045706475194
2019-08-21T00:00:00+00:00,2019-08-22T13:19:21.837583898+00:00,2019-08-22T13:19:21.837583898+00:00,NGU9@2019-08-28,0.0309452500290534,0.024773537892697
2019-08-22T00:00:00+00:00,2019-08-23T13:31:04.045986507+00:00,2019-08-23T13:31:04.045986507+00:00,NGU9@2019-08-28,0.0465460707545004,0.0470212075562603
2019-08-23T00:00:00+00:00,2019-08-26T13:26:37.287134137+00:00,2019-08-26T13:26:37.287134137+00:00,NGU9@2019-08-28,0.0194561798704073,0.0450477370190078
2019-08-26T00:00:00+00:00,2019-08-27T13:20:00.204524588+00:00,2019-08-27T13:20:00.204524588+00:00,NGU9@2019-08-28,0.0213213364818054,0.026537303488155
2019-08-27T00:00:00+00:00,2019-08-28T13:19:30.385547377+00:00,2019-08-28T13:19:30.385547377+00:00,NGU9@2019-08-28,0.0167809570727703,0.0279154096330915
2019-08-28T00:00:00+00:00,2019-08-29T13:36:41.079691753+00:00,2019-08-29T13:36:41.079691753+00:00,NGV9@2019-09-26,0.0493567669726757,0.0705382803730111
2019-08-29T00:00:00+00:00,2019-08-30T13:37:38.290207240+00:00,2019-08-30T13:37:38.290207240+00:00,NGV9@2019-09-26,0.0191214679107265,0.0607994493432766
2019-08-30T00:00:00+00:00,2019-09-03T13:52:36.988807222+00:00,2019-09-03T13:52:36.988807222+00:00,NGV9@2019-09-26,0.013913070946409,0.032007380535728
2019-09-03T00:00:00+00:00,2019-09-04T13:50:32.396597635+00:00,2019-09-04T13:50:32.396597635+00:00,NGV9@2019-09-26,0.0111021975218894,0.0281370509311061
2019-09-04T00:00:00+00:00,2019-09-05T13:19:29.441104278+00:00,2019-09-05T13:19:29.441104278+00:00,NGV9@2019-09-26,0.0148511402549478,0.0429528559477026
2019-09-05T00:00:00+00:00,2019-09-06T14:08:49.304813976+00:00,2019-09-06T14:08:49.304813976+00:00,NGV9@2019-09-26,0.0016626016252991,0.0292863066190535
2019-09-06T00:00:00+00:00,2019-09-09T13:20:32.936112107+00:00,2019-09-09T13:20:32.936112107+00:00,NGV9@2019-09-26,-0.0076959348673224,0.0310680769494663
2019-09-09T00:00:00+00:00,2019-09-10T13:19:24.219669333+00:00,2019-09-10T13:19:24.219669333+00:00,NGV9@2019-09-26,-0.006564716040264,0.0229769954300512
2019-09-10T00:00:00+00:00,2019-09-11T13:20:01.371956368+00:00,2019-09-11T13:20:01.371956368+00:00,NGV9@2019-09-26,0.0065709224142462,0.0215582289869336
2019-09-11T00:00:00+00:00,2019-09-12T13:19:25.492535411+00:00,2019-09-12T13:19:25.492535411+00:00,NGV9@2019-09-26,-0.0106855334612083,0.0211031899859746
2019-09-12T00:00:00+00:00,2019-09-13T13:20:28.238839957+00:00,2019-09-13T13:20:28.238839957+00:00,NGV9@2019-09-26,-0.0058155946953352,0.0200942505237668
2019-09-13T00:00:00+00:00,2019-09-16T13:22:40.645646837+00:00,2019-09-16T13:22:40.645646837+00:00,NGV9@2019-09-26,-0.0161313941486915,0.0197561766891159
2019-09-16T00:00:00+00:00,2019-09-17T13:19:11.959112412+00:00,2019-09-17T13:19:11.959112412+00:00,NGV9@2019-09-26,-0.0124003732497792,0.0171297793064785
2019-09-17T00:00:00+00:00,2019-09-18T13:23:28.485903577+00:00,2019-09-18T13:23:28.485903577+00:00,NGV9@2019-09-26,0.0051461390610973,0.0174935491649987
2019-09-18T00:00:00+00:00,2019-09-19T13:19:03.379791319+00:00,2019-09-19T13:19:03.379791319+00:00,NGV9@2019-09-26,-0.0071164096432861,0.0191463866979109
2019-09-19T00:00:00+00:00,2019-09-20T13:19:25.235842662+00:00,2019-09-20T13:19:25.235842662+00:00,NGV9@2019-09-26,0.000192680494,0.0244164645132329
2019-09-20T00:00:00+00:00,2019-09-23T13:20:22.959389964+00:00,2019-09-23T13:20:22.959389964+00:00,NGV9@2019-09-26,-0.0029491146170411,0.022971230380869
2019-09-23T00:00:00+00:00,2019-09-24T13:19:23.105794361+00:00,2019-09-24T13:19:23.105794361+00:00,NGV9@2019-09-26,-0.0083312799808064,0.0202326906528397
2019-09-24T00:00:00+00:00,2019-09-25T13:38:35.029767724+00:00,2019-09-25T13:38:35.029767724+00:00,NGV9@2019-09-26,-0.0048424688403952,0.0207268073411282
2019-09-25T00:00:00+00:00,2019-09-26T13:20:15.347203569+00:00,2019-09-26T13:20:15.347203569+00:00,NGX9@2019-10-29,-0.005317029113408,0.0218193944245047
2019-09-26T00:00:00+00:00,2019-09-27T13:19:43.228596546+00:00,2019-09-27T13:19:43.228596546+00:00,NGX9@2019-10-29,0.0182351925218564,0.023865328155843
2019-09-27T00:00:00+00:00,2019-09-30T13:20:46.218249808+00:00,2019-09-30T13:20:46.218249808+00:00,NGX9@2019-10-29,0.0361809762372,0.0330064451953206
2019-09-30T00:00:00+00:00,2019-10-01T13:31:23.900637528+00:00,2019-10-01T13:31:23.900637528+00:00,NGX9@2019-10-29,0.0376732599011067,0.0395346489100556
2019-10-01T00:00:00+00:00,2019-10-02T13:18:50.429384137+00:00,2019-10-02T13:18:50.429384137+00:00,NGX9@2019-10-29,0.033892415729785,0.0385297081385414
2019-10-02T00:00:00+00:00,2019-10-03T13:19:35.050208820+00:00,2019-10-03T13:19:35.050208820+00:00,NGX9@2019-10-29,0.0305405718035403,0.0422340578737512
2019-10-03T00:00:00+00:00,2019-10-04T13:19:39.863058225+00:00,2019-10-04T13:19:39.863058225+00:00,NGX9@2019-10-29,0.0310454848491661,0.0474258970142176
2019-10-04T00:00:00+00:00,2019-10-07T13:19:26.973387106+00:00,2019-10-07T13:19:26.973387106+00:00,NGX9@2019-10-29,0.0265591500819413,0.0293579645591271
2019-10-07T00:00:00+00:00,2019-10-08T13:18:53.556519359+00:00,2019-10-08T13:18:53.556519359+00:00,NGX9@2019-10-29,0.0222873396863085,0.0233596186752153
2019-10-08T00:00:00+00:00,2019-10-09T13:18:52.033598601+00:00,2019-10-09T13:18:52.033598601+00:00,NGX9@2019-10-29,0.0241223418194316,0.0245685162751571
2019-10-09T00:00:00+00:00,2019-10-10T13:19:03.311411610+00:00,2019-10-10T13:19:03.311411610+00:00,NGX9@2019-10-29,0.0265293351858988,0.0378463347254849
2019-10-10T00:00:00+00:00,2019-10-11T13:19:13.369601526+00:00,2019-10-11T13:19:13.369601526+00:00,NGX9@2019-10-29,0.068892879010328,0.0485469965167056
2019-10-11T00:00:00+00:00,2019-10-14T13:20:39.918060447+00:00,2019-10-14T13:20:39.918060447+00:00,NGX9@2019-10-29,0.0717843267748101,0.0325798666445013
2019-10-14T00:00:00+00:00,2019-10-15T13:18:55.392898570+00:00,2019-10-15T13:18:55.392898570+00:00,NGX9@2019-10-29,0.0065377356441478,0.0235896104296065
2019-10-15T00:00:00+00:00,2019-10-16T13:18:38.615028978+00:00,2019-10-16T13:18:38.615028978+00:00,NGX9@2019-10-29,0.0079943544819978,0.024850059814713
2019-10-16T00:00:00+00:00,2019-10-17T13:19:43.699571631+00:00,2019-10-17T13:19:43.699571631+00:00,NGX9@2019-10-29,0.0269100270584763,0.0322597878987134
2019-10-17T00:00:00+00:00,2019-10-18T13:19:12.671588035+00:00,2019-10-18T13:19:12.671588035+00:00,NGX9@2019-10-29,0.02506331328688,0.0288525532031881
2019-10-18T00:00:00+00:00,2019-10-21T13:19:45.677788099+00:00,2019-10-21T13:19:45.677788099+00:00,NGX9@2019-10-29,0.0071683101807675,0.026832146379795
2019-10-21T00:00:00+00:00,2019-10-22T13:18:38.317874985+00:00,2019-10-22T13:18:38.317874985+00:00,NGX9@2019-10-29,0.0238870466813092,0.0268460595602442
2019-10-22T00:00:00+00:00,2019-10-23T13:18:57.964141870+00:00,2019-10-23T13:18:57.964141870+00:00,NGX9@2019-10-29,0.0151822333898212,0.0280973316545498
2019-10-23T00:00:00+00:00,2019-10-24T13:18:53.012891229+00:00,2019-10-24T13:18:53.012891229+00:00,NGX9@2019-10-29,0.0023648273273031,0.0262958298296113
2019-10-24T00:00:00+00:00,2019-10-25T13:19:24.905941066+00:00,2019-10-25T13:19:24.905941066+00:00,NGX9@2019-10-29,0.0099466433055022,0.0255964872809355
2019-10-25T00:00:00+00:00,2019-10-28T13:20:12.110353684+00:00,2019-10-28T13:20:12.110353684+00:00,NGX9@2019-10-29,0.0179159193265514,0.0279058905451138
2019-10-28T00:00:00+00:00,2019-10-29T13:18:50.230003945+00:00,2019-10-29T13:18:50.230003945+00:00,NGX9@2019-10-29,0.0049832545644867,0.0243940973669532
2019-10-30T00:00:00+00:00,2019-10-31T13:19:36.421585238+00:00,2019-10-31T13:19:36.421585238+00:00,NGZ9@2019-11-26,-0.0226342195924889,0.025576165080734
2019-10-31T00:00:00+00:00,2019-11-01T13:19:50.174012554+00:00,2019-11-01T13:19:50.174012554+00:00,NGZ9@2019-11-26,-0.0078478000541053,0.0197187625507445
2019-11-01T00:00:00+00:00,2019-11-04T14:20:12.992065910+00:00,2019-11-04T14:20:12.992065910+00:00,NGZ9@2019-11-26,-0.0135003019262244,0.0201034545898437
2019-11-04T00:00:00+00:00,2019-11-05T14:19:09.585428110+00:00,2019-11-05T14:19:09.585428110+00:00,NGZ9@2019-11-26,-0.0142683399035756,0.017328879888903
2019-11-05T00:00:00+00:00,2019-11-06T14:19:12.920568079+00:00,2019-11-06T14:19:12.920568079+00:00,NGZ9@2019-11-26,-0.0100283870384559,0.0156133006199929
2019-11-06T00:00:00+00:00,2019-11-07T14:19:00.832677553+00:00,2019-11-07T14:19:00.832677553+00:00,NGZ9@2019-11-26,-0.0246280764522485,0.0163686570346144
2019-11-07T00:00:00+00:00,2019-11-08T14:20:15.248096688+00:00,2019-11-08T14:20:15.248096688+00:00,NGZ9@2019-11-26,-0.0149170694385378,0.0173432852632255
2019-11-08T00:00:00+00:00,2019-11-11T14:21:10.155068832+00:00,2019-11-11T14:21:10.155068832+00:00,NGZ9@2019-11-26,0.0060616914154851,0.0169946541278411
2019-11-11T00:00:00+00:00,2019-11-12T14:19:21.516645516+00:00,2019-11-12T14:19:21.516645516+00:00,NGZ9@2019-11-26,-0.0057677335013865,0.018888380416541
2019-11-12T00:00:00+00:00,2019-11-13T14:31:02.107752807+00:00,2019-11-13T14:31:02.107752807+00:00,NGZ9@2019-11-26,0.0010794837876122,0.0208362040407132
2019-11-13T00:00:00+00:00,2019-11-14T14:33:49.547160318+00:00,2019-11-14T14:33:49.547160318+00:00,NGZ9@2019-11-26,-0.0170801781802866,0.021009284157243
2019-11-14T00:00:00+00:00,2019-11-15T14:19:50.494221215+00:00,2019-11-15T14:19:50.494221215+00:00,NGZ9@2019-11-26,0.00604163679189,0.0234017773277186
2019-11-15T00:00:00+00:00,2019-11-18T14:25:05.996105925+00:00,2019-11-18T14:25:05.996105925+00:00,NGZ9@2019-11-26,0.0090943808867554,0.0289402721084166
2019-11-18T00:00:00+00:00,2019-11-19T14:24:51.859169467+00:00,2019-11-19T14:24:51.859169467+00:00,NGZ9@2019-11-26,0.0183700917981211,0.0186868869046112
2019-11-19T00:00:00+00:00,2019-11-20T14:31:58.667400068+00:00,2019-11-20T14:31:58.667400068+00:00,NGZ9@2019-11-26,0.0313100438218787,0.0229062528119507
2019-11-20T00:00:00+00:00,2019-11-21T14:23:52.357019480+00:00,2019-11-21T14:23:52.357019480+00:00,NGZ9@2019-11-26,-0.0023108928099923,0.0217814252983709
2019-11-21T00:00:00+00:00,2019-11-22T14:23:47.334109470+00:00,2019-11-22T14:23:47.334109470+00:00,NGZ9@2019-11-26,0.0052858349701709,0.0221610901612843
2019-11-22T00:00:00+00:00,2019-11-25T14:20:54.984242516+00:00,2019-11-25T14:20:54.984242516+00:00,NGZ9@2019-11-26,-0.0067455074954939,0.0194347483527628
2019-11-25T00:00:00+00:00,2019-11-26T15:17:48.631067710+00:00,2019-11-26T15:17:48.631067710+00:00,NGZ9@2019-11-26,0.0045272017282151,0.0266214211781819
2019-11-26T00:00:00+00:00,2019-11-27T14:18:58.014156304+00:00,2019-11-27T14:18:58.014156304+00:00,NGF0@2019-12-27,0.0343983634005229,0.0298396253340897
2019-11-27T00:00:00+00:00,2019-11-29T14:20:06.304576192+00:00,2019-11-29T14:20:06.304576192+00:00,NGF0@2019-12-27,0.0466312836549562,0.0320903762786804
2019-11-29T00:00:00+00:00,2019-12-02T14:20:16.809203622+00:00,2019-12-02T14:20:16.809203622+00:00,NGF0@2019-12-27,0.0441325724099137,0.032562432328293
2019-12-02T00:00:00+00:00,2019-12-03T14:19:27.093840216+00:00,2019-12-03T14:19:27.093840216+00:00,NGF0@2019-12-27,0.0201215540763157,0.0324532808855061
2019-12-03T00:00:00+00:00,2019-12-04T14:34:07.889220367+00:00,2019-12-04T14:34:07.889220367+00:00,NGF0@2019-12-27,0.0171612087580996,0.0512276286744507
2019-12-04T00:00:00+00:00,2019-12-05T14:49:46.899265834+00:00,2019-12-05T14:49:46.899265834+00:00,NGF0@2019-12-27,0.0132748009903973,0.0414544237467278
2019-12-05T00:00:00+00:00,2019-12-06T14:20:20.660150349+00:00,2019-12-06T14:20:20.660150349+00:00,NGF0@2019-12-27,0.0221536494483631,0.0345224191334622
2019-12-06T00:00:00+00:00,2019-12-09T14:21:09.730342312+00:00,2019-12-09T14:21:09.730342312+00:00,NGF0@2019-12-27,0.0428735043140167,0.0430550473801633
2019-12-09T00:00:00+00:00,2019-12-10T14:19:49.016475359+00:00,2019-12-10T14:19:49.016475359+00:00,NGF0@2019-12-27,0.044664927405188,0.0340486614965733
2019-12-10T00:00:00+00:00,2019-12-11T14:19:58.341000919+00:00,2019-12-11T14:19:58.341000919+00:00,NGF0@2019-12-27,0.0338418562333662,0.0352097605610941
2019-12-11T00:00:00+00:00,2019-12-12T14:20:45.602554852+00:00,2019-12-12T14:20:45.602554852+00:00,NGF0@2019-12-27,0.0425915930895905,0.0385020193250844
2019-12-12T00:00:00+00:00,2019-12-13T14:40:53.081151315+00:00,2019-12-13T14:40:53.081151315+00:00,NGF0@2019-12-27,0.0478306144232809,0.0457567122423787
2019-12-13T00:00:00+00:00,2019-12-16T14:21:16.906625263+00:00,2019-12-16T14:21:16.906625263+00:00,NGF0@2019-12-27,0.0395849944711197,0.0406198290761642
2019-12-16T00:00:00+00:00,2019-12-17T14:37:50.200264223+00:00,2019-12-17T14:37:50.200264223+00:00,NGF0@2019-12-27,0.0187718130293346,0.0302901073377959
2019-12-17T00:00:00+00:00,2019-12-18T14:20:21.986451413+00:00,2019-12-18T14:20:21.986451413+00:00,NGF0@2019-12-27,0.0287284235005538,0.0316999165997435
2019-12-18T00:00:00+00:00,2019-12-19T14:20:38.253398459+00:00,2019-12-19T14:20:38.253398459+00:00,NGF0@2019-12-27,0.0333299115137144,0.0422549717275006
2019-12-19T00:00:00+00:00,2019-12-20T14:20:03.789203096+00:00,2019-12-20T14:20:03.789203096+00:00,NGF0@2019-12-27,0.0482294323358694,0.03931211025228
2019-12-20T00:00:00+00:00,2019-12-23T14:20:31.368627917+00:00,2019-12-23T14:20:31.368627917+00:00,NGF0@2019-12-27,0.0374006973207636,0.0372208357369147
2019-12-23T00:00:00+00:00,2019-12-24T14:20:47.495834905+00:00,2019-12-24T14:20:47.495834905+00:00,NGF0@2019-12-27,0.0714845674594097,0.0514883891583351
2019-12-24T00:00:00+00:00,2019-12-26T14:19:37.458765770+00:00,2019-12-26T14:19:37.458765770+00:00,NGF0@2019-12-27,0.0889195762421088,0.0679821690669914
2019-12-26T00:00:00+00:00,2019-12-27T14:19:51.607045308+00:00,2019-12-27T14:19:51.607045308+00:00,NGF0@2019-12-27,0.0362101382896546,0.0650768634963468
2019-12-27T00:00:00+00:00,2019-12-30T14:19:44.358505892+00:00,2019-12-30T14:19:44.358505892+00:00,NGG0@2020-01-29,0.0261032257419917,0.0430508551990534
2019-12-30T00:00:00+00:00,2019-12-31T14:19:30.145524761+00:00,2019-12-31T14:19:30.145524761+00:00,NGG0@2020-01-29,0.0458514596944303,0.0557418073864556
2019-12-31T00:00:00+00:00,2020-01-02T14:19:44.887478102+00:00,2020-01-02T14:19:44.887478102+00:00,NGG0@2020-01-29,0.0716564547180091,0.0473954947345365
2020-01-02T00:00:00+00:00,2020-01-03T14:19:44.531526944+00:00,2020-01-03T14:19:44.531526944+00:00,NGG0@2020-01-29,0.0563904726052586,0.039815008500569
2020-01-03T00:00:00+00:00,2020-01-06T14:20:31.511961452+00:00,2020-01-06T14:20:31.511961452+00:00,NGG0@2020-01-29,0.0869306782674654,0.0462696703402863
2020-01-06T00:00:00+00:00,2020-01-07T14:19:41.670222858+00:00,2020-01-07T14:19:41.670222858+00:00,NGG0@2020-01-29,0.0515415441474966,0.0426342915890663
2020-01-07T00:00:00+00:00,2020-01-08T14:37:42.026126547+00:00,2020-01-08T14:37:42.026126547+00:00,NGG0@2020-01-29,0.0487732636534707,0.0535457730015914
2020-01-08T00:00:00+00:00,2020-01-09T14:20:52.244347618+00:00,2020-01-09T14:20:52.244347618+00:00,NGG0@2020-01-29,0.0503007751606456,0.0418425159498599
2020-01-09T00:00:00+00:00,2020-01-10T14:52:03.715410558+00:00,2020-01-10T14:52:03.715410558+00:00,NGG0@2020-01-29,0.0482298480286602,0.0482376042275327
2020-01-10T00:00:00+00:00,2020-01-13T14:46:45.683298906+00:00,2020-01-13T14:46:45.683298906+00:00,NGG0@2020-01-29,0.047044627851202,0.0405548166569725
2020-01-13T00:00:00+00:00,2020-01-14T14:34:30.550862255+00:00,2020-01-14T14:34:30.550862255+00:00,NGG0@2020-01-29,0.0482331507278936,0.0385865603151142
2020-01-14T00:00:00+00:00,2020-01-15T14:30:50.421086206+00:00,2020-01-15T14:30:50.421086206+00:00,NGG0@2020-01-29,0.0679852275377224,0.0553164914018608
2020-01-15T00:00:00+00:00,2020-01-16T14:20:59.621442906+00:00,2020-01-16T14:20:59.621442906+00:00,NGG0@2020-01-29,0.073956824734374,0.0336651726090807
2020-01-16T00:00:00+00:00,2020-01-17T14:19:36.142011605+00:00,2020-01-17T14:19:36.142011605+00:00,NGG0@2020-01-29,0.1143581630531291,0.045472253610089
2020-01-17T00:00:00+00:00,2020-01-21T14:54:38.323079506+00:00,2020-01-21T14:54:38.323079506+00:00,NGG0@2020-01-29,0.1129636378866758,0.0444940489884679
2020-01-21T00:00:00+00:00,2020-01-22T14:19:50.976345052+00:00,2020-01-22T14:19:50.976345052+00:00,NGG0@2020-01-29,0.0621463126917338,0.046796828555016
2020-01-22T00:00:00+00:00,2020-01-23T14:20:34.263473396+00:00,2020-01-23T14:20:34.263473396+00:00,NGG0@2020-01-29,0.10876839753549,0.0804024726664914
2020-01-23T00:00:00+00:00,2020-01-24T14:19:58.624836896+00:00,2020-01-24T14:19:58.624836896+00:00,NGG0@2020-01-29,0.0478952261420146,0.0467112480764963
2020-01-24T00:00:00+00:00,2020-01-27T14:20:50.566537298+00:00,2020-01-27T14:20:50.566537298+00:00,NGG0@2020-01-29,0.0979276699579914,0.0801107916321254
2020-01-27T00:00:00+00:00,2020-01-28T15:08:02.859143919+00:00,2020-01-28T15:08:02.859143919+00:00,NGG0@2020-01-29,0.1015990091081315,0.0808995659597128
2020-01-28T00:00:00+00:00,2020-01-29T14:19:31.582089053+00:00,2020-01-29T14:19:31.582089053+00:00,NGG0@2020-01-29,0.0767874016771652,0.0877068156287783
2020-01-29T00:00:00+00:00,2020-01-30T14:20:00.430514681+00:00,2020-01-30T14:20:00.430514681+00:00,NGH0@2020-02-26,0.0892820840442731,0.050609894671803
2020-01-30T00:00:00+00:00,2020-01-31T14:20:14.253311039+00:00,2020-01-31T14:20:14.253311039+00:00,NGH0@2020-02-26,0.1817613802238205,0.0870176891899317
2020-01-31T00:00:00+00:00,2020-02-03T14:20:50.525809953+00:00,2020-02-03T14:20:50.525809953+00:00,NGH0@2020-02-26,0.130994480068892,0.0438212830931093
2020-02-03T00:00:00+00:00,2020-02-04T14:19:25.418081286+00:00,2020-02-04T14:19:25.418081286+00:00,NGH0@2020-02-26,0.1232148238777006,0.0623098287900462
2020-02-04T00:00:00+00:00,2020-02-05T14:19:32.355657148+00:00,2020-02-05T14:19:32.355657148+00:00,NGH0@2020-02-26,0.1037222053726789,0.0507062645019401
2020-02-05T00:00:00+00:00,2020-02-06T14:28:24.946236313+00:00,2020-02-06T14:28:24.946236313+00:00,NGH0@2020-02-26,0.094613774617513,0.0499913533528645
2020-02-06T00:00:00+00:00,2020-02-07T14:20:25.837298646+00:00,2020-02-07T14:20:25.837298646+00:00,NGH0@2020-02-26,0.1190541925277302,0.0625410181953307
2020-02-07T00:00:00+00:00,2020-02-10T14:20:53.090883699+00:00,2020-02-10T14:20:53.090883699+00:00,NGH0@2020-02-26,0.114784189172693,0.0605465914752032
2020-02-10T00:00:00+00:00,2020-02-11T14:37:28.667502350+00:00,2020-02-11T14:37:28.667502350+00:00,NGH0@2020-02-26,0.1146633036375852,0.0462810243264663
2020-02-11T00:00:00+00:00,2020-02-12T14:19:09.361788265+00:00,2020-02-12T14:19:09.361788265+00:00,NGH0@2020-02-26,0.085139064321539,0.0458882752399402
2020-02-12T00:00:00+00:00,2020-02-13T14:19:36.192998667+00:00,2020-02-13T14:19:36.192998667+00:00,NGH0@2020-02-26,0.0845255207371067,0.0502386608639278
2020-02-13T00:00:00+00:00,2020-02-14T14:20:08.662635434+00:00,2020-02-14T14:20:08.662635434+00:00,NGH0@2020-02-26,0.1114316443874412,0.0549027691148731
2020-02-14T00:00:00+00:00,2020-02-18T14:46:10.493396370+00:00,2020-02-18T14:46:10.493396370+00:00,NGH0@2020-02-26,0.0905078939489416,0.0494148280169512
2020-02-18T00:00:00+00:00,2020-02-19T14:19:14.257939165+00:00,2020-02-19T14:19:14.257939165+00:00,NGH0@2020-02-26,0.0383700015403076,0.0329215210224688
2020-02-19T00:00:00+00:00,2020-02-20T14:31:40.689534600+00:00,2020-02-20T14:31:40.689534600+00:00,NGH0@2020-02-26,0.0480725431563593,0.0362046802316913
2020-02-20T00:00:00+00:00,2020-02-21T14:19:53.605444968+00:00,2020-02-21T14:19:53.605444968+00:00,NGH0@2020-02-26,0.0859262002972207,0.0603981533020245
2020-02-21T00:00:00+00:00,2020-02-24T14:20:08.707968229+00:00,2020-02-24T14:20:08.707968229+00:00,NGH0@2020-02-26,0.0534961476280957,0.0584045462193043
2020-02-24T00:00:00+00:00,2020-02-25T14:44:44.819622851+00:00,2020-02-25T14:44:44.819622851+00:00,NGH0@2020-02-26,0.0292539756882475,0.0471400335398775
2020-02-25T00:00:00+00:00,2020-02-26T14:59:55.744317658+00:00,2020-02-26T14:59:55.744317658+00:00,NGH0@2020-02-26,0.0774521969844332,0.0620650728220539
2020-02-26T00:00:00+00:00,2020-02-27T14:44:29.014888584+00:00,2020-02-27T14:44:29.014888584+00:00,NGJ0@2020-03-27,0.1053833927219911,0.0576110357998351
2020-02-28T00:00:00+00:00,2020-03-02T15:11:52.095969896+00:00,2020-03-02T15:11:52.095969896+00:00,NGJ0@2020-03-27,0.1637580878309892,0.1394374450468302
2020-03-02T00:00:00+00:00,2020-03-03T15:22:28.085107095+00:00,2020-03-03T15:22:28.085107095+00:00,NGJ0@2020-03-27,0.0199233671186203,0.0439083965950915
2020-03-03T00:00:00+00:00,2020-03-04T15:32:29.838199624+00:00,2020-03-04T15:32:29.838199624+00:00,NGJ0@2020-03-27,0.0575300557235118,0.048421113249872
2020-03-04T00:00:00+00:00,2020-03-05T14:19:53.399899892+00:00,2020-03-05T14:19:53.399899892+00:00,NGJ0@2020-03-27,0.0499400033467998,0.0718026039194139
2020-03-05T00:00:00+00:00,2020-03-06T15:03:31.633299010+00:00,2020-03-06T15:03:31.633299010+00:00,NGJ0@2020-03-27,0.1159738130002117,0.0593306998017827
2020-03-06T00:00:00+00:00,2020-03-09T13:53:54.108500661+00:00,2020-03-09T13:53:54.108500661+00:00,NGJ0@2020-03-27,0.0961275580024387,0.0586878833296944
2020-03-09T00:00:00+00:00,2020-03-10T14:14:14.349066376+00:00,2020-03-10T14:14:14.349066376+00:00,NGJ0@2020-03-27,0.0619163513183593,0.0494586974053456
2020-03-10T00:00:00+00:00,2020-03-11T14:04:28.664700962+00:00,2020-03-11T14:04:28.664700962+00:00,NGJ0@2020-03-27,0.0286472806705111,0.0851644396414369
2020-03-11T00:00:00+00:00,2020-03-12T14:04:04.580988273+00:00,2020-03-12T14:04:04.580988273+00:00,NGJ0@2020-03-27,0.0537194543060677,0.0426069037408385
2020-03-12T00:00:00+00:00,2020-03-13T14:21:14.183937455+00:00,2020-03-13T14:21:14.183937455+00:00,NGJ0@2020-03-27,0.05534847468546,0.0502962608859963
2020-03-13T00:00:00+00:00,2020-03-16T14:30:40.146613299+00:00,2020-03-16T14:30:40.146613299+00:00,NGJ0@2020-03-27,0.0373253677984026,0.0481589069660205
2020-03-16T00:00:00+00:00,2020-03-17T14:22:05.309649293+00:00,2020-03-17T14:22:05.309649293+00:00,NGJ0@2020-03-27,0.0292744821561148,0.0390329805023125
2020-03-17T00:00:00+00:00,2020-03-18T14:29:00.412214755+00:00,2020-03-18T14:29:00.412214755+00:00,NGJ0@2020-03-27,0.0661299224487874,0.0659139584129418
2020-03-18T00:00:00+00:00,2020-03-19T15:05:05.854363460+00:00,2020-03-19T15:05:05.854363460+00:00,NGJ0@2020-03-27,0.0725540485566811,0.0540885451919518
2020-03-19T00:00:00+00:00,2020-03-20T14:17:21.126050465+00:00,2020-03-20T14:17:21.126050465+00:00,NGJ0@2020-03-27,0.1028311256974003,0.0868264838952778
2020-03-20T00:00:00+00:00,2020-03-23T14:24:11.286566949+00:00,2020-03-23T14:24:11.286566949+00:00,NGJ0@2020-03-27,0.0807512678824879,0.0633794292287881
2020-03-23T00:00:00+00:00,2020-03-24T14:20:41.462690471+00:00,2020-03-24T14:20:41.462690471+00:00,NGJ0@2020-03-27,0.0869813291993859,0.0705159319144851
2020-03-24T00:00:00+00:00,2020-03-25T13:52:00.351351435+00:00,2020-03-25T13:52:00.351351435+00:00,NGJ0@2020-03-27,0.0615562325093284,0.0597358817484841
2020-03-25T00:00:00+00:00,2020-03-26T13:20:07.818681426+00:00,2020-03-26T13:20:07.818681426+00:00,NGJ0@2020-03-27,0.0762206063820765,0.0709476522528208
2020-03-26T00:00:00+00:00,2020-03-27T13:20:41.033713087+00:00,2020-03-27T13:20:41.033713087+00:00,NGK0@2020-04-28,0.1244298009889275,0.0672350216080259
2020-03-27T00:00:00+00:00,2020-03-30T13:49:37.966111120+00:00,2020-03-30T13:49:37.966111120+00:00,NGK0@2020-04-28,0.1156850263985278,0.0559014428369009
2020-03-30T00:00:00+00:00,2020-03-31T13:58:07.799917569+00:00,2020-03-31T13:58:07.799917569+00:00,NGK0@2020-04-28,0.0513897290154019,0.050307302491815
2020-03-31T00:00:00+00:00,2020-04-01T13:36:58.180297543+00:00,2020-04-01T13:36:58.180297543+00:00,NGK0@2020-04-28,0.0795529644875325,0.0553976195447006
2020-04-01T00:00:00+00:00,2020-04-02T13:19:20.724563975+00:00,2020-04-02T13:19:20.724563975+00:00,NGK0@2020-04-28,0.1549467403882696,0.0707049213668861
2020-04-02T00:00:00+00:00,2020-04-03T13:21:06.069566099+00:00,2020-04-03T13:21:06.069566099+00:00,NGK0@2020-04-28,0.1700229767041328,0.0758508077034583
2020-04-03T00:00:00+00:00,2020-04-06T13:19:54.561985068+00:00,2020-04-06T13:19:54.561985068+00:00,NGK0@2020-04-28,0.0902944855692875,0.0652911218984648
2020-04-06T00:00:00+00:00,2020-04-07T13:19:32.554077454+00:00,2020-04-07T13:19:32.554077454+00:00,NGK0@2020-04-28,0.0141406567568707,0.0425592627958328
2020-04-07T00:00:00+00:00,2020-04-08T13:36:25.724239328+00:00,2020-04-08T13:36:25.724239328+00:00,NGK0@2020-04-28,0.0061929539098577,0.0481716657088974
2020-04-08T00:00:00+00:00,2020-04-09T13:18:49.244450722+00:00,2020-04-09T13:18:49.244450722+00:00,NGK0@2020-04-28,0.0408078821486874,0.0466708017178356
2020-04-09T00:00:00+00:00,2020-04-13T13:19:23.183256946+00:00,2020-04-13T13:19:23.183256946+00:00,NGK0@2020-04-28,0.0502558257025405,0.0614011820239299
2020-04-13T00:00:00+00:00,2020-04-14T13:19:57.157256877+00:00,2020-04-14T13:19:57.157256877+00:00,NGK0@2020-04-28,0.0323399353467332,0.0479873076442203
2020-04-14T00:00:00+00:00,2020-04-15T13:19:11.444478451+00:00,2020-04-15T13:19:11.444478451+00:00,NGK0@2020-04-28,0.0891042303630951,0.0557658287598626
2020-04-15T00:00:00+00:00,2020-04-16T13:19:10.196743172+00:00,2020-04-16T13:19:10.196743172+00:00,NGK0@2020-04-28,0.1324251044715851,0.0608773659514416
2020-04-16T00:00:00+00:00,2020-04-17T13:19:19.582419310+00:00,2020-04-17T13:19:19.582419310+00:00,NGK0@2020-04-28,0.0632470807182454,0.063296720803341
2020-04-17T00:00:00+00:00,2020-04-20T13:38:06.702937300+00:00,2020-04-20T13:38:06.702937300+00:00,NGK0@2020-04-28,0.0327898414126861,0.0512804265190063
2020-04-20T00:00:00+00:00,2020-04-21T13:18:51.714854242+00:00,2020-04-21T13:18:51.714854242+00:00,NGK0@2020-04-28,-0.0388928744636597,0.0369579332773802
2020-04-21T00:00:00+00:00,2020-04-22T13:18:52.149867839+00:00,2020-04-22T13:18:52.149867839+00:00,NGK0@2020-04-28,0.0137739233489906,0.0491452801779765
2020-04-22T00:00:00+00:00,2020-04-23T13:19:08.706856942+00:00,2020-04-23T13:19:08.706856942+00:00,NGK0@2020-04-28,0.0094239738826535,0.0452814456479099
2020-04-23T00:00:00+00:00,2020-04-24T13:38:13.974642081+00:00,2020-04-24T13:38:13.974642081+00:00,NGK0@2020-04-28,0.0476075298980764,0.051535612209051
2020-04-24T00:00:00+00:00,2020-04-27T13:43:10.809698685+00:00,2020-04-27T13:43:10.809698685+00:00,NGK0@2020-04-28,0.042369652909842,0.0539588649370516
2020-04-27T00:00:00+00:00,2020-04-28T13:31:58.923658238+00:00,2020-04-28T13:31:58.923658238+00:00,NGK0@2020-04-28,-0.0108891604418424,0.0596744491454751
2020-04-28T00:00:00+00:00,2020-04-29T13:36:13.153768884+00:00,2020-04-29T13:36:13.153768884+00:00,NGM0@2020-05-27,0.0083624626011296,0.0535061195904547
2020-04-29T00:00:00+00:00,2020-04-30T13:42:29.054639297+00:00,2020-04-30T13:42:29.054639297+00:00,NGM0@2020-05-27,0.0618520736694336,0.0534845352172851
2020-04-30T00:00:00+00:00,2020-05-01T13:18:42.105046415+00:00,2020-05-01T13:18:42.105046415+00:00,NGM0@2020-05-27,0.0200455192443815,0.0546472738499363
2020-05-01T00:00:00+00:00,2020-05-04T13:19:55.088507460+00:00,2020-05-04T13:19:55.088507460+00:00,NGM0@2020-05-27,0.0469790219500518,0.054694387535233
2020-05-04T00:00:00+00:00,2020-05-05T13:19:13.373557479+00:00,2020-05-05T13:19:13.373557479+00:00,NGM0@2020-05-27,-0.0158927093431787,0.0385079569029576
2020-05-05T00:00:00+00:00,2020-05-06T13:19:18.427966532+00:00,2020-05-06T13:19:18.427966532+00:00,NGM0@2020-05-27,-0.0044927597045898,0.0374041284833635
2020-05-06T00:00:00+00:00,2020-05-07T13:18:43.673721733+00:00,2020-05-07T13:18:43.673721733+00:00,NGM0@2020-05-27,0.0291497239351028,0.048284050372007
2020-05-07T00:00:00+00:00,2020-05-08T13:19:14.411897409+00:00,2020-05-08T13:19:14.411897409+00:00,NGM0@2020-05-27,0.0437824854206527,0.0502792073838338
2020-05-08T00:00:00+00:00,2020-05-11T13:19:31.208923289+00:00,2020-05-11T13:19:31.208923289+00:00,NGM0@2020-05-27,0.053726117904872,0.0594670805212569
2020-05-11T00:00:00+00:00,2020-05-12T13:18:55.274954831+00:00,2020-05-12T13:18:55.274954831+00:00,NGM0@2020-05-27,0.0202266011099923,0.0447876274813844
2020-05-12T00:00:00+00:00,2020-05-13T13:32:55.997622143+00:00,2020-05-13T13:32:55.997622143+00:00,NGM0@2020-05-27,0.0467629034846985,0.0740441676452493
2020-05-13T00:00:00+00:00,2020-05-14T13:19:17.775480649+00:00,2020-05-14T13:19:17.775480649+00:00,NGM0@2020-05-27,0.1328348555742999,0.0778811881677986
2020-05-14T00:00:00+00:00,2020-05-15T13:25:53.543051861+00:00,2020-05-15T13:25:53.543051861+00:00,NGM0@2020-05-27,0.0612427977706855,0.0610138839209458
2020-05-15T00:00:00+00:00,2020-05-18T14:17:21.326337619+00:00,2020-05-18T14:17:21.326337619+00:00,NGM0@2020-05-27,0.0972699209646958,0.0749033645779113
2020-05-18T00:00:00+00:00,2020-05-19T13:36:45.871972185+00:00,2020-05-19T13:36:45.871972185+00:00,NGM0@2020-05-27,0.0082123659116803,0.0484446773614584
2020-05-19T00:00:00+00:00,2020-05-20T13:19:04.131644462+00:00,2020-05-20T13:19:04.131644462+00:00,NGM0@2020-05-27,0.0131827019753365,0.0546419843457581
2020-05-20T00:00:00+00:00,2020-05-21T13:18:46.585487573+00:00,2020-05-21T13:18:46.585487573+00:00,NGM0@2020-05-27,0.0521867180948203,0.057616813034661
2020-05-21T00:00:00+00:00,2020-05-22T13:18:45.230646206+00:00,2020-05-22T13:18:45.230646206+00:00,NGM0@2020-05-27,0.0371678097303522,0.0712025997250579
2020-05-22T00:00:00+00:00,2020-05-26T13:18:49.682132507+00:00,2020-05-26T13:18:49.682132507+00:00,NGM0@2020-05-27,0.0254306574605596,0.0619263225435185
2020-05-26T00:00:00+00:00,2020-05-27T13:54:42.051831648+00:00,2020-05-27T13:54:42.051831648+00:00,NGM0@2020-05-27,0.0002120675600822,0.0466981942527607
2020-05-27T00:00:00+00:00,2020-05-28T13:32:20.804097848+00:00,2020-05-28T13:32:20.804097848+00:00,NGN0@2020-06-26,0.0557524923585417,0.0563607766078068
2020-05-28T00:00:00+00:00,2020-05-29T13:19:04.907267844+00:00,2020-05-29T13:19:04.907267844+00:00,NGN0@2020-06-26,0.0727694777191663,0.0738203199834771
2020-05-29T00:00:00+00:00,2020-06-01T13:20:35.788118721+00:00,2020-06-01T13:20:35.788118721+00:00,NGN0@2020-06-26,0.0343846419583195,0.0691373711046965
2020-06-01T00:00:00+00:00,2020-06-02T13:20:33.039169905+00:00,2020-06-02T13:20:33.039169905+00:00,NGN0@2020-06-26,0.0499377210601037,0.0489061286135548
2020-06-02T00:00:00+00:00,2020-06-03T13:36:29.831887469+00:00,2020-06-03T13:36:29.831887469+00:00,NGN0@2020-06-26,0.0485461377722071,0.0551264519364278
2020-06-03T00:00:00+00:00,2020-06-04T13:36:36.427861418+00:00,2020-06-04T13:36:36.427861418+00:00,NGN0@2020-06-26,0.0453812753406688,0.0521966857616395
2020-06-04T00:00:00+00:00,2020-06-05T13:36:48.864786755+00:00,2020-06-05T13:36:48.864786755+00:00,NGN0@2020-06-26,0.0638444831496789,0.056313122050804
2020-06-05T00:00:00+00:00,2020-06-08T13:23:54.118078718+00:00,2020-06-08T13:23:54.118078718+00:00,NGN0@2020-06-26,0.0445447762807209,0.0466015603807237
2020-06-08T00:00:00+00:00,2020-06-09T13:52:00.416141069+00:00,2020-06-09T13:52:00.416141069+00:00,NGN0@2020-06-26,0.0219318751196504,0.0456131764970687
2020-06-09T00:00:00+00:00,2020-06-10T13:19:37.769163460+00:00,2020-06-10T13:19:37.769163460+00:00,NGN0@2020-06-26,0.0544195642388862,0.0550494070355418
2020-06-10T00:00:00+00:00,2020-06-11T13:19:24.173369932+00:00,2020-06-11T13:19:24.173369932+00:00,NGN0@2020-06-26,0.0293098862221674,0.0441338837877696
2020-06-11T00:00:00+00:00,2020-06-12T13:54:29.783246364+00:00,2020-06-12T13:54:29.783246364+00:00,NGN0@2020-06-26,0.0328038288593031,0.0690713844656222
2020-06-12T00:00:00+00:00,2020-06-15T13:33:55.398840243+00:00,2020-06-15T13:33:55.398840243+00:00,NGN0@2020-06-26,0.0825041713550642,0.060591315130108
2020-06-15T00:00:00+00:00,2020-06-16T13:30:44.462232842+00:00,2020-06-16T13:30:44.462232842+00:00,NGN0@2020-06-26,0.0373420646640003,0.062101385315784
2020-06-16T00:00:00+00:00,2020-06-17T13:22:47.399085017+00:00,2020-06-17T13:22:47.399085017+00:00,NGN0@2020-06-26,0.0456509717266084,0.0637037297323928
2020-06-17T00:00:00+00:00,2020-06-18T13:19:28.666195983+00:00,2020-06-18T13:19:28.666195983+00:00,NGN0@2020-06-26,0.0805238243992343,0.059669734510176
2020-06-18T00:00:00+00:00,2020-06-19T13:25:46.538021637+00:00,2020-06-19T13:25:46.538021637+00:00,NGN0@2020-06-26,0.0686332383775507,0.086971359183106
2020-06-19T00:00:00+00:00,2020-06-22T13:20:31.859255072+00:00,2020-06-22T13:20:31.859255072+00:00,NGN0@2020-06-26,0.0908754895345198,0.0580010368383759
2020-06-22T00:00:00+00:00,2020-06-23T13:26:46.964416628+00:00,2020-06-23T13:26:46.964416628+00:00,NGN0@2020-06-26,0.047327106701579,0.0621990305214112
2020-06-23T00:00:00+00:00,2020-06-24T13:37:18.630794169+00:00,2020-06-24T13:37:18.630794169+00:00,NGN0@2020-06-26,0.0718640624634239,0.0654579161425346
2020-06-24T00:00:00+00:00,2020-06-25T13:23:46.850496450+00:00,2020-06-25T13:23:46.850496450+00:00,NGN0@2020-06-26,0.0424962109906075,0.0646517225652745
2020-06-25T00:00:00+00:00,2020-06-26T13:22:06.933005422+00:00,2020-06-26T13:22:06.933005422+00:00,NGQ0@2020-07-29,0.2147152882654994,0.1019366177871813
2020-06-26T00:00:00+00:00,2020-06-29T13:20:45.162512627+00:00,2020-06-29T13:20:45.162512627+00:00,NGQ0@2020-07-29,0.2023928707576228,0.1199407170909319
2020-06-29T00:00:00+00:00,2020-06-30T13:36:41.398238430+00:00,2020-06-30T13:36:41.398238430+00:00,NGQ0@2020-07-29,0.0376057146868227,0.0567663382816981
2020-07-01T00:00:00+00:00,2020-07-02T13:28:21.661589324+00:00,2020-07-02T13:28:21.661589324+00:00,NGQ0@2020-07-29,0.0702328030559735,0.0755824963768722
2020-07-02T00:00:00+00:00,2020-07-06T13:33:15.444047649+00:00,2020-07-06T13:33:15.444047649+00:00,NGQ0@2020-07-29,0.0511891757480225,0.0704970390244548
2020-07-06T00:00:00+00:00,2020-07-07T13:25:16.743158923+00:00,2020-07-07T13:25:16.743158923+00:00,NGQ0@2020-07-29,-0.0247930835619895,0.0567670686559712
2020-07-07T00:00:00+00:00,2020-07-08T13:27:47.129566582+00:00,2020-07-08T13:27:47.129566582+00:00,NGQ0@2020-07-29,-0.0030659781223414,0.0531267180356481
2020-07-08T00:00:00+00:00,2020-07-09T13:20:40.072070557+00:00,2020-07-09T13:20:40.072070557+00:00,NGQ0@2020-07-29,0.0264817160641859,0.0634199941706083
2020-07-09T00:00:00+00:00,2020-07-10T13:20:51.393335131+00:00,2020-07-10T13:20:51.393335131+00:00,NGQ0@2020-07-29,0.0478654249901193,0.0558367224552171
2020-07-10T00:00:00+00:00,2020-07-13T13:21:42.654443846+00:00,2020-07-13T13:21:42.654443846+00:00,NGQ0@2020-07-29,0.020297563751036,0.0535816593180651
2020-07-13T00:00:00+00:00,2020-07-14T13:19:55.469222263+00:00,2020-07-14T13:19:55.469222263+00:00,NGQ0@2020-07-29,0.0527907176136761,0.0445637257377283
2020-07-14T00:00:00+00:00,2020-07-15T13:52:41.034896503+00:00,2020-07-15T13:52:41.034896503+00:00,NGQ0@2020-07-29,0.0390332679509164,0.0458448462260497
2020-07-15T00:00:00+00:00,2020-07-16T13:21:22.944117687+00:00,2020-07-16T13:21:22.944117687+00:00,NGQ0@2020-07-29,0.0077531500599552,0.0532357583254208
2020-07-16T00:00:00+00:00,2020-07-17T13:48:18.962294370+00:00,2020-07-17T13:48:18.962294370+00:00,NGQ0@2020-07-29,0.044073979382728,0.0630746521509738
2020-07-17T00:00:00+00:00,2020-07-20T13:29:07.837565439+00:00,2020-07-20T13:29:07.837565439+00:00,NGQ0@2020-07-29,0.0356236063490165,0.0536049565961284
2020-07-20T00:00:00+00:00,2020-07-21T13:21:17.595014423+00:00,2020-07-21T13:21:17.595014423+00:00,NGQ0@2020-07-29,0.0104452253618454,0.0481253764668449
2020-07-21T00:00:00+00:00,2020-07-22T13:45:32.583723559+00:00,2020-07-22T13:45:32.583723559+00:00,NGQ0@2020-07-29,0.0445062820617858,0.0624260744891009
2020-07-22T00:00:00+00:00,2020-07-23T13:25:58.418550445+00:00,2020-07-23T13:25:58.418550445+00:00,NGQ0@2020-07-29,0.0203750175837229,0.0792119629989714
2020-07-23T00:00:00+00:00,2020-07-24T13:20:11.775569639+00:00,2020-07-24T13:20:11.775569639+00:00,NGQ0@2020-07-29,-0.0005713500333636,0.0666866811473717
2020-07-24T00:00:00+00:00,2020-07-27T13:49:08.358026350+00:00,2020-07-27T13:49:08.358026350+00:00,NGQ0@2020-07-29,0.0007938147920163,0.0753590760289493
2020-07-27T00:00:00+00:00,2020-07-28T13:20:15.195406549+00:00,2020-07-28T13:20:15.195406549+00:00,NGQ0@2020-07-29,0.0237034726597407,0.0415574188937623
2020-07-28T00:00:00+00:00,2020-07-29T14:00:33.983652350+00:00,2020-07-29T14:00:33.983652350+00:00,NGQ0@2020-07-29,-0.0010717629189604,0.0906988554538061
2020-07-29T00:00:00+00:00,2020-07-30T13:23:50.424521050+00:00,2020-07-30T13:23:50.424521050+00:00,NGU0@2020-08-27,0.0047306798285902,0.0456857333399468
2020-07-30T00:00:00+00:00,2020-07-31T13:32:29.011791313+00:00,2020-07-31T13:32:29.011791313+00:00,NGU0@2020-08-27,0.0179926063310162,0.0493962590287371
2020-07-31T00:00:00+00:00,2020-08-03T13:31:07.554931426+00:00,2020-08-03T13:31:07.554931426+00:00,NGU0@2020-08-27,0.0331941333636311,0.0531618946974498
2020-08-03T00:00:00+00:00,2020-08-04T13:23:57.278557336+00:00,2020-08-04T13:23:57.278557336+00:00,NGU0@2020-08-27,-0.0654021766017609,0.060837996000444
2020-08-04T00:00:00+00:00,2020-08-05T14:02:16.745483287+00:00,2020-08-05T14:02:16.745483287+00:00,NGU0@2020-08-27,-0.0265431782694899,0.0470864110826734
2020-08-05T00:00:00+00:00,2020-08-06T13:21:18.493000512+00:00,2020-08-06T13:21:18.493000512+00:00,NGU0@2020-08-27,-0.0315571682640192,0.0467009110102468
2020-08-06T00:00:00+00:00,2020-08-07T13:34:26.958621753+00:00,2020-08-07T13:34:26.958621753+00:00,NGU0@2020-08-27,-0.0138280264580752,0.0356824297456206
2020-08-07T00:00:00+00:00,2020-08-10T13:21:49.778209515+00:00,2020-08-10T13:21:49.778209515+00:00,NGU0@2020-08-27,-0.0533130924876142,0.0326010710384259
2020-08-10T00:00:00+00:00,2020-08-11T13:22:40.875965785+00:00,2020-08-11T13:22:40.875965785+00:00,NGU0@2020-08-27,-0.0249325923884291,0.0356091860273994
2020-08-11T00:00:00+00:00,2020-08-12T13:21:15.736808513+00:00,2020-08-12T13:21:15.736808513+00:00,NGU0@2020-08-27,-0.0091983592237648,0.028472607568553
2020-08-12T00:00:00+00:00,2020-08-13T13:23:34.392630588+00:00,2020-08-13T13:23:34.392630588+00:00,NGU0@2020-08-27,-0.0198720585216175,0.0318746619852664
2020-08-13T00:00:00+00:00,2020-08-14T13:40:40.736156190+00:00,2020-08-14T13:40:40.736156190+00:00,NGU0@2020-08-27,-0.0104500941853485,0.0760556362504306
2020-08-14T00:00:00+00:00,2020-08-17T13:27:00.783697747+00:00,2020-08-17T13:27:00.783697747+00:00,NGU0@2020-08-27,-0.0323362574140146,0.0358269412888646
2020-08-17T00:00:00+00:00,2020-08-18T13:20:37.770639266+00:00,2020-08-18T13:20:37.770639266+00:00,NGU0@2020-08-27,-0.0311832582452616,0.0255647522714131
2020-08-18T00:00:00+00:00,2020-08-19T13:22:29.747660378+00:00,2020-08-19T13:22:29.747660378+00:00,NGU0@2020-08-27,-0.0156576957231686,0.0184001255427858
2020-08-19T00:00:00+00:00,2020-08-20T13:24:02.109685686+00:00,2020-08-20T13:24:02.109685686+00:00,NGU0@2020-08-27,-0.012378840130673,0.0318308908328358
2020-08-20T00:00:00+00:00,2020-08-21T13:26:38.890357070+00:00,2020-08-21T13:26:38.890357070+00:00,NGU0@2020-08-27,-0.0151031107842167,0.0213599909206985
2020-08-21T00:00:00+00:00,2020-08-24T13:20:17.483378803+00:00,2020-08-24T13:20:17.483378803+00:00,NGU0@2020-08-27,-0.0176267674691067,0.0388007923893535
2020-08-24T00:00:00+00:00,2020-08-25T13:30:24.619313968+00:00,2020-08-25T13:30:24.619313968+00:00,NGU0@2020-08-27,0.0102178858614514,0.0179379977643182
2020-08-25T00:00:00+00:00,2020-08-26T13:20:32.529546072+00:00,2020-08-26T13:20:32.529546072+00:00,NGU0@2020-08-27,-0.0082479292346585,0.0202731740090154
2020-08-26T00:00:00+00:00,2020-08-27T13:24:18.424932539+00:00,2020-08-27T13:24:18.424932539+00:00,NGV0@2020-09-28,-0.0144460909820424,0.0219736638916402
2020-08-27T00:00:00+00:00,2020-08-28T13:28:32.024169587+00:00,2020-08-28T13:28:32.024169587+00:00,NGV0@2020-09-28,-0.0263479976859754,0.0340692081075478
2020-08-28T00:00:00+00:00,2020-08-31T13:20:23.315943001+00:00,2020-08-31T13:20:23.315943001+00:00,NGV0@2020-09-28,-0.0362483213607224,0.0279817530869898
2020-08-31T00:00:00+00:00,2020-09-01T13:20:08.567093010+00:00,2020-09-01T13:20:08.567093010+00:00,NGV0@2020-09-28,-0.0218161815233562,0.025184269932503
2020-09-01T00:00:00+00:00,2020-09-02T13:21:45.818513434+00:00,2020-09-02T13:21:45.818513434+00:00,NGV0@2020-09-28,0.002616294572652,0.0440626921758026
2020-09-02T00:00:00+00:00,2020-09-03T13:25:38.910015715+00:00,2020-09-03T13:25:38.910015715+00:00,NGV0@2020-09-28,-0.0062368771032784,0.0284241630990691
2020-09-03T00:00:00+00:00,2020-09-04T13:55:49.042501763+00:00,2020-09-04T13:55:49.042501763+00:00,NGV0@2020-09-28,-0.0089105221837288,0.0268471640447093
2020-09-04T00:00:00+00:00,2020-09-08T13:20:23.656765142+00:00,2020-09-08T13:20:23.656765142+00:00,NGV0@2020-09-28,-0.0206064295981364,0.0173379026119354
2020-09-08T00:00:00+00:00,2020-09-09T13:19:46.428572833+00:00,2020-09-09T13:19:46.428572833+00:00,NGV0@2020-09-28,0.0136611765960668,0.0379850374674857
2020-09-09T00:00:00+00:00,2020-09-10T13:28:19.044578959+00:00,2020-09-10T13:28:19.044578959+00:00,NGV0@2020-09-28,-0.0150105504311278,0.0272396718109003
2020-09-10T00:00:00+00:00,2020-09-11T13:44:29.368134592+00:00,2020-09-11T13:44:29.368134592+00:00,NGV0@2020-09-28,-0.0036881506236778,0.0341011784893418
2020-09-11T00:00:00+00:00,2020-09-14T13:48:24.089510918+00:00,2020-09-14T13:48:24.089510918+00:00,NGV0@2020-09-28,0.0119955274793837,0.062498304578993
2020-09-14T00:00:00+00:00,2020-09-15T13:38:14.358522284+00:00,2020-09-15T13:38:14.358522284+00:00,NGV0@2020-09-28,0.0057726648902312,0.0285080797312414
2020-09-15T00:00:00+00:00,2020-09-16T13:21:28.687299418+00:00,2020-09-16T13:21:28.687299418+00:00,NGV0@2020-09-28,-0.0300552046909404,0.0366717640040942
2020-09-16T00:00:00+00:00,2020-09-17T13:19:36.144108371+00:00,2020-09-17T13:19:36.144108371+00:00,NGV0@2020-09-28,0.0074537412255211,0.0368729101873077
2020-09-17T00:00:00+00:00,2020-09-18T13:29:38.252537501+00:00,2020-09-18T13:29:38.252537501+00:00,NGV0@2020-09-28,0.0665457761740382,0.0485236735283573
2020-09-18T00:00:00+00:00,2020-09-21T20:32:56.886871501+00:00,2020-09-21T20:32:56.886871501+00:00,NGV0@2020-09-28,0.0225411231041419,0.0423405665359163
2020-09-21T00:00:00+00:00,2020-09-22T13:38:32.111654001+00:00,2020-09-22T13:38:32.111654001+00:00,NGV0@2020-09-28,0.0444411595662435,0.0456324259440104
2020-09-22T00:00:00+00:00,2020-09-23T13:21:34.780226486+00:00,2020-09-23T13:21:34.780226486+00:00,NGV0@2020-09-28,0.0547037025995726,0.0580206602633356
2020-09-23T00:00:00+00:00,2020-09-24T13:26:24.603949365+00:00,2020-09-24T13:26:24.603949365+00:00,NGV0@2020-09-28,-0.0037598455121214,0.0705106322711932
2020-09-24T00:00:00+00:00,2020-09-25T13:52:43.956970926+00:00,2020-09-25T13:52:43.956970926+00:00,NGV0@2020-09-28,0.0003201274915076,0.065851427800531
2020-09-25T00:00:00+00:00,2020-09-28T13:50:51.717185833+00:00,2020-09-28T13:50:51.717185833+00:00,NGV0@2020-09-28,-0.0111664286705523,0.0343632228819141
2020-09-28T00:00:00+00:00,2020-09-29T13:25:37.123706223+00:00,2020-09-29T13:25:37.123706223+00:00,NGX0@2020-10-28,-0.0265185291739715,0.0247464611612517
2020-09-29T00:00:00+00:00,2020-09-30T13:28:48.933003425+00:00,2020-09-30T13:28:48.933003425+00:00,NGX0@2020-10-28,0.0109775464057162,0.0432606040242188
2020-09-30T00:00:00+00:00,2020-10-01T13:23:11.566981083+00:00,2020-10-01T13:23:11.566981083+00:00,NGX0@2020-10-28,-0.026775173624372,0.0316436560208973
2020-10-01T00:00:00+00:00,2020-10-02T13:21:28.563696968+00:00,2020-10-02T13:21:28.563696968+00:00,NGX0@2020-10-28,-0.0043219398049748,0.0339839652504871
2020-10-02T00:00:00+00:00,2020-10-05T13:38:56.252208977+00:00,2020-10-05T13:38:56.252208977+00:00,NGX0@2020-10-28,-0.0019896031403551,0.0246409853739345
2020-10-05T00:00:00+00:00,2020-10-06T13:22:21.254118475+00:00,2020-10-06T13:22:21.254118475+00:00,NGX0@2020-10-28,-0.0256039835977067,0.0318421658183387
2020-10-06T00:00:00+00:00,2020-10-07T13:28:48.444658499+00:00,2020-10-07T13:28:48.444658499+00:00,NGX0@2020-10-28,-0.0101182090923154,0.0322343056981489
2020-10-07T00:00:00+00:00,2020-10-08T13:25:22.495605158+00:00,2020-10-08T13:25:22.495605158+00:00,NGX0@2020-10-28,-0.0334093661987398,0.0286978565350425
2020-10-08T00:00:00+00:00,2020-10-09T13:24:39.239829508+00:00,2020-10-09T13:24:39.239829508+00:00,NGX0@2020-10-28,-0.0383426560215248,0.0215193195735237
2020-10-09T00:00:00+00:00,2020-10-12T14:39:40.846359167+00:00,2020-10-12T14:39:40.846359167+00:00,NGX0@2020-10-28,0.0011893357654175,0.0395165635673973
2020-10-12T00:00:00+00:00,2020-10-13T13:20:48.109925005+00:00,2020-10-13T13:20:48.109925005+00:00,NGX0@2020-10-28,-0.01804427517672,0.0237679769574282
2020-10-13T00:00:00+00:00,2020-10-14T13:24:57.988178663+00:00,2020-10-14T13:24:57.988178663+00:00,NGX0@2020-10-28,-0.0180174451226826,0.0287070349763096
2020-10-14T00:00:00+00:00,2020-10-15T13:29:28.313105251+00:00,2020-10-15T13:29:28.313105251+00:00,NGX0@2020-10-28,-0.0268501123987643,0.0277460069584667
2020-10-15T00:00:00+00:00,2020-10-16T13:50:41.484013277+00:00,2020-10-16T13:50:41.484013277+00:00,NGX0@2020-10-28,-0.0172583640540702,0.0250154859748695
2020-10-16T00:00:00+00:00,2020-10-19T13:25:56.519139239+00:00,2020-10-19T13:25:56.519139239+00:00,NGX0@2020-10-28,-0.0132377438601993,0.0247906538702192
2020-10-19T00:00:00+00:00,2020-10-20T13:22:31.691169615+00:00,2020-10-20T13:22:31.691169615+00:00,NGX0@2020-10-28,-0.0176787356284097,0.0309542596927004
2020-10-20T00:00:00+00:00,2020-10-21T13:21:01.665528020+00:00,2020-10-21T13:21:01.665528020+00:00,NGX0@2020-10-28,-0.0219300264840597,0.0341971824457357
2020-10-21T00:00:00+00:00,2020-10-22T13:21:02.257046740+00:00,2020-10-22T13:21:02.257046740+00:00,NGX0@2020-10-28,-0.0354001027830007,0.0376604880464215
2020-10-22T00:00:00+00:00,2020-10-23T13:38:43.412930717+00:00,2020-10-23T13:38:43.412930717+00:00,NGX0@2020-10-28,-0.0216329138564679,0.0253736112453106
2020-10-23T00:00:00+00:00,2020-10-26T13:21:52.716851287+00:00,2020-10-26T13:21:52.716851287+00:00,NGX0@2020-10-28,-0.0243025377494137,0.0286284758120167
2020-10-26T00:00:00+00:00,2020-10-27T13:23:37.180660597+00:00,2020-10-27T13:23:37.180660597+00:00,NGX0@2020-10-28,-0.0259194602198586,0.0317571030242023
2020-10-27T00:00:00+00:00,2020-10-28T13:21:48.557654519+00:00,2020-10-28T13:21:48.557654519+00:00,NGX0@2020-10-28,-0.0265503624417134,0.0308758375660473
2020-10-28T00:00:00+00:00,2020-10-29T13:36:58.148329782+00:00,2020-10-29T13:36:58.148329782+00:00,NGZ0@2020-11-25,-0.0180721741931089,0.0332810695019575
2020-10-29T00:00:00+00:00,2020-10-30T13:38:48.417659761+00:00,2020-10-30T13:38:48.417659761+00:00,NGZ0@2020-11-25,-0.0217377807920342,0.0308291299166555
2020-10-30T00:00:00+00:00,2020-11-02T14:34:31.143450300+00:00,2020-11-02T14:34:31.143450300+00:00,NGZ0@2020-11-25,-0.0363700019113782,0.0320073952538385
2020-11-02T00:00:00+00:00,2020-11-03T14:22:51.959663262+00:00,2020-11-03T14:22:51.959663262+00:00,NGZ0@2020-11-25,-0.0230746634205243,0.0277738065811218
2020-11-03T00:00:00+00:00,2020-11-04T14:26:16.688472539+00:00,2020-11-04T14:26:16.688472539+00:00,NGZ0@2020-11-25,-0.0236499899746466,0.038025505320065
2020-11-04T00:00:00+00:00,2020-11-05T14:39:49.033674781+00:00,2020-11-05T14:39:49.033674781+00:00,NGZ0@2020-11-25,-0.0186808551949864,0.0225330408698961
2020-11-05T00:00:00+00:00,2020-11-06T14:41:58.246104277+00:00,2020-11-06T14:41:58.246104277+00:00,NGZ0@2020-11-25,-0.0037235876788264,0.0264553110236706
2020-11-06T00:00:00+00:00,2020-11-09T14:26:18.069604617+00:00,2020-11-09T14:26:18.069604617+00:00,NGZ0@2020-11-25,-0.0067814230754001,0.0239070685242881
2020-11-09T00:00:00+00:00,2020-11-10T14:25:31.912241381+00:00,2020-11-10T14:25:31.912241381+00:00,NGZ0@2020-11-25,0.0042957579811178,0.023878173322867
2020-11-10T00:00:00+00:00,2020-11-11T14:36:13.609918771+00:00,2020-11-11T14:36:13.609918771+00:00,NGZ0@2020-11-25,-0.0019113502489505,0.0270394480159703
2020-11-11T00:00:00+00:00,2020-11-12T14:21:33.961788648+00:00,2020-11-12T14:21:33.961788648+00:00,NGZ0@2020-11-25,-0.0181730512887906,0.036851533630934
2020-11-12T00:00:00+00:00,2020-11-13T14:25:09.653806779+00:00,2020-11-13T14:25:09.653806779+00:00,NGZ0@2020-11-25,-0.0009668911280401,0.0289997028684503
2020-11-13T00:00:00+00:00,2020-11-16T14:32:50.071174025+00:00,2020-11-16T14:32:50.071174025+00:00,NGZ0@2020-11-25,-0.007379836163028,0.0259756680812469
2020-11-16T00:00:00+00:00,2020-11-17T14:24:00.711761089+00:00,2020-11-17T14:24:00.711761089+00:00,NGZ0@2020-11-25,-0.0005112190487569,0.0323181655583263
2020-11-17T00:00:00+00:00,2020-11-18T14:23:47.302610566+00:00,2020-11-18T14:23:47.302610566+00:00,NGZ0@2020-11-25,-0.0134801429689129,0.0256773362037735
2020-11-18T00:00:00+00:00,2020-11-19T14:26:51.257902270+00:00,2020-11-19T14:26:51.257902270+00:00,NGZ0@2020-11-25,0.0091627216793741,0.0237960451725511
2020-11-19T00:00:00+00:00,2020-11-20T14:20:25.776522230+00:00,2020-11-20T14:20:25.776522230+00:00,NGZ0@2020-11-25,0.0118919567470132,0.0259888158410592
2020-11-20T00:00:00+00:00,2020-11-23T14:20:25.072709941+00:00,2020-11-23T14:20:25.072709941+00:00,NGZ0@2020-11-25,-0.0016062308878657,0.0260480125670585
2020-11-23T00:00:00+00:00,2020-11-24T14:20:19.734720337+00:00,2020-11-24T14:20:19.734720337+00:00,NGZ0@2020-11-25,-0.0189251294881546,0.0180318116438423
2020-11-24T00:00:00+00:00,2020-11-25T14:51:05.616807708+00:00,2020-11-25T14:51:05.616807708+00:00,NGZ0@2020-11-25,-0.0030003798997789,0.023040874770402
2020-11-25T00:00:00+00:00,2020-11-27T14:20:50.259986818+00:00,2020-11-27T14:20:50.259986818+00:00,NGF1@2020-12-29,-0.0002889864510711,0.0421773625756026
2020-11-27T00:00:00+00:00,2020-11-30T14:20:04.540751901+00:00,2020-11-30T14:20:04.540751901+00:00,NGF1@2020-12-29,-0.0106923502397219,0.0254116907992809
2020-11-30T00:00:00+00:00,2020-12-01T14:22:52.862115149+00:00,2020-12-01T14:22:52.862115149+00:00,NGF1@2020-12-29,0.0134243029541512,0.0230523988261758
2020-12-01T00:00:00+00:00,2020-12-02T14:25:48.430118268+00:00,2020-12-02T14:25:48.430118268+00:00,NGF1@2020-12-29,-0.0057950239301226,0.0230625084753315
2020-12-02T00:00:00+00:00,2020-12-03T14:21:26.274349948+00:00,2020-12-03T14:21:26.274349948+00:00,NGF1@2020-12-29,0.0085259406685438,0.0238114159598962
2020-12-03T00:00:00+00:00,2020-12-04T14:31:39.885996563+00:00,2020-12-04T14:31:39.885996563+00:00,NGF1@2020-12-29,0.033655448212265,0.0375445222076646
2020-12-04T00:00:00+00:00,2020-12-07T14:31:05.952033571+00:00,2020-12-07T14:31:05.952033571+00:00,NGF1@2020-12-29,0.0254170163397784,0.0274106655875421
2020-12-07T00:00:00+00:00,2020-12-08T14:25:53.673400740+00:00,2020-12-08T14:25:53.673400740+00:00,NGF1@2020-12-29,0.0105431809717293,0.0165036259865274
2020-12-08T00:00:00+00:00,2020-12-09T14:20:23.372883679+00:00,2020-12-09T14:20:23.372883679+00:00,NGF1@2020-12-29,0.0103101932429257,0.0196785681988032
2020-12-09T00:00:00+00:00,2020-12-10T14:47:57.489282044+00:00,2020-12-10T14:47:57.489282044+00:00,NGF1@2020-12-29,0.0091172596267605,0.0250382589853274
2020-12-10T00:00:00+00:00,2020-12-11T14:37:27.422346303+00:00,2020-12-11T14:37:27.422346303+00:00,NGF1@2020-12-29,-0.004897758852859,0.0294706378823695
2020-12-11T00:00:00+00:00,2020-12-14T14:20:14.532163923+00:00,2020-12-14T14:20:14.532163923+00:00,NGF1@2020-12-29,0.0123747162276839,0.0231984493130663
2020-12-14T00:00:00+00:00,2020-12-15T14:35:31.439252436+00:00,2020-12-15T14:35:31.439252436+00:00,NGF1@2020-12-29,-0.001057918914064,0.0323906630099176
2020-12-15T00:00:00+00:00,2020-12-16T14:25:55.843910789+00:00,2020-12-16T14:25:55.843910789+00:00,NGF1@2020-12-29,-0.0054524618277957,0.0264071098124985
2020-12-16T00:00:00+00:00,2020-12-17T14:34:42.165557373+00:00,2020-12-17T14:34:42.165557373+00:00,NGF1@2020-12-29,-0.0118555573130271,0.0304191257949236
2020-12-17T00:00:00+00:00,2020-12-18T14:27:37.203476470+00:00,2020-12-18T14:27:37.203476470+00:00,NGF1@2020-12-29,0.0022417252003945,0.0254357186920497
2020-12-18T00:00:00+00:00,2020-12-21T14:37:41.438454558+00:00,2020-12-21T14:37:41.438454558+00:00,NGF1@2020-12-29,-0.0201703901213359,0.0201824058538353
2020-12-21T00:00:00+00:00,2020-12-22T14:21:55.056644337+00:00,2020-12-22T14:21:55.056644337+00:00,NGF1@2020-12-29,-0.0127783202560696,0.0234327372714612
2020-12-22T00:00:00+00:00,2020-12-23T14:25:03.190661003+00:00,2020-12-23T14:25:03.190661003+00:00,NGF1@2020-12-29,-0.0103682025675309,0.0307114115690926
2020-12-23T00:00:00+00:00,2020-12-24T14:27:07.216791054+00:00,2020-12-24T14:27:07.216791054+00:00,NGF1@2020-12-29,-0.0009645728212002,0.0284832077202837
2020-12-24T00:00:00+00:00,2020-12-28T14:20:33.345976769+00:00,2020-12-28T14:20:33.345976769+00:00,NGF1@2020-12-29,-0.0031033590213225,0.0163016593146755
2020-12-28T00:00:00+00:00,2020-12-29T14:20:32.899509965+00:00,2020-12-29T14:20:32.899509965+00:00,NGF1@2020-12-29,0.0088700166597814,0.0208139727988496
2020-12-30T00:00:00+00:00,2020-12-31T14:25:54.542205769+00:00,2020-12-31T14:25:54.542205769+00:00,NGG1@2021-01-27,-0.0035270539081433,0.033216981257774
2020-12-31T00:00:00+00:00,2021-01-04T14:37:52.987661814+00:00,2021-01-04T14:37:52.987661814+00:00,NGG1@2021-01-27,-0.0131797910345082,0.019771143835013
2021-01-04T00:00:00+00:00,2021-01-05T14:23:10.771017148+00:00,2021-01-05T14:23:10.771017148+00:00,NGG1@2021-01-27,0.0018515266520964,0.0223047216199409
2021-01-05T00:00:00+00:00,2021-01-06T14:25:35.492639668+00:00,2021-01-06T14:25:35.492639668+00:00,NGG1@2021-01-27,-0.0214257493123417,0.0223911909160677
2021-01-06T00:00:00+00:00,2021-01-07T14:22:40.486568488+00:00,2021-01-07T14:22:40.486568488+00:00,NGG1@2021-01-27,-0.0138502661187046,0.0227890558394623
2021-01-07T00:00:00+00:00,2021-01-08T14:36:31.279669341+00:00,2021-01-08T14:36:31.279669341+00:00,NGG1@2021-01-27,-0.0152290130343262,0.0208960206279336
2021-01-08T00:00:00+00:00,2021-01-11T14:22:18.559542630+00:00,2021-01-11T14:22:18.559542630+00:00,NGG1@2021-01-27,-0.0095021106578686,0.023129869390417
2021-01-11T00:00:00+00:00,2021-01-12T14:21:52.313934907+00:00,2021-01-12T14:21:52.313934907+00:00,NGG1@2021-01-27,-0.0419046052898035,0.0197235873627569
2021-01-12T00:00:00+00:00,2021-01-13T14:20:50.292263721+00:00,2021-01-13T14:20:50.292263721+00:00,NGG1@2021-01-27,-0.0225876489112756,0.0337118640460305
2021-01-13T00:00:00+00:00,2021-01-14T14:24:54.166697730+00:00,2021-01-14T14:24:54.166697730+00:00,NGG1@2021-01-27,-0.0258467551847573,0.0298814206472594
2021-01-14T00:00:00+00:00,2021-01-15T14:21:14.913018535+00:00,2021-01-15T14:21:14.913018535+00:00,NGG1@2021-01-27,0.0009470585373321,0.0240477036837576
2021-01-15T00:00:00+00:00,2021-01-19T14:25:26.641495086+00:00,2021-01-19T14:25:26.641495086+00:00,NGG1@2021-01-27,-0.0185872018012488,0.0215034852060802
2021-01-19T00:00:00+00:00,2021-01-20T14:20:40.081477643+00:00,2021-01-20T14:20:40.081477643+00:00,NGG1@2021-01-27,0.0030918158663695,0.019658941578725
2021-01-20T00:00:00+00:00,2021-01-21T14:25:34.269999519+00:00,2021-01-21T14:25:34.269999519+00:00,NGG1@2021-01-27,0.0048354636047482,0.0207641420985114
2021-01-21T00:00:00+00:00,2021-01-22T14:25:40.924104904+00:00,2021-01-22T14:25:40.924104904+00:00,NGG1@2021-01-27,0.0065527804884086,0.0234248647728119
2021-01-22T00:00:00+00:00,2021-01-25T14:20:09.067599168+00:00,2021-01-25T14:20:09.067599168+00:00,NGG1@2021-01-27,0.0062815898005375,0.0273155543776943
2021-01-25T00:00:00+00:00,2021-01-26T14:20:47.657372377+00:00,2021-01-26T14:20:47.657372377+00:00,NGG1@2021-01-27,-0.00273320126955,0.0376075529117569
2021-01-26T00:00:00+00:00,2021-01-27T14:22:34.935811792+00:00,2021-01-27T14:22:34.935811792+00:00,NGG1@2021-01-27,0.0045367366862747,0.0440688403147571
2021-01-27T00:00:00+00:00,2021-01-28T14:20:17.969515776+00:00,2021-01-28T14:20:17.969515776+00:00,NGH1@2021-02-24,-0.0118983436949406,0.0398372855421673
2021-01-28T00:00:00+00:00,2021-01-29T15:00:47.776160263+00:00,2021-01-29T15:00:47.776160263+00:00,NGH1@2021-02-24,-0.0242223572934946,0.0462737744871503
2021-01-29T00:00:00+00:00,2021-02-01T14:20:24.418774861+00:00,2021-02-01T14:20:24.418774861+00:00,NGH1@2021-02-24,0.0037732674453609,0.0310761881005171
2021-02-01T00:00:00+00:00,2021-02-02T14:22:46.034712719+00:00,2021-02-02T14:22:46.034712719+00:00,NGH1@2021-02-24,-0.0106081183768173,0.0189640331904763
2021-02-02T00:00:00+00:00,2021-02-03T14:20:19.002430217+00:00,2021-02-03T14:20:19.002430217+00:00,NGH1@2021-02-24,0.0162826132985343,0.0292942587253266
2021-02-03T00:00:00+00:00,2021-02-04T14:21:00.185966906+00:00,2021-02-04T14:21:00.185966906+00:00,NGH1@2021-02-24,-0.0319110135280473,0.0267006397592099
2021-02-04T00:00:00+00:00,2021-02-05T14:23:04.427409472+00:00,2021-02-05T14:23:04.427409472+00:00,NGH1@2021-02-24,-0.0366595728544323,0.0423284924443862
2021-02-05T00:00:00+00:00,2021-02-08T14:20:05.398145049+00:00,2021-02-08T14:20:05.398145049+00:00,NGH1@2021-02-24,0.0044610310064099,0.0357756095160882
2021-02-08T00:00:00+00:00,2021-02-09T14:20:46.612684795+00:00,2021-02-09T14:20:46.612684795+00:00,NGH1@2021-02-24,-0.0099450047898145,0.0281662014795642
2021-02-09T00:00:00+00:00,2021-02-10T14:32:09.054296575+00:00,2021-02-10T14:32:09.054296575+00:00,NGH1@2021-02-24,-0.0098482334406443,0.0277220631559816
2021-02-10T00:00:00+00:00,2021-02-11T14:20:26.317995914+00:00,2021-02-11T14:20:26.317995914+00:00,NGH1@2021-02-24,-0.0256846828792628,0.0438523420208748
2021-02-11T00:00:00+00:00,2021-02-12T14:32:29.008261911+00:00,2021-02-12T14:32:29.008261911+00:00,NGH1@2021-02-24,0.0159240578705408,0.0266977159565433
2021-02-12T00:00:00+00:00,2021-02-16T14:20:54.401741005+00:00,2021-02-16T14:20:54.401741005+00:00,NGH1@2021-02-24,-0.008810516057197,0.0235114296757438
2021-02-16T00:00:00+00:00,2021-02-17T14:28:27.767730793+00:00,2021-02-17T14:28:27.767730793+00:00,NGH1@2021-02-24,-0.0012889225866691,0.0443829207861123
2021-02-17T00:00:00+00:00,2021-02-18T14:37:11.404947470+00:00,2021-02-18T14:37:11.404947470+00:00,NGH1@2021-02-24,-0.0247821310851414,0.0362663748511355
2021-02-18T00:00:00+00:00,2021-02-19T14:32:14.444968483+00:00,2021-02-19T14:32:14.444968483+00:00,NGH1@2021-02-24,0.0144871441607778,0.0395621866621869
2021-02-19T00:00:00+00:00,2021-02-22T14:58:13.739235271+00:00,2021-02-22T14:58:13.739235271+00:00,NGH1@2021-02-24,-0.0041998591537524,0.0468933450796633
2021-02-22T00:00:00+00:00,2021-02-23T14:19:51.730734863+00:00,2021-02-23T14:19:51.730734863+00:00,NGH1@2021-02-24,-0.0087786944983238,0.0293981391717107
2021-02-23T00:00:00+00:00,2021-02-24T14:38:10.074324752+00:00,2021-02-24T14:38:10.074324752+00:00,NGH1@2021-02-24,0.0011542067398357,0.0265513183179628
2021-02-24T00:00:00+00:00,2021-02-25T15:02:06.235370125+00:00,2021-02-25T15:02:06.235370125+00:00,NGJ1@2021-03-29,-0.0201578821454728,0.0292925323758806
2021-02-25T00:00:00+00:00,2021-02-26T14:45:39.726080331+00:00,2021-02-26T14:45:39.726080331+00:00,NGJ1@2021-03-29,-0.0075891023962857,0.0267009797326115
2021-02-26T00:00:00+00:00,2021-03-01T14:20:09.918308135+00:00,2021-03-01T14:20:09.918308135+00:00,NGJ1@2021-03-29,-0.0296186842359937,0.024621465184667
2021-03-01T00:00:00+00:00,2021-03-02T14:22:03.448458542+00:00,2021-03-02T14:22:03.448458542+00:00,NGJ1@2021-03-29,-0.0177432510139874,0.0236246301871317
2021-03-02T00:00:00+00:00,2021-03-03T14:24:51.772792941+00:00,2021-03-03T14:24:51.772792941+00:00,NGJ1@2021-03-29,-0.0261559910132753,0.0282080917974752
2021-03-03T00:00:00+00:00,2021-03-04T14:21:44.649572371+00:00,2021-03-04T14:21:44.649572371+00:00,NGJ1@2021-03-29,0.0054610456739154,0.0314393213817051
2021-03-04T00:00:00+00:00,2021-03-05T14:37:43.273816805+00:00,2021-03-05T14:37:43.273816805+00:00,NGJ1@2021-03-29,-0.0018153772969511,0.0280338701782894
2021-03-05T00:00:00+00:00,2021-03-08T14:22:08.601515072+00:00,2021-03-08T14:22:08.601515072+00:00,NGJ1@2021-03-29,-0.0087943897756695,0.0231967304863632
2021-03-08T00:00:00+00:00,2021-03-09T14:23:32.474505570+00:00,2021-03-09T14:23:32.474505570+00:00,NGJ1@2021-03-29,0.00441453157178,0.0318696306525654
2021-03-09T00:00:00+00:00,2021-03-10T14:22:48.657526918+00:00,2021-03-10T14:22:48.657526918+00:00,NGJ1@2021-03-29,-0.0182749418347162,0.032039733708287
2021-03-10T00:00:00+00:00,2021-03-11T14:20:44.415233850+00:00,2021-03-11T14:20:44.415233850+00:00,NGJ1@2021-03-29,-0.0235293155719892,0.0247385248791572
2021-03-11T00:00:00+00:00,2021-03-12T14:45:21.567286571+00:00,2021-03-12T14:45:21.567286571+00:00,NGJ1@2021-03-29,-0.0144836371510004,0.023951471543678
2021-03-12T00:00:00+00:00,2021-03-15T13:22:09.221686377+00:00,2021-03-15T13:22:09.221686377+00:00,NGJ1@2021-03-29,0.0145249230940587,0.0272287232220585
2021-03-15T00:00:00+00:00,2021-03-16T13:20:49.220446935+00:00,2021-03-16T13:20:49.220446935+00:00,NGJ1@2021-03-29,-0.0008066859603264,0.0265914720974022
2021-03-16T00:00:00+00:00,2021-03-17T13:19:55.851609968+00:00,2021-03-17T13:19:55.851609968+00:00,NGJ1@2021-03-29,-0.0174936001231946,0.0347709581314075
2021-03-17T00:00:00+00:00,2021-03-18T13:25:54.892164264+00:00,2021-03-18T13:25:54.892164264+00:00,NGJ1@2021-03-29,-0.0009558020933361,0.0295191174750294
2021-03-18T00:00:00+00:00,2021-03-19T13:31:15.802700321+00:00,2021-03-19T13:31:15.802700321+00:00,NGJ1@2021-03-29,0.0048316104784487,0.021409297334975
2021-03-19T00:00:00+00:00,2021-03-22T13:20:28.593241795+00:00,2021-03-22T13:20:28.593241795+00:00,NGJ1@2021-03-29,-0.0178996738752853,0.0392906704181121
2021-03-22T00:00:00+00:00,2021-03-23T13:25:10.651446286+00:00,2021-03-23T13:25:10.651446286+00:00,NGJ1@2021-03-29,-0.0083629350684426,0.0252652482712703
2021-03-23T00:00:00+00:00,2021-03-24T13:20:52.248128996+00:00,2021-03-24T13:20:52.248128996+00:00,NGJ1@2021-03-29,0.0003633264138322,0.0466764067997045
2021-03-24T00:00:00+00:00,2021-03-25T13:20:02.299779393+00:00,2021-03-25T13:20:02.299779393+00:00,NGJ1@2021-03-29,0.0023989421639849,0.0268597904446604
2021-03-25T00:00:00+00:00,2021-03-26T14:00:54.653375863+00:00,2021-03-26T14:00:54.653375863+00:00,NGJ1@2021-03-29,0.0008312654476678,0.0217815650117309
2021-03-26T00:00:00+00:00,2021-03-29T13:23:47.658354457+00:00,2021-03-29T13:23:47.658354457+00:00,NGJ1@2021-03-29,-0.0039616590728998,0.0396901843328371
2021-03-29T00:00:00+00:00,2021-03-30T13:22:47.995169276+00:00,2021-03-30T13:22:47.995169276+00:00,NGK1@2021-04-28,-0.0185663695596792,0.0170704998456237
2021-03-30T00:00:00+00:00,2021-03-31T13:26:10.939322757+00:00,2021-03-31T13:26:10.939322757+00:00,NGK1@2021-04-28,0.0076783532088424,0.0218798394696214
2021-03-31T00:00:00+00:00,2021-04-01T13:36:31.264698745+00:00,2021-04-01T13:36:31.264698745+00:00,NGK1@2021-04-28,-0.0028939032637124,0.0197683009492668
2021-04-01T00:00:00+00:00,2021-04-02T13:24:24.253188508+00:00,2021-04-02T13:24:24.253188508+00:00,NGK1@2021-04-28,-0.0189140839878149,0.0201814154677961
2021-04-05T00:00:00+00:00,2021-04-06T14:04:07.381391349+00:00,2021-04-06T14:04:07.381391349+00:00,NGK1@2021-04-28,-0.0146342211520756,0.0240355137329587
2021-04-06T00:00:00+00:00,2021-04-07T13:20:21.508763078+00:00,2021-04-07T13:20:21.508763078+00:00,NGK1@2021-04-28,-0.0094699434044394,0.0251552396081765
2021-04-07T00:00:00+00:00,2021-04-08T13:25:45.024937821+00:00,2021-04-08T13:25:45.024937821+00:00,NGK1@2021-04-28,-0.0272872476463772,0.0315919815306644
2021-04-08T00:00:00+00:00,2021-04-09T13:19:55.516944247+00:00,2021-04-09T13:19:55.516944247+00:00,NGK1@2021-04-28,-0.0236895424979073,0.0295428056565542
2021-04-09T00:00:00+00:00,2021-04-12T13:19:42.673305368+00:00,2021-04-12T13:19:42.673305368+00:00,NGK1@2021-04-28,-0.0017715780945913,0.0291342585865158
2021-04-12T00:00:00+00:00,2021-04-13T13:23:43.813326244+00:00,2021-04-13T13:23:43.813326244+00:00,NGK1@2021-04-28,-0.0063172910207868,0.0276710245883735
2021-04-13T00:00:00+00:00,2021-04-14T13:23:59.092564186+00:00,2021-04-14T13:23:59.092564186+00:00,NGK1@2021-04-28,-0.0186335245768228,0.0377671377999441
2021-04-14T00:00:00+00:00,2021-04-15T13:20:01.193836628+00:00,2021-04-15T13:20:01.193836628+00:00,NGK1@2021-04-28,0.0046733724911398,0.0212625609301244
2021-04-15T00:00:00+00:00,2021-04-16T13:22:26.180611306+00:00,2021-04-16T13:22:26.180611306+00:00,NGK1@2021-04-28,-0.0209731253775748,0.0238338032284298
2021-04-16T00:00:00+00:00,2021-04-19T13:22:39.638644526+00:00,2021-04-19T13:22:39.638644526+00:00,NGK1@2021-04-28,-0.0096319289434524,0.0210825708650407
2021-04-19T00:00:00+00:00,2021-04-20T13:19:41.779277382+00:00,2021-04-20T13:19:41.779277382+00:00,NGK1@2021-04-28,-0.0178882728165162,0.0253051258732209
2021-04-20T00:00:00+00:00,2021-04-21T13:20:16.911239390+00:00,2021-04-21T13:20:16.911239390+00:00,NGK1@2021-04-28,-0.0094648218908454,0.0283648888007195
2021-04-21T00:00:00+00:00,2021-04-22T13:22:11.745780948+00:00,2021-04-22T13:22:11.745780948+00:00,NGK1@2021-04-28,-0.0193638247441221,0.0265189050128069
2021-04-22T00:00:00+00:00,2021-04-23T13:31:23.641738135+00:00,2021-04-23T13:31:23.641738135+00:00,NGK1@2021-04-28,-0.0248775447511273,0.0345267542315933
2021-04-23T00:00:00+00:00,2021-04-26T13:25:56.792867527+00:00,2021-04-26T13:25:56.792867527+00:00,NGK1@2021-04-28,-0.0082466427017661,0.0281863352831672
2021-04-26T00:00:00+00:00,2021-04-27T14:10:34.698710574+00:00,2021-04-27T14:10:34.698710574+00:00,NGK1@2021-04-28,-0.010677801356556,0.0231843954501596
2021-04-27T00:00:00+00:00,2021-04-28T14:05:07.285616236+00:00,2021-04-28T14:05:07.285616236+00:00,NGK1@2021-04-28,-0.007404536143875,0.0291753205824247
2021-04-28T00:00:00+00:00,2021-04-29T13:21:03.879665731+00:00,2021-04-29T13:21:03.879665731+00:00,NGM1@2021-05-26,-0.0238532166272431,0.0440771194100986
2021-04-29T00:00:00+00:00,2021-04-30T13:39:06.438644943+00:00,2021-04-30T13:39:06.438644943+00:00,NGM1@2021-05-26,-0.0237802779846821,0.0321134073686698
2021-04-30T00:00:00+00:00,2021-05-03T13:19:40.229463341+00:00,2021-05-03T13:19:40.229463341+00:00,NGM1@2021-05-26,-0.0255248988416477,0.0256914056429689
2021-05-03T00:00:00+00:00,2021-05-04T13:24:09.794037597+00:00,2021-05-04T13:24:09.794037597+00:00,NGM1@2021-05-26,-0.0368463121633694,0.0371126721446835
2021-05-04T00:00:00+00:00,2021-05-05T13:19:29.836991836+00:00,2021-05-05T13:19:29.836991836+00:00,NGM1@2021-05-26,-0.0171637105685408,0.0438443435135708
2021-05-05T00:00:00+00:00,2021-05-06T13:22:50.772179998+00:00,2021-05-06T13:22:50.772179998+00:00,NGM1@2021-05-26,-0.0216536889207294,0.0293223300463958
2021-05-06T00:00:00+00:00,2021-05-07T13:27:26.203643969+00:00,2021-05-07T13:27:26.203643969+00:00,NGM1@2021-05-26,-0.025034497622337,0.0281482019522084
2021-05-07T00:00:00+00:00,2021-05-10T14:09:40.225630150+00:00,2021-05-10T14:09:40.225630150+00:00,NGM1@2021-05-26,-0.0355242783774431,0.0306436108418988
2021-05-10T00:00:00+00:00,2021-05-11T13:20:20.908673356+00:00,2021-05-11T13:20:20.908673356+00:00,NGM1@2021-05-26,-0.0082727374690386,0.0280699448657461
2021-05-11T00:00:00+00:00,2021-05-12T13:20:00.445073370+00:00,2021-05-12T13:20:00.445073370+00:00,NGM1@2021-05-26,-0.0252827157964534,0.0309866486786582
2021-05-12T00:00:00+00:00,2021-05-13T13:19:56.625934331+00:00,2021-05-13T13:19:56.625934331+00:00,NGM1@2021-05-26,-0.0319620631822515,0.0423722486147495
2021-05-13T00:00:00+00:00,2021-05-14T13:20:48.270431682+00:00,2021-05-14T13:20:48.270431682+00:00,NGM1@2021-05-26,-0.0208256128689299,0.0362105915027351
2021-05-14T00:00:00+00:00,2021-05-17T13:19:57.555512107+00:00,2021-05-17T13:19:57.555512107+00:00,NGM1@2021-05-26,-0.0092244978791207,0.054995245635309
2021-05-17T00:00:00+00:00,2021-05-18T13:20:18.615197492+00:00,2021-05-18T13:20:18.615197492+00:00,NGM1@2021-05-26,-0.0236021187180288,0.0417589683386183
2021-05-18T00:00:00+00:00,2021-05-19T13:52:15.961791507+00:00,2021-05-19T13:52:15.961791507+00:00,NGM1@2021-05-26,-0.012950650472993,0.0473877342586942
2021-05-19T00:00:00+00:00,2021-05-20T13:25:31.943110886+00:00,2021-05-20T13:25:31.943110886+00:00,NGM1@2021-05-26,-0.0137589486289363,0.0302715727664686
2021-05-20T00:00:00+00:00,2021-05-21T13:19:18.180767338+00:00,2021-05-21T13:19:18.180767338+00:00,NGM1@2021-05-26,-0.0216289074892925,0.0238147483864411
2021-05-21T00:00:00+00:00,2021-05-24T14:59:34.362088047+00:00,2021-05-24T14:59:34.362088047+00:00,NGM1@2021-05-26,-0.012222296611594,0.025002320497961
2021-05-24T00:00:00+00:00,2021-05-25T13:25:57.674582443+00:00,2021-05-25T13:25:57.674582443+00:00,NGM1@2021-05-26,-0.0221398288147861,0.0254237147891017
2021-05-25T00:00:00+00:00,2021-05-26T13:37:22.478278537+00:00,2021-05-26T13:37:22.478278537+00:00,NGM1@2021-05-26,-0.0168098369178861,0.0339867835715387
2021-05-26T00:00:00+00:00,2021-05-27T13:23:30.885939363+00:00,2021-05-27T13:23:30.885939363+00:00,NGN1@2021-06-28,-0.0189512188997676,0.0322886988515686
2021-05-27T00:00:00+00:00,2021-05-28T13:23:40.925638613+00:00,2021-05-28T13:23:40.925638613+00:00,NGN1@2021-06-28,-0.009762537463313,0.0252834698449262
2021-05-28T00:00:00+00:00,2021-06-01T14:04:33.935642691+00:00,2021-06-01T14:04:33.935642691+00:00,NGN1@2021-06-28,-0.0209823430970657,0.0266512367020413
2021-06-01T00:00:00+00:00,2021-06-02T13:19:48.719634702+00:00,2021-06-02T13:19:48.719634702+00:00,NGN1@2021-06-28,-0.0313198188361997,0.0352194394108547
2021-06-02T00:00:00+00:00,2021-06-03T13:20:01.136972216+00:00,2021-06-03T13:20:01.136972216+00:00,NGN1@2021-06-28,-0.0281442717216523,0.0351923489128958
2021-06-03T00:00:00+00:00,2021-06-04T13:19:56.350986281+00:00,2021-06-04T13:19:56.350986281+00:00,NGN1@2021-06-28,-0.0118502481887329,0.0308867925456047
2021-06-04T00:00:00+00:00,2021-06-07T13:33:11.480676288+00:00,2021-06-07T13:33:11.480676288+00:00,NGN1@2021-06-28,-0.0068827570927224,0.0410947002645999
2021-06-07T00:00:00+00:00,2021-06-08T13:22:34.810841376+00:00,2021-06-08T13:22:34.810841376+00:00,NGN1@2021-06-28,-0.026665774983737,0.0256492839284401
2021-06-08T00:00:00+00:00,2021-06-09T13:21:38.283466010+00:00,2021-06-09T13:21:38.283466010+00:00,NGN1@2021-06-28,-0.0275869442725592,0.0499353451524418
2021-06-09T00:00:00+00:00,2021-06-10T13:19:54.234006761+00:00,2021-06-10T13:19:54.234006761+00:00,NGN1@2021-06-28,-0.0388583049810408,0.0409389916215235
2021-06-10T00:00:00+00:00,2021-06-11T13:21:17.340048592+00:00,2021-06-11T13:21:17.340048592+00:00,NGN1@2021-06-28,-0.0355196404021185,0.0552242297966634
2021-06-11T00:00:00+00:00,2021-06-14T13:22:27.981310436+00:00,2021-06-14T13:22:27.981310436+00:00,NGN1@2021-06-28,-0.0081276575530624,0.0346485449343311
2021-06-14T00:00:00+00:00,2021-06-15T13:39:28.325865594+00:00,2021-06-15T13:39:28.325865594+00:00,NGN1@2021-06-28,-0.05912735381152,0.0286427152675749
2021-06-15T00:00:00+00:00,2021-06-16T13:20:43.697026170+00:00,2021-06-16T13:20:43.697026170+00:00,NGN1@2021-06-28,-0.0130476804491366,0.0473695887550456
2021-06-16T00:00:00+00:00,2021-06-17T13:20:14.358171720+00:00,2021-06-17T13:20:14.358171720+00:00,NGN1@2021-06-28,-0.0193350865290715,0.0477030827448918
2021-06-17T00:00:00+00:00,2021-06-18T13:22:46.084036324+00:00,2021-06-18T13:22:46.084036324+00:00,NGN1@2021-06-28,-0.0204081158222128,0.0290764835187143
2021-06-18T00:00:00+00:00,2021-06-21T13:19:40.844001740+00:00,2021-06-21T13:19:40.844001740+00:00,NGN1@2021-06-28,-0.0413710152431999,0.0386134886638426
2021-06-21T00:00:00+00:00,2021-06-22T13:19:39.713186596+00:00,2021-06-22T13:19:39.713186596+00:00,NGN1@2021-06-28,-0.0355487912893295,0.024009421467781
2021-06-22T00:00:00+00:00,2021-06-23T13:21:53.787600155+00:00,2021-06-23T13:21:53.787600155+00:00,NGN1@2021-06-28,-0.031822446366431,0.0482433351795876
2021-06-23T00:00:00+00:00,2021-06-24T13:19:30.209031182+00:00,2021-06-24T13:19:30.209031182+00:00,NGN1@2021-06-28,-0.031051081420788,0.0416934220662201
2021-06-24T00:00:00+00:00,2021-06-25T13:21:53.734496667+00:00,2021-06-25T13:21:53.734496667+00:00,NGN1@2021-06-28,-0.0381212631977184,0.0407389321434223
2021-06-25T00:00:00+00:00,2021-06-28T13:24:27.375930625+00:00,2021-06-28T13:24:27.375930625+00:00,NGN1@2021-06-28,-0.0919460023919662,0.0791778526425667
2021-06-29T00:00:00+00:00,2021-06-30T13:19:35.600775774+00:00,2021-06-30T13:19:35.600775774+00:00,NGQ1@2021-07-28,-0.0763095121595131,0.0703522775912656
2021-06-30T00:00:00+00:00,2021-07-01T13:19:57.680564116+00:00,2021-07-01T13:19:57.680564116+00:00,NGQ1@2021-07-28,-0.0687321578023509,0.0291907937977383
2021-07-01T00:00:00+00:00,2021-07-02T13:20:06.837182007+00:00,2021-07-02T13:20:06.837182007+00:00,NGQ1@2021-07-28,-0.05666408486847,0.0512019814847275
2021-07-02T00:00:00+00:00,2021-07-06T13:27:12.983535256+00:00,2021-07-06T13:27:12.983535256+00:00,NGQ1@2021-07-28,-0.0720393398785707,0.0301218238925367
2021-07-06T00:00:00+00:00,2021-07-07T13:20:30.436576040+00:00,2021-07-07T13:20:30.436576040+00:00,NGQ1@2021-07-28,-0.0711002973509744,0.0734688475606227
2021-07-07T00:00:00+00:00,2021-07-08T14:11:21.209137435+00:00,2021-07-08T14:11:21.209137435+00:00,NGQ1@2021-07-28,-0.0687682816541147,0.0638320100847204
2021-07-08T00:00:00+00:00,2021-07-09T13:20:33.779384468+00:00,2021-07-09T13:20:33.779384468+00:00,NGQ1@2021-07-28,-0.0521543972404298,0.0674352211445376
2021-07-09T00:00:00+00:00,2021-07-12T13:20:03.385230442+00:00,2021-07-12T13:20:03.385230442+00:00,NGQ1@2021-07-28,-0.0941296142785726,0.0634949872282897
2021-07-12T00:00:00+00:00,2021-07-13T13:19:36.015351077+00:00,2021-07-13T13:19:36.015351077+00:00,NGQ1@2021-07-28,-0.0764113182717181,0.1035580609707122
2021-07-13T00:00:00+00:00,2021-07-14T13:21:53.365894218+00:00,2021-07-14T13:21:53.365894218+00:00,NGQ1@2021-07-28,-0.0691258416779483,0.0364346115141258
2021-07-14T00:00:00+00:00,2021-07-15T13:20:24.012496175+00:00,2021-07-15T13:20:24.012496175+00:00,NGQ1@2021-07-28,-0.0459894672600701,0.0542247285632354
2021-07-15T00:00:00+00:00,2021-07-16T13:20:14.982339173+00:00,2021-07-16T13:20:14.982339173+00:00,NGQ1@2021-07-28,-0.0582752359688365,0.0553329620783424
2021-07-16T00:00:00+00:00,2021-07-19T13:24:17.273264904+00:00,2021-07-19T13:24:17.273264904+00:00,NGQ1@2021-07-28,-0.0762170890103216,0.0724044830902763
2021-07-19T00:00:00+00:00,2021-07-20T13:20:08.748759351+00:00,2021-07-20T13:20:08.748759351+00:00,NGQ1@2021-07-28,-0.0825532598698391,0.0351345285456231
2021-07-20T00:00:00+00:00,2021-07-21T13:36:31.945988384+00:00,2021-07-21T13:36:31.945988384+00:00,NGQ1@2021-07-28,-0.0780897307814213,0.035620511654161
2021-07-21T00:00:00+00:00,2021-07-22T13:21:47.251215827+00:00,2021-07-22T13:21:47.251215827+00:00,NGQ1@2021-07-28,-0.0958836189893509,0.0482800388557451
2021-07-22T00:00:00+00:00,2021-07-23T13:20:00.449094083+00:00,2021-07-23T13:20:00.449094083+00:00,NGQ1@2021-07-28,-0.1013142035686117,0.0789303848778026
2021-07-23T00:00:00+00:00,2021-07-26T13:19:34.483156905+00:00,2021-07-26T13:19:34.483156905+00:00,NGQ1@2021-07-28,-0.168361043753229,0.1429228906431068
2021-07-26T00:00:00+00:00,2021-07-27T13:21:20.499169652+00:00,2021-07-27T13:21:20.499169652+00:00,NGQ1@2021-07-28,-0.199242445460537,0.1660847408264933
2021-07-27T00:00:00+00:00,2021-07-28T13:22:29.610499801+00:00,2021-07-28T13:22:29.610499801+00:00,NGQ1@2021-07-28,-0.1162857362881539,0.0964515409635733
2021-07-28T00:00:00+00:00,2021-07-29T13:19:10.468401310+00:00,2021-07-29T13:19:10.468401310+00:00,NGU1@2021-08-27,-0.053112826769865,0.0349876548670515
2021-07-29T00:00:00+00:00,2021-07-30T13:31:03.751633290+00:00,2021-07-30T13:31:03.751633290+00:00,NGU1@2021-08-27,-0.0530829509040059,0.0373750606520745
2021-07-30T00:00:00+00:00,2021-08-02T13:20:35.673010460+00:00,2021-08-02T13:20:35.673010460+00:00,NGU1@2021-08-27,-0.0213295702370054,0.0301763708561605
2021-08-02T00:00:00+00:00,2021-08-03T13:49:29.029571244+00:00,2021-08-03T13:49:29.029571244+00:00,NGU1@2021-08-27,-0.1265991084292621,0.0703286836804518
2021-08-03T00:00:00+00:00,2021-08-04T13:22:20.209948780+00:00,2021-08-04T13:22:20.209948780+00:00,NGU1@2021-08-27,-0.0978083387932555,0.0490232533260411
2021-08-04T00:00:00+00:00,2021-08-05T13:27:48.301779106+00:00,2021-08-05T13:27:48.301779106+00:00,NGU1@2021-08-27,-0.0920811338463758,0.0500620402724348
2021-08-05T00:00:00+00:00,2021-08-06T13:44:23.412672409+00:00,2021-08-06T13:44:23.412672409+00:00,NGU1@2021-08-27,-0.0861259212562753,0.0352277652451277
2021-08-06T00:00:00+00:00,2021-08-09T13:38:05.760619874+00:00,2021-08-09T13:38:05.760619874+00:00,NGU1@2021-08-27,-0.0640657791263191,0.0343130127381286
2021-08-09T00:00:00+00:00,2021-08-10T13:56:10.576037913+00:00,2021-08-10T13:56:10.576037913+00:00,NGU1@2021-08-27,-0.0697898195335551,0.0441503359784716
2021-08-10T00:00:00+00:00,2021-08-11T13:26:41.797365186+00:00,2021-08-11T13:26:41.797365186+00:00,NGU1@2021-08-27,-0.0451166228469726,0.0582349395937267
2021-08-11T00:00:00+00:00,2021-08-12T13:21:49.905039544+00:00,2021-08-12T13:21:49.905039544+00:00,NGU1@2021-08-27,-0.0758542159962613,0.040277143491106
2021-08-12T00:00:00+00:00,2021-08-13T13:22:09.682824044+00:00,2021-08-13T13:22:09.682824044+00:00,NGU1@2021-08-27,-0.0341568967543951,0.0542627897299112
2021-08-13T00:00:00+00:00,2021-08-16T13:19:53.809675927+00:00,2021-08-16T13:19:53.809675927+00:00,NGU1@2021-08-27,-0.0407373726166636,0.032189233670392
2021-08-16T00:00:00+00:00,2021-08-17T14:06:34.283214740+00:00,2021-08-17T14:06:34.283214740+00:00,NGU1@2021-08-27,-0.0615949804659672,0.0705534201624908
2021-08-17T00:00:00+00:00,2021-08-18T13:31:38.645231001+00:00,2021-08-18T13:31:38.645231001+00:00,NGU1@2021-08-27,-0.0401310368745483,0.0501550580242267
2021-08-18T00:00:00+00:00,2021-08-19T13:23:09.155632057+00:00,2021-08-19T13:23:09.155632057+00:00,NGU1@2021-08-27,-0.057084205042714,0.0391716175044421
2021-08-19T00:00:00+00:00,2021-08-20T13:20:44.690957278+00:00,2021-08-20T13:20:44.690957278+00:00,NGU1@2021-08-27,-0.0371574616142112,0.0563446734194122
2021-08-20T00:00:00+00:00,2021-08-23T13:20:52.393011424+00:00,2021-08-23T13:20:52.393011424+00:00,NGU1@2021-08-27,-0.0253798937406085,0.0454812177867357
2021-08-23T00:00:00+00:00,2021-08-24T13:20:44.188027709+00:00,2021-08-24T13:20:44.188027709+00:00,NGU1@2021-08-27,-0.0389926439629862,0.047719933604466
2021-08-24T00:00:00+00:00,2021-08-25T13:24:27.572673358+00:00,2021-08-25T13:24:27.572673358+00:00,NGU1@2021-08-27,-0.0522988155881971,0.051034855401981
2021-08-25T00:00:00+00:00,2021-08-26T13:20:18.998836622+00:00,2021-08-26T13:20:18.998836622+00:00,NGU1@2021-08-27,-0.0392257355875568,0.0391921494751444
2021-08-26T00:00:00+00:00,2021-08-27T13:20:53.247828227+00:00,2021-08-27T13:20:53.247828227+00:00,NGV1@2021-09-28,-0.0213808727848928,0.0513012484523947
2021-08-27T00:00:00+00:00,2021-08-30T13:21:41.642454269+00:00,2021-08-30T13:21:41.642454269+00:00,NGV1@2021-09-28,-0.114139241009856,0.1319592281007961
2021-08-30T00:00:00+00:00,2021-08-31T13:20:24.952165951+00:00,2021-08-31T13:20:24.952165951+00:00,NGV1@2021-09-28,-0.0844367331910255,0.0478247552764708
2021-08-31T00:00:00+00:00,2021-09-01T13:20:11.391758118+00:00,2021-09-01T13:20:11.391758118+00:00,NGV1@2021-09-28,-0.0911527093785938,0.0943422642473414
2021-09-01T00:00:00+00:00,2021-09-02T13:21:36.603207552+00:00,2021-09-02T13:21:36.603207552+00:00,NGV1@2021-09-28,-0.0769230619108447,0.0563437939207026
2021-09-02T00:00:00+00:00,2021-09-03T13:21:09.804166504+00:00,2021-09-03T13:21:09.804166504+00:00,NGV1@2021-09-28,-0.0657704469168452,0.0456347899380901
2021-09-03T00:00:00+00:00,2021-09-07T13:20:49.345217769+00:00,2021-09-07T13:20:49.345217769+00:00,NGV1@2021-09-28,-0.0765378910200327,0.0691223022707833
2021-09-07T00:00:00+00:00,2021-09-08T13:20:01.903442505+00:00,2021-09-08T13:20:01.903442505+00:00,NGV1@2021-09-28,-0.1148083256090202,0.0636127495957332
2021-09-08T00:00:00+00:00,2021-09-09T13:38:10.503319848+00:00,2021-09-09T13:38:10.503319848+00:00,NGV1@2021-09-28,-0.1364629379685196,0.1122443831643365
2021-09-09T00:00:00+00:00,2021-09-10T13:24:56.455226190+00:00,2021-09-10T13:24:56.455226190+00:00,NGV1@2021-09-28,-0.10446113639778187,0.035767645745367914
2021-09-10T00:00:00+00:00,2021-09-13T13:31:47.934211805+00:00,2021-09-13T13:31:47.934211805+00:00,NGV1@2021-09-28,-0.12011060757038816,0.07283153818614448
2021-09-13T00:00:00+00:00,2021-09-14T13:27:09.151471447+00:00,2021-09-14T13:27:09.151471447+00:00,NGV1@2021-09-28,-0.1906759718309562,0.12313217983923773
2021-09-14T00:00:00+00:00,2021-09-15T13:23:11.364286212+00:00,2021-09-15T13:23:11.364286212+00:00,NGV1@2021-09-28,-0.12341351397024847,0.059724034822014264
2021-09-15T00:00:00+00:00,2021-09-16T13:20:15.654622097+00:00,2021-09-16T13:20:15.654622097+00:00,NGV1@2021-09-28,-0.13803730461150387,0.0687095671864474
2021-09-16T00:00:00+00:00,2021-09-17T13:32:05.502042458+00:00,2021-09-17T13:32:05.502042458+00:00,NGV1@2021-09-28,-0.08776164235217487,0.05583106659905091
2021-09-17T00:00:00+00:00,2021-09-20T13:21:18.212433218+00:00,2021-09-20T13:21:18.212433218+00:00,NGV1@2021-09-28,-0.10677606803794415,0.05250350731750415
2021-09-20T00:00:00+00:00,2021-09-21T13:22:10.411667272+00:00,2021-09-21T13:22:10.411667272+00:00,NGV1@2021-09-28,-0.12296981672835183,0.05518154914006877
2021-09-21T00:00:00+00:00,2021-09-22T13:27:24.565950579+00:00,2021-09-22T13:27:24.565950579+00:00,NGV1@2021-09-28,-0.07751105219957377,0.0393499885187304
2021-09-22T00:00:00+00:00,2021-09-23T13:21:05.890539586+00:00,2021-09-23T13:21:05.890539586+00:00,NGV1@2021-09-28,-0.0516535467732705,0.054981493145333626
2021-09-23T00:00:00+00:00,2021-09-24T13:23:48.736587807+00:00,2021-09-24T13:23:48.736587807+00:00,NGV1@2021-09-28,-0.10300975984813432,0.08426170991835202
2021-09-24T00:00:00+00:00,2021-09-27T13:40:35.886056393+00:00,2021-09-27T13:40:35.886056393+00:00,NGV1@2021-09-28,-0.20803879659732305,0.17944987074484964
2021-09-27T00:00:00+00:00,2021-09-28T13:44:34.018290609+00:00,2021-09-28T13:44:34.018290609+00:00,NGV1@2021-09-28,-0.24437717466570574,0.13930235061197097
2021-09-29T00:00:00+00:00,2021-09-30T13:19:21.122535102+00:00,2021-09-30T13:19:21.122535102+00:00,NGX1@2021-10-27,-0.08899610813418957,0.08636493007098782
2021-09-30T00:00:00+00:00,2021-10-01T13:20:42.852006904+00:00,2021-10-01T13:20:42.852006904+00:00,NGX1@2021-10-27,-0.12187459596228523,0.1346706118407668
2021-10-01T00:00:00+00:00,2021-10-04T13:22:45.091381035+00:00,2021-10-04T13:22:45.091381035+00:00,NGX1@2021-10-27,-0.1441239182223144,0.11599072474249858
2021-10-04T00:00:00+00:00,2021-10-05T13:20:15.062222294+00:00,2021-10-05T13:20:15.062222294+00:00,NGX1@2021-10-27,-0.20593552144803584,0.14234147997775376
2021-10-05T00:00:00+00:00,2021-10-06T13:54:58.889257401+00:00,2021-10-06T13:54:58.889257401+00:00,NGX1@2021-10-27,-0.19447218529852972,0.14796839409820803
2021-10-06T00:00:00+00:00,2021-10-07T13:20:41.428733393+00:00,2021-10-07T13:20:41.428733393+00:00,NGX1@2021-10-27,-0.12756066121961063,0.07962199327711948
2021-10-07T00:00:00+00:00,2021-10-08T13:27:30.716700509+00:00,2021-10-08T13:27:30.716700509+00:00,NGX1@2021-10-27,-0.13877469981415502,0.08967515705279332
2021-10-08T00:00:00+00:00,2021-10-11T13:25:11.445861257+00:00,2021-10-11T13:25:11.445861257+00:00,NGX1@2021-10-27,-0.15830705406578194,0.08587100613852973
2021-10-11T00:00:00+00:00,2021-10-12T13:21:18.853313356+00:00,2021-10-12T13:21:18.853313356+00:00,NGX1@2021-10-27,-0.10712691134044361,0.057355694732580655
2021-10-12T00:00:00+00:00,2021-10-13T13:34:30.573899991+00:00,2021-10-13T13:34:30.573899991+00:00,NGX1@2021-10-27,-0.11257441134558854,0.07050327903272212
2021-10-13T00:00:00+00:00,2021-10-14T13:20:52.807428464+00:00,2021-10-14T13:20:52.807428464+00:00,NGX1@2021-10-27,-0.15601950684131982,0.10791951806877446
2021-10-14T00:00:00+00:00,2021-10-15T13:21:19.459890939+00:00,2021-10-15T13:21:19.459890939+00:00,NGX1@2021-10-27,-0.11899973551432297,0.10744103325737847
2021-10-15T00:00:00+00:00,2021-10-18T13:27:15.795090243+00:00,2021-10-18T13:27:15.795090243+00:00,NGX1@2021-10-27,-0.12903617554949198,0.061254402844503945
2021-10-18T00:00:00+00:00,2021-10-19T13:20:05.623714402+00:00,2021-10-19T13:20:05.623714402+00:00,NGX1@2021-10-27,-0.06767882642810996,0.07741211219050059
2021-10-19T00:00:00+00:00,2021-10-20T13:47:36.677233882+00:00,2021-10-20T13:47:36.677233882+00:00,NGX1@2021-10-27,-0.13204584752465998,0.10217222268348385
2021-10-20T00:00:00+00:00,2021-10-21T13:22:49.564369417+00:00,2021-10-21T13:22:49.564369417+00:00,NGX1@2021-10-27,-0.10023932847578709,0.08953022993698002
2021-10-21T00:00:00+00:00,2021-10-22T13:32:29.763197660+00:00,2021-10-22T13:32:29.763197660+00:00,NGX1@2021-10-27,-0.0379872080622653,0.07188739489071333
2021-10-22T00:00:00+00:00,2021-10-25T13:22:46.624120421+00:00,2021-10-25T13:22:46.624120421+00:00,NGX1@2021-10-27,-0.07502811718023006,0.07692715198733965
2021-10-25T00:00:00+00:00,2021-10-26T13:21:06.978613622+00:00,2021-10-26T13:21:06.978613622+00:00,NGX1@2021-10-27,-0.19039921094012513,0.10669075624325534
2021-10-26T00:00:00+00:00,2021-10-27T13:42:03.996093988+00:00,2021-10-27T13:42:03.996093988+00:00,NGX1@2021-10-27,-0.1399774500690344,0.15332281354401414
2021-10-27T00:00:00+00:00,2021-10-28T13:24:50.493153415+00:00,2021-10-28T13:24:50.493153415+00:00,NGZ1@2021-11-26,-0.20431676694631384,0.13275536375755378
2021-10-28T00:00:00+00:00,2021-10-29T13:26:30.714213877+00:00,2021-10-29T13:26:30.714213877+00:00,NGZ1@2021-11-26,-0.07151116598410512,0.0862634573509275
2021-10-29T00:00:00+00:00,2021-11-01T13:20:36.633595228+00:00,2021-11-01T13:20:36.633595228+00:00,NGZ1@2021-11-26,-0.15252672525091304,0.18927882225702788
2021-11-01T00:00:00+00:00,2021-11-02T13:20:17.070567369+00:00,2021-11-02T13:20:17.070567369+00:00,NGZ1@2021-11-26,-0.21069581345311084,0.256761891423082
2021-11-02T00:00:00+00:00,2021-11-03T13:22:11.912336461+00:00,2021-11-03T13:22:11.912336461+00:00,NGZ1@2021-11-26,-0.16383382901980004,0.17519415803038318
2021-11-03T00:00:00+00:00,2021-11-04T13:20:33.233337245+00:00,2021-11-04T13:20:33.233337245+00:00,NGZ1@2021-11-26,-0.09707432380948144,0.1194543981330492
2021-11-04T00:00:00+00:00,2021-11-05T13:25:13.291234336+00:00,2021-11-05T13:25:13.291234336+00:00,NGZ1@2021-11-26,-0.10538914812159839,0.10206443329070236
2021-11-05T00:00:00+00:00,2021-11-08T14:21:48.471927747+00:00,2021-11-08T14:21:48.471927747+00:00,NGZ1@2021-11-26,-0.10610052438132522,0.08845825371699
2021-11-08T00:00:00+00:00,2021-11-09T14:20:58.626129962+00:00,2021-11-09T14:20:58.626129962+00:00,NGZ1@2021-11-26,-0.0561322382172279,0.08423902981829445
2021-11-09T00:00:00+00:00,2021-11-10T14:20:40.789054058+00:00,2021-11-10T14:20:40.789054058+00:00,NGZ1@2021-11-26,-0.07302273538165205,0.10004454480861136
2021-11-10T00:00:00+00:00,2021-11-11T14:31:05.205818176+00:00,2021-11-11T14:31:05.205818176+00:00,NGZ1@2021-11-26,-0.10147448760229894,0.09992954838522951
2021-11-11T00:00:00+00:00,2021-11-12T14:25:09.186439797+00:00,2021-11-12T14:25:09.186439797+00:00,NGZ1@2021-11-26,-0.0520428894507613,0.09520836181759765
2021-11-12T00:00:00+00:00,2021-11-15T14:21:16.372200801+00:00,2021-11-15T14:21:16.372200801+00:00,NGZ1@2021-11-26,-0.009685069260211954,0.07649483966148764
2021-11-15T00:00:00+00:00,2021-11-16T14:22:50.896797761+00:00,2021-11-16T14:22:50.896797761+00:00,NGZ1@2021-11-26,-0.05633746951989649,0.09627917375298248
2021-11-16T00:00:00+00:00,2021-11-17T14:23:36.185932673+00:00,2021-11-17T14:23:36.185932673+00:00,NGZ1@2021-11-26,-0.01633773895756563,0.09233363757084306
2021-11-17T00:00:00+00:00,2021-11-18T14:19:38.027019217+00:00,2021-11-18T14:19:38.027019217+00:00,NGZ1@2021-11-26,-0.04845756424363279,0.06904075926107105
2021-11-18T00:00:00+00:00,2021-11-19T14:22:59.772366017+00:00,2021-11-19T14:22:59.772366017+00:00,NGZ1@2021-11-26,-0.028728876081053012,0.08285530960364261
2021-11-23T00:00:00+00:00,2021-11-24T14:36:44.797013628+00:00,2021-11-24T14:36:44.797013628+00:00,NGZ1@2021-11-26,-0.044564496755986394,0.05400634855273477
2021-11-24T00:00:00+00:00,2021-11-26T14:25:50.794275142+00:00,2021-11-26T14:25:50.794275142+00:00,NGZ1@2021-11-26,-0.02989258984162413,0.05176830310621475
2021-11-26T00:00:00+00:00,2021-11-29T14:21:29.305030786+00:00,2021-11-29T14:21:29.305030786+00:00,NGF2@2021-12-29,-0.04672258499973159,0.06884247509401237
2021-11-29T00:00:00+00:00,2021-11-30T14:38:32.475174970+00:00,2021-11-30T14:38:32.475174970+00:00,NGF2@2021-12-29,-0.032294002696625856,0.1025076943262182
2021-11-30T00:00:00+00:00,2021-12-01T14:20:25.304601967+00:00,2021-12-01T14:20:25.304601967+00:00,NGF2@2021-12-29,-0.010719350810251327,0.06840324028109819
2021-12-01T00:00:00+00:00,2021-12-02T14:39:24.135393297+00:00,2021-12-02T14:39:24.135393297+00:00,NGF2@2021-12-29,-0.04599230683781763,0.06969708960561237
2021-12-02T00:00:00+00:00,2021-12-03T14:19:33.698390561+00:00,2021-12-03T14:19:33.698390561+00:00,NGF2@2021-12-29,-0.03648162346285233,0.059314262429109546
2021-12-03T00:00:00+00:00,2021-12-06T14:38:36.594139051+00:00,2021-12-06T14:38:36.594139051+00:00,NGF2@2021-12-29,-0.07075578431472818,0.08306389153149282
2021-12-06T00:00:00+00:00,2021-12-07T14:21:28.305483083+00:00,2021-12-07T14:21:28.305483083+00:00,NGF2@2021-12-29,-0.08452504882978085,0.05836863266794305
2021-12-07T00:00:00+00:00,2021-12-08T14:22:16.084136+00:00,2021-12-08T14:22:16.084136+00:00,NGF2@2021-12-29,-0.07275358878389093,0.06499270050481644
2021-12-08T00:00:00+00:00,2021-12-09T14:55:06.578158519+00:00,2021-12-09T14:55:06.578158519+00:00,NGF2@2021-12-29,-0.0712342198656517,0.07250394429519418
2021-12-09T00:00:00+00:00,2021-12-10T14:24:04.410869170+00:00,2021-12-10T14:24:04.410869170+00:00,NGF2@2021-12-29,-0.03610836605141643,0.07740835196377266
2021-12-10T00:00:00+00:00,2021-12-13T14:23:47.657026312+00:00,2021-12-13T14:23:47.657026312+00:00,NGF2@2021-12-29,-0.04904272330641257,0.06390366044064118
2021-12-13T00:00:00+00:00,2021-12-14T14:26:16.323667034+00:00,2021-12-14T14:26:16.323667034+00:00,NGF2@2021-12-29,-0.060920585056900456,0.0585262911229194
2021-12-14T00:00:00+00:00,2021-12-15T14:25:19.833081830+00:00,2021-12-15T14:25:19.833081830+00:00,NGF2@2021-12-29,-0.04181862883957832,0.052259024969820614
2021-12-15T00:00:00+00:00,2021-12-16T14:20:27.991800026+00:00,2021-12-16T14:20:27.991800026+00:00,NGF2@2021-12-29,-0.03252305312194026,0.08266949466874643
2021-12-16T00:00:00+00:00,2021-12-17T14:25:39.074699834+00:00,2021-12-17T14:25:39.074699834+00:00,NGF2@2021-12-29,-0.037348447873391755,0.07010730503096411
2021-12-17T00:00:00+00:00,2021-12-20T14:22:18.373466638+00:00,2021-12-20T14:22:18.373466638+00:00,NGF2@2021-12-29,0.017450539024105538,0.0868230920034197
2021-12-20T00:00:00+00:00,2021-12-21T14:23:04.479677852+00:00,2021-12-21T14:23:04.479677852+00:00,NGF2@2021-12-29,-0.05504095904876127,0.04563956964211386
2021-12-21T00:00:00+00:00,2021-12-22T14:19:51.245322257+00:00,2021-12-22T14:19:51.245322257+00:00,NGF2@2021-12-29,-0.07510697657109777,0.07858278827647552
2021-12-22T00:00:00+00:00,2021-12-23T14:19:54.404835395+00:00,2021-12-23T14:19:54.404835395+00:00,NGF2@2021-12-29,-0.049314031442246886,0.05675324032658948
2021-12-23T00:00:00+00:00,2021-12-27T14:19:46.929834654+00:00,2021-12-27T14:19:46.929834654+00:00,NGF2@2021-12-29,-0.028628676562918565,0.08487854698788153
2021-12-27T00:00:00+00:00,2021-12-28T14:27:10.965739126+00:00,2021-12-28T14:27:10.965739126+00:00,NGF2@2021-12-29,-0.03193294841560079,0.03893088967752888
2021-12-28T00:00:00+00:00,2021-12-29T14:23:36.925412459+00:00,2021-12-29T14:23:36.925412459+00:00,NGF2@2021-12-29,-0.00021651163806757356,0.04831077654182999
2021-12-29T00:00:00+00:00,2021-12-30T14:21:47.053527535+00:00,2021-12-30T14:21:47.053527535+00:00,NGG2@2022-01-27,-0.05384243505698383,0.04297810868449935
2021-12-30T00:00:00+00:00,2021-12-31T14:22:09.221787241+00:00,2021-12-31T14:22:09.221787241+00:00,NGG2@2022-01-27,-0.005422888203893694,0.04749095889258543
2021-12-31T00:00:00+00:00,2022-01-03T14:20:49.180943368+00:00,2022-01-03T14:20:49.180943368+00:00,NGG2@2022-01-27,-0.029354529177888833,0.047528553516306776
2022-01-03T00:00:00+00:00,2022-01-04T14:44:16.429817831+00:00,2022-01-04T14:44:16.429817831+00:00,NGG2@2022-01-27,-0.040756019345790984,0.04725204028457077
2022-01-04T00:00:00+00:00,2022-01-05T14:19:41.399847953+00:00,2022-01-05T14:19:41.399847953+00:00,NGG2@2022-01-27,-0.03373835778511025,0.05419810591707145
2022-01-05T00:00:00+00:00,2022-01-06T14:20:51.375338061+00:00,2022-01-06T14:20:51.375338061+00:00,NGG2@2022-01-27,-0.042000062860351295,0.048750908064235966
2022-01-06T00:00:00+00:00,2022-01-07T14:20:33.492123943+00:00,2022-01-07T14:20:33.492123943+00:00,NGG2@2022-01-27,-0.04889980128392035,0.04462337246830599
2022-01-07T00:00:00+00:00,2022-01-10T14:25:58.049370599+00:00,2022-01-10T14:25:58.049370599+00:00,NGG2@2022-01-27,-0.07888554254359792,0.04536587522475207
2022-01-10T00:00:00+00:00,2022-01-11T14:31:13.742636622+00:00,2022-01-11T14:31:13.742636622+00:00,NGG2@2022-01-27,-0.06898891564571497,0.05224366621537642
2022-01-11T00:00:00+00:00,2022-01-12T14:57:17.237015546+00:00,2022-01-12T14:57:17.237015546+00:00,NGG2@2022-01-27,-0.055148867949896374,0.05900840035254138
2022-01-12T00:00:00+00:00,2022-01-13T14:38:23.254380110+00:00,2022-01-13T14:38:23.254380110+00:00,NGG2@2022-01-27,-0.04395262400309241,0.12401163578033447
2022-01-13T00:00:00+00:00,2022-01-14T14:32:11.611166164+00:00,2022-01-14T14:32:11.611166164+00:00,NGG2@2022-01-27,0.0037898236913103123,0.05574992306744743
2022-01-14T00:00:00+00:00,2022-01-18T14:20:03.852899949+00:00,2022-01-18T14:20:03.852899949+00:00,NGG2@2022-01-27,-0.05179498775341418,0.05255144727376687
2022-01-18T00:00:00+00:00,2022-01-19T14:20:27.539057309+00:00,2022-01-19T14:20:27.539057309+00:00,NGG2@2022-01-27,-0.04326634371981908,0.07307299358003279
2022-01-19T00:00:00+00:00,2022-01-20T14:22:10.568429220+00:00,2022-01-20T14:22:10.568429220+00:00,NGG2@2022-01-27,0.028325650599095864,0.06039171190290423
2022-01-20T00:00:00+00:00,2022-01-21T14:23:48.316412434+00:00,2022-01-21T14:23:48.316412434+00:00,NGG2@2022-01-27,0.0069003662505706664,0.12122179006601308
2022-01-24T00:00:00+00:00,2022-01-25T14:38:31.741917502+00:00,2022-01-25T14:38:31.741917502+00:00,NGG2@2022-01-27,-0.01121866823446871,0.03708661204636699
2022-01-25T00:00:00+00:00,2022-01-26T14:21:07.083375642+00:00,2022-01-26T14:21:07.083375642+00:00,NGG2@2022-01-27,-0.0034141032402893456,0.04096694573664465
2022-01-26T00:00:00+00:00,2022-01-27T14:22:19.522887886+00:00,2022-01-27T14:22:19.522887886+00:00,NGH2@2022-02-24,-0.03260105596878393,0.07819863170311409
2022-01-27T00:00:00+00:00,2022-01-28T14:24:13.107703446+00:00,2022-01-28T14:24:13.107703446+00:00,NGH2@2022-02-24,-0.07265665559117407,0.07979572161939616
2022-01-28T00:00:00+00:00,2022-01-31T14:25:55.895194972+00:00,2022-01-31T14:25:55.895194972+00:00,NGH2@2022-02-24,-0.029903066183712523,0.12181298310822769
2022-01-31T00:00:00+00:00,2022-02-01T14:21:16.907181925+00:00,2022-02-01T14:21:16.907181925+00:00,NGH2@2022-02-24,-0.07698987655577683,0.055324150042065166
2022-02-01T00:00:00+00:00,2022-02-02T14:25:50.468530266+00:00,2022-02-02T14:25:50.468530266+00:00,NGH2@2022-02-24,-0.06710150302984774,0.06196447519155649
2022-02-02T00:00:00+00:00,2022-02-03T14:20:03.748569159+00:00,2022-02-03T14:20:03.748569159+00:00,NGH2@2022-02-24,-0.05488136831412893,0.06715930713994188
2022-02-03T00:00:00+00:00,2022-02-04T14:22:23.073871498+00:00,2022-02-04T14:22:23.073871498+00:00,NGH2@2022-02-24,-0.041649100746634415,0.0629519835930567
2022-02-04T00:00:00+00:00,2022-02-07T14:20:42.716560120+00:00,2022-02-07T14:20:42.716560120+00:00,NGH2@2022-02-24,-0.06997104900205164,0.07174111878178384
2022-02-07T00:00:00+00:00,2022-02-08T14:31:55.497323083+00:00,2022-02-08T14:31:55.497323083+00:00,NGH2@2022-02-24,-0.009192031863932582,0.0583237534088586
2022-02-08T00:00:00+00:00,2022-02-09T14:19:49.585935615+00:00,2022-02-09T14:19:49.585935615+00:00,NGH2@2022-02-24,-0.01280406526241562,0.05514015662277572
2022-02-09T00:00:00+00:00,2022-02-10T14:25:08.578532482+00:00,2022-02-10T14:25:08.578532482+00:00,NGH2@2022-02-24,-0.015149397727770686,0.06335479973335943
2022-02-10T00:00:00+00:00,2022-02-11T14:25:26.404495707+00:00,2022-02-11T14:25:26.404495707+00:00,NGH2@2022-02-24,-0.06478897283964902,0.05257971465994937
2022-02-11T00:00:00+00:00,2022-02-14T14:20:57.718057929+00:00,2022-02-14T14:20:57.718057929+00:00,NGH2@2022-02-24,-0.04722076654434204,0.05595523118972778
2022-02-14T00:00:00+00:00,2022-02-15T14:24:56.238773889+00:00,2022-02-15T14:24:56.238773889+00:00,NGH2@2022-02-24,-0.07561745998986813,0.041289492930950036
2022-02-15T00:00:00+00:00,2022-02-16T14:21:47.436585921+00:00,2022-02-16T14:21:47.436585921+00:00,NGH2@2022-02-24,-0.016884764442956723,0.07162672100645123
2022-02-16T00:00:00+00:00,2022-02-17T14:20:02.286760476+00:00,2022-02-17T14:20:02.286760476+00:00,NGH2@2022-02-24,-0.03140117318477287,0.0701976961685161
2022-02-17T00:00:00+00:00,2022-02-18T14:22:13.925244248+00:00,2022-02-18T14:22:13.925244248+00:00,NGH2@2022-02-24,-0.044413818661862,0.05632129534750783
2022-02-18T00:00:00+00:00,2022-02-22T14:50:15.761687626+00:00,2022-02-22T14:50:15.761687626+00:00,NGH2@2022-02-24,-0.02761368442782408,0.05525361290938562
2022-02-22T00:00:00+00:00,2022-02-23T14:20:01.056557930+00:00,2022-02-23T14:20:01.056557930+00:00,NGH2@2022-02-24,0.0014424403069426273,0.054415602710365586
2022-02-23T00:00:00+00:00,2022-02-24T14:20:22.104610159+00:00,2022-02-24T14:20:22.104610159+00:00,NGH2@2022-02-24,-0.019130580423723953,0.05531844387107779
2022-02-24T00:00:00+00:00,2022-02-25T15:11:28.964245363+00:00,2022-02-25T15:11:28.964245363+00:00,NGJ2@2022-03-29,-0.06795534330881314,0.06405815311158522
2022-02-25T00:00:00+00:00,2022-02-28T14:36:21.148173092+00:00,2022-02-28T14:36:21.148173092+00:00,NGJ2@2022-03-29,-0.031902742003033335,0.07803731470848171
2022-02-28T00:00:00+00:00,2022-03-01T14:22:09.830213128+00:00,2022-03-01T14:22:09.830213128+00:00,NGJ2@2022-03-29,-0.05664017320248338,0.06916935429244617
2022-03-01T00:00:00+00:00,2022-03-02T14:43:50.663208950+00:00,2022-03-02T14:43:50.663208950+00:00,NGJ2@2022-03-29,-0.0878054894596697,0.07296901151358363
2022-03-02T00:00:00+00:00,2022-03-03T15:01:07.169270541+00:00,2022-03-03T15:01:07.169270541+00:00,NGJ2@2022-03-29,-0.07864480007758334,0.09160790969510671
2022-03-03T00:00:00+00:00,2022-03-04T14:20:03.040941293+00:00,2022-03-04T14:20:03.040941293+00:00,NGJ2@2022-03-29,-0.07446087833614412,0.06058585588694721
2022-03-04T00:00:00+00:00,2022-03-07T14:23:12.995130700+00:00,2022-03-07T14:23:12.995130700+00:00,NGJ2@2022-03-29,-0.06221734621623243,0.051188473781968176
2022-03-07T00:00:00+00:00,2022-03-08T14:20:47.012178370+00:00,2022-03-08T14:20:47.012178370+00:00,NGJ2@2022-03-29,-0.07803807911495386,0.07134635112103815
2022-03-09T00:00:00+00:00,2022-03-10T14:20:21.362944042+00:00,2022-03-10T14:20:21.362944042+00:00,NGJ2@2022-03-29,-0.03157302866526002,0.06788529322762185
2022-03-10T00:00:00+00:00,2022-03-11T14:22:00.176082164+00:00,2022-03-11T14:22:00.176082164+00:00,NGJ2@2022-03-29,-0.05882630094655783,0.06389842843109707
2022-03-11T00:00:00+00:00,2022-03-14T13:20:24.086403235+00:00,2022-03-14T13:20:24.086403235+00:00,NGJ2@2022-03-29,-0.038555678105194224,0.07058380034145893
2022-03-14T00:00:00+00:00,2022-03-15T13:35:55.772189877+00:00,2022-03-15T13:35:55.772189877+00:00,NGJ2@2022-03-29,-0.03118415461554991,0.06970501602619322
2022-03-15T00:00:00+00:00,2022-03-16T13:44:15.047269479+00:00,2022-03-16T13:44:15.047269479+00:00,NGJ2@2022-03-29,-0.032825030928455456,0.06476380537697857
2022-03-16T00:00:00+00:00,2022-03-17T13:43:37.928759280+00:00,2022-03-17T13:43:37.928759280+00:00,NGJ2@2022-03-29,-0.04275884523849682,0.0769019428179258
2022-03-17T00:00:00+00:00,2022-03-18T13:50:00.768558328+00:00,2022-03-18T13:50:00.768558328+00:00,NGJ2@2022-03-29,-0.057125934019845004,0.09137451273992225
2022-03-18T00:00:00+00:00,2022-03-21T13:23:46.916626748+00:00,2022-03-21T13:23:46.916626748+00:00,NGJ2@2022-03-29,-0.050841491885870616,0.05550015106356715
2022-03-21T00:00:00+00:00,2022-03-22T13:22:46.474957484+00:00,2022-03-22T13:22:46.474957484+00:00,NGJ2@2022-03-29,-0.0748401990036972,0.05708102840984388
2022-03-22T00:00:00+00:00,2022-03-23T13:30:17.639950570+00:00,2022-03-23T13:30:17.639950570+00:00,NGJ2@2022-03-29,-0.061226221863111885,0.09650299990687031
2022-03-23T00:00:00+00:00,2022-03-24T13:20:45.614177441+00:00,2022-03-24T13:20:45.614177441+00:00,NGJ2@2022-03-29,-0.06917351084454759,0.06893895531593358
2022-03-24T00:00:00+00:00,2022-03-25T13:23:57.628632831+00:00,2022-03-25T13:23:57.628632831+00:00,NGJ2@2022-03-29,-0.07898986026724009,0.09404315622952426
2022-03-25T00:00:00+00:00,2022-03-28T13:23:42.888365154+00:00,2022-03-28T13:23:42.888365154+00:00,NGJ2@2022-03-29,-0.05320244447947975,0.06842884199296269
2022-03-28T00:00:00+00:00,2022-03-29T14:02:56.257092761+00:00,2022-03-29T14:02:56.257092761+00:00,NGJ2@2022-03-29,-0.10300130988270217,0.08502707327677891
2022-03-30T00:00:00+00:00,2022-03-31T14:09:30.189921697+00:00,2022-03-31T14:09:30.189921697+00:00,NGK2@2022-04-27,-0.03534209832979274,0.06195103927647873
2022-03-31T00:00:00+00:00,2022-04-01T14:07:22.560073639+00:00,2022-04-01T14:07:22.560073639+00:00,NGK2@2022-04-27,-0.016185149284862255,0.04442301464602496
2022-04-01T00:00:00+00:00,2022-04-04T13:20:04.361633891+00:00,2022-04-04T13:20:04.361633891+00:00,NGK2@2022-04-27,-0.01086998252508653,0.049389812838818714
2022-04-04T00:00:00+00:00,2022-04-05T13:20:37.818851699+00:00,2022-04-05T13:20:37.818851699+00:00,NGK2@2022-04-27,-0.07054065377975693,0.06699173930280135
2022-04-05T00:00:00+00:00,2022-04-06T13:32:29.748192883+00:00,2022-04-06T13:32:29.748192883+00:00,NGK2@2022-04-27,-0.04237837016474533,0.07918449086528936
2022-04-06T00:00:00+00:00,2022-04-07T13:20:48.415554743+00:00,2022-04-07T13:20:48.415554743+00:00,NGK2@2022-04-27,-0.08237269359269161,0.05202175948420182
2022-04-07T00:00:00+00:00,2022-04-08T14:13:10.032015192+00:00,2022-04-08T14:13:10.032015192+00:00,NGK2@2022-04-27,-0.08724704942576289,0.09009839971269026
2022-04-08T00:00:00+00:00,2022-04-11T13:19:24.666283342+00:00,2022-04-11T13:19:24.666283342+00:00,NGK2@2022-04-27,-0.0783641466968441,0.06963165288031092
2022-04-11T00:00:00+00:00,2022-04-12T13:32:58.877922954+00:00,2022-04-12T13:32:58.877922954+00:00,NGK2@2022-04-27,-0.16832386410060818,0.0520749725473436
2022-04-12T00:00:00+00:00,2022-04-13T13:25:51.819371677+00:00,2022-04-13T13:25:51.819371677+00:00,NGK2@2022-04-27,-0.11738018749613577,0.0737681395263125
2022-04-13T00:00:00+00:00,2022-04-14T13:58:09.778943578+00:00,2022-04-14T13:58:09.778943578+00:00,NGK2@2022-04-27,-0.1482130948266872,0.05145819137733587
2022-04-14T00:00:00+00:00,2022-04-18T13:26:39.294363634+00:00,2022-04-18T13:26:39.294363634+00:00,NGK2@2022-04-27,-0.15734862812293904,0.07431768618748986
2022-04-18T00:00:00+00:00,2022-04-19T13:42:36.364380878+00:00,2022-04-19T13:42:36.364380878+00:00,NGK2@2022-04-27,-0.22733755255857246,0.07326646306836664
2022-04-19T00:00:00+00:00,2022-04-20T13:21:56.218305320+00:00,2022-04-20T13:21:56.218305320+00:00,NGK2@2022-04-27,-0.15798531638251412,0.0810356272591485
2022-04-20T00:00:00+00:00,2022-04-21T13:36:37.788304806+00:00,2022-04-21T13:36:37.788304806+00:00,NGK2@2022-04-27,-0.08381695316156079,0.06394027173085835
2022-04-21T00:00:00+00:00,2022-04-22T13:52:04.829488656+00:00,2022-04-22T13:52:04.829488656+00:00,NGK2@2022-04-27,-0.07859807742775693,0.12800514869799876
2022-04-22T00:00:00+00:00,2022-04-25T13:22:18.656556971+00:00,2022-04-25T13:22:18.656556971+00:00,NGK2@2022-04-27,-0.1409873372348629,0.07025061516640081
2022-04-25T00:00:00+00:00,2022-04-26T13:31:20.524041472+00:00,2022-04-26T13:31:20.524041472+00:00,NGK2@2022-04-27,-0.18970881597422407,0.14412304011903038
2022-04-26T00:00:00+00:00,2022-04-27T13:25:51.095202443+00:00,2022-04-27T13:25:51.095202443+00:00,NGK2@2022-04-27,-0.2408536462222829,0.176465721691356
2022-04-27T00:00:00+00:00,2022-04-28T13:19:37.593331246+00:00,2022-04-28T13:19:37.593331246+00:00,NGM2@2022-05-26,-0.08888535208056592,0.12159933169335777
2022-04-28T00:00:00+00:00,2022-04-29T13:19:35.512184757+00:00,2022-04-29T13:19:35.512184757+00:00,NGM2@2022-05-26,-0.14997402643192714,0.1488764851079511
2022-04-29T00:00:00+00:00,2022-05-02T13:19:55.714456750+00:00,2022-05-02T13:19:55.714456750+00:00,NGM2@2022-05-26,-0.10544894990466891,0.0771250701756869
2022-05-02T00:00:00+00:00,2022-05-03T13:20:09.869985203+00:00,2022-05-03T13:20:09.869985203+00:00,NGM2@2022-05-26,-0.18567273386792882,0.1001623221052026
2022-05-03T00:00:00+00:00,2022-05-04T13:22:15.943591391+00:00,2022-05-04T13:22:15.943591391+00:00,NGM2@2022-05-26,-0.18994536066910372,0.12594122597389845
2022-05-04T00:00:00+00:00,2022-05-05T14:15:46.904476227+00:00,2022-05-05T14:15:46.904476227+00:00,NGM2@2022-05-26,-0.13205112294705634,0.09486201954468546
2022-05-05T00:00:00+00:00,2022-05-06T13:43:53.896312243+00:00,2022-05-06T13:43:53.896312243+00:00,NGM2@2022-05-26,-0.13730209641245916,0.06314002252893473
2022-05-06T00:00:00+00:00,2022-05-09T13:37:20.306954718+00:00,2022-05-09T13:37:20.306954718+00:00,NGM2@2022-05-26,-0.07987563775276096,0.055674995161390385
2022-05-09T00:00:00+00:00,2022-05-10T13:42:36.536610182+00:00,2022-05-10T13:42:36.536610182+00:00,NGM2@2022-05-26,-0.11375496965567855,0.07562468133151312
2022-05-10T00:00:00+00:00,2022-05-11T13:50:33.531379886+00:00,2022-05-11T13:50:33.531379886+00:00,NGM2@2022-05-26,-0.1267280930771052,0.0720428701913975
2022-05-11T00:00:00+00:00,2022-05-12T13:24:46.403449569+00:00,2022-05-12T13:24:46.403449569+00:00,NGM2@2022-05-26,-0.10342062624915849,0.06787523416526159
2022-05-12T00:00:00+00:00,2022-05-13T13:27:42.386773983+00:00,2022-05-13T13:27:42.386773983+00:00,NGM2@2022-05-26,-0.07351529706467608,0.12588086604453555
2022-05-13T00:00:00+00:00,2022-05-16T13:20:31.681542857+00:00,2022-05-16T13:20:31.681542857+00:00,NGM2@2022-05-26,-0.14958601515926861,0.07388623672281154
2022-05-16T00:00:00+00:00,2022-05-17T13:20:37.944740260+00:00,2022-05-17T13:20:37.944740260+00:00,NGM2@2022-05-26,-0.1297032346260688,0.06276800778087166
2022-05-17T00:00:00+00:00,2022-05-18T13:27:22.658038380+00:00,2022-05-18T13:27:22.658038380+00:00,NGM2@2022-05-26,-0.06367931329427556,0.07073495579862046
2022-05-18T00:00:00+00:00,2022-05-19T13:20:25.792429791+00:00,2022-05-19T13:20:25.792429791+00:00,NGM2@2022-05-26,-0.07083322680181059,0.08955022924858688
2022-05-19T00:00:00+00:00,2022-05-20T13:20:06.524941663+00:00,2022-05-20T13:20:06.524941663+00:00,NGM2@2022-05-26,-0.080757835847582,0.0678650661431397
2022-05-20T00:00:00+00:00,2022-05-23T13:22:05.117524522+00:00,2022-05-23T13:22:05.117524522+00:00,NGM2@2022-05-26,-0.06290923729520426,0.08709053745871
2022-05-23T00:00:00+00:00,2022-05-24T13:19:43.365348883+00:00,2022-05-24T13:19:43.365348883+00:00,NGM2@2022-05-26,-0.12586875356172222,0.08233482799772184
2022-05-24T00:00:00+00:00,2022-05-25T13:19:26.314630280+00:00,2022-05-25T13:19:26.314630280+00:00,NGM2@2022-05-26,-0.1553355452987043,0.11053645870717195
2022-05-25T00:00:00+00:00,2022-05-26T13:20:32.814532261+00:00,2022-05-26T13:20:32.814532261+00:00,NGN2@2022-06-28,-0.2584514111320019,0.21200224381202404
2022-05-26T00:00:00+00:00,2022-05-27T13:33:09.088093146+00:00,2022-05-27T13:33:09.088093146+00:00,NGN2@2022-06-28,-0.22284895185707865,0.21255851035050027
2022-05-27T00:00:00+00:00,2022-05-31T13:32:16.649191728+00:00,2022-05-31T13:32:16.649191728+00:00,NGN2@2022-06-28,-0.09414416012218585,0.117020920213341
2022-05-31T00:00:00+00:00,2022-06-01T13:37:52.874783710+00:00,2022-06-01T13:37:52.874783710+00:00,NGN2@2022-06-28,-0.1492066330847982,0.1084505321470831
2022-06-01T00:00:00+00:00,2022-06-02T13:22:17.647616905+00:00,2022-06-02T13:22:17.647616905+00:00,NGN2@2022-06-28,-0.1131920576449682,0.12415307706442612
2022-06-02T00:00:00+00:00,2022-06-03T13:24:32.091486788+00:00,2022-06-03T13:24:32.091486788+00:00,NGN2@2022-06-28,-0.12638446527196356,0.08570073427588826
2022-06-03T00:00:00+00:00,2022-06-06T13:19:43.660021580+00:00,2022-06-06T13:19:43.660021580+00:00,NGN2@2022-06-28,-0.1147807141715127,0.06948163490103312
2022-06-06T00:00:00+00:00,2022-06-07T13:19:58.699260975+00:00,2022-06-07T13:19:58.699260975+00:00,NGN2@2022-06-28,-0.22425911124861309,0.09055567882433971
2022-06-07T00:00:00+00:00,2022-06-08T13:32:34.115513349+00:00,2022-06-08T13:32:34.115513349+00:00,NGN2@2022-06-28,-0.13348257382880135,0.05140340131333869
2022-06-08T00:00:00+00:00,2022-06-09T13:20:05.591514571+00:00,2022-06-09T13:20:05.591514571+00:00,NGN2@2022-06-28,-0.06487368067290333,0.077579200544887
2022-06-09T00:00:00+00:00,2022-06-10T13:38:41.427251021+00:00,2022-06-10T13:38:41.427251021+00:00,NGN2@2022-06-28,-0.06792061744673106,0.09696446770337507
2022-06-10T00:00:00+00:00,2022-06-13T13:31:20.281783198+00:00,2022-06-13T13:31:20.281783198+00:00,NGN2@2022-06-28,-0.09430666694227186,0.09283978621800376
2022-06-13T00:00:00+00:00,2022-06-14T14:05:28.922192878+00:00,2022-06-14T14:05:28.922192878+00:00,NGN2@2022-06-28,-0.05838124569700398,0.06257874860099981
2022-06-14T00:00:00+00:00,2022-06-15T13:24:10.051047762+00:00,2022-06-15T13:24:10.051047762+00:00,NGN2@2022-06-28,-0.08051906224943106,0.11005788129454709
2022-06-15T00:00:00+00:00,2022-06-16T13:39:21.989603015+00:00,2022-06-16T13:39:21.989603015+00:00,NGN2@2022-06-28,-0.06491358980562023,0.08767488653467034
2022-06-16T00:00:00+00:00,2022-06-17T14:07:39.303347846+00:00,2022-06-17T14:07:39.303347846+00:00,NGN2@2022-06-28,-0.09901346460824312,0.09897599317092351
2022-06-17T00:00:00+00:00,2022-06-21T13:43:07.538053216+00:00,2022-06-21T13:43:07.538053216+00:00,NGN2@2022-06-28,-0.11145775935889823,0.07152203403992963
2022-06-21T00:00:00+00:00,2022-06-22T13:23:20.781953449+00:00,2022-06-22T13:23:20.781953449+00:00,NGN2@2022-06-28,-0.03503373819748534,0.06576510702379632
2022-06-22T00:00:00+00:00,2022-06-23T13:31:51.447107641+00:00,2022-06-23T13:31:51.447107641+00:00,NGN2@2022-06-28,-0.08804587919914597,0.065935990494161
2022-06-23T00:00:00+00:00,2022-06-24T14:06:23.183838923+00:00,2022-06-24T14:06:23.183838923+00:00,NGN2@2022-06-28,-0.06612794996553073,0.08977986255604681
2022-06-24T00:00:00+00:00,2022-06-27T13:22:42.247335884+00:00,2022-06-27T13:22:42.247335884+00:00,NGN2@2022-06-28,-0.03623091813406798,0.07353009734222496
2022-06-27T00:00:00+00:00,2022-06-28T13:21:10.918896776+00:00,2022-06-28T13:21:10.918896776+00:00,NGN2@2022-06-28,-0.02125363784754364,0.05386275234207546
2022-06-29T00:00:00+00:00,2022-06-30T13:20:48.551603698+00:00,2022-06-30T13:20:48.551603698+00:00,NGQ2@2022-07-27,-0.0182840532291626,0.06497619245899769
2022-06-30T00:00:00+00:00,2022-07-01T13:19:39.216562817+00:00,2022-07-01T13:19:39.216562817+00:00,NGQ2@2022-07-27,-0.1360899418760827,0.07725401786761096
2022-07-01T00:00:00+00:00,2022-07-05T13:22:41.368785884+00:00,2022-07-05T13:22:41.368785884+00:00,NGQ2@2022-07-27,-0.02104058723856972,0.0703322929843889
2022-07-05T00:00:00+00:00,2022-07-06T13:20:01.012938467+00:00,2022-07-06T13:20:01.012938467+00:00,NGQ2@2022-07-27,0.019588162985599844,0.06671919032891732
2022-07-06T00:00:00+00:00,2022-07-07T13:22:43.292178511+00:00,2022-07-07T13:22:43.292178511+00:00,NGQ2@2022-07-27,0.053996595632014754,0.06983832368107563
2022-07-07T00:00:00+00:00,2022-07-08T13:37:55.670419131+00:00,2022-07-08T13:37:55.670419131+00:00,NGQ2@2022-07-27,-0.051254053175901704,0.07481284736720768
2022-07-08T00:00:00+00:00,2022-07-11T13:33:04.158073322+00:00,2022-07-11T13:33:04.158073322+00:00,NGQ2@2022-07-27,-0.03761356140609551,0.0905214865832111
2022-07-11T00:00:00+00:00,2022-07-12T13:32:07.361045383+00:00,2022-07-12T13:32:07.361045383+00:00,NGQ2@2022-07-27,-0.03395982344251658,0.06757062165227168
2022-07-12T00:00:00+00:00,2022-07-13T13:31:33.668583475+00:00,2022-07-13T13:31:33.668583475+00:00,NGQ2@2022-07-27,0.030866273218770335,0.07452640273840165
2022-07-13T00:00:00+00:00,2022-07-14T13:27:58.091748675+00:00,2022-07-14T13:27:58.091748675+00:00,NGQ2@2022-07-27,-0.03526987451386199,0.0695211544184095
2022-07-14T00:00:00+00:00,2022-07-15T13:37:17.655365926+00:00,2022-07-15T13:37:17.655365926+00:00,NGQ2@2022-07-27,-0.052272115110925776,0.06932551738906842
2022-07-15T00:00:00+00:00,2022-07-18T13:19:49.645325078+00:00,2022-07-18T13:19:49.645325078+00:00,NGQ2@2022-07-27,-0.04635249102358574,0.08136524085167504
2022-07-18T00:00:00+00:00,2022-07-19T13:21:23.834625001+00:00,2022-07-19T13:21:23.834625001+00:00,NGQ2@2022-07-27,-0.07986757890233454,0.06901639491078668
2022-07-19T00:00:00+00:00,2022-07-20T13:20:33.246601413+00:00,2022-07-20T13:20:33.246601413+00:00,NGQ2@2022-07-27,-0.05351917231389247,0.09857995579189262
2022-07-20T00:00:00+00:00,2022-07-21T13:20:56.235077368+00:00,2022-07-21T13:20:56.235077368+00:00,NGQ2@2022-07-27,-0.03201743056994122,0.10371476755068583
2022-07-21T00:00:00+00:00,2022-07-22T13:20:47.589082575+00:00,2022-07-22T13:20:47.589082575+00:00,NGQ2@2022-07-27,-0.02649996071041416,0.0850734766513462
2022-07-22T00:00:00+00:00,2022-07-25T13:20:33.216247166+00:00,2022-07-25T13:20:33.216247166+00:00,NGQ2@2022-07-27,-0.00374645070093782,0.0875888711928173
2022-07-25T00:00:00+00:00,2022-07-26T13:36:44.238410418+00:00,2022-07-26T13:36:44.238410418+00:00,NGQ2@2022-07-27,-0.06196008696347355,0.06439855249176112
2022-07-26T00:00:00+00:00,2022-07-27T13:20:38.585571499+00:00,2022-07-27T13:20:38.585571499+00:00,NGQ2@2022-07-27,0.00023076966119761622,0.09043374802199373
2022-07-27T00:00:00+00:00,2022-07-28T13:20:26.306132410+00:00,2022-07-28T13:20:26.306132410+00:00,NGU2@2022-08-29,-0.07173178788554468,0.07022593062737084
2022-07-28T00:00:00+00:00,2022-07-29T13:57:25.901881697+00:00,2022-07-29T13:57:25.901881697+00:00,NGU2@2022-08-29,-0.04375373374287239,0.0758812821500346
2022-07-29T00:00:00+00:00,2022-08-01T13:22:10.536863530+00:00,2022-08-01T13:22:10.536863530+00:00,NGU2@2022-08-29,-0.06600134516004019,0.07243200169074603
2022-08-01T00:00:00+00:00,2022-08-02T13:20:39.318233006+00:00,2022-08-02T13:20:39.318233006+00:00,NGU2@2022-08-29,-0.06155450270035423,0.06804258673544995
2022-08-02T00:00:00+00:00,2022-08-03T13:20:25.278032643+00:00,2022-08-03T13:20:25.278032643+00:00,NGU2@2022-08-29,-0.06012806029653306,0.08661367782348299
2022-08-03T00:00:00+00:00,2022-08-04T13:55:30.575734601+00:00,2022-08-04T13:55:30.575734601+00:00,NGU2@2022-08-29,-0.07169839409064194,0.06147191479684658
2022-08-04T00:00:00+00:00,2022-08-05T13:21:21.612355291+00:00,2022-08-05T13:21:21.612355291+00:00,NGU2@2022-08-29,-0.06506513769573274,0.08577353133010958
2022-08-05T00:00:00+00:00,2022-08-08T13:25:12.782476696+00:00,2022-08-08T13:25:12.782476696+00:00,NGU2@2022-08-29,-0.024264176587325936,0.08095354679448391
2022-08-08T00:00:00+00:00,2022-08-09T13:23:17.182628903+00:00,2022-08-09T13:23:17.182628903+00:00,NGU2@2022-08-29,-0.06170204295465198,0.06870831964964079
2022-08-09T00:00:00+00:00,2022-08-10T13:19:34.073279706+00:00,2022-08-10T13:19:34.073279706+00:00,NGU2@2022-08-29,-0.027725693952079133,0.13477418729718696
2022-08-10T00:00:00+00:00,2022-08-11T13:41:49.475786787+00:00,2022-08-11T13:41:49.475786787+00:00,NGU2@2022-08-29,-0.03973342731834806,0.09274831462173797
2022-08-11T00:00:00+00:00,2022-08-12T13:20:57.326207665+00:00,2022-08-12T13:20:57.326207665+00:00,NGU2@2022-08-29,-0.019422964366980877,0.09805801066946476
2022-08-12T00:00:00+00:00,2022-08-15T13:19:25.216094963+00:00,2022-08-15T13:19:25.216094963+00:00,NGU2@2022-08-29,-0.03283651434479096,0.0797831116070237
2022-08-15T00:00:00+00:00,2022-08-16T13:21:28.131822207+00:00,2022-08-16T13:21:28.131822207+00:00,NGU2@2022-08-29,-0.10828264232567342,0.08337315971617837
2022-08-16T00:00:00+00:00,2022-08-17T13:21:56.993439586+00:00,2022-08-17T13:21:56.993439586+00:00,NGU2@2022-08-29,-0.06587172960023102,0.09054874874801015
2022-08-17T00:00:00+00:00,2022-08-18T13:20:43.316958109+00:00,2022-08-18T13:20:43.316958109+00:00,NGU2@2022-08-29,-0.05701195047601826,0.09212718437199814
2022-08-18T00:00:00+00:00,2022-08-19T13:21:40.860144952+00:00,2022-08-19T13:21:40.860144952+00:00,NGU2@2022-08-29,-0.05059086485863973,0.11939262486041548
2022-08-19T00:00:00+00:00,2022-08-22T13:20:50.450749737+00:00,2022-08-22T13:20:50.450749737+00:00,NGU2@2022-08-29,-0.07866017571811013,0.08710273380937249
2022-08-22T00:00:00+00:00,2022-08-23T13:22:13.330483448+00:00,2022-08-23T13:22:13.330483448+00:00,NGU2@2022-08-29,-0.12755190568891583,0.08817062664836484
2022-08-23T00:00:00+00:00,2022-08-24T13:21:25.280574111+00:00,2022-08-24T13:21:25.280574111+00:00,NGU2@2022-08-29,-0.08815553480738714,0.08370023822722537
2022-08-24T00:00:00+00:00,2022-08-25T13:38:09.502412600+00:00,2022-08-25T13:38:09.502412600+00:00,NGU2@2022-08-29,-0.0583328463144398,0.07918919373713189
2022-08-25T00:00:00+00:00,2022-08-26T13:47:55.616428275+00:00,2022-08-26T13:47:55.616428275+00:00,NGU2@2022-08-29,-0.05124575073956039,0.09431296495095902
2022-08-26T00:00:00+00:00,2022-08-29T14:08:23.308856517+00:00,2022-08-29T14:08:23.308856517+00:00,NGU2@2022-08-29,-0.10591037488290678,0.1285185629717782
2022-08-30T00:00:00+00:00,2022-08-31T13:44:36.383362148+00:00,2022-08-31T13:44:36.383362148+00:00,NGV2@2022-09-28,-0.06518479751456152,0.09027928264553377
2022-08-31T00:00:00+00:00,2022-09-01T13:23:08.993882270+00:00,2022-09-01T13:23:08.993882270+00:00,NGV2@2022-09-28,-0.11244613368336742,0.08859898155159236
2022-09-01T00:00:00+00:00,2022-09-02T13:24:43.736426163+00:00,2022-09-02T13:24:43.736426163+00:00,NGV2@2022-09-28,-0.10278131260408074,0.0980282359595341
2022-09-02T00:00:00+00:00,2022-09-06T14:10:49.681734411+00:00,2022-09-06T14:10:49.681734411+00:00,NGV2@2022-09-28,-0.0515901757957854,0.08780199392434855
2022-09-06T00:00:00+00:00,2022-09-07T14:23:45.329242868+00:00,2022-09-07T14:23:45.329242868+00:00,NGV2@2022-09-28,-0.10222060644804531,0.11761953581624958
2022-09-07T00:00:00+00:00,2022-09-08T14:16:29.167652305+00:00,2022-09-08T14:16:29.167652305+00:00,NGV2@2022-09-28,-0.10578299512238998,0.13963907639548476
2022-09-08T00:00:00+00:00,2022-09-09T13:24:53.996357643+00:00,2022-09-09T13:24:53.996357643+00:00,NGV2@2022-09-28,-0.1274989346863038,0.1185514197742915
2022-09-09T00:00:00+00:00,2022-09-12T13:23:55.084374977+00:00,2022-09-12T13:23:55.084374977+00:00,NGV2@2022-09-28,-0.07406825691824914,0.07114021242421252
2022-09-12T00:00:00+00:00,2022-09-13T13:41:45.982056081+00:00,2022-09-13T13:41:45.982056081+00:00,NGV2@2022-09-28,-0.11480409908136069,0.08290203146142613
2022-09-13T00:00:00+00:00,2022-09-14T13:43:18.706171541+00:00,2022-09-14T13:43:18.706171541+00:00,NGV2@2022-09-28,-0.055801002123883725,0.07686348816820683
2022-09-14T00:00:00+00:00,2022-09-15T13:22:29.062828325+00:00,2022-09-15T13:22:29.062828325+00:00,NGV2@2022-09-28,-0.019318665877923857,0.09127404698690895
2022-09-15T00:00:00+00:00,2022-09-16T13:20:50.328039392+00:00,2022-09-16T13:20:50.328039392+00:00,NGV2@2022-09-28,-0.08791778305672948,0.07989769051249715
2022-09-16T00:00:00+00:00,2022-09-19T14:01:47.342986935+00:00,2022-09-19T14:01:47.342986935+00:00,NGV2@2022-09-28,-0.10492218103466155,0.07912916525315793
2022-09-19T00:00:00+00:00,2022-09-20T13:22:21.803476116+00:00,2022-09-20T13:22:21.803476116+00:00,NGV2@2022-09-28,-0.125433239927769,0.0706652133354588
2022-09-20T00:00:00+00:00,2022-09-21T13:25:10.469117247+00:00,2022-09-21T13:25:10.469117247+00:00,NGV2@2022-09-28,-0.027664553734564,0.06939949527863533
2022-09-21T00:00:00+00:00,2022-09-22T13:23:42.950146950+00:00,2022-09-22T13:23:42.950146950+00:00,NGV2@2022-09-28,-0.04134628830360354,0.06715730901557652
2022-09-22T00:00:00+00:00,2022-09-23T13:23:59.926950423+00:00,2022-09-23T13:23:59.926950423+00:00,NGV2@2022-09-28,-0.06370611378516655,0.07507177743681719
2022-09-23T00:00:00+00:00,2022-09-26T13:23:18.912029029+00:00,2022-09-26T13:23:18.912029029+00:00,NGV2@2022-09-28,-0.04053783821024548,0.08649621123442296
2022-09-26T00:00:00+00:00,2022-09-27T13:21:06.562423469+00:00,2022-09-27T13:21:06.562423469+00:00,NGV2@2022-09-28,-0.06454031494842183,0.07034567580825982
2022-09-27T00:00:00+00:00,2022-09-28T13:21:33.154966179+00:00,2022-09-28T13:21:33.154966179+00:00,NGV2@2022-09-28,-0.08083406563401663,0.09487788355891952
2022-09-28T00:00:00+00:00,2022-09-29T13:37:09.594513115+00:00,2022-09-29T13:37:09.594513115+00:00,NGX2@2022-10-27,-0.06199361999704256,0.07152078758176295
2022-09-29T00:00:00+00:00,2022-09-30T13:22:23.720003515+00:00,2022-09-30T13:22:23.720003515+00:00,NGX2@2022-10-27,0.003563082834620257,0.06595654636947065
2022-09-30T00:00:00+00:00,2022-10-03T13:37:46.434388860+00:00,2022-10-03T13:37:46.434388860+00:00,NGX2@2022-10-27,-0.009623053903073941,0.06754657511762814
2022-10-03T00:00:00+00:00,2022-10-04T13:37:52.625511371+00:00,2022-10-04T13:37:52.625511371+00:00,NGX2@2022-10-27,-0.01949235004946559,0.06110928208780362
2022-10-04T00:00:00+00:00,2022-10-05T13:21:29.851914899+00:00,2022-10-05T13:21:29.851914899+00:00,NGX2@2022-10-27,-0.03471532482826001,0.06638955419427649
2022-10-05T00:00:00+00:00,2022-10-06T13:21:52.745135507+00:00,2022-10-06T13:21:52.745135507+00:00,NGX2@2022-10-27,-0.04452498329462695,0.06855078343170455
2022-10-06T00:00:00+00:00,2022-10-07T13:29:12.285211311+00:00,2022-10-07T13:29:12.285211311+00:00,NGX2@2022-10-27,-0.006814341839998406,0.06766323447922981
2022-10-07T00:00:00+00:00,2022-10-10T13:22:53.030206595+00:00,2022-10-10T13:22:53.030206595+00:00,NGX2@2022-10-27,0.004763723285665877,0.0699773683386334
2022-10-10T00:00:00+00:00,2022-10-11T13:24:38.728360500+00:00,2022-10-11T13:24:38.728360500+00:00,NGX2@2022-10-27,-0.03812721936311947,0.06167309194590073
2022-10-11T00:00:00+00:00,2022-10-12T13:21:57.851606691+00:00,2022-10-12T13:21:57.851606691+00:00,NGX2@2022-10-27,0.016095434081402793,0.09400948548158106
2022-10-12T00:00:00+00:00,2022-10-13T13:48:39.887857103+00:00,2022-10-13T13:48:39.887857103+00:00,NGX2@2022-10-27,0.03979549870850074,0.05391612880780375
2022-10-13T00:00:00+00:00,2022-10-14T14:12:14.921605855+00:00,2022-10-14T14:12:14.921605855+00:00,NGX2@2022-10-27,0.022495204907328592,0.07651372854920162
2022-10-14T00:00:00+00:00,2022-10-17T13:23:14.419566888+00:00,2022-10-17T13:23:14.419566888+00:00,NGX2@2022-10-27,0.005499432159103312,0.07514956558538559
2022-10-17T00:00:00+00:00,2022-10-18T13:24:10.831770130+00:00,2022-10-18T13:24:10.831770130+00:00,NGX2@2022-10-27,0.03059226096536216,0.0660576223727242
2022-10-18T00:00:00+00:00,2022-10-19T13:28:30.992286193+00:00,2022-10-19T13:28:30.992286193+00:00,NGX2@2022-10-27,-0.003272985008609175,0.07467650237792628
2022-10-19T00:00:00+00:00,2022-10-20T13:24:53.805601574+00:00,2022-10-20T13:24:53.805601574+00:00,NGX2@2022-10-27,0.008830857255182734,0.07817851703821145
2022-10-20T00:00:00+00:00,2022-10-21T13:40:55.062805140+00:00,2022-10-21T13:40:55.062805140+00:00,NGX2@2022-10-27,0.03856347700834584,0.10212514033856117
2022-10-21T00:00:00+00:00,2022-10-24T13:26:41.612095342+00:00,2022-10-24T13:26:41.612095342+00:00,NGX2@2022-10-27,0.016273330419491527,0.28613715981825805
2022-10-24T00:00:00+00:00,2022-10-25T13:24:27.748178848+00:00,2022-10-25T13:24:27.748178848+00:00,NGX2@2022-10-27,-0.018416265768507523,0.05096087426495698
2022-10-25T00:00:00+00:00,2022-10-26T13:21:56.311846713+00:00,2022-10-26T13:21:56.311846713+00:00,NGX2@2022-10-27,-0.017960558094729406,0.07474777617456199
2022-10-26T00:00:00+00:00,2022-10-27T13:22:43.971224041+00:00,2022-10-27T13:22:43.971224041+00:00,NGZ2@2022-11-28,-0.10204615199138412,0.18790184861554082
2022-10-27T00:00:00+00:00,2022-10-28T13:36:00.193562771+00:00,2022-10-28T13:36:00.193562771+00:00,NGZ2@2022-11-28,-0.04052683334649676,0.06533473684370406
2022-10-28T00:00:00+00:00,2022-10-31T13:27:02.874442294+00:00,2022-10-31T13:27:02.874442294+00:00,NGZ2@2022-11-28,-0.04443272228898665,0.06548914416082974
2022-10-31T00:00:00+00:00,2022-11-01T13:30:09.355750743+00:00,2022-11-01T13:30:09.355750743+00:00,NGZ2@2022-11-28,-0.022650475404700443,0.0578063179035576
2022-11-01T00:00:00+00:00,2022-11-02T13:38:22.573773710+00:00,2022-11-02T13:38:22.573773710+00:00,NGZ2@2022-11-28,0.012775034711917321,0.07017045539996952
2022-11-02T00:00:00+00:00,2022-11-03T13:28:33.830960556+00:00,2022-11-03T13:28:33.830960556+00:00,NGZ2@2022-11-28,-0.04778430304064185,0.07010481556864595
2022-11-03T00:00:00+00:00,2022-11-04T14:31:51.844967944+00:00,2022-11-04T14:31:51.844967944+00:00,NGZ2@2022-11-28,-0.03130997537521607,0.07672415982205885
2022-11-04T00:00:00+00:00,2022-11-07T14:33:13.178533701+00:00,2022-11-07T14:33:13.178533701+00:00,NGZ2@2022-11-28,-0.01866159824454605,0.07468913247072581
2022-11-07T00:00:00+00:00,2022-11-08T14:29:19.969384005+00:00,2022-11-08T14:29:19.969384005+00:00,NGZ2@2022-11-28,0.059379719447026025,0.06672458577776487
2022-11-08T00:00:00+00:00,2022-11-09T14:23:25.072179877+00:00,2022-11-09T14:23:25.072179877+00:00,NGZ2@2022-11-28,0.012641843895177196,0.07044266317492334
2022-11-09T00:00:00+00:00,2022-11-10T15:10:48.952627271+00:00,2022-11-10T15:10:48.952627271+00:00,NGZ2@2022-11-28,0.003345925504101732,0.09938879585394726
2022-11-10T00:00:00+00:00,2022-11-11T15:03:22.846113130+00:00,2022-11-11T15:03:22.846113130+00:00,NGZ2@2022-11-28,-0.06273252841951926,0.0664634667505943
2022-11-11T00:00:00+00:00,2022-11-14T14:45:17.597161512+00:00,2022-11-14T14:45:17.597161512+00:00,NGZ2@2022-11-28,-0.02944652075203591,0.06942254573520827
2022-11-14T00:00:00+00:00,2022-11-15T14:54:26.994041758+00:00,2022-11-15T14:54:26.994041758+00:00,NGZ2@2022-11-28,-0.06106541595081605,0.05428309491716528
2022-11-15T00:00:00+00:00,2022-11-16T14:36:56.565293553+00:00,2022-11-16T14:36:56.565293553+00:00,NGZ2@2022-11-28,-0.04812958228026387,0.05744842334567564
2022-11-16T00:00:00+00:00,2022-11-17T14:23:48.536895497+00:00,2022-11-17T14:23:48.536895497+00:00,NGZ2@2022-11-28,-0.08788753208522826,0.06351309697985073
2022-11-17T00:00:00+00:00,2022-11-18T14:20:57.882146092+00:00,2022-11-18T14:20:57.882146092+00:00,NGZ2@2022-11-28,-0.0316993862974877,0.047112034816367956
2022-11-18T00:00:00+00:00,2022-11-21T14:44:38.912788946+00:00,2022-11-21T14:44:38.912788946+00:00,NGZ2@2022-11-28,-0.07691226876000945,0.0627634757692633
2022-11-21T00:00:00+00:00,2022-11-22T14:23:08.425965284+00:00,2022-11-22T14:23:08.425965284+00:00,NGZ2@2022-11-28,-0.032311655901248515,0.0627861062941552
2022-11-22T00:00:00+00:00,2022-11-23T14:24:55.723574001+00:00,2022-11-23T14:24:55.723574001+00:00,NGZ2@2022-11-28,-0.06746975886955386,0.0566389753270951
2022-11-23T00:00:00+00:00,2022-11-25T14:52:29.786006096+00:00,2022-11-25T14:52:29.786006096+00:00,NGZ2@2022-11-28,-0.035460971774872285,0.06288960270288053
2022-11-25T00:00:00+00:00,2022-11-28T14:25:01.712663843+00:00,2022-11-28T14:25:01.712663843+00:00,NGZ2@2022-11-28,-0.017038544427994462,0.055971162454481166
2022-11-29T00:00:00+00:00,2022-11-30T14:33:53.693739523+00:00,2022-11-30T14:33:53.693739523+00:00,NGF3@2022-12-28,-0.0029175239928507235,0.07451363000735058
2022-11-30T00:00:00+00:00,2022-12-01T14:25:06.084189450+00:00,2022-12-01T14:25:06.084189450+00:00,NGF3@2022-12-28,-0.012925901903534265,0.07639800362915616
2022-12-01T00:00:00+00:00,2022-12-02T14:28:46.689503510+00:00,2022-12-02T14:28:46.689503510+00:00,NGF3@2022-12-28,-0.013067313703671757,0.07794934407233346
2022-12-02T00:00:00+00:00,2022-12-05T15:09:18.023973444+00:00,2022-12-05T15:09:18.023973444+00:00,NGF3@2022-12-28,-0.023499882746187306,0.08073499907024877
2022-12-05T00:00:00+00:00,2022-12-06T14:23:55.221987695+00:00,2022-12-06T14:23:55.221987695+00:00,NGF3@2022-12-28,0.03113174778528016,0.13356439186132918
2022-12-06T00:00:00+00:00,2022-12-07T14:22:57.377675242+00:00,2022-12-07T14:22:57.377675242+00:00,NGF3@2022-12-28,0.024307726139371155,0.1831391319905163
2022-12-07T00:00:00+00:00,2022-12-08T14:25:38.627102609+00:00,2022-12-08T14:25:38.627102609+00:00,NGF3@2022-12-28,-0.020588776745159243,0.11690273030772728
2022-12-08T00:00:00+00:00,2022-12-09T14:28:21.937341638+00:00,2022-12-09T14:28:21.937341638+00:00,NGF3@2022-12-28,-0.011086871544493282,0.10808504322395056
2022-12-09T00:00:00+00:00,2022-12-12T14:24:11.609284602+00:00,2022-12-12T14:24:11.609284602+00:00,NGF3@2022-12-28,-0.08941816901827992,0.06637857514855146
2022-12-12T00:00:00+00:00,2022-12-13T14:25:49.085968173+00:00,2022-12-13T14:25:49.085968173+00:00,NGF3@2022-12-28,0.001859287272976129,0.07021845591646109
2022-12-13T00:00:00+00:00,2022-12-14T14:24:05.946625675+00:00,2022-12-14T14:24:05.946625675+00:00,NGF3@2022-12-28,-0.003579932156552168,0.07113100947617482
2022-12-14T00:00:00+00:00,2022-12-15T15:10:35.155623259+00:00,2022-12-15T15:10:35.155623259+00:00,NGF3@2022-12-28,0.011877229491844776,0.06448746619935491
2022-12-15T00:00:00+00:00,2022-12-16T15:13:05.438696353+00:00,2022-12-16T15:13:05.438696353+00:00,NGF3@2022-12-28,0.0010812066456984404,0.06844802384176234
2022-12-16T00:00:00+00:00,2022-12-19T15:03:05.667371307+00:00,2022-12-19T15:03:05.667371307+00:00,NGF3@2022-12-28,-0.026162057073659706,0.06687332797277679
2022-12-19T00:00:00+00:00,2022-12-20T14:26:24.890876987+00:00,2022-12-20T14:26:24.890876987+00:00,NGF3@2022-12-28,-0.011691479319889786,0.06506563354701034
2022-12-20T00:00:00+00:00,2022-12-21T14:23:54.597549742+00:00,2022-12-21T14:23:54.597549742+00:00,NGF3@2022-12-28,0.045252419112910225,0.10769784045949855
2022-12-21T00:00:00+00:00,2022-12-22T14:53:05.594901445+00:00,2022-12-22T14:53:05.594901445+00:00,NGF3@2022-12-28,0.04541735528608526,0.060862582513141285
2022-12-22T00:00:00+00:00,2022-12-23T14:31:32.516583231+00:00,2022-12-23T14:31:32.516583231+00:00,NGF3@2022-12-28,0.062082179287757944,0.1333072828274909
2022-12-23T00:00:00+00:00,2022-12-27T14:58:41.597225304+00:00,2022-12-27T14:58:41.597225304+00:00,NGF3@2022-12-28,-0.07046704175995622,0.05996601756026105
2022-12-27T00:00:00+00:00,2022-12-28T14:24:29.347091378+00:00,2022-12-28T14:24:29.347091378+00:00,NGF3@2022-12-28,-0.014175837504088573,0.06518317032522754
2022-12-29T00:00:00+00:00,2022-12-30T14:22:51.487016872+00:00,2022-12-30T14:22:51.487016872+00:00,NGG3@2023-01-27,-0.04135650035537852,0.07877082932303178
