trade_date,prediction_time,generated_at,contract_id,timesfm_point_return,timesfm_q10_return,timesfm_q90_return,timesfm_interval_width
2010-07-06T00:00:00+00:00,2010-07-07T00:01:43.586000+00:00,2010-07-07T00:01:43.586000+00:00,NGQ0@2010-07-28,0.003047466278076172,-0.027395427227020264,0.043589234352111816,0.07098467648029327
2010-07-07T00:00:00+00:00,2010-07-08T00:01:12.246000+00:00,2010-07-08T00:01:12.246000+00:00,NGQ0@2010-07-28,0.017104506492614746,-0.018917202949523926,0.06205546855926514,0.08097269386053085
2010-07-08T00:00:00+00:00,2010-07-09T00:01:41.472000+00:00,2010-07-09T00:01:41.472000+00:00,NGQ0@2010-07-28,0.02454090118408203,-0.024455606937408447,0.07932531833648682,0.10378096252679825
2010-07-09T00:00:00+00:00,2010-07-11T23:33:33.461000+00:00,2010-07-11T23:33:33.461000+00:00,NGQ0@2010-07-28,0.011446475982666016,-0.028495967388153076,0.0632246732711792,0.09172063320875168
2010-07-12T00:00:00+00:00,2010-07-13T00:34:45.011000+00:00,2010-07-13T00:34:45.011000+00:00,NGQ0@2010-07-28,0.0017119646072387695,-0.03221142292022705,0.04728710651397705,0.07949846982955933
2010-07-13T00:00:00+00:00,2010-07-14T00:01:40.886000+00:00,2010-07-14T00:01:40.886000+00:00,NGQ0@2010-07-28,-0.0029984712600708008,-0.028834104537963867,0.021033644676208496,0.04986770451068878
2010-07-14T00:00:00+00:00,2010-07-15T00:01:41.525000+00:00,2010-07-15T00:01:41.525000+00:00,NGQ0@2010-07-28,-0.006948113441467285,-0.029288947582244873,0.024978160858154297,0.05426707863807678
2010-07-15T00:00:00+00:00,2010-07-16T00:01:39.862000+00:00,2010-07-16T00:01:39.862000+00:00,NGQ0@2010-07-28,-0.00917041301727295,-0.06250101327896118,0.04684090614318848,0.10934190452098846
2010-07-16T00:00:00+00:00,2010-07-18T22:50:36.399000+00:00,2010-07-18T22:50:36.399000+00:00,NGQ0@2010-07-28,0.00655055046081543,-0.036479651927948,0.04956257343292236,0.08604225516319275
2010-07-19T00:00:00+00:00,2010-07-20T00:01:06.935000+00:00,2010-07-20T00:01:06.935000+00:00,NGQ0@2010-07-28,0.0036983489990234375,-0.037677764892578125,0.050666093826293945,0.08834385871887207
2010-07-20T00:00:00+00:00,2010-07-21T00:36:55.278000+00:00,2010-07-21T00:36:55.278000+00:00,NGQ0@2010-07-28,-0.009585678577423096,-0.052834510803222656,0.03370547294616699,0.08653991669416428
2010-07-21T00:00:00+00:00,2010-07-22T00:01:27.959000+00:00,2010-07-22T00:01:27.959000+00:00,NGQ0@2010-07-28,0.006920337677001953,-0.0308724045753479,0.04621553421020508,0.07708796858787537
2010-07-22T00:00:00+00:00,2010-07-23T00:01:11.559000+00:00,2010-07-23T00:01:11.559000+00:00,NGQ0@2010-07-28,-0.008967697620391846,-0.05054318904876709,0.03600609302520752,0.08654928207397461
2010-07-23T00:00:00+00:00,2010-07-25T22:00:41.907000+00:00,2010-07-25T22:00:41.907000+00:00,NGQ0@2010-07-28,-0.0025094151496887207,-0.037025392055511475,0.034879326820373535,0.07190465182065964
2010-07-26T00:00:00+00:00,2010-07-27T00:01:11.375000+00:00,2010-07-27T00:01:11.375000+00:00,NGQ0@2010-07-28,-0.0016994476318359375,-0.034491002559661865,0.030747056007385254,0.06523798406124115
2010-07-27T00:00:00+00:00,2010-07-28T00:01:11.260000+00:00,2010-07-28T00:01:11.260000+00:00,NGQ0@2010-07-28,-0.0011119842529296875,-0.03606611490249634,0.03522443771362305,0.07129056751728058
2010-07-28T00:00:00+00:00,2010-07-29T00:00:54.954000+00:00,2010-07-29T00:00:54.954000+00:00,NGU0@2010-08-27,-0.0050217509269714355,-0.042450010776519775,0.02944636344909668,0.07189638912677765
2010-07-29T00:00:00+00:00,2010-07-30T00:09:19.773000+00:00,2010-07-30T00:09:19.773000+00:00,NGU0@2010-08-27,-0.009343326091766357,-0.048218727111816406,0.031652092933654785,0.07987086474895477
2010-07-30T00:00:00+00:00,2010-08-01T23:45:34.368000+00:00,2010-08-01T23:45:34.368000+00:00,NGU0@2010-08-27,-0.003533601760864258,-0.04632645845413208,0.038668155670166016,0.0849946066737175
2010-08-02T00:00:00+00:00,2010-08-03T00:01:07.735000+00:00,2010-08-03T00:01:07.735000+00:00,NGU0@2010-08-27,0.010103464126586914,-0.031598448753356934,0.05622529983520508,0.08782374113798141
2010-08-03T00:00:00+00:00,2010-08-04T00:01:10.362000+00:00,2010-08-04T00:01:10.362000+00:00,NGU0@2010-08-27,0.008812904357910156,-0.028811514377593994,0.0444791316986084,0.07329066097736359
2010-08-04T00:00:00+00:00,2010-08-05T00:01:10.614000+00:00,2010-08-05T00:01:10.614000+00:00,NGU0@2010-08-27,0.0021272897720336914,-0.033397018909454346,0.03639054298400879,0.06978753954172134
2010-08-05T00:00:00+00:00,2010-08-06T00:12:16.884000+00:00,2010-08-06T00:12:16.884000+00:00,NGU0@2010-08-27,0.015945911407470703,-0.024193406105041504,0.05442202091217041,0.07861538976430893
2010-08-06T00:00:00+00:00,2010-08-08T23:59:15.431000+00:00,2010-08-08T23:59:15.431000+00:00,NGU0@2010-08-27,0.02375960350036621,-0.017745792865753174,0.0634613037109375,0.08120706677436829
2010-08-09T00:00:00+00:00,2010-08-10T00:13:24.575000+00:00,2010-08-10T00:13:24.575000+00:00,NGU0@2010-08-27,0.025098443031311035,-0.02106684446334839,0.07094764709472656,0.09201440960168839
2010-08-10T00:00:00+00:00,2010-08-11T00:01:14.510000+00:00,2010-08-11T00:01:14.510000+00:00,NGU0@2010-08-27,0.00910329818725586,-0.032155394554138184,0.05184304714202881,0.08399846404790878
2010-08-11T00:00:00+00:00,2010-08-12T00:01:11.981000+00:00,2010-08-12T00:01:11.981000+00:00,NGU0@2010-08-27,0.004433155059814453,-0.029023349285125732,0.043239474296569824,0.07226286828517914
2010-08-12T00:00:00+00:00,2010-08-13T00:01:32.421000+00:00,2010-08-13T00:01:32.421000+00:00,NGU0@2010-08-27,0.007176399230957031,-0.02823549509048462,0.04947793483734131,0.07771346718072891
2010-08-13T00:00:00+00:00,2010-08-15T23:52:25.548000+00:00,2010-08-15T23:52:25.548000+00:00,NGU0@2010-08-27,0.002199411392211914,-0.03056812286376953,0.036414146423339844,0.06698229163885117
2010-08-16T00:00:00+00:00,2010-08-17T00:01:26.292000+00:00,2010-08-17T00:01:26.292000+00:00,NGU0@2010-08-27,0.005166172981262207,-0.02614283561706543,0.03671538829803467,0.06285825371742249
2010-08-17T00:00:00+00:00,2010-08-18T00:01:39.569000+00:00,2010-08-18T00:01:39.569000+00:00,NGU0@2010-08-27,0.004225969314575195,-0.02473527193069458,0.03650534152984619,0.06124066188931465
2010-08-18T00:00:00+00:00,2010-08-19T00:01:10.304000+00:00,2010-08-19T00:01:10.304000+00:00,NGU0@2010-08-27,0.0032806396484375,-0.02020925283432007,0.03893601894378662,0.059145357459783554
2010-08-19T00:00:00+00:00,2010-08-20T00:01:21.191000+00:00,2010-08-20T00:01:21.191000+00:00,NGU0@2010-08-27,0.004506826400756836,-0.015799880027770996,0.03674781322479248,0.05254765972495079
2010-08-20T00:00:00+00:00,2010-08-22T23:02:55.734000+00:00,2010-08-22T23:02:55.734000+00:00,NGU0@2010-08-27,0.013813257217407227,-0.004173874855041504,0.042111873626708984,0.04628574848175049
2010-08-23T00:00:00+00:00,2010-08-24T00:01:40.038000+00:00,2010-08-24T00:01:40.038000+00:00,NGU0@2010-08-27,0.007643580436706543,-0.025532782077789307,0.04574894905090332,0.07128170132637024
2010-08-24T00:00:00+00:00,2010-08-25T00:01:08.446000+00:00,2010-08-25T00:01:08.446000+00:00,NGU0@2010-08-27,0.00562894344329834,-0.03099125623703003,0.0439753532409668,0.07496661692857742
2010-08-25T00:00:00+00:00,2010-08-26T00:16:12.163000+00:00,2010-08-26T00:16:12.163000+00:00,NGU0@2010-08-27,0.0007503032684326172,-0.024914145469665527,0.019245028495788574,0.04415923357009888
2010-08-26T00:00:00+00:00,2010-08-27T00:05:47.998000+00:00,2010-08-27T00:05:47.998000+00:00,NGV0@2010-09-28,-0.010585367679595947,-0.03643333911895752,0.013633370399475098,0.05006666108965874
2010-08-27T00:00:00+00:00,2010-08-29T23:30:11.142000+00:00,2010-08-29T23:30:11.142000+00:00,NGV0@2010-09-28,-0.008496344089508057,-0.050512731075286865,0.01968705654144287,0.07019976526498795
2010-08-30T00:00:00+00:00,2010-08-31T00:44:53.796000+00:00,2010-08-31T00:44:53.796000+00:00,NGV0@2010-09-28,-0.004269540309906006,-0.012625575065612793,0.018433570861816406,0.03105914779007435
2010-08-31T00:00:00+00:00,2010-09-01T00:33:24.068000+00:00,2010-09-01T00:33:24.068000+00:00,NGV0@2010-09-28,0.004554033279418945,-0.028855621814727783,0.034990906715393066,0.06384650617837906
2010-09-01T00:00:00+00:00,2010-09-02T01:19:32.072000+00:00,2010-09-02T01:19:32.072000+00:00,NGV0@2010-09-28,0.0052073001861572266,-0.008533179759979248,0.0270693302154541,0.03560257330536842
2010-09-02T00:00:00+00:00,2010-09-03T00:02:36.246000+00:00,2010-09-03T00:02:36.246000+00:00,NGV0@2010-09-28,0.010771751403808594,-0.007636070251464844,0.0248640775680542,0.032500121742486954
2010-09-03T00:00:00+00:00,2010-09-05T23:16:53.774000+00:00,2010-09-05T23:16:53.774000+00:00,NGV0@2010-09-28,0.0039215087890625,-0.028892815113067627,0.031041741371154785,0.059934522956609726
2010-09-07T00:00:00+00:00,2010-09-08T00:37:55.552000+00:00,2010-09-08T00:37:55.552000+00:00,NGV0@2010-09-28,0.0019594430923461914,-0.027791619300842285,0.029398798942565918,0.05719037726521492
2010-09-08T00:00:00+00:00,2010-09-09T00:07:35.172000+00:00,2010-09-09T00:07:35.172000+00:00,NGV0@2010-09-28,0.004519224166870117,-0.021725356578826904,0.03273570537567139,0.05446108058094978
2010-09-09T00:00:00+00:00,2010-09-10T00:04:59.248000+00:00,2010-09-10T00:04:59.248000+00:00,NGV0@2010-09-28,0.005197763442993164,-0.0303766131401062,0.03895699977874756,0.06933362036943436
2010-09-10T00:00:00+00:00,2010-09-12T23:43:23.717000+00:00,2010-09-12T23:43:23.717000+00:00,NGV0@2010-09-28,0.0036638975143432617,-0.025459647178649902,0.03351020812988281,0.0589698851108551
2010-09-13T00:00:00+00:00,2010-09-14T00:06:47.395000+00:00,2010-09-14T00:06:47.395000+00:00,NGV0@2010-09-28,0.0032978057861328125,-0.025188028812408447,0.03199207782745361,0.05718013644218445
2010-09-14T00:00:00+00:00,2010-09-15T00:00:40.260000+00:00,2010-09-15T00:00:40.260000+00:00,NGV0@2010-09-28,0.0006204843521118164,-0.0228501558303833,0.021138906478881836,0.043989069759845734
2010-09-15T00:00:00+00:00,2010-09-16T00:11:53.098000+00:00,2010-09-16T00:11:53.098000+00:00,NGV0@2010-09-28,0.0022672414779663086,-0.02476423978805542,0.017293453216552734,0.04205775633454323
2010-09-16T00:00:00+00:00,2010-09-17T00:57:03.959000+00:00,2010-09-17T00:57:03.959000+00:00,NGV0@2010-09-28,0.004061341285705566,-0.02885836362838745,0.02967369556427002,0.05853205919265747
2010-09-17T00:00:00+00:00,2010-09-19T23:50:46.296000+00:00,2010-09-19T23:50:46.296000+00:00,NGV0@2010-09-28,0.006619930267333984,-0.030981004238128662,0.0359574556350708,0.06693850457668304
2010-09-20T00:00:00+00:00,2010-09-21T01:06:09.041000+00:00,2010-09-21T01:06:09.041000+00:00,NGV0@2010-09-28,0.006355881690979004,-0.04664880037307739,0.04448676109313965,0.09113559126853943
2010-09-21T00:00:00+00:00,2010-09-22T00:36:00.517000+00:00,2010-09-22T00:36:00.517000+00:00,NGV0@2010-09-28,0.002899765968322754,-0.038722991943359375,0.035901784896850586,0.07462477684020996
2010-09-22T00:00:00+00:00,2010-09-23T00:01:49.732000+00:00,2010-09-23T00:01:49.732000+00:00,NGV0@2010-09-28,0.007207155227661133,-0.033749163150787354,0.039269089698791504,0.07301824539899826
2010-09-23T00:00:00+00:00,2010-09-24T00:04:12.422000+00:00,2010-09-24T00:04:12.422000+00:00,NGV0@2010-09-28,0.00015282630920410156,-0.03533053398132324,0.03248858451843262,0.06781920045614243
2010-09-24T00:00:00+00:00,2010-09-26T23:44:37.613000+00:00,2010-09-26T23:44:37.613000+00:00,NGV0@2010-09-28,0.0019038915634155273,-0.045876264572143555,0.04024708271026611,0.08612334728240967
2010-09-27T00:00:00+00:00,2010-09-28T00:28:03.890000+00:00,2010-09-28T00:28:03.890000+00:00,NGV0@2010-09-28,-0.0013741850852966309,-0.04085564613342285,0.03392314910888672,0.07477879524230957
2010-09-29T00:00:00+00:00,2010-09-30T00:32:28.322000+00:00,2010-09-30T00:32:28.322000+00:00,NGX0@2010-10-27,-0.01272493600845337,-0.03690791130065918,0.012101888656616211,0.04900982230901718
2010-09-30T00:00:00+00:00,2010-10-01T00:15:23.701000+00:00,2010-10-01T00:15:23.701000+00:00,NGX0@2010-10-27,-0.013499796390533447,-0.035641491413116455,0.00895678997039795,0.04459825158119202
2010-10-01T00:00:00+00:00,2010-10-03T23:30:55.291000+00:00,2010-10-03T23:30:55.291000+00:00,NGX0@2010-10-27,-0.007014036178588867,-0.028251588344573975,0.015703797340393066,0.04395541921257973
2010-10-04T00:00:00+00:00,2010-10-05T00:03:25.711000+00:00,2010-10-05T00:03:25.711000+00:00,NGX0@2010-10-27,-0.004240155220031738,-0.02198725938796997,0.01738870143890381,0.03937603905797005
2010-10-05T00:00:00+00:00,2010-10-06T00:00:37.617000+00:00,2010-10-06T00:00:37.617000+00:00,NGX0@2010-10-27,-0.00371628999710083,-0.023352742195129395,0.02661764621734619,0.04997038096189499
2010-10-06T00:00:00+00:00,2010-10-07T00:00:48.818000+00:00,2010-10-07T00:00:48.818000+00:00,NGX0@2010-10-27,-0.004330813884735107,-0.0275612473487854,0.025565505027770996,0.053126752376556396
2010-10-07T00:00:00+00:00,2010-10-08T00:00:30.565000+00:00,2010-10-08T00:00:30.565000+00:00,NGX0@2010-10-27,0.0038312673568725586,-0.0188673734664917,0.03401494026184082,0.052882254123687744
2010-10-08T00:00:00+00:00,2010-10-10T23:34:50.664000+00:00,2010-10-10T23:34:50.664000+00:00,NGX0@2010-10-27,-0.008606433868408203,-0.03096306324005127,0.021709084510803223,0.05267215520143509
2010-10-11T00:00:00+00:00,2010-10-12T00:00:37.236000+00:00,2010-10-12T00:00:37.236000+00:00,NGX0@2010-10-27,-0.0061969757080078125,-0.05196863412857056,0.03320157527923584,0.0851701870560646
2010-10-12T00:00:00+00:00,2010-10-13T00:00:37.664000+00:00,2010-10-13T00:00:37.664000+00:00,NGX0@2010-10-27,-0.007770895957946777,-0.04409736394882202,0.022530317306518555,0.06662771105766296
2010-10-13T00:00:00+00:00,2010-10-14T00:00:38.321000+00:00,2010-10-14T00:00:38.321000+00:00,NGX0@2010-10-27,-0.012695670127868652,-0.03409081697463989,0.013855576515197754,0.04794645309448242
2010-10-14T00:00:00+00:00,2010-10-15T00:09:09.601000+00:00,2010-10-15T00:09:09.601000+00:00,NGX0@2010-10-27,-0.009060025215148926,-0.03890645503997803,0.02207505702972412,0.06098143383860588
2010-10-15T00:00:00+00:00,2010-10-17T22:24:04.878000+00:00,2010-10-17T22:24:04.878000+00:00,NGX0@2010-10-27,0.000998377799987793,-0.03791147470474243,0.040104031562805176,0.07801548391580582
2010-10-18T00:00:00+00:00,2010-10-19T00:18:35.052000+00:00,2010-10-19T00:18:35.052000+00:00,NGX0@2010-10-27,0.009795188903808594,-0.04301631450653076,0.04815948009490967,0.09117575734853745
2010-10-19T00:00:00+00:00,2010-10-20T00:10:21.001000+00:00,2010-10-20T00:10:21.001000+00:00,NGX0@2010-10-27,0.005682110786437988,-0.05326753854751587,0.04250907897949219,0.09577653557062149
2010-10-20T00:00:00+00:00,2010-10-21T00:00:36.706000+00:00,2010-10-21T00:00:36.706000+00:00,NGX0@2010-10-27,-0.0018309354782104492,-0.03246027231216431,0.0202639102935791,0.05272425711154938
2010-10-21T00:00:00+00:00,2010-10-22T00:00:41.420000+00:00,2010-10-22T00:00:41.420000+00:00,NGX0@2010-10-27,0.012514472007751465,-0.04313153028488159,0.0554887056350708,0.09862019866704941
2010-10-22T00:00:00+00:00,2010-10-24T22:58:53.442000+00:00,2010-10-24T22:58:53.442000+00:00,NGX0@2010-10-27,0.012470006942749023,-0.0432547926902771,0.05272531509399414,0.09598015248775482
2010-10-25T00:00:00+00:00,2010-10-26T00:02:43.914000+00:00,2010-10-26T00:02:43.914000+00:00,NGX0@2010-10-27,0.00939643383026123,-0.05112719535827637,0.05010867118835449,0.10123589634895325
2010-10-26T00:00:00+00:00,2010-10-27T00:00:51.619000+00:00,2010-10-27T00:00:51.619000+00:00,NGX0@2010-10-27,-0.003908216953277588,-0.08415478467941284,0.05493724346160889,0.13909199833869934
2010-10-27T00:00:00+00:00,2010-10-28T00:21:20.372000+00:00,2010-10-28T00:21:20.372000+00:00,NGZ0@2010-11-24,-0.0022992491722106934,-0.04465597867965698,0.019930720329284668,0.06458672136068344
2010-10-28T00:00:00+00:00,2010-10-29T00:05:32.587000+00:00,2010-10-29T00:05:32.587000+00:00,NGZ0@2010-11-24,-0.00785595178604126,-0.04818618297576904,0.013704180717468262,0.06189039722084999
2010-10-29T00:00:00+00:00,2010-10-31T23:46:58.559000+00:00,2010-10-31T23:46:58.559000+00:00,NGZ0@2010-11-24,-0.0057201385498046875,-0.05118924379348755,0.020938396453857422,0.07212769985198975
2010-11-01T00:00:00+00:00,2010-11-02T00:07:14.620000+00:00,2010-11-02T00:07:14.620000+00:00,NGZ0@2010-11-24,0.006360292434692383,-0.04297870397567749,0.038974761962890625,0.08195339888334274
2010-11-02T00:00:00+00:00,2010-11-03T00:00:51.065000+00:00,2010-11-03T00:00:51.065000+00:00,NGZ0@2010-11-24,0.005895376205444336,-0.021313011646270752,0.023143410682678223,0.04445638135075569
2010-11-03T00:00:00+00:00,2010-11-04T00:07:35.050000+00:00,2010-11-04T00:07:35.050000+00:00,NGZ0@2010-11-24,0.001679539680480957,-0.026322126388549805,0.016503453254699707,0.042825594544410706
2010-11-04T00:00:00+00:00,2010-11-05T00:16:27.850000+00:00,2010-11-05T00:16:27.850000+00:00,NGZ0@2010-11-24,0.0019369125366210938,-0.02401864528656006,0.01567244529724121,0.039691127836704254
2010-11-05T00:00:00+00:00,2010-11-07T23:59:04.267000+00:00,2010-11-07T23:59:04.267000+00:00,NGZ0@2010-11-24,-0.0004929304122924805,-0.027312099933624268,0.016277432441711426,0.04358953982591629
2010-11-08T00:00:00+00:00,2010-11-09T01:00:50.329000+00:00,2010-11-09T01:00:50.329000+00:00,NGZ0@2010-11-24,-0.003297269344329834,-0.035630762577056885,0.024602413177490234,0.06023311987519264
2010-11-09T00:00:00+00:00,2010-11-10T01:10:14.114000+00:00,2010-11-10T01:10:14.114000+00:00,NGZ0@2010-11-24,-0.003965020179748535,-0.032803356647491455,0.02262580394744873,0.055429089814424515
2010-11-10T00:00:00+00:00,2010-11-11T01:00:37.111000+00:00,2010-11-11T01:00:37.111000+00:00,NGZ0@2010-11-24,0.002858757972717285,-0.0384097695350647,0.03357541561126709,0.07198520749807358
2010-11-11T00:00:00+00:00,2010-11-12T01:00:52.156000+00:00,2010-11-12T01:00:52.156000+00:00,NGZ0@2010-11-24,0.0036772489547729492,-0.03446930646896362,0.038428544998168945,0.07289785891771317
2010-11-12T00:00:00+00:00,2010-11-14T23:37:53.184000+00:00,2010-11-14T23:37:53.184000+00:00,NGZ0@2010-11-24,0.0073015689849853516,-0.03241598606109619,0.037860870361328125,0.07027693837881088
2010-11-15T00:00:00+00:00,2010-11-16T01:34:51.812000+00:00,2010-11-16T01:34:51.812000+00:00,NGZ0@2010-11-24,0.007469773292541504,-0.0257035493850708,0.034197092056274414,0.05990060418844223
2010-11-16T00:00:00+00:00,2010-11-17T02:49:26.166000+00:00,2010-11-17T02:49:26.166000+00:00,NGZ0@2010-11-24,0.0008482933044433594,-0.032339513301849365,0.026325464248657227,0.058665018528699875
2010-11-17T00:00:00+00:00,2010-11-18T01:01:24.689000+00:00,2010-11-18T01:01:24.689000+00:00,NGZ0@2010-11-24,-0.006786227226257324,-0.041224777698516846,0.028077125549316406,0.06930182874202728
2010-11-18T00:00:00+00:00,2010-11-19T01:04:35.084000+00:00,2010-11-19T01:04:35.084000+00:00,NGZ0@2010-11-24,-0.011681735515594482,-0.04025787115097046,0.010055780410766602,0.05031369999051094
2010-11-19T00:00:00+00:00,2010-11-21T23:59:08.911000+00:00,2010-11-21T23:59:08.911000+00:00,NGZ0@2010-11-24,-0.004441559314727783,-0.043837666511535645,0.031163692474365234,0.0750013068318367
2010-11-22T00:00:00+00:00,2010-11-23T01:00:51.863000+00:00,2010-11-23T01:00:51.863000+00:00,NGZ0@2010-11-24,-0.0099526047706604,-0.046139299869537354,0.0238114595413208,0.06995081901550293
2010-11-23T00:00:00+00:00,2010-11-24T23:45:17.562000+00:00,2010-11-24T23:45:17.562000+00:00,NGZ0@2010-11-24,-0.00651627779006958,-0.03989565372467041,0.021689295768737793,0.06158490478992462
2010-11-24T00:00:00+00:00,2010-11-25T23:00:00.344000+00:00,2010-11-25T23:00:00.344000+00:00,NGF1@2010-12-28,-0.002118408679962158,-0.03123295307159424,0.015525341033935547,0.046758294105529785
2010-11-26T00:00:00+00:00,2010-11-28T23:56:49.497000+00:00,2010-11-28T23:56:49.497000+00:00,NGF1@2010-12-28,-0.0012328028678894043,-0.032260894775390625,0.017867565155029297,0.05012849345803261
2010-11-29T00:00:00+00:00,2010-11-30T01:01:25.026000+00:00,2010-11-30T01:01:25.026000+00:00,NGF1@2010-12-28,-0.0020992159843444824,-0.03640466928482056,0.017756342887878418,0.05416099727153778
2010-11-30T00:00:00+00:00,2010-12-01T01:00:49.551000+00:00,2010-12-01T01:00:49.551000+00:00,NGF1@2010-12-28,-0.0020345449447631836,-0.03702855110168457,0.022560596466064453,0.05958913266658783
2010-12-01T00:00:00+00:00,2010-12-02T01:08:17.940000+00:00,2010-12-02T01:08:17.940000+00:00,NGF1@2010-12-28,0.003221869468688965,-0.02897334098815918,0.03065657615661621,0.059629887342453
2010-12-02T00:00:00+00:00,2010-12-03T01:05:15.241000+00:00,2010-12-03T01:05:15.241000+00:00,NGF1@2010-12-28,-0.006973683834075928,-0.03617453575134277,0.019216179847717285,0.05539073422551155
2010-12-03T00:00:00+00:00,2010-12-05T23:59:47.756000+00:00,2010-12-05T23:59:47.756000+00:00,NGF1@2010-12-28,-0.005495548248291016,-0.028298377990722656,0.010953068733215332,0.03925151750445366
2010-12-06T00:00:00+00:00,2010-12-07T01:00:46.285000+00:00,2010-12-07T01:00:46.285000+00:00,NGF1@2010-12-28,-0.005708873271942139,-0.034259796142578125,0.020832538604736328,0.055092331022024155
2010-12-07T00:00:00+00:00,2010-12-08T01:00:36.236000+00:00,2010-12-08T01:00:36.236000+00:00,NGF1@2010-12-28,-0.00540691614151001,-0.033399999141693115,0.02124476432800293,0.05464479699730873
2010-12-08T00:00:00+00:00,2010-12-09T01:00:47.309000+00:00,2010-12-09T01:00:47.309000+00:00,NGF1@2010-12-28,-0.005748450756072998,-0.040395140647888184,0.03077065944671631,0.07116582244634628
2010-12-09T00:00:00+00:00,2010-12-10T01:01:03.410000+00:00,2010-12-10T01:01:03.410000+00:00,NGF1@2010-12-28,-0.00044095516204833984,-0.03339880704879761,0.035271286964416504,0.06867014616727829
2010-12-10T00:00:00+00:00,2010-12-12T23:52:21.496000+00:00,2010-12-12T23:52:21.496000+00:00,NGF1@2010-12-28,-0.0038628578186035156,-0.036763668060302734,0.03344833850860596,0.0702119767665863
2010-12-13T00:00:00+00:00,2010-12-14T01:10:11.481000+00:00,2010-12-14T01:10:11.481000+00:00,NGF1@2010-12-28,0.0005341768264770508,-0.03206080198287964,0.03677809238433838,0.06883888691663742
2010-12-14T00:00:00+00:00,2010-12-15T01:00:35.630000+00:00,2010-12-15T01:00:35.630000+00:00,NGF1@2010-12-28,0.006268620491027832,-0.03707706928253174,0.050515174865722656,0.0875922366976738
2010-12-15T00:00:00+00:00,2010-12-16T01:00:35.218000+00:00,2010-12-16T01:00:35.218000+00:00,NGF1@2010-12-28,0.00023555755615234375,-0.0434684157371521,0.03780925273895264,0.08127769082784653
2010-12-16T00:00:00+00:00,2010-12-17T03:18:24.572000+00:00,2010-12-17T03:18:24.572000+00:00,NGF1@2010-12-28,0.0051343441009521484,-0.05145883560180664,0.050282835960388184,0.1017417162656784
2010-12-17T00:00:00+00:00,2010-12-19T23:52:07.950000+00:00,2010-12-19T23:52:07.950000+00:00,NGF1@2010-12-28,-0.00029152631759643555,-0.050979554653167725,0.043530821800231934,0.09451033174991608
2010-12-20T00:00:00+00:00,2010-12-21T01:43:08.434000+00:00,2010-12-21T01:43:08.434000+00:00,NGF1@2010-12-28,0.002057671546936035,-0.05128580331802368,0.051342129707336426,0.10262791812419891
2010-12-21T00:00:00+00:00,2010-12-22T01:25:39.876000+00:00,2010-12-22T01:25:39.876000+00:00,NGF1@2010-12-28,0.0033909082412719727,-0.045959293842315674,0.04768335819244385,0.09364264458417892
2010-12-22T00:00:00+00:00,2010-12-23T01:19:39.695000+00:00,2010-12-23T01:19:39.695000+00:00,NGF1@2010-12-28,-0.006255507469177246,-0.058342695236206055,0.036837100982666016,0.0951797217130661
2010-12-23T00:00:00+00:00,2010-12-24T01:47:19.762000+00:00,2010-12-24T01:47:19.762000+00:00,NGF1@2010-12-28,-0.004521846771240234,-0.061901211738586426,0.04202234745025635,0.10392363369464874
2010-12-27T00:00:00+00:00,2010-12-28T01:00:35.048000+00:00,2010-12-28T01:00:35.048000+00:00,NGF1@2010-12-28,-0.007258057594299316,-0.05745077133178711,0.04057669639587402,0.09802749007940292
2010-12-29T00:00:00+00:00,2010-12-30T01:00:35.091000+00:00,2010-12-30T01:00:35.091000+00:00,NGG1@2011-01-27,-0.003485560417175293,-0.052949368953704834,0.037338852882385254,0.09028828144073486
2010-12-30T00:00:00+00:00,2010-12-31T01:00:35.557000+00:00,2010-12-31T01:00:35.557000+00:00,NGG1@2011-01-27,0.0005129575729370117,-0.044948458671569824,0.03265964984893799,0.07760805636644363
2010-12-31T00:00:00+00:00,2011-01-02T23:14:28.828000+00:00,2011-01-02T23:14:28.828000+00:00,NGG1@2011-01-27,0.003984570503234863,-0.03373926877975464,0.03413069248199463,0.06786999851465225
2011-01-03T00:00:00+00:00,2011-01-04T01:05:52.732000+00:00,2011-01-04T01:05:52.732000+00:00,NGG1@2011-01-27,-0.006909012794494629,-0.055939674377441406,0.03441476821899414,0.09035438299179077
2011-01-04T00:00:00+00:00,2011-01-05T01:08:58.556000+00:00,2011-01-05T01:08:58.556000+00:00,NGG1@2011-01-27,-0.0036858320236206055,-0.048000335693359375,0.03311192989349365,0.08111225813627243
2011-01-05T00:00:00+00:00,2011-01-06T01:16:58.423000+00:00,2011-01-06T01:16:58.423000+00:00,NGG1@2011-01-27,-0.008774936199188232,-0.06866389513015747,0.032433152198791504,0.10109704732894897
2011-01-06T00:00:00+00:00,2011-01-07T01:02:06.768000+00:00,2011-01-07T01:02:06.768000+00:00,NGG1@2011-01-27,-0.0033599138259887695,-0.04443395137786865,0.031918883323669434,0.07635276764631271
2011-01-07T00:00:00+00:00,2011-01-09T23:59:15.276000+00:00,2011-01-09T23:59:15.276000+00:00,NGG1@2011-01-27,-0.002768278121948242,-0.04684758186340332,0.03592264652252197,0.08277028053998947
2011-01-10T00:00:00+00:00,2011-01-11T02:09:56.904000+00:00,2011-01-11T02:09:56.904000+00:00,NGG1@2011-01-27,-0.001404404640197754,-0.03537893295288086,0.030582666397094727,0.0659615695476532
2011-01-11T00:00:00+00:00,2011-01-12T01:41:51.147000+00:00,2011-01-12T01:41:51.147000+00:00,NGG1@2011-01-27,0.001244187355041504,-0.04510897397994995,0.03491044044494629,0.08001936227083206
2011-01-12T00:00:00+00:00,2011-01-13T02:22:13.252000+00:00,2011-01-13T02:22:13.252000+00:00,NGG1@2011-01-27,0.005225539207458496,-0.03331863880157471,0.03339874744415283,0.06671742349863052
2011-01-13T00:00:00+00:00,2011-01-14T03:04:39.941000+00:00,2011-01-14T03:04:39.941000+00:00,NGG1@2011-01-27,3.063678741455078e-05,-0.041131436824798584,0.037724971771240234,0.0788564458489418
2011-01-14T00:00:00+00:00,2011-01-16T23:23:42.045000+00:00,2011-01-16T23:23:42.045000+00:00,NGG1@2011-01-27,0.004553318023681641,-0.034142911434173584,0.03937339782714844,0.0735163688659668
2011-01-18T00:00:00+00:00,2011-01-19T03:13:02.164000+00:00,2011-01-19T03:13:02.164000+00:00,NGG1@2011-01-27,0.00015056133270263672,-0.030720055103302002,0.03061830997467041,0.0613383911550045
2011-01-19T00:00:00+00:00,2011-01-20T02:26:45.855000+00:00,2011-01-20T02:26:45.855000+00:00,NGG1@2011-01-27,-0.003331899642944336,-0.04172861576080322,0.03549504280090332,0.07722368091344833
2011-01-20T00:00:00+00:00,2011-01-21T02:52:13.370000+00:00,2011-01-21T02:52:13.370000+00:00,NGG1@2011-01-27,-0.005675613880157471,-0.04832863807678223,0.03552901744842529,0.08385762572288513
2011-01-21T00:00:00+00:00,2011-01-23T23:45:53.453000+00:00,2011-01-23T23:45:53.453000+00:00,NGG1@2011-01-27,-0.0013317465782165527,-0.0433351993560791,0.03660929203033447,0.07994452863931656
2011-01-24T00:00:00+00:00,2011-01-25T23:23:47.493000+00:00,2011-01-25T23:23:47.493000+00:00,NGG1@2011-01-27,-0.002292335033416748,-0.0428694486618042,0.04024040699005127,0.08310980349779129
2011-01-25T00:00:00+00:00,2011-01-26T22:45:02.922000+00:00,2011-01-26T22:45:02.922000+00:00,NGG1@2011-01-27,0.0004317760467529297,-0.03984975814819336,0.04172086715698242,0.08157060295343399
2011-01-26T00:00:00+00:00,2011-01-27T22:45:44.274000+00:00,2011-01-27T22:45:44.274000+00:00,NGH1@2011-02-24,0.0026657581329345703,-0.03059905767440796,0.04165244102478027,0.07225147634744644
2011-01-27T00:00:00+00:00,2011-01-28T02:09:41.183000+00:00,2011-01-28T02:09:41.183000+00:00,NGH1@2011-02-24,0.0039910078048706055,-0.03345972299575806,0.04614531993865967,0.0796050950884819
2011-01-28T00:00:00+00:00,2011-01-30T23:58:44.121000+00:00,2011-01-30T23:58:44.121000+00:00,NGH1@2011-02-24,0.0008600950241088867,-0.037082135677337646,0.04776155948638916,0.0848437026143074
2011-01-31T00:00:00+00:00,2011-02-01T22:45:02.402000+00:00,2011-02-01T22:45:02.402000+00:00,NGH1@2011-02-24,0.007313251495361328,-0.02707129716873169,0.04996383190155029,0.077035091817379
2011-02-01T00:00:00+00:00,2011-02-02T22:45:28.714000+00:00,2011-02-02T22:45:28.714000+00:00,NGH1@2011-02-24,0.0022743940353393555,-0.032444894313812256,0.04907524585723877,0.08152017742395401
2011-02-02T00:00:00+00:00,2011-02-03T22:45:31.167000+00:00,2011-02-03T22:45:31.167000+00:00,NGH1@2011-02-24,0.0032347440719604492,-0.031228244304656982,0.04994332790374756,0.08117159456014633
2011-02-03T00:00:00+00:00,2011-02-04T02:33:15.217000+00:00,2011-02-04T02:33:15.217000+00:00,NGH1@2011-02-24,0.0001499652862548828,-0.027714848518371582,0.038699984550476074,0.06641483306884766
2011-02-04T00:00:00+00:00,2011-02-06T23:49:12.865000+00:00,2011-02-06T23:49:12.865000+00:00,NGH1@2011-02-24,0.0047953128814697266,-0.019567906856536865,0.03905045986175537,0.05861833319067955
2011-02-07T00:00:00+00:00,2011-02-08T22:45:01.276000+00:00,2011-02-08T22:45:01.276000+00:00,NGH1@2011-02-24,0.004737734794616699,-0.03472244739532471,0.0458984375,0.0806209146976471
2011-02-08T00:00:00+00:00,2011-02-09T22:45:48.985000+00:00,2011-02-09T22:45:48.985000+00:00,NGH1@2011-02-24,0.0012892484664916992,-0.039204537868499756,0.03637135028839111,0.07557585835456848
2011-02-09T00:00:00+00:00,2011-02-10T22:46:00.239000+00:00,2011-02-10T22:46:00.239000+00:00,NGH1@2011-02-24,0.001349806785583496,-0.032592952251434326,0.037880778312683105,0.07047367841005325
2011-02-10T00:00:00+00:00,2011-02-11T02:47:55.355000+00:00,2011-02-11T02:47:55.355000+00:00,NGH1@2011-02-24,0.002146601676940918,-0.03108513355255127,0.03869223594665527,0.06977739185094833
2011-02-11T00:00:00+00:00,2011-02-13T23:14:34.498000+00:00,2011-02-13T23:14:34.498000+00:00,NGH1@2011-02-24,-0.0055994391441345215,-0.03490513563156128,0.03096628189086914,0.0658714547753334
2011-02-14T00:00:00+00:00,2011-02-15T23:59:55.157000+00:00,2011-02-15T23:59:55.157000+00:00,NGH1@2011-02-24,0.001745462417602539,-0.02598506212234497,0.040628910064697266,0.06661397218704224
2011-02-15T00:00:00+00:00,2011-02-16T23:59:38.083000+00:00,2011-02-16T23:59:38.083000+00:00,NGH1@2011-02-24,0.0016803741455078125,-0.029026150703430176,0.04326498508453369,0.07229113578796387
2011-02-16T00:00:00+00:00,2011-02-17T23:48:45.720000+00:00,2011-02-17T23:48:45.720000+00:00,NGH1@2011-02-24,2.2530555725097656e-05,-0.02893197536468506,0.0368725061416626,0.06580443680286407
2011-02-17T00:00:00+00:00,2011-02-18T02:51:59.811000+00:00,2011-02-18T02:51:59.811000+00:00,NGH1@2011-02-24,-0.0017251372337341309,-0.03189516067504883,0.03391826152801514,0.06581339240074158
2011-02-18T00:00:00+00:00,2011-02-20T23:45:13.921000+00:00,2011-02-20T23:45:13.921000+00:00,NGH1@2011-02-24,-0.0005217194557189941,-0.028300583362579346,0.03233671188354492,0.060637302696704865
2011-02-22T00:00:00+00:00,2011-02-23T23:49:11.250000+00:00,2011-02-23T23:49:11.250000+00:00,NGH1@2011-02-24,0.0033745765686035156,-0.022776901721954346,0.03557610511779785,0.058352991938591
2011-02-23T00:00:00+00:00,2011-02-24T23:59:40.105000+00:00,2011-02-24T23:59:40.105000+00:00,NGH1@2011-02-24,0.0012791156768798828,-0.026879489421844482,0.03372454643249512,0.06060398370027542
2011-02-24T00:00:00+00:00,2011-02-25T02:15:32.146000+00:00,2011-02-25T02:15:32.146000+00:00,NGJ1@2011-03-29,0.003804802894592285,-0.022760450839996338,0.03259623050689697,0.0553567074239254
2011-02-25T00:00:00+00:00,2011-02-27T23:54:13.832000+00:00,2011-02-27T23:54:13.832000+00:00,NGJ1@2011-03-29,-0.0011663436889648438,-0.03169870376586914,0.03455615043640137,0.06625482439994812
2011-02-28T00:00:00+00:00,2011-03-01T23:59:06.507000+00:00,2011-03-01T23:59:06.507000+00:00,NGJ1@2011-03-29,0.00030541419982910156,-0.03228849172592163,0.03497815132141113,0.06726663559675217
2011-03-01T00:00:00+00:00,2011-03-02T23:52:37.570000+00:00,2011-03-02T23:52:37.570000+00:00,NGJ1@2011-03-29,0.010278701782226562,-0.019894897937774658,0.04240870475769043,0.06230352073907852
2011-03-02T00:00:00+00:00,2011-03-03T23:55:39.454000+00:00,2011-03-03T23:55:39.454000+00:00,NGJ1@2011-03-29,0.006815433502197266,-0.02076125144958496,0.03649759292602539,0.05725892633199692
2011-03-03T00:00:00+00:00,2011-03-04T02:42:42.831000+00:00,2011-03-04T02:42:42.831000+00:00,NGJ1@2011-03-29,0.010549664497375488,-0.023481309413909912,0.0459139347076416,0.0693952664732933
2011-03-04T00:00:00+00:00,2011-03-06T23:58:45.558000+00:00,2011-03-06T23:58:45.558000+00:00,NGJ1@2011-03-29,0.0032988786697387695,-0.022951066493988037,0.031453490257263184,0.05440456420183182
2011-03-07T00:00:00+00:00,2011-03-08T23:25:44.495000+00:00,2011-03-08T23:25:44.495000+00:00,NGJ1@2011-03-29,0.001316666603088379,-0.03342640399932861,0.03336381912231445,0.06679017096757889
2011-03-08T00:00:00+00:00,2011-03-09T23:57:27.035000+00:00,2011-03-09T23:57:27.035000+00:00,NGJ1@2011-03-29,0.00346529483795166,-0.03191804885864258,0.03714799880981445,0.06906598806381226
2011-03-09T00:00:00+00:00,2011-03-10T23:55:48.722000+00:00,2011-03-10T23:55:48.722000+00:00,NGJ1@2011-03-29,-0.0005657672882080078,-0.03368937969207764,0.03221750259399414,0.06590690463781357
2011-03-10T00:00:00+00:00,2011-03-11T01:16:33.050000+00:00,2011-03-11T01:16:33.050000+00:00,NGJ1@2011-03-29,0.00677490234375,-0.024500012397766113,0.03714489936828613,0.06164490059018135
2011-03-11T00:00:00+00:00,2011-03-13T23:48:59.442000+00:00,2011-03-13T23:48:59.442000+00:00,NGJ1@2011-03-29,0.004669904708862305,-0.026192665100097656,0.03565859794616699,0.06185125932097435
2011-03-14T00:00:00+00:00,2011-03-14T23:59:00+00:00,2011-03-14T23:59:00+00:00,NGJ1@2011-03-29,0.0055255889892578125,-0.02747398614883423,0.03646504878997803,0.06393899768590927
2011-03-15T00:00:00+00:00,2011-03-16T23:53:11.789000+00:00,2011-03-16T23:53:11.789000+00:00,NGJ1@2011-03-29,0.0005115270614624023,-0.028052449226379395,0.03047502040863037,0.05852743610739708
2011-03-16T00:00:00+00:00,2011-03-17T23:55:27.025000+00:00,2011-03-17T23:55:27.025000+00:00,NGJ1@2011-03-29,0.0003349781036376953,-0.027891218662261963,0.029923439025878906,0.057814691215753555
2011-03-17T00:00:00+00:00,2011-03-18T00:29:47.512000+00:00,2011-03-18T00:29:47.512000+00:00,NGJ1@2011-03-29,-0.009751319885253906,-0.044561147689819336,0.027035117149353027,0.07159627228975296
2011-03-18T00:00:00+00:00,2011-03-20T23:36:27.473000+00:00,2011-03-20T23:36:27.473000+00:00,NGJ1@2011-03-29,-0.006338775157928467,-0.04021954536437988,0.028057575225830078,0.06827706098556519
2011-03-21T00:00:00+00:00,2011-03-21T23:59:00+00:00,2011-03-21T23:59:00+00:00,NGJ1@2011-03-29,-0.003253638744354248,-0.03767538070678711,0.02901756763458252,0.0666930302977562
2011-03-22T00:00:00+00:00,2011-03-23T23:55:41.826000+00:00,2011-03-23T23:55:41.826000+00:00,NGJ1@2011-03-29,-0.005567371845245361,-0.04179126024246216,0.03032076358795166,0.07211203128099442
2011-03-23T00:00:00+00:00,2011-03-24T23:51:26.761000+00:00,2011-03-24T23:51:26.761000+00:00,NGJ1@2011-03-29,-0.003828763961791992,-0.04078787565231323,0.03519392013549805,0.07598177343606949
2011-03-24T00:00:00+00:00,2011-03-24T23:59:00+00:00,2011-03-24T23:59:00+00:00,NGJ1@2011-03-29,-0.003428220748901367,-0.03575456142425537,0.029651165008544922,0.06540578603744507
2011-03-25T00:00:00+00:00,2011-03-27T23:16:52.556000+00:00,2011-03-27T23:16:52.556000+00:00,NGJ1@2011-03-29,-0.006455361843109131,-0.038625121116638184,0.024644851684570312,0.06327000260353088
2011-03-28T00:00:00+00:00,2011-03-29T23:48:27.787000+00:00,2011-03-29T23:48:27.787000+00:00,NGJ1@2011-03-29,-0.004269540309906006,-0.03699076175689697,0.02621173858642578,0.06320250779390335
2011-03-30T00:00:00+00:00,2011-03-30T23:59:00+00:00,2011-03-30T23:59:00+00:00,NGK1@2011-04-27,-0.004498481750488281,-0.0350070595741272,0.02707529067993164,0.062082335352897644
2011-03-31T00:00:00+00:00,2011-04-01T01:45:55.171000+00:00,2011-04-01T01:45:55.171000+00:00,NGK1@2011-04-27,-0.0011583566665649414,-0.0310288667678833,0.030299901962280273,0.0613287128508091
2011-04-01T00:00:00+00:00,2011-04-03T23:53:33.369000+00:00,2011-04-03T23:53:33.369000+00:00,NGK1@2011-04-27,-1.3887882232666016e-05,-0.029988467693328857,0.02849292755126953,0.05848142132163048
2011-04-04T00:00:00+00:00,2011-04-05T21:49:19.525000+00:00,2011-04-05T21:49:19.525000+00:00,NGK1@2011-04-27,0.0016731023788452148,-0.026022136211395264,0.028461337089538574,0.05448351055383682
2011-04-05T00:00:00+00:00,2011-04-06T21:56:21.505000+00:00,2011-04-06T21:56:21.505000+00:00,NGK1@2011-04-27,-0.0009304285049438477,-0.02984023094177246,0.027627110481262207,0.05746738612651825
2011-04-06T00:00:00+00:00,2011-04-07T21:52:31.130000+00:00,2011-04-07T21:52:31.130000+00:00,NGK1@2011-04-27,0.004435062408447266,-0.02482694387435913,0.03385519981384277,0.058682139962911606
2011-04-07T00:00:00+00:00,2011-04-08T00:12:47.734000+00:00,2011-04-08T00:12:47.734000+00:00,NGK1@2011-04-27,0.0042760372161865234,-0.027650177478790283,0.03948342800140381,0.06713360548019409
2011-04-08T00:00:00+00:00,2011-04-10T23:21:03.965000+00:00,2011-04-10T23:21:03.965000+00:00,NGK1@2011-04-27,0.004706978797912598,-0.026049137115478516,0.036008358001708984,0.062057506293058395
2011-04-11T00:00:00+00:00,2011-04-12T21:46:23.585000+00:00,2011-04-12T21:46:23.585000+00:00,NGK1@2011-04-27,0.002297520637512207,-0.027302265167236328,0.03286182880401611,0.060164131224155426
2011-04-12T00:00:00+00:00,2011-04-13T21:46:14.111000+00:00,2011-04-13T21:46:14.111000+00:00,NGK1@2011-04-27,0.0010662078857421875,-0.028715789318084717,0.0319598913192749,0.06067560613155365
2011-04-13T00:00:00+00:00,2011-04-13T23:59:00+00:00,2011-04-13T23:59:00+00:00,NGK1@2011-04-27,-0.000451505184173584,-0.02810037136077881,0.0300137996673584,0.05811414122581482
2011-04-14T00:00:00+00:00,2011-04-14T23:59:00+00:00,2011-04-14T23:59:00+00:00,NGK1@2011-04-27,-0.0007802248001098633,-0.02948284149169922,0.02828800678253174,0.05777088180184364
2011-04-15T00:00:00+00:00,2011-04-17T22:43:41.964000+00:00,2011-04-17T22:43:41.964000+00:00,NGK1@2011-04-27,-0.001208662986755371,-0.02850484848022461,0.025167107582092285,0.05367197096347809
2011-04-18T00:00:00+00:00,2011-04-18T23:59:00+00:00,2011-04-18T23:59:00+00:00,NGK1@2011-04-27,0.0008928775787353516,-0.02596193552017212,0.026919960975646973,0.05288190767168999
2011-04-19T00:00:00+00:00,2011-04-19T23:59:00+00:00,2011-04-19T23:59:00+00:00,NGK1@2011-04-27,-0.0022594332695007324,-0.02838265895843506,0.025266647338867188,0.05364932492375374
2011-04-20T00:00:00+00:00,2011-04-21T00:07:05.049000+00:00,2011-04-21T00:07:05.049000+00:00,NGK1@2011-04-27,-0.0018705129623413086,-0.03007340431213379,0.025375962257385254,0.05544930323958397
2011-04-21T00:00:00+00:00,2011-04-22T01:21:38.531000+00:00,2011-04-22T01:21:38.531000+00:00,NGK1@2011-04-27,-0.0025908350944519043,-0.03185838460922241,0.024640202522277832,0.056498609483242035
2011-04-25T00:00:00+00:00,2011-04-26T23:42:24.635000+00:00,2011-04-26T23:42:24.635000+00:00,NGK1@2011-04-27,-0.0024760961532592773,-0.02882981300354004,0.021271944046020508,0.050101689994335175
2011-04-26T00:00:00+00:00,2011-04-27T23:53:26.718000+00:00,2011-04-27T23:53:26.718000+00:00,NGK1@2011-04-27,-0.003191232681274414,-0.02944737672805786,0.02092599868774414,0.05037332698702812
2011-04-27T00:00:00+00:00,2011-04-28T23:26:04.576000+00:00,2011-04-28T23:26:04.576000+00:00,NGM1@2011-05-26,-0.001085519790649414,-0.024097919464111328,0.021495938301086426,0.045593876391649246
2011-04-28T00:00:00+00:00,2011-04-29T00:01:28.138000+00:00,2011-04-29T00:01:28.138000+00:00,NGM1@2011-05-26,-0.011506915092468262,-0.03793215751647949,0.01556384563446045,0.053495995700359344
2011-04-29T00:00:00+00:00,2011-05-01T23:58:54.780000+00:00,2011-05-01T23:58:54.780000+00:00,NGM1@2011-05-26,-0.011530458927154541,-0.04258382320404053,0.017690658569335938,0.060274530202150345
2011-05-02T00:00:00+00:00,2011-05-03T23:06:58.883000+00:00,2011-05-03T23:06:58.883000+00:00,NGM1@2011-05-26,-0.010271072387695312,-0.04041087627410889,0.019836783409118652,0.06024761125445366
2011-05-03T00:00:00+00:00,2011-05-04T23:36:33.753000+00:00,2011-05-04T23:36:33.753000+00:00,NGM1@2011-05-26,-0.006434023380279541,-0.03250324726104736,0.019075751304626465,0.05157897248864174
2011-05-04T00:00:00+00:00,2011-05-04T23:59:00+00:00,2011-05-04T23:59:00+00:00,NGM1@2011-05-26,-0.006490826606750488,-0.033408522605895996,0.0192415714263916,0.052650030702352524
2011-05-05T00:00:00+00:00,2011-05-05T23:59:00+00:00,2011-05-05T23:59:00+00:00,NGM1@2011-05-26,-0.0036516189575195312,-0.036083877086639404,0.028932929039001465,0.06501681357622147
2011-05-06T00:00:00+00:00,2011-05-08T23:54:47.892000+00:00,2011-05-08T23:54:47.892000+00:00,NGM1@2011-05-26,0.003588557243347168,-0.02081364393234253,0.03054499626159668,0.05135868117213249
2011-05-09T00:00:00+00:00,2011-05-10T23:59:58.956000+00:00,2011-05-10T23:59:58.956000+00:00,NGM1@2011-05-26,0.0006409883499145508,-0.022287845611572266,0.02828359603881836,0.050571370869874954
2011-05-10T00:00:00+00:00,2011-05-11T23:15:40.660000+00:00,2011-05-11T23:15:40.660000+00:00,NGM1@2011-05-26,0.004756569862365723,-0.021765053272247314,0.03323090076446533,0.05499596893787384
2011-05-11T00:00:00+00:00,2011-05-12T23:28:05.359000+00:00,2011-05-12T23:28:05.359000+00:00,NGM1@2011-05-26,0.0025404691696166992,-0.02396082878112793,0.029110312461853027,0.05307114124298096
2011-05-12T00:00:00+00:00,2011-05-13T00:12:22.775000+00:00,2011-05-13T00:12:22.775000+00:00,NGM1@2011-05-26,0.0014253854751586914,-0.021877527236938477,0.02830493450164795,0.050182510167360306
2011-05-13T00:00:00+00:00,2011-05-15T23:59:04.489000+00:00,2011-05-15T23:59:04.489000+00:00,NGM1@2011-05-26,-0.0013286471366882324,-0.023845672607421875,0.02726423740386963,0.05110996216535568
2011-05-16T00:00:00+00:00,2011-05-17T23:58:05.836000+00:00,2011-05-17T23:58:05.836000+00:00,NGM1@2011-05-26,0.0006072521209716797,-0.028826534748077393,0.034638404846191406,0.06346495449542999
2011-05-17T00:00:00+00:00,2011-05-18T21:45:01.043000+00:00,2011-05-18T21:45:01.043000+00:00,NGM1@2011-05-26,0.0023480653762817383,-0.023199141025543213,0.03223276138305664,0.05543191730976105
2011-05-18T00:00:00+00:00,2011-05-19T23:09:23.786000+00:00,2011-05-19T23:09:23.786000+00:00,NGM1@2011-05-26,0.0018137693405151367,-0.01880323886871338,0.03202641010284424,0.050829727202653885
2011-05-19T00:00:00+00:00,2011-05-20T00:14:05.148000+00:00,2011-05-20T00:14:05.148000+00:00,NGM1@2011-05-26,0.0032045841217041016,-0.02560025453567505,0.04014408588409424,0.06574436277151108
2011-05-20T00:00:00+00:00,2011-05-23T22:39:43.685000+00:00,2011-05-23T22:39:43.685000+00:00,NGM1@2011-05-26,-0.0015439391136169434,-0.030613422393798828,0.03350627422332764,0.06411971896886826
2011-05-23T00:00:00+00:00,2011-05-23T23:59:00+00:00,2011-05-23T23:59:00+00:00,NGM1@2011-05-26,-0.0012073516845703125,-0.03436499834060669,0.038120388984680176,0.07248538732528687
2011-05-24T00:00:00+00:00,2011-05-24T23:59:00+00:00,2011-05-24T23:59:00+00:00,NGN1@2011-06-28,-0.00046557188034057617,-0.02597832679748535,0.032872915267944336,0.0588512197136879
2011-05-25T00:00:00+00:00,2011-05-26T23:19:33.671000+00:00,2011-05-26T23:19:33.671000+00:00,NGN1@2011-06-28,-0.002057313919067383,-0.024912476539611816,0.02974998950958252,0.05466248840093613
2011-05-26T00:00:00+00:00,2011-05-27T00:49:54.910000+00:00,2011-05-27T00:49:54.910000+00:00,NGN1@2011-06-28,0.0018347501754760742,-0.021220803260803223,0.03278827667236328,0.05400902405381203
2011-05-27T00:00:00+00:00,2011-05-29T23:56:31.220000+00:00,2011-05-29T23:56:31.220000+00:00,NGN1@2011-06-28,-0.003860175609588623,-0.030524015426635742,0.03208029270172119,0.06260434538125992
2011-05-31T00:00:00+00:00,2011-06-01T23:48:57.455000+00:00,2011-06-01T23:48:57.455000+00:00,NGN1@2011-06-28,-0.006646573543548584,-0.03812664747238159,0.03384113311767578,0.07196776568889618
2011-06-01T00:00:00+00:00,2011-06-01T23:59:04.179000+00:00,2011-06-01T23:59:04.179000+00:00,NGN1@2011-06-28,-0.0015277266502380371,-0.02979576587677002,0.03370308876037598,0.06349886208772659
2011-06-02T00:00:00+00:00,2011-06-03T00:25:33.183000+00:00,2011-06-03T00:25:33.183000+00:00,NGN1@2011-06-28,-0.006529629230499268,-0.04227566719055176,0.03660416603088379,0.07887984812259674
2011-06-03T00:00:00+00:00,2011-06-05T23:42:17.731000+00:00,2011-06-05T23:42:17.731000+00:00,NGN1@2011-06-28,-0.007810115814208984,-0.03995513916015625,0.03046870231628418,0.07042379677295685
2011-06-06T00:00:00+00:00,2011-06-07T22:49:06.885000+00:00,2011-06-07T22:49:06.885000+00:00,NGN1@2011-06-28,-0.006892383098602295,-0.04413008689880371,0.0350492000579834,0.07917926460504532
2011-06-07T00:00:00+00:00,2011-06-07T23:59:00+00:00,2011-06-07T23:59:00+00:00,NGN1@2011-06-28,-0.0017179250717163086,-0.03892594575881958,0.03999638557434082,0.0789223238825798
2011-06-08T00:00:00+00:00,2011-06-08T23:59:00+00:00,2011-06-08T23:59:00+00:00,NGN1@2011-06-28,-0.006543397903442383,-0.04095113277435303,0.036702871322631836,0.07765401899814606
2011-06-09T00:00:00+00:00,2011-06-09T23:59:00+00:00,2011-06-09T23:59:00+00:00,NGN1@2011-06-28,-0.006270408630371094,-0.036949992179870605,0.03584158420562744,0.07279153168201447
2011-06-10T00:00:00+00:00,2011-06-12T23:34:25.147000+00:00,2011-06-12T23:34:25.147000+00:00,NGN1@2011-06-28,-0.007826447486877441,-0.03981131315231323,0.03216218948364258,0.0719735398888588
2011-06-13T00:00:00+00:00,2011-06-14T21:45:02.689000+00:00,2011-06-14T21:45:02.689000+00:00,NGN1@2011-06-28,0.0006227493286132812,-0.027920424938201904,0.040274739265441895,0.06819520890712738
2011-06-14T00:00:00+00:00,2011-06-15T23:50:50.078000+00:00,2011-06-15T23:50:50.078000+00:00,NGN1@2011-06-28,-0.0008871555328369141,-0.029105782508850098,0.03727686405181885,0.06638269126415253
2011-06-15T00:00:00+00:00,2011-06-16T23:27:47.424000+00:00,2011-06-16T23:27:47.424000+00:00,NGN1@2011-06-28,0.0008375644683837891,-0.02502918243408203,0.03296172618865967,0.05799097940325737
2011-06-16T00:00:00+00:00,2011-06-17T00:06:51.886000+00:00,2011-06-17T00:06:51.886000+00:00,NGN1@2011-06-28,0.00742793083190918,-0.024631798267364502,0.04772639274597168,0.07235819846391678
2011-06-17T00:00:00+00:00,2011-06-19T22:09:45.617000+00:00,2011-06-19T22:09:45.617000+00:00,NGN1@2011-06-28,0.003264904022216797,-0.02464151382446289,0.037432312965393066,0.06207383796572685
2011-06-20T00:00:00+00:00,2011-06-21T22:54:39.386000+00:00,2011-06-21T22:54:39.386000+00:00,NGN1@2011-06-28,0.0003142356872558594,-0.02011585235595703,0.03202688694000244,0.05214270204305649
2011-06-21T00:00:00+00:00,2011-06-22T23:54:19.657000+00:00,2011-06-22T23:54:19.657000+00:00,NGN1@2011-06-28,0.0012938976287841797,-0.019519329071044922,0.03372180461883545,0.05324112996459007
2011-06-22T00:00:00+00:00,2011-06-23T21:45:00.607000+00:00,2011-06-23T21:45:00.607000+00:00,NGN1@2011-06-28,0.0006939172744750977,-0.0207788348197937,0.03455162048339844,0.05533045157790184
2011-06-23T00:00:00+00:00,2011-06-24T00:07:51.531000+00:00,2011-06-24T00:07:51.531000+00:00,NGN1@2011-06-28,0.0019278526306152344,-0.021070241928100586,0.03982579708099365,0.06089607626199722
2011-06-24T00:00:00+00:00,2011-06-26T23:59:31.125000+00:00,2011-06-26T23:59:31.125000+00:00,NGN1@2011-06-28,9.572505950927734e-05,-0.020858168601989746,0.03651762008666992,0.05737583339214325
2011-06-27T00:00:00+00:00,2011-06-28T23:21:11.775000+00:00,2011-06-28T23:21:11.775000+00:00,NGN1@2011-06-28,0.0053130388259887695,-0.017434895038604736,0.040383219718933105,0.05781818553805351
2011-06-29T00:00:00+00:00,2011-06-30T23:57:48.896000+00:00,2011-06-30T23:57:48.896000+00:00,NGQ1@2011-07-27,0.005095481872558594,-0.01571476459503174,0.03906118869781494,0.05477593466639519
2011-06-30T00:00:00+00:00,2011-07-01T00:08:21.487000+00:00,2011-07-01T00:08:21.487000+00:00,NGQ1@2011-07-27,0.004921555519104004,-0.01540452241897583,0.0359187126159668,0.05132322385907173
2011-07-01T00:00:00+00:00,2011-07-03T23:44:36.496000+00:00,2011-07-03T23:44:36.496000+00:00,NGQ1@2011-07-27,0.00675356388092041,-0.015284121036529541,0.03961324691772461,0.054897330701351166
2011-07-05T00:00:00+00:00,2011-07-06T23:55:10.717000+00:00,2011-07-06T23:55:10.717000+00:00,NGQ1@2011-07-27,-0.0005397796630859375,-0.02272665500640869,0.03207504749298096,0.05480173975229263
2011-07-06T00:00:00+00:00,2011-07-07T23:27:38.851000+00:00,2011-07-07T23:27:38.851000+00:00,NGQ1@2011-07-27,0.010144948959350586,-0.018094003200531006,0.04360198974609375,0.06169607862830162
2011-07-07T00:00:00+00:00,2011-07-08T00:09:00.426000+00:00,2011-07-08T00:09:00.426000+00:00,NGQ1@2011-07-27,0.008767127990722656,-0.022958457469940186,0.046974778175354004,0.0699331983923912
2011-07-08T00:00:00+00:00,2011-07-10T23:30:20.349000+00:00,2011-07-10T23:30:20.349000+00:00,NGQ1@2011-07-27,0.003927707672119141,-0.022637248039245605,0.03712332248687744,0.05976056680083275
2011-07-11T00:00:00+00:00,2011-07-12T23:40:43.144000+00:00,2011-07-12T23:40:43.144000+00:00,NGQ1@2011-07-27,0.0013030767440795898,-0.025532782077789307,0.038478732109069824,0.06401149183511734
2011-07-12T00:00:00+00:00,2011-07-13T23:53:19.538000+00:00,2011-07-13T23:53:19.538000+00:00,NGQ1@2011-07-27,-0.0007423758506774902,-0.028613507747650146,0.0336226224899292,0.062236104160547256
2011-07-13T00:00:00+00:00,2011-07-14T23:40:30.025000+00:00,2011-07-14T23:40:30.025000+00:00,NGQ1@2011-07-27,-0.006097972393035889,-0.03765672445297241,0.027665376663208008,0.06532203406095505
2011-07-14T00:00:00+00:00,2011-07-15T00:07:12.986000+00:00,2011-07-15T00:07:12.986000+00:00,NGQ1@2011-07-27,-0.004240453243255615,-0.03225928544998169,0.030030250549316406,0.06228955090045929
2011-07-15T00:00:00+00:00,2011-07-17T22:19:54.442000+00:00,2011-07-17T22:19:54.442000+00:00,NGQ1@2011-07-27,-0.01330268383026123,-0.05388176441192627,0.03088092803955078,0.08476268500089645
2011-07-18T00:00:00+00:00,2011-07-19T23:36:29.003000+00:00,2011-07-19T23:36:29.003000+00:00,NGQ1@2011-07-27,-0.007616162300109863,-0.047474026679992676,0.03585529327392578,0.08332934230566025
2011-07-19T00:00:00+00:00,2011-07-20T21:45:01.316000+00:00,2011-07-20T21:45:01.316000+00:00,NGQ1@2011-07-27,-0.008774220943450928,-0.045107126235961914,0.030559659004211426,0.07566678524017334
2011-07-20T00:00:00+00:00,2011-07-21T21:45:01.036000+00:00,2011-07-21T21:45:01.036000+00:00,NGQ1@2011-07-27,-0.0034500956535339355,-0.03398257493972778,0.029641270637512207,0.06362385302782059
2011-07-21T00:00:00+00:00,2011-07-22T00:07:28.334000+00:00,2011-07-22T00:07:28.334000+00:00,NGQ1@2011-07-27,0.001250624656677246,-0.029901742935180664,0.03108394145965576,0.060985684394836426
2011-07-22T00:00:00+00:00,2011-07-24T22:39:11.797000+00:00,2011-07-24T22:39:11.797000+00:00,NGQ1@2011-07-27,0.00107574462890625,-0.031090974807739258,0.02983558177947998,0.060926541686058044
2011-07-25T00:00:00+00:00,2011-07-26T23:02:57.092000+00:00,2011-07-26T23:02:57.092000+00:00,NGQ1@2011-07-27,0.0004678964614868164,-0.026976406574249268,0.027622342109680176,0.054598722606897354
2011-07-26T00:00:00+00:00,2011-07-27T23:45:23.875000+00:00,2011-07-27T23:45:23.875000+00:00,NGQ1@2011-07-27,0.000597834587097168,-0.027662336826324463,0.026310443878173828,0.053972840309143066
2011-07-27T00:00:00+00:00,2011-07-28T23:49:46.141000+00:00,2011-07-28T23:49:46.141000+00:00,NGU1@2011-08-29,0.0012513399124145508,-0.025225520133972168,0.028255224227905273,0.05348074436187744
2011-07-28T00:00:00+00:00,2011-07-29T00:08:37.608000+00:00,2011-07-29T00:08:37.608000+00:00,NGU1@2011-08-29,0.006424069404602051,-0.02164071798324585,0.036928415298461914,0.05856906250119209
2011-07-29T00:00:00+00:00,2011-07-31T23:05:26.451000+00:00,2011-07-31T23:05:26.451000+00:00,NGU1@2011-08-29,0.008917689323425293,-0.021195054054260254,0.042058348655700684,0.06325334310531616
2011-08-01T00:00:00+00:00,2011-08-02T21:45:05.744000+00:00,2011-08-02T21:45:05.744000+00:00,NGU1@2011-08-29,0.009543061256408691,-0.019566476345062256,0.040840864181518555,0.06040734052658081
2011-08-02T00:00:00+00:00,2011-08-03T23:11:36.894000+00:00,2011-08-03T23:11:36.894000+00:00,NGU1@2011-08-29,0.0027698278427124023,-0.019397318363189697,0.03090965747833252,0.05030694976449013
2011-08-03T00:00:00+00:00,2011-08-04T23:53:09.480000+00:00,2011-08-04T23:53:09.480000+00:00,NGU1@2011-08-29,0.0041228532791137695,-0.020365476608276367,0.03378641605377197,0.05415191128849983
2011-08-04T00:00:00+00:00,2011-08-05T00:09:18.861000+00:00,2011-08-05T00:09:18.861000+00:00,NGU1@2011-08-29,0.006173849105834961,-0.03109663724899292,0.0429387092590332,0.07403535395860672
2011-08-05T00:00:00+00:00,2011-08-07T23:55:59.525000+00:00,2011-08-07T23:55:59.525000+00:00,NGU1@2011-08-29,0.003558635711669922,-0.03062194585800171,0.0405421257019043,0.0711641013622284
2011-08-08T00:00:00+00:00,2011-08-09T23:11:22.817000+00:00,2011-08-09T23:11:22.817000+00:00,NGU1@2011-08-29,-0.002076268196105957,-0.023298203945159912,0.027121543884277344,0.05041974410414696
2011-08-09T00:00:00+00:00,2011-08-10T21:45:00.505000+00:00,2011-08-10T21:45:00.505000+00:00,NGU1@2011-08-29,0.003942131996154785,-0.021371662616729736,0.033611416816711426,0.05498306080698967
2011-08-10T00:00:00+00:00,2011-08-11T21:45:00.497000+00:00,2011-08-11T21:45:00.497000+00:00,NGU1@2011-08-29,0.0020830631256103516,-0.019931375980377197,0.032061100006103516,0.05199252441525459
2011-08-11T00:00:00+00:00,2011-08-12T00:10:45.755000+00:00,2011-08-12T00:10:45.755000+00:00,NGU1@2011-08-29,0.00723576545715332,-0.02120077610015869,0.03559911251068115,0.05679992213845253
2011-08-12T00:00:00+00:00,2011-08-14T23:45:01.211000+00:00,2011-08-14T23:45:01.211000+00:00,NGU1@2011-08-29,0.004106402397155762,-0.021683692932128906,0.03519284725189209,0.05687651410698891
2011-08-15T00:00:00+00:00,2011-08-16T23:17:01.215000+00:00,2011-08-16T23:17:01.215000+00:00,NGU1@2011-08-29,0.0034636259078979492,-0.018911242485046387,0.03179323673248291,0.0507044717669487
2011-08-16T00:00:00+00:00,2011-08-17T00:06:45.318000+00:00,2011-08-17T00:06:45.318000+00:00,NGU1@2011-08-29,0.010289669036865234,-0.019261658191680908,0.04662501811981201,0.06588660180568695
2011-08-17T00:00:00+00:00,2011-08-18T23:18:54.477000+00:00,2011-08-18T23:18:54.477000+00:00,NGU1@2011-08-29,0.006574511528015137,-0.025014519691467285,0.04033803939819336,0.06535251438617706
2011-08-18T00:00:00+00:00,2011-08-19T00:06:55.350000+00:00,2011-08-19T00:06:55.350000+00:00,NGU1@2011-08-29,0.0035855770111083984,-0.025926649570465088,0.03808176517486572,0.06400840729475021
2011-08-19T00:00:00+00:00,2011-08-21T23:54:03.162000+00:00,2011-08-21T23:54:03.162000+00:00,NGU1@2011-08-29,0.0052947998046875,-0.023007869720458984,0.03632152080535889,0.05932943522930145
2011-08-22T00:00:00+00:00,2011-08-23T23:23:51.960000+00:00,2011-08-23T23:23:51.960000+00:00,NGU1@2011-08-29,0.008518695831298828,-0.02402275800704956,0.04001319408416748,0.06403601914644241
2011-08-23T00:00:00+00:00,2011-08-24T21:45:13.233000+00:00,2011-08-24T21:45:13.233000+00:00,NGU1@2011-08-29,0.0033326148986816406,-0.024549543857574463,0.03466510772705078,0.059214625507593155
2011-08-24T00:00:00+00:00,2011-08-25T23:46:44.148000+00:00,2011-08-25T23:46:44.148000+00:00,NGU1@2011-08-29,0.004313945770263672,-0.01983088254928589,0.036119818687438965,0.05595073848962784
2011-08-25T00:00:00+00:00,2011-08-26T00:07:08.839000+00:00,2011-08-26T00:07:08.839000+00:00,NGU1@2011-08-29,0.004428267478942871,-0.013985931873321533,0.030687928199768066,0.0446738563477993
2011-08-26T00:00:00+00:00,2011-08-28T23:52:28.698000+00:00,2011-08-28T23:52:28.698000+00:00,NGU1@2011-08-29,0.0019937753677368164,-0.016427934169769287,0.03199565410614014,0.048423655331134796
2011-08-29T00:00:00+00:00,2011-08-30T21:45:11.546000+00:00,2011-08-30T21:45:11.546000+00:00,NGV1@2011-09-28,0.003851652145385742,-0.02330857515335083,0.03798508644104004,0.06129368394613266
2011-08-30T00:00:00+00:00,2011-08-31T23:37:51.019000+00:00,2011-08-31T23:37:51.019000+00:00,NGV1@2011-09-28,-0.003430187702178955,-0.02530825138092041,0.026810407638549805,0.052118584513664246
2011-08-31T00:00:00+00:00,2011-09-01T23:25:39.685000+00:00,2011-09-01T23:25:39.685000+00:00,NGV1@2011-09-28,-0.0030844807624816895,-0.033498525619506836,0.030415058135986328,0.06391353160142899
2011-09-01T00:00:00+00:00,2011-09-02T00:08:12.613000+00:00,2011-09-02T00:08:12.613000+00:00,NGV1@2011-09-28,-0.0028532743453979492,-0.02842271327972412,0.027358055114746094,0.05578082054853439
2011-09-02T00:00:00+00:00,2011-09-04T23:44:54.971000+00:00,2011-09-04T23:44:54.971000+00:00,NGV1@2011-09-28,0.005732178688049316,-0.014861643314361572,0.035413265228271484,0.05027485638856888
2011-09-06T00:00:00+00:00,2011-09-07T23:12:10.624000+00:00,2011-09-07T23:12:10.624000+00:00,NGV1@2011-09-28,0.0018950700759887695,-0.02027946710586548,0.02696967124938965,0.04724913835525513
2011-09-07T00:00:00+00:00,2011-09-08T23:27:28.709000+00:00,2011-09-08T23:27:28.709000+00:00,NGV1@2011-09-28,0.0026247501373291016,-0.023715317249298096,0.029512763023376465,0.05322803556919098
2011-09-08T00:00:00+00:00,2011-09-09T00:09:18.875000+00:00,2011-09-09T00:09:18.875000+00:00,NGV1@2011-09-28,0.001569509506225586,-0.024112582206726074,0.028374075889587402,0.05248665064573288
2011-09-09T00:00:00+00:00,2011-09-11T22:50:23.014000+00:00,2011-09-11T22:50:23.014000+00:00,NGV1@2011-09-28,0.0052176713943481445,-0.022949814796447754,0.035381436347961426,0.05833125114440918
2011-09-12T00:00:00+00:00,2011-09-13T23:50:45.114000+00:00,2011-09-13T23:50:45.114000+00:00,NGV1@2011-09-28,0.003562331199645996,-0.025127887725830078,0.03583955764770508,0.06096746772527695
2011-09-13T00:00:00+00:00,2011-09-14T21:45:09.005000+00:00,2011-09-14T21:45:09.005000+00:00,NGV1@2011-09-28,-0.0003313422203063965,-0.030192196369171143,0.03288149833679199,0.06307369470596313
2011-09-14T00:00:00+00:00,2011-09-15T23:58:01.915000+00:00,2011-09-15T23:58:01.915000+00:00,NGV1@2011-09-28,-0.0032712817192077637,-0.04129469394683838,0.032363295555114746,0.07365799695253372
2011-09-15T00:00:00+00:00,2011-09-16T00:09:22.158000+00:00,2011-09-16T00:09:22.158000+00:00,NGV1@2011-09-28,0.005052924156188965,-0.03019624948501587,0.03664112091064453,0.0668373703956604
2011-09-16T00:00:00+00:00,2011-09-18T23:27:10.502000+00:00,2011-09-18T23:27:10.502000+00:00,NGV1@2011-09-28,0.010036110877990723,-0.031819701194763184,0.04793655872344971,0.0797562375664711
2011-09-19T00:00:00+00:00,2011-09-20T23:06:31.206000+00:00,2011-09-20T23:06:31.206000+00:00,NGV1@2011-09-28,0.007119297981262207,-0.026083767414093018,0.042920470237731934,0.06900427490472794
2011-09-20T00:00:00+00:00,2011-09-21T23:53:51.903000+00:00,2011-09-21T23:53:51.903000+00:00,NGV1@2011-09-28,0.003934621810913086,-0.026421964168548584,0.03339707851409912,0.05981908366084099
2011-09-21T00:00:00+00:00,2011-09-22T23:50:47.595000+00:00,2011-09-22T23:50:47.595000+00:00,NGV1@2011-09-28,0.0074465274810791016,-0.02678239345550537,0.037551045417785645,0.06433345377445221
2011-09-22T00:00:00+00:00,2011-09-23T00:07:02.742000+00:00,2011-09-23T00:07:02.742000+00:00,NGV1@2011-09-28,0.006584644317626953,-0.03046804666519165,0.03913712501525879,0.06960516422986984
2011-09-23T00:00:00+00:00,2011-09-25T23:34:21.228000+00:00,2011-09-25T23:34:21.228000+00:00,NGV1@2011-09-28,0.0006706714630126953,-0.026979565620422363,0.026024937629699707,0.05300455540418625
2011-09-26T00:00:00+00:00,2011-09-27T23:27:09.735000+00:00,2011-09-27T23:27:09.735000+00:00,NGV1@2011-09-28,-0.0017507672309875488,-0.035414278507232666,0.026597142219543457,0.062011461704969406
2011-09-27T00:00:00+00:00,2011-09-28T23:47:02.569000+00:00,2011-09-28T23:47:02.569000+00:00,NGV1@2011-09-28,-0.0029578208923339844,-0.041874587535858154,0.030543208122253418,0.07241782546043396
2011-09-28T00:00:00+00:00,2011-09-29T23:57:57.335000+00:00,2011-09-29T23:57:57.335000+00:00,NGX1@2011-10-27,0.0019648075103759766,-0.033692121505737305,0.030390024185180664,0.06408219784498215
2011-09-29T00:00:00+00:00,2011-09-30T00:07:27.807000+00:00,2011-09-30T00:07:27.807000+00:00,NGX1@2011-10-27,0.004588603973388672,-0.028070390224456787,0.032701969146728516,0.0607723668217659
2011-09-30T00:00:00+00:00,2011-10-02T23:59:24.517000+00:00,2011-10-02T23:59:24.517000+00:00,NGX1@2011-10-27,0.0067996978759765625,-0.029134750366210938,0.03561961650848389,0.06475438177585602
2011-10-03T00:00:00+00:00,2011-10-04T23:04:48.154000+00:00,2011-10-04T23:04:48.154000+00:00,NGX1@2011-10-27,0.00364840030670166,-0.036600470542907715,0.03761923313140869,0.07421962916851044
2011-10-04T00:00:00+00:00,2011-10-05T21:45:28.289000+00:00,2011-10-05T21:45:28.289000+00:00,NGX1@2011-10-27,0.0028973817825317383,-0.033238232135772705,0.03509831428527832,0.06833647936582565
2011-10-05T00:00:00+00:00,2011-10-06T23:58:30.284000+00:00,2011-10-06T23:58:30.284000+00:00,NGX1@2011-10-27,0.0020575523376464844,-0.036540091037750244,0.03474605083465576,0.0712861567735672
2011-10-06T00:00:00+00:00,2011-10-07T00:08:17.920000+00:00,2011-10-07T00:08:17.920000+00:00,NGX1@2011-10-27,0.002074599266052246,-0.036392390727996826,0.03259134292602539,0.06898374110460281
2011-10-07T00:00:00+00:00,2011-10-09T23:43:44.476000+00:00,2011-10-09T23:43:44.476000+00:00,NGX1@2011-10-27,0.00332796573638916,-0.04228627681732178,0.042244553565979004,0.0845307931303978
2011-10-10T00:00:00+00:00,2011-10-11T21:45:02.292000+00:00,2011-10-11T21:45:02.292000+00:00,NGX1@2011-10-27,-0.0007187128067016602,-0.047984540462493896,0.03454434871673584,0.08252885192632675
2011-10-11T00:00:00+00:00,2011-10-12T23:25:38.511000+00:00,2011-10-12T23:25:38.511000+00:00,NGX1@2011-10-27,0.0002701282501220703,-0.03318566083908081,0.0258713960647583,0.05905712768435478
2011-10-12T00:00:00+00:00,2011-10-13T21:45:47.855000+00:00,2011-10-13T21:45:47.855000+00:00,NGX1@2011-10-27,0.002432107925415039,-0.03971672058105469,0.03174924850463867,0.07146598398685455
2011-10-13T00:00:00+00:00,2011-10-14T00:08:45.562000+00:00,2011-10-14T00:08:45.562000+00:00,NGX1@2011-10-27,-0.002241671085357666,-0.04216057062149048,0.028401851654052734,0.0705624520778656
2011-10-14T00:00:00+00:00,2011-10-16T23:44:31.198000+00:00,2011-10-16T23:44:31.198000+00:00,NGX1@2011-10-27,-0.007021069526672363,-0.0502740740776062,0.02452528476715088,0.07479936629533768
2011-10-17T00:00:00+00:00,2011-10-18T21:45:04.641000+00:00,2011-10-18T21:45:04.641000+00:00,NGX1@2011-10-27,-0.0041013360023498535,-0.048326194286346436,0.02541971206665039,0.07374594360589981
2011-10-18T00:00:00+00:00,2011-10-19T21:45:01.742000+00:00,2011-10-19T21:45:01.742000+00:00,NGX1@2011-10-27,0.007758617401123047,-0.030912697315216064,0.03475391864776611,0.06566663831472397
2011-10-19T00:00:00+00:00,2011-10-20T21:45:00.558000+00:00,2011-10-20T21:45:00.558000+00:00,NGX1@2011-10-27,0.008077144622802734,-0.019640982151031494,0.03592348098754883,0.05556449294090271
2011-10-20T00:00:00+00:00,2011-10-21T00:06:53.779000+00:00,2011-10-21T00:06:53.779000+00:00,NGX1@2011-10-27,0.005492210388183594,-0.028571367263793945,0.029700040817260742,0.05827133730053902
2011-10-21T00:00:00+00:00,2011-10-23T23:45:02.672000+00:00,2011-10-23T23:45:02.672000+00:00,NGX1@2011-10-27,0.0015708208084106445,-0.030405163764953613,0.02708745002746582,0.05749258026480675
2011-10-24T00:00:00+00:00,2011-10-25T22:55:16.334000+00:00,2011-10-25T22:55:16.334000+00:00,NGX1@2011-10-27,0.0015615224838256836,-0.032967448234558105,0.025646448135375977,0.05861392244696617
2011-10-25T00:00:00+00:00,2011-10-26T21:45:00.211000+00:00,2011-10-26T21:45:00.211000+00:00,NGX1@2011-10-27,-0.001155257225036621,-0.037192702293395996,0.021545052528381348,0.05873778834939003
2011-10-26T00:00:00+00:00,2011-10-27T21:45:04.060000+00:00,2011-10-27T21:45:04.060000+00:00,NGZ1@2011-11-28,0.003991484642028809,-0.02390265464782715,0.02277219295501709,0.04667484015226364
2011-10-27T00:00:00+00:00,2011-10-28T00:07:02.558000+00:00,2011-10-28T00:07:02.558000+00:00,NGZ1@2011-11-28,0.0007674694061279297,-0.02201223373413086,0.012920260429382324,0.03493243828415871
2011-10-28T00:00:00+00:00,2011-10-30T23:52:07.058000+00:00,2011-10-30T23:52:07.058000+00:00,NGZ1@2011-11-28,-0.006899058818817139,-0.040961384773254395,0.013318657875061035,0.05428000167012215
2011-10-31T00:00:00+00:00,2011-11-01T00:07:12.447000+00:00,2011-11-01T00:07:12.447000+00:00,NGZ1@2011-11-28,-0.007226347923278809,-0.04013103246688843,0.011433839797973633,0.05156489461660385
2011-11-01T00:00:00+00:00,2011-11-02T22:18:22.132000+00:00,2011-11-02T22:18:22.132000+00:00,NGZ1@2011-11-28,0.008836627006530762,-0.028731226921081543,0.03160440921783447,0.06033560261130333
2011-11-02T00:00:00+00:00,2011-11-03T22:39:09.914000+00:00,2011-11-03T22:39:09.914000+00:00,NGZ1@2011-11-28,0.010822176933288574,-0.021883785724639893,0.02912604808807373,0.05100981146097183
2011-11-03T00:00:00+00:00,2011-11-04T00:07:34.532000+00:00,2011-11-04T00:07:34.532000+00:00,NGZ1@2011-11-28,0.0041904449462890625,-0.027391135692596436,0.0299607515335083,0.05735184624791145
2011-11-04T00:00:00+00:00,2011-11-06T23:51:39.322000+00:00,2011-11-06T23:51:39.322000+00:00,NGZ1@2011-11-28,0.001085519790649414,-0.028671443462371826,0.024216413497924805,0.05288783460855484
2011-11-07T00:00:00+00:00,2011-11-08T22:45:02.766000+00:00,2011-11-08T22:45:02.766000+00:00,NGZ1@2011-11-28,0.007680177688598633,-0.01982402801513672,0.028544187545776367,0.048368263989686966
2011-11-08T00:00:00+00:00,2011-11-09T22:45:18.835000+00:00,2011-11-09T22:45:18.835000+00:00,NGZ1@2011-11-28,0.004069328308105469,-0.025365114212036133,0.02606070041656494,0.05142577365040779
2011-11-09T00:00:00+00:00,2011-11-10T22:45:14.244000+00:00,2011-11-10T22:45:14.244000+00:00,NGZ1@2011-11-28,0.01023852825164795,-0.019433796405792236,0.032172203063964844,0.051605936139822006
2011-11-10T00:00:00+00:00,2011-11-11T01:08:02.118000+00:00,2011-11-11T01:08:02.118000+00:00,NGZ1@2011-11-28,0.007444143295288086,-0.022134900093078613,0.02839374542236328,0.050528667867183685
2011-11-11T00:00:00+00:00,2011-11-13T23:44:33.609000+00:00,2011-11-13T23:44:33.609000+00:00,NGZ1@2011-11-28,0.009505510330200195,-0.019176185131072998,0.028845906257629395,0.04802205041050911
2011-11-14T00:00:00+00:00,2011-11-15T22:45:43.512000+00:00,2011-11-15T22:45:43.512000+00:00,NGZ1@2011-11-28,0.015752553939819336,-0.02001643180847168,0.042498111724853516,0.06251448392868042
2011-11-15T00:00:00+00:00,2011-11-16T01:08:55.058000+00:00,2011-11-16T01:08:55.058000+00:00,NGZ1@2011-11-28,0.012193441390991211,-0.031536221504211426,0.047344326972961426,0.07888061553239822
2011-11-16T00:00:00+00:00,2011-11-17T22:45:05.174000+00:00,2011-11-17T22:45:05.174000+00:00,NGZ1@2011-11-28,0.007054567337036133,-0.03732675313949585,0.044803500175476074,0.08213027566671371
2011-11-17T00:00:00+00:00,2011-11-18T01:09:34.634000+00:00,2011-11-18T01:09:34.634000+00:00,NGZ1@2011-11-28,0.0016884803771972656,-0.04017198085784912,0.03992795944213867,0.08009990304708481
2011-11-18T00:00:00+00:00,2011-11-20T23:59:52.670000+00:00,2011-11-20T23:59:52.670000+00:00,NGZ1@2011-11-28,0.005971789360046387,-0.03428006172180176,0.043650269508361816,0.07793030887842178
2011-11-21T00:00:00+00:00,2011-11-22T22:45:00.061000+00:00,2011-11-22T22:45:00.061000+00:00,NGZ1@2011-11-28,0.009283185005187988,-0.032806575298309326,0.04893290996551514,0.08173948526382446
2011-11-22T00:00:00+00:00,2011-11-23T23:51:22.585000+00:00,2011-11-23T23:51:22.585000+00:00,NGZ1@2011-11-28,0.009029865264892578,-0.02606058120727539,0.041330933570861816,0.06739147007465363
2011-11-23T00:00:00+00:00,2011-11-24T23:52:24.971000+00:00,2011-11-24T23:52:24.971000+00:00,NGZ1@2011-11-28,-0.0014801025390625,-0.04221528768539429,0.035562872886657715,0.07777813822031021
2011-11-25T00:00:00+00:00,2011-11-27T23:36:18.470000+00:00,2011-11-27T23:36:18.470000+00:00,NGZ1@2011-11-28,-0.003210127353668213,-0.04316967725753784,0.04234111309051514,0.08551075309515
2011-11-28T00:00:00+00:00,2011-11-29T22:45:03.412000+00:00,2011-11-29T22:45:03.412000+00:00,NGF2@2011-12-28,0.01653873920440674,-0.028919458389282227,0.05409371852874756,0.083013154566288
2011-11-29T00:00:00+00:00,2011-11-30T22:45:07.670000+00:00,2011-11-30T22:45:07.670000+00:00,NGF2@2011-12-28,0.0011626482009887695,-0.024591505527496338,0.02653062343597412,0.051122117787599564
2011-11-30T00:00:00+00:00,2011-12-01T22:45:01.183000+00:00,2011-12-01T22:45:01.183000+00:00,NGF2@2011-12-28,0.005192756652832031,-0.019267022609710693,0.027918696403503418,0.04718578979372978
2011-12-01T00:00:00+00:00,2011-12-02T01:08:00.948000+00:00,2011-12-02T01:08:00.948000+00:00,NGF2@2011-12-28,0.0020296573638916016,-0.03266984224319458,0.02643871307373047,0.05910852923989296
2011-12-02T00:00:00+00:00,2011-12-04T23:07:09.878000+00:00,2011-12-04T23:07:09.878000+00:00,NGF2@2011-12-28,0.00907278060913086,-0.026482343673706055,0.03161883354187012,0.05810122191905975
2011-12-05T00:00:00+00:00,2011-12-06T23:29:00.400000+00:00,2011-12-06T23:29:00.400000+00:00,NGF2@2011-12-28,0.016878604888916016,-0.02593362331390381,0.046793460845947266,0.07272710651159286
2011-12-06T00:00:00+00:00,2011-12-07T22:45:00.285000+00:00,2011-12-07T22:45:00.285000+00:00,NGF2@2011-12-28,0.008992314338684082,-0.03692203760147095,0.042095184326171875,0.07901719212532043
2011-12-07T00:00:00+00:00,2011-12-08T22:45:28.970000+00:00,2011-12-08T22:45:28.970000+00:00,NGF2@2011-12-28,0.012634038925170898,-0.03354382514953613,0.05324971675872803,0.08679356426000595
2011-12-08T00:00:00+00:00,2011-12-09T01:08:30.855000+00:00,2011-12-09T01:08:30.855000+00:00,NGF2@2011-12-28,0.002274036407470703,-0.04416358470916748,0.04367637634277344,0.08783990144729614
2011-12-09T00:00:00+00:00,2011-12-11T23:39:22.977000+00:00,2011-12-11T23:39:22.977000+00:00,NGF2@2011-12-28,0.0145263671875,-0.02921825647354126,0.05215632915496826,0.08137455582618713
2011-12-12T00:00:00+00:00,2011-12-13T22:45:03.044000+00:00,2011-12-13T22:45:03.044000+00:00,NGF2@2011-12-28,0.011638283729553223,-0.024398624897003174,0.050269126892089844,0.0746678039431572
2011-12-13T00:00:00+00:00,2011-12-14T22:45:06.477000+00:00,2011-12-14T22:45:06.477000+00:00,NGF2@2011-12-28,0.0007584095001220703,-0.043353378772735596,0.04068946838378906,0.08404287695884705
2011-12-14T00:00:00+00:00,2011-12-15T22:45:03.708000+00:00,2011-12-15T22:45:03.708000+00:00,NGF2@2011-12-28,0.006340980529785156,-0.03836911916732788,0.04687392711639404,0.08524308353662491
2011-12-15T00:00:00+00:00,2011-12-16T01:08:13.199000+00:00,2011-12-16T01:08:13.199000+00:00,NGF2@2011-12-28,-0.0023478269577026367,-0.04019582271575928,0.03240680694580078,0.07260268926620483
2011-12-16T00:00:00+00:00,2011-12-18T23:23:49.843000+00:00,2011-12-18T23:23:49.843000+00:00,NGF2@2011-12-28,0.002114534378051758,-0.03269535303115845,0.0329432487487793,0.06563860923051834
2011-12-19T00:00:00+00:00,2011-12-20T01:11:27.854000+00:00,2011-12-20T01:11:27.854000+00:00,NGF2@2011-12-28,0.0018061399459838867,-0.04064518213272095,0.0395665168762207,0.08021168410778046
2011-12-20T00:00:00+00:00,2011-12-21T23:38:46.612000+00:00,2011-12-21T23:38:46.612000+00:00,NGF2@2011-12-28,0.0013163089752197266,-0.04282349348068237,0.03611290454864502,0.078936368227005
2011-12-21T00:00:00+00:00,2011-12-22T22:45:06.928000+00:00,2011-12-22T22:45:06.928000+00:00,NGF2@2011-12-28,0.002282857894897461,-0.03844797611236572,0.03505754470825195,0.07350554317235947
2011-12-22T00:00:00+00:00,2011-12-23T01:08:06.626000+00:00,2011-12-23T01:08:06.626000+00:00,NGF2@2011-12-28,0.004934906959533691,-0.03398847579956055,0.036868929862976074,0.07085742056369781
2011-12-23T00:00:00+00:00,2011-12-25T19:06:57.318000+00:00,2011-12-25T19:06:57.318000+00:00,NGF2@2011-12-28,0.010696053504943848,-0.02942526340484619,0.04461944103240967,0.07404465973377228
2011-12-27T00:00:00+00:00,2011-12-28T23:46:35.392000+00:00,2011-12-28T23:46:35.392000+00:00,NGF2@2011-12-28,0.009329080581665039,-0.030091285705566406,0.041983842849731445,0.07207519561052322
2011-12-29T00:00:00+00:00,2011-12-30T01:07:08.502000+00:00,2011-12-30T01:07:08.502000+00:00,NGG2@2012-01-27,0.0060312747955322266,-0.043021202087402344,0.044761061668395996,0.08778230100870132
2011-12-30T00:00:00+00:00,2012-01-01T19:07:09.196000+00:00,2012-01-01T19:07:09.196000+00:00,NGG2@2012-01-27,0.0031038522720336914,-0.03864455223083496,0.03927290439605713,0.07791740447282791
2012-01-03T00:00:00+00:00,2012-01-04T23:50:55.849000+00:00,2012-01-04T23:50:55.849000+00:00,NGG2@2012-01-27,0.00518190860748291,-0.03866612911224365,0.03806746006011963,0.07673358172178268
2012-01-04T00:00:00+00:00,2012-01-05T22:45:10.085000+00:00,2012-01-05T22:45:10.085000+00:00,NGG2@2012-01-27,0.001736283302307129,-0.03965795040130615,0.039980173110961914,0.07963812351226807
2012-01-05T00:00:00+00:00,2012-01-06T01:07:54.503000+00:00,2012-01-06T01:07:54.503000+00:00,NGG2@2012-01-27,0.003298163414001465,-0.028970003128051758,0.03614974021911621,0.06511979550123215
2012-01-06T00:00:00+00:00,2012-01-08T23:24:19.367000+00:00,2012-01-08T23:24:19.367000+00:00,NGG2@2012-01-27,0.0010031461715698242,-0.03373444080352783,0.03471815586090088,0.06845260411500931
2012-01-09T00:00:00+00:00,2012-01-10T23:58:51.903000+00:00,2012-01-10T23:58:51.903000+00:00,NGG2@2012-01-27,0.0038025379180908203,-0.02920544147491455,0.038814663887023926,0.06802008301019669
2012-01-10T00:00:00+00:00,2012-01-11T22:45:03.911000+00:00,2012-01-11T22:45:03.911000+00:00,NGG2@2012-01-27,0.004364609718322754,-0.030566930770874023,0.046279311180114746,0.07684625685214996
2012-01-11T00:00:00+00:00,2012-01-12T22:45:07.003000+00:00,2012-01-12T22:45:07.003000+00:00,NGG2@2012-01-27,0.01813971996307373,-0.03299492597579956,0.08692574501037598,0.11992067843675613
2012-01-12T00:00:00+00:00,2012-01-13T01:09:51.391000+00:00,2012-01-13T01:09:51.391000+00:00,NGG2@2012-01-27,0.011749029159545898,-0.030396997928619385,0.07206344604492188,0.10246049612760544
2012-01-13T00:00:00+00:00,2012-01-15T23:59:24.287000+00:00,2012-01-15T23:59:24.287000+00:00,NGG2@2012-01-27,0.0058286190032958984,-0.07001656293869019,0.08920753002166748,0.15922413766384125
2012-01-17T00:00:00+00:00,2012-01-18T22:45:14.771000+00:00,2012-01-18T22:45:14.771000+00:00,NGG2@2012-01-27,0.04134106636047363,-0.015193343162536621,0.11572790145874023,0.13092122972011566
2012-01-18T00:00:00+00:00,2012-01-19T22:45:04.411000+00:00,2012-01-19T22:45:04.411000+00:00,NGG2@2012-01-27,0.012527823448181152,-0.02858370542526245,0.07886457443237305,0.1074482724070549
2012-01-19T00:00:00+00:00,2012-01-20T01:10:20.769000+00:00,2012-01-20T01:10:20.769000+00:00,NGG2@2012-01-27,-0.0043891072273254395,-0.046233177185058594,0.05621755123138428,0.10245068371295929
2012-01-20T00:00:00+00:00,2012-01-22T23:50:35.584000+00:00,2012-01-22T23:50:35.584000+00:00,NGG2@2012-01-27,-0.01639723777770996,-0.06167757511138916,0.03656339645385742,0.09824097156524658
2012-01-23T00:00:00+00:00,2012-01-24T22:45:16.805000+00:00,2012-01-24T22:45:16.805000+00:00,NGG2@2012-01-27,-0.007623553276062012,-0.0732806921005249,0.04525792598724365,0.11853869259357452
2012-01-24T00:00:00+00:00,2012-01-25T22:45:59.506000+00:00,2012-01-25T22:45:59.506000+00:00,NGG2@2012-01-27,-0.004779934883117676,-0.04377877712249756,0.02936697006225586,0.07314568758010864
2012-01-25T00:00:00+00:00,2012-01-26T22:45:29.067000+00:00,2012-01-26T22:45:29.067000+00:00,NGG2@2012-01-27,-0.011592090129852295,-0.07360732555389404,0.028641104698181152,0.10224837064743042
2012-01-26T00:00:00+00:00,2012-01-27T01:10:40.008000+00:00,2012-01-27T01:10:40.008000+00:00,NGH2@2012-02-27,0.0013555288314819336,-0.02781832218170166,0.03711831569671631,0.06493663042783737
2012-01-27T00:00:00+00:00,2012-01-29T23:59:57.458000+00:00,2012-01-29T23:59:57.458000+00:00,NGH2@2012-02-27,-0.00031071901321411133,-0.04187452793121338,0.02725803852081299,0.06913264840841293
2012-01-30T00:00:00+00:00,2012-01-31T22:45:14.585000+00:00,2012-01-31T22:45:14.585000+00:00,NGH2@2012-02-27,-0.0027756094932556152,-0.03325915336608887,0.028110146522521973,0.061369363218545914
2012-01-31T00:00:00+00:00,2012-02-01T23:59:35.551000+00:00,2012-02-01T23:59:35.551000+00:00,NGH2@2012-02-27,-0.009560108184814453,-0.043322741985321045,0.03319251537322998,0.0765153095126152
2012-02-01T00:00:00+00:00,2012-02-02T22:45:08.824000+00:00,2012-02-02T22:45:08.824000+00:00,NGH2@2012-02-27,-0.012395679950714111,-0.06876915693283081,0.04844677448272705,0.11721586436033249
2012-02-02T00:00:00+00:00,2012-02-03T01:07:37.343000+00:00,2012-02-03T01:07:37.343000+00:00,NGH2@2012-02-27,-0.0077468156814575195,-0.06396561861038208,0.05091452598571777,0.11488013714551926
2012-02-03T00:00:00+00:00,2012-02-05T23:59:38.741000+00:00,2012-02-05T23:59:38.741000+00:00,NGH2@2012-02-27,-0.007815361022949219,-0.058155715465545654,0.06295120716094971,0.12110690027475357
2012-02-06T00:00:00+00:00,2012-02-07T22:45:26.235000+00:00,2012-02-07T22:45:26.235000+00:00,NGH2@2012-02-27,-0.013754665851593018,-0.06566077470779419,0.05443680286407471,0.12009751796722412
2012-02-07T00:00:00+00:00,2012-02-08T22:45:26.099000+00:00,2012-02-08T22:45:26.099000+00:00,NGH2@2012-02-27,-0.0024834275245666504,-0.0377841591835022,0.04366624355316162,0.08145032823085785
2012-02-08T00:00:00+00:00,2012-02-09T22:45:15.017000+00:00,2012-02-09T22:45:15.017000+00:00,NGH2@2012-02-27,-0.00785750150680542,-0.02169746160507202,0.03132438659667969,0.053021837025880814
2012-02-09T00:00:00+00:00,2012-02-10T01:08:24.112000+00:00,2012-02-10T01:08:24.112000+00:00,NGH2@2012-02-27,-0.010342836380004883,-0.03470391035079956,0.03774106502532959,0.07244498282670975
2012-02-10T00:00:00+00:00,2012-02-12T23:49:47.759000+00:00,2012-02-12T23:49:47.759000+00:00,NGH2@2012-02-27,-0.012881815433502197,-0.03476780652999878,0.030278801918029785,0.06504659354686737
2012-02-13T00:00:00+00:00,2012-02-14T22:45:30.801000+00:00,2012-02-14T22:45:30.801000+00:00,NGH2@2012-02-27,-0.01438295841217041,-0.026432394981384277,0.0333857536315918,0.05981815233826637
2012-02-14T00:00:00+00:00,2012-02-15T22:45:27.504000+00:00,2012-02-15T22:45:27.504000+00:00,NGH2@2012-02-27,-0.026045143604278564,-0.04755055904388428,0.016492247581481934,0.06404279172420502
2012-02-15T00:00:00+00:00,2012-02-16T23:28:57.276000+00:00,2012-02-16T23:28:57.276000+00:00,NGH2@2012-02-27,-0.013836860656738281,-0.041794657707214355,0.030932188034057617,0.07272680848836899
2012-02-16T00:00:00+00:00,2012-02-17T01:08:13.862000+00:00,2012-02-17T01:08:13.862000+00:00,NGH2@2012-02-27,-0.020339131355285645,-0.04361909627914429,0.01358044147491455,0.05719956383109093
2012-02-17T00:00:00+00:00,2012-02-19T23:50:01.335000+00:00,2012-02-19T23:50:01.335000+00:00,NGH2@2012-02-27,-0.023304522037506104,-0.04964780807495117,0.011072754859924316,0.060720521956682205
2012-02-21T00:00:00+00:00,2012-02-22T22:45:29.592000+00:00,2012-02-22T22:45:29.592000+00:00,NGH2@2012-02-27,-0.014471828937530518,-0.051437973976135254,0.014191508293151855,0.06562948226928711
2012-02-22T00:00:00+00:00,2012-02-23T22:45:34.521000+00:00,2012-02-23T22:45:34.521000+00:00,NGH2@2012-02-27,-0.0008892416954040527,-0.028379321098327637,0.015823721885681152,0.04420305788516998
2012-02-23T00:00:00+00:00,2012-02-24T01:07:31.636000+00:00,2012-02-24T01:07:31.636000+00:00,NGH2@2012-02-27,-0.0054250359535217285,-0.04155248403549194,0.021959781646728516,0.06351231038570404
2012-02-24T00:00:00+00:00,2012-02-26T23:44:39.032000+00:00,2012-02-26T23:44:39.032000+00:00,NGH2@2012-02-27,-0.011903822422027588,-0.03425663709640503,0.019353628158569336,0.053610242903232574
2012-02-27T00:00:00+00:00,2012-02-28T22:45:05.659000+00:00,2012-02-28T22:45:05.659000+00:00,NGJ2@2012-03-28,-0.005652785301208496,-0.043312668800354004,0.039688825607299805,0.08300144970417023
2012-02-28T00:00:00+00:00,2012-02-29T23:38:20.374000+00:00,2012-02-29T23:38:20.374000+00:00,NGJ2@2012-03-28,-0.012526094913482666,-0.049558043479919434,0.02143728733062744,0.07099535316228867
2012-02-29T00:00:00+00:00,2012-03-01T23:59:26.074000+00:00,2012-03-01T23:59:26.074000+00:00,NGJ2@2012-03-28,-0.014097869396209717,-0.05660092830657959,0.025086402893066406,0.08168734610080719
2012-03-01T00:00:00+00:00,2012-03-02T01:07:19.487000+00:00,2012-03-02T01:07:19.487000+00:00,NGJ2@2012-03-28,-0.005319476127624512,-0.06438422203063965,0.04664778709411621,0.11103200167417526
2012-03-02T00:00:00+00:00,2012-03-04T23:36:47.568000+00:00,2012-03-04T23:36:47.568000+00:00,NGJ2@2012-03-28,-0.010362565517425537,-0.06692236661911011,0.04103529453277588,0.10795773565769196
2012-03-05T00:00:00+00:00,2012-03-06T23:49:06.529000+00:00,2012-03-06T23:49:06.529000+00:00,NGJ2@2012-03-28,0.003774285316467285,-0.04727804660797119,0.06831586360931396,0.11559393256902695
2012-03-06T00:00:00+00:00,2012-03-07T22:45:02.181000+00:00,2012-03-07T22:45:02.181000+00:00,NGJ2@2012-03-28,-0.008856415748596191,-0.06207907199859619,0.04101288318634033,0.10309195518493652
2012-03-07T00:00:00+00:00,2012-03-08T22:45:04.723000+00:00,2012-03-08T22:45:04.723000+00:00,NGJ2@2012-03-28,-0.009217619895935059,-0.06750541925430298,0.036397337913513184,0.10390274971723557
2012-03-08T00:00:00+00:00,2012-03-09T01:07:29.222000+00:00,2012-03-09T01:07:29.222000+00:00,NGJ2@2012-03-28,-0.009190976619720459,-0.060364603996276855,0.02508223056793213,0.08544681966304779
2012-03-09T00:00:00+00:00,2012-03-11T23:56:23.386000+00:00,2012-03-11T23:56:23.386000+00:00,NGJ2@2012-03-28,-0.003737151622772217,-0.05439317226409912,0.029246211051940918,0.08363937586545944
2012-03-12T00:00:00+00:00,2012-03-13T21:45:10.459000+00:00,2012-03-13T21:45:10.459000+00:00,NGJ2@2012-03-28,-0.0009976029396057129,-0.047541260719299316,0.028190970420837402,0.07573220133781433
2012-03-13T00:00:00+00:00,2012-03-14T21:45:04.787000+00:00,2012-03-14T21:45:04.787000+00:00,NGJ2@2012-03-28,-0.014697849750518799,-0.06522911787033081,0.009927988052368164,0.07515712827444077
2012-03-14T00:00:00+00:00,2012-03-15T23:39:03.403000+00:00,2012-03-15T23:39:03.403000+00:00,NGJ2@2012-03-28,0.00035202503204345703,-0.05797076225280762,0.03955721855163574,0.09752802550792694
2012-03-15T00:00:00+00:00,2012-03-16T00:07:32.071000+00:00,2012-03-16T00:07:32.071000+00:00,NGJ2@2012-03-28,-0.0044381022453308105,-0.05503147840499878,0.03258073329925537,0.08761218190193176
2012-03-16T00:00:00+00:00,2012-03-18T23:53:05.695000+00:00,2012-03-18T23:53:05.695000+00:00,NGJ2@2012-03-28,-0.010870277881622314,-0.06434613466262817,0.014328718185424805,0.07867485284805298
2012-03-19T00:00:00+00:00,2012-03-20T23:53:18.568000+00:00,2012-03-20T23:53:18.568000+00:00,NGJ2@2012-03-28,-0.0029813051223754883,-0.0645761489868164,0.04387712478637695,0.10845327377319336
2012-03-20T00:00:00+00:00,2012-03-21T21:45:05.910000+00:00,2012-03-21T21:45:05.910000+00:00,NGJ2@2012-03-28,0.00048542022705078125,-0.07048910856246948,0.03908193111419678,0.10957104712724686
2012-03-21T00:00:00+00:00,2012-03-22T21:45:16.603000+00:00,2012-03-22T21:45:16.603000+00:00,NGJ2@2012-03-28,0.004042863845825195,-0.06469446420669556,0.03658747673034668,0.10128193348646164
2012-03-22T00:00:00+00:00,2012-03-23T00:07:37.316000+00:00,2012-03-23T00:07:37.316000+00:00,NGJ2@2012-03-28,0.0027354955673217773,-0.0578579306602478,0.037341952323913574,0.09519993513822556
2012-03-23T00:00:00+00:00,2012-03-25T23:39:18.254000+00:00,2012-03-25T23:39:18.254000+00:00,NGJ2@2012-03-28,-0.00600665807723999,-0.05730259418487549,0.02624380588531494,0.0835464745759964
2012-03-26T00:00:00+00:00,2012-03-27T23:57:35.980000+00:00,2012-03-27T23:57:35.980000+00:00,NGJ2@2012-03-28,-0.0064067840576171875,-0.0783700942993164,0.03610861301422119,0.11447872221469879
2012-03-27T00:00:00+00:00,2012-03-28T23:10:09.543000+00:00,2012-03-28T23:10:09.543000+00:00,NGJ2@2012-03-28,-0.006376087665557861,-0.09069281816482544,0.030427217483520508,0.12111999094486237
2012-03-28T00:00:00+00:00,2012-03-29T21:45:22.920000+00:00,2012-03-29T21:45:22.920000+00:00,NGK2@2012-04-26,-0.012044429779052734,-0.06396651268005371,0.01392519474029541,0.07789172232151031
2012-03-29T00:00:00+00:00,2012-03-30T00:07:34.437000+00:00,2012-03-30T00:07:34.437000+00:00,NGK2@2012-04-26,0.0036302804946899414,-0.0881240963935852,0.04856908321380615,0.13669312000274658
2012-03-30T00:00:00+00:00,2012-04-01T23:05:39.884000+00:00,2012-04-01T23:05:39.884000+00:00,NGK2@2012-04-26,-0.007491469383239746,-0.08222591876983643,0.03591513633728027,0.11814101040363312
2012-04-02T00:00:00+00:00,2012-04-03T23:49:41.291000+00:00,2012-04-03T23:49:41.291000+00:00,NGK2@2012-04-26,-0.000489354133605957,-0.10532164573669434,0.0705258846282959,0.17584756016731262
2012-04-03T00:00:00+00:00,2012-04-04T23:35:26.351000+00:00,2012-04-04T23:35:26.351000+00:00,NGK2@2012-04-26,0.0024051666259765625,-0.08230727910995483,0.06431353092193604,0.14662078022956848
2012-04-04T00:00:00+00:00,2012-04-05T00:07:37.697000+00:00,2012-04-05T00:07:37.697000+00:00,NGK2@2012-04-26,0.006690263748168945,-0.09273457527160645,0.05722522735595703,0.14995983242988586
2012-04-05T00:00:00+00:00,2012-04-06T00:07:34.706000+00:00,2012-04-06T00:07:34.706000+00:00,NGK2@2012-04-26,0.00946354866027832,-0.09112149477005005,0.08264505863189697,0.17376656830310822
2012-04-09T00:00:00+00:00,2012-04-10T23:51:56.446000+00:00,2012-04-10T23:51:56.446000+00:00,NGK2@2012-04-26,0.0025997161865234375,-0.06474298238754272,0.04761505126953125,0.11235800385475159
2012-04-10T00:00:00+00:00,2012-04-11T21:45:00.190000+00:00,2012-04-11T21:45:00.190000+00:00,NGK2@2012-04-26,0.0068482160568237305,-0.0661628246307373,0.06276547908782959,0.1289282888174057
2012-04-11T00:00:00+00:00,2012-04-12T23:58:20.737000+00:00,2012-04-12T23:58:20.737000+00:00,NGK2@2012-04-26,0.01238870620727539,-0.05885207653045654,0.05778157711029053,0.11663361638784409
2012-04-12T00:00:00+00:00,2012-04-13T00:07:30.659000+00:00,2012-04-13T00:07:30.659000+00:00,NGK2@2012-04-26,0.0019903182983398438,-0.057426273822784424,0.03990375995635986,0.09733008593320847
2012-04-13T00:00:00+00:00,2012-04-15T23:48:09.932000+00:00,2012-04-15T23:48:09.932000+00:00,NGK2@2012-04-26,-0.0008093714714050293,-0.08545446395874023,0.04674887657165527,0.13220328092575073
2012-04-16T00:00:00+00:00,2012-04-17T23:48:20.294000+00:00,2012-04-17T23:48:20.294000+00:00,NGK2@2012-04-26,0.003955483436584473,-0.05959057807922363,0.0326077938079834,0.09219833463430405
2012-04-17T00:00:00+00:00,2012-04-18T23:59:17.697000+00:00,2012-04-18T23:59:17.697000+00:00,NGK2@2012-04-26,-0.0126723051071167,-0.08112680912017822,0.03194582462310791,0.11307255178689957
2012-04-18T00:00:00+00:00,2012-04-19T23:56:44.548000+00:00,2012-04-19T23:56:44.548000+00:00,NGK2@2012-04-26,-0.01595771312713623,-0.08721214532852173,0.013531208038330078,0.10074339807033539
2012-04-19T00:00:00+00:00,2012-04-20T00:07:22.688000+00:00,2012-04-20T00:07:22.688000+00:00,NGK2@2012-04-26,-0.0099526047706604,-0.06722956895828247,0.02191770076751709,0.08914729952812195
2012-04-20T00:00:00+00:00,2012-04-22T23:49:12.814000+00:00,2012-04-22T23:49:12.814000+00:00,NGK2@2012-04-26,-0.007583498954772949,-0.05180072784423828,0.01888906955718994,0.07068980485200882
2012-04-23T00:00:00+00:00,2012-04-24T23:46:16.179000+00:00,2012-04-24T23:46:16.179000+00:00,NGK2@2012-04-26,-0.007414281368255615,-0.0573769211769104,0.025261998176574707,0.0826389491558075
2012-04-24T00:00:00+00:00,2012-04-25T23:57:15.589000+00:00,2012-04-25T23:57:15.589000+00:00,NGK2@2012-04-26,-0.011430680751800537,-0.06343144178390503,0.025049686431884766,0.0884811207652092
2012-04-25T00:00:00+00:00,2012-04-26T23:57:16.226000+00:00,2012-04-26T23:57:16.226000+00:00,NGM2@2012-05-29,0.0009647607803344727,-0.0585637092590332,0.035186767578125,0.0937504693865776
2012-04-26T00:00:00+00:00,2012-04-27T00:07:28.128000+00:00,2012-04-27T00:07:28.128000+00:00,NGM2@2012-05-29,0.0034856796264648438,-0.05132681131362915,0.030305981636047363,0.08163280040025711
2012-04-27T00:00:00+00:00,2012-04-29T23:58:09.991000+00:00,2012-04-29T23:58:09.991000+00:00,NGM2@2012-05-29,-0.0023304224014282227,-0.0656171441078186,0.039164185523986816,0.10478135943412781
2012-04-30T00:00:00+00:00,2012-05-01T23:42:11.266000+00:00,2012-05-01T23:42:11.266000+00:00,NGM2@2012-05-29,0.00658571720123291,-0.0404050350189209,0.039847373962402344,0.08025242388248444
2012-05-01T00:00:00+00:00,2012-05-02T23:47:36.601000+00:00,2012-05-02T23:47:36.601000+00:00,NGM2@2012-05-29,0.006390094757080078,-0.029644370079040527,0.03583705425262451,0.06548134237527847
2012-05-02T00:00:00+00:00,2012-05-03T23:43:57.807000+00:00,2012-05-03T23:43:57.807000+00:00,NGM2@2012-05-29,0.009328365325927734,-0.02782970666885376,0.03707873821258545,0.06490837037563324
2012-05-03T00:00:00+00:00,2012-05-04T00:07:27.788000+00:00,2012-05-04T00:07:27.788000+00:00,NGM2@2012-05-29,-0.0023012757301330566,-0.03820991516113281,0.021781325340270996,0.05999121069908142
2012-05-04T00:00:00+00:00,2012-05-06T23:56:47.992000+00:00,2012-05-06T23:56:47.992000+00:00,NGM2@2012-05-29,0.008230924606323242,-0.026061296463012695,0.029755711555480957,0.05581704154610634
2012-05-07T00:00:00+00:00,2012-05-08T23:59:19.345000+00:00,2012-05-08T23:59:19.345000+00:00,NGM2@2012-05-29,-0.0018728375434875488,-0.03552752733230591,0.020626187324523926,0.05615369975566864
2012-05-08T00:00:00+00:00,2012-05-09T23:34:21.472000+00:00,2012-05-09T23:34:21.472000+00:00,NGM2@2012-05-29,0.0011020898818969727,-0.033049702644348145,0.02855658531188965,0.06160624697804451
2012-05-09T00:00:00+00:00,2012-05-10T23:35:17.306000+00:00,2012-05-10T23:35:17.306000+00:00,NGM2@2012-05-29,0.00041925907135009766,-0.035591959953308105,0.034857749938964844,0.07044973969459534
2012-05-10T00:00:00+00:00,2012-05-11T00:07:39.227000+00:00,2012-05-11T00:07:39.227000+00:00,NGM2@2012-05-29,0.0033571720123291016,-0.034284353256225586,0.037521958351135254,0.07180626690387726
2012-05-11T00:00:00+00:00,2012-05-13T23:45:35.641000+00:00,2012-05-13T23:45:35.641000+00:00,NGM2@2012-05-29,0.0012191534042358398,-0.028439581394195557,0.026682138442993164,0.05512172728776932
2012-05-14T00:00:00+00:00,2012-05-15T23:56:50.963000+00:00,2012-05-15T23:56:50.963000+00:00,NGM2@2012-05-29,0.000640869140625,-0.036270320415496826,0.035193681716918945,0.07146397978067398
2012-05-15T00:00:00+00:00,2012-05-16T23:00:00.253000+00:00,2012-05-16T23:00:00.253000+00:00,NGM2@2012-05-29,-0.004006743431091309,-0.03897172212600708,0.02097189426422119,0.05994357913732529
2012-05-16T00:00:00+00:00,2012-05-17T23:48:50.825000+00:00,2012-05-17T23:48:50.825000+00:00,NGM2@2012-05-29,0.004353880882263184,-0.0332452654838562,0.03355836868286133,0.06680364906787872
2012-05-17T00:00:00+00:00,2012-05-18T00:07:28.015000+00:00,2012-05-18T00:07:28.015000+00:00,NGM2@2012-05-29,0.003966093063354492,-0.033826589584350586,0.03769040107727051,0.07151693105697632
2012-05-18T00:00:00+00:00,2012-05-20T23:54:21.104000+00:00,2012-05-20T23:54:21.104000+00:00,NGM2@2012-05-29,-0.00031560659408569336,-0.04715627431869507,0.03408217430114746,0.08123847842216492
2012-05-21T00:00:00+00:00,2012-05-22T23:55:07.787000+00:00,2012-05-22T23:55:07.787000+00:00,NGM2@2012-05-29,0.005844593048095703,-0.0370558500289917,0.039090633392333984,0.07614654302597046
2012-05-22T00:00:00+00:00,2012-05-23T23:48:50.825000+00:00,2012-05-23T23:48:50.825000+00:00,NGM2@2012-05-29,-0.0024402737617492676,-0.043935954570770264,0.031435370445251465,0.07537136226892471
2012-05-23T00:00:00+00:00,2012-05-24T23:45:55.493000+00:00,2012-05-24T23:45:55.493000+00:00,NGM2@2012-05-29,0.0008418560028076172,-0.03753495216369629,0.03291583061218262,0.07045073062181473
2012-05-24T00:00:00+00:00,2012-05-25T00:07:55.099000+00:00,2012-05-25T00:07:55.099000+00:00,NGM2@2012-05-29,0.004472255706787109,-0.03368276357650757,0.03406715393066406,0.06774996221065521
2012-05-25T00:00:00+00:00,2012-05-27T23:58:25.903000+00:00,2012-05-27T23:58:25.903000+00:00,NGM2@2012-05-29,0.007505178451538086,-0.03334367275238037,0.03994786739349365,0.07329161465167999
2012-05-31T00:00:00+00:00,2012-06-01T00:07:31.908000+00:00,2012-06-01T00:07:31.908000+00:00,NGN2@2012-06-27,-0.008153080940246582,-0.06534993648529053,0.035797953605651855,0.1011478528380394
2012-06-01T00:00:00+00:00,2012-06-03T23:41:37.938000+00:00,2012-06-03T23:41:37.938000+00:00,NGN2@2012-06-27,-0.012761354446411133,-0.07208812236785889,0.03148484230041504,0.10357288271188736
2012-06-04T00:00:00+00:00,2012-06-05T23:09:17.287000+00:00,2012-06-05T23:09:17.287000+00:00,NGN2@2012-06-27,-0.01349329948425293,-0.0581592321395874,0.024272441864013672,0.0824316218495369
2012-06-05T00:00:00+00:00,2012-06-06T23:24:47.699000+00:00,2012-06-06T23:24:47.699000+00:00,NGN2@2012-06-27,0.0013545751571655273,-0.04659467935562134,0.037362098693847656,0.0839567705988884
2012-06-06T00:00:00+00:00,2012-06-07T23:51:12.439000+00:00,2012-06-07T23:51:12.439000+00:00,NGN2@2012-06-27,-5.918741226196289e-05,-0.04583752155303955,0.03562438488006592,0.08146194368600845
2012-06-07T00:00:00+00:00,2012-06-08T00:07:56.327000+00:00,2012-06-08T00:07:56.327000+00:00,NGN2@2012-06-27,-0.00034743547439575195,-0.05198627710342407,0.04174923896789551,0.09373551607131958
2012-06-08T00:00:00+00:00,2012-06-10T23:55:47.966000+00:00,2012-06-10T23:55:47.966000+00:00,NGN2@2012-06-27,-0.008887946605682373,-0.060053348541259766,0.032071471214294434,0.09212487936019897
2012-06-11T00:00:00+00:00,2012-06-12T23:33:33.970000+00:00,2012-06-12T23:33:33.970000+00:00,NGN2@2012-06-27,8.022785186767578e-05,-0.051668763160705566,0.04472625255584717,0.09639506042003632
2012-06-12T00:00:00+00:00,2012-06-13T23:37:04.182000+00:00,2012-06-13T23:37:04.182000+00:00,NGN2@2012-06-27,-0.00749659538269043,-0.05704164505004883,0.03489696979522705,0.09193866699934006
2012-06-13T00:00:00+00:00,2012-06-14T23:16:37.545000+00:00,2012-06-14T23:16:37.545000+00:00,NGN2@2012-06-27,-0.005750536918640137,-0.05167442560195923,0.03256511688232422,0.08423955738544464
2012-06-14T00:00:00+00:00,2012-06-15T00:07:49.846000+00:00,2012-06-15T00:07:49.846000+00:00,NGN2@2012-06-27,-0.02429908514022827,-0.09948122501373291,0.033457398414611816,0.13293857872486115
2012-06-15T00:00:00+00:00,2012-06-17T23:53:20.590000+00:00,2012-06-17T23:53:20.590000+00:00,NGN2@2012-06-27,-0.003960609436035156,-0.06411129236221313,0.048885464668273926,0.11299677938222885
2012-06-18T00:00:00+00:00,2012-06-19T23:38:16.679000+00:00,2012-06-19T23:38:16.679000+00:00,NGN2@2012-06-27,0.005831599235534668,-0.05682706832885742,0.05794644355773926,0.11477343738079071
2012-06-19T00:00:00+00:00,2012-06-20T23:58:57.583000+00:00,2012-06-20T23:58:57.583000+00:00,NGN2@2012-06-27,0.015443563461303711,-0.0425868034362793,0.06098747253417969,0.10357427597045898
2012-06-20T00:00:00+00:00,2012-06-21T21:45:22.704000+00:00,2012-06-21T21:45:22.704000+00:00,NGN2@2012-06-27,-0.0021178126335144043,-0.06717568635940552,0.0480043888092041,0.11518004536628723
2012-06-21T00:00:00+00:00,2012-06-22T00:07:53.221000+00:00,2012-06-22T00:07:53.221000+00:00,NGN2@2012-06-27,-0.0009534955024719238,-0.06334304809570312,0.04910564422607422,0.11244870722293854
2012-06-22T00:00:00+00:00,2012-06-24T23:57:19.426000+00:00,2012-06-24T23:57:19.426000+00:00,NGN2@2012-06-27,0.001733541488647461,-0.056873977184295654,0.054612040519714355,0.11148598045110703
2012-06-25T00:00:00+00:00,2012-06-26T23:34:16.506000+00:00,2012-06-26T23:34:16.506000+00:00,NGN2@2012-06-27,-0.0026687979698181152,-0.056010663509368896,0.04616439342498779,0.10217510163784027
2012-06-26T00:00:00+00:00,2012-06-27T23:48:21.633000+00:00,2012-06-27T23:48:21.633000+00:00,NGN2@2012-06-27,0.0006420612335205078,-0.05694013833999634,0.059148192405700684,0.1160883978009224
2012-06-27T00:00:00+00:00,2012-06-28T21:45:16.787000+00:00,2012-06-28T21:45:16.787000+00:00,NGQ2@2012-07-27,0.0006505250930786133,-0.05033773183822632,0.05196094512939453,0.10229869186878204
2012-06-28T00:00:00+00:00,2012-06-29T00:07:46.980000+00:00,2012-06-29T00:07:46.980000+00:00,NGQ2@2012-07-27,0.005160212516784668,-0.0471193790435791,0.050295114517211914,0.09741448611021042
2012-06-29T00:00:00+00:00,2012-07-01T23:31:04.738000+00:00,2012-07-01T23:31:04.738000+00:00,NGQ2@2012-07-27,-0.002134382724761963,-0.051793456077575684,0.04504847526550293,0.09684193134307861
2012-07-02T00:00:00+00:00,2012-07-03T23:51:58.116000+00:00,2012-07-03T23:51:58.116000+00:00,NGQ2@2012-07-27,0.006006002426147461,-0.04552191495895386,0.04805707931518555,0.09357895702123642
2012-07-03T00:00:00+00:00,2012-07-04T22:00:01.026000+00:00,2012-07-04T22:00:01.026000+00:00,NGQ2@2012-07-27,-0.004065454006195068,-0.05226689577102661,0.04372251033782959,0.09598934650421143
2012-07-05T00:00:00+00:00,2012-07-06T00:08:00.558000+00:00,2012-07-06T00:08:00.558000+00:00,NGQ2@2012-07-27,-0.0032929182052612305,-0.0555230975151062,0.04665493965148926,0.10217811167240143
2012-07-06T00:00:00+00:00,2012-07-08T23:59:36.542000+00:00,2012-07-08T23:59:36.542000+00:00,NGQ2@2012-07-27,0.008049845695495605,-0.04667556285858154,0.05570626258850098,0.1023818850517273
2012-07-09T00:00:00+00:00,2012-07-10T21:45:04.742000+00:00,2012-07-10T21:45:04.742000+00:00,NGQ2@2012-07-27,-0.006200134754180908,-0.05545949935913086,0.03524219989776611,0.09070169180631638
2012-07-10T00:00:00+00:00,2012-07-11T21:45:20.461000+00:00,2012-07-11T21:45:20.461000+00:00,NGQ2@2012-07-27,0.010661721229553223,-0.04384559392929077,0.055545806884765625,0.09939136356115341
2012-07-11T00:00:00+00:00,2012-07-12T21:45:59.339000+00:00,2012-07-12T21:45:59.339000+00:00,NGQ2@2012-07-27,-0.009658098220825195,-0.061085641384124756,0.027329087257385254,0.08841468393802643
2012-07-12T00:00:00+00:00,2012-07-13T00:08:03.780000+00:00,2012-07-13T00:08:03.780000+00:00,NGQ2@2012-07-27,-0.004477441310882568,-0.053322792053222656,0.03201413154602051,0.08533692359924316
2012-07-13T00:00:00+00:00,2012-07-15T23:40:26.692000+00:00,2012-07-15T23:40:26.692000+00:00,NGQ2@2012-07-27,-0.0011116862297058105,-0.04384970664978027,0.030369162559509277,0.07421885430812836
2012-07-16T00:00:00+00:00,2012-07-17T23:08:32.973000+00:00,2012-07-17T23:08:32.973000+00:00,NGQ2@2012-07-27,0.004395246505737305,-0.0363008975982666,0.03774523735046387,0.07404612004756927
2012-07-17T00:00:00+00:00,2012-07-18T21:45:00.275000+00:00,2012-07-18T21:45:00.275000+00:00,NGQ2@2012-07-27,-0.0027649402618408203,-0.048420488834381104,0.03947556018829346,0.08789604157209396
2012-07-18T00:00:00+00:00,2012-07-19T21:45:35.782000+00:00,2012-07-19T21:45:35.782000+00:00,NGQ2@2012-07-27,-0.015250205993652344,-0.062326133251190186,0.027831196784973145,0.09015726298093796
2012-07-19T00:00:00+00:00,2012-07-20T00:08:18.314000+00:00,2012-07-20T00:08:18.314000+00:00,NGQ2@2012-07-27,-0.007750153541564941,-0.05567389726638794,0.0349353551864624,0.09060923010110855
2012-07-20T00:00:00+00:00,2012-07-22T23:40:55.541000+00:00,2012-07-22T23:40:55.541000+00:00,NGQ2@2012-07-27,-0.011608898639678955,-0.058915793895721436,0.035001158714294434,0.0939168781042099
2012-07-23T00:00:00+00:00,2012-07-24T21:45:11.673000+00:00,2012-07-24T21:45:11.673000+00:00,NGQ2@2012-07-27,-0.003506600856781006,-0.04820483922958374,0.04177677631378174,0.08998163044452667
2012-07-24T00:00:00+00:00,2012-07-25T21:46:17.885000+00:00,2012-07-25T21:46:17.885000+00:00,NGQ2@2012-07-27,0.0022951364517211914,-0.046787917613983154,0.05275309085845947,0.09954099357128143
2012-07-25T00:00:00+00:00,2012-07-26T21:47:01.873000+00:00,2012-07-26T21:47:01.873000+00:00,NGQ2@2012-07-27,0.012125134468078613,-0.03722536563873291,0.062313199043273926,0.09953851997852325
2012-07-26T00:00:00+00:00,2012-07-27T00:08:22.897000+00:00,2012-07-27T00:08:22.897000+00:00,NGU2@2012-08-29,0.0005036592483520508,-0.04148012399673462,0.042523980140686035,0.08400412648916245
2012-07-27T00:00:00+00:00,2012-07-29T23:54:10.611000+00:00,2012-07-29T23:54:10.611000+00:00,NGU2@2012-08-29,0.013039588928222656,-0.026856303215026855,0.05172848701477051,0.07858482003211975
2012-07-30T00:00:00+00:00,2012-07-31T21:45:17.002000+00:00,2012-07-31T21:45:17.002000+00:00,NGU2@2012-08-29,-0.009458065032958984,-0.05591917037963867,0.03337883949279785,0.08929799497127533
2012-07-31T00:00:00+00:00,2012-08-01T21:47:56.638000+00:00,2012-08-01T21:47:56.638000+00:00,NGU2@2012-08-29,-0.002785623073577881,-0.05184328556060791,0.045455217361450195,0.09729855507612228
2012-08-01T00:00:00+00:00,2012-08-02T21:50:16.228000+00:00,2012-08-02T21:50:16.228000+00:00,NGU2@2012-08-29,-0.002871870994567871,-0.05080080032348633,0.044637322425842285,0.09543818235397339
2012-08-02T00:00:00+00:00,2012-08-03T00:08:32.614000+00:00,2012-08-03T00:08:32.614000+00:00,NGU2@2012-08-29,0.010556936264038086,-0.03654509782791138,0.061594486236572266,0.09813953191041946
2012-08-03T00:00:00+00:00,2012-08-05T23:06:37.656000+00:00,2012-08-05T23:06:37.656000+00:00,NGU2@2012-08-29,-0.0031446218490600586,-0.04740405082702637,0.0435715913772583,0.09097561985254288
2012-08-06T00:00:00+00:00,2012-08-07T21:45:51.539000+00:00,2012-08-07T21:45:51.539000+00:00,NGU2@2012-08-29,0.002710103988647461,-0.03780180215835571,0.04856407642364502,0.08636590093374252
2012-08-07T00:00:00+00:00,2012-08-08T21:46:43.439000+00:00,2012-08-08T21:46:43.439000+00:00,NGU2@2012-08-29,-0.007761776447296143,-0.04811340570449829,0.03495168685913086,0.08306506276130676
2012-08-08T00:00:00+00:00,2012-08-09T21:49:00.238000+00:00,2012-08-09T21:49:00.238000+00:00,NGU2@2012-08-29,-0.002356886863708496,-0.04234033823013306,0.03869223594665527,0.08103255927562714
2012-08-09T00:00:00+00:00,2012-08-10T00:08:20.305000+00:00,2012-08-10T00:08:20.305000+00:00,NGU2@2012-08-29,-0.0025143027305603027,-0.046986520290374756,0.038271188735961914,0.08525767922401428
2012-08-10T00:00:00+00:00,2012-08-12T23:58:23.589000+00:00,2012-08-12T23:58:23.589000+00:00,NGU2@2012-08-29,0.009857535362243652,-0.04105997085571289,0.059097886085510254,0.10015792399644852
2012-08-13T00:00:00+00:00,2012-08-14T21:46:13.926000+00:00,2012-08-14T21:46:13.926000+00:00,NGU2@2012-08-29,0.0033305883407592773,-0.049350082874298096,0.05687689781188965,0.10622704774141312
2012-08-14T00:00:00+00:00,2012-08-15T21:47:21.307000+00:00,2012-08-15T21:47:21.307000+00:00,NGU2@2012-08-29,-0.005906105041503906,-0.05044114589691162,0.037328124046325684,0.08776924759149551
2012-08-15T00:00:00+00:00,2012-08-16T21:49:36.418000+00:00,2012-08-16T21:49:36.418000+00:00,NGU2@2012-08-29,0.004764676094055176,-0.043986499309539795,0.050359487533569336,0.09434600174427032
2012-08-16T00:00:00+00:00,2012-08-17T00:08:29.877000+00:00,2012-08-17T00:08:29.877000+00:00,NGU2@2012-08-29,-0.0012868642807006836,-0.04993969202041626,0.04490053653717041,0.09484018385410309
2012-08-17T00:00:00+00:00,2012-08-19T23:57:59.093000+00:00,2012-08-19T23:57:59.093000+00:00,NGU2@2012-08-29,0.004463672637939453,-0.04644495248794556,0.05094802379608154,0.0973929762840271
2012-08-20T00:00:00+00:00,2012-08-20T23:59:00+00:00,2012-08-20T23:59:00+00:00,NGU2@2012-08-29,-0.0017632246017456055,-0.05080932378768921,0.046527981758117676,0.09733730554580688
2012-08-21T00:00:00+00:00,2012-08-21T23:59:00+00:00,2012-08-21T23:59:00+00:00,NGU2@2012-08-29,0.004664421081542969,-0.04578256607055664,0.05243337154388428,0.09821590781211853
2012-08-22T00:00:00+00:00,2012-08-22T23:59:00+00:00,2012-08-22T23:59:00+00:00,NGU2@2012-08-29,-0.0001990199089050293,-0.04691427946090698,0.04448246955871582,0.0913967415690422
2012-08-23T00:00:00+00:00,2012-08-23T23:59:00+00:00,2012-08-23T23:59:00+00:00,NGU2@2012-08-29,0.010514378547668457,-0.039856553077697754,0.056775569915771484,0.09663219004869461
2012-08-24T00:00:00+00:00,2012-08-26T23:22:29.439000+00:00,2012-08-26T23:22:29.439000+00:00,NGU2@2012-08-29,0.007402300834655762,-0.04026705026626587,0.05327260494232178,0.09353967756032944
2012-08-27T00:00:00+00:00,2012-08-27T23:59:00+00:00,2012-08-27T23:59:00+00:00,NGU2@2012-08-29,0.007085561752319336,-0.03941887617111206,0.057483553886413574,0.09690245240926743
2012-08-28T00:00:00+00:00,2012-08-28T23:59:00+00:00,2012-08-28T23:59:00+00:00,NGV2@2012-09-26,0.006410002708435059,-0.037767648696899414,0.056147217750549316,0.09391482919454575
2012-08-29T00:00:00+00:00,2012-08-30T21:49:20.624000+00:00,2012-08-30T21:49:20.624000+00:00,NGV2@2012-09-26,0.005254387855529785,-0.037445127964019775,0.05245804786682129,0.08990316092967987
2012-08-30T00:00:00+00:00,2012-08-30T23:59:00+00:00,2012-08-30T23:59:00+00:00,NGV2@2012-09-26,0.004950165748596191,-0.04234057664871216,0.052127718925476074,0.09446833282709122
2012-08-31T00:00:00+00:00,2012-09-02T22:19:38.561000+00:00,2012-09-02T22:19:38.561000+00:00,NGV2@2012-09-26,0.00028955936431884766,-0.04763484001159668,0.051976919174194336,0.09961169213056564
2012-09-04T00:00:00+00:00,2012-09-04T23:59:00+00:00,2012-09-04T23:59:00+00:00,NGV2@2012-09-26,-0.0007150173187255859,-0.04786860942840576,0.044855356216430664,0.09272394329309464
2012-09-05T00:00:00+00:00,2012-09-05T23:59:00+00:00,2012-09-05T23:59:00+00:00,NGV2@2012-09-26,0.008238792419433594,-0.038500189781188965,0.049006104469299316,0.08750627189874649
2012-09-06T00:00:00+00:00,2012-09-06T23:59:00+00:00,2012-09-06T23:59:00+00:00,NGV2@2012-09-26,0.0020744800567626953,-0.04094737768173218,0.04315745830535889,0.08410481363534927
2012-09-07T00:00:00+00:00,2012-09-09T23:54:40.517000+00:00,2012-09-09T23:54:40.517000+00:00,NGV2@2012-09-26,0.01591324806213379,-0.03043043613433838,0.0627145767211914,0.09314504265785217
2012-09-10T00:00:00+00:00,2012-09-10T23:59:00+00:00,2012-09-10T23:59:00+00:00,NGV2@2012-09-26,0.0038617849349975586,-0.04365122318267822,0.04788053035736084,0.09153179079294205
2012-09-11T00:00:00+00:00,2012-09-11T23:59:00+00:00,2012-09-11T23:59:00+00:00,NGV2@2012-09-26,0.008482933044433594,-0.042571842670440674,0.05889475345611572,0.10146662592887878
2012-09-12T00:00:00+00:00,2012-09-12T23:59:00+00:00,2012-09-12T23:59:00+00:00,NGV2@2012-09-26,-0.006587982177734375,-0.05197584629058838,0.03756535053253174,0.0895412415266037
2012-09-13T00:00:00+00:00,2012-09-13T23:59:00+00:00,2012-09-13T23:59:00+00:00,NGV2@2012-09-26,-0.013650000095367432,-0.05861562490463257,0.029986143112182617,0.0886017456650734
2012-09-14T00:00:00+00:00,2012-09-16T23:35:03.534000+00:00,2012-09-16T23:35:03.534000+00:00,NGV2@2012-09-26,-0.0059487223625183105,-0.050076961517333984,0.03907191753387451,0.0891488566994667
2012-09-17T00:00:00+00:00,2012-09-17T23:59:00+00:00,2012-09-17T23:59:00+00:00,NGV2@2012-09-26,0.0005681514739990234,-0.050006210803985596,0.05126297473907471,0.10126923024654388
2012-09-18T00:00:00+00:00,2012-09-18T23:59:00+00:00,2012-09-18T23:59:00+00:00,NGV2@2012-09-26,0.00580143928527832,-0.03866785764694214,0.05062663555145264,0.08929450809955597
2012-09-19T00:00:00+00:00,2012-09-19T23:59:00+00:00,2012-09-19T23:59:00+00:00,NGV2@2012-09-26,-0.0001964569091796875,-0.043374478816986084,0.047952890396118164,0.09132734686136246
2012-09-20T00:00:00+00:00,2012-09-20T23:59:00+00:00,2012-09-20T23:59:00+00:00,NGV2@2012-09-26,0.008182048797607422,-0.032735347747802734,0.05091512203216553,0.08365048468112946
2012-09-21T00:00:00+00:00,2012-09-23T23:54:13.927000+00:00,2012-09-23T23:54:13.927000+00:00,NGV2@2012-09-26,0.002980828285217285,-0.039560139179229736,0.048174381256103516,0.08773448318243027
2012-09-24T00:00:00+00:00,2012-09-24T23:59:00+00:00,2012-09-24T23:59:00+00:00,NGV2@2012-09-26,0.0016903877258300781,-0.041465938091278076,0.04623854160308838,0.08770450949668884
2012-09-25T00:00:00+00:00,2012-09-25T23:59:00+00:00,2012-09-25T23:59:00+00:00,NGX2@2012-10-29,-0.008130550384521484,-0.041500747203826904,0.025072455406188965,0.06657315045595169
2012-09-26T00:00:00+00:00,2012-09-26T23:59:00+00:00,2012-09-26T23:59:00+00:00,NGX2@2012-10-29,0.0011179447174072266,-0.03563815355300903,0.03687143325805664,0.07250950485467911
2012-09-27T00:00:00+00:00,2012-09-27T23:59:00+00:00,2012-09-27T23:59:00+00:00,NGX2@2012-10-29,-0.010692000389099121,-0.05170285701751709,0.030235886573791504,0.08193869143724442
2012-09-28T00:00:00+00:00,2012-09-30T23:59:15.245000+00:00,2012-09-30T23:59:15.245000+00:00,NGX2@2012-10-29,-0.01071631908416748,-0.04728817939758301,0.02376270294189453,0.07105082273483276
2012-10-01T00:00:00+00:00,2012-10-01T23:59:00+00:00,2012-10-01T23:59:00+00:00,NGX2@2012-10-29,-0.012928605079650879,-0.05847752094268799,0.03236591815948486,0.09084343910217285
2012-10-02T00:00:00+00:00,2012-10-02T23:59:00+00:00,2012-10-02T23:59:00+00:00,NGX2@2012-10-29,-0.0048024654388427734,-0.04776805639266968,0.040120720863342285,0.08788874745368958
2012-10-03T00:00:00+00:00,2012-10-03T23:59:00+00:00,2012-10-03T23:59:00+00:00,NGX2@2012-10-29,-0.017514050006866455,-0.0580630898475647,0.025864839553833008,0.08392797410488129
2012-10-04T00:00:00+00:00,2012-10-05T00:05:52.632000+00:00,2012-10-05T00:05:52.632000+00:00,NGX2@2012-10-29,-0.01010054349899292,-0.046658873558044434,0.028443098068237305,0.07510199397802353
2012-10-05T00:00:00+00:00,2012-10-07T23:57:41.101000+00:00,2012-10-07T23:57:41.101000+00:00,NGX2@2012-10-29,-0.0017341375350952148,-0.039886474609375,0.03856372833251953,0.07845024764537811
2012-10-08T00:00:00+00:00,2012-10-09T21:46:41.547000+00:00,2012-10-09T21:46:41.547000+00:00,NGX2@2012-10-29,-0.0055574774742126465,-0.043723106384277344,0.03623080253601074,0.0799538716673851
2012-10-09T00:00:00+00:00,2012-10-09T23:59:00+00:00,2012-10-09T23:59:00+00:00,NGX2@2012-10-29,-0.00785154104232788,-0.045915961265563965,0.03374278545379639,0.07965876162052155
2012-10-10T00:00:00+00:00,2012-10-11T21:49:58.510000+00:00,2012-10-11T21:49:58.510000+00:00,NGX2@2012-10-29,-0.0017067790031433105,-0.03592813014984131,0.03772151470184326,0.07364959269762039
2012-10-11T00:00:00+00:00,2012-10-12T00:09:33.687000+00:00,2012-10-12T00:09:33.687000+00:00,NGX2@2012-10-29,-0.003709077835083008,-0.043527424335479736,0.03889262676239014,0.0824199914932251
2012-10-12T00:00:00+00:00,2012-10-14T23:25:00.188000+00:00,2012-10-14T23:25:00.188000+00:00,NGX2@2012-10-29,0.0005800724029541016,-0.04125458002090454,0.04013633728027344,0.08139092475175858
2012-10-15T00:00:00+00:00,2012-10-15T23:59:00+00:00,2012-10-15T23:59:00+00:00,NGX2@2012-10-29,-0.004717767238616943,-0.04379194974899292,0.033913612365722656,0.07770557701587677
2012-10-16T00:00:00+00:00,2012-10-16T23:59:00+00:00,2012-10-16T23:59:00+00:00,NGX2@2012-10-29,-0.00487208366394043,-0.03854632377624512,0.030102849006652832,0.06864921748638153
2012-10-17T00:00:00+00:00,2012-10-17T23:59:00+00:00,2012-10-17T23:59:00+00:00,NGX2@2012-10-29,0.005153059959411621,-0.02686464786529541,0.04002797603607178,0.06689262390136719
2012-10-18T00:00:00+00:00,2012-10-18T23:59:00+00:00,2012-10-18T23:59:00+00:00,NGX2@2012-10-29,0.003422379493713379,-0.030445635318756104,0.039222002029418945,0.06966761499643326
2012-10-19T00:00:00+00:00,2012-10-21T23:52:02.978000+00:00,2012-10-21T23:52:02.978000+00:00,NGX2@2012-10-29,-2.4437904357910156e-05,-0.032510340213775635,0.03442847728729248,0.0669388622045517
2012-10-22T00:00:00+00:00,2012-10-22T23:59:00+00:00,2012-10-22T23:59:00+00:00,NGX2@2012-10-29,-0.0062980055809021,-0.04262262582778931,0.027674198150634766,0.07029680907726288
2012-10-23T00:00:00+00:00,2012-10-23T23:59:00+00:00,2012-10-23T23:59:00+00:00,NGX2@2012-10-29,-0.0048812031745910645,-0.04097568988800049,0.03062915802001953,0.071604885160923
2012-10-24T00:00:00+00:00,2012-10-24T23:59:00+00:00,2012-10-24T23:59:00+00:00,NGX2@2012-10-29,0.01055753231048584,-0.02285832166671753,0.04396414756774902,0.06682250648736954
2012-10-25T00:00:00+00:00,2012-10-25T23:59:00+00:00,2012-10-25T23:59:00+00:00,NGX2@2012-10-29,0.004424333572387695,-0.02925974130630493,0.03535664081573486,0.06461643427610397
2012-10-26T00:00:00+00:00,2012-10-28T23:11:41.376000+00:00,2012-10-28T23:11:41.376000+00:00,NGX2@2012-10-29,0.0024613142013549805,-0.027736127376556396,0.029228806495666504,0.056964997202157974
2012-10-29T00:00:00+00:00,2012-10-29T23:59:00+00:00,2012-10-29T23:59:00+00:00,NGZ2@2012-11-28,0.0001710653305053711,-0.028264522552490234,0.028800129890441895,0.0570647306740284
2012-10-30T00:00:00+00:00,2012-10-30T23:59:00+00:00,2012-10-30T23:59:00+00:00,NGZ2@2012-11-28,0.011021614074707031,-0.018976926803588867,0.03777492046356201,0.05675189197063446
2012-10-31T00:00:00+00:00,2012-10-31T23:59:00+00:00,2012-10-31T23:59:00+00:00,NGZ2@2012-11-28,0.00468897819519043,-0.026934504508972168,0.032419681549072266,0.05935415253043175
2012-11-01T00:00:00+00:00,2012-11-01T23:59:00+00:00,2012-11-01T23:59:00+00:00,NGZ2@2012-11-28,0.005088686943054199,-0.021429598331451416,0.031131267547607422,0.052560824900865555
2012-11-02T00:00:00+00:00,2012-11-04T23:46:23.028000+00:00,2012-11-04T23:46:23.028000+00:00,NGZ2@2012-11-28,0.005111217498779297,-0.024798572063446045,0.034299612045288086,0.05909815803170204
2012-11-05T00:00:00+00:00,2012-11-06T22:46:32.717000+00:00,2012-11-06T22:46:32.717000+00:00,NGZ2@2012-11-28,0.004167914390563965,-0.023132622241973877,0.031194448471069336,0.0543271042406559
2012-11-06T00:00:00+00:00,2012-11-06T23:59:00+00:00,2012-11-06T23:59:00+00:00,NGZ2@2012-11-28,0.01171112060546875,-0.017006099224090576,0.0417783260345459,0.058784447610378265
2012-11-07T00:00:00+00:00,2012-11-08T22:48:53.209000+00:00,2012-11-08T22:48:53.209000+00:00,NGZ2@2012-11-28,0.004316091537475586,-0.022780239582061768,0.02932417392730713,0.05210445448756218
2012-11-08T00:00:00+00:00,2012-11-08T23:59:00+00:00,2012-11-08T23:59:00+00:00,NGZ2@2012-11-28,0.002703547477722168,-0.026142120361328125,0.030509114265441895,0.056651242077350616
2012-11-09T00:00:00+00:00,2012-11-11T23:25:06.334000+00:00,2012-11-11T23:25:06.334000+00:00,NGZ2@2012-11-28,0.007302284240722656,-0.021032214164733887,0.03404414653778076,0.055076323449611664
2012-11-12T00:00:00+00:00,2012-11-13T22:46:08.367000+00:00,2012-11-13T22:46:08.367000+00:00,NGZ2@2012-11-28,-0.002280592918395996,-0.029403090476989746,0.02198469638824463,0.05138782039284706
2012-11-13T00:00:00+00:00,2012-11-14T22:46:35.805000+00:00,2012-11-14T22:46:35.805000+00:00,NGZ2@2012-11-28,-0.0003479123115539551,-0.031809985637664795,0.030567049980163574,0.06237703189253807
2012-11-14T00:00:00+00:00,2012-11-15T22:48:10.850000+00:00,2012-11-15T22:48:10.850000+00:00,NGZ2@2012-11-28,-0.0021857619285583496,-0.033212244510650635,0.02949368953704834,0.062705859541893
2012-11-15T00:00:00+00:00,2012-11-16T01:41:16.782000+00:00,2012-11-16T01:41:16.782000+00:00,NGZ2@2012-11-28,-0.004955649375915527,-0.03399771451950073,0.024460673332214355,0.05845845863223076
2012-11-16T00:00:00+00:00,2012-11-18T23:48:33.153000+00:00,2012-11-18T23:48:33.153000+00:00,NGZ2@2012-11-28,-0.0058348774909973145,-0.0354156494140625,0.02644026279449463,0.06185590848326683
2012-11-19T00:00:00+00:00,2012-11-19T23:59:00+00:00,2012-11-19T23:59:00+00:00,NGZ2@2012-11-28,0.005757331848144531,-0.020525813102722168,0.03407633304595947,0.05460214987397194
2012-11-20T00:00:00+00:00,2012-11-21T00:01:51.363000+00:00,2012-11-21T00:01:51.363000+00:00,NGZ2@2012-11-28,-0.0023392438888549805,-0.03294491767883301,0.027997732162475586,0.06094270199537277
2012-11-23T00:00:00+00:00,2012-11-25T23:47:46.351000+00:00,2012-11-25T23:47:46.351000+00:00,NGZ2@2012-11-28,-0.004434943199157715,-0.03494483232498169,0.029076218605041504,0.0640210434794426
2012-11-26T00:00:00+00:00,2012-11-27T23:34:16.887000+00:00,2012-11-27T23:34:16.887000+00:00,NGZ2@2012-11-28,0.0022945404052734375,-0.030845284461975098,0.03549647331237793,0.06634172797203064
2012-11-27T00:00:00+00:00,2012-11-27T23:59:00+00:00,2012-11-27T23:59:00+00:00,NGZ2@2012-11-28,0.0007915496826171875,-0.03155940771102905,0.03505229949951172,0.06661177426576614
2012-11-28T00:00:00+00:00,2012-11-28T23:59:00+00:00,2012-11-28T23:59:00+00:00,NGF3@2012-12-27,0.006199836730957031,-0.025003492832183838,0.035709261894226074,0.060712747275829315
2012-11-29T00:00:00+00:00,2012-11-30T00:41:55.645000+00:00,2012-11-30T00:41:55.645000+00:00,NGF3@2012-12-27,0.0013384819030761719,-0.037013113498687744,0.03811752796173096,0.07513067126274109
2012-11-30T00:00:00+00:00,2012-12-02T23:40:05.675000+00:00,2012-12-02T23:40:05.675000+00:00,NGF3@2012-12-27,0.004174947738647461,-0.03873687982559204,0.04319429397583008,0.08193115890026093
2012-12-03T00:00:00+00:00,2012-12-04T23:42:31.706000+00:00,2012-12-04T23:42:31.706000+00:00,NGF3@2012-12-27,0.002051115036010742,-0.03488034009933472,0.03600811958312988,0.0708884596824646
2012-12-04T00:00:00+00:00,2012-12-04T23:59:00+00:00,2012-12-04T23:59:00+00:00,NGF3@2012-12-27,0.0025485754013061523,-0.03475528955459595,0.03960371017456055,0.0743589773774147
2012-12-05T00:00:00+00:00,2012-12-05T23:59:00+00:00,2012-12-05T23:59:00+00:00,NGF3@2012-12-27,0.0012164115905761719,-0.03385716676712036,0.03673827648162842,0.07059542089700699
2012-12-06T00:00:00+00:00,2012-12-06T23:59:00+00:00,2012-12-06T23:59:00+00:00,NGF3@2012-12-27,0.002846837043762207,-0.0317842960357666,0.03860282897949219,0.07038707286119461
2012-12-07T00:00:00+00:00,2012-12-09T23:32:06.873000+00:00,2012-12-09T23:32:06.873000+00:00,NGF3@2012-12-27,0.0014761686325073242,-0.03893017768859863,0.04049074649810791,0.07942097634077072
2012-12-10T00:00:00+00:00,2012-12-10T23:59:00+00:00,2012-12-10T23:59:00+00:00,NGF3@2012-12-27,0.002983570098876953,-0.0356869101524353,0.0421978235244751,0.0778847336769104
2012-12-11T00:00:00+00:00,2012-12-12T23:51:04.213000+00:00,2012-12-12T23:51:04.213000+00:00,NGF3@2012-12-27,0.007841706275939941,-0.027051687240600586,0.040688395500183105,0.06774015724658966
2012-12-12T00:00:00+00:00,2012-12-13T23:37:36.474000+00:00,2012-12-13T23:37:36.474000+00:00,NGF3@2012-12-27,0.005868196487426758,-0.03240799903869629,0.0459747314453125,0.07838275283575058
2012-12-13T00:00:00+00:00,2012-12-13T23:59:00+00:00,2012-12-13T23:59:00+00:00,NGF3@2012-12-27,0.003789544105529785,-0.03248542547225952,0.042957425117492676,0.07544277608394623
2012-12-14T00:00:00+00:00,2012-12-16T23:49:10.919000+00:00,2012-12-16T23:49:10.919000+00:00,NGF3@2012-12-27,-0.0005620121955871582,-0.026321232318878174,0.033986806869506836,0.06030803173780441
2012-12-17T00:00:00+00:00,2012-12-17T23:59:00+00:00,2012-12-17T23:59:00+00:00,NGF3@2012-12-27,-0.00012749433517456055,-0.031537771224975586,0.03730785846710205,0.06884567439556122
2012-12-18T00:00:00+00:00,2012-12-18T23:59:00+00:00,2012-12-18T23:59:00+00:00,NGF3@2012-12-27,0.0016394853591918945,-0.04234170913696289,0.045098304748535156,0.08744005113840103
2012-12-19T00:00:00+00:00,2012-12-19T23:59:00+00:00,2012-12-19T23:59:00+00:00,NGF3@2012-12-27,0.0052345991134643555,-0.013889193534851074,0.03866779804229736,0.05255693569779396
2012-12-20T00:00:00+00:00,2012-12-20T23:59:00+00:00,2012-12-20T23:59:00+00:00,NGF3@2012-12-27,-0.0006005764007568359,-0.03651118278503418,0.044120073318481445,0.08063121140003204
2012-12-21T00:00:00+00:00,2012-12-23T23:56:17.502000+00:00,2012-12-23T23:56:17.502000+00:00,NGF3@2012-12-27,-0.0010845065116882324,-0.030889451503753662,0.039986371994018555,0.07087581604719162
2012-12-26T00:00:00+00:00,2012-12-27T23:28:27+00:00,2012-12-27T23:28:27+00:00,NGF3@2012-12-27,-3.3795833587646484e-05,-0.01821589469909668,0.031294941902160645,0.04951079562306404
2013-01-02T00:00:00+00:00,2013-01-03T23:09:02.991000+00:00,2013-01-03T23:09:02.991000+00:00,NGG3@2013-01-29,0.015423178672790527,-0.021059274673461914,0.05535435676574707,0.07641370594501495
2013-01-03T00:00:00+00:00,2013-01-04T00:33:02.592000+00:00,2013-01-04T00:33:02.592000+00:00,NGG3@2013-01-29,0.0041855573654174805,-0.030099987983703613,0.04007375240325928,0.0701737180352211
2013-01-04T00:00:00+00:00,2013-01-06T23:58:08.578000+00:00,2013-01-06T23:58:08.578000+00:00,NGG3@2013-01-29,0.00866711139678955,-0.03021317720413208,0.047322988510131836,0.07753615826368332
2013-01-07T00:00:00+00:00,2013-01-07T23:59:00+00:00,2013-01-07T23:59:00+00:00,NGG3@2013-01-29,0.006615400314331055,-0.030574798583984375,0.04245257377624512,0.07302740216255188
2013-01-08T00:00:00+00:00,2013-01-09T23:30:14.672000+00:00,2013-01-09T23:30:14.672000+00:00,NGG3@2013-01-29,0.004675149917602539,-0.03313589096069336,0.0392688512802124,0.07240471243858337
2013-01-09T00:00:00+00:00,2013-01-09T23:59:00+00:00,2013-01-09T23:59:00+00:00,NGG3@2013-01-29,0.006101846694946289,-0.03618931770324707,0.043904900550842285,0.08009416610002518
2013-01-10T00:00:00+00:00,2013-01-10T23:59:58.904000+00:00,2013-01-10T23:59:58.904000+00:00,NGG3@2013-01-29,0.005244135856628418,-0.03771299123764038,0.047305941581726074,0.08501895517110825
2013-01-11T00:00:00+00:00,2013-01-13T23:51:58.746000+00:00,2013-01-13T23:51:58.746000+00:00,NGG3@2013-01-29,0.007658600807189941,-0.03878581523895264,0.05207681655883789,0.0908627063035965
2013-01-14T00:00:00+00:00,2013-01-14T23:59:00+00:00,2013-01-14T23:59:00+00:00,NGG3@2013-01-29,-0.0011416077613830566,-0.047615110874176025,0.04334723949432373,0.09096231311559677
2013-01-15T00:00:00+00:00,2013-01-16T23:32:52.494000+00:00,2013-01-16T23:32:52.494000+00:00,NGG3@2013-01-29,-0.003414452075958252,-0.04693174362182617,0.037599802017211914,0.0845315009355545
2013-01-16T00:00:00+00:00,2013-01-16T23:59:00+00:00,2013-01-16T23:59:00+00:00,NGG3@2013-01-29,0.0002802610397338867,-0.041397929191589355,0.037508487701416016,0.07890641689300537
2013-01-17T00:00:00+00:00,2013-01-17T23:59:00+00:00,2013-01-17T23:59:00+00:00,NGG3@2013-01-29,0.003005385398864746,-0.03858232498168945,0.04240262508392334,0.08098500221967697
2013-01-18T00:00:00+00:00,2013-01-20T19:02:49.523000+00:00,2013-01-20T19:02:49.523000+00:00,NGG3@2013-01-29,0.0023728609085083008,-0.03793501853942871,0.0382763147354126,0.07621131092309952
2013-01-22T00:00:00+00:00,2013-01-23T23:48:34.776000+00:00,2013-01-23T23:48:34.776000+00:00,NGG3@2013-01-29,0.0031092166900634766,-0.03585827350616455,0.03691267967224121,0.07277093827724457
2013-01-23T00:00:00+00:00,2013-01-23T23:59:00+00:00,2013-01-23T23:59:00+00:00,NGG3@2013-01-29,-0.002852499485015869,-0.0393105149269104,0.029072165489196777,0.06838266551494598
2013-01-24T00:00:00+00:00,2013-01-25T00:01:01.823000+00:00,2013-01-25T00:01:01.823000+00:00,NGG3@2013-01-29,-0.00047510862350463867,-0.03776729106903076,0.03408050537109375,0.07184777408838272
2013-01-25T00:00:00+00:00,2013-01-27T23:58:17.895000+00:00,2013-01-27T23:58:17.895000+00:00,NGG3@2013-01-29,0.0011597871780395508,-0.03869783878326416,0.03470253944396973,0.07340038567781448
2013-01-28T00:00:00+00:00,2013-01-28T23:59:00+00:00,2013-01-28T23:59:00+00:00,NGG3@2013-01-29,0.004261493682861328,-0.044027745723724365,0.04797685146331787,0.09200463443994522
2013-01-29T00:00:00+00:00,2013-01-30T23:38:55.624000+00:00,2013-01-30T23:38:55.624000+00:00,NGH3@2013-02-26,0.006547451019287109,-0.04004555940628052,0.0480881929397583,0.08813372254371643
2013-01-30T00:00:00+00:00,2013-01-31T23:30:48.748000+00:00,2013-01-31T23:30:48.748000+00:00,NGH3@2013-02-26,0.012510180473327637,-0.032759904861450195,0.05351758003234863,0.08627749979496002
2013-01-31T00:00:00+00:00,2013-01-31T23:59:00+00:00,2013-01-31T23:59:00+00:00,NGH3@2013-02-26,0.011140942573547363,-0.029660165309906006,0.047998666763305664,0.0776587650179863
2013-02-01T00:00:00+00:00,2013-02-03T23:57:53.975000+00:00,2013-02-03T23:57:53.975000+00:00,NGH3@2013-02-26,0.004705190658569336,-0.038415491580963135,0.04139053821563721,0.07980608195066452
2013-02-04T00:00:00+00:00,2013-02-05T23:36:56.189000+00:00,2013-02-05T23:36:56.189000+00:00,NGH3@2013-02-26,0.002789616584777832,-0.03753507137298584,0.03739440441131592,0.07492952793836594
2013-02-05T00:00:00+00:00,2013-02-05T23:59:00+00:00,2013-02-05T23:59:00+00:00,NGH3@2013-02-26,0.008197546005249023,-0.028233885765075684,0.04086887836456299,0.06910274177789688
2013-02-06T00:00:00+00:00,2013-02-06T23:59:00+00:00,2013-02-06T23:59:00+00:00,NGH3@2013-02-26,0.0037279129028320312,-0.03330725431442261,0.03690028190612793,0.07020750641822815
2013-02-07T00:00:00+00:00,2013-02-08T00:27:28.693000+00:00,2013-02-08T00:27:28.693000+00:00,NGH3@2013-02-26,0.0009795427322387695,-0.04133903980255127,0.03908431529998779,0.08042334020137787
2013-02-08T00:00:00+00:00,2013-02-10T23:48:16.611000+00:00,2013-02-10T23:48:16.611000+00:00,NGH3@2013-02-26,0.0014514923095703125,-0.03851664066314697,0.03778719902038574,0.07630385458469391
2013-02-11T00:00:00+00:00,2013-02-11T23:59:00+00:00,2013-02-11T23:59:00+00:00,NGH3@2013-02-26,0.003002762794494629,-0.034700095653533936,0.044872283935546875,0.0795724019408226
2013-02-12T00:00:00+00:00,2013-02-12T23:59:00+00:00,2013-02-12T23:59:00+00:00,NGH3@2013-02-26,0.0003472566604614258,-0.04228585958480835,0.0379939079284668,0.08027974516153336
2013-02-13T00:00:00+00:00,2013-02-14T23:52:23.645000+00:00,2013-02-14T23:52:23.645000+00:00,NGH3@2013-02-26,0.006546616554260254,-0.03470146656036377,0.04441189765930176,0.07911335676908493
2013-02-14T00:00:00+00:00,2013-02-15T00:56:08.014000+00:00,2013-02-15T00:56:08.014000+00:00,NGH3@2013-02-26,0.0031516551971435547,-0.04145687818527222,0.04362082481384277,0.085077665746212
2013-02-15T00:00:00+00:00,2013-02-17T19:02:47.252000+00:00,2013-02-17T19:02:47.252000+00:00,NGH3@2013-02-26,0.002526998519897461,-0.04307180643081665,0.03979635238647461,0.08286810666322708
2013-02-19T00:00:00+00:00,2013-02-20T23:22:18.675000+00:00,2013-02-20T23:22:18.675000+00:00,NGH3@2013-02-26,0.006348133087158203,-0.036038875579833984,0.039764404296875,0.07580333203077316
2013-02-20T00:00:00+00:00,2013-02-20T23:59:00+00:00,2013-02-20T23:59:00+00:00,NGH3@2013-02-26,0.006165266036987305,-0.03615140914916992,0.03912496566772461,0.07527642697095871
2013-02-21T00:00:00+00:00,2013-02-22T00:12:37.393000+00:00,2013-02-22T00:12:37.393000+00:00,NGH3@2013-02-26,4.0531158447265625e-05,-0.03982043266296387,0.03037106990814209,0.07019157707691193
2013-02-22T00:00:00+00:00,2013-02-24T23:47:57.633000+00:00,2013-02-24T23:47:57.633000+00:00,NGH3@2013-02-26,0.0015295743942260742,-0.0381736159324646,0.030430912971496582,0.06860456615686417
2013-02-25T00:00:00+00:00,2013-02-26T23:32:22.520000+00:00,2013-02-26T23:32:22.520000+00:00,NGH3@2013-02-26,0.001686692237854004,-0.034356772899627686,0.028043031692504883,0.062399812042713165
2013-02-27T00:00:00+00:00,2013-02-28T23:32:43.746000+00:00,2013-02-28T23:32:43.746000+00:00,NGJ3@2013-03-26,0.0027817487716674805,-0.030700862407684326,0.028412222862243652,0.05911308899521828
2013-02-28T00:00:00+00:00,2013-02-28T23:59:00+00:00,2013-02-28T23:59:00+00:00,NGJ3@2013-03-26,0.0026677846908569336,-0.029141664505004883,0.029512524604797363,0.05865418538451195
2013-03-01T00:00:00+00:00,2013-03-03T23:56:52.986000+00:00,2013-03-03T23:56:52.986000+00:00,NGJ3@2013-03-26,0.0001398324966430664,-0.0312272310256958,0.02675485610961914,0.05798214301466942
2013-03-04T00:00:00+00:00,2013-03-05T23:13:21.393000+00:00,2013-03-05T23:13:21.393000+00:00,NGJ3@2013-03-26,0.000555872917175293,-0.031266868114471436,0.02826380729675293,0.05953066423535347
2013-03-05T00:00:00+00:00,2013-03-06T23:59:47.639000+00:00,2013-03-06T23:59:47.639000+00:00,NGJ3@2013-03-26,-0.0014009475708007812,-0.03450977802276611,0.02479112148284912,0.059300895780324936
2013-03-06T00:00:00+00:00,2013-03-07T23:21:58.084000+00:00,2013-03-07T23:21:58.084000+00:00,NGJ3@2013-03-26,0.0040149688720703125,-0.029365241527557373,0.030969977378845215,0.060335222631692886
2013-03-07T00:00:00+00:00,2013-03-08T00:03:07.294000+00:00,2013-03-08T00:03:07.294000+00:00,NGJ3@2013-03-26,-0.0019495487213134766,-0.033791542053222656,0.024628281593322754,0.05841980502009392
2013-03-08T00:00:00+00:00,2013-03-10T23:11:38.512000+00:00,2013-03-10T23:11:38.512000+00:00,NGJ3@2013-03-26,-0.0017231106758117676,-0.033618271350860596,0.02595829963684082,0.059576526284217834
2013-03-11T00:00:00+00:00,2013-03-11T23:59:00+00:00,2013-03-11T23:59:00+00:00,NGJ3@2013-03-26,-0.0005376935005187988,-0.030358195304870605,0.02635014057159424,0.05670833960175514
2013-03-12T00:00:00+00:00,2013-03-12T23:59:00+00:00,2013-03-12T23:59:00+00:00,NGJ3@2013-03-26,-0.00251692533493042,-0.032091379165649414,0.023886919021606445,0.055978260934352875
2013-03-13T00:00:00+00:00,2013-03-13T23:59:00+00:00,2013-03-13T23:59:00+00:00,NGJ3@2013-03-26,-0.001974642276763916,-0.02924877405166626,0.022495269775390625,0.051744021475315094
2013-03-14T00:00:00+00:00,2013-03-14T23:59:00+00:00,2013-03-14T23:59:00+00:00,NGJ3@2013-03-26,-0.004890859127044678,-0.03183227777481079,0.02154219150543213,0.05337448790669441
2013-03-15T00:00:00+00:00,2013-03-17T23:55:30.619000+00:00,2013-03-17T23:55:30.619000+00:00,NGJ3@2013-03-26,-0.006283938884735107,-0.033345580101013184,0.01996135711669922,0.053306933492422104
2013-03-18T00:00:00+00:00,2013-03-18T23:59:00+00:00,2013-03-18T23:59:00+00:00,NGJ3@2013-03-26,-0.0036772489547729492,-0.030338525772094727,0.02445375919342041,0.054792359471321106
2013-03-19T00:00:00+00:00,2013-03-19T23:59:00+00:00,2013-03-19T23:59:00+00:00,NGJ3@2013-03-26,-0.0017847418785095215,-0.030825793743133545,0.03028583526611328,0.0611116848886013
2013-03-20T00:00:00+00:00,2013-03-20T23:59:00+00:00,2013-03-20T23:59:00+00:00,NGJ3@2013-03-26,-0.004166305065155029,-0.032969117164611816,0.025205373764038086,0.058174554258584976
2013-03-21T00:00:00+00:00,2013-03-21T23:59:00+00:00,2013-03-21T23:59:00+00:00,NGJ3@2013-03-26,-0.004301667213439941,-0.03228837251663208,0.024951934814453125,0.057240333408117294
2013-03-22T00:00:00+00:00,2013-03-24T23:56:03.720000+00:00,2013-03-24T23:56:03.720000+00:00,NGJ3@2013-03-26,-0.00445711612701416,-0.03203999996185303,0.021624445915222168,0.053664397448301315
2013-03-25T00:00:00+00:00,2013-03-25T23:59:00+00:00,2013-03-25T23:59:00+00:00,NGJ3@2013-03-26,-0.0021573305130004883,-0.031492412090301514,0.026093244552612305,0.057585641741752625
2013-03-26T00:00:00+00:00,2013-03-26T23:59:00+00:00,2013-03-26T23:59:00+00:00,NGK3@2013-04-26,-0.005251765251159668,-0.030490219593048096,0.02088463306427002,0.05137481540441513
2013-03-27T00:00:00+00:00,2013-03-27T23:59:00+00:00,2013-03-27T23:59:00+00:00,NGK3@2013-04-26,-0.006859958171844482,-0.03485959768295288,0.023470282554626465,0.058329857885837555
2013-04-01T00:00:00+00:00,2013-04-01T23:59:00+00:00,2013-04-01T23:59:00+00:00,NGK3@2013-04-26,-0.0014984607696533203,-0.029017865657806396,0.027123570442199707,0.056141432374715805
2013-04-02T00:00:00+00:00,2013-04-02T23:59:00+00:00,2013-04-02T23:59:00+00:00,NGK3@2013-04-26,-0.0012735724449157715,-0.02943199872970581,0.02593696117401123,0.05536891520023346
2013-04-03T00:00:00+00:00,2013-04-03T23:59:00+00:00,2013-04-03T23:59:00+00:00,NGK3@2013-04-26,-0.0002911686897277832,-0.029146254062652588,0.026153087615966797,0.055299293249845505
2013-04-04T00:00:00+00:00,2013-04-04T23:59:00+00:00,2013-04-04T23:59:00+00:00,NGK3@2013-04-26,-0.00016671419143676758,-0.027700960636138916,0.02511429786682129,0.05281530320644379
2013-04-05T00:00:00+00:00,2013-04-07T23:50:24.352000+00:00,2013-04-07T23:50:24.352000+00:00,NGK3@2013-04-26,-0.004504024982452393,-0.03881257772445679,0.0327991247177124,0.07161169499158859
2013-04-08T00:00:00+00:00,2013-04-08T23:59:00+00:00,2013-04-08T23:59:00+00:00,NGK3@2013-04-26,-0.003927648067474365,-0.03539741039276123,0.029601573944091797,0.06499890983104706
2013-04-09T00:00:00+00:00,2013-04-10T22:39:50.202000+00:00,2013-04-10T22:39:50.202000+00:00,NGK3@2013-04-26,-0.00028634071350097656,-0.03188669681549072,0.03390657901763916,0.06579331308603287
2013-04-10T00:00:00+00:00,2013-04-10T23:59:00+00:00,2013-04-10T23:59:00+00:00,NGK3@2013-04-26,0.0011199712753295898,-0.03177827596664429,0.036486268043518066,0.06826452165842056
2013-04-11T00:00:00+00:00,2013-04-11T23:59:00+00:00,2013-04-11T23:59:00+00:00,NGK3@2013-04-26,-0.0027393698692321777,-0.03744572401046753,0.034885287284851074,0.07233098149299622
2013-04-12T00:00:00+00:00,2013-04-14T23:35:43.228000+00:00,2013-04-14T23:35:43.228000+00:00,NGK3@2013-04-26,-0.003640115261077881,-0.0396304726600647,0.03662431240081787,0.07625475525856018
2013-04-15T00:00:00+00:00,2013-04-15T23:59:00+00:00,2013-04-15T23:59:00+00:00,NGK3@2013-04-26,-0.0033414363861083984,-0.03717464208602905,0.03265690803527832,0.06983157247304916
2013-04-16T00:00:00+00:00,2013-04-16T23:59:00+00:00,2013-04-16T23:59:00+00:00,NGK3@2013-04-26,0.002608180046081543,-0.03131890296936035,0.03898894786834717,0.07030780613422394
2013-04-17T00:00:00+00:00,2013-04-17T23:59:00+00:00,2013-04-17T23:59:00+00:00,NGK3@2013-04-26,-0.0019011497497558594,-0.037674665451049805,0.034594058990478516,0.07226866483688354
2013-04-18T00:00:00+00:00,2013-04-18T23:59:00+00:00,2013-04-18T23:59:00+00:00,NGK3@2013-04-26,-0.0036351680755615234,-0.04513216018676758,0.03980207443237305,0.08493421971797943
2013-04-19T00:00:00+00:00,2013-04-21T23:59:58.306000+00:00,2013-04-21T23:59:58.306000+00:00,NGK3@2013-04-26,-0.0003076791763305664,-0.040350377559661865,0.03895556926727295,0.0793059840798378
2013-04-22T00:00:00+00:00,2013-04-22T23:59:00+00:00,2013-04-22T23:59:00+00:00,NGK3@2013-04-26,0.008191466331481934,-0.027220189571380615,0.046909332275390625,0.07412945479154587
2013-04-23T00:00:00+00:00,2013-04-23T23:59:00+00:00,2013-04-23T23:59:00+00:00,NGK3@2013-04-26,0.005443692207336426,-0.028791844844818115,0.039592742919921875,0.06838461756706238
2013-04-24T00:00:00+00:00,2013-04-24T23:59:00+00:00,2013-04-24T23:59:00+00:00,NGM3@2013-05-29,0.0031168460845947266,-0.028864502906799316,0.03618645668029785,0.0650508850812912
2013-04-25T00:00:00+00:00,2013-04-25T23:59:00+00:00,2013-04-25T23:59:00+00:00,NGM3@2013-05-29,-0.0005505084991455078,-0.02916651964187622,0.02653193473815918,0.055698443204164505
2013-04-26T00:00:00+00:00,2013-04-28T23:40:36.933000+00:00,2013-04-28T23:40:36.933000+00:00,NGM3@2013-05-29,0.0007526874542236328,-0.028681576251983643,0.02957940101623535,0.0582609623670578
2013-04-29T00:00:00+00:00,2013-04-29T23:59:00+00:00,2013-04-29T23:59:00+00:00,NGM3@2013-05-29,-0.003761589527130127,-0.03184235095977783,0.02529919147491455,0.05714152753353119
2013-04-30T00:00:00+00:00,2013-04-30T23:59:00+00:00,2013-04-30T23:59:00+00:00,NGM3@2013-05-29,-0.002747058868408203,-0.04352647066116333,0.0400691032409668,0.08359560370445251
2013-05-01T00:00:00+00:00,2013-05-01T23:59:00+00:00,2013-05-01T23:59:00+00:00,NGM3@2013-05-29,0.0017158985137939453,-0.03610128164291382,0.04062378406524658,0.07672503590583801
2013-05-02T00:00:00+00:00,2013-05-02T23:59:00+00:00,2013-05-02T23:59:00+00:00,NGM3@2013-05-29,0.006593823432922363,-0.04372835159301758,0.06071305274963379,0.10444137454032898
2013-05-03T00:00:00+00:00,2013-05-05T23:19:59.510000+00:00,2013-05-05T23:19:59.510000+00:00,NGM3@2013-05-29,0.010872125625610352,-0.031959712505340576,0.05833315849304199,0.09029291570186615
2013-05-06T00:00:00+00:00,2013-05-06T23:59:00+00:00,2013-05-06T23:59:00+00:00,NGM3@2013-05-29,0.0017604827880859375,-0.034742891788482666,0.04024839401245117,0.07499122619628906
2013-05-07T00:00:00+00:00,2013-05-07T23:59:00+00:00,2013-05-07T23:59:00+00:00,NGM3@2013-05-29,0.0010210275650024414,-0.03497898578643799,0.043897151947021484,0.07887610048055649
2013-05-08T00:00:00+00:00,2013-05-08T23:59:00+00:00,2013-05-08T23:59:00+00:00,NGM3@2013-05-29,0.003150343894958496,-0.0347057580947876,0.043184638023376465,0.07789041846990585
2013-05-09T00:00:00+00:00,2013-05-09T23:59:00+00:00,2013-05-09T23:59:00+00:00,NGM3@2013-05-29,0.001074671745300293,-0.032868266105651855,0.03853905200958252,0.07140734791755676
2013-05-10T00:00:00+00:00,2013-05-12T23:55:30.915000+00:00,2013-05-12T23:55:30.915000+00:00,NGM3@2013-05-29,-0.002088189125061035,-0.03218430280685425,0.0310136079788208,0.06319793313741684
2013-05-13T00:00:00+00:00,2013-05-13T23:59:00+00:00,2013-05-13T23:59:00+00:00,NGM3@2013-05-29,0.0007781982421875,-0.025739431381225586,0.033235788345336914,0.0589752197265625
2013-05-14T00:00:00+00:00,2013-05-14T23:59:00+00:00,2013-05-14T23:59:00+00:00,NGM3@2013-05-29,-0.0023212432861328125,-0.03448164463043213,0.03154599666595459,0.06602766364812851
2013-05-15T00:00:00+00:00,2013-05-15T23:59:00+00:00,2013-05-15T23:59:00+00:00,NGM3@2013-05-29,0.00028312206268310547,-0.029911577701568604,0.03433346748352051,0.06424501538276672
2013-05-16T00:00:00+00:00,2013-05-16T23:59:00+00:00,2013-05-16T23:59:00+00:00,NGM3@2013-05-29,0.001924276351928711,-0.02923208475112915,0.03404104709625244,0.06327315419912338
2013-05-17T00:00:00+00:00,2013-05-19T23:40:45.823000+00:00,2013-05-19T23:40:45.823000+00:00,NGM3@2013-05-29,0.0008462667465209961,-0.0310707688331604,0.03519022464752197,0.06626102328300476
2013-05-20T00:00:00+00:00,2013-05-20T23:59:00+00:00,2013-05-20T23:59:00+00:00,NGM3@2013-05-29,0.0028885602951049805,-0.030711710453033447,0.0401536226272583,0.07086534053087234
2013-05-21T00:00:00+00:00,2013-05-21T23:59:00+00:00,2013-05-21T23:59:00+00:00,NGM3@2013-05-29,-0.002856910228729248,-0.038770079612731934,0.03810703754425049,0.07687713950872421
2013-05-22T00:00:00+00:00,2013-05-22T23:59:00+00:00,2013-05-22T23:59:00+00:00,NGM3@2013-05-29,0.0013037919998168945,-0.028706610202789307,0.037299156188964844,0.06600572168827057
2013-05-23T00:00:00+00:00,2013-05-23T23:59:00+00:00,2013-05-23T23:59:00+00:00,NGM3@2013-05-29,-0.0029116272926330566,-0.02919292449951172,0.031279921531677246,0.060472819954156876
2013-05-24T00:00:00+00:00,2013-05-26T18:02:24.749000+00:00,2013-05-26T18:02:24.749000+00:00,NGM3@2013-05-29,-0.001377403736114502,-0.02672111988067627,0.032930612564086914,0.0596516877412796
2013-05-28T00:00:00+00:00,2013-05-28T23:59:00+00:00,2013-05-28T23:59:00+00:00,NGM3@2013-05-29,-0.0007942914962768555,-0.027676522731781006,0.031400203704833984,0.05907674506306648
2013-05-29T00:00:00+00:00,2013-05-29T23:59:00+00:00,2013-05-29T23:59:00+00:00,NGN3@2013-06-26,-0.0006005167961120605,-0.025284111499786377,0.03135800361633301,0.0566420778632164
2013-05-30T00:00:00+00:00,2013-05-30T23:59:00+00:00,2013-05-30T23:59:00+00:00,NGN3@2013-06-26,-0.0011695027351379395,-0.03416121006011963,0.03752696514129639,0.07168813794851303
2013-05-31T00:00:00+00:00,2013-06-02T23:19:08.128000+00:00,2013-06-02T23:19:08.128000+00:00,NGN3@2013-06-26,-0.0051784515380859375,-0.035782039165496826,0.032106757164001465,0.06788879632949829
2013-06-03T00:00:00+00:00,2013-06-03T23:59:00+00:00,2013-06-03T23:59:00+00:00,NGN3@2013-06-26,-0.001344919204711914,-0.03297984600067139,0.03454279899597168,0.06752269715070724
2013-06-04T00:00:00+00:00,2013-06-04T23:59:00+00:00,2013-06-04T23:59:00+00:00,NGN3@2013-06-26,-0.0012023448944091797,-0.03454047441482544,0.03985881805419922,0.07439924031496048
2013-06-05T00:00:00+00:00,2013-06-05T23:59:00+00:00,2013-06-05T23:59:00+00:00,NGN3@2013-06-26,0.0014127492904663086,-0.029272377490997314,0.04139292240142822,0.07066533714532852
2013-06-06T00:00:00+00:00,2013-06-06T23:59:00+00:00,2013-06-06T23:59:00+00:00,NGN3@2013-06-26,-0.004097342491149902,-0.04152184724807739,0.035494446754455566,0.07701630145311356
2013-06-07T00:00:00+00:00,2013-06-09T23:27:07.624000+00:00,2013-06-09T23:27:07.624000+00:00,NGN3@2013-06-26,0.0004107952117919922,-0.03183776140213013,0.03584706783294678,0.06768490374088287
2013-06-10T00:00:00+00:00,2013-06-10T23:59:00+00:00,2013-06-10T23:59:00+00:00,NGN3@2013-06-26,-0.0033045411109924316,-0.0343700647354126,0.03189826011657715,0.06626831740140915
2013-06-11T00:00:00+00:00,2013-06-11T23:59:00+00:00,2013-06-11T23:59:00+00:00,NGN3@2013-06-26,-0.005522370338439941,-0.03862565755844116,0.0299069881439209,0.06853266805410385
2013-06-12T00:00:00+00:00,2013-06-12T23:59:00+00:00,2013-06-12T23:59:00+00:00,NGN3@2013-06-26,-0.004877030849456787,-0.03722637891769409,0.027763843536376953,0.06499024480581284
2013-06-13T00:00:00+00:00,2013-06-13T23:59:00+00:00,2013-06-13T23:59:00+00:00,NGN3@2013-06-26,-0.0043749213218688965,-0.03651535511016846,0.025465011596679688,0.061980392783880234
2013-06-14T00:00:00+00:00,2013-06-16T23:59:26.097000+00:00,2013-06-16T23:59:26.097000+00:00,NGN3@2013-06-26,-0.0034050941467285156,-0.03121417760848999,0.025024771690368652,0.05623900145292282
2013-06-17T00:00:00+00:00,2013-06-17T23:59:00+00:00,2013-06-17T23:59:00+00:00,NGN3@2013-06-26,-0.0010771751403808594,-0.03705209493637085,0.031685709953308105,0.06873776763677597
2013-06-18T00:00:00+00:00,2013-06-18T23:59:00+00:00,2013-06-18T23:59:00+00:00,NGN3@2013-06-26,-0.004366159439086914,-0.03547489643096924,0.029959440231323242,0.06543438881635666
2013-06-19T00:00:00+00:00,2013-06-19T23:59:00+00:00,2013-06-19T23:59:00+00:00,NGN3@2013-06-26,-0.005714356899261475,-0.03809618949890137,0.028939008712768555,0.06703520566225052
2013-06-20T00:00:00+00:00,2013-06-20T23:59:00+00:00,2013-06-20T23:59:00+00:00,NGN3@2013-06-26,-0.00016480684280395508,-0.030010879039764404,0.0329817533493042,0.062992624938488
2013-06-21T00:00:00+00:00,2013-06-23T23:59:40.023000+00:00,2013-06-23T23:59:40.023000+00:00,NGN3@2013-06-26,-0.0019603371620178223,-0.028612375259399414,0.03320586681365967,0.061818189918994904
2013-06-24T00:00:00+00:00,2013-06-24T23:59:00+00:00,2013-06-24T23:59:00+00:00,NGN3@2013-06-26,-0.0027059316635131836,-0.029162049293518066,0.028632521629333496,0.057794537395238876
2013-06-25T00:00:00+00:00,2013-06-25T23:59:00+00:00,2013-06-25T23:59:00+00:00,NGQ3@2013-07-29,-0.004366934299468994,-0.029417693614959717,0.024773716926574707,0.05419143661856651
2013-06-26T00:00:00+00:00,2013-06-26T23:59:00+00:00,2013-06-26T23:59:00+00:00,NGQ3@2013-07-29,-0.0019905567169189453,-0.028557658195495605,0.0319981575012207,0.0605558305978775
2013-06-27T00:00:00+00:00,2013-06-27T23:59:00+00:00,2013-06-27T23:59:00+00:00,NGQ3@2013-07-29,-0.006197810173034668,-0.04680013656616211,0.03575778007507324,0.08255785703659058
2013-06-28T00:00:00+00:00,2013-06-30T23:22:55.045000+00:00,2013-06-30T23:22:55.045000+00:00,NGQ3@2013-07-29,-0.0060768723487854,-0.041575729846954346,0.03379547595977783,0.07537123560905457
2013-07-01T00:00:00+00:00,2013-07-01T23:59:00+00:00,2013-07-01T23:59:00+00:00,NGQ3@2013-07-29,-0.004896759986877441,-0.03698629140853882,0.025669097900390625,0.06265536695718765
2013-07-02T00:00:00+00:00,2013-07-02T23:59:00+00:00,2013-07-02T23:59:00+00:00,NGQ3@2013-07-29,-0.0073050856590271,-0.04476892948150635,0.0320967435836792,0.07686571776866913
2013-07-05T00:00:00+00:00,2013-07-07T23:49:08.264000+00:00,2013-07-07T23:49:08.264000+00:00,NGQ3@2013-07-29,-0.004663228988647461,-0.03616887331008911,0.028112292289733887,0.06428119540214539
2013-07-08T00:00:00+00:00,2013-07-08T23:59:00+00:00,2013-07-08T23:59:00+00:00,NGQ3@2013-07-29,-0.006170749664306641,-0.034602344036102295,0.026244640350341797,0.060847021639347076
2013-07-09T00:00:00+00:00,2013-07-09T23:59:00+00:00,2013-07-09T23:59:00+00:00,NGQ3@2013-07-29,-0.0029540061950683594,-0.030662894248962402,0.02261209487915039,0.0532749779522419
2013-07-10T00:00:00+00:00,2013-07-10T23:59:00+00:00,2013-07-10T23:59:00+00:00,NGQ3@2013-07-29,-0.0016706585884094238,-0.029249191284179688,0.023662924766540527,0.052912142127752304
2013-07-11T00:00:00+00:00,2013-07-11T23:59:00+00:00,2013-07-11T23:59:00+00:00,NGQ3@2013-07-29,-0.0007187724113464355,-0.03165322542190552,0.02540898323059082,0.05706221982836723
2013-07-12T00:00:00+00:00,2013-07-14T22:25:04.383000+00:00,2013-07-14T22:25:04.383000+00:00,NGQ3@2013-07-29,-0.002270519733428955,-0.029667317867279053,0.01830768585205078,0.04797506332397461
2013-07-15T00:00:00+00:00,2013-07-15T23:59:00+00:00,2013-07-15T23:59:00+00:00,NGQ3@2013-07-29,-0.002389967441558838,-0.03349584341049194,0.021633386611938477,0.05512920022010803
2013-07-16T00:00:00+00:00,2013-07-16T23:59:00+00:00,2013-07-16T23:59:00+00:00,NGQ3@2013-07-29,-0.004145562648773193,-0.033927202224731445,0.022560715675354004,0.056487955152988434
2013-07-17T00:00:00+00:00,2013-07-18T22:09:28.651000+00:00,2013-07-18T22:09:28.651000+00:00,NGQ3@2013-07-29,0.001034379005432129,-0.03127509355545044,0.02876889705657959,0.06004403531551361
2013-07-18T00:00:00+00:00,2013-07-18T23:59:00+00:00,2013-07-18T23:59:00+00:00,NGQ3@2013-07-29,-0.013812839984893799,-0.054395973682403564,0.024208784103393555,0.07860476523637772
2013-07-19T00:00:00+00:00,2013-07-21T23:03:06.520000+00:00,2013-07-21T23:03:06.520000+00:00,NGQ3@2013-07-29,-0.002675473690032959,-0.04360765218734741,0.029182791709899902,0.0727904662489891
2013-07-22T00:00:00+00:00,2013-07-22T23:59:00+00:00,2013-07-22T23:59:00+00:00,NGQ3@2013-07-29,0.0009865760803222656,-0.034485042095184326,0.032790541648864746,0.06727559864521027
2013-07-23T00:00:00+00:00,2013-07-23T23:59:00+00:00,2013-07-23T23:59:00+00:00,NGQ3@2013-07-29,-0.0012660026550292969,-0.040116071701049805,0.033127427101135254,0.07324342429637909
2013-07-24T00:00:00+00:00,2013-07-24T23:59:00+00:00,2013-07-24T23:59:00+00:00,NGQ3@2013-07-29,0.0008655786514282227,-0.032633423805236816,0.029601216316223145,0.06223459914326668
2013-07-25T00:00:00+00:00,2013-07-25T23:59:00+00:00,2013-07-25T23:59:00+00:00,NGQ3@2013-07-29,0.003327608108520508,-0.03405708074569702,0.0320737361907959,0.0661308616399765
2013-07-26T00:00:00+00:00,2013-07-28T23:40:59.176000+00:00,2013-07-28T23:40:59.176000+00:00,NGQ3@2013-07-29,0.0072062015533447266,-0.0334014892578125,0.03909265995025635,0.07249413430690765
2013-07-29T00:00:00+00:00,2013-07-29T23:59:00+00:00,2013-07-29T23:59:00+00:00,NGU3@2013-08-28,0.00587618350982666,-0.038980066776275635,0.04020226001739502,0.07918237149715424
2013-07-30T00:00:00+00:00,2013-07-30T23:59:00+00:00,2013-07-30T23:59:00+00:00,NGU3@2013-08-28,0.00046563148498535156,-0.04297435283660889,0.03242969512939453,0.07540404796600342
2013-07-31T00:00:00+00:00,2013-07-31T23:59:00+00:00,2013-07-31T23:59:00+00:00,NGU3@2013-08-28,-0.002691805362701416,-0.04511648416519165,0.027147889137268066,0.07226435095071793
2013-08-01T00:00:00+00:00,2013-08-01T23:59:00+00:00,2013-08-01T23:59:00+00:00,NGU3@2013-08-28,-0.003077208995819092,-0.04398983716964722,0.026538848876953125,0.07052867859601974
2013-08-02T00:00:00+00:00,2013-08-04T22:39:49.173000+00:00,2013-08-04T22:39:49.173000+00:00,NGU3@2013-08-28,-0.0009506344795227051,-0.03808027505874634,0.0265347957611084,0.06461513787508011
2013-08-05T00:00:00+00:00,2013-08-05T23:59:00+00:00,2013-08-05T23:59:00+00:00,NGU3@2013-08-28,-0.0019872188568115234,-0.03972136974334717,0.030489563941955566,0.07021093368530273
2013-08-06T00:00:00+00:00,2013-08-06T23:59:00+00:00,2013-08-06T23:59:00+00:00,NGU3@2013-08-28,-0.0025540590286254883,-0.029685556888580322,0.02720034122467041,0.056885894387960434
2013-08-07T00:00:00+00:00,2013-08-07T23:59:00+00:00,2013-08-07T23:59:00+00:00,NGU3@2013-08-28,-0.007990896701812744,-0.05150866508483887,0.030423283576965332,0.08193199336528778
2013-08-08T00:00:00+00:00,2013-08-08T23:59:00+00:00,2013-08-08T23:59:00+00:00,NGU3@2013-08-28,-0.003303349018096924,-0.040411412715911865,0.03286147117614746,0.07327289134263992
2013-08-09T00:00:00+00:00,2013-08-11T23:59:39.504000+00:00,2013-08-11T23:59:39.504000+00:00,NGU3@2013-08-28,-0.0007470250129699707,-0.0379638671875,0.03724408149719238,0.07520791888237
2013-08-12T00:00:00+00:00,2013-08-12T23:59:00+00:00,2013-08-12T23:59:00+00:00,NGU3@2013-08-28,-0.001905202865600586,-0.046604692935943604,0.03390955924987793,0.08051424473524094
2013-08-13T00:00:00+00:00,2013-08-13T23:59:00+00:00,2013-08-13T23:59:00+00:00,NGU3@2013-08-28,-0.0012286901473999023,-0.04212850332260132,0.03334450721740723,0.07547308504581451
2013-08-14T00:00:00+00:00,2013-08-14T23:59:00+00:00,2013-08-14T23:59:00+00:00,NGU3@2013-08-28,-0.0006919503211975098,-0.03644508123397827,0.027018189430236816,0.06346321851015091
2013-08-15T00:00:00+00:00,2013-08-15T23:59:00+00:00,2013-08-15T23:59:00+00:00,NGU3@2013-08-28,-0.0038906335830688477,-0.04164618253707886,0.027340412139892578,0.06898657977581024
2013-08-16T00:00:00+00:00,2013-08-18T22:50:16.764000+00:00,2013-08-18T22:50:16.764000+00:00,NGU3@2013-08-28,-0.00162428617477417,-0.03739631175994873,0.03290998935699463,0.07030636817216873
2013-08-19T00:00:00+00:00,2013-08-19T23:59:00+00:00,2013-08-19T23:59:00+00:00,NGU3@2013-08-28,-0.007495403289794922,-0.045573651790618896,0.027933239936828613,0.0735069289803505
2013-08-20T00:00:00+00:00,2013-08-20T23:59:00+00:00,2013-08-20T23:59:00+00:00,NGU3@2013-08-28,-0.0022145509719848633,-0.04457271099090576,0.032052040100097656,0.0766247808933258
2013-08-21T00:00:00+00:00,2013-08-21T23:59:00+00:00,2013-08-21T23:59:00+00:00,NGU3@2013-08-28,-0.0020064115524291992,-0.03294098377227783,0.027986645698547363,0.06092765927314758
2013-08-22T00:00:00+00:00,2013-08-22T23:59:00+00:00,2013-08-22T23:59:00+00:00,NGU3@2013-08-28,-0.006951510906219482,-0.04419654607772827,0.02395045757293701,0.06814702600240707
2013-08-23T00:00:00+00:00,2013-08-25T23:32:18.840000+00:00,2013-08-25T23:32:18.840000+00:00,NGU3@2013-08-28,-0.0020908713340759277,-0.039426445960998535,0.033823490142822266,0.0732499212026596
2013-08-26T00:00:00+00:00,2013-08-26T23:59:00+00:00,2013-08-26T23:59:00+00:00,NGU3@2013-08-28,-0.003802061080932617,-0.031212151050567627,0.02318131923675537,0.054393503814935684
2013-08-27T00:00:00+00:00,2013-08-27T23:59:00+00:00,2013-08-27T23:59:00+00:00,NGV3@2013-09-26,-0.0010715126991271973,-0.033896803855895996,0.025726675987243652,0.05962352827191353
2013-08-28T00:00:00+00:00,2013-08-28T23:59:00+00:00,2013-08-28T23:59:00+00:00,NGV3@2013-09-26,0.00041043758392333984,-0.034106433391571045,0.02438986301422119,0.05849628522992134
2013-08-29T00:00:00+00:00,2013-08-29T23:59:00+00:00,2013-08-29T23:59:00+00:00,NGV3@2013-09-26,-0.002919137477874756,-0.032057225704193115,0.01809096336364746,0.05014823004603386
2013-08-30T00:00:00+00:00,2013-09-01T18:02:24.986000+00:00,2013-09-01T18:02:24.986000+00:00,NGV3@2013-09-26,0.0012449026107788086,-0.03139805793762207,0.02577805519104004,0.05717618390917778
2013-09-03T00:00:00+00:00,2013-09-03T23:59:00+00:00,2013-09-03T23:59:00+00:00,NGV3@2013-09-26,-0.0035140514373779297,-0.0351405143737793,0.023321986198425293,0.058462563902139664
2013-09-04T00:00:00+00:00,2013-09-04T23:59:00+00:00,2013-09-04T23:59:00+00:00,NGV3@2013-09-26,-0.0002085566520690918,-0.03405177593231201,0.02730882167816162,0.06136057525873184
2013-09-05T00:00:00+00:00,2013-09-05T23:59:00+00:00,2013-09-05T23:59:00+00:00,NGV3@2013-09-26,0.0005723237991333008,-0.03803658485412598,0.028074145317077637,0.0661107674241066
2013-09-06T00:00:00+00:00,2013-09-08T23:59:14.994000+00:00,2013-09-08T23:59:14.994000+00:00,NGV3@2013-09-26,-0.0036420226097106934,-0.042997002601623535,0.02346360683441162,0.06646063178777695
2013-09-09T00:00:00+00:00,2013-09-09T23:59:00+00:00,2013-09-09T23:59:00+00:00,NGV3@2013-09-26,-0.006133913993835449,-0.04632478952407837,0.02328789234161377,0.06961259990930557
2013-09-10T00:00:00+00:00,2013-09-10T23:59:00+00:00,2013-09-10T23:59:00+00:00,NGV3@2013-09-26,-0.005356252193450928,-0.045527875423431396,0.024678349494934082,0.07020621746778488
2013-09-11T00:00:00+00:00,2013-09-11T23:59:00+00:00,2013-09-11T23:59:00+00:00,NGV3@2013-09-26,-0.0034572482109069824,-0.04281973838806152,0.025729775428771973,0.06854958832263947
2013-09-12T00:00:00+00:00,2013-09-12T23:59:00+00:00,2013-09-12T23:59:00+00:00,NGV3@2013-09-26,-0.0058615803718566895,-0.04110109806060791,0.01861727237701416,0.05971834808588028
2013-09-13T00:00:00+00:00,2013-09-15T22:40:44.260000+00:00,2013-09-15T22:40:44.260000+00:00,NGV3@2013-09-26,-0.002302706241607666,-0.0353466272354126,0.02184140682220459,0.05718810111284256
2013-09-16T00:00:00+00:00,2013-09-16T23:59:00+00:00,2013-09-16T23:59:00+00:00,NGV3@2013-09-26,-0.0027816295623779297,-0.03310728073120117,0.021647095680236816,0.05475437641143799
2013-09-17T00:00:00+00:00,2013-09-17T23:59:00+00:00,2013-09-17T23:59:00+00:00,NGV3@2013-09-26,0.0013384819030761719,-0.027386069297790527,0.025045037269592285,0.05243108049035072
2013-09-18T00:00:00+00:00,2013-09-18T23:59:00+00:00,2013-09-18T23:59:00+00:00,NGV3@2013-09-26,-0.0008986592292785645,-0.03303372859954834,0.022722601890563965,0.05575630068778992
2013-09-19T00:00:00+00:00,2013-09-19T23:59:00+00:00,2013-09-19T23:59:00+00:00,NGV3@2013-09-26,-0.0008068680763244629,-0.03174936771392822,0.020823359489440918,0.05257270485162735
2013-09-20T00:00:00+00:00,2013-09-22T23:14:52.392000+00:00,2013-09-22T23:14:52.392000+00:00,NGV3@2013-09-26,-0.0006026029586791992,-0.03568214178085327,0.022831201553344727,0.05851336196064949
2013-09-23T00:00:00+00:00,2013-09-23T23:59:00+00:00,2013-09-23T23:59:00+00:00,NGV3@2013-09-26,-0.0027126669883728027,-0.04283618927001953,0.027231693267822266,0.07006792724132538
2013-09-24T00:00:00+00:00,2013-09-24T23:59:00+00:00,2013-09-24T23:59:00+00:00,NGX3@2013-10-29,0.001138448715209961,-0.03841489553451538,0.034850478172302246,0.07326531410217285
2013-09-25T00:00:00+00:00,2013-09-25T23:59:00+00:00,2013-09-25T23:59:00+00:00,NGX3@2013-10-29,-0.003138244152069092,-0.04314255714416504,0.030170440673828125,0.07331297546625137
2013-09-26T00:00:00+00:00,2013-09-26T23:59:00+00:00,2013-09-26T23:59:00+00:00,NGX3@2013-10-29,-0.004710197448730469,-0.03874939680099487,0.026231765747070312,0.0649811327457428
2013-09-27T00:00:00+00:00,2013-09-29T23:54:31.165000+00:00,2013-09-29T23:54:31.165000+00:00,NGX3@2013-10-29,-0.002309739589691162,-0.029117584228515625,0.02390885353088379,0.05302637815475464
2013-09-30T00:00:00+00:00,2013-09-30T23:59:00+00:00,2013-09-30T23:59:00+00:00,NGX3@2013-10-29,-0.0006573200225830078,-0.030381083488464355,0.025666236877441406,0.056047387421131134
2013-10-01T00:00:00+00:00,2013-10-01T23:59:00+00:00,2013-10-01T23:59:00+00:00,NGX3@2013-10-29,-0.0006806850433349609,-0.02924942970275879,0.024600505828857422,0.0538499653339386
2013-10-02T00:00:00+00:00,2013-10-02T23:59:00+00:00,2013-10-02T23:59:00+00:00,NGX3@2013-10-29,-0.0008451938629150391,-0.027158915996551514,0.024922966957092285,0.0520818717777729
2013-10-03T00:00:00+00:00,2013-10-03T23:59:00+00:00,2013-10-03T23:59:00+00:00,NGX3@2013-10-29,0.0024459362030029297,-0.02503746747970581,0.025665640830993652,0.05070309340953827
2013-10-04T00:00:00+00:00,2013-10-06T23:59:07.959000+00:00,2013-10-06T23:59:07.959000+00:00,NGX3@2013-10-29,0.00095367431640625,-0.023172855377197266,0.022095441818237305,0.04526831582188606
2013-10-07T00:00:00+00:00,2013-10-07T23:59:00+00:00,2013-10-07T23:59:00+00:00,NGX3@2013-10-29,-0.005226492881774902,-0.031047940254211426,0.01824820041656494,0.049296144396066666
2013-10-08T00:00:00+00:00,2013-10-08T23:59:00+00:00,2013-10-08T23:59:00+00:00,NGX3@2013-10-29,-0.0018336772918701172,-0.032317161560058594,0.02564239501953125,0.05795951560139656
2013-10-09T00:00:00+00:00,2013-10-09T23:59:00+00:00,2013-10-09T23:59:00+00:00,NGX3@2013-10-29,0.003187417984008789,-0.028847813606262207,0.030454158782958984,0.059301942586898804
2013-10-10T00:00:00+00:00,2013-10-10T23:59:00+00:00,2013-10-10T23:59:00+00:00,NGX3@2013-10-29,0.0023343563079833984,-0.02986687421798706,0.030606865882873535,0.06047378480434418
2013-10-11T00:00:00+00:00,2013-10-13T23:59:52.125000+00:00,2013-10-13T23:59:52.125000+00:00,NGX3@2013-10-29,0.00025522708892822266,-0.03228116035461426,0.024203896522521973,0.056484997272491455
2013-10-14T00:00:00+00:00,2013-10-14T23:59:00+00:00,2013-10-14T23:59:00+00:00,NGX3@2013-10-29,-0.0007168054580688477,-0.02862381935119629,0.020461082458496094,0.049084894359111786
2013-10-15T00:00:00+00:00,2013-10-15T23:59:00+00:00,2013-10-15T23:59:00+00:00,NGX3@2013-10-29,0.0035066604614257812,-0.029495537281036377,0.03198862075805664,0.06148412451148033
2013-10-16T00:00:00+00:00,2013-10-16T23:59:00+00:00,2013-10-16T23:59:00+00:00,NGX3@2013-10-29,0.0016405582427978516,-0.02846062183380127,0.028751134872436523,0.057211726903915405
2013-10-17T00:00:00+00:00,2013-10-17T23:59:00+00:00,2013-10-17T23:59:00+00:00,NGX3@2013-10-29,0.00029265880584716797,-0.027748525142669678,0.024363160133361816,0.05211168900132179
2013-10-18T00:00:00+00:00,2013-10-20T22:12:36.945000+00:00,2013-10-20T22:12:36.945000+00:00,NGX3@2013-10-29,-0.0023445487022399902,-0.028843939304351807,0.02225351333618164,0.05109752342104912
2013-10-21T00:00:00+00:00,2013-10-21T23:59:00+00:00,2013-10-21T23:59:00+00:00,NGX3@2013-10-29,-0.005932927131652832,-0.035205960273742676,0.025862693786621094,0.06106863170862198
2013-10-22T00:00:00+00:00,2013-10-22T23:59:00+00:00,2013-10-22T23:59:00+00:00,NGX3@2013-10-29,-0.006197035312652588,-0.043103814125061035,0.0310060977935791,0.07410995662212372
2013-10-23T00:00:00+00:00,2013-10-23T23:59:00+00:00,2013-10-23T23:59:00+00:00,NGX3@2013-10-29,-0.003356754779815674,-0.032261550426483154,0.023432374000549316,0.055693961679935455
2013-10-24T00:00:00+00:00,2013-10-24T23:59:00+00:00,2013-10-24T23:59:00+00:00,NGX3@2013-10-29,-0.004842162132263184,-0.034646451473236084,0.024253249168395996,0.058899637311697006
2013-10-25T00:00:00+00:00,2013-10-27T23:49:38.534000+00:00,2013-10-27T23:49:38.534000+00:00,NGX3@2013-10-29,-0.002909719944000244,-0.03199589252471924,0.02692568302154541,0.05892161279916763
2013-10-28T00:00:00+00:00,2013-10-28T23:59:00+00:00,2013-10-28T23:59:00+00:00,NGX3@2013-10-29,0.004613041877746582,-0.02978801727294922,0.03570449352264404,0.06549249589443207
2013-10-29T00:00:00+00:00,2013-10-29T23:59:00+00:00,2013-10-29T23:59:00+00:00,NGZ3@2013-11-26,-0.002133011817932129,-0.032172441482543945,0.026074886322021484,0.05824732035398483
2013-10-30T00:00:00+00:00,2013-10-30T23:59:00+00:00,2013-10-30T23:59:00+00:00,NGZ3@2013-11-26,-0.0067465901374816895,-0.032202064990997314,0.017184019088745117,0.04938603937625885
2013-10-31T00:00:00+00:00,2013-10-31T23:59:00+00:00,2013-10-31T23:59:00+00:00,NGZ3@2013-11-26,-0.002685248851776123,-0.026834428310394287,0.019298911094665527,0.04613329470157623
2013-11-01T00:00:00+00:00,2013-11-03T23:53:15.090000+00:00,2013-11-03T23:53:15.090000+00:00,NGZ3@2013-11-26,-0.0007020831108093262,-0.025945007801055908,0.021272897720336914,0.047217871993780136
2013-11-04T00:00:00+00:00,2013-11-05T23:20:49.330000+00:00,2013-11-05T23:20:49.330000+00:00,NGZ3@2013-11-26,0.0001367330551147461,-0.026729464530944824,0.0242539644241333,0.05098337307572365
2013-11-05T00:00:00+00:00,2013-11-06T23:07:40.875000+00:00,2013-11-06T23:07:40.875000+00:00,NGZ3@2013-11-26,-0.005546271800994873,-0.035485684871673584,0.020621180534362793,0.056106921285390854
2013-11-06T00:00:00+00:00,2013-11-07T23:30:53.891000+00:00,2013-11-07T23:30:53.891000+00:00,NGZ3@2013-11-26,0.0009261369705200195,-0.03101593255996704,0.0285341739654541,0.05955011770129204
2013-11-07T00:00:00+00:00,2013-11-07T23:59:00+00:00,2013-11-07T23:59:00+00:00,NGZ3@2013-11-26,0.005860447883605957,-0.02402418851852417,0.031943559646606445,0.055967725813388824
2013-11-08T00:00:00+00:00,2013-11-10T23:26:38.051000+00:00,2013-11-10T23:26:38.051000+00:00,NGZ3@2013-11-26,0.0061986446380615234,-0.025617897510528564,0.03150808811187744,0.0571260005235672
2013-11-11T00:00:00+00:00,2013-11-12T23:53:53.904000+00:00,2013-11-12T23:53:53.904000+00:00,NGZ3@2013-11-26,0.0020581483840942383,-0.028186917304992676,0.026480793952941895,0.0546676330268383
2013-11-12T00:00:00+00:00,2013-11-13T23:33:24.729000+00:00,2013-11-13T23:33:24.729000+00:00,NGZ3@2013-11-26,0.003949522972106934,-0.02433103322982788,0.026210904121398926,0.05054190382361412
2013-11-13T00:00:00+00:00,2013-11-13T23:59:00+00:00,2013-11-13T23:59:00+00:00,NGZ3@2013-11-26,0.0023370981216430664,-0.02911233901977539,0.02685415744781494,0.05596645548939705
2013-11-14T00:00:00+00:00,2013-11-14T23:59:00+00:00,2013-11-14T23:59:00+00:00,NGZ3@2013-11-26,0.002362847328186035,-0.025574803352355957,0.024172306060791016,0.04974714294075966
2013-11-15T00:00:00+00:00,2013-11-17T23:44:11.090000+00:00,2013-11-17T23:44:11.090000+00:00,NGZ3@2013-11-26,0.0012198686599731445,-0.03242307901382446,0.02839207649230957,0.06081517040729523
2013-11-18T00:00:00+00:00,2013-11-19T23:36:55.842000+00:00,2013-11-19T23:36:55.842000+00:00,NGZ3@2013-11-26,0.0022306442260742188,-0.02825993299484253,0.02738940715789795,0.05564941093325615
2013-11-19T00:00:00+00:00,2013-11-20T23:46:27.858000+00:00,2013-11-20T23:46:27.858000+00:00,NGZ3@2013-11-26,0.0024257898330688477,-0.027048885822296143,0.02704799175262451,0.05409688130021095
2013-11-20T00:00:00+00:00,2013-11-20T23:59:00+00:00,2013-11-20T23:59:00+00:00,NGZ3@2013-11-26,-0.0016207098960876465,-0.03363311290740967,0.024390578269958496,0.058023709803819656
2013-11-21T00:00:00+00:00,2013-11-21T23:59:00+00:00,2013-11-21T23:59:00+00:00,NGZ3@2013-11-26,0.0021371841430664062,-0.030880451202392578,0.026576519012451172,0.05745694786310196
2013-11-22T00:00:00+00:00,2013-11-24T23:59:41.264000+00:00,2013-11-24T23:59:41.264000+00:00,NGZ3@2013-11-26,0.004065990447998047,-0.028503000736236572,0.02866530418395996,0.05716826021671295
2013-11-25T00:00:00+00:00,2013-11-26T23:41:51.382000+00:00,2013-11-26T23:41:51.382000+00:00,NGZ3@2013-11-26,0.005451083183288574,-0.029150664806365967,0.03150773048400879,0.06065842881798744
2013-11-29T00:00:00+00:00,2013-12-01T23:53:14.360000+00:00,2013-12-01T23:53:14.360000+00:00,NGF4@2013-12-27,0.003903031349182129,-0.027898132801055908,0.029670119285583496,0.05756825953722
2013-12-02T00:00:00+00:00,2013-12-03T23:37:56.897000+00:00,2013-12-03T23:37:56.897000+00:00,NGF4@2013-12-27,0.004883766174316406,-0.02643650770187378,0.03060126304626465,0.05703775957226753
2013-12-03T00:00:00+00:00,2013-12-03T23:59:00+00:00,2013-12-03T23:59:00+00:00,NGF4@2013-12-27,0.007092714309692383,-0.01770836114883423,0.027152061462402344,0.04486041143536568
2013-12-04T00:00:00+00:00,2013-12-05T23:50:17.359000+00:00,2013-12-05T23:50:17.359000+00:00,NGF4@2013-12-27,0.004407644271850586,-0.0203818678855896,0.024825096130371094,0.04520699009299278
2013-12-05T00:00:00+00:00,2013-12-06T00:11:16.536000+00:00,2013-12-06T00:11:16.536000+00:00,NGF4@2013-12-27,-0.0018877387046813965,-0.03185158967971802,0.025586485862731934,0.05743810534477234
2013-12-06T00:00:00+00:00,2013-12-08T23:10:37.155000+00:00,2013-12-08T23:10:37.155000+00:00,NGF4@2013-12-27,0.0017720460891723633,-0.02495211362838745,0.02792215347290039,0.05287421867251396
2013-12-09T00:00:00+00:00,2013-12-10T23:55:34.024000+00:00,2013-12-10T23:55:34.024000+00:00,NGF4@2013-12-27,0.001053929328918457,-0.029646635055541992,0.030565619468688965,0.060212187469005585
2013-12-10T00:00:00+00:00,2013-12-10T23:59:00+00:00,2013-12-10T23:59:00+00:00,NGF4@2013-12-27,0.0015022754669189453,-0.02660214900970459,0.02828347682952881,0.05488567799329758
2013-12-11T00:00:00+00:00,2013-12-11T23:59:00+00:00,2013-12-11T23:59:00+00:00,NGF4@2013-12-27,-0.004755616188049316,-0.034478187561035156,0.022396206855773926,0.0568743497133255
2013-12-12T00:00:00+00:00,2013-12-13T00:00:11.981000+00:00,2013-12-13T00:00:11.981000+00:00,NGF4@2013-12-27,-0.002790510654449463,-0.03396326303482056,0.0266416072845459,0.060604825615882874
2013-12-13T00:00:00+00:00,2013-12-15T23:56:58.239000+00:00,2013-12-15T23:56:58.239000+00:00,NGF4@2013-12-27,0.001824021339416504,-0.026423215866088867,0.027385354042053223,0.05380851775407791
2013-12-16T00:00:00+00:00,2013-12-17T23:42:58.682000+00:00,2013-12-17T23:42:58.682000+00:00,NGF4@2013-12-27,0.00042760372161865234,-0.028950989246368408,0.02799403667449951,0.056944988667964935
2013-12-17T00:00:00+00:00,2013-12-18T23:57:57.339000+00:00,2013-12-18T23:57:57.339000+00:00,NGF4@2013-12-27,-0.004144728183746338,-0.030938684940338135,0.024498820304870605,0.05543746054172516
2013-12-18T00:00:00+00:00,2013-12-19T23:35:08.852000+00:00,2013-12-19T23:35:08.852000+00:00,NGF4@2013-12-27,-0.0037720799446105957,-0.03049999475479126,0.021996498107910156,0.05249650776386261
2013-12-19T00:00:00+00:00,2013-12-20T00:21:53.569000+00:00,2013-12-20T00:21:53.569000+00:00,NGF4@2013-12-27,-0.0063613057136535645,-0.03787541389465332,0.02506852149963379,0.06294389069080353
2013-12-20T00:00:00+00:00,2013-12-22T23:54:14.819000+00:00,2013-12-22T23:54:14.819000+00:00,NGF4@2013-12-27,0.0035227537155151367,-0.02618330717086792,0.03225815296173096,0.05844147503376007
2013-12-23T00:00:00+00:00,2013-12-24T00:07:50.761000+00:00,2013-12-24T00:07:50.761000+00:00,NGF4@2013-12-27,0.007637739181518555,-0.022237002849578857,0.03235125541687012,0.05458829551935196
2013-12-26T00:00:00+00:00,2013-12-26T23:59:00+00:00,2013-12-26T23:59:00+00:00,NGF4@2013-12-27,0.00509488582611084,-0.027975797653198242,0.03264272212982178,0.060618553310632706
2013-12-30T00:00:00+00:00,2013-12-30T23:59:00+00:00,2013-12-30T23:59:00+00:00,NGG4@2014-01-29,0.004095792770385742,-0.023616015911102295,0.028545498847961426,0.052161481231451035
2014-01-02T00:00:00+00:00,2014-01-03T00:22:34.005000+00:00,2014-01-03T00:22:34.005000+00:00,NGG4@2014-01-29,0.0001958608627319336,-0.02949380874633789,0.025085926055908203,0.05457980930805206
2014-01-03T00:00:00+00:00,2014-01-05T23:41:38.900000+00:00,2014-01-05T23:41:38.900000+00:00,NGG4@2014-01-29,-0.0018665790557861328,-0.033870041370391846,0.025611162185668945,0.05948122590780258
2014-01-06T00:00:00+00:00,2014-01-07T23:22:37.448000+00:00,2014-01-07T23:22:37.448000+00:00,NGG4@2014-01-29,-0.000491023063659668,-0.032196998596191406,0.02575373649597168,0.05795077234506607
2014-01-07T00:00:00+00:00,2014-01-08T23:44:36.426000+00:00,2014-01-08T23:44:36.426000+00:00,NGG4@2014-01-29,-0.0010053515434265137,-0.03237426280975342,0.027468204498291016,0.05984245613217354
2014-01-08T00:00:00+00:00,2014-01-08T23:59:00+00:00,2014-01-08T23:59:00+00:00,NGG4@2014-01-29,-1.1742115020751953e-05,-0.03513634204864502,0.028066277503967285,0.0632026344537735
2014-01-09T00:00:00+00:00,2014-01-09T23:59:00+00:00,2014-01-09T23:59:00+00:00,NGG4@2014-01-29,-0.009076416492462158,-0.05590832233428955,0.02821493148803711,0.08412329852581024
2014-01-10T00:00:00+00:00,2014-01-12T23:13:39.702000+00:00,2014-01-12T23:13:39.702000+00:00,NGG4@2014-01-29,-0.0025493502616882324,-0.04386419057846069,0.030782222747802734,0.07464636862277985
2014-01-13T00:00:00+00:00,2014-01-14T23:37:13.846000+00:00,2014-01-14T23:37:13.846000+00:00,NGG4@2014-01-29,0.004933714866638184,-0.04205596446990967,0.045836448669433594,0.08789244294166565
2014-01-14T00:00:00+00:00,2014-01-14T23:59:00+00:00,2014-01-14T23:59:00+00:00,NGG4@2014-01-29,0.006679892539978027,-0.03908735513687134,0.04937326908111572,0.08846066147089005
2014-01-15T00:00:00+00:00,2014-01-15T23:59:44.418000+00:00,2014-01-15T23:59:44.418000+00:00,NGG4@2014-01-29,0.0022966861724853516,-0.043544769287109375,0.04426097869873047,0.08780573308467865
2014-01-16T00:00:00+00:00,2014-01-16T23:59:00+00:00,2014-01-16T23:59:00+00:00,NGG4@2014-01-29,0.009330153465270996,-0.03688979148864746,0.04880392551422119,0.08569368720054626
2014-01-17T00:00:00+00:00,2014-01-19T19:02:35.435000+00:00,2014-01-19T19:02:35.435000+00:00,NGG4@2014-01-29,-0.003820657730102539,-0.040242135524749756,0.028797507286071777,0.06903964281082153
2014-01-21T00:00:00+00:00,2014-01-22T23:32:53.639000+00:00,2014-01-22T23:32:53.639000+00:00,NGG4@2014-01-29,-0.0010308623313903809,-0.0408705472946167,0.036875009536743164,0.07774554193019867
2014-01-22T00:00:00+00:00,2014-01-23T23:57:59.058000+00:00,2014-01-23T23:57:59.058000+00:00,NGG4@2014-01-29,0.0005060434341430664,-0.06187707185745239,0.06282877922058105,0.12470588088035583
2014-01-23T00:00:00+00:00,2014-01-24T00:23:03.064000+00:00,2014-01-24T00:23:03.064000+00:00,NGG4@2014-01-29,-0.0038181543350219727,-0.05722320079803467,0.044878482818603516,0.10210172086954117
2014-01-24T00:00:00+00:00,2014-01-26T23:38:58.424000+00:00,2014-01-26T23:38:58.424000+00:00,NGG4@2014-01-29,0.0014891624450683594,-0.06618797779083252,0.07523572444915771,0.14142371714115143
2014-01-27T00:00:00+00:00,2014-01-28T23:09:48.018000+00:00,2014-01-28T23:09:48.018000+00:00,NGG4@2014-01-29,-0.01954019069671631,-0.07403016090393066,0.04557681083679199,0.11960703134536743
2014-01-28T00:00:00+00:00,2014-01-29T23:44:12.255000+00:00,2014-01-29T23:44:12.255000+00:00,NGG4@2014-01-29,-0.008862853050231934,-0.057343244552612305,0.043382883071899414,0.10072614252567291
2014-01-29T00:00:00+00:00,2014-01-30T23:48:52.802000+00:00,2014-01-30T23:48:52.802000+00:00,NGH4@2014-02-26,-0.01766747236251831,-0.08673661947250366,0.06936335563659668,0.15609999001026154
2014-01-30T00:00:00+00:00,2014-01-30T23:59:00+00:00,2014-01-30T23:59:00+00:00,NGH4@2014-02-26,-0.007994532585144043,-0.0663449764251709,0.07925009727478027,0.14559510350227356
2014-01-31T00:00:00+00:00,2014-02-02T23:46:42.289000+00:00,2014-02-02T23:46:42.289000+00:00,NGH4@2014-02-26,-0.006326019763946533,-0.05125319957733154,0.059610962867736816,0.11086411029100418
2014-02-03T00:00:00+00:00,2014-02-04T23:48:53.535000+00:00,2014-02-04T23:48:53.535000+00:00,NGH4@2014-02-26,-0.0056993961334228516,-0.048953890800476074,0.05201256275177002,0.10096649825572968
2014-02-04T00:00:00+00:00,2014-02-04T23:59:00+00:00,2014-02-04T23:59:00+00:00,NGH4@2014-02-26,-0.009280920028686523,-0.08242815732955933,0.08844649791717529,0.17087465524673462
2014-02-05T00:00:00+00:00,2014-02-05T23:59:00+00:00,2014-02-05T23:59:00+00:00,NGH4@2014-02-26,0.005018711090087891,-0.04817640781402588,0.08309721946716309,0.13127364218235016
2014-02-06T00:00:00+00:00,2014-02-07T00:11:41.219000+00:00,2014-02-07T00:11:41.219000+00:00,NGH4@2014-02-26,-0.0005852580070495605,-0.045555710792541504,0.0595250129699707,0.105080746114254
2014-02-07T00:00:00+00:00,2014-02-09T23:47:54.947000+00:00,2014-02-09T23:47:54.947000+00:00,NGH4@2014-02-26,-0.0035411715507507324,-0.04625129699707031,0.05371546745300293,0.09996673464775085
2014-02-10T00:00:00+00:00,2014-02-11T23:44:49.618000+00:00,2014-02-11T23:44:49.618000+00:00,NGH4@2014-02-26,-0.009135425090789795,-0.0465618371963501,0.04934275150299072,0.09590456634759903
2014-02-11T00:00:00+00:00,2014-02-11T23:59:00+00:00,2014-02-11T23:59:00+00:00,NGH4@2014-02-26,0.010370850563049316,-0.03685116767883301,0.06445574760437012,0.10130694508552551
2014-02-12T00:00:00+00:00,2014-02-12T23:59:00+00:00,2014-02-12T23:59:00+00:00,NGH4@2014-02-26,0.011368393898010254,-0.03307461738586426,0.06361830234527588,0.09669292718172073
2014-02-13T00:00:00+00:00,2014-02-14T00:00:09.461000+00:00,2014-02-14T00:00:09.461000+00:00,NGH4@2014-02-26,-3.808736801147461e-05,-0.057050347328186035,0.06465959548950195,0.12170996516942978
2014-02-14T00:00:00+00:00,2014-02-16T19:02:45.067000+00:00,2014-02-16T19:02:45.067000+00:00,NGH4@2014-02-26,0.01633596420288086,-0.04235124588012695,0.08891141414642334,0.13126273453235626
2014-02-18T00:00:00+00:00,2014-02-19T23:36:03.246000+00:00,2014-02-19T23:36:03.246000+00:00,NGH4@2014-02-26,0.01375436782836914,-0.06117141246795654,0.09863042831420898,0.15980187058448792
2014-02-19T00:00:00+00:00,2014-02-19T23:59:00+00:00,2014-02-19T23:59:00+00:00,NGH4@2014-02-26,-0.018984436988830566,-0.1191219687461853,0.10761106014251709,0.22673299908638
2014-02-20T00:00:00+00:00,2014-02-20T23:59:00+00:00,2014-02-20T23:59:00+00:00,NGH4@2014-02-26,0.0054836273193359375,-0.07463878393173218,0.09832775592803955,0.17296653985977173
2014-02-21T00:00:00+00:00,2014-02-23T23:58:32.306000+00:00,2014-02-23T23:58:32.306000+00:00,NGH4@2014-02-26,0.01781010627746582,-0.04693913459777832,0.0819692611694336,0.12890839576721191
2014-02-24T00:00:00+00:00,2014-02-25T23:47:34.506000+00:00,2014-02-25T23:47:34.506000+00:00,NGH4@2014-02-26,-0.0027544498443603516,-0.09060472249984741,0.12257254123687744,0.21317729353904724
2014-02-25T00:00:00+00:00,2014-02-25T23:59:00+00:00,2014-02-25T23:59:00+00:00,NGH4@2014-02-26,-0.025929152965545654,-0.09194046258926392,0.09245634078979492,0.18439683318138123
2014-02-26T00:00:00+00:00,2014-02-27T23:55:06.114000+00:00,2014-02-27T23:55:06.114000+00:00,NGJ4@2014-03-27,0.007865428924560547,-0.034646570682525635,0.07657825946807861,0.11122476309537888
2014-02-27T00:00:00+00:00,2014-02-28T00:08:18.753000+00:00,2014-02-28T00:08:18.753000+00:00,NGJ4@2014-03-27,0.010111093521118164,-0.027510464191436768,0.07058513164520264,0.09809558093547821
2014-02-28T00:00:00+00:00,2014-03-02T23:44:55.949000+00:00,2014-03-02T23:44:55.949000+00:00,NGJ4@2014-03-27,0.010514259338378906,-0.03848344087600708,0.06150662899017334,0.09999002516269684
2014-03-03T00:00:00+00:00,2014-03-04T23:53:35.584000+00:00,2014-03-04T23:53:35.584000+00:00,NGJ4@2014-03-27,0.009631991386413574,-0.024192988872528076,0.05429983139038086,0.07849279046058655
2014-03-04T00:00:00+00:00,2014-03-05T23:18:05.756000+00:00,2014-03-05T23:18:05.756000+00:00,NGJ4@2014-03-27,0.01348114013671875,-0.020503699779510498,0.0621110200881958,0.0826147198677063
2014-03-05T00:00:00+00:00,2014-03-05T23:59:00+00:00,2014-03-05T23:59:00+00:00,NGJ4@2014-03-27,0.00896918773651123,-0.015218496322631836,0.047376036643981934,0.06259450316429138
2014-03-06T00:00:00+00:00,2014-03-06T23:59:00+00:00,2014-03-06T23:59:00+00:00,NGJ4@2014-03-27,0.006772875785827637,-0.01921665668487549,0.04951655864715576,0.06873317807912827
2014-03-07T00:00:00+00:00,2014-03-09T22:25:36.428000+00:00,2014-03-09T22:25:36.428000+00:00,NGJ4@2014-03-27,0.012823343276977539,-0.02476680278778076,0.061071157455444336,0.08583801984786987
2014-03-10T00:00:00+00:00,2014-03-10T23:59:00+00:00,2014-03-10T23:59:00+00:00,NGJ4@2014-03-27,0.002522706985473633,-0.022119343280792236,0.04415392875671387,0.0662732869386673
2014-03-11T00:00:00+00:00,2014-03-11T23:59:00+00:00,2014-03-11T23:59:00+00:00,NGJ4@2014-03-27,0.0065239667892456055,-0.022321760654449463,0.04439723491668701,0.06671899557113647
2014-03-12T00:00:00+00:00,2014-03-12T23:59:00+00:00,2014-03-12T23:59:00+00:00,NGJ4@2014-03-27,0.005213141441345215,-0.02897101640701294,0.041674137115478516,0.07064518332481384
2014-03-13T00:00:00+00:00,2014-03-13T23:59:00+00:00,2014-03-13T23:59:00+00:00,NGJ4@2014-03-27,-0.002710103988647461,-0.039769530296325684,0.042253732681274414,0.08202328532934189
2014-03-14T00:00:00+00:00,2014-03-16T23:20:25.183000+00:00,2014-03-16T23:20:25.183000+00:00,NGJ4@2014-03-27,-0.004209339618682861,-0.03359562158584595,0.033492445945739746,0.06708812713623047
2014-03-17T00:00:00+00:00,2014-03-17T23:59:00+00:00,2014-03-17T23:59:00+00:00,NGJ4@2014-03-27,0.005884408950805664,-0.02329099178314209,0.04995989799499512,0.07325095683336258
2014-03-18T00:00:00+00:00,2014-03-18T23:59:00+00:00,2014-03-18T23:59:00+00:00,NGJ4@2014-03-27,0.004525303840637207,-0.02242952585220337,0.04352414608001709,0.06595366448163986
2014-03-19T00:00:00+00:00,2014-03-19T23:59:00+00:00,2014-03-19T23:59:00+00:00,NGJ4@2014-03-27,0.001454472541809082,-0.025400400161743164,0.03759920597076416,0.06299960613250732
2014-03-20T00:00:00+00:00,2014-03-20T23:59:00+00:00,2014-03-20T23:59:00+00:00,NGJ4@2014-03-27,0.0010334253311157227,-0.026628434658050537,0.03611314296722412,0.06274157762527466
2014-03-21T00:00:00+00:00,2014-03-23T23:40:56.955000+00:00,2014-03-23T23:40:56.955000+00:00,NGJ4@2014-03-27,-0.0006009936332702637,-0.018258213996887207,0.03593635559082031,0.05419459193944931
2014-03-24T00:00:00+00:00,2014-03-24T23:59:00+00:00,2014-03-24T23:59:00+00:00,NGJ4@2014-03-27,0.0027036666870117188,-0.017338335514068604,0.0356450080871582,0.05298334360122681
2014-03-25T00:00:00+00:00,2014-03-25T23:59:00+00:00,2014-03-25T23:59:00+00:00,NGK4@2014-04-28,0.005856156349182129,-0.025520503520965576,0.04392886161804199,0.06944937258958817
2014-03-26T00:00:00+00:00,2014-03-26T23:59:00+00:00,2014-03-26T23:59:00+00:00,NGK4@2014-04-28,0.006125807762145996,-0.028121232986450195,0.042666077613830566,0.07078726589679718
2014-03-27T00:00:00+00:00,2014-03-27T23:59:00+00:00,2014-03-27T23:59:00+00:00,NGK4@2014-04-28,0.006810426712036133,-0.034079551696777344,0.047684431076049805,0.08176401257514954
2014-03-28T00:00:00+00:00,2014-03-30T23:38:34.860000+00:00,2014-03-30T23:38:34.860000+00:00,NGK4@2014-04-28,0.009110689163208008,-0.02836918830871582,0.047629594802856445,0.07599880546331406
2014-03-31T00:00:00+00:00,2014-03-31T23:59:00+00:00,2014-03-31T23:59:00+00:00,NGK4@2014-04-28,0.006375670433044434,-0.02689969539642334,0.04334437847137451,0.07024408131837845
2014-04-01T00:00:00+00:00,2014-04-01T23:59:00+00:00,2014-04-01T23:59:00+00:00,NGK4@2014-04-28,0.005480170249938965,-0.03573054075241089,0.049890756607055664,0.08562137186527252
2014-04-02T00:00:00+00:00,2014-04-02T23:59:00+00:00,2014-04-02T23:59:00+00:00,NGK4@2014-04-28,0.008191823959350586,-0.023014724254608154,0.03976142406463623,0.0627760961651802
2014-04-03T00:00:00+00:00,2014-04-03T23:59:00+00:00,2014-04-03T23:59:00+00:00,NGK4@2014-04-28,0.0024689435958862305,-0.02664804458618164,0.0338590145111084,0.060507118701934814
2014-04-04T00:00:00+00:00,2014-04-06T23:39:29.047000+00:00,2014-04-06T23:39:29.047000+00:00,NGK4@2014-04-28,0.007029294967651367,-0.02404630184173584,0.03684532642364502,0.06089164316654205
2014-04-07T00:00:00+00:00,2014-04-07T23:59:00+00:00,2014-04-07T23:59:00+00:00,NGK4@2014-04-28,0.0030437707901000977,-0.031056642532348633,0.03289151191711426,0.06394816935062408
2014-04-08T00:00:00+00:00,2014-04-08T23:59:00+00:00,2014-04-08T23:59:00+00:00,NGK4@2014-04-28,-9.179115295410156e-05,-0.026476740837097168,0.03146648406982422,0.05794328823685646
2014-04-09T00:00:00+00:00,2014-04-10T22:45:49.764000+00:00,2014-04-10T22:45:49.764000+00:00,NGK4@2014-04-28,-0.001496434211730957,-0.029227733612060547,0.03289484977722168,0.0621226504445076
2014-04-10T00:00:00+00:00,2014-04-10T23:59:00+00:00,2014-04-10T23:59:00+00:00,NGK4@2014-04-28,0.0011851787567138672,-0.029671430587768555,0.032221317291259766,0.06189274415373802
2014-04-11T00:00:00+00:00,2014-04-13T23:41:05.269000+00:00,2014-04-13T23:41:05.269000+00:00,NGK4@2014-04-28,0.0006237030029296875,-0.03399592638015747,0.02715015411376953,0.06114600598812103
2014-04-14T00:00:00+00:00,2014-04-14T23:59:00+00:00,2014-04-14T23:59:00+00:00,NGK4@2014-04-28,0.004683375358581543,-0.023622572422027588,0.02948594093322754,0.0531085766851902
2014-04-15T00:00:00+00:00,2014-04-15T23:59:00+00:00,2014-04-15T23:59:00+00:00,NGK4@2014-04-28,0.0031012296676635742,-0.022425949573516846,0.02794015407562256,0.05036609619855881
2014-04-16T00:00:00+00:00,2014-04-16T23:59:00+00:00,2014-04-16T23:59:00+00:00,NGK4@2014-04-28,0.003067493438720703,-0.026550471782684326,0.02855396270751953,0.05510447919368744
2014-04-21T00:00:00+00:00,2014-04-21T23:59:00+00:00,2014-04-21T23:59:00+00:00,NGK4@2014-04-28,-0.001727759838104248,-0.03343069553375244,0.029553651809692383,0.06298433244228363
2014-04-22T00:00:00+00:00,2014-04-22T23:59:00+00:00,2014-04-22T23:59:00+00:00,NGK4@2014-04-28,-0.0017115473747253418,-0.03014928102493286,0.028190255165100098,0.05833955481648445
2014-04-23T00:00:00+00:00,2014-04-23T23:59:00+00:00,2014-04-23T23:59:00+00:00,NGK4@2014-04-28,-0.0007617473602294922,-0.029797613620758057,0.029787659645080566,0.05958518758416176
2014-04-24T00:00:00+00:00,2014-04-24T23:59:00+00:00,2014-04-24T23:59:00+00:00,NGK4@2014-04-28,-0.00012868642807006836,-0.028222858905792236,0.026799559593200684,0.05502244830131531
2014-04-25T00:00:00+00:00,2014-04-27T23:23:14.025000+00:00,2014-04-27T23:23:14.025000+00:00,NGK4@2014-04-28,0.0024884939193725586,-0.020223140716552734,0.025195002555847168,0.0454181507229805
2014-04-28T00:00:00+00:00,2014-04-28T23:59:00+00:00,2014-04-28T23:59:00+00:00,NGM4@2014-05-28,-0.0020262598991394043,-0.02532118558883667,0.023553848266601562,0.04887496680021286
2014-04-29T00:00:00+00:00,2014-04-29T23:59:00+00:00,2014-04-29T23:59:00+00:00,NGM4@2014-05-28,-0.00043380260467529297,-0.024205267429351807,0.02267277240753174,0.04687809944152832
2014-04-30T00:00:00+00:00,2014-04-30T23:59:00+00:00,2014-04-30T23:59:00+00:00,NGM4@2014-05-28,-0.0012171268463134766,-0.020284831523895264,0.017089128494262695,0.03737393021583557
2014-05-01T00:00:00+00:00,2014-05-01T23:59:00+00:00,2014-05-01T23:59:00+00:00,NGM4@2014-05-28,0.0027167797088623047,-0.017565667629241943,0.02382063865661621,0.04138631373643875
2014-05-02T00:00:00+00:00,2014-05-04T23:56:00.994000+00:00,2014-05-04T23:56:00.994000+00:00,NGM4@2014-05-28,0.0033963918685913086,-0.019053995609283447,0.02261519432067871,0.04166918247938156
2014-05-05T00:00:00+00:00,2014-05-05T23:59:00+00:00,2014-05-05T23:59:00+00:00,NGM4@2014-05-28,0.0023336410522460938,-0.019820570945739746,0.022962093353271484,0.042782705277204514
2014-05-06T00:00:00+00:00,2014-05-06T23:59:00+00:00,2014-05-06T23:59:00+00:00,NGM4@2014-05-28,-0.002901434898376465,-0.030874967575073242,0.017890572547912598,0.04876556992530823
2014-05-07T00:00:00+00:00,2014-05-08T23:15:16.228000+00:00,2014-05-08T23:15:16.228000+00:00,NGM4@2014-05-28,0.0018956661224365234,-0.029486417770385742,0.022765398025512695,0.052251797169446945
2014-05-08T00:00:00+00:00,2014-05-08T23:59:00+00:00,2014-05-08T23:59:00+00:00,NGM4@2014-05-28,0.006390929222106934,-0.036090075969696045,0.03874027729034424,0.07483036816120148
2014-05-09T00:00:00+00:00,2014-05-11T23:11:02.509000+00:00,2014-05-11T23:11:02.509000+00:00,NGM4@2014-05-28,0.00838005542755127,-0.02955716848373413,0.037575483322143555,0.06713268905878067
2014-05-12T00:00:00+00:00,2014-05-12T23:59:00+00:00,2014-05-12T23:59:00+00:00,NGM4@2014-05-28,0.010224580764770508,-0.03213745355606079,0.04239761829376221,0.07453510910272598
2014-05-13T00:00:00+00:00,2014-05-13T23:59:00+00:00,2014-05-13T23:59:00+00:00,NGM4@2014-05-28,-0.00258713960647583,-0.05547690391540527,0.03412747383117676,0.08960435539484024
2014-05-14T00:00:00+00:00,2014-05-14T23:59:00+00:00,2014-05-14T23:59:00+00:00,NGM4@2014-05-28,0.006946682929992676,-0.037737488746643066,0.043106913566589355,0.08084437251091003
2014-05-15T00:00:00+00:00,2014-05-15T23:59:00+00:00,2014-05-15T23:59:00+00:00,NGM4@2014-05-28,0.007977008819580078,-0.029544472694396973,0.03586900234222412,0.06541354209184647
2014-05-16T00:00:00+00:00,2014-05-18T23:18:34.385000+00:00,2014-05-18T23:18:34.385000+00:00,NGM4@2014-05-28,0.007930159568786621,-0.030582308769226074,0.04115176200866699,0.0717340037226677
2014-05-19T00:00:00+00:00,2014-05-19T23:59:00+00:00,2014-05-19T23:59:00+00:00,NGM4@2014-05-28,0.004348874092102051,-0.032057225704193115,0.03266286849975586,0.06472013890743256
2014-05-20T00:00:00+00:00,2014-05-20T23:59:00+00:00,2014-05-20T23:59:00+00:00,NGM4@2014-05-28,0.00214540958404541,-0.03772127628326416,0.03619217872619629,0.07391342520713806
2014-05-21T00:00:00+00:00,2014-05-21T23:59:00+00:00,2014-05-21T23:59:00+00:00,NGM4@2014-05-28,0.010584712028503418,-0.027155399322509766,0.04592335224151611,0.07307878136634827
2014-05-22T00:00:00+00:00,2014-05-22T23:59:00+00:00,2014-05-22T23:59:00+00:00,NGM4@2014-05-28,0.01014089584350586,-0.030103325843811035,0.0463557243347168,0.07645901292562485
2014-05-23T00:00:00+00:00,2014-05-25T23:04:31.648000+00:00,2014-05-25T23:04:31.648000+00:00,NGM4@2014-05-28,0.007135868072509766,-0.03115171194076538,0.041661620140075684,0.07281330227851868
2014-05-27T00:00:00+00:00,2014-05-27T23:59:00+00:00,2014-05-27T23:59:00+00:00,NGM4@2014-05-28,0.0009720325469970703,-0.032772839069366455,0.03196406364440918,0.06473691761493683
2014-05-28T00:00:00+00:00,2014-05-28T23:59:00+00:00,2014-05-28T23:59:00+00:00,NGN4@2014-06-26,-0.0011252760887145996,-0.03713923692703247,0.030881166458129883,0.06802043318748474
2014-05-29T00:00:00+00:00,2014-05-29T23:59:00+00:00,2014-05-29T23:59:00+00:00,NGN4@2014-06-26,-9.590387344360352e-05,-0.030872881412506104,0.0259091854095459,0.05678200721740723
2014-05-30T00:00:00+00:00,2014-06-01T23:36:04.295000+00:00,2014-06-01T23:36:04.295000+00:00,NGN4@2014-06-26,0.001567244529724121,-0.029870271682739258,0.030139565467834473,0.060009781271219254
2014-06-02T00:00:00+00:00,2014-06-02T23:59:00+00:00,2014-06-02T23:59:00+00:00,NGN4@2014-06-26,0.0010166168212890625,-0.030320823192596436,0.024529457092285156,0.05485033616423607
2014-06-03T00:00:00+00:00,2014-06-03T23:59:00+00:00,2014-06-03T23:59:00+00:00,NGN4@2014-06-26,-0.0015688538551330566,-0.03296017646789551,0.02488112449645996,0.05784130468964577
2014-06-04T00:00:00+00:00,2014-06-04T23:59:00+00:00,2014-06-04T23:59:00+00:00,NGN4@2014-06-26,-0.001578211784362793,-0.03396254777908325,0.023141860961914062,0.057104334235191345
2014-06-05T00:00:00+00:00,2014-06-05T23:59:00+00:00,2014-06-05T23:59:00+00:00,NGN4@2014-06-26,-0.003097236156463623,-0.03553915023803711,0.021055221557617188,0.05659430846571922
2014-06-06T00:00:00+00:00,2014-06-08T23:55:37.268000+00:00,2014-06-08T23:55:37.268000+00:00,NGN4@2014-06-26,-0.0019568800926208496,-0.034185707569122314,0.0233384370803833,0.0575241781771183
2014-06-09T00:00:00+00:00,2014-06-09T23:59:00+00:00,2014-06-09T23:59:00+00:00,NGN4@2014-06-26,0.0033397674560546875,-0.02775871753692627,0.02705693244934082,0.054815638810396194
2014-06-10T00:00:00+00:00,2014-06-10T23:59:00+00:00,2014-06-10T23:59:00+00:00,NGN4@2014-06-26,0.007374286651611328,-0.02321082353591919,0.028957724571228027,0.052168507128953934
2014-06-11T00:00:00+00:00,2014-06-11T23:59:00+00:00,2014-06-11T23:59:00+00:00,NGN4@2014-06-26,0.005469202995300293,-0.022354960441589355,0.02558445930480957,0.04793937876820564
2014-06-16T00:00:00+00:00,2014-06-16T23:59:00+00:00,2014-06-16T23:59:00+00:00,NGN4@2014-06-26,-0.003542482852935791,-0.03171277046203613,0.02054286003112793,0.05225566029548645
2014-06-17T00:00:00+00:00,2014-06-17T23:59:00+00:00,2014-06-17T23:59:00+00:00,NGN4@2014-06-26,-0.00484389066696167,-0.032413363456726074,0.019860506057739258,0.052273865789175034
2014-06-18T00:00:00+00:00,2014-06-18T23:59:00+00:00,2014-06-18T23:59:00+00:00,NGN4@2014-06-26,0.0013376474380493164,-0.02499181032180786,0.024596571922302246,0.0495884045958519
2014-06-19T00:00:00+00:00,2014-06-19T23:59:00+00:00,2014-06-19T23:59:00+00:00,NGN4@2014-06-26,0.006321072578430176,-0.02093130350112915,0.03166210651397705,0.052593450993299484
2014-06-20T00:00:00+00:00,2014-06-22T23:59:37.657000+00:00,2014-06-22T23:59:37.657000+00:00,NGN4@2014-06-26,0.003948092460632324,-0.024394452571868896,0.03009510040283203,0.054489508271217346
2014-06-23T00:00:00+00:00,2014-06-23T23:59:00+00:00,2014-06-23T23:59:00+00:00,NGN4@2014-06-26,0.010188460350036621,-0.02082723379135132,0.03858327865600586,0.059410519897937775
2014-06-24T00:00:00+00:00,2014-06-24T23:59:00+00:00,2014-06-24T23:59:00+00:00,NGQ4@2014-07-29,0.000835418701171875,-0.026876330375671387,0.026506781578063965,0.05338304862380028
2014-06-25T00:00:00+00:00,2014-06-25T23:59:00+00:00,2014-06-25T23:59:00+00:00,NGQ4@2014-07-29,0.00022721290588378906,-0.026539981365203857,0.02340102195739746,0.04994099959731102
2014-06-26T00:00:00+00:00,2014-06-26T23:59:00+00:00,2014-06-26T23:59:00+00:00,NGQ4@2014-07-29,0.005205512046813965,-0.026227951049804688,0.03440749645233154,0.0606355182826519
2014-06-27T00:00:00+00:00,2014-06-29T23:59:10.004000+00:00,2014-06-29T23:59:10.004000+00:00,NGQ4@2014-07-29,0.002616286277770996,-0.030726850032806396,0.03321373462677002,0.06394062936306
2014-06-30T00:00:00+00:00,2014-06-30T23:59:00+00:00,2014-06-30T23:59:00+00:00,NGQ4@2014-07-29,0.00442957878112793,-0.02472585439682007,0.03263366222381592,0.05735952407121658
2014-07-01T00:00:00+00:00,2014-07-01T23:59:00+00:00,2014-07-01T23:59:00+00:00,NGQ4@2014-07-29,0.001894235610961914,-0.026497364044189453,0.028804540634155273,0.05530187115073204
2014-07-02T00:00:00+00:00,2014-07-02T23:59:00+00:00,2014-07-02T23:59:00+00:00,NGQ4@2014-07-29,0.0063457489013671875,-0.02456033229827881,0.03395652770996094,0.05851690471172333
2014-07-03T00:00:00+00:00,2014-07-06T23:29:00.124000+00:00,2014-07-06T23:29:00.124000+00:00,NGQ4@2014-07-29,0.001506209373474121,-0.025362074375152588,0.027561306953430176,0.052923403680324554
2014-07-07T00:00:00+00:00,2014-07-07T23:59:00+00:00,2014-07-07T23:59:00+00:00,NGQ4@2014-07-29,0.01761174201965332,-0.014337420463562012,0.049121856689453125,0.06345929950475693
2014-07-08T00:00:00+00:00,2014-07-08T23:59:00+00:00,2014-07-08T23:59:00+00:00,NGQ4@2014-07-29,0.014184713363647461,-0.019466161727905273,0.04713797569274902,0.06660418957471848
2014-07-09T00:00:00+00:00,2014-07-09T23:59:00+00:00,2014-07-09T23:59:00+00:00,NGQ4@2014-07-29,0.011220574378967285,-0.023373723030090332,0.04317176342010498,0.06654542684555054
2014-07-10T00:00:00+00:00,2014-07-10T23:59:00+00:00,2014-07-10T23:59:00+00:00,NGQ4@2014-07-29,0.00996851921081543,-0.026109814643859863,0.040189266204833984,0.06629911810159683
2014-07-11T00:00:00+00:00,2014-07-13T23:29:20.209000+00:00,2014-07-13T23:29:20.209000+00:00,NGQ4@2014-07-29,0.002517223358154297,-0.0316433310508728,0.032289862632751465,0.06393321603536606
2014-07-14T00:00:00+00:00,2014-07-14T23:59:00+00:00,2014-07-14T23:59:00+00:00,NGQ4@2014-07-29,0.0001804828643798828,-0.03352600336074829,0.028725147247314453,0.06225110962986946
2014-07-15T00:00:00+00:00,2014-07-15T23:59:00+00:00,2014-07-15T23:59:00+00:00,NGQ4@2014-07-29,-0.00038677453994750977,-0.033454954624176025,0.027669906616210938,0.06112488731741905
2014-07-16T00:00:00+00:00,2014-07-16T23:59:00+00:00,2014-07-16T23:59:00+00:00,NGQ4@2014-07-29,0.001413583755493164,-0.028906941413879395,0.028493523597717285,0.057400476187467575
2014-07-17T00:00:00+00:00,2014-07-17T23:59:00+00:00,2014-07-17T23:59:00+00:00,NGQ4@2014-07-29,0.01292574405670166,-0.023636043071746826,0.046071529388427734,0.06970764696598053
2014-07-18T00:00:00+00:00,2014-07-20T23:30:53.005000+00:00,2014-07-20T23:30:53.005000+00:00,NGQ4@2014-07-29,0.010291457176208496,-0.024610280990600586,0.04228055477142334,0.06689086556434631
2014-07-21T00:00:00+00:00,2014-07-21T23:59:00+00:00,2014-07-21T23:59:00+00:00,NGQ4@2014-07-29,0.014822125434875488,-0.022599220275878906,0.05060136318206787,0.07320057600736618
2014-07-22T00:00:00+00:00,2014-07-22T23:59:00+00:00,2014-07-22T23:59:00+00:00,NGQ4@2014-07-29,0.014801740646362305,-0.024928152561187744,0.052609801292419434,0.07753793150186539
2014-07-23T00:00:00+00:00,2014-07-23T23:59:00+00:00,2014-07-23T23:59:00+00:00,NGQ4@2014-07-29,0.0027965307235717773,-0.02825617790222168,0.03573596477508545,0.06399206817150116
2014-07-24T00:00:00+00:00,2014-07-24T23:59:00+00:00,2014-07-24T23:59:00+00:00,NGQ4@2014-07-29,0.0014674663543701172,-0.03774982690811157,0.03793680667877197,0.07568665593862534
2014-07-25T00:00:00+00:00,2014-07-27T23:46:23.311000+00:00,2014-07-27T23:46:23.311000+00:00,NGQ4@2014-07-29,0.0012797117233276367,-0.03740739822387695,0.037860989570617676,0.07526832818984985
2014-07-28T00:00:00+00:00,2014-07-28T23:59:00+00:00,2014-07-28T23:59:00+00:00,NGQ4@2014-07-29,0.006818413734436035,-0.027040421962738037,0.04147171974182129,0.06851209700107574
2014-07-29T00:00:00+00:00,2014-07-29T23:59:00+00:00,2014-07-29T23:59:00+00:00,NGU4@2014-08-27,-0.001105964183807373,-0.031593918800354004,0.027569890022277832,0.05916378274559975
2014-07-30T00:00:00+00:00,2014-07-30T23:59:00+00:00,2014-07-30T23:59:00+00:00,NGU4@2014-08-27,0.006707429885864258,-0.023587405681610107,0.03568673133850098,0.0592740960419178
2014-07-31T00:00:00+00:00,2014-07-31T23:59:00+00:00,2014-07-31T23:59:00+00:00,NGU4@2014-08-27,0.0020416975021362305,-0.03394627571105957,0.03311574459075928,0.06706203520298004
2014-08-01T00:00:00+00:00,2014-08-03T23:42:54.448000+00:00,2014-08-03T23:42:54.448000+00:00,NGU4@2014-08-27,0.006913900375366211,-0.02711784839630127,0.03740370273590088,0.06452147662639618
2014-08-04T00:00:00+00:00,2014-08-04T23:59:00+00:00,2014-08-04T23:59:00+00:00,NGU4@2014-08-27,0.007101297378540039,-0.02984064817428589,0.038803696632385254,0.06864427775144577
2014-08-05T00:00:00+00:00,2014-08-05T23:59:00+00:00,2014-08-05T23:59:00+00:00,NGU4@2014-08-27,0.0063970088958740234,-0.03553706407546997,0.042496323585510254,0.07803341746330261
2014-08-06T00:00:00+00:00,2014-08-06T23:59:00+00:00,2014-08-06T23:59:00+00:00,NGU4@2014-08-27,0.007283329963684082,-0.03408181667327881,0.04318642616271973,0.07726822793483734
2014-08-07T00:00:00+00:00,2014-08-07T23:59:00+00:00,2014-08-07T23:59:00+00:00,NGU4@2014-08-27,0.008849263191223145,-0.03012305498123169,0.04238152503967285,0.07250459492206573
2014-08-08T00:00:00+00:00,2014-08-10T23:37:23.666000+00:00,2014-08-10T23:37:23.666000+00:00,NGU4@2014-08-27,0.00597381591796875,-0.032415926456451416,0.03932631015777588,0.07174220681190491
2014-08-11T00:00:00+00:00,2014-08-11T23:59:00+00:00,2014-08-11T23:59:00+00:00,NGU4@2014-08-27,0.005413055419921875,-0.03184324502944946,0.03859841823577881,0.0704415962100029
2014-08-12T00:00:00+00:00,2014-08-12T23:59:00+00:00,2014-08-12T23:59:00+00:00,NGU4@2014-08-27,0.004443645477294922,-0.03165078163146973,0.037627339363098145,0.0692780539393425
2014-08-13T00:00:00+00:00,2014-08-13T23:59:00+00:00,2014-08-13T23:59:00+00:00,NGU4@2014-08-27,0.01875615119934082,-0.024510562419891357,0.056849122047424316,0.08135966956615448
2014-08-14T00:00:00+00:00,2014-08-14T23:59:00+00:00,2014-08-14T23:59:00+00:00,NGU4@2014-08-27,0.0020674467086791992,-0.03754836320877075,0.03567767143249512,0.07322600483894348
2014-08-15T00:00:00+00:00,2014-08-17T23:07:04.650000+00:00,2014-08-17T23:07:04.650000+00:00,NGU4@2014-08-27,0.01517796516418457,-0.02871650457382202,0.05400872230529785,0.08272524923086166
2014-08-18T00:00:00+00:00,2014-08-18T23:59:00+00:00,2014-08-18T23:59:00+00:00,NGU4@2014-08-27,0.004140496253967285,-0.03726273775100708,0.04146122932434082,0.07872390002012253
2014-08-19T00:00:00+00:00,2014-08-19T23:59:00+00:00,2014-08-19T23:59:00+00:00,NGU4@2014-08-27,0.0047528743743896484,-0.039453983306884766,0.042050957679748535,0.08150489628314972
2014-08-20T00:00:00+00:00,2014-08-20T23:59:00+00:00,2014-08-20T23:59:00+00:00,NGU4@2014-08-27,0.0036240816116333008,-0.03328222036361694,0.03749716281890869,0.07077938318252563
2014-08-21T00:00:00+00:00,2014-08-21T23:59:00+00:00,2014-08-21T23:59:00+00:00,NGU4@2014-08-27,3.5643577575683594e-05,-0.03825664520263672,0.03356575965881348,0.07182236015796661
2014-08-22T00:00:00+00:00,2014-08-24T18:03:26.120000+00:00,2014-08-24T18:03:26.120000+00:00,NGU4@2014-08-27,0.006191730499267578,-0.035552978515625,0.04063522815704346,0.07618827372789383
2014-08-25T00:00:00+00:00,2014-08-25T23:59:00+00:00,2014-08-25T23:59:00+00:00,NGU4@2014-08-27,-0.002064824104309082,-0.04351532459259033,0.03098618984222412,0.07450153678655624
2014-08-26T00:00:00+00:00,2014-08-26T23:59:00+00:00,2014-08-26T23:59:00+00:00,NGV4@2014-09-26,0.006569385528564453,-0.03257477283477783,0.037635087966918945,0.07020989805459976
2014-08-27T00:00:00+00:00,2014-08-27T23:59:00+00:00,2014-08-27T23:59:00+00:00,NGV4@2014-09-26,0.00302886962890625,-0.034013211727142334,0.032578468322753906,0.06659168750047684
2014-08-28T00:00:00+00:00,2014-08-28T23:59:00+00:00,2014-08-28T23:59:00+00:00,NGV4@2014-09-26,0.0024667978286743164,-0.0341678261756897,0.03216731548309326,0.06633513420820236
2014-08-29T00:00:00+00:00,2014-08-31T23:40:32.552000+00:00,2014-08-31T23:40:32.552000+00:00,NGV4@2014-09-26,0.001112222671508789,-0.0319669246673584,0.02767765522003174,0.059644587337970734
2014-09-02T00:00:00+00:00,2014-09-03T22:59:58.811000+00:00,2014-09-03T22:59:58.811000+00:00,NGV4@2014-09-26,0.013263344764709473,-0.018809199333190918,0.041727542877197266,0.06053680554032326
2014-09-03T00:00:00+00:00,2014-09-03T23:59:00+00:00,2014-09-03T23:59:00+00:00,NGV4@2014-09-26,0.0056226253509521484,-0.02662605047225952,0.03539168834686279,0.062017712742090225
2014-09-04T00:00:00+00:00,2014-09-04T23:59:00+00:00,2014-09-04T23:59:00+00:00,NGV4@2014-09-26,0.005131125450134277,-0.031038105487823486,0.03545880317687988,0.06649687141180038
2014-09-08T00:00:00+00:00,2014-09-08T23:59:00+00:00,2014-09-08T23:59:00+00:00,NGV4@2014-09-26,0.0006262063980102539,-0.037391722202301025,0.03181600570678711,0.06920769810676575
2014-09-09T00:00:00+00:00,2014-09-09T23:59:00+00:00,2014-09-09T23:59:00+00:00,NGV4@2014-09-26,-0.006889998912811279,-0.04418057203292847,0.022503137588500977,0.06668365746736526
2014-09-10T00:00:00+00:00,2014-09-10T23:59:00+00:00,2014-09-10T23:59:00+00:00,NGV4@2014-09-26,-0.003000497817993164,-0.03913247585296631,0.024842500686645508,0.06397493183612823
2014-09-11T00:00:00+00:00,2014-09-11T23:59:00+00:00,2014-09-11T23:59:00+00:00,NGV4@2014-09-26,0.0016852617263793945,-0.03444266319274902,0.029905080795288086,0.06434769928455353
2014-09-12T00:00:00+00:00,2014-09-14T23:26:40.728000+00:00,2014-09-14T23:26:40.728000+00:00,NGV4@2014-09-26,0.0026706457138061523,-0.03228050470352173,0.028954744338989258,0.06123530864715576
2014-09-15T00:00:00+00:00,2014-09-15T23:59:00+00:00,2014-09-15T23:59:00+00:00,NGV4@2014-09-26,0.0010693073272705078,-0.03316009044647217,0.026477932929992676,0.05963800102472305
2014-09-16T00:00:00+00:00,2014-09-16T23:59:00+00:00,2014-09-16T23:59:00+00:00,NGV4@2014-09-26,-0.0050504207611083984,-0.036684274673461914,0.018417954444885254,0.05510226637125015
2014-09-17T00:00:00+00:00,2014-09-17T23:59:00+00:00,2014-09-17T23:59:00+00:00,NGV4@2014-09-26,-0.0034662485122680664,-0.035578906536102295,0.020494937896728516,0.0560738742351532
2014-09-18T00:00:00+00:00,2014-09-18T23:59:00+00:00,2014-09-18T23:59:00+00:00,NGV4@2014-09-26,0.0009747743606567383,-0.03217363357543945,0.02552652359008789,0.05770022049546242
2014-09-29T00:00:00+00:00,2014-09-29T23:59:00+00:00,2014-09-29T23:59:00+00:00,NGX4@2014-10-29,-0.0016129016876220703,-0.03212094306945801,0.02311718463897705,0.05523815378546715
2014-09-30T00:00:00+00:00,2014-09-30T23:59:00+00:00,2014-09-30T23:59:00+00:00,NGX4@2014-10-29,-0.0016176104545593262,-0.03362053632736206,0.02254784107208252,0.05616843327879906
2014-10-01T00:00:00+00:00,2014-10-01T23:59:00+00:00,2014-10-01T23:59:00+00:00,NGX4@2014-10-29,0.0037755966186523438,-0.02989828586578369,0.029758572578430176,0.05965679883956909
2014-10-02T00:00:00+00:00,2014-10-02T23:59:00+00:00,2014-10-02T23:59:00+00:00,NGX4@2014-10-29,0.006850004196166992,-0.029129862785339355,0.034937500953674316,0.06406735628843307
2014-10-03T00:00:00+00:00,2014-10-05T22:43:09.919000+00:00,2014-10-05T22:43:09.919000+00:00,NGX4@2014-10-29,0.0027712583541870117,-0.03144335746765137,0.029829978942871094,0.06127333641052246
2014-10-06T00:00:00+00:00,2014-10-06T23:59:00+00:00,2014-10-06T23:59:00+00:00,NGX4@2014-10-29,0.006284236907958984,-0.03247016668319702,0.03542971611022949,0.06789993494749069
2014-10-07T00:00:00+00:00,2014-10-07T23:59:00+00:00,2014-10-07T23:59:00+00:00,NGX4@2014-10-29,0.0003459453582763672,-0.03741663694381714,0.03000473976135254,0.06742142140865326
2014-10-08T00:00:00+00:00,2014-10-08T23:59:00+00:00,2014-10-08T23:59:00+00:00,NGX4@2014-10-29,0.005072474479675293,-0.03321021795272827,0.03474569320678711,0.06795591115951538
2014-10-09T00:00:00+00:00,2014-10-09T23:59:00+00:00,2014-10-09T23:59:00+00:00,NGX4@2014-10-29,0.0008578300476074219,-0.03670531511306763,0.030724287033081055,0.0674295499920845
2014-10-10T00:00:00+00:00,2014-10-12T23:58:11.082000+00:00,2014-10-12T23:58:11.082000+00:00,NGX4@2014-10-29,0.005554795265197754,-0.02928107976913452,0.033674001693725586,0.0629551112651825
2014-10-13T00:00:00+00:00,2014-10-13T23:59:00+00:00,2014-10-13T23:59:00+00:00,NGX4@2014-10-29,0.0011420249938964844,-0.03695946931838989,0.03144633769989014,0.06840573996305466
2014-10-14T00:00:00+00:00,2014-10-15T23:15:17.665000+00:00,2014-10-15T23:15:17.665000+00:00,NGX4@2014-10-29,0.0044487714767456055,-0.02971518039703369,0.03230845928192139,0.06202356889843941
2014-10-15T00:00:00+00:00,2014-10-15T23:59:00+00:00,2014-10-15T23:59:00+00:00,NGX4@2014-10-29,0.004920840263366699,-0.029761672019958496,0.032034993171691895,0.06179671734571457
2014-10-16T00:00:00+00:00,2014-10-16T23:59:00+00:00,2014-10-16T23:59:00+00:00,NGX4@2014-10-29,0.006046295166015625,-0.026802659034729004,0.03083956241607666,0.05764221400022507
2014-10-17T00:00:00+00:00,2014-10-19T23:01:22.061000+00:00,2014-10-19T23:01:22.061000+00:00,NGX4@2014-10-29,0.004695773124694824,-0.031861186027526855,0.03355109691619873,0.06541221588850021
2014-10-20T00:00:00+00:00,2014-10-21T22:23:57.124000+00:00,2014-10-21T22:23:57.124000+00:00,NGX4@2014-10-29,0.008819818496704102,-0.030772686004638672,0.04072165489196777,0.07149439305067062
2014-10-21T00:00:00+00:00,2014-10-21T23:59:00+00:00,2014-10-21T23:59:00+00:00,NGX4@2014-10-29,0.0020259618759155273,-0.033789217472076416,0.03161180019378662,0.06540095806121826
2014-10-22T00:00:00+00:00,2014-10-22T23:59:00+00:00,2014-10-22T23:59:00+00:00,NGX4@2014-10-29,0.003922700881958008,-0.03258812427520752,0.034828901290893555,0.06741701066493988
2014-10-23T00:00:00+00:00,2014-10-23T23:59:00+00:00,2014-10-23T23:59:00+00:00,NGX4@2014-10-29,0.004854440689086914,-0.02844768762588501,0.03426706790924072,0.06271481513977051
2014-10-24T00:00:00+00:00,2014-10-26T23:59:24.860000+00:00,2014-10-26T23:59:24.860000+00:00,NGX4@2014-10-29,0.002660393714904785,-0.02938312292098999,0.030475616455078125,0.059858791530132294
2014-10-27T00:00:00+00:00,2014-10-27T23:59:00+00:00,2014-10-27T23:59:00+00:00,NGX4@2014-10-29,0.0020836591720581055,-0.02696782350540161,0.028339505195617676,0.055307283997535706
2014-10-28T00:00:00+00:00,2014-10-28T23:59:00+00:00,2014-10-28T23:59:00+00:00,NGZ4@2014-11-25,-0.003585636615753174,-0.03175663948059082,0.02160322666168213,0.05335988104343414
2014-10-29T00:00:00+00:00,2014-10-29T23:59:00+00:00,2014-10-29T23:59:00+00:00,NGZ4@2014-11-25,-0.00173872709274292,-0.034002482891082764,0.025339484214782715,0.059341929852962494
2014-10-30T00:00:00+00:00,2014-10-30T23:59:00+00:00,2014-10-30T23:59:00+00:00,NGZ4@2014-11-25,-0.002428412437438965,-0.03292149305343628,0.022128939628601074,0.05505045875906944
2014-10-31T00:00:00+00:00,2014-11-02T23:59:24.393000+00:00,2014-11-02T23:59:24.393000+00:00,NGZ4@2014-11-25,0.0033255815505981445,-0.028776705265045166,0.026419878005981445,0.05519651994109154
2014-11-03T00:00:00+00:00,2014-11-04T23:53:45.798000+00:00,2014-11-04T23:53:45.798000+00:00,NGZ4@2014-11-25,0.006977438926696777,-0.025845468044281006,0.03197610378265381,0.05782163143157959
2014-11-04T00:00:00+00:00,2014-11-05T23:54:51.086000+00:00,2014-11-05T23:54:51.086000+00:00,NGZ4@2014-11-25,0.009251713752746582,-0.02363342046737671,0.034766197204589844,0.05839955806732178
2014-11-05T00:00:00+00:00,2014-11-06T23:50:11.627000+00:00,2014-11-06T23:50:11.627000+00:00,NGZ4@2014-11-25,0.011434435844421387,-0.019942939281463623,0.0385594367980957,0.058502376079559326
2014-11-06T00:00:00+00:00,2014-11-06T23:59:59.682000+00:00,2014-11-06T23:59:59.682000+00:00,NGZ4@2014-11-25,0.010239005088806152,-0.025104105472564697,0.04511451721191406,0.07021860778331757
2014-11-07T00:00:00+00:00,2014-11-09T23:53:31.685000+00:00,2014-11-09T23:53:31.685000+00:00,NGZ4@2014-11-25,0.009831070899963379,-0.024971365928649902,0.0406569242477417,0.06562833487987518
2014-11-10T00:00:00+00:00,2014-11-11T23:37:04.709000+00:00,2014-11-11T23:37:04.709000+00:00,NGZ4@2014-11-25,0.0018810033798217773,-0.033182501792907715,0.030721545219421387,0.06390402466058731
2014-11-11T00:00:00+00:00,2014-11-12T23:49:08.234000+00:00,2014-11-12T23:49:08.234000+00:00,NGZ4@2014-11-25,0.0057413578033447266,-0.0275534987449646,0.03208637237548828,0.05963989719748497
2014-11-12T00:00:00+00:00,2014-11-13T23:25:22.526000+00:00,2014-11-13T23:25:22.526000+00:00,NGZ4@2014-11-25,0.003510117530822754,-0.03109067678451538,0.028441786766052246,0.0595325231552124
2014-11-13T00:00:00+00:00,2014-11-13T23:59:00+00:00,2014-11-13T23:59:00+00:00,NGZ4@2014-11-25,0.0016961097717285156,-0.033855319023132324,0.030545473098754883,0.06440076977014542
2014-11-14T00:00:00+00:00,2014-11-16T23:44:08.137000+00:00,2014-11-16T23:44:08.137000+00:00,NGZ4@2014-11-25,-0.00011092424392700195,-0.03537404537200928,0.029996871948242188,0.06537087261676788
2014-11-17T00:00:00+00:00,2014-11-17T23:59:00+00:00,2014-11-17T23:59:00+00:00,NGZ4@2014-11-25,-0.0033992528915405273,-0.05285084247589111,0.03952205181121826,0.0923728346824646
2014-11-18T00:00:00+00:00,2014-11-18T23:59:00+00:00,2014-11-18T23:59:00+00:00,NGZ4@2014-11-25,-0.0037487149238586426,-0.045890986919403076,0.03379392623901367,0.07968495041131973
2014-11-19T00:00:00+00:00,2014-11-19T23:59:00+00:00,2014-11-19T23:59:00+00:00,NGZ4@2014-11-25,-0.0008075833320617676,-0.0452880859375,0.031308650970458984,0.07659667730331421
2014-11-20T00:00:00+00:00,2014-11-20T23:59:00+00:00,2014-11-20T23:59:00+00:00,NGZ4@2014-11-25,-0.007279574871063232,-0.04765641689300537,0.03028559684753418,0.07794200628995895
2014-11-21T00:00:00+00:00,2014-11-23T23:34:17.225000+00:00,2014-11-23T23:34:17.225000+00:00,NGZ4@2014-11-25,0.0016232728958129883,-0.04047214984893799,0.04123032093048096,0.08170246332883835
2014-11-24T00:00:00+00:00,2014-11-25T23:59:59.137000+00:00,2014-11-25T23:59:59.137000+00:00,NGZ4@2014-11-25,-0.005285859107971191,-0.04467809200286865,0.03779721260070801,0.08247525244951248
2014-11-26T00:00:00+00:00,2014-11-26T23:59:00+00:00,2014-11-26T23:59:00+00:00,NGF5@2014-12-29,-0.0021169185638427734,-0.04141181707382202,0.03804028034210205,0.07945212721824646
2014-11-28T00:00:00+00:00,2014-11-30T23:48:48.921000+00:00,2014-11-30T23:48:48.921000+00:00,NGF5@2014-12-29,0.006339073181152344,-0.050730228424072266,0.058174729347229004,0.10890492051839828
2014-12-01T00:00:00+00:00,2014-12-02T23:31:13.155000+00:00,2014-12-02T23:31:13.155000+00:00,NGF5@2014-12-29,0.004369854927062988,-0.04773890972137451,0.057099103927612305,0.10483801364898682
2014-12-02T00:00:00+00:00,2014-12-03T23:38:59.429000+00:00,2014-12-03T23:38:59.429000+00:00,NGF5@2014-12-29,0.003901243209838867,-0.04445308446884155,0.060321688652038574,0.10477481037378311
2014-12-03T00:00:00+00:00,2014-12-03T23:59:00+00:00,2014-12-03T23:59:00+00:00,NGF5@2014-12-29,0.007158756256103516,-0.03553098440170288,0.06433665752410889,0.09986761957406998
2014-12-04T00:00:00+00:00,2014-12-05T00:25:14.493000+00:00,2014-12-05T00:25:14.493000+00:00,NGF5@2014-12-29,0.005850315093994141,-0.05065077543258667,0.06406152248382568,0.11471226811408997
2014-12-05T00:00:00+00:00,2014-12-07T23:58:47.667000+00:00,2014-12-07T23:58:47.667000+00:00,NGF5@2014-12-29,0.023404598236083984,-0.04073512554168701,0.09465146064758301,0.13538657128810883
2014-12-08T00:00:00+00:00,2014-12-09T23:49:54.546000+00:00,2014-12-09T23:49:54.546000+00:00,NGF5@2014-12-29,-0.0009839534759521484,-0.05593234300613403,0.06496274471282959,0.12089506536722183
2014-12-09T00:00:00+00:00,2014-12-09T23:59:00+00:00,2014-12-09T23:59:00+00:00,NGF5@2014-12-29,-0.0005958080291748047,-0.03701096773147583,0.05279183387756348,0.08980278670787811
2014-12-10T00:00:00+00:00,2014-12-10T23:59:00+00:00,2014-12-10T23:59:00+00:00,NGF5@2014-12-29,0.0051277875900268555,-0.03111797571182251,0.051349759101867676,0.08246780186891556
2014-12-11T00:00:00+00:00,2014-12-11T23:59:00+00:00,2014-12-11T23:59:00+00:00,NGF5@2014-12-29,0.0025218725204467773,-0.031209290027618408,0.04614591598510742,0.07735521346330643
2014-12-12T00:00:00+00:00,2014-12-14T23:55:14.222000+00:00,2014-12-14T23:55:14.222000+00:00,NGF5@2014-12-29,-0.011880278587341309,-0.05275911092758179,0.03713679313659668,0.08989586681127548
2014-12-15T00:00:00+00:00,2014-12-15T23:59:00+00:00,2014-12-15T23:59:00+00:00,NGF5@2014-12-29,0.0023555755615234375,-0.024901509284973145,0.045827388763427734,0.07072889804840088
2014-12-16T00:00:00+00:00,2014-12-16T23:59:00+00:00,2014-12-16T23:59:00+00:00,NGF5@2014-12-29,0.007971525192260742,-0.017570197582244873,0.04806828498840332,0.06563849747180939
2014-12-17T00:00:00+00:00,2014-12-17T23:59:00+00:00,2014-12-17T23:59:00+00:00,NGF5@2014-12-29,-0.008305013179779053,-0.03606617450714111,0.035744547843933105,0.07181068509817123
2014-12-18T00:00:00+00:00,2014-12-19T00:06:10.343000+00:00,2014-12-19T00:06:10.343000+00:00,NGF5@2014-12-29,0.0017864704132080078,-0.02589559555053711,0.04400777816772461,0.06990338861942291
2014-12-19T00:00:00+00:00,2014-12-21T23:54:42.963000+00:00,2014-12-21T23:54:42.963000+00:00,NGF5@2014-12-29,0.014263510704040527,-0.025249361991882324,0.06100344657897949,0.08625287562608719
2014-12-22T00:00:00+00:00,2014-12-23T23:22:52.304000+00:00,2014-12-23T23:22:52.304000+00:00,NGF5@2014-12-29,0.028390169143676758,-0.011482536792755127,0.07918012142181396,0.09066260606050491
2014-12-23T00:00:00+00:00,2014-12-23T23:59:00+00:00,2014-12-23T23:59:00+00:00,NGF5@2014-12-29,0.015174031257629395,-0.02391296625137329,0.05489456653594971,0.0788075253367424
2014-12-24T00:00:00+00:00,2014-12-24T23:59:00+00:00,2014-12-24T23:59:00+00:00,NGF5@2014-12-29,0.018778681755065918,-0.0036337971687316895,0.051242947578430176,0.054876718670129776
2014-12-26T00:00:00+00:00,2014-12-28T23:56:23.903000+00:00,2014-12-28T23:56:23.903000+00:00,NGF5@2014-12-29,0.015796780586242676,0.007444620132446289,0.042697906494140625,0.03525328263640404
2014-12-29T00:00:00+00:00,2014-12-30T23:18:12.270000+00:00,2014-12-30T23:18:12.270000+00:00,NGG5@2015-01-28,0.012872099876403809,-0.018612205982208252,0.0490342378616333,0.06764641404151917
2014-12-30T00:00:00+00:00,2014-12-30T23:59:00+00:00,2014-12-30T23:59:00+00:00,NGG5@2015-01-28,0.018404841423034668,-0.0008120536804199219,0.0536879301071167,0.05449998751282692
2014-12-31T00:00:00+00:00,2015-01-01T23:52:58.552000+00:00,2015-01-01T23:52:58.552000+00:00,NGG5@2015-01-28,0.027418851852416992,0.0048836469650268555,0.06753301620483398,0.06264936923980713
2015-01-02T00:00:00+00:00,2015-01-04T23:15:18.413000+00:00,2015-01-04T23:15:18.413000+00:00,NGG5@2015-01-28,0.010810256004333496,-0.012143552303314209,0.047922730445861816,0.060066238045692444
2015-01-05T00:00:00+00:00,2015-01-06T23:35:07.427000+00:00,2015-01-06T23:35:07.427000+00:00,NGG5@2015-01-28,0.012346863746643066,-0.013376772403717041,0.04597198963165283,0.059348687529563904
2015-01-06T00:00:00+00:00,2015-01-06T23:59:00+00:00,2015-01-06T23:59:00+00:00,NGG5@2015-01-28,0.003612518310546875,-0.025759756565093994,0.03584122657775879,0.06160101667046547
2015-01-07T00:00:00+00:00,2015-01-08T23:51:02.927000+00:00,2015-01-08T23:51:02.927000+00:00,NGG5@2015-01-28,0.008513092994689941,-0.03258395195007324,0.048866987228393555,0.08145096153020859
2015-01-08T00:00:00+00:00,2015-01-09T00:04:18.796000+00:00,2015-01-09T00:04:18.796000+00:00,NGG5@2015-01-28,0.006020545959472656,-0.03152298927307129,0.04228866100311279,0.07381168752908707
2015-01-09T00:00:00+00:00,2015-01-11T23:53:23.694000+00:00,2015-01-11T23:53:23.694000+00:00,NGG5@2015-01-28,0.009183526039123535,-0.02988988161087036,0.03986191749572754,0.06975175440311432
2015-01-12T00:00:00+00:00,2015-01-12T23:59:00+00:00,2015-01-12T23:59:00+00:00,NGG5@2015-01-28,0.014801383018493652,-0.02347487211227417,0.05835616588592529,0.08183105289936066
2015-01-13T00:00:00+00:00,2015-01-13T23:59:00+00:00,2015-01-13T23:59:00+00:00,NGG5@2015-01-28,0.00221407413482666,-0.03625380992889404,0.052358150482177734,0.08861199021339417
2015-01-14T00:00:00+00:00,2015-01-14T23:59:00+00:00,2015-01-14T23:59:00+00:00,NGG5@2015-01-28,-0.016289174556732178,-0.09530282020568848,0.07608425617218018,0.17138704657554626
2015-01-15T00:00:00+00:00,2015-01-15T23:59:00+00:00,2015-01-15T23:59:00+00:00,NGG5@2015-01-28,0.0024033784866333008,-0.06646949052810669,0.08097624778747559,0.14744573831558228
2015-01-16T00:00:00+00:00,2015-01-18T23:51:28.323000+00:00,2015-01-18T23:51:28.323000+00:00,NGG5@2015-01-28,0.001318812370300293,-0.05666631460189819,0.07716166973114014,0.13382792472839355
2015-01-20T00:00:00+00:00,2015-01-20T23:59:00+00:00,2015-01-20T23:59:00+00:00,NGG5@2015-01-28,0.02602708339691162,-0.03469264507293701,0.10329306125640869,0.1379857361316681
2015-01-21T00:00:00+00:00,2015-01-21T23:59:00+00:00,2015-01-21T23:59:00+00:00,NGG5@2015-01-28,0.00424039363861084,-0.050841331481933594,0.08334887027740479,0.13419021666049957
2015-01-22T00:00:00+00:00,2015-01-22T23:59:00+00:00,2015-01-22T23:59:00+00:00,NGG5@2015-01-28,0.013708353042602539,-0.04141050577163696,0.07790696620941162,0.1193174347281456
2015-01-23T00:00:00+00:00,2015-01-25T23:56:34.344000+00:00,2015-01-25T23:56:34.344000+00:00,NGG5@2015-01-28,-0.008310019969940186,-0.0630151629447937,0.06777083873748779,0.1307860016822815
2015-01-26T00:00:00+00:00,2015-01-27T23:23:16.568000+00:00,2015-01-27T23:23:16.568000+00:00,NGG5@2015-01-28,0.006655693054199219,-0.046321332454681396,0.07095897197723389,0.11728034168481827
2015-01-27T00:00:00+00:00,2015-01-28T00:00:22.394000+00:00,2015-01-28T00:00:22.394000+00:00,NGG5@2015-01-28,-0.0009475350379943848,-0.053050339221954346,0.06682395935058594,0.11987423896789551
2015-01-28T00:00:00+00:00,2015-01-28T23:59:00+00:00,2015-01-28T23:59:00+00:00,NGH5@2015-02-25,0.010496735572814941,-0.04204326868057251,0.08059656620025635,0.12263984978199005
2015-01-29T00:00:00+00:00,2015-01-30T00:00:56.872000+00:00,2015-01-30T00:00:56.872000+00:00,NGH5@2015-02-25,0.019090890884399414,-0.027465224266052246,0.09030282497406006,0.11776807904243469
2015-01-30T00:00:00+00:00,2015-02-01T23:15:08.851000+00:00,2015-02-01T23:15:08.851000+00:00,NGH5@2015-02-25,0.009583592414855957,-0.06005072593688965,0.08568871021270752,0.14573949575424194
2015-02-02T00:00:00+00:00,2015-02-03T23:49:30.175000+00:00,2015-02-03T23:49:30.175000+00:00,NGH5@2015-02-25,0.012359261512756348,-0.04359757900238037,0.07111215591430664,0.1147097572684288
2015-02-03T00:00:00+00:00,2015-02-04T22:45:09.454000+00:00,2015-02-04T22:45:09.454000+00:00,NGH5@2015-02-25,-0.003838479518890381,-0.04451441764831543,0.04294776916503906,0.08746213465929031
2015-02-04T00:00:00+00:00,2015-02-05T22:46:07.916000+00:00,2015-02-05T22:46:07.916000+00:00,NGH5@2015-02-25,0.010122418403625488,-0.054288506507873535,0.08345389366149902,0.13774244487285614
2015-02-05T00:00:00+00:00,2015-02-05T23:59:00+00:00,2015-02-05T23:59:00+00:00,NGH5@2015-02-25,0.011763215065002441,-0.04792302846908569,0.08012020587921143,0.1280432492494583
2015-02-06T00:00:00+00:00,2015-02-08T23:50:53.620000+00:00,2015-02-08T23:50:53.620000+00:00,NGH5@2015-02-25,0.0076934099197387695,-0.03276515007019043,0.06742119789123535,0.10018637031316757
2015-02-09T00:00:00+00:00,2015-02-10T23:28:36.550000+00:00,2015-02-10T23:28:36.550000+00:00,NGH5@2015-02-25,-0.00337982177734375,-0.05220264196395874,0.04731631278991699,0.09951896965503693
2015-02-10T00:00:00+00:00,2015-02-10T23:59:00+00:00,2015-02-10T23:59:00+00:00,NGH5@2015-02-25,-0.010360538959503174,-0.051261067390441895,0.04190647602081299,0.0931675136089325
2015-02-11T00:00:00+00:00,2015-02-12T22:45:58.557000+00:00,2015-02-12T22:45:58.557000+00:00,NGH5@2015-02-25,-0.018942296504974365,-0.06011897325515747,0.041283607482910156,0.10140257328748703
2015-02-12T00:00:00+00:00,2015-02-12T23:59:00+00:00,2015-02-12T23:59:00+00:00,NGH5@2015-02-25,0.003931999206542969,-0.053595662117004395,0.07001292705535889,0.12360864877700806
2015-02-13T00:00:00+00:00,2015-02-15T23:27:38.397000+00:00,2015-02-15T23:27:38.397000+00:00,NGH5@2015-02-25,-0.0009409189224243164,-0.056989192962646484,0.06538903713226318,0.12237820029258728
2015-02-17T00:00:00+00:00,2015-02-17T23:59:00+00:00,2015-02-17T23:59:00+00:00,NGH5@2015-02-25,0.0047054290771484375,-0.048280298709869385,0.07163345813751221,0.1199137419462204
2015-02-18T00:00:00+00:00,2015-02-18T23:59:00+00:00,2015-02-18T23:59:00+00:00,NGH5@2015-02-25,-0.005341887474060059,-0.06682395935058594,0.053376197814941406,0.12020018696784973
2015-02-19T00:00:00+00:00,2015-02-19T23:59:00+00:00,2015-02-19T23:59:00+00:00,NGH5@2015-02-25,0.0035709142684936523,-0.056459784507751465,0.060329437255859375,0.11678925901651382
2015-02-20T00:00:00+00:00,2015-02-22T23:48:09.855000+00:00,2015-02-22T23:48:09.855000+00:00,NGH5@2015-02-25,-0.008615970611572266,-0.06211322546005249,0.03851592540740967,0.10062920302152634
2015-02-23T00:00:00+00:00,2015-02-23T23:59:00+00:00,2015-02-23T23:59:00+00:00,NGH5@2015-02-25,0.0017991065979003906,-0.05389910936355591,0.0454404354095459,0.099339559674263
2015-02-24T00:00:00+00:00,2015-02-25T23:12:30.897000+00:00,2015-02-25T23:12:30.897000+00:00,NGJ5@2015-03-27,-0.0035668015480041504,-0.044094741344451904,0.023334383964538574,0.06742913275957108
2015-02-25T00:00:00+00:00,2015-02-25T23:59:00+00:00,2015-02-25T23:59:00+00:00,NGJ5@2015-03-27,-0.0036995410919189453,-0.0557636022567749,0.03196156024932861,0.0877252072095871
2015-02-26T00:00:00+00:00,2015-02-26T23:59:00+00:00,2015-02-26T23:59:00+00:00,NGJ5@2015-03-27,0.013906240463256836,-0.042488694190979004,0.05972635746002197,0.10221508890390396
2015-02-27T00:00:00+00:00,2015-03-01T23:56:02.192000+00:00,2015-03-01T23:56:02.192000+00:00,NGJ5@2015-03-27,-0.005724847316741943,-0.06361031532287598,0.04101073741912842,0.10462110489606857
2015-03-02T00:00:00+00:00,2015-03-03T23:31:26.064000+00:00,2015-03-03T23:31:26.064000+00:00,NGJ5@2015-03-27,-0.006363332271575928,-0.06825971603393555,0.04314553737640381,0.11140528321266174
2015-03-03T00:00:00+00:00,2015-03-03T23:59:00+00:00,2015-03-03T23:59:00+00:00,NGJ5@2015-03-27,-0.004363417625427246,-0.06810140609741211,0.04242360591888428,0.11052503436803818
2015-03-04T00:00:00+00:00,2015-03-04T23:59:22.260000+00:00,2015-03-04T23:59:22.260000+00:00,NGJ5@2015-03-27,-0.0035400390625,-0.06093114614486694,0.04159724712371826,0.10252834111452103
2015-03-05T00:00:00+00:00,2015-03-06T00:32:39.662000+00:00,2015-03-06T00:32:39.662000+00:00,NGJ5@2015-03-27,-0.0018076300621032715,-0.058716773986816406,0.03789567947387695,0.09661247581243515
2015-03-06T00:00:00+00:00,2015-03-08T23:48:27.827000+00:00,2015-03-08T23:48:27.827000+00:00,NGJ5@2015-03-27,0.0020853281021118164,-0.0627545714378357,0.041893601417541504,0.10464820265769958
2015-03-09T00:00:00+00:00,2015-03-10T23:28:42.893000+00:00,2015-03-10T23:28:42.893000+00:00,NGJ5@2015-03-27,0.008920431137084961,-0.06263464689254761,0.0610659122467041,0.12370060384273529
2015-03-10T00:00:00+00:00,2015-03-10T23:59:00+00:00,2015-03-10T23:59:00+00:00,NGJ5@2015-03-27,-0.0031996965408325195,-0.06636428833007812,0.037248849868774414,0.10361311584711075
2015-03-11T00:00:00+00:00,2015-03-11T23:59:00+00:00,2015-03-11T23:59:00+00:00,NGJ5@2015-03-27,-0.018732070922851562,-0.07878434658050537,0.027500152587890625,0.10628454387187958
2015-03-12T00:00:00+00:00,2015-03-12T23:59:00+00:00,2015-03-12T23:59:00+00:00,NGJ5@2015-03-27,-0.0009015202522277832,-0.05020385980606079,0.036788105964660645,0.08699191361665726
2015-03-13T00:00:00+00:00,2015-03-15T22:49:08.910000+00:00,2015-03-15T22:49:08.910000+00:00,NGJ5@2015-03-27,-0.003112316131591797,-0.05005866289138794,0.028794050216674805,0.07885263860225677
2015-03-16T00:00:00+00:00,2015-03-16T23:59:00+00:00,2015-03-16T23:59:00+00:00,NGJ5@2015-03-27,-0.002581775188446045,-0.0481913685798645,0.026308178901672363,0.07449956983327866
2015-03-17T00:00:00+00:00,2015-03-17T23:59:00+00:00,2015-03-17T23:59:00+00:00,NGJ5@2015-03-27,-0.013335585594177246,-0.05970120429992676,0.01159358024597168,0.07129475474357605
2015-03-18T00:00:00+00:00,2015-03-18T23:59:00+00:00,2015-03-18T23:59:00+00:00,NGJ5@2015-03-27,-0.011074483394622803,-0.062244713306427,0.02006208896636963,0.08230682462453842
2015-03-19T00:00:00+00:00,2015-03-19T23:59:00+00:00,2015-03-19T23:59:00+00:00,NGJ5@2015-03-27,-0.003262758255004883,-0.05800539255142212,0.03514504432678223,0.09315047413110733
2015-03-20T00:00:00+00:00,2015-03-22T22:31:44.975000+00:00,2015-03-22T22:31:44.975000+00:00,NGJ5@2015-03-27,-0.0005956292152404785,-0.04880112409591675,0.03299152851104736,0.08179263025522232
2015-03-23T00:00:00+00:00,2015-03-23T23:59:00+00:00,2015-03-23T23:59:00+00:00,NGJ5@2015-03-27,0.005745649337768555,-0.03823065757751465,0.04462409019470215,0.08285468816757202
2015-03-24T00:00:00+00:00,2015-03-24T23:59:00+00:00,2015-03-24T23:59:00+00:00,NGJ5@2015-03-27,-0.005794525146484375,-0.0630233883857727,0.0385211706161499,0.1015445739030838
2015-03-25T00:00:00+00:00,2015-03-25T23:59:00+00:00,2015-03-25T23:59:00+00:00,NGK5@2015-04-28,0.0034836530685424805,-0.04228699207305908,0.04454159736633301,0.0868285670876503
2015-03-26T00:00:00+00:00,2015-03-26T23:59:00+00:00,2015-03-26T23:59:00+00:00,NGK5@2015-04-28,0.0098799467086792,-0.03701716661453247,0.048964500427246094,0.08598165214061737
2015-03-27T00:00:00+00:00,2015-03-29T23:30:31.334000+00:00,2015-03-29T23:30:31.334000+00:00,NGK5@2015-04-28,0.01555168628692627,-0.029712438583374023,0.05615377426147461,0.08586619794368744
2015-03-30T00:00:00+00:00,2015-03-30T23:59:00+00:00,2015-03-30T23:59:00+00:00,NGK5@2015-04-28,0.012366294860839844,-0.03187286853790283,0.0564117431640625,0.08828457444906235
2015-03-31T00:00:00+00:00,2015-04-01T22:28:58.138000+00:00,2015-04-01T22:28:58.138000+00:00,NGK5@2015-04-28,0.011943817138671875,-0.036932408809661865,0.0555340051651001,0.09246639907360077
2015-04-01T00:00:00+00:00,2015-04-02T00:08:48.373000+00:00,2015-04-02T00:08:48.373000+00:00,NGK5@2015-04-28,0.012818574905395508,-0.04639405012130737,0.0592876672744751,0.10568175464868546
2015-04-02T00:00:00+00:00,2015-04-02T23:59:00+00:00,2015-04-02T23:59:00+00:00,NGK5@2015-04-28,-0.0041051506996154785,-0.05998963117599487,0.04480886459350586,0.10479845106601715
2015-04-06T00:00:00+00:00,2015-04-06T23:59:00+00:00,2015-04-06T23:59:00+00:00,NGK5@2015-04-28,0.010869264602661133,-0.03732079267501831,0.05265665054321289,0.0899774581193924
2015-04-07T00:00:00+00:00,2015-04-07T23:59:00+00:00,2015-04-07T23:59:00+00:00,NGK5@2015-04-28,0.006252408027648926,-0.04665791988372803,0.052210211753845215,0.09886808693408966
2015-04-08T00:00:00+00:00,2015-04-08T23:59:00+00:00,2015-04-08T23:59:00+00:00,NGK5@2015-04-28,0.01703464984893799,-0.0420992374420166,0.06412780284881592,0.1062270849943161
2015-04-09T00:00:00+00:00,2015-04-09T23:59:00+00:00,2015-04-09T23:59:00+00:00,NGK5@2015-04-28,0.019382119178771973,-0.046279072761535645,0.06427991390228271,0.11055897176265717
2015-04-10T00:00:00+00:00,2015-04-12T23:06:14.152000+00:00,2015-04-12T23:06:14.152000+00:00,NGK5@2015-04-28,0.008037805557250977,-0.06798017024993896,0.06469082832336426,0.13267096877098083
2015-04-13T00:00:00+00:00,2015-04-13T23:59:00+00:00,2015-04-13T23:59:00+00:00,NGK5@2015-04-28,0.011300921440124512,-0.04836755990982056,0.05907559394836426,0.10744313150644302
2015-04-14T00:00:00+00:00,2015-04-14T23:59:00+00:00,2015-04-14T23:59:00+00:00,NGK5@2015-04-28,0.005068540573120117,-0.055318474769592285,0.04945480823516846,0.10477328300476074
2015-04-15T00:00:00+00:00,2015-04-15T23:59:00+00:00,2015-04-15T23:59:00+00:00,NGK5@2015-04-28,0.0009481906890869141,-0.060811638832092285,0.04819440841674805,0.10900598019361496
2015-04-16T00:00:00+00:00,2015-04-16T23:59:00+00:00,2015-04-16T23:59:00+00:00,NGK5@2015-04-28,-0.0023584961891174316,-0.06516927480697632,0.04651749134063721,0.11168675869703293
2015-04-17T00:00:00+00:00,2015-04-19T23:49:49.681000+00:00,2015-04-19T23:49:49.681000+00:00,NGK5@2015-04-28,0.004802823066711426,-0.06336557865142822,0.055852293968200684,0.1192178875207901
2015-04-20T00:00:00+00:00,2015-04-20T23:59:00+00:00,2015-04-20T23:59:00+00:00,NGK5@2015-04-28,0.011654257774353027,-0.06056773662567139,0.0665745735168457,0.12714235484600067
2015-04-21T00:00:00+00:00,2015-04-21T23:59:00+00:00,2015-04-21T23:59:00+00:00,NGK5@2015-04-28,0.006776213645935059,-0.05513089895248413,0.06117570400238037,0.1163065955042839
2015-04-22T00:00:00+00:00,2015-04-22T23:59:00+00:00,2015-04-22T23:59:00+00:00,NGK5@2015-04-28,0.0034227371215820312,-0.06275928020477295,0.05708420276641846,0.119843490421772
2015-04-23T00:00:00+00:00,2015-04-23T23:59:00+00:00,2015-04-23T23:59:00+00:00,NGK5@2015-04-28,0.008479952812194824,-0.05448615550994873,0.06110382080078125,0.11558996886014938
2015-04-24T00:00:00+00:00,2015-04-26T23:52:48.225000+00:00,2015-04-26T23:52:48.225000+00:00,NGK5@2015-04-28,0.0031610727310180664,-0.05903059244155884,0.0588611364364624,0.11789172887802124
2015-04-27T00:00:00+00:00,2015-04-27T23:59:00+00:00,2015-04-27T23:59:00+00:00,NGK5@2015-04-28,0.004521727561950684,-0.054440319538116455,0.054590702056884766,0.10903102159500122
2015-04-28T00:00:00+00:00,2015-04-28T23:59:00+00:00,2015-04-28T23:59:00+00:00,NGM5@2015-05-27,0.002457737922668457,-0.04790240526199341,0.04359579086303711,0.0914982333779335
2015-04-29T00:00:00+00:00,2015-04-29T23:59:00+00:00,2015-04-29T23:59:00+00:00,NGM5@2015-05-27,-0.0030222535133361816,-0.05847841501235962,0.04269111156463623,0.10116953402757645
2015-04-30T00:00:00+00:00,2015-04-30T23:59:00+00:00,2015-04-30T23:59:00+00:00,NGM5@2015-05-27,-0.018726587295532227,-0.08800798654556274,0.043496131896972656,0.13150419294834137
2015-05-01T00:00:00+00:00,2015-05-03T23:59:44.158000+00:00,2015-05-03T23:59:44.158000+00:00,NGM5@2015-05-27,-0.005508720874786377,-0.07021719217300415,0.04342961311340332,0.11364682018756866
2015-05-04T00:00:00+00:00,2015-05-04T23:59:00+00:00,2015-05-04T23:59:00+00:00,NGM5@2015-05-27,-0.0012932419776916504,-0.06007200479507446,0.04451262950897217,0.10458461940288544
2015-05-05T00:00:00+00:00,2015-05-05T23:59:00+00:00,2015-05-05T23:59:00+00:00,NGM5@2015-05-27,-0.004919588565826416,-0.06348049640655518,0.03934955596923828,0.10283002257347107
2015-05-06T00:00:00+00:00,2015-05-06T23:59:00+00:00,2015-05-06T23:59:00+00:00,NGM5@2015-05-27,-0.005610764026641846,-0.05561119318008423,0.038863301277160645,0.09447456151247025
2015-05-07T00:00:00+00:00,2015-05-07T23:59:00+00:00,2015-05-07T23:59:00+00:00,NGM5@2015-05-27,0.00014150142669677734,-0.04110217094421387,0.03801548480987549,0.07911764830350876
2015-05-08T00:00:00+00:00,2015-05-10T23:57:46.425000+00:00,2015-05-10T23:57:46.425000+00:00,NGM5@2015-05-27,-0.007673442363739014,-0.050120532512664795,0.04070091247558594,0.09082141518592834
2015-05-11T00:00:00+00:00,2015-05-11T23:59:00+00:00,2015-05-11T23:59:00+00:00,NGM5@2015-05-27,0.0045653581619262695,-0.04685509204864502,0.051073551177978516,0.09792868793010712
2015-05-12T00:00:00+00:00,2015-05-12T23:59:00+00:00,2015-05-12T23:59:00+00:00,NGM5@2015-05-27,-0.00899738073348999,-0.054018497467041016,0.037430644035339355,0.09144911915063858
2015-05-13T00:00:00+00:00,2015-05-13T23:59:00+00:00,2015-05-13T23:59:00+00:00,NGM5@2015-05-27,-0.005595862865447998,-0.04287749528884888,0.04189491271972656,0.08477238565683365
2015-05-14T00:00:00+00:00,2015-05-14T23:59:00+00:00,2015-05-14T23:59:00+00:00,NGM5@2015-05-27,-0.00764012336730957,-0.045902132987976074,0.04301595687866211,0.08891808241605759
2015-05-15T00:00:00+00:00,2015-05-17T23:28:45.704000+00:00,2015-05-17T23:28:45.704000+00:00,NGM5@2015-05-27,0.0015485286712646484,-0.03407853841781616,0.04617965221405029,0.08025820553302765
2015-05-18T00:00:00+00:00,2015-05-18T23:59:00+00:00,2015-05-18T23:59:00+00:00,NGM5@2015-05-27,0.0030553340911865234,-0.030524790287017822,0.042906999588012695,0.07343181222677231
2015-05-19T00:00:00+00:00,2015-05-19T23:59:00+00:00,2015-05-19T23:59:00+00:00,NGM5@2015-05-27,0.00514376163482666,-0.026446282863616943,0.045131683349609375,0.07157798111438751
2015-05-20T00:00:00+00:00,2015-05-20T23:59:00+00:00,2015-05-20T23:59:00+00:00,NGM5@2015-05-27,0.005581974983215332,-0.022491037845611572,0.049126505851745605,0.0716175064444542
2015-05-21T00:00:00+00:00,2015-05-21T23:59:00+00:00,2015-05-21T23:59:00+00:00,NGM5@2015-05-27,0.002850651741027832,-0.02632814645767212,0.04692268371582031,0.07325085997581482
2015-05-22T00:00:00+00:00,2015-05-24T23:57:41.930000+00:00,2015-05-24T23:57:41.930000+00:00,NGM5@2015-05-27,0.004892110824584961,-0.023817062377929688,0.053560495376586914,0.07737760245800018
2015-05-26T00:00:00+00:00,2015-05-26T23:59:00+00:00,2015-05-26T23:59:00+00:00,NGM5@2015-05-27,0.0035698413848876953,-0.02758634090423584,0.04619789123535156,0.07378429919481277
2015-05-27T00:00:00+00:00,2015-05-27T23:59:00+00:00,2015-05-27T23:59:00+00:00,NGN5@2015-06-26,0.0017237663269042969,-0.030597209930419922,0.04701340198516846,0.07761064916849136
2015-05-28T00:00:00+00:00,2015-05-28T23:59:00+00:00,2015-05-28T23:59:00+00:00,NGN5@2015-06-26,0.007576465606689453,-0.03977078199386597,0.05977153778076172,0.09954230487346649
2015-05-29T00:00:00+00:00,2015-05-31T22:43:00.053000+00:00,2015-05-31T22:43:00.053000+00:00,NGN5@2015-06-26,0.0025637149810791016,-0.045836448669433594,0.04908323287963867,0.09491974115371704
2015-06-01T00:00:00+00:00,2015-06-01T23:59:00+00:00,2015-06-01T23:59:00+00:00,NGN5@2015-06-26,-0.002325594425201416,-0.047579824924468994,0.039551734924316406,0.08713159710168839
2015-06-02T00:00:00+00:00,2015-06-02T23:59:00+00:00,2015-06-02T23:59:00+00:00,NGN5@2015-06-26,-0.00018346309661865234,-0.043103039264678955,0.03751635551452637,0.08061941713094711
2015-06-03T00:00:00+00:00,2015-06-03T23:59:00+00:00,2015-06-03T23:59:00+00:00,NGN5@2015-06-26,-0.0021216869354248047,-0.050956666469573975,0.0394061803817749,0.09036280959844589
2015-06-04T00:00:00+00:00,2015-06-04T23:59:00+00:00,2015-06-04T23:59:00+00:00,NGN5@2015-06-26,-0.003001391887664795,-0.04677826166152954,0.035283684730529785,0.08206193149089813
2015-06-05T00:00:00+00:00,2015-06-07T23:38:48.009000+00:00,2015-06-07T23:38:48.009000+00:00,NGN5@2015-06-26,-0.0033833980560302734,-0.04275858402252197,0.03562331199645996,0.07838190346956253
2015-06-08T00:00:00+00:00,2015-06-08T23:59:00+00:00,2015-06-08T23:59:00+00:00,NGN5@2015-06-26,-0.007049143314361572,-0.04540175199508667,0.03336739540100098,0.07876918464899063
2015-06-09T00:00:00+00:00,2015-06-09T23:59:00+00:00,2015-06-09T23:59:00+00:00,NGN5@2015-06-26,-0.0064237117767333984,-0.054187119007110596,0.04155302047729492,0.09574013948440552
2015-06-10T00:00:00+00:00,2015-06-10T23:59:00+00:00,2015-06-10T23:59:00+00:00,NGN5@2015-06-26,-0.006621360778808594,-0.05038410425186157,0.03952765464782715,0.08991175889968872
2015-06-11T00:00:00+00:00,2015-06-11T23:59:00+00:00,2015-06-11T23:59:00+00:00,NGN5@2015-06-26,-0.003121793270111084,-0.046352386474609375,0.037658095359802246,0.08401043713092804
2015-06-12T00:00:00+00:00,2015-06-14T23:44:16.265000+00:00,2015-06-14T23:44:16.265000+00:00,NGN5@2015-06-26,-0.00021785497665405273,-0.04032379388809204,0.04043018817901611,0.08075401932001114
2015-06-15T00:00:00+00:00,2015-06-15T23:59:00+00:00,2015-06-15T23:59:00+00:00,NGN5@2015-06-26,-0.0041773319244384766,-0.04640573263168335,0.039110422134399414,0.08551610261201859
2015-06-16T00:00:00+00:00,2015-06-16T23:59:00+00:00,2015-06-16T23:59:00+00:00,NGN5@2015-06-26,-0.007568836212158203,-0.04239058494567871,0.0312885046005249,0.07367908209562302
2015-06-17T00:00:00+00:00,2015-06-17T23:59:00+00:00,2015-06-17T23:59:00+00:00,NGN5@2015-06-26,-0.0070536136627197266,-0.03646117448806763,0.030335307121276855,0.06679653376340866
2015-06-18T00:00:00+00:00,2015-06-18T23:59:00+00:00,2015-06-18T23:59:00+00:00,NGN5@2015-06-26,-0.001325845718383789,-0.02757662534713745,0.03544628620147705,0.06302286684513092
2015-06-19T00:00:00+00:00,2015-06-21T23:35:36.260000+00:00,2015-06-21T23:35:36.260000+00:00,NGN5@2015-06-26,-0.000649571418762207,-0.029166817665100098,0.03860628604888916,0.06777310371398926
2015-06-22T00:00:00+00:00,2015-06-22T23:59:00+00:00,2015-06-22T23:59:00+00:00,NGN5@2015-06-26,0.001529097557067871,-0.028786778450012207,0.041141629219055176,0.06992843747138977
2015-06-23T00:00:00+00:00,2015-06-23T23:59:00+00:00,2015-06-23T23:59:00+00:00,NGN5@2015-06-26,0.0037528276443481445,-0.03014516830444336,0.04354369640350342,0.07368891686201096
2015-06-24T00:00:00+00:00,2015-06-24T23:59:00+00:00,2015-06-24T23:59:00+00:00,NGQ5@2015-07-29,0.0038181543350219727,-0.03130608797073364,0.04154765605926514,0.07285375893115997
2015-06-25T00:00:00+00:00,2015-06-25T23:59:00+00:00,2015-06-25T23:59:00+00:00,NGQ5@2015-07-29,-0.0037789344787597656,-0.03939199447631836,0.0350341796875,0.07442611455917358
2015-06-26T00:00:00+00:00,2015-06-28T23:50:38.142000+00:00,2015-06-28T23:50:38.142000+00:00,NGQ5@2015-07-29,0.0011867284774780273,-0.030897319316864014,0.03892171382904053,0.06981903314590454
2015-06-29T00:00:00+00:00,2015-06-29T23:59:00+00:00,2015-06-29T23:59:00+00:00,NGQ5@2015-07-29,0.004462480545043945,-0.028377950191497803,0.03902578353881836,0.06740369647741318
2015-06-30T00:00:00+00:00,2015-07-01T22:10:09.887000+00:00,2015-07-01T22:10:09.887000+00:00,NGQ5@2015-07-29,0.001628875732421875,-0.03169810771942139,0.03491699695587158,0.06661508977413177
2015-07-01T00:00:00+00:00,2015-07-01T23:59:00+00:00,2015-07-01T23:59:00+00:00,NGQ5@2015-07-29,-0.0006364583969116211,-0.03632897138595581,0.03440093994140625,0.07072996348142624
2015-07-02T00:00:00+00:00,2015-07-02T23:59:00+00:00,2015-07-02T23:59:00+00:00,NGQ5@2015-07-29,0.0009821653366088867,-0.035151124000549316,0.03392660617828369,0.06907768547534943
2015-07-03T00:00:00+00:00,2015-07-05T23:16:49.011000+00:00,2015-07-05T23:16:49.011000+00:00,NGQ5@2015-07-29,0.001412034034729004,-0.030775606632232666,0.03023242950439453,0.0610080361366272
2015-07-06T00:00:00+00:00,2015-07-06T23:59:00+00:00,2015-07-06T23:59:00+00:00,NGQ5@2015-07-29,0.00409388542175293,-0.031903982162475586,0.03946280479431152,0.07136674225330353
2015-07-07T00:00:00+00:00,2015-07-07T23:59:00+00:00,2015-07-07T23:59:00+00:00,NGQ5@2015-07-29,0.0108414888381958,-0.024404048919677734,0.04529738426208496,0.06970144063234329
2015-07-08T00:00:00+00:00,2015-07-08T23:59:00+00:00,2015-07-08T23:59:00+00:00,NGQ5@2015-07-29,0.009016275405883789,-0.025023281574249268,0.04367232322692871,0.06869563460350037
2015-07-09T00:00:00+00:00,2015-07-09T23:59:00+00:00,2015-07-09T23:59:00+00:00,NGQ5@2015-07-29,0.0035469532012939453,-0.030061304569244385,0.039313435554504395,0.06937473267316818
2015-07-10T00:00:00+00:00,2015-07-12T23:04:21.837000+00:00,2015-07-12T23:04:21.837000+00:00,NGQ5@2015-07-29,0.0005095005035400391,-0.03200739622116089,0.03542900085449219,0.06743639707565308
2015-07-13T00:00:00+00:00,2015-07-13T23:59:00+00:00,2015-07-13T23:59:00+00:00,NGQ5@2015-07-29,0.0011588335037231445,-0.0353548526763916,0.036145687103271484,0.07150059938430786
2015-07-14T00:00:00+00:00,2015-07-14T23:59:00+00:00,2015-07-14T23:59:00+00:00,NGQ5@2015-07-29,0.0016115903854370117,-0.033330321311950684,0.03553271293640137,0.06886301189661026
2015-07-15T00:00:00+00:00,2015-07-15T23:59:00+00:00,2015-07-15T23:59:00+00:00,NGQ5@2015-07-29,-0.0020669102668762207,-0.03742581605911255,0.03261232376098633,0.07003811001777649
2015-07-16T00:00:00+00:00,2015-07-16T23:59:00+00:00,2015-07-16T23:59:00+00:00,NGQ5@2015-07-29,-0.0017259716987609863,-0.036679208278656006,0.031752824783325195,0.06843198090791702
2015-07-17T00:00:00+00:00,2015-07-19T23:47:07.427000+00:00,2015-07-19T23:47:07.427000+00:00,NGQ5@2015-07-29,-0.002864539623260498,-0.03553217649459839,0.029054641723632812,0.06458676606416702
2015-07-20T00:00:00+00:00,2015-07-20T23:59:00+00:00,2015-07-20T23:59:00+00:00,NGQ5@2015-07-29,0.00034546852111816406,-0.03164398670196533,0.03209340572357178,0.06373731791973114
2015-07-21T00:00:00+00:00,2015-07-21T23:59:00+00:00,2015-07-21T23:59:00+00:00,NGQ5@2015-07-29,-0.004344642162322998,-0.035246431827545166,0.02587306499481201,0.061119455844163895
2015-07-22T00:00:00+00:00,2015-07-22T23:59:00+00:00,2015-07-22T23:59:00+00:00,NGQ5@2015-07-29,-0.005493581295013428,-0.036737263202667236,0.025313854217529297,0.06205112859606743
2015-07-23T00:00:00+00:00,2015-07-23T23:59:00+00:00,2015-07-23T23:59:00+00:00,NGQ5@2015-07-29,-0.0004911422729492188,-0.034825682640075684,0.03304576873779297,0.06787148863077164
2015-07-24T00:00:00+00:00,2015-07-26T22:37:37.681000+00:00,2015-07-26T22:37:37.681000+00:00,NGQ5@2015-07-29,0.0006434917449951172,-0.03393065929412842,0.03357970714569092,0.06751032918691635
2015-07-27T00:00:00+00:00,2015-07-27T23:59:00+00:00,2015-07-27T23:59:00+00:00,NGQ5@2015-07-29,0.0042847394943237305,-0.02872401475906372,0.0362401008605957,0.06496414542198181
2015-07-28T00:00:00+00:00,2015-07-28T23:59:00+00:00,2015-07-28T23:59:00+00:00,NGU5@2015-08-27,0.000538945198059082,-0.028563737869262695,0.029265999794006348,0.05782971531152725
2015-07-29T00:00:00+00:00,2015-07-29T23:59:00+00:00,2015-07-29T23:59:00+00:00,NGU5@2015-08-27,-0.0032269954681396484,-0.032231807708740234,0.025056958198547363,0.057288721203804016
2015-07-30T00:00:00+00:00,2015-07-30T23:59:00+00:00,2015-07-30T23:59:00+00:00,NGU5@2015-08-27,0.0033222436904907227,-0.029601573944091797,0.03640544414520264,0.06600698083639145
2015-07-31T00:00:00+00:00,2015-08-02T23:32:11.985000+00:00,2015-08-02T23:32:11.985000+00:00,NGU5@2015-08-27,0.005472660064697266,-0.030270755290985107,0.041040658950805664,0.07131138443946838
2015-08-03T00:00:00+00:00,2015-08-03T23:59:00+00:00,2015-08-03T23:59:00+00:00,NGU5@2015-08-27,0.0066754817962646484,-0.02493762969970703,0.03866279125213623,0.06360041350126266
2015-08-04T00:00:00+00:00,2015-08-04T23:59:00+00:00,2015-08-04T23:59:00+00:00,NGU5@2015-08-27,0.000514984130859375,-0.03077465295791626,0.03138720989227295,0.0621618777513504
2015-08-05T00:00:00+00:00,2015-08-05T23:59:00+00:00,2015-08-05T23:59:00+00:00,NGU5@2015-08-27,4.887580871582031e-06,-0.031015455722808838,0.030416131019592285,0.06143155321478844
2015-08-06T00:00:00+00:00,2015-08-06T23:59:00+00:00,2015-08-06T23:59:00+00:00,NGU5@2015-08-27,-0.0012189745903015137,-0.030582666397094727,0.02801072597503662,0.058593422174453735
2015-08-07T00:00:00+00:00,2015-08-09T23:54:07.210000+00:00,2015-08-09T23:54:07.210000+00:00,NGU5@2015-08-27,-0.0008127093315124512,-0.029952526092529297,0.028469443321228027,0.05842200666666031
2015-08-10T00:00:00+00:00,2015-08-10T23:59:00+00:00,2015-08-10T23:59:00+00:00,NGU5@2015-08-27,-0.0025066733360290527,-0.03139054775238037,0.027404308319091797,0.05879484489560127
2015-08-11T00:00:00+00:00,2015-08-11T23:59:00+00:00,2015-08-11T23:59:00+00:00,NGU5@2015-08-27,0.0013190507888793945,-0.02820497751235962,0.030994176864624023,0.059199146926403046
2015-08-12T00:00:00+00:00,2015-08-12T23:59:00+00:00,2015-08-12T23:59:00+00:00,NGU5@2015-08-27,-0.002323150634765625,-0.03550189733505249,0.030565619468688965,0.06606748700141907
2015-08-13T00:00:00+00:00,2015-08-13T23:59:00+00:00,2015-08-13T23:59:00+00:00,NGU5@2015-08-27,0.0053882598876953125,-0.02623993158340454,0.037658095359802246,0.06389797478914261
2015-08-14T00:00:00+00:00,2015-08-16T23:38:18.571000+00:00,2015-08-16T23:38:18.571000+00:00,NGU5@2015-08-27,0.006252646446228027,-0.023192644119262695,0.03621971607208252,0.059412356466054916
2015-08-17T00:00:00+00:00,2015-08-17T23:59:00+00:00,2015-08-17T23:59:00+00:00,NGU5@2015-08-27,0.016068339347839355,-0.014810264110565186,0.04813945293426514,0.0629497617483139
2015-08-18T00:00:00+00:00,2015-08-18T23:59:00+00:00,2015-08-18T23:59:00+00:00,NGU5@2015-08-27,0.004967093467712402,-0.02694392204284668,0.03814888000488281,0.0650927722454071
2015-08-19T00:00:00+00:00,2015-08-19T23:59:00+00:00,2015-08-19T23:59:00+00:00,NGU5@2015-08-27,0.010465025901794434,-0.021652281284332275,0.04354429244995117,0.06519659608602524
2015-08-20T00:00:00+00:00,2015-08-20T23:59:00+00:00,2015-08-20T23:59:00+00:00,NGU5@2015-08-27,0.007177948951721191,-0.022745907306671143,0.03645801544189453,0.059203874319791794
2015-08-21T00:00:00+00:00,2015-08-23T23:40:18.150000+00:00,2015-08-23T23:40:18.150000+00:00,NGU5@2015-08-27,0.008507013320922852,-0.02256309986114502,0.04159986972808838,0.06416292488574982
2015-08-24T00:00:00+00:00,2015-08-24T23:59:00+00:00,2015-08-24T23:59:00+00:00,NGU5@2015-08-27,0.0063211917877197266,-0.026255309581756592,0.04062962532043457,0.06688486784696579
2015-08-25T00:00:00+00:00,2015-08-25T23:59:00+00:00,2015-08-25T23:59:00+00:00,NGV5@2015-09-28,0.015021800994873047,-0.016725599765777588,0.048273682594299316,0.06499927490949631
2015-08-26T00:00:00+00:00,2015-08-26T23:59:00+00:00,2015-08-26T23:59:00+00:00,NGV5@2015-09-28,0.006398439407348633,-0.022299587726593018,0.03664815425872803,0.05894777923822403
2015-08-27T00:00:00+00:00,2015-08-27T23:59:00+00:00,2015-08-27T23:59:00+00:00,NGV5@2015-09-28,0.002752065658569336,-0.02848750352859497,0.0351337194442749,0.06362124532461166
2015-08-28T00:00:00+00:00,2015-08-30T23:34:17.211000+00:00,2015-08-30T23:34:17.211000+00:00,NGV5@2015-09-28,0.006604194641113281,-0.024829506874084473,0.03918004035949707,0.06400954723358154
2015-08-31T00:00:00+00:00,2015-08-31T23:59:00+00:00,2015-08-31T23:59:00+00:00,NGV5@2015-09-28,0.009807229042053223,-0.021830439567565918,0.04191577434539795,0.06374616175889969
2015-09-01T00:00:00+00:00,2015-09-01T23:59:00+00:00,2015-09-01T23:59:00+00:00,NGV5@2015-09-28,0.007929801940917969,-0.023583829402923584,0.03904294967651367,0.06262679398059845
2015-09-02T00:00:00+00:00,2015-09-02T23:59:00+00:00,2015-09-02T23:59:00+00:00,NGV5@2015-09-28,0.014297246932983398,-0.019917428493499756,0.04791605472564697,0.06783350557088852
2015-09-03T00:00:00+00:00,2015-09-03T23:59:00+00:00,2015-09-03T23:59:00+00:00,NGV5@2015-09-28,0.006323337554931641,-0.02557981014251709,0.037545084953308105,0.06312493234872818
2015-09-04T00:00:00+00:00,2015-09-06T23:58:05.529000+00:00,2015-09-06T23:58:05.529000+00:00,NGV5@2015-09-28,0.015352725982666016,-0.01948314905166626,0.04953122138977051,0.06901431828737259
2015-09-08T00:00:00+00:00,2015-09-08T23:59:00+00:00,2015-09-08T23:59:00+00:00,NGV5@2015-09-28,0.004754424095153809,-0.02841860055923462,0.03745436668395996,0.06587293744087219
2015-09-09T00:00:00+00:00,2015-09-09T23:59:00+00:00,2015-09-09T23:59:00+00:00,NGV5@2015-09-28,0.016441941261291504,-0.01885896921157837,0.0511927604675293,0.07005180418491364
2015-09-10T00:00:00+00:00,2015-09-10T23:59:00+00:00,2015-09-10T23:59:00+00:00,NGV5@2015-09-28,0.008393287658691406,-0.024135708808898926,0.04220175743103027,0.06633750349283218
2015-09-11T00:00:00+00:00,2015-09-13T23:43:04.247000+00:00,2015-09-13T23:43:04.247000+00:00,NGV5@2015-09-28,0.009973883628845215,-0.022546887397766113,0.043790340423583984,0.06633719801902771
2015-09-14T00:00:00+00:00,2015-09-15T22:34:13.987000+00:00,2015-09-15T22:34:13.987000+00:00,NGV5@2015-09-28,-0.0007942914962768555,-0.032145559787750244,0.03098893165588379,0.06313441693782806
2015-09-15T00:00:00+00:00,2015-09-15T23:59:00+00:00,2015-09-15T23:59:00+00:00,NGV5@2015-09-28,0.006981492042541504,-0.022918879985809326,0.03872811794281006,0.06164693459868431
2015-09-16T00:00:00+00:00,2015-09-16T23:59:00+00:00,2015-09-16T23:59:00+00:00,NGV5@2015-09-28,0.009988665580749512,-0.021258413791656494,0.04307138919830322,0.06432981044054031
2015-09-17T00:00:00+00:00,2015-09-17T23:59:00+00:00,2015-09-17T23:59:00+00:00,NGV5@2015-09-28,0.011515021324157715,-0.0180855393409729,0.04365432262420654,0.06173989549279213
2015-09-18T00:00:00+00:00,2015-09-20T23:56:51.870000+00:00,2015-09-20T23:56:51.870000+00:00,NGV5@2015-09-28,0.010704994201660156,-0.020135223865509033,0.044588446617126465,0.06472373008728027
2015-09-21T00:00:00+00:00,2015-09-21T23:59:00+00:00,2015-09-21T23:59:00+00:00,NGV5@2015-09-28,0.009897112846374512,-0.02153724431991577,0.042893052101135254,0.06443028151988983
2015-09-22T00:00:00+00:00,2015-09-22T23:59:00+00:00,2015-09-22T23:59:00+00:00,NGV5@2015-09-28,0.007903218269348145,-0.019479334354400635,0.03859567642211914,0.05807504802942276
2015-09-23T00:00:00+00:00,2015-09-23T23:59:00+00:00,2015-09-23T23:59:00+00:00,NGV5@2015-09-28,0.007114887237548828,-0.02094399929046631,0.03814804553985596,0.05909198522567749
2015-09-24T00:00:00+00:00,2015-09-24T23:59:00+00:00,2015-09-24T23:59:00+00:00,NGV5@2015-09-28,0.0034941434860229492,-0.02480262517929077,0.033007144927978516,0.0578097403049469
2015-09-25T00:00:00+00:00,2015-09-27T23:39:17.844000+00:00,2015-09-27T23:39:17.844000+00:00,NGV5@2015-09-28,0.008522391319274902,-0.020015180110931396,0.038693785667419434,0.05870899558067322
2015-09-28T00:00:00+00:00,2015-09-28T23:59:00+00:00,2015-09-28T23:59:00+00:00,NGX5@2015-10-28,0.0011872053146362305,-0.025897324085235596,0.02708733081817627,0.05298473313450813
2015-09-29T00:00:00+00:00,2015-09-29T23:59:00+00:00,2015-09-29T23:59:00+00:00,NGX5@2015-10-28,0.013637900352478027,-0.018376410007476807,0.04266393184661865,0.06104031950235367
2015-09-30T00:00:00+00:00,2015-09-30T23:59:00+00:00,2015-09-30T23:59:00+00:00,NGX5@2015-10-28,-0.002047240734100342,-0.04066574573516846,0.030596494674682617,0.07126221805810928
2015-10-01T00:00:00+00:00,2015-10-01T23:59:00+00:00,2015-10-01T23:59:00+00:00,NGX5@2015-10-28,0.005971431732177734,-0.034445345401763916,0.041090965270996094,0.07553635537624359
2015-10-02T00:00:00+00:00,2015-10-04T23:09:19.107000+00:00,2015-10-04T23:09:19.107000+00:00,NGX5@2015-10-28,-0.0011293292045593262,-0.0405614972114563,0.03284311294555664,0.07340461760759354
2015-10-05T00:00:00+00:00,2015-10-05T23:59:00+00:00,2015-10-05T23:59:00+00:00,NGX5@2015-10-28,0.004555344581604004,-0.03419309854507446,0.03767526149749756,0.0718684121966362
2015-10-06T00:00:00+00:00,2015-10-06T23:59:00+00:00,2015-10-06T23:59:00+00:00,NGX5@2015-10-28,-0.0050945281982421875,-0.04361581802368164,0.027448654174804688,0.07106447219848633
2015-10-07T00:00:00+00:00,2015-10-07T23:59:00+00:00,2015-10-07T23:59:00+00:00,NGX5@2015-10-28,0.003014206886291504,-0.03436005115509033,0.03538715839385986,0.06974716484546661
2015-10-08T00:00:00+00:00,2015-10-08T23:59:00+00:00,2015-10-08T23:59:00+00:00,NGX5@2015-10-28,-0.001438438892364502,-0.03719395399093628,0.028876423835754395,0.06607039272785187
2015-10-09T00:00:00+00:00,2015-10-11T22:16:31.319000+00:00,2015-10-11T22:16:31.319000+00:00,NGX5@2015-10-28,0.0022821426391601562,-0.03381979465484619,0.03288066387176514,0.06670050323009491
2015-10-12T00:00:00+00:00,2015-10-12T23:59:00+00:00,2015-10-12T23:59:00+00:00,NGX5@2015-10-28,-0.0014130473136901855,-0.037477731704711914,0.028847932815551758,0.06632569432258606
2015-10-13T00:00:00+00:00,2015-10-13T23:59:00+00:00,2015-10-13T23:59:00+00:00,NGX5@2015-10-28,0.004861116409301758,-0.03281509876251221,0.03670907020568848,0.06952421367168427
2015-10-14T00:00:00+00:00,2015-10-14T23:59:00+00:00,2015-10-14T23:59:00+00:00,NGX5@2015-10-28,-0.00040400028228759766,-0.03590095043182373,0.029008150100708008,0.06490903347730637
2015-10-15T00:00:00+00:00,2015-10-15T23:59:01.290000+00:00,2015-10-15T23:59:01.290000+00:00,NGX5@2015-10-28,0.009104371070861816,-0.028086721897125244,0.04082202911376953,0.06890879571437836
2015-10-16T00:00:00+00:00,2015-10-18T22:40:15.369000+00:00,2015-10-18T22:40:15.369000+00:00,NGX5@2015-10-28,-0.0005716085433959961,-0.038323402404785156,0.03061544895172119,0.06893887370824814
2015-10-19T00:00:00+00:00,2015-10-19T23:59:00+00:00,2015-10-19T23:59:00+00:00,NGX5@2015-10-28,0.0063980817794799805,-0.027723610401153564,0.035195112228393555,0.06291868537664413
2015-10-20T00:00:00+00:00,2015-10-20T23:59:00+00:00,2015-10-20T23:59:00+00:00,NGX5@2015-10-28,0.002898573875427246,-0.03570520877838135,0.03515958786010742,0.07086481899023056
2015-10-21T00:00:00+00:00,2015-10-21T23:59:00+00:00,2015-10-21T23:59:00+00:00,NGX5@2015-10-28,0.003777146339416504,-0.03360927104949951,0.035277485847473145,0.06888680160045624
2015-10-22T00:00:00+00:00,2015-10-22T23:59:00+00:00,2015-10-22T23:59:00+00:00,NGX5@2015-10-28,-0.003442108631134033,-0.03954082727432251,0.027361512184143066,0.066902294754982
2015-10-23T00:00:00+00:00,2015-10-25T23:09:02.330000+00:00,2015-10-25T23:09:02.330000+00:00,NGX5@2015-10-28,0.011203408241271973,-0.026997089385986328,0.04659438133239746,0.073591448366642
2015-10-26T00:00:00+00:00,2015-10-26T23:59:00+00:00,2015-10-26T23:59:00+00:00,NGX5@2015-10-28,-0.01117318868637085,-0.05902200937271118,0.04056203365325928,0.09958404302597046
2015-10-27T00:00:00+00:00,2015-10-27T23:59:00+00:00,2015-10-27T23:59:00+00:00,NGZ5@2015-11-25,0.005497574806213379,-0.027178704738616943,0.039310574531555176,0.06648929417133331
2015-10-28T00:00:00+00:00,2015-10-28T23:59:00+00:00,2015-10-28T23:59:00+00:00,NGZ5@2015-11-25,-0.006302297115325928,-0.032067060470581055,0.02367699146270752,0.05574408918619156
2015-10-29T00:00:00+00:00,2015-10-29T23:59:00+00:00,2015-10-29T23:59:00+00:00,NGZ5@2015-11-25,-0.004883289337158203,-0.03556114435195923,0.03213083744049072,0.06769196689128876
2015-10-30T00:00:00+00:00,2015-11-01T23:56:46.264000+00:00,2015-11-01T23:56:46.264000+00:00,NGZ5@2015-11-25,0.011731863021850586,-0.01725316047668457,0.04310750961303711,0.06036067754030228
2015-11-02T00:00:00+00:00,2015-11-03T23:49:26.430000+00:00,2015-11-03T23:49:26.430000+00:00,NGZ5@2015-11-25,0.008521318435668945,-0.030392110347747803,0.04751312732696533,0.07790527492761612
2015-11-03T00:00:00+00:00,2015-11-04T23:30:19.642000+00:00,2015-11-04T23:30:19.642000+00:00,NGZ5@2015-11-25,0.00438690185546875,-0.027251899242401123,0.039288878440856934,0.06654079258441925
2015-11-04T00:00:00+00:00,2015-11-05T23:49:31.586000+00:00,2015-11-05T23:49:31.586000+00:00,NGZ5@2015-11-25,0.011121749877929688,-0.020847737789154053,0.04684257507324219,0.06769032031297684
2015-11-05T00:00:00+00:00,2015-11-05T23:59:38.480000+00:00,2015-11-05T23:59:38.480000+00:00,NGZ5@2015-11-25,0.007426857948303223,-0.024281203746795654,0.03957414627075195,0.06385532766580582
2015-11-06T00:00:00+00:00,2015-11-08T23:55:58.631000+00:00,2015-11-08T23:55:58.631000+00:00,NGZ5@2015-11-25,0.008710741996765137,-0.03300118446350098,0.04484748840332031,0.07784873992204666
2015-11-09T00:00:00+00:00,2015-11-10T23:38:19.215000+00:00,2015-11-10T23:38:19.215000+00:00,NGZ5@2015-11-25,0.00322568416595459,-0.0292242169380188,0.04003500938415527,0.06925924867391586
2015-11-10T00:00:00+00:00,2015-11-10T23:59:00+00:00,2015-11-10T23:59:00+00:00,NGZ5@2015-11-25,0.010740280151367188,-0.021107137203216553,0.04356086254119873,0.0646679550409317
2015-11-11T00:00:00+00:00,2015-11-12T23:42:41.389000+00:00,2015-11-12T23:42:41.389000+00:00,NGZ5@2015-11-25,0.006061553955078125,-0.02740609645843506,0.03842771053314209,0.06583386659622192
2015-11-12T00:00:00+00:00,2015-11-13T00:07:01.088000+00:00,2015-11-13T00:07:01.088000+00:00,NGZ5@2015-11-25,0.0026892423629760742,-0.03549474477767944,0.03937578201293945,0.0748705044388771
2015-11-13T00:00:00+00:00,2015-11-15T23:41:21.781000+00:00,2015-11-15T23:41:21.781000+00:00,NGZ5@2015-11-25,0.0022264719009399414,-0.037920355796813965,0.03582656383514404,0.07374687492847443
2015-11-16T00:00:00+00:00,2015-11-17T23:44:11.779000+00:00,2015-11-17T23:44:11.779000+00:00,NGZ5@2015-11-25,-0.0023605823516845703,-0.04580354690551758,0.03379940986633301,0.07960301637649536
2015-11-17T00:00:00+00:00,2015-11-18T23:33:30.164000+00:00,2015-11-18T23:33:30.164000+00:00,NGZ5@2015-11-25,-0.004649221897125244,-0.04689013957977295,0.02980208396911621,0.07669224590063095
2015-11-18T00:00:00+00:00,2015-11-18T23:59:00+00:00,2015-11-18T23:59:00+00:00,NGZ5@2015-11-25,0.0022200345993041992,-0.04119747877120972,0.03893744945526123,0.08013485372066498
2015-11-19T00:00:00+00:00,2015-11-20T14:58:06.288033+00:00,2015-11-20T14:58:06.288033+00:00,NGZ5@2015-11-25,0.0016415119171142578,-0.04303133487701416,0.04479801654815674,0.08782938122749329
2015-11-20T00:00:00+00:00,2015-11-23T15:03:15.744063+00:00,2015-11-23T15:03:15.744063+00:00,NGZ5@2015-11-25,0.007986664772033691,-0.043397724628448486,0.05983579158782959,0.10323357582092285
2015-11-23T00:00:00+00:00,2015-11-24T15:06:01.362515+00:00,2015-11-24T15:06:01.362515+00:00,NGZ5@2015-11-25,0.003890395164489746,-0.04208230972290039,0.04750370979309082,0.0895860493183136
2015-11-24T00:00:00+00:00,2015-11-25T15:22:00.847600+00:00,2015-11-25T15:22:00.847600+00:00,NGZ5@2015-11-25,-0.0007938146591186523,-0.04424041509628296,0.03639876842498779,0.08063922822475433
2015-11-25T00:00:00+00:00,2015-11-27T15:00:18.735667+00:00,2015-11-27T15:00:18.735667+00:00,NGF6@2015-12-29,-0.007062435150146484,-0.045029401779174805,0.026969194412231445,0.07199857383966446
2015-11-27T00:00:00+00:00,2015-11-30T14:59:53.739401+00:00,2015-11-30T14:59:53.739401+00:00,NGF6@2015-12-29,0.002149224281311035,-0.046197474002838135,0.045572638511657715,0.09177014231681824
2015-11-30T00:00:00+00:00,2015-12-01T15:05:15.818018+00:00,2015-12-01T15:05:15.818018+00:00,NGF6@2015-12-29,0.0035288333892822266,-0.036174476146698,0.037209391593933105,0.07338385283946991
2015-12-01T00:00:00+00:00,2015-12-02T15:01:20.078908+00:00,2015-12-02T15:01:20.078908+00:00,NGF6@2015-12-29,0.0007132291793823242,-0.037325918674468994,0.03779423236846924,0.07512012869119644
2015-12-02T00:00:00+00:00,2015-12-03T15:01:19.499051+00:00,2015-12-03T15:01:19.499051+00:00,NGF6@2015-12-29,-0.0019636154174804688,-0.0460813045501709,0.035594820976257324,0.08167614787817001
2015-12-03T00:00:00+00:00,2015-12-04T15:02:52.270948+00:00,2015-12-04T15:02:52.270948+00:00,NGF6@2015-12-29,-0.0020257234573364258,-0.046935200691223145,0.031595826148986816,0.07853110134601593
2015-12-04T00:00:00+00:00,2015-12-07T18:05:38.275065+00:00,2015-12-07T18:05:38.275065+00:00,NGF6@2015-12-29,-0.0016129612922668457,-0.04874342679977417,0.029451847076416016,0.07819528877735138
2015-12-07T00:00:00+00:00,2015-12-08T15:01:29.774439+00:00,2015-12-08T15:01:29.774439+00:00,NGF6@2015-12-29,0.006170034408569336,-0.04091942310333252,0.04301249980926514,0.08393187820911407
2015-12-08T00:00:00+00:00,2015-12-09T14:57:19.828726+00:00,2015-12-09T14:57:19.828726+00:00,NGF6@2015-12-29,0.006531476974487305,-0.04128605127334595,0.0459904670715332,0.08727651834487915
2015-12-09T00:00:00+00:00,2015-12-10T14:58:22.297316+00:00,2015-12-10T14:58:22.297316+00:00,NGF6@2015-12-29,0.008027911186218262,-0.03239256143569946,0.0429532527923584,0.07534582167863846
2015-12-10T00:00:00+00:00,2015-12-11T14:58:33.673549+00:00,2015-12-11T14:58:33.673549+00:00,NGF6@2015-12-29,-0.0018265247344970703,-0.04581946134567261,0.03035414218902588,0.07617361098527908
2015-12-11T00:00:00+00:00,2015-12-14T14:57:56.012514+00:00,2015-12-14T14:57:56.012514+00:00,NGF6@2015-12-29,-0.010510027408599854,-0.07796919345855713,0.02058100700378418,0.09855020046234131
2015-12-14T00:00:00+00:00,2015-12-15T15:01:41.049645+00:00,2015-12-15T15:01:41.049645+00:00,NGF6@2015-12-29,-0.010561347007751465,-0.07120698690414429,0.02157139778137207,0.09277831017971039
2015-12-15T00:00:00+00:00,2015-12-16T15:00:16.180685+00:00,2015-12-16T15:00:16.180685+00:00,NGF6@2015-12-29,-0.0030451416969299316,-0.05041778087615967,0.03813505172729492,0.0885528102517128
2015-12-16T00:00:00+00:00,2015-12-17T15:02:54.007186+00:00,2015-12-17T15:02:54.007186+00:00,NGF6@2015-12-29,-0.000368654727935791,-0.0601535439491272,0.041051387786865234,0.10120489448308945
2015-12-17T00:00:00+00:00,2015-12-18T14:57:42.885535+00:00,2015-12-18T14:57:42.885535+00:00,NGF6@2015-12-29,-0.006378889083862305,-0.07951444387435913,0.0645914077758789,0.14410589635372162
2015-12-18T00:00:00+00:00,2015-12-21T14:56:34.086640+00:00,2015-12-21T14:56:34.086640+00:00,NGF6@2015-12-29,-0.0120047926902771,-0.05029243230819702,0.03880810737609863,0.08910054713487625
2015-12-21T00:00:00+00:00,2015-12-22T14:58:25.432775+00:00,2015-12-22T14:58:25.432775+00:00,NGF6@2015-12-29,0.0143049955368042,-0.013639986515045166,0.044432759284973145,0.05807282775640488
2015-12-22T00:00:00+00:00,2015-12-23T14:58:46.029437+00:00,2015-12-23T14:58:46.029437+00:00,NGF6@2015-12-29,0.00386965274810791,-0.033416152000427246,0.025049448013305664,0.058465588837862015
2015-12-23T00:00:00+00:00,2015-12-24T15:00:08.639073+00:00,2015-12-24T15:00:08.639073+00:00,NGF6@2015-12-29,0.007871389389038086,-0.03478121757507324,0.033106088638305664,0.06788725405931473
2015-12-24T00:00:00+00:00,2015-12-28T14:58:12.345694+00:00,2015-12-28T14:58:12.345694+00:00,NGF6@2015-12-29,0.012101054191589355,-0.03547030687332153,0.03836345672607422,0.07383373379707336
2015-12-28T00:00:00+00:00,2015-12-29T15:02:28.178361+00:00,2015-12-29T15:02:28.178361+00:00,NGF6@2015-12-29,0.0168379545211792,-0.07104939222335815,0.08267426490783691,0.1537235975265503
2015-12-30T00:00:00+00:00,2015-12-31T15:22:14.793741+00:00,2015-12-31T15:22:14.793741+00:00,NGG6@2016-01-27,0.010140061378479004,-0.05671107769012451,0.06869208812713623,0.12540322542190552
2015-12-31T00:00:00+00:00,2016-01-04T18:10:11.092868+00:00,2016-01-04T18:10:11.092868+00:00,NGG6@2016-01-27,0.009104251861572266,-0.05705815553665161,0.08326959609985352,0.14032775163650513
2016-01-04T00:00:00+00:00,2016-01-05T16:44:59.687177+00:00,2016-01-05T16:44:59.687177+00:00,NGG6@2016-01-27,0.012465834617614746,-0.04722946882247925,0.060269832611083984,0.10749929398298264
2016-01-05T00:00:00+00:00,2016-01-06T16:03:39.284590+00:00,2016-01-06T16:03:39.284590+00:00,NGG6@2016-01-27,-0.00010007619857788086,-0.04822087287902832,0.031033635139465332,0.07925443351268768
2016-01-06T00:00:00+00:00,2016-01-07T15:06:26.975832+00:00,2016-01-07T15:06:26.975832+00:00,NGG6@2016-01-27,0.0014808177947998047,-0.03753256797790527,0.02625870704650879,0.06379132717847824
2016-01-07T00:00:00+00:00,2016-01-08T15:36:38.661108+00:00,2016-01-08T15:36:38.661108+00:00,NGG6@2016-01-27,-0.0018762946128845215,-0.04620546102523804,0.03695952892303467,0.08316504210233688
2016-01-08T00:00:00+00:00,2016-01-11T14:56:54.785631+00:00,2016-01-11T14:56:54.785631+00:00,NGG6@2016-01-27,0.008295416831970215,-0.046492695808410645,0.05409955978393555,0.10059229284524918
2016-01-11T00:00:00+00:00,2016-01-12T15:24:46.738609+00:00,2016-01-12T15:24:46.738609+00:00,NGG6@2016-01-27,0.0032547712326049805,-0.04687511920928955,0.03374481201171875,0.08061990886926651
2016-01-12T00:00:00+00:00,2016-01-13T15:15:32.070091+00:00,2016-01-13T15:15:32.070091+00:00,NGG6@2016-01-27,-0.0023122429847717285,-0.05537736415863037,0.0439915657043457,0.09936889261007309
2016-01-13T00:00:00+00:00,2016-01-14T14:57:50.585882+00:00,2016-01-14T14:57:50.585882+00:00,NGG6@2016-01-27,-7.301568984985352e-05,-0.04047936201095581,0.020375847816467285,0.06085515767335892
2016-01-14T00:00:00+00:00,2016-01-15T14:58:10.238232+00:00,2016-01-15T14:58:10.238232+00:00,NGG6@2016-01-27,0.005585193634033203,-0.04893690347671509,0.03215587139129639,0.08109274506568909
2016-01-15T00:00:00+00:00,2016-01-19T15:01:23.461721+00:00,2016-01-19T15:01:23.461721+00:00,NGG6@2016-01-27,-0.006423652172088623,-0.05320519208908081,0.02406001091003418,0.077265165746212
2016-01-19T00:00:00+00:00,2016-01-20T15:17:13.913414+00:00,2016-01-20T15:17:13.913414+00:00,NGG6@2016-01-27,-0.00048595666885375977,-0.05507594347000122,0.029381155967712402,0.08445706963539124
2016-01-20T00:00:00+00:00,2016-01-21T14:57:53.605454+00:00,2016-01-21T14:57:53.605454+00:00,NGG6@2016-01-27,-0.005334019660949707,-0.04510074853897095,0.016064763069152832,0.06116550788283348
2016-01-21T00:00:00+00:00,2016-01-22T14:59:02.722526+00:00,2016-01-22T14:59:02.722526+00:00,NGG6@2016-01-27,-0.0014717578887939453,-0.04211932420730591,0.012891650199890137,0.05501101538538933
2016-01-22T00:00:00+00:00,2016-01-25T15:13:19.540753+00:00,2016-01-25T15:13:19.540753+00:00,NGG6@2016-01-27,-0.002111971378326416,-0.033342063426971436,0.020314693450927734,0.05365677550435066
2016-01-25T00:00:00+00:00,2016-01-26T15:00:15.679830+00:00,2016-01-26T15:00:15.679830+00:00,NGG6@2016-01-27,-0.002891838550567627,-0.036739468574523926,0.005792737007141113,0.042532194405794144
2016-01-26T00:00:00+00:00,2016-01-27T14:57:45.512359+00:00,2016-01-27T14:57:45.512359+00:00,NGG6@2016-01-27,-0.004041314125061035,-0.04343843460083008,0.013313055038452148,0.056751493364572525
2016-01-27T00:00:00+00:00,2016-01-28T14:57:17.811326+00:00,2016-01-28T14:57:17.811326+00:00,NGH6@2016-02-25,0.001270890235900879,-0.03212273120880127,0.011335372924804688,0.04345805570483208
2016-01-28T00:00:00+00:00,2016-01-29T14:57:00.668510+00:00,2016-01-29T14:57:00.668510+00:00,NGH6@2016-02-25,-0.0029603242874145508,-0.044758141040802,0.014526844024658203,0.05928493291139603
2016-01-29T00:00:00+00:00,2016-02-01T14:58:39.309728+00:00,2016-02-01T14:58:39.309728+00:00,NGH6@2016-02-25,-0.004370689392089844,-0.05544251203536987,0.0190582275390625,0.07450071722269058
2016-02-01T00:00:00+00:00,2016-02-02T15:16:52.651242+00:00,2016-02-02T15:16:52.651242+00:00,NGH6@2016-02-25,-0.003039419651031494,-0.06275469064712524,0.018390178680419922,0.08114485442638397
2016-02-02T00:00:00+00:00,2016-02-03T14:57:09.986987+00:00,2016-02-03T14:57:09.986987+00:00,NGH6@2016-02-25,-0.00653994083404541,-0.07192200422286987,0.0284348726272583,0.10035690665245056
2016-02-03T00:00:00+00:00,2016-02-04T14:58:31.776567+00:00,2016-02-04T14:58:31.776567+00:00,NGH6@2016-02-25,0.005334138870239258,-0.058965444564819336,0.042817115783691406,0.10178250074386597
2016-02-04T00:00:00+00:00,2016-02-05T14:58:20.235464+00:00,2016-02-05T14:58:20.235464+00:00,NGH6@2016-02-25,0.0012372732162475586,-0.052687764167785645,0.024723052978515625,0.07741083949804306
2016-02-05T00:00:00+00:00,2016-02-08T17:52:51.224595+00:00,2016-02-08T17:52:51.224595+00:00,NGH6@2016-02-25,-0.0015919804573059082,-0.05728185176849365,0.027287006378173828,0.08456879109144211
2016-02-08T00:00:00+00:00,2016-02-09T15:00:00.800806+00:00,2016-02-09T15:00:00.800806+00:00,NGH6@2016-02-25,-0.009651601314544678,-0.06869441270828247,0.023572325706481934,0.0922667607665062
2016-02-09T00:00:00+00:00,2016-02-10T14:56:33.117434+00:00,2016-02-10T14:56:33.117434+00:00,NGH6@2016-02-25,-0.007641911506652832,-0.0783681869506836,0.0402529239654541,0.11862114071846008
2016-02-10T00:00:00+00:00,2016-02-11T14:58:00.632226+00:00,2016-02-11T14:58:00.632226+00:00,NGH6@2016-02-25,-0.005631983280181885,-0.06843078136444092,0.031198859214782715,0.09962960332632065
2016-02-11T00:00:00+00:00,2016-02-12T15:37:34.340525+00:00,2016-02-12T15:37:34.340525+00:00,NGH6@2016-02-25,-0.0006799697875976562,-0.06746584177017212,0.05567610263824463,0.12314194440841675
2016-02-12T00:00:00+00:00,2016-02-16T14:55:56.180359+00:00,2016-02-16T14:55:56.180359+00:00,NGH6@2016-02-25,-0.005483865737915039,-0.0625728964805603,0.04323625564575195,0.10580915957689285
2016-02-16T00:00:00+00:00,2016-02-17T15:22:48.604812+00:00,2016-02-17T15:22:48.604812+00:00,NGH6@2016-02-25,-0.0015070438385009766,-0.06466042995452881,0.04067885875701904,0.10533928871154785
2016-02-17T00:00:00+00:00,2016-02-18T14:58:55.747936+00:00,2016-02-18T14:58:55.747936+00:00,NGH6@2016-02-25,-0.004167497158050537,-0.07587361335754395,0.038410186767578125,0.11428377032279968
2016-02-18T00:00:00+00:00,2016-02-19T14:56:46.791455+00:00,2016-02-19T14:56:46.791455+00:00,NGH6@2016-02-25,-0.002108633518218994,-0.07331854104995728,0.04982006549835205,0.12313856184482574
2016-02-19T00:00:00+00:00,2016-02-22T15:00:57.106395+00:00,2016-02-22T15:00:57.106395+00:00,NGH6@2016-02-25,-0.0043942928314208984,-0.07147824764251709,0.05072522163391113,0.12220346182584763
2016-02-22T00:00:00+00:00,2016-02-23T15:23:10.607832+00:00,2016-02-23T15:23:10.607832+00:00,NGH6@2016-02-25,0.0015254020690917969,-0.065463125705719,0.07357239723205566,0.13903547823429108
2016-02-23T00:00:00+00:00,2016-02-24T15:26:46.381138+00:00,2016-02-24T15:26:46.381138+00:00,NGH6@2016-02-25,-0.003125309944152832,-0.04773664474487305,0.05265200138092041,0.10038860887289047
2016-02-24T00:00:00+00:00,2016-02-25T14:56:03.270726+00:00,2016-02-25T14:56:03.270726+00:00,NGJ6@2016-03-29,-0.0076863765716552734,-0.04842483997344971,0.03870105743408203,0.08712586760520935
2016-02-25T00:00:00+00:00,2016-02-26T14:55:40.709957+00:00,2016-02-26T14:55:40.709957+00:00,NGJ6@2016-03-29,-0.017377018928527832,-0.06132614612579346,0.042404770851135254,0.10373091697692871
2016-02-26T00:00:00+00:00,2016-02-29T15:14:11.961676+00:00,2016-02-29T15:14:11.961676+00:00,NGJ6@2016-03-29,-0.010613441467285156,-0.04764217138290405,0.036376118659973145,0.08401825278997421
2016-02-29T00:00:00+00:00,2016-03-01T14:59:15.015971+00:00,2016-03-01T14:59:15.015971+00:00,NGJ6@2016-03-29,-0.012508273124694824,-0.04339176416397095,0.028443336486816406,0.07183505594730377
2016-03-01T00:00:00+00:00,2016-03-02T14:57:22.839702+00:00,2016-03-02T14:57:22.839702+00:00,NGJ6@2016-03-29,-0.0033205747604370117,-0.045124948024749756,0.0319669246673584,0.07709193974733353
2016-03-02T00:00:00+00:00,2016-03-03T14:57:03.580536+00:00,2016-03-03T14:57:03.580536+00:00,NGJ6@2016-03-29,-0.0001291036605834961,-0.025262773036956787,0.03174543380737305,0.057008255273103714
2016-03-03T00:00:00+00:00,2016-03-04T14:58:16.435887+00:00,2016-03-04T14:58:16.435887+00:00,NGJ6@2016-03-29,0.007309556007385254,-0.003565669059753418,0.0323643684387207,0.035930000245571136
2016-03-04T00:00:00+00:00,2016-03-07T19:08:36.134213+00:00,2016-03-07T19:08:36.134213+00:00,NGJ6@2016-03-29,-0.011874794960021973,-0.01826995611190796,0.01847827434539795,0.03674823045730591
2016-03-07T00:00:00+00:00,2016-03-08T15:12:23.715474+00:00,2016-03-08T15:12:23.715474+00:00,NGJ6@2016-03-29,0.00216519832611084,-0.010678410530090332,0.022597074508666992,0.03327547386288643
2016-03-08T00:00:00+00:00,2016-03-09T14:56:38.875989+00:00,2016-03-09T14:56:38.875989+00:00,NGJ6@2016-03-29,-0.0011941194534301758,-0.033519089221954346,0.02018129825592041,0.05370037257671356
2016-03-09T00:00:00+00:00,2016-03-10T14:56:07.777562+00:00,2016-03-10T14:56:07.777562+00:00,NGJ6@2016-03-29,0.002177715301513672,-0.024711966514587402,0.01926398277282715,0.04397598281502724
2016-03-10T00:00:00+00:00,2016-03-11T14:55:17.669135+00:00,2016-03-11T14:55:17.669135+00:00,NGJ6@2016-03-29,0.0014322996139526367,-0.038741350173950195,0.02664923667907715,0.06539063155651093
2016-03-11T00:00:00+00:00,2016-03-14T14:16:34.788447+00:00,2016-03-14T14:16:34.788447+00:00,NGJ6@2016-03-29,0.0029746294021606445,-0.025816619396209717,0.022990822792053223,0.04880737140774727
2016-03-14T00:00:00+00:00,2016-03-15T14:14:39.697030+00:00,2016-03-15T14:14:39.697030+00:00,NGJ6@2016-03-29,2.5510787963867188e-05,-0.03958261013031006,0.030333638191223145,0.06991621851921082
2016-03-15T00:00:00+00:00,2016-03-16T13:57:40.286383+00:00,2016-03-16T13:57:40.286383+00:00,NGJ6@2016-03-29,0.0017004013061523438,-0.030264616012573242,0.025368809700012207,0.05563345178961754
2016-03-16T00:00:00+00:00,2016-03-17T13:58:39.205052+00:00,2016-03-17T13:58:39.205052+00:00,NGJ6@2016-03-29,0.009362220764160156,-0.026605546474456787,0.03743159770965576,0.06403715163469315
2016-03-17T00:00:00+00:00,2016-03-18T13:56:40.713352+00:00,2016-03-18T13:56:40.713352+00:00,NGJ6@2016-03-29,0.010548830032348633,-0.029348254203796387,0.037780165672302246,0.06712843477725983
2016-03-21T00:00:00+00:00,2016-03-22T13:56:57.760934+00:00,2016-03-22T13:56:57.760934+00:00,NGJ6@2016-03-29,0.0006884336471557617,-0.03137552738189697,0.027924180030822754,0.059299711138010025
2016-03-22T00:00:00+00:00,2016-03-23T13:58:12.175966+00:00,2016-03-23T13:58:12.175966+00:00,NGJ6@2016-03-29,-0.0053855180740356445,-0.03678011894226074,0.022025704383850098,0.058805882930755615
2016-03-23T00:00:00+00:00,2016-03-24T14:16:16.079624+00:00,2016-03-24T14:16:16.079624+00:00,NGJ6@2016-03-29,0.0014688968658447266,-0.039065539836883545,0.032265424728393555,0.07133100926876068
2016-03-24T00:00:00+00:00,2016-03-28T13:55:56.150129+00:00,2016-03-28T13:55:56.150129+00:00,NGJ6@2016-03-29,-0.0015121102333068848,-0.03530937433242798,0.023424267768859863,0.058733612298965454
2016-03-28T00:00:00+00:00,2016-03-29T13:56:59.358069+00:00,2016-03-29T13:56:59.358069+00:00,NGJ6@2016-03-29,-0.0034797191619873047,-0.03222721815109253,0.02048349380493164,0.05271076038479805
2016-03-30T00:00:00+00:00,2016-03-31T13:57:01.512235+00:00,2016-03-31T13:57:01.512235+00:00,NGK6@2016-04-27,0.0047713518142700195,-0.029570400714874268,0.0332341194152832,0.06280448287725449
2016-03-31T00:00:00+00:00,2016-04-01T14:00:26.168905+00:00,2016-04-01T14:00:26.168905+00:00,NGK6@2016-04-27,0.0019701719284057617,-0.027007460594177246,0.02647387981414795,0.053481340408325195
2016-04-01T00:00:00+00:00,2016-04-04T14:01:20.599835+00:00,2016-04-04T14:01:20.599835+00:00,NGK6@2016-04-27,0.0012979507446289062,-0.026574134826660156,0.02634727954864502,0.05292142927646637
2016-04-04T00:00:00+00:00,2016-04-05T13:59:24.886850+00:00,2016-04-05T13:59:24.886850+00:00,NGK6@2016-04-27,0.004727602005004883,-0.03299206495285034,0.03376352787017822,0.06675553321838379
2016-04-05T00:00:00+00:00,2016-04-06T13:56:51.982566+00:00,2016-04-06T13:56:51.982566+00:00,NGK6@2016-04-27,0.0021545886993408203,-0.026748716831207275,0.02775728702545166,0.05450603738427162
2016-04-06T00:00:00+00:00,2016-04-07T13:57:39.501425+00:00,2016-04-07T13:57:39.501425+00:00,NGK6@2016-04-27,-7.337331771850586e-05,-0.03765755891799927,0.03360545635223389,0.07126294821500778
2016-04-07T00:00:00+00:00,2016-04-08T13:56:08.410653+00:00,2016-04-08T13:56:08.410653+00:00,NGK6@2016-04-27,-0.0001838207244873047,-0.03925234079360962,0.02918100357055664,0.06843334436416626
2016-04-08T00:00:00+00:00,2016-04-11T14:14:22.483481+00:00,2016-04-11T14:14:22.483481+00:00,NGK6@2016-04-27,0.001253962516784668,-0.03652083873748779,0.030170917510986328,0.06669178605079651
2016-04-11T00:00:00+00:00,2016-04-12T13:56:52.203796+00:00,2016-04-12T13:56:52.203796+00:00,NGK6@2016-04-27,0.0036994218826293945,-0.038206636905670166,0.04060208797454834,0.0788087546825409
2016-04-12T00:00:00+00:00,2016-04-13T13:58:41.977656+00:00,2016-04-13T13:58:41.977656+00:00,NGK6@2016-04-27,-0.005308210849761963,-0.048107266426086426,0.02706778049468994,0.07517502456903458
2016-04-13T00:00:00+00:00,2016-04-14T13:57:18.466613+00:00,2016-04-14T13:57:18.466613+00:00,NGK6@2016-04-27,0.001078486442565918,-0.04222828149795532,0.032181382179260254,0.07440966367721558
2016-04-14T00:00:00+00:00,2016-04-15T13:56:43.085692+00:00,2016-04-15T13:56:43.085692+00:00,NGK6@2016-04-27,0.005250096321105957,-0.04052269458770752,0.03856337070465088,0.07908610254526138
2016-04-15T00:00:00+00:00,2016-04-18T13:57:53.020481+00:00,2016-04-18T13:57:53.020481+00:00,NGK6@2016-04-27,0.004181981086730957,-0.043804824352264404,0.040474772453308105,0.08427958935499191
2016-04-18T00:00:00+00:00,2016-04-19T14:00:27.819987+00:00,2016-04-19T14:00:27.819987+00:00,NGK6@2016-04-27,-0.0015902519226074219,-0.04509216547012329,0.02825474739074707,0.07334689050912857
2016-04-19T00:00:00+00:00,2016-04-20T13:56:51.753117+00:00,2016-04-20T13:56:51.753117+00:00,NGK6@2016-04-27,-0.005613446235656738,-0.05150628089904785,0.03130841255187988,0.08281471580266953
2016-04-20T00:00:00+00:00,2016-04-21T13:57:57.056108+00:00,2016-04-21T13:57:57.056108+00:00,NGK6@2016-04-27,-0.005573391914367676,-0.04833662509918213,0.033242225646972656,0.08157891035079956
2016-04-21T00:00:00+00:00,2016-04-22T14:19:36.569979+00:00,2016-04-22T14:19:36.569979+00:00,NGK6@2016-04-27,-0.006572902202606201,-0.044965505599975586,0.03428936004638672,0.0792548656463623
2016-04-22T00:00:00+00:00,2016-04-25T14:00:35.559853+00:00,2016-04-25T14:00:35.559853+00:00,NGK6@2016-04-27,-0.005585789680480957,-0.04250633716583252,0.03914058208465576,0.0816468819975853
2016-04-25T00:00:00+00:00,2016-04-26T14:01:47.015422+00:00,2016-04-26T14:01:47.015422+00:00,NGK6@2016-04-27,0.0005390644073486328,-0.04105973243713379,0.04632723331451416,0.08738699555397034
2016-04-26T00:00:00+00:00,2016-04-27T13:58:34.702422+00:00,2016-04-27T13:58:34.702422+00:00,NGK6@2016-04-27,-0.001975417137145996,-0.03794807195663452,0.03808796405792236,0.07603605091571808
2016-04-27T00:00:00+00:00,2016-04-28T13:58:21.686870+00:00,2016-04-28T13:58:21.686870+00:00,NGM6@2016-05-26,-0.00550466775894165,-0.035764217376708984,0.029563069343566895,0.0653272420167923
2016-04-28T00:00:00+00:00,2016-04-29T13:59:42.057187+00:00,2016-04-29T13:59:42.057187+00:00,NGM6@2016-05-26,0.00036716461181640625,-0.035346269607543945,0.03620874881744385,0.07155505567789078
2016-04-29T00:00:00+00:00,2016-05-02T13:58:17.639567+00:00,2016-05-02T13:58:17.639567+00:00,NGM6@2016-05-26,-0.006211578845977783,-0.050330936908721924,0.03695821762084961,0.0872892215847969
2016-05-02T00:00:00+00:00,2016-05-03T14:23:54.128578+00:00,2016-05-03T14:23:54.128578+00:00,NGM6@2016-05-26,0.006455540657043457,-0.04496192932128906,0.06004536151885986,0.10500732809305191
2016-05-03T00:00:00+00:00,2016-05-04T14:01:38.730052+00:00,2016-05-04T14:01:38.730052+00:00,NGM6@2016-05-26,-0.0053702592849731445,-0.04453366994857788,0.0360262393951416,0.08055993914604187
2016-05-04T00:00:00+00:00,2016-05-05T13:59:31.845117+00:00,2016-05-05T13:59:31.845117+00:00,NGM6@2016-05-26,-0.004760146141052246,-0.04926121234893799,0.04246640205383301,0.09172767400741577
2016-05-05T00:00:00+00:00,2016-05-06T13:58:34.671669+00:00,2016-05-06T13:58:34.671669+00:00,NGM6@2016-05-26,0.006004810333251953,-0.04015833139419556,0.05043065547943115,0.0905890092253685
2016-05-06T00:00:00+00:00,2016-05-09T14:16:30.531976+00:00,2016-05-09T14:16:30.531976+00:00,NGM6@2016-05-26,-0.002800285816192627,-0.045230090618133545,0.03662872314453125,0.08185882121324539
2016-05-09T00:00:00+00:00,2016-05-10T14:02:37.487854+00:00,2016-05-10T14:02:37.487854+00:00,NGM6@2016-05-26,0.001396775245666504,-0.031961262226104736,0.030780911445617676,0.06274215131998062
2016-05-10T00:00:00+00:00,2016-05-11T14:21:57.122416+00:00,2016-05-11T14:21:57.122416+00:00,NGM6@2016-05-26,-0.004361927509307861,-0.03899788856506348,0.028522849082946777,0.06752073764801025
2016-05-11T00:00:00+00:00,2016-05-12T14:00:22.572193+00:00,2016-05-12T14:00:22.572193+00:00,NGM6@2016-05-26,0.00018036365509033203,-0.035751938819885254,0.03002619743347168,0.06577818095684052
2016-05-12T00:00:00+00:00,2016-05-13T13:58:21.100689+00:00,2016-05-13T13:58:21.100689+00:00,NGM6@2016-05-26,-0.00018012523651123047,-0.040850698947906494,0.033536553382873535,0.07438725978136063
2016-05-13T00:00:00+00:00,2016-05-16T13:59:15.872547+00:00,2016-05-16T13:59:15.872547+00:00,NGM6@2016-05-26,0.0014052391052246094,-0.03583627939224243,0.031212925910949707,0.06704919785261154
2016-05-16T00:00:00+00:00,2016-05-17T14:05:17.179350+00:00,2016-05-17T14:05:17.179350+00:00,NGM6@2016-05-26,0.0040090084075927734,-0.04221600294113159,0.042664527893066406,0.08488059788942337
2016-05-17T00:00:00+00:00,2016-05-18T13:59:51.856290+00:00,2016-05-18T13:59:51.856290+00:00,NGM6@2016-05-26,0.001307368278503418,-0.04270923137664795,0.04157400131225586,0.08428323268890381
2016-05-18T00:00:00+00:00,2016-05-19T14:18:51.645356+00:00,2016-05-19T14:18:51.645356+00:00,NGM6@2016-05-26,0.002301812171936035,-0.047045350074768066,0.046521782875061035,0.0935671404004097
2016-05-19T00:00:00+00:00,2016-05-20T13:58:22.127245+00:00,2016-05-20T13:58:22.127245+00:00,NGM6@2016-05-26,0.0034270286560058594,-0.03349393606185913,0.034810543060302734,0.06830446422100067
2016-05-20T00:00:00+00:00,2016-05-23T13:57:47.107968+00:00,2016-05-23T13:57:47.107968+00:00,NGM6@2016-05-26,0.0039452314376831055,-0.028443872928619385,0.0334782600402832,0.061922114342451096
2016-05-23T00:00:00+00:00,2016-05-24T14:00:09.079814+00:00,2016-05-24T14:00:09.079814+00:00,NGM6@2016-05-26,0.0058481693267822266,-0.027900636196136475,0.041210293769836426,0.06911098957061768
2016-05-24T00:00:00+00:00,2016-05-25T13:58:05.899494+00:00,2016-05-25T13:58:05.899494+00:00,NGM6@2016-05-26,0.017987489700317383,-0.02663654088973999,0.06230902671813965,0.08894554525613785
2016-05-25T00:00:00+00:00,2016-05-26T13:58:06.133734+00:00,2016-05-26T13:58:06.133734+00:00,NGN6@2016-06-28,0.008378028869628906,-0.02073270082473755,0.03609657287597656,0.056829217821359634
2016-05-26T00:00:00+00:00,2016-05-27T13:57:36.787310+00:00,2016-05-27T13:57:36.787310+00:00,NGN6@2016-06-28,0.0060825347900390625,-0.02933746576309204,0.03631758689880371,0.06565500050783157
2016-05-27T00:00:00+00:00,2016-05-31T13:57:34.757645+00:00,2016-05-31T13:57:34.757645+00:00,NGN6@2016-06-28,0.009414911270141602,-0.025834619998931885,0.0424046516418457,0.06823927164077759
2016-05-31T00:00:00+00:00,2016-06-01T14:04:10.295403+00:00,2016-06-01T14:04:10.295403+00:00,NGN6@2016-06-28,-0.00635218620300293,-0.04020625352859497,0.027999520301818848,0.06820573657751083
2016-06-01T00:00:00+00:00,2016-06-02T13:58:56.628477+00:00,2016-06-02T13:58:56.628477+00:00,NGN6@2016-06-28,-0.0104447603225708,-0.04379379749298096,0.026172995567321777,0.06996679306030273
2016-06-02T00:00:00+00:00,2016-06-03T14:00:41.326821+00:00,2016-06-03T14:00:41.326821+00:00,NGN6@2016-06-28,-0.005913197994232178,-0.04436767101287842,0.032643795013427734,0.07701148092746735
2016-06-03T00:00:00+00:00,2016-06-06T13:58:12.603315+00:00,2016-06-06T13:58:12.603315+00:00,NGN6@2016-06-28,-0.0007161498069763184,-0.035068511962890625,0.035181403160095215,0.07024996727705002
2016-06-06T00:00:00+00:00,2016-06-07T14:02:16.518411+00:00,2016-06-07T14:02:16.518411+00:00,NGN6@2016-06-28,-0.0027060508728027344,-0.03881913423538208,0.034953951835632324,0.07377304881811142
2016-06-07T00:00:00+00:00,2016-06-08T13:57:19.661860+00:00,2016-06-08T13:57:19.661860+00:00,NGN6@2016-06-28,-0.001006782054901123,-0.03240615129470825,0.03049170970916748,0.06289778649806976
2016-06-08T00:00:00+00:00,2016-06-09T13:58:45.772993+00:00,2016-06-09T13:58:45.772993+00:00,NGN6@2016-06-28,0.0007798671722412109,-0.031015872955322266,0.033269405364990234,0.06428530067205429
2016-06-09T00:00:00+00:00,2016-06-10T13:57:31.333586+00:00,2016-06-10T13:57:31.333586+00:00,NGN6@2016-06-28,-0.013612627983093262,-0.060217976570129395,0.03711998462677002,0.09733790904283524
2016-06-10T00:00:00+00:00,2016-06-13T14:00:09.272920+00:00,2016-06-13T14:00:09.272920+00:00,NGN6@2016-06-28,-0.007272243499755859,-0.047189414501190186,0.03482520580291748,0.08201459050178528
2016-06-13T00:00:00+00:00,2016-06-14T14:17:21.337240+00:00,2016-06-14T14:17:21.337240+00:00,NGN6@2016-06-28,-0.0024518966674804688,-0.043727099895477295,0.038646817207336426,0.08237385004758835
2016-06-14T00:00:00+00:00,2016-06-15T14:05:25.272846+00:00,2016-06-15T14:05:25.272846+00:00,NGN6@2016-06-28,-0.003744184970855713,-0.04633796215057373,0.03863120079040527,0.08496920764446259
2016-06-15T00:00:00+00:00,2016-06-16T14:15:35.692083+00:00,2016-06-16T14:15:35.692083+00:00,NGN6@2016-06-28,-0.004172265529632568,-0.04394286870956421,0.03813469409942627,0.08207763731479645
2016-06-16T00:00:00+00:00,2016-06-17T14:00:43.394930+00:00,2016-06-17T14:00:43.394930+00:00,NGN6@2016-06-28,0.0022989511489868164,-0.0343097448348999,0.03865671157836914,0.07296643406152725
2016-06-17T00:00:00+00:00,2016-06-20T13:59:32.059264+00:00,2016-06-20T13:59:32.059264+00:00,NGN6@2016-06-28,-0.0028987526893615723,-0.04386967420578003,0.03752338886260986,0.08139308542013168
2016-06-20T00:00:00+00:00,2016-06-21T14:05:20.835177+00:00,2016-06-21T14:05:20.835177+00:00,NGN6@2016-06-28,-0.015754282474517822,-0.06847792863845825,0.04484820365905762,0.11332615464925766
2016-06-21T00:00:00+00:00,2016-06-22T14:00:17.573081+00:00,2016-06-22T14:00:17.573081+00:00,NGN6@2016-06-28,-0.001701056957244873,-0.04155617952346802,0.04693138599395752,0.08848749101161957
2016-06-22T00:00:00+00:00,2016-06-23T14:05:08.121369+00:00,2016-06-23T14:05:08.121369+00:00,NGN6@2016-06-28,-0.002911090850830078,-0.04336303472518921,0.04524672031402588,0.08860976994037628
2016-06-23T00:00:00+00:00,2016-06-24T14:05:41.529970+00:00,2016-06-24T14:05:41.529970+00:00,NGN6@2016-06-28,-0.0015578269958496094,-0.03529965877532959,0.03913271427154541,0.074432373046875
2016-06-24T00:00:00+00:00,2016-06-27T14:15:41.612312+00:00,2016-06-27T14:15:41.612312+00:00,NGN6@2016-06-28,0.0026699304580688477,-0.03219020366668701,0.0418393611907959,0.07402950525283813
2016-06-27T00:00:00+00:00,2016-06-28T14:07:16.008609+00:00,2016-06-28T14:07:16.008609+00:00,NGN6@2016-06-28,8.356571197509766e-05,-0.03980463743209839,0.04672253131866455,0.08652715384960175
2016-06-29T00:00:00+00:00,2016-06-30T14:34:02.498342+00:00,2016-06-30T14:34:02.498342+00:00,NGQ6@2016-07-27,-0.0027756094932556152,-0.0443379282951355,0.03581070899963379,0.08014869689941406
2016-06-30T00:00:00+00:00,2016-07-01T14:17:59.836354+00:00,2016-07-01T14:17:59.836354+00:00,NGQ6@2016-07-27,9.226799011230469e-05,-0.03306734561920166,0.044327735900878906,0.07739511877298355
2016-07-01T00:00:00+00:00,2016-07-05T14:06:08.701303+00:00,2016-07-05T14:06:08.701303+00:00,NGQ6@2016-07-27,-0.0012784004211425781,-0.03885310888290405,0.04844844341278076,0.0873015895485878
2016-07-05T00:00:00+00:00,2016-07-06T14:42:03.477659+00:00,2016-07-06T14:42:03.477659+00:00,NGQ6@2016-07-27,0.005415797233581543,-0.03543663024902344,0.06099438667297363,0.09643109142780304
2016-07-06T00:00:00+00:00,2016-07-07T14:07:03.145348+00:00,2016-07-07T14:07:03.145348+00:00,NGQ6@2016-07-27,0.007490038871765137,-0.02427572011947632,0.04852092266082764,0.07279665768146515
2016-07-07T00:00:00+00:00,2016-07-08T14:03:07.196250+00:00,2016-07-08T14:03:07.196250+00:00,NGQ6@2016-07-27,0.00486147403717041,-0.02889174222946167,0.04951643943786621,0.07840820401906967
2016-07-08T00:00:00+00:00,2016-07-11T14:00:45.327079+00:00,2016-07-11T14:00:45.327079+00:00,NGQ6@2016-07-27,0.004914045333862305,-0.028697550296783447,0.048696160316467285,0.07739368081092834
2016-07-11T00:00:00+00:00,2016-07-12T14:25:15.724110+00:00,2016-07-12T14:25:15.724110+00:00,NGQ6@2016-07-27,0.010476946830749512,-0.039712727069854736,0.06601154804229736,0.10572434961795807
2016-07-12T00:00:00+00:00,2016-07-13T14:20:53.859946+00:00,2016-07-13T14:20:53.859946+00:00,NGQ6@2016-07-27,0.004456043243408203,-0.033782362937927246,0.05218982696533203,0.0859721377491951
2016-07-13T00:00:00+00:00,2016-07-14T14:13:53.711689+00:00,2016-07-14T14:13:53.711689+00:00,NGQ6@2016-07-27,0.0030640363693237305,-0.030411899089813232,0.05066335201263428,0.08107529580593109
2016-07-14T00:00:00+00:00,2016-07-15T13:59:36.463186+00:00,2016-07-15T13:59:36.463186+00:00,NGQ6@2016-07-27,0.002580881118774414,-0.031938374042510986,0.04845082759857178,0.08038920164108276
2016-07-15T00:00:00+00:00,2016-07-18T14:13:11.125515+00:00,2016-07-18T14:13:11.125515+00:00,NGQ6@2016-07-27,0.003391861915588379,-0.02873408794403076,0.043990254402160645,0.07272441685199738
2016-07-18T00:00:00+00:00,2016-07-19T14:06:54.028279+00:00,2016-07-19T14:06:54.028279+00:00,NGQ6@2016-07-27,0.005039334297180176,-0.029760122299194336,0.04195594787597656,0.07171599566936493
2016-07-19T00:00:00+00:00,2016-07-20T13:59:25.629921+00:00,2016-07-20T13:59:25.629921+00:00,NGQ6@2016-07-27,0.0014688968658447266,-0.029469609260559082,0.028756022453308105,0.058225613087415695
2016-07-20T00:00:00+00:00,2016-07-21T14:44:14.660377+00:00,2016-07-21T14:44:14.660377+00:00,NGQ6@2016-07-27,0.009637713432312012,-0.021919190883636475,0.040666818618774414,0.06258594989776611
2016-07-21T00:00:00+00:00,2016-07-22T13:58:00.488067+00:00,2016-07-22T13:58:00.488067+00:00,NGQ6@2016-07-27,0.003094315528869629,-0.03019934892654419,0.039726853370666504,0.0699261724948883
2016-07-22T00:00:00+00:00,2016-07-25T14:02:40.305584+00:00,2016-07-25T14:02:40.305584+00:00,NGQ6@2016-07-27,-0.012839555740356445,-0.05200779438018799,0.028948664665222168,0.08095645904541016
2016-07-25T00:00:00+00:00,2016-07-26T14:17:49.707855+00:00,2016-07-26T14:17:49.707855+00:00,NGQ6@2016-07-27,-0.0020797252655029297,-0.0356181263923645,0.03415489196777344,0.06977297365665436
2016-07-26T00:00:00+00:00,2016-07-27T14:00:10.575605+00:00,2016-07-27T14:00:10.575605+00:00,NGQ6@2016-07-27,0.00527644157409668,-0.026815474033355713,0.04187881946563721,0.06869427114725113
2016-07-27T00:00:00+00:00,2016-07-28T14:01:01.519410+00:00,2016-07-28T14:01:01.519410+00:00,NGU6@2016-08-29,0.0023136138916015625,-0.03594928979873657,0.044887542724609375,0.08083689212799072
2016-07-28T00:00:00+00:00,2016-07-29T14:03:22.096849+00:00,2016-07-29T14:03:22.096849+00:00,NGU6@2016-08-29,-0.021302402019500732,-0.07547783851623535,0.040534138679504395,0.11601201444864273
2016-07-29T00:00:00+00:00,2016-08-01T14:00:53.389232+00:00,2016-08-01T14:00:53.389232+00:00,NGU6@2016-08-29,-0.011543333530426025,-0.05986642837524414,0.043298959732055664,0.10316544771194458
2016-08-01T00:00:00+00:00,2016-08-02T14:06:57.122769+00:00,2016-08-02T14:06:57.122769+00:00,NGU6@2016-08-29,-0.0033025741577148438,-0.04355669021606445,0.052216291427612305,0.09577303379774094
2016-08-02T00:00:00+00:00,2016-08-03T14:00:17.193367+00:00,2016-08-03T14:00:17.193367+00:00,NGU6@2016-08-29,-0.002081632614135742,-0.04055428504943848,0.05278337001800537,0.09333760291337967
2016-08-03T00:00:00+00:00,2016-08-04T13:59:12.657524+00:00,2016-08-04T13:59:12.657524+00:00,NGU6@2016-08-29,-0.011624038219451904,-0.05128663778305054,0.03431713581085205,0.08560377359390259
2016-08-04T00:00:00+00:00,2016-08-05T14:00:06.576328+00:00,2016-08-05T14:00:06.576328+00:00,NGU6@2016-08-29,-0.0021923184394836426,-0.0437312126159668,0.044644713401794434,0.08837588876485825
2016-08-05T00:00:00+00:00,2016-08-08T13:59:54.082623+00:00,2016-08-08T13:59:54.082623+00:00,NGU6@2016-08-29,0.008005976676940918,-0.030542969703674316,0.05162501335144043,0.08216796815395355
2016-08-08T00:00:00+00:00,2016-08-09T14:06:01.611833+00:00,2016-08-09T14:06:01.611833+00:00,NGU6@2016-08-29,0.008797883987426758,-0.029076755046844482,0.04709148406982422,0.0761682316660881
2016-08-09T00:00:00+00:00,2016-08-10T14:00:44.190998+00:00,2016-08-10T14:00:44.190998+00:00,NGU6@2016-08-29,0.0011813640594482422,-0.041832029819488525,0.053894996643066406,0.09572701901197433
2016-08-10T00:00:00+00:00,2016-08-11T14:00:01.171543+00:00,2016-08-11T14:00:01.171543+00:00,NGU6@2016-08-29,-0.0062830448150634766,-0.045289456844329834,0.041277170181274414,0.08656670153141022
2016-08-11T00:00:00+00:00,2016-08-12T13:57:28.831438+00:00,2016-08-12T13:57:28.831438+00:00,NGU6@2016-08-29,-0.00341796875,-0.03812062740325928,0.03714418411254883,0.0752648413181305
2016-08-12T00:00:00+00:00,2016-08-15T15:39:42.352723+00:00,2016-08-15T15:39:42.352723+00:00,NGU6@2016-08-29,-0.0011713504791259766,-0.037063002586364746,0.044861793518066406,0.08192481100559235
2016-08-15T00:00:00+00:00,2016-08-16T14:10:54.204290+00:00,2016-08-16T14:10:54.204290+00:00,NGU6@2016-08-29,-0.0019072294235229492,-0.03336983919143677,0.037462592124938965,0.07083241641521454
2016-08-16T00:00:00+00:00,2016-08-17T14:02:02.774532+00:00,2016-08-17T14:02:02.774532+00:00,NGU6@2016-08-29,-0.0037820935249328613,-0.04263275861740112,0.02622842788696289,0.06886114925146103
2016-08-17T00:00:00+00:00,2016-08-18T14:00:46.809855+00:00,2016-08-18T14:00:46.809855+00:00,NGU6@2016-08-29,0.00036644935607910156,-0.037043631076812744,0.03145158290863037,0.06849522888660431
2016-08-18T00:00:00+00:00,2016-08-19T14:00:47.211180+00:00,2016-08-19T14:00:47.211180+00:00,NGU6@2016-08-29,-0.002963542938232422,-0.03753817081451416,0.027915358543395996,0.06545356661081314
2016-08-19T00:00:00+00:00,2016-08-22T14:01:14.838265+00:00,2016-08-22T14:01:14.838265+00:00,NGU6@2016-08-29,0.0011605024337768555,-0.03405880928039551,0.03821098804473877,0.07226979732513428
2016-08-22T00:00:00+00:00,2016-08-23T14:05:44.977297+00:00,2016-08-23T14:05:44.977297+00:00,NGU6@2016-08-29,-0.008987367153167725,-0.04726588726043701,0.027547597885131836,0.07481350749731064
2016-08-23T00:00:00+00:00,2016-08-24T13:59:06.455838+00:00,2016-08-24T13:59:06.455838+00:00,NGU6@2016-08-29,-0.013853728771209717,-0.05916547775268555,0.02905869483947754,0.08822420239448547
2016-08-24T00:00:00+00:00,2016-08-25T13:59:38.427224+00:00,2016-08-25T13:59:38.427224+00:00,NGU6@2016-08-29,-0.007952570915222168,-0.053460657596588135,0.03162264823913574,0.08508337289094925
2016-08-25T00:00:00+00:00,2016-08-26T13:59:50.910443+00:00,2016-08-26T13:59:50.910443+00:00,NGU6@2016-08-29,-0.01000070571899414,-0.06175333261489868,0.04141592979431152,0.10316931456327438
2016-08-26T00:00:00+00:00,2016-08-29T14:00:00.638692+00:00,2016-08-29T14:00:00.638692+00:00,NGU6@2016-08-29,-0.0017556548118591309,-0.055490970611572266,0.05212891101837158,0.10761986672878265
2016-08-30T00:00:00+00:00,2016-08-31T13:59:23.582521+00:00,2016-08-31T13:59:23.582521+00:00,NGV6@2016-09-28,0.0029249191284179688,-0.045132994651794434,0.04503989219665527,0.0901729092001915
2016-08-31T00:00:00+00:00,2016-09-01T14:12:43.652073+00:00,2016-09-01T14:12:43.652073+00:00,NGV6@2016-09-28,-0.002248525619506836,-0.04607558250427246,0.03470742702484131,0.08078301697969437
2016-09-01T00:00:00+00:00,2016-09-02T14:01:28.733363+00:00,2016-09-02T14:01:28.733363+00:00,NGV6@2016-09-28,0.007851004600524902,-0.04101681709289551,0.04948079586029053,0.09049761295318604
2016-09-02T00:00:00+00:00,2016-09-06T13:56:42.191095+00:00,2016-09-06T13:56:42.191095+00:00,NGV6@2016-09-28,0.002201080322265625,-0.033933818340301514,0.035368919372558594,0.06930278241634369
2016-09-06T00:00:00+00:00,2016-09-07T14:19:53.614392+00:00,2016-09-07T14:19:53.614392+00:00,NGV6@2016-09-28,0.003506302833557129,-0.037032902240753174,0.040598273277282715,0.07763117551803589
2016-09-07T00:00:00+00:00,2016-09-08T13:59:24.244851+00:00,2016-09-08T13:59:24.244851+00:00,NGV6@2016-09-28,-0.0008957386016845703,-0.049310386180877686,0.03979933261871338,0.08910974115133286
2016-09-08T00:00:00+00:00,2016-09-09T13:56:46.606470+00:00,2016-09-09T13:56:46.606470+00:00,NGV6@2016-09-28,-0.0032624006271362305,-0.051584482192993164,0.04149925708770752,0.09308376163244247
2016-09-09T00:00:00+00:00,2016-09-12T13:59:49.350578+00:00,2016-09-12T13:59:49.350578+00:00,NGV6@2016-09-28,-0.005515933036804199,-0.046320438385009766,0.035858154296875,0.08217862993478775
2016-09-12T00:00:00+00:00,2016-09-13T14:11:55.333948+00:00,2016-09-13T14:11:55.333948+00:00,NGV6@2016-09-28,-0.006606936454772949,-0.05293631553649902,0.04006016254425049,0.0929965004324913
2016-09-13T00:00:00+00:00,2016-09-14T13:58:31.003286+00:00,2016-09-14T13:58:31.003286+00:00,NGV6@2016-09-28,-0.0014348030090332031,-0.0480385422706604,0.04438507556915283,0.09242355078458786
2016-09-14T00:00:00+00:00,2016-09-15T14:00:27.969892+00:00,2016-09-15T14:00:27.969892+00:00,NGV6@2016-09-28,-0.0032502412796020508,-0.05143016576766968,0.04348480701446533,0.09491502493619919
2016-09-15T00:00:00+00:00,2016-09-16T14:11:35.496340+00:00,2016-09-16T14:11:35.496340+00:00,NGV6@2016-09-28,-0.0030254721641540527,-0.04473692178726196,0.0372312068939209,0.08196809142827988
2016-09-16T00:00:00+00:00,2016-09-19T14:07:31.766959+00:00,2016-09-19T14:07:31.766959+00:00,NGV6@2016-09-28,-4.118680953979492e-05,-0.04614245891571045,0.041318655014038086,0.08746112138032913
2016-09-19T00:00:00+00:00,2016-09-20T14:02:46.523632+00:00,2016-09-20T14:02:46.523632+00:00,NGV6@2016-09-28,-0.003055095672607422,-0.0419917106628418,0.03119516372680664,0.0731869488954544
2016-09-20T00:00:00+00:00,2016-09-21T14:28:11.509798+00:00,2016-09-21T14:28:11.509798+00:00,NGV6@2016-09-28,-0.010299205780029297,-0.06013721227645874,0.03172910213470459,0.09186626970767975
2016-09-21T00:00:00+00:00,2016-09-22T14:09:37.371540+00:00,2016-09-22T14:09:37.371540+00:00,NGV6@2016-09-28,-0.0032976865768432617,-0.053835272789001465,0.04031860828399658,0.09415389597415924
2016-09-22T00:00:00+00:00,2016-09-23T14:05:58.863259+00:00,2016-09-23T14:05:58.863259+00:00,NGV6@2016-09-28,0.0048999786376953125,-0.04516875743865967,0.043378353118896484,0.08854714781045914
2016-09-23T00:00:00+00:00,2016-09-26T14:05:26.086560+00:00,2016-09-26T14:05:26.086560+00:00,NGV6@2016-09-28,0.006228923797607422,-0.03884047269821167,0.0371859073638916,0.0760263204574585
2016-09-26T00:00:00+00:00,2016-09-27T14:04:43.577337+00:00,2016-09-27T14:04:43.577337+00:00,NGV6@2016-09-28,0.0008808374404907227,-0.03440505266189575,0.02980983257293701,0.06421487033367157
2016-09-27T00:00:00+00:00,2016-09-28T14:16:36.805187+00:00,2016-09-28T14:16:36.805187+00:00,NGV6@2016-09-28,-0.0012688636779785156,-0.03583872318267822,0.021441936492919922,0.05728070065379143
2016-09-28T00:00:00+00:00,2016-09-29T14:03:21.529399+00:00,2016-09-29T14:03:21.529399+00:00,NGX6@2016-10-27,0.003085494041442871,-0.02272409200668335,0.023755788803100586,0.04647986590862274
2016-09-29T00:00:00+00:00,2016-09-30T14:41:51.849609+00:00,2016-09-30T14:41:51.849609+00:00,NGX6@2016-10-27,0.0020235776901245117,-0.018739283084869385,0.02159714698791504,0.04033640772104263
2016-09-30T00:00:00+00:00,2016-10-03T14:03:51.941394+00:00,2016-10-03T14:03:51.941394+00:00,NGX6@2016-10-27,0.006225466728210449,-0.021491527557373047,0.03075408935546875,0.052245669066905975
2016-10-03T00:00:00+00:00,2016-10-04T14:53:19.065019+00:00,2016-10-04T14:53:19.065019+00:00,NGX6@2016-10-27,0.006827950477600098,-0.021892428398132324,0.03447127342224121,0.05636368319392204
2016-10-04T00:00:00+00:00,2016-10-05T14:02:15.797655+00:00,2016-10-05T14:02:15.797655+00:00,NGX6@2016-10-27,0.004082679748535156,-0.027152299880981445,0.035535216331481934,0.06268751621246338
2016-10-05T00:00:00+00:00,2016-10-06T14:11:35.320473+00:00,2016-10-06T14:11:35.320473+00:00,NGX6@2016-10-27,-0.0007458925247192383,-0.033864378929138184,0.03221845626831055,0.06608279794454575
2016-10-06T00:00:00+00:00,2016-10-07T14:01:04.905217+00:00,2016-10-07T14:01:04.905217+00:00,NGX6@2016-10-27,-0.003600001335144043,-0.03223609924316406,0.024332404136657715,0.05656854063272476
2016-10-07T00:00:00+00:00,2016-10-10T13:57:19.469516+00:00,2016-10-10T13:57:19.469516+00:00,NGX6@2016-10-27,-0.0025099515914916992,-0.042312681674957275,0.031039118766784668,0.07335175573825836
2016-10-10T00:00:00+00:00,2016-10-11T14:01:37.834633+00:00,2016-10-11T14:01:37.834633+00:00,NGX6@2016-10-27,-0.0011088252067565918,-0.0446816086769104,0.03764486312866211,0.0823264792561531
2016-10-11T00:00:00+00:00,2016-10-12T13:57:15.370006+00:00,2016-10-12T13:57:15.370006+00:00,NGX6@2016-10-27,-0.004228830337524414,-0.040672361850738525,0.02785468101501465,0.06852703541517258
2016-10-12T00:00:00+00:00,2016-10-13T13:57:25.016125+00:00,2016-10-13T13:57:25.016125+00:00,NGX6@2016-10-27,-0.0038091540336608887,-0.03505605459213257,0.020899176597595215,0.05595527961850166
2016-10-13T00:00:00+00:00,2016-10-14T13:57:32.170863+00:00,2016-10-14T13:57:32.170863+00:00,NGX6@2016-10-27,-0.0013613700866699219,-0.04530906677246094,0.038019418716430664,0.08332847058773041
2016-10-14T00:00:00+00:00,2016-10-17T13:57:34.589841+00:00,2016-10-17T13:57:34.589841+00:00,NGX6@2016-10-27,0.0043860673904418945,-0.032531023025512695,0.03520214557647705,0.06773322820663452
2016-10-17T00:00:00+00:00,2016-10-18T14:02:41.241126+00:00,2016-10-18T14:02:41.241126+00:00,NGX6@2016-10-27,0.0013107061386108398,-0.03299790620803833,0.03160727024078369,0.06460511684417725
2016-10-18T00:00:00+00:00,2016-10-19T13:56:19.382897+00:00,2016-10-19T13:56:19.382897+00:00,NGX6@2016-10-27,-1.055002212524414e-05,-0.02676326036453247,0.024799227714538574,0.05156242102384567
2016-10-19T00:00:00+00:00,2016-10-20T13:58:44.565569+00:00,2016-10-20T13:58:44.565569+00:00,NGX6@2016-10-27,-0.0009656548500061035,-0.035143136978149414,0.030853867530822754,0.06599696725606918
2016-10-20T00:00:00+00:00,2016-10-21T13:57:03.729101+00:00,2016-10-21T13:57:03.729101+00:00,NGX6@2016-10-27,-0.00012165307998657227,-0.0300636887550354,0.03175032138824463,0.06181394308805466
2016-10-21T00:00:00+00:00,2016-10-24T13:58:30.116664+00:00,2016-10-24T13:58:30.116664+00:00,NGX6@2016-10-27,-0.003262042999267578,-0.038895368576049805,0.0350416898727417,0.0739370808005333
2016-10-24T00:00:00+00:00,2016-10-25T14:00:48.495236+00:00,2016-10-25T14:00:48.495236+00:00,NGX6@2016-10-27,-0.002683401107788086,-0.03930085897445679,0.038575053215026855,0.07787587493658066
2016-10-25T00:00:00+00:00,2016-10-26T13:56:28.210735+00:00,2016-10-26T13:56:28.210735+00:00,NGX6@2016-10-27,0.000897526741027832,-0.024750828742980957,0.036272525787353516,0.06102338433265686
2016-10-26T00:00:00+00:00,2016-10-27T13:57:10.502670+00:00,2016-10-27T13:57:10.502670+00:00,NGZ6@2016-11-28,0.002197742462158203,-0.026835262775421143,0.034998178482055664,0.061833497136831284
2016-10-27T00:00:00+00:00,2016-10-28T14:34:11.111199+00:00,2016-10-28T14:34:11.111199+00:00,NGZ6@2016-11-28,0.005730867385864258,-0.01762676239013672,0.03191423416137695,0.049540940672159195
2016-10-28T00:00:00+00:00,2016-10-31T13:59:11.975870+00:00,2016-10-31T13:59:11.975870+00:00,NGZ6@2016-11-28,0.0033167600631713867,-0.019668638706207275,0.03149855136871338,0.05116716027259827
2016-10-31T00:00:00+00:00,2016-11-01T14:01:28.783792+00:00,2016-11-01T14:01:28.783792+00:00,NGZ6@2016-11-28,-0.0004011392593383789,-0.022358953952789307,0.029647469520568848,0.052006449550390244
2016-11-01T00:00:00+00:00,2016-11-02T13:56:37.263760+00:00,2016-11-02T13:56:37.263760+00:00,NGZ6@2016-11-28,0.007421374320983887,-0.022603750228881836,0.04355669021606445,0.06616050004959106
2016-11-02T00:00:00+00:00,2016-11-03T13:56:39.731257+00:00,2016-11-03T13:56:39.731257+00:00,NGZ6@2016-11-28,0.01410531997680664,-0.022455930709838867,0.05421864986419678,0.07667462527751923
2016-11-03T00:00:00+00:00,2016-11-04T13:58:04.174982+00:00,2016-11-04T13:58:04.174982+00:00,NGZ6@2016-11-28,0.01003885269165039,-0.0283125638961792,0.05068349838256836,0.07899601757526398
2016-11-04T00:00:00+00:00,2016-11-07T15:13:38.218151+00:00,2016-11-07T15:13:38.218151+00:00,NGZ6@2016-11-28,-0.001225590705871582,-0.034909605979919434,0.033669114112854004,0.06857864558696747
2016-11-07T00:00:00+00:00,2016-11-08T15:00:15.108605+00:00,2016-11-08T15:00:15.108605+00:00,NGZ6@2016-11-28,0.004081249237060547,-0.030557870864868164,0.04148292541503906,0.07204076647758484
2016-11-08T00:00:00+00:00,2016-11-09T15:00:55.707158+00:00,2016-11-09T15:00:55.707158+00:00,NGZ6@2016-11-28,0.0009273290634155273,-0.04233592748641968,0.04734528064727783,0.0896812453866005
2016-11-09T00:00:00+00:00,2016-11-10T15:44:25.075084+00:00,2016-11-10T15:44:25.075084+00:00,NGZ6@2016-11-28,0.0007543563842773438,-0.04173630475997925,0.04539322853088379,0.08712948858737946
2016-11-10T00:00:00+00:00,2016-11-11T14:56:29.382956+00:00,2016-11-11T14:56:29.382956+00:00,NGZ6@2016-11-28,-0.0042002201080322266,-0.0430944561958313,0.037256479263305664,0.08035095781087875
2016-11-11T00:00:00+00:00,2016-11-14T14:56:11.751450+00:00,2016-11-14T14:56:11.751450+00:00,NGZ6@2016-11-28,-0.02003788948059082,-0.052704811096191406,0.013046503067016602,0.06575127691030502
2016-11-14T00:00:00+00:00,2016-11-15T15:00:13.755986+00:00,2016-11-15T15:00:13.755986+00:00,NGZ6@2016-11-28,-0.005437374114990234,-0.047771155834198,0.04277849197387695,0.09054962545633316
2016-11-15T00:00:00+00:00,2016-11-16T15:01:14.240350+00:00,2016-11-16T15:01:14.240350+00:00,NGZ6@2016-11-28,-0.01235508918762207,-0.05468803644180298,0.03414344787597656,0.08883146941661835
2016-11-16T00:00:00+00:00,2016-11-17T14:58:05.251804+00:00,2016-11-17T14:58:05.251804+00:00,NGZ6@2016-11-28,-0.00874030590057373,-0.0498163104057312,0.03537166118621826,0.08518797904253006
2016-11-17T00:00:00+00:00,2016-11-18T14:55:02.748880+00:00,2016-11-18T14:55:02.748880+00:00,NGZ6@2016-11-28,-0.009652197360992432,-0.04909735918045044,0.03141367435455322,0.08051103353500366
2016-11-18T00:00:00+00:00,2016-11-21T14:54:27.214958+00:00,2016-11-21T14:54:27.214958+00:00,NGZ6@2016-11-28,-0.008279383182525635,-0.04907768964767456,0.037804603576660156,0.08688223361968994
2016-11-21T00:00:00+00:00,2016-11-22T14:56:28.530677+00:00,2016-11-22T14:56:28.530677+00:00,NGZ6@2016-11-28,-0.007227003574371338,-0.048023223876953125,0.03599357604980469,0.0840168446302414
2016-11-22T00:00:00+00:00,2016-11-23T14:54:21.970018+00:00,2016-11-23T14:54:21.970018+00:00,NGZ6@2016-11-28,-0.0033083558082580566,-0.04607748985290527,0.03704428672790527,0.08312181383371353
2016-11-23T00:00:00+00:00,2016-11-25T14:57:31.232374+00:00,2016-11-25T14:57:31.232374+00:00,NGZ6@2016-11-28,0.00029778480529785156,-0.04002124071121216,0.036504149436950684,0.07652542740106583
2016-11-25T00:00:00+00:00,2016-11-28T14:56:26.483422+00:00,2016-11-28T14:56:26.483422+00:00,NGZ6@2016-11-28,0.0019683837890625,-0.036385536193847656,0.03319692611694336,0.06958252191543579
2016-11-29T00:00:00+00:00,2016-11-30T14:53:15.258968+00:00,2016-11-30T14:53:15.258968+00:00,NGF7@2016-12-28,-0.001915276050567627,-0.036140382289886475,0.028320789337158203,0.0644611194729805
2016-11-30T00:00:00+00:00,2016-12-01T14:56:37.862026+00:00,2016-12-01T14:56:37.862026+00:00,NGF7@2016-12-28,-0.0021810531616210938,-0.0361822247505188,0.02734839916229248,0.06353065371513367
2016-12-01T00:00:00+00:00,2016-12-02T14:54:34.698064+00:00,2016-12-02T14:54:34.698064+00:00,NGF7@2016-12-28,-0.0028703808784484863,-0.04599952697753906,0.03561079502105713,0.08161037415266037
2016-12-02T00:00:00+00:00,2016-12-05T14:50:49.796571+00:00,2016-12-05T14:50:49.796571+00:00,NGF7@2016-12-28,-0.001453697681427002,-0.038499653339385986,0.03084242343902588,0.06934205442667007
2016-12-05T00:00:00+00:00,2016-12-06T14:50:48.329822+00:00,2016-12-06T14:50:48.329822+00:00,NGF7@2016-12-28,-0.005027592182159424,-0.048972129821777344,0.0369342565536499,0.08590637892484665
2016-12-06T00:00:00+00:00,2016-12-07T14:47:58.567741+00:00,2016-12-07T14:47:58.567741+00:00,NGF7@2016-12-28,-0.0009897947311401367,-0.0394744873046875,0.03575253486633301,0.07522699981927872
2016-12-07T00:00:00+00:00,2016-12-08T14:46:49.136126+00:00,2016-12-08T14:46:49.136126+00:00,NGF7@2016-12-28,-0.0004291534423828125,-0.03886055946350098,0.036710262298583984,0.07557081431150436
2016-12-08T00:00:00+00:00,2016-12-09T14:48:42.992488+00:00,2016-12-09T14:48:42.992488+00:00,NGF7@2016-12-28,-0.002173304557800293,-0.03775620460510254,0.03219008445739746,0.06994626671075821
2016-12-09T00:00:00+00:00,2016-12-12T14:49:23.171869+00:00,2016-12-12T14:49:23.171869+00:00,NGF7@2016-12-28,-0.006079971790313721,-0.0466383695602417,0.0331728458404541,0.0798112228512764
2016-12-12T00:00:00+00:00,2016-12-13T14:52:19.994413+00:00,2016-12-13T14:52:19.994413+00:00,NGF7@2016-12-28,-0.004615604877471924,-0.044709861278533936,0.0373837947845459,0.08209362626075745
2016-12-13T00:00:00+00:00,2016-12-14T14:47:27.471759+00:00,2016-12-14T14:47:27.471759+00:00,NGF7@2016-12-28,-0.0035427212715148926,-0.03754925727844238,0.03575742244720459,0.07330671697854996
2016-12-14T00:00:00+00:00,2016-12-15T14:47:37.242306+00:00,2016-12-15T14:47:37.242306+00:00,NGF7@2016-12-28,-0.011582434177398682,-0.05022817850112915,0.03044116497039795,0.0806693285703659
2016-12-15T00:00:00+00:00,2016-12-16T14:50:40.041000+00:00,2016-12-16T14:50:40.041000+00:00,NGF7@2016-12-28,-0.005721032619476318,-0.041358113288879395,0.03288304805755615,0.07424121350049973
2016-12-16T00:00:00+00:00,2016-12-19T14:53:23.672490+00:00,2016-12-19T14:53:23.672490+00:00,NGF7@2016-12-28,-0.006153881549835205,-0.03917074203491211,0.0271073579788208,0.06627806276082993
2016-12-19T00:00:00+00:00,2016-12-20T14:52:32.404184+00:00,2016-12-20T14:52:32.404184+00:00,NGF7@2016-12-28,-0.004303157329559326,-0.04414743185043335,0.031769394874572754,0.07591677457094193
2016-12-20T00:00:00+00:00,2016-12-21T14:50:18.268276+00:00,2016-12-21T14:50:18.268276+00:00,NGF7@2016-12-28,-0.003851652145385742,-0.04572594165802002,0.035735487937927246,0.08146140724420547
2016-12-21T00:00:00+00:00,2016-12-22T14:50:20.709265+00:00,2016-12-22T14:50:20.709265+00:00,NGF7@2016-12-28,-0.022800743579864502,-0.06763815879821777,0.01862025260925293,0.08625845611095428
2016-12-22T00:00:00+00:00,2016-12-23T14:50:33.528346+00:00,2016-12-23T14:50:33.528346+00:00,NGF7@2016-12-28,-0.009348750114440918,-0.05150043964385986,0.026682257652282715,0.07818268984556198
2016-12-23T00:00:00+00:00,2016-12-27T14:50:32.704546+00:00,2016-12-27T14:50:32.704546+00:00,NGF7@2016-12-28,-0.008114933967590332,-0.052288174629211426,0.033106207847595215,0.08539441227912903
2016-12-27T00:00:00+00:00,2016-12-28T14:50:34.525515+00:00,2016-12-28T14:50:34.525515+00:00,NGF7@2016-12-28,-0.005032896995544434,-0.05129426717758179,0.03895556926727295,0.09024983644485474
2016-12-29T00:00:00+00:00,2016-12-30T14:50:14.329502+00:00,2016-12-30T14:50:14.329502+00:00,NGG7@2017-01-27,-0.0001888275146484375,-0.042987942695617676,0.032283902168273926,0.0752718523144722
2016-12-30T00:00:00+00:00,2017-01-03T14:53:29.237043+00:00,2017-01-03T14:53:29.237043+00:00,NGG7@2017-01-27,-0.004937410354614258,-0.046787261962890625,0.02928948402404785,0.07607671618461609
2017-01-03T00:00:00+00:00,2017-01-04T14:50:25.289146+00:00,2017-01-04T14:50:25.289146+00:00,NGG7@2017-01-27,-0.0082472562789917,-0.07725584506988525,0.05103302001953125,0.12828883528709412
2017-01-04T00:00:00+00:00,2017-01-05T14:52:16.141419+00:00,2017-01-05T14:52:16.141419+00:00,NGG7@2017-01-27,-0.012202322483062744,-0.07688909769058228,0.04528546333312988,0.12217459827661514
2017-01-05T00:00:00+00:00,2017-01-06T14:52:21.198770+00:00,2017-01-06T14:52:21.198770+00:00,NGG7@2017-01-27,-0.008738934993743896,-0.05264389514923096,0.0328984260559082,0.08554229885339737
2017-01-06T00:00:00+00:00,2017-01-09T14:49:48.834763+00:00,2017-01-09T14:49:48.834763+00:00,NGG7@2017-01-27,0.0007880926132202148,-0.040189146995544434,0.03665661811828613,0.07684582471847534
2017-01-09T00:00:00+00:00,2017-01-10T14:51:23.163771+00:00,2017-01-10T14:51:23.163771+00:00,NGG7@2017-01-27,-0.0017691850662231445,-0.048283517360687256,0.03936195373535156,0.08764545619487762
2017-01-10T00:00:00+00:00,2017-01-11T14:47:27.897555+00:00,2017-01-11T14:47:27.897555+00:00,NGG7@2017-01-27,-0.014873504638671875,-0.06178939342498779,0.031207919120788574,0.09299734979867935
2017-01-11T00:00:00+00:00,2017-01-12T14:48:38.046968+00:00,2017-01-12T14:48:38.046968+00:00,NGG7@2017-01-27,-0.01066964864730835,-0.04702448844909668,0.021655559539794922,0.06868007779121399
2017-01-12T00:00:00+00:00,2017-01-13T14:47:20.400896+00:00,2017-01-13T14:47:20.400896+00:00,NGG7@2017-01-27,-0.0136069655418396,-0.06659877300262451,0.03860199451446533,0.10520082712173462
2017-01-13T00:00:00+00:00,2017-01-17T14:48:50.533835+00:00,2017-01-17T14:48:50.533835+00:00,NGG7@2017-01-27,-0.016234517097473145,-0.0671689510345459,0.03533613681793213,0.10250506550073624
2017-01-17T00:00:00+00:00,2017-01-18T14:53:20.707330+00:00,2017-01-18T14:53:20.707330+00:00,NGG7@2017-01-27,-0.010716021060943604,-0.058573782444000244,0.03440415859222412,0.0929778665304184
2017-01-18T00:00:00+00:00,2017-01-19T14:51:11.678974+00:00,2017-01-19T14:51:11.678974+00:00,NGG7@2017-01-27,-0.013830363750457764,-0.05710715055465698,0.02300548553466797,0.08011268824338913
2017-01-19T00:00:00+00:00,2017-01-20T15:11:18.037127+00:00,2017-01-20T15:11:18.037127+00:00,NGG7@2017-01-27,-0.005692660808563232,-0.04790961742401123,0.03369748592376709,0.08160704374313354
2017-01-20T00:00:00+00:00,2017-01-23T14:49:22.753210+00:00,2017-01-23T14:49:22.753210+00:00,NGG7@2017-01-27,0.002059340476989746,-0.04262089729309082,0.047730207443237305,0.09035104513168335
2017-01-23T00:00:00+00:00,2017-01-24T14:51:27.769089+00:00,2017-01-24T14:51:27.769089+00:00,NGG7@2017-01-27,-0.0071631669998168945,-0.049930691719055176,0.03379189968109131,0.08372263610363007
2017-01-24T00:00:00+00:00,2017-01-25T14:49:27.263814+00:00,2017-01-25T14:49:27.263814+00:00,NGG7@2017-01-27,0.001859426498413086,-0.03738051652908325,0.038397908210754395,0.07577842473983765
2017-01-25T00:00:00+00:00,2017-01-26T14:48:16.189131+00:00,2017-01-26T14:48:16.189131+00:00,NGG7@2017-01-27,-0.0035216212272644043,-0.04358917474746704,0.03272199630737305,0.07631111890077591
2017-01-26T00:00:00+00:00,2017-01-27T14:48:17.701550+00:00,2017-01-27T14:48:17.701550+00:00,NGH7@2017-02-24,-0.0049034953117370605,-0.04381817579269409,0.0312117338180542,0.07502990961074829
2017-01-27T00:00:00+00:00,2017-01-30T14:48:47.847813+00:00,2017-01-30T14:48:47.847813+00:00,NGH7@2017-02-24,-0.0015835762023925781,-0.04005014896392822,0.03551936149597168,0.07556945830583572
2017-01-30T00:00:00+00:00,2017-01-31T14:49:43.126398+00:00,2017-01-31T14:49:43.126398+00:00,NGH7@2017-02-24,-0.0006535649299621582,-0.04317742586135864,0.03672373294830322,0.07990120351314545
2017-01-31T00:00:00+00:00,2017-02-01T18:17:48.109069+00:00,2017-02-01T18:17:48.109069+00:00,NGH7@2017-02-24,-0.00222623348236084,-0.04185044765472412,0.04065549373626709,0.0825059786438942
2017-02-01T00:00:00+00:00,2017-02-02T17:06:41.428707+00:00,2017-02-02T17:06:41.428707+00:00,NGH7@2017-02-24,0.006461501121520996,-0.026418864727020264,0.046326518058776855,0.07274536043405533
2017-02-02T00:00:00+00:00,2017-02-03T14:46:50.038744+00:00,2017-02-03T14:46:50.038744+00:00,NGH7@2017-02-24,0.0022330284118652344,-0.03146928548812866,0.041651010513305664,0.0731203630566597
2017-02-03T00:00:00+00:00,2017-02-06T14:47:55.322091+00:00,2017-02-06T14:47:55.322091+00:00,NGH7@2017-02-24,0.0027960538864135742,-0.033975303173065186,0.04693448543548584,0.08090975135564804
2017-02-06T00:00:00+00:00,2017-02-07T15:08:53.418457+00:00,2017-02-07T15:08:53.418457+00:00,NGH7@2017-02-24,0.0019060373306274414,-0.03452467918395996,0.04856610298156738,0.08309075236320496
2017-02-07T00:00:00+00:00,2017-02-08T14:46:47.040688+00:00,2017-02-08T14:46:47.040688+00:00,NGH7@2017-02-24,0.002678513526916504,-0.037829041481018066,0.048493027687072754,0.08632206916809082
2017-02-08T00:00:00+00:00,2017-02-09T14:48:06.271024+00:00,2017-02-09T14:48:06.271024+00:00,NGH7@2017-02-24,-0.0005916953086853027,-0.03197735548019409,0.04025304317474365,0.07223045825958252
2017-02-09T00:00:00+00:00,2017-02-10T14:47:24.637145+00:00,2017-02-10T14:47:24.637145+00:00,NGH7@2017-02-24,-0.0012517571449279785,-0.030123472213745117,0.0395580530166626,0.06968153268098831
2017-02-10T00:00:00+00:00,2017-02-13T14:48:27.806107+00:00,2017-02-13T14:48:27.806107+00:00,NGH7@2017-02-24,-0.005277454853057861,-0.031134605407714844,0.03652060031890869,0.06765516102313995
2017-02-13T00:00:00+00:00,2017-02-14T14:49:29.250496+00:00,2017-02-14T14:49:29.250496+00:00,NGH7@2017-02-24,-0.008802831172943115,-0.04163295030593872,0.03908586502075195,0.08071877807378769
2017-02-14T00:00:00+00:00,2017-02-15T14:46:33.853403+00:00,2017-02-15T14:46:33.853403+00:00,NGH7@2017-02-24,-0.0028351545333862305,-0.03739607334136963,0.04506957530975342,0.08246566355228424
2017-02-15T00:00:00+00:00,2017-02-16T14:47:04.887660+00:00,2017-02-16T14:47:04.887660+00:00,NGH7@2017-02-24,-0.00859212875366211,-0.04233831167221069,0.03431105613708496,0.07664941251277924
2017-02-16T00:00:00+00:00,2017-02-17T14:48:12.911831+00:00,2017-02-17T14:48:12.911831+00:00,NGH7@2017-02-24,-0.0017128586769104004,-0.0517655611038208,0.05053067207336426,0.10229618847370148
2017-02-17T00:00:00+00:00,2017-02-21T14:48:47.287480+00:00,2017-02-21T14:48:47.287480+00:00,NGH7@2017-02-24,-0.004637479782104492,-0.05315566062927246,0.04878973960876465,0.10194539278745651
2017-02-21T00:00:00+00:00,2017-02-22T14:53:40.430761+00:00,2017-02-22T14:53:40.430761+00:00,NGH7@2017-02-24,0.00967264175415039,-0.06913787126541138,0.0921027660369873,0.1612406075000763
2017-02-22T00:00:00+00:00,2017-02-23T14:46:51.646899+00:00,2017-02-23T14:46:51.646899+00:00,NGH7@2017-02-24,0.0003254413604736328,-0.0638430118560791,0.07964909076690674,0.14349211752414703
2017-02-23T00:00:00+00:00,2017-02-24T14:48:52.608514+00:00,2017-02-24T14:48:52.608514+00:00,NGJ7@2017-03-29,0.021289706230163574,-0.03867924213409424,0.08490133285522461,0.12358061224222183
2017-02-24T00:00:00+00:00,2017-02-27T14:49:29.522302+00:00,2017-02-27T14:49:29.522302+00:00,NGJ7@2017-03-29,0.007941484451293945,-0.04757547378540039,0.06968402862548828,0.11725950986146927
2017-02-27T00:00:00+00:00,2017-02-28T14:50:42.114100+00:00,2017-02-28T14:50:42.114100+00:00,NGJ7@2017-03-29,-0.0024424195289611816,-0.04998290538787842,0.05072462558746338,0.10070754587650299
2017-02-28T00:00:00+00:00,2017-03-01T14:47:36.886535+00:00,2017-03-01T14:47:36.886535+00:00,NGJ7@2017-03-29,0.00690007209777832,-0.04210728406906128,0.062006473541259766,0.10411372035741806
2017-03-01T00:00:00+00:00,2017-03-02T14:46:31.334450+00:00,2017-03-02T14:46:31.334450+00:00,NGJ7@2017-03-29,0.003530740737915039,-0.04155254364013672,0.058327674865722656,0.09988026320934296
2017-03-02T00:00:00+00:00,2017-03-03T14:47:48.017901+00:00,2017-03-03T14:47:48.017901+00:00,NGJ7@2017-03-29,0.0009508132934570312,-0.03923839330673218,0.046820640563964844,0.0860590785741806
2017-03-03T00:00:00+00:00,2017-03-06T14:48:25.273620+00:00,2017-03-06T14:48:25.273620+00:00,NGJ7@2017-03-29,0.0016107559204101562,-0.035919249057769775,0.046440839767456055,0.08236008882522583
2017-03-06T00:00:00+00:00,2017-03-07T14:50:11.924575+00:00,2017-03-07T14:50:11.924575+00:00,NGJ7@2017-03-29,0.006617426872253418,-0.032757461071014404,0.051624417304992676,0.08438184857368469
2017-03-07T00:00:00+00:00,2017-03-08T14:49:23.130408+00:00,2017-03-08T14:49:23.130408+00:00,NGJ7@2017-03-29,0.004469633102416992,-0.031007826328277588,0.04473721981048584,0.0757450982928276
2017-03-08T00:00:00+00:00,2017-03-09T14:52:12.460461+00:00,2017-03-09T14:52:12.460461+00:00,NGJ7@2017-03-29,0.004303336143493652,-0.03248804807662964,0.041947126388549805,0.07443516701459885
2017-03-09T00:00:00+00:00,2017-03-10T14:49:17.566316+00:00,2017-03-10T14:49:17.566316+00:00,NGJ7@2017-03-29,0.007507443428039551,-0.03253370523452759,0.04926884174346924,0.08180258423089981
2017-03-10T00:00:00+00:00,2017-03-13T14:06:05.587986+00:00,2017-03-13T14:06:05.587986+00:00,NGJ7@2017-03-29,0.0029207468032836914,-0.030247390270233154,0.03810906410217285,0.06835638731718063
2017-03-13T00:00:00+00:00,2017-03-14T13:55:17.299036+00:00,2017-03-14T13:55:17.299036+00:00,NGJ7@2017-03-29,0.0058307647705078125,-0.030094802379608154,0.04011821746826172,0.07021305710077286
2017-03-14T00:00:00+00:00,2017-03-15T13:52:58.423797+00:00,2017-03-15T13:52:58.423797+00:00,NGJ7@2017-03-29,0.0048236846923828125,-0.02806222438812256,0.04338657855987549,0.07144881039857864
2017-03-15T00:00:00+00:00,2017-03-16T13:52:08.729765+00:00,2017-03-16T13:52:08.729765+00:00,NGJ7@2017-03-29,0.0003153085708618164,-0.03650379180908203,0.04080760478973389,0.0773114413022995
2017-03-16T00:00:00+00:00,2017-03-17T13:53:35.144256+00:00,2017-03-17T13:53:35.144256+00:00,NGJ7@2017-03-29,0.003412961959838867,-0.032824933528900146,0.03947925567626953,0.07230425626039505
2017-03-17T00:00:00+00:00,2017-03-20T13:51:02.177732+00:00,2017-03-20T13:51:02.177732+00:00,NGJ7@2017-03-29,-0.004718005657196045,-0.045055270195007324,0.03368854522705078,0.07874388247728348
2017-03-20T00:00:00+00:00,2017-03-21T13:54:04.098935+00:00,2017-03-21T13:54:04.098935+00:00,NGJ7@2017-03-29,-0.0007360577583312988,-0.036000967025756836,0.03525841236114502,0.07125932723283768
2017-03-21T00:00:00+00:00,2017-03-22T13:49:13.370253+00:00,2017-03-22T13:49:13.370253+00:00,NGJ7@2017-03-29,-0.00040340423583984375,-0.037240564823150635,0.038935184478759766,0.07617570459842682
2017-03-22T00:00:00+00:00,2017-03-23T13:48:10.801718+00:00,2017-03-23T13:48:10.801718+00:00,NGJ7@2017-03-29,0.0037674903869628906,-0.035285770893096924,0.041074395179748535,0.07636014372110367
2017-03-23T00:00:00+00:00,2017-03-24T13:53:03.826392+00:00,2017-03-24T13:53:03.826392+00:00,NGJ7@2017-03-29,0.003534555435180664,-0.030102849006652832,0.03367340564727783,0.06377622485160828
2017-03-24T00:00:00+00:00,2017-03-27T13:52:27.856010+00:00,2017-03-27T13:52:27.856010+00:00,NGJ7@2017-03-29,0.0019745826721191406,-0.0312960147857666,0.031029582023620605,0.0623256079852581
2017-03-27T00:00:00+00:00,2017-03-28T13:53:24.503081+00:00,2017-03-28T13:53:24.503081+00:00,NGJ7@2017-03-29,8.690357208251953e-05,-0.033455610275268555,0.02762138843536377,0.06107702851295471
2017-03-28T00:00:00+00:00,2017-03-29T13:53:21.812840+00:00,2017-03-29T13:53:21.812840+00:00,NGJ7@2017-03-29,-0.0009601712226867676,-0.03372836112976074,0.02755558490753174,0.06128397211432457
2017-03-29T00:00:00+00:00,2017-03-30T13:52:19.238774+00:00,2017-03-30T13:52:19.238774+00:00,NGK7@2017-04-26,-0.003127753734588623,-0.03264814615249634,0.019663572311401367,0.05231166258454323
2017-03-30T00:00:00+00:00,2017-03-31T13:54:18.083085+00:00,2017-03-31T13:54:18.083085+00:00,NGK7@2017-04-26,0.0006012916564941406,-0.0282326340675354,0.023238062858581543,0.051470693200826645
2017-03-31T00:00:00+00:00,2017-04-03T13:53:17.291153+00:00,2017-04-03T13:53:17.291153+00:00,NGK7@2017-04-26,0.0015767812728881836,-0.02839559316635132,0.024895310401916504,0.05329088494181633
2017-04-03T00:00:00+00:00,2017-04-04T13:51:01.425234+00:00,2017-04-04T13:51:01.425234+00:00,NGK7@2017-04-26,0.003824949264526367,-0.029324650764465332,0.030713796615600586,0.06003841757774353
2017-04-04T00:00:00+00:00,2017-04-05T13:52:02.421373+00:00,2017-04-05T13:52:02.421373+00:00,NGK7@2017-04-26,-0.01126629114151001,-0.0466076135635376,0.02121734619140625,0.06782498210668564
2017-04-05T00:00:00+00:00,2017-04-06T13:57:03.487766+00:00,2017-04-06T13:57:03.487766+00:00,NGK7@2017-04-26,0.0024393796920776367,-0.03135651350021362,0.03328073024749756,0.06463727355003357
2017-04-06T00:00:00+00:00,2017-04-07T13:50:06.082348+00:00,2017-04-07T13:50:06.082348+00:00,NGK7@2017-04-26,-0.006592214107513428,-0.03859668970108032,0.017963290214538574,0.056560028344392776
2017-04-07T00:00:00+00:00,2017-04-10T13:49:02.467171+00:00,2017-04-10T13:49:02.467171+00:00,NGK7@2017-04-26,0.0008974075317382812,-0.030606627464294434,0.02593839168548584,0.05654504895210266
2017-04-10T00:00:00+00:00,2017-04-11T13:51:57.276494+00:00,2017-04-11T13:51:57.276494+00:00,NGK7@2017-04-26,-0.0015938282012939453,-0.035175859928131104,0.026337265968322754,0.06151309981942177
2017-04-11T00:00:00+00:00,2017-04-12T13:48:01.288608+00:00,2017-04-12T13:48:01.288608+00:00,NGK7@2017-04-26,0.007191061973571777,-0.030553817749023438,0.036383986473083496,0.0669378712773323
2017-04-12T00:00:00+00:00,2017-04-13T13:50:01.611479+00:00,2017-04-13T13:50:01.611479+00:00,NGK7@2017-04-26,-0.00032383203506469727,-0.032758474349975586,0.025691747665405273,0.058450255542993546
2017-04-13T00:00:00+00:00,2017-04-17T13:48:07.898989+00:00,2017-04-17T13:48:07.898989+00:00,NGK7@2017-04-26,-0.0033655166625976562,-0.0340840220451355,0.022406697273254395,0.05649072304368019
2017-04-17T00:00:00+00:00,2017-04-18T13:52:09.600996+00:00,2017-04-18T13:52:09.600996+00:00,NGK7@2017-04-26,0.0020983219146728516,-0.032537639141082764,0.029611587524414062,0.062149155884981155
2017-04-18T00:00:00+00:00,2017-04-19T13:49:02.008361+00:00,2017-04-19T13:49:02.008361+00:00,NGK7@2017-04-26,0.001086592674255371,-0.03420066833496094,0.03141927719116211,0.06561991572380066
2017-04-19T00:00:00+00:00,2017-04-20T13:48:54.386580+00:00,2017-04-20T13:48:54.386580+00:00,NGK7@2017-04-26,-0.002105414867401123,-0.03540682792663574,0.026128172874450684,0.061535049229860306
2017-04-20T00:00:00+00:00,2017-04-21T13:49:08.830123+00:00,2017-04-21T13:49:08.830123+00:00,NGK7@2017-04-26,-0.00017058849334716797,-0.034957051277160645,0.02880406379699707,0.0637611597776413
2017-04-21T00:00:00+00:00,2017-04-24T19:02:40.607168+00:00,2017-04-24T19:02:40.607168+00:00,NGK7@2017-04-26,0.0031505823135375977,-0.03248167037963867,0.029959917068481445,0.06244160234928131
2017-04-24T00:00:00+00:00,2017-04-25T13:54:11.097792+00:00,2017-04-25T13:54:11.097792+00:00,NGK7@2017-04-26,0.0035729408264160156,-0.03473001718521118,0.03374278545379639,0.06847286969423294
2017-04-25T00:00:00+00:00,2017-04-26T13:47:55.683860+00:00,2017-04-26T13:47:55.683860+00:00,NGK7@2017-04-26,0.0019682645797729492,-0.03806507587432861,0.0340116024017334,0.07207668572664261
2017-04-26T00:00:00+00:00,2017-04-27T14:28:54.090886+00:00,2017-04-27T14:28:54.090886+00:00,NGM7@2017-05-26,0.00022470951080322266,-0.03594309091567993,0.03041231632232666,0.06635544449090958
2017-04-27T00:00:00+00:00,2017-04-28T13:47:49.300755+00:00,2017-04-28T13:47:49.300755+00:00,NGM7@2017-05-26,6.914138793945312e-05,-0.033120691776275635,0.02849602699279785,0.06161666288971901
2017-04-28T00:00:00+00:00,2017-05-01T13:49:01.945784+00:00,2017-05-01T13:49:01.945784+00:00,NGM7@2017-05-26,-0.0016211271286010742,-0.03247880935668945,0.0228348970413208,0.05531362071633339
2017-05-01T00:00:00+00:00,2017-05-02T13:52:03.517388+00:00,2017-05-02T13:52:03.517388+00:00,NGM7@2017-05-26,0.0044966936111450195,-0.0249977707862854,0.029569506645202637,0.054567303508520126
2017-05-02T00:00:00+00:00,2017-05-03T13:46:18.383013+00:00,2017-05-03T13:46:18.383013+00:00,NGM7@2017-05-26,0.000774383544921875,-0.027341246604919434,0.026587247848510742,0.053928494453430176
2017-05-03T00:00:00+00:00,2017-05-04T13:49:07.310669+00:00,2017-05-04T13:49:07.310669+00:00,NGM7@2017-05-26,0.0008182525634765625,-0.02909296751022339,0.028049945831298828,0.05714290961623192
2017-05-04T00:00:00+00:00,2017-05-05T13:48:16.876957+00:00,2017-05-05T13:48:16.876957+00:00,NGM7@2017-05-26,0.0022394657135009766,-0.027568399906158447,0.030664682388305664,0.058233026415109634
2017-05-05T00:00:00+00:00,2017-05-08T13:49:07.169350+00:00,2017-05-08T13:49:07.169350+00:00,NGM7@2017-05-26,-0.0015596747398376465,-0.030432045459747314,0.023833036422729492,0.05426504462957382
2017-05-08T00:00:00+00:00,2017-05-09T13:50:58.806044+00:00,2017-05-09T13:50:58.806044+00:00,NGM7@2017-05-26,0.009498834609985352,-0.017602860927581787,0.0324857234954834,0.05008857324719429
2017-05-09T00:00:00+00:00,2017-05-10T13:46:53.938066+00:00,2017-05-10T13:46:53.938066+00:00,NGM7@2017-05-26,-0.0011749267578125,-0.02629673480987549,0.021164894104003906,0.047461625188589096
2017-05-10T00:00:00+00:00,2017-05-11T13:49:08.899984+00:00,2017-05-11T13:49:08.899984+00:00,NGM7@2017-05-26,-0.00573807954788208,-0.03242772817611694,0.019061684608459473,0.05148943141102791
2017-05-11T00:00:00+00:00,2017-05-12T13:46:23.409223+00:00,2017-05-12T13:46:23.409223+00:00,NGM7@2017-05-26,-0.00658416748046875,-0.03646087646484375,0.021588802337646484,0.058049630373716354
2017-05-12T00:00:00+00:00,2017-05-15T13:49:53.147083+00:00,2017-05-15T13:49:53.147083+00:00,NGM7@2017-05-26,-0.0023807883262634277,-0.03569668531417847,0.02910149097442627,0.0647982582449913
2017-05-15T00:00:00+00:00,2017-05-16T14:02:55.508753+00:00,2017-05-16T14:02:55.508753+00:00,NGM7@2017-05-26,0.001955389976501465,-0.02886265516281128,0.03202807903289795,0.06089071184396744
2017-05-16T00:00:00+00:00,2017-05-17T13:50:38.374243+00:00,2017-05-17T13:50:38.374243+00:00,NGM7@2017-05-26,0.009116172790527344,-0.027050912380218506,0.045353055000305176,0.07240395992994308
2017-05-17T00:00:00+00:00,2017-05-18T13:49:56.235820+00:00,2017-05-18T13:49:56.235820+00:00,NGM7@2017-05-26,0.005913496017456055,-0.028187870979309082,0.04087352752685547,0.06906139105558395
2017-05-18T00:00:00+00:00,2017-05-19T13:47:53.536952+00:00,2017-05-19T13:47:53.536952+00:00,NGM7@2017-05-26,0.004410505294799805,-0.028240561485290527,0.03630566596984863,0.06454617530107498
2017-05-19T00:00:00+00:00,2017-05-22T13:48:48.660732+00:00,2017-05-22T13:48:48.660732+00:00,NGM7@2017-05-26,-0.002976059913635254,-0.0349116325378418,0.02779233455657959,0.06270401179790497
2017-05-22T00:00:00+00:00,2017-05-23T13:51:01.341639+00:00,2017-05-23T13:51:01.341639+00:00,NGM7@2017-05-26,-0.005797386169433594,-0.03578370809555054,0.02579367160797119,0.061577364802360535
2017-05-23T00:00:00+00:00,2017-05-24T14:45:02.393325+00:00,2017-05-24T14:45:02.393325+00:00,NGM7@2017-05-26,0.003627777099609375,-0.026430189609527588,0.035489797592163086,0.06192002072930336
2017-05-24T00:00:00+00:00,2017-05-25T13:46:48.395231+00:00,2017-05-25T13:46:48.395231+00:00,NGM7@2017-05-26,-0.0003102421760559082,-0.03019183874130249,0.03084409236907959,0.061035897582769394
2017-05-25T00:00:00+00:00,2017-05-26T13:46:07.830547+00:00,2017-05-26T13:46:07.830547+00:00,NGN7@2017-06-28,0.005379319190979004,-0.022828280925750732,0.03263664245605469,0.05546489730477333
2017-05-26T00:00:00+00:00,2017-05-30T13:46:54.833532+00:00,2017-05-30T13:46:54.833532+00:00,NGN7@2017-06-28,0.0014330148696899414,-0.025666534900665283,0.02856886386871338,0.05423532798886299
2017-05-30T00:00:00+00:00,2017-05-31T13:50:49.075737+00:00,2017-05-31T13:50:49.075737+00:00,NGN7@2017-06-28,0.010811686515808105,-0.025134801864624023,0.045461177825927734,0.07059600949287415
2017-05-31T00:00:00+00:00,2017-06-01T13:47:22.158085+00:00,2017-06-01T13:47:22.158085+00:00,NGN7@2017-06-28,0.014703631401062012,-0.023640215396881104,0.051965951919555664,0.07560624927282333
2017-06-01T00:00:00+00:00,2017-06-02T13:47:01.157037+00:00,2017-06-02T13:47:01.157037+00:00,NGN7@2017-06-28,0.019870758056640625,-0.016303718090057373,0.056578636169433594,0.07288229465484619
2017-06-02T00:00:00+00:00,2017-06-05T13:46:02.757634+00:00,2017-06-05T13:46:02.757634+00:00,NGN7@2017-06-28,0.010500073432922363,-0.02599436044692993,0.04371941089630127,0.0697137787938118
2017-06-05T00:00:00+00:00,2017-06-06T13:49:16.538428+00:00,2017-06-06T13:49:16.538428+00:00,NGN7@2017-06-28,0.004842996597290039,-0.029753804206848145,0.03619730472564697,0.06595103442668915
2017-06-06T00:00:00+00:00,2017-06-07T13:45:55.301209+00:00,2017-06-07T13:45:55.301209+00:00,NGN7@2017-06-28,0.008205413818359375,-0.025495409965515137,0.0379483699798584,0.06344379484653473
2017-06-07T00:00:00+00:00,2017-06-08T13:47:09.891650+00:00,2017-06-08T13:47:09.891650+00:00,NGN7@2017-06-28,0.005608081817626953,-0.027081847190856934,0.035218238830566406,0.06230003759264946
2017-06-08T00:00:00+00:00,2017-06-09T13:46:09.309399+00:00,2017-06-09T13:46:09.309399+00:00,NGN7@2017-06-28,0.0037245750427246094,-0.027330517768859863,0.032514095306396484,0.05984463542699814
2017-06-09T00:00:00+00:00,2017-06-12T16:20:51.049218+00:00,2017-06-12T16:20:51.049218+00:00,NGN7@2017-06-28,0.004330635070800781,-0.0270729660987854,0.03435719013214111,0.06143016740679741
2017-06-12T00:00:00+00:00,2017-06-13T13:51:42.571628+00:00,2017-06-13T13:51:42.571628+00:00,NGN7@2017-06-28,0.0049353837966918945,-0.02528482675552368,0.035227417945861816,0.060512278228998184
2017-06-13T00:00:00+00:00,2017-06-14T13:47:56.242479+00:00,2017-06-14T13:47:56.242479+00:00,NGN7@2017-06-28,0.003515958786010742,-0.027089059352874756,0.03153502941131592,0.058624040335416794
2017-06-14T00:00:00+00:00,2017-06-15T14:19:44.145637+00:00,2017-06-15T14:19:44.145637+00:00,NGN7@2017-06-28,0.004654049873352051,-0.024874329566955566,0.031710267066955566,0.056584540754556656
2017-06-15T00:00:00+00:00,2017-06-16T13:52:14.011208+00:00,2017-06-16T13:52:14.011208+00:00,NGN7@2017-06-28,0.0012737512588500977,-0.030069828033447266,0.031189322471618652,0.06125922128558159
2017-06-16T00:00:00+00:00,2017-06-19T13:47:49.748411+00:00,2017-06-19T13:47:49.748411+00:00,NGN7@2017-06-28,0.0023429393768310547,-0.025074124336242676,0.029798030853271484,0.05487222969532013
2017-06-19T00:00:00+00:00,2017-06-20T13:50:54.449210+00:00,2017-06-20T13:50:54.449210+00:00,NGN7@2017-06-28,0.009927749633789062,-0.028062880039215088,0.04435527324676514,0.07241811603307724
2017-06-20T00:00:00+00:00,2017-06-21T13:52:06.832890+00:00,2017-06-21T13:52:06.832890+00:00,NGN7@2017-06-28,0.00663912296295166,-0.027136564254760742,0.03548741340637207,0.06262395530939102
2017-06-21T00:00:00+00:00,2017-06-22T13:54:13.404545+00:00,2017-06-22T13:54:13.404545+00:00,NGN7@2017-06-28,0.006130576133728027,-0.028615176677703857,0.03919827938079834,0.06781348586082458
2017-06-22T00:00:00+00:00,2017-06-23T13:55:49.812300+00:00,2017-06-23T13:55:49.812300+00:00,NGN7@2017-06-28,-0.00044274330139160156,-0.03043586015701294,0.030503034591674805,0.06093885004520416
2017-06-23T00:00:00+00:00,2017-06-26T13:52:03.424098+00:00,2017-06-26T13:52:03.424098+00:00,NGN7@2017-06-28,0.0008230209350585938,-0.02759373188018799,0.0319896936416626,0.059583403170108795
2017-06-26T00:00:00+00:00,2017-06-27T13:51:56.466676+00:00,2017-06-27T13:51:56.466676+00:00,NGN7@2017-06-28,0.0003113746643066406,-0.035852134227752686,0.03546881675720215,0.07132094353437424
2017-06-27T00:00:00+00:00,2017-06-28T13:52:57.206181+00:00,2017-06-28T13:52:57.206181+00:00,NGN7@2017-06-28,-0.00032848119735717773,-0.03568434715270996,0.033245205879211426,0.06892958283424377
2017-06-28T00:00:00+00:00,2017-06-29T16:22:58.644429+00:00,2017-06-29T16:22:58.644429+00:00,NGQ7@2017-07-27,-0.00028395652770996094,-0.03604114055633545,0.03257012367248535,0.06861130148172379
2017-06-29T00:00:00+00:00,2017-06-30T13:54:49.254569+00:00,2017-06-30T13:54:49.254569+00:00,NGQ7@2017-07-27,0.0032885074615478516,-0.03220564126968384,0.03534090518951416,0.06754652410745621
2017-06-30T00:00:00+00:00,2017-07-03T13:53:16.296954+00:00,2017-07-03T13:53:16.296954+00:00,NGQ7@2017-07-27,0.0048542022705078125,-0.02867990732192993,0.036508798599243164,0.06518874317407608
2017-07-03T00:00:00+00:00,2017-07-05T13:51:20.349096+00:00,2017-07-05T13:51:20.349096+00:00,NGQ7@2017-07-27,0.015902280807495117,-0.02216583490371704,0.051482200622558594,0.07364807277917862
2017-07-05T00:00:00+00:00,2017-07-06T13:52:07.733967+00:00,2017-07-06T13:52:07.733967+00:00,NGQ7@2017-07-27,0.013880133628845215,-0.02421879768371582,0.0500718355178833,0.07429064065217972
2017-07-06T00:00:00+00:00,2017-07-07T13:53:51.914354+00:00,2017-07-07T13:53:51.914354+00:00,NGQ7@2017-07-27,0.010816693305969238,-0.03237438201904297,0.05039107799530029,0.08276542276144028
2017-07-07T00:00:00+00:00,2017-07-10T13:48:26.538857+00:00,2017-07-10T13:48:26.538857+00:00,NGQ7@2017-07-27,0.009672999382019043,-0.03145444393157959,0.045958518981933594,0.07741294801235199
2017-07-10T00:00:00+00:00,2017-07-11T13:51:36.194348+00:00,2017-07-11T13:51:36.194348+00:00,NGQ7@2017-07-27,0.004683852195739746,-0.03283590078353882,0.03734242916107178,0.07017833739519119
2017-07-11T00:00:00+00:00,2017-07-12T13:49:38.039268+00:00,2017-07-12T13:49:38.039268+00:00,NGQ7@2017-07-27,0.000579833984375,-0.038616836071014404,0.03455817699432373,0.07317502051591873
2017-07-12T00:00:00+00:00,2017-07-13T13:47:30.992238+00:00,2017-07-13T13:47:30.992238+00:00,NGQ7@2017-07-27,0.0033637285232543945,-0.033733069896698,0.03703773021697998,0.07077078521251678
2017-07-13T00:00:00+00:00,2017-07-14T13:51:12.450813+00:00,2017-07-14T13:51:12.450813+00:00,NGQ7@2017-07-27,0.005774736404418945,-0.034083008766174316,0.04197490215301514,0.07605794072151184
2017-07-14T00:00:00+00:00,2017-07-17T13:59:46.810499+00:00,2017-07-17T13:59:46.810499+00:00,NGQ7@2017-07-27,0.0035468339920043945,-0.03228253126144409,0.03706717491149902,0.06934972107410431
2017-07-17T00:00:00+00:00,2017-07-18T13:50:47.908956+00:00,2017-07-18T13:50:47.908956+00:00,NGQ7@2017-07-27,-0.00047713518142700195,-0.029858946800231934,0.026744484901428223,0.056603413075208664
2017-07-18T00:00:00+00:00,2017-07-19T13:53:49.582891+00:00,2017-07-19T13:53:49.582891+00:00,NGQ7@2017-07-27,-0.0024678707122802734,-0.03448992967605591,0.024242877960205078,0.058732811361551285
2017-07-19T00:00:00+00:00,2017-07-20T13:54:34.583055+00:00,2017-07-20T13:54:34.583055+00:00,NGQ7@2017-07-27,-0.0005036592483520508,-0.03286677598953247,0.02490365505218506,0.05777047201991081
2017-07-20T00:00:00+00:00,2017-07-21T13:51:51.408143+00:00,2017-07-21T13:51:51.408143+00:00,NGQ7@2017-07-27,-0.0008220672607421875,-0.03141975402832031,0.025834083557128906,0.057253915816545486
2017-07-21T00:00:00+00:00,2017-07-24T14:21:31.255147+00:00,2017-07-24T14:21:31.255147+00:00,NGQ7@2017-07-27,0.002828359603881836,-0.02849966287612915,0.030420422554016113,0.05892005190253258
2017-07-24T00:00:00+00:00,2017-07-25T13:52:21.928090+00:00,2017-07-25T13:52:21.928090+00:00,NGQ7@2017-07-27,0.009439945220947266,-0.02874171733856201,0.043967366218566895,0.0727091133594513
2017-07-25T00:00:00+00:00,2017-07-26T13:47:30.193232+00:00,2017-07-26T13:47:30.193232+00:00,NGQ7@2017-07-27,0.009793639183044434,-0.025727927684783936,0.040673255920410156,0.06640119105577469
2017-07-26T00:00:00+00:00,2017-07-27T13:49:43.461514+00:00,2017-07-27T13:49:43.461514+00:00,NGU7@2017-08-29,0.0091780424118042,-0.028388261795043945,0.042073845863342285,0.07046210020780563
2017-07-27T00:00:00+00:00,2017-07-28T13:53:29.362897+00:00,2017-07-28T13:53:29.362897+00:00,NGU7@2017-08-29,0.005843400955200195,-0.02820587158203125,0.03654468059539795,0.06475052982568741
2017-07-28T00:00:00+00:00,2017-07-31T13:48:29.106185+00:00,2017-07-31T13:48:29.106185+00:00,NGU7@2017-08-29,0.005338311195373535,-0.025077104568481445,0.035242438316345215,0.060319576412439346
2017-07-31T00:00:00+00:00,2017-08-01T13:51:43.171994+00:00,2017-08-01T13:51:43.171994+00:00,NGU7@2017-08-29,0.00979757308959961,-0.028984904289245605,0.04359149932861328,0.07257644087076187
2017-08-01T00:00:00+00:00,2017-08-02T13:47:20.602112+00:00,2017-08-02T13:47:20.602112+00:00,NGU7@2017-08-29,0.018898725509643555,-0.02018529176712036,0.0513073205947876,0.07149259001016617
2017-08-02T00:00:00+00:00,2017-08-03T13:48:31.828244+00:00,2017-08-03T13:48:31.828244+00:00,NGU7@2017-08-29,0.01395714282989502,-0.025795340538024902,0.04826557636260986,0.07406090199947357
2017-08-03T00:00:00+00:00,2017-08-04T13:52:43.998335+00:00,2017-08-04T13:52:43.998335+00:00,NGU7@2017-08-29,0.014051675796508789,-0.026464462280273438,0.04795527458190918,0.07441972196102142
2017-08-04T00:00:00+00:00,2017-08-07T13:48:30.302700+00:00,2017-08-07T13:48:30.302700+00:00,NGU7@2017-08-29,0.010754108428955078,-0.028847038745880127,0.042218685150146484,0.07106567174196243
2017-08-07T00:00:00+00:00,2017-08-08T13:52:24.434867+00:00,2017-08-08T13:52:24.434867+00:00,NGU7@2017-08-29,0.010589003562927246,-0.029605209827423096,0.043470025062561035,0.07307524979114532
2017-08-08T00:00:00+00:00,2017-08-09T13:48:43.774228+00:00,2017-08-09T13:48:43.774228+00:00,NGU7@2017-08-29,0.006061673164367676,-0.03425192832946777,0.03782927989959717,0.07208123803138733
2017-08-09T00:00:00+00:00,2017-08-10T13:48:44.353574+00:00,2017-08-10T13:48:44.353574+00:00,NGU7@2017-08-29,0.002642989158630371,-0.035175323486328125,0.034566283226013184,0.0697416141629219
2017-08-10T00:00:00+00:00,2017-08-11T13:56:23.289728+00:00,2017-08-11T13:56:23.289728+00:00,NGU7@2017-08-29,-0.00041103363037109375,-0.04491060972213745,0.03550541400909424,0.0804159939289093
2017-08-11T00:00:00+00:00,2017-08-14T13:48:38.146155+00:00,2017-08-14T13:48:38.146155+00:00,NGU7@2017-08-29,0.0017644166946411133,-0.039917945861816406,0.03454458713531494,0.07446260750293732
2017-08-14T00:00:00+00:00,2017-08-15T13:52:38.697739+00:00,2017-08-15T13:52:38.697739+00:00,NGU7@2017-08-29,0.0009154081344604492,-0.036050379276275635,0.028862476348876953,0.06491278111934662
2017-08-15T00:00:00+00:00,2017-08-16T13:52:23.451221+00:00,2017-08-16T13:52:23.451221+00:00,NGU7@2017-08-29,0.0031555891036987305,-0.03447514772415161,0.032112717628479004,0.06658783555030823
2017-08-16T00:00:00+00:00,2017-08-17T13:50:22.392650+00:00,2017-08-17T13:50:22.392650+00:00,NGU7@2017-08-29,0.003089427947998047,-0.033977389335632324,0.03304886817932129,0.06702622771263123
2017-08-17T00:00:00+00:00,2017-08-18T13:54:49.118205+00:00,2017-08-18T13:54:49.118205+00:00,NGU7@2017-08-29,0.0058820247650146484,-0.025688230991363525,0.03127288818359375,0.056961122900247574
2017-08-18T00:00:00+00:00,2017-08-21T13:49:42.079808+00:00,2017-08-21T13:49:42.079808+00:00,NGU7@2017-08-29,0.003529787063598633,-0.030628979206085205,0.0327831506729126,0.06341209262609482
2017-08-21T00:00:00+00:00,2017-08-22T13:51:19.856131+00:00,2017-08-22T13:51:19.856131+00:00,NGU7@2017-08-29,-0.0017058849334716797,-0.037365853786468506,0.026069283485412598,0.06343520432710648
2017-08-22T00:00:00+00:00,2017-08-23T13:47:31.423681+00:00,2017-08-23T13:47:31.423681+00:00,NGU7@2017-08-29,0.00044286251068115234,-0.03458279371261597,0.026343464851379395,0.06092629209160805
2017-08-23T00:00:00+00:00,2017-08-24T13:49:46.083702+00:00,2017-08-24T13:49:46.083702+00:00,NGU7@2017-08-29,0.0007628202438354492,-0.03173971176147461,0.02724635601043701,0.0589861236512661
2017-08-24T00:00:00+00:00,2017-08-25T13:54:37.611929+00:00,2017-08-25T13:54:37.611929+00:00,NGU7@2017-08-29,-0.0023227334022521973,-0.03482431173324585,0.023157596588134766,0.057981882244348526
2017-08-25T00:00:00+00:00,2017-08-28T13:40:32.462158+00:00,2017-08-28T13:40:32.462158+00:00,NGU7@2017-08-29,0.004201292991638184,-0.030893981456756592,0.03201568126678467,0.06290969252586365
2017-08-28T00:00:00+00:00,2017-08-29T13:40:29.510576+00:00,2017-08-29T13:40:29.510576+00:00,NGU7@2017-08-29,0.00020563602447509766,-0.03343778848648071,0.02611708641052246,0.05955484136939049
2017-08-30T00:00:00+00:00,2017-08-31T13:41:57.749002+00:00,2017-08-31T13:41:57.749002+00:00,NGV7@2017-09-27,0.0010460615158081055,-0.037199437618255615,0.029952287673950195,0.06715170294046402
2017-08-31T00:00:00+00:00,2017-09-01T13:42:02.073453+00:00,2017-09-01T13:42:02.073453+00:00,NGV7@2017-09-27,-0.0045694708824157715,-0.04365020990371704,0.025921344757080078,0.06957156211137772
2017-09-01T00:00:00+00:00,2017-09-05T13:41:59.754144+00:00,2017-09-05T13:41:59.754144+00:00,NGV7@2017-09-27,-0.004057765007019043,-0.0429840087890625,0.02532970905303955,0.06831368058919907
2017-09-05T00:00:00+00:00,2017-09-06T13:41:59.220906+00:00,2017-09-06T13:41:59.220906+00:00,NGV7@2017-09-27,-0.0007345080375671387,-0.038928091526031494,0.03012979030609131,0.0690578818321228
2017-09-06T00:00:00+00:00,2017-09-07T13:48:29.735066+00:00,2017-09-07T13:48:29.735066+00:00,NGV7@2017-09-27,-0.00032204389572143555,-0.03707760572433472,0.027722954750061035,0.06480058282613754
2017-09-07T00:00:00+00:00,2017-09-08T14:00:22.172065+00:00,2017-09-08T14:00:22.172065+00:00,NGV7@2017-09-27,0.0022290945053100586,-0.034993529319763184,0.03060901165008545,0.06560254096984863
2017-09-08T00:00:00+00:00,2017-09-11T13:49:46.306463+00:00,2017-09-11T13:49:46.306463+00:00,NGV7@2017-09-27,0.009731888771057129,-0.033795714378356934,0.04350423812866211,0.07729992270469666
2017-09-11T00:00:00+00:00,2017-09-12T13:52:42.509984+00:00,2017-09-12T13:52:42.509984+00:00,NGV7@2017-09-27,0.004669547080993652,-0.03334301710128784,0.0345996618270874,0.06794266402721405
2017-09-12T00:00:00+00:00,2017-09-13T13:47:28.405563+00:00,2017-09-13T13:47:28.405563+00:00,NGV7@2017-09-27,0.0028203725814819336,-0.03377938270568848,0.0337061882019043,0.06748564541339874
2017-09-13T00:00:00+00:00,2017-09-14T13:59:34.393800+00:00,2017-09-14T13:59:34.393800+00:00,NGV7@2017-09-27,0.0009278059005737305,-0.03451681137084961,0.03168845176696777,0.06620528548955917
2017-09-14T00:00:00+00:00,2017-09-15T13:52:29.816486+00:00,2017-09-15T13:52:29.816486+00:00,NGV7@2017-09-27,-0.0025238394737243652,-0.034365296363830566,0.023761510848999023,0.058126840740442276
2017-09-15T00:00:00+00:00,2017-09-18T13:53:36.459977+00:00,2017-09-18T13:53:36.459977+00:00,NGV7@2017-09-27,-0.0016853809356689453,-0.034308791160583496,0.026072263717651367,0.06038108468055725
2017-09-18T00:00:00+00:00,2017-09-19T13:52:28.090023+00:00,2017-09-19T13:52:28.090023+00:00,NGV7@2017-09-27,-0.0011702775955200195,-0.03456825017929077,0.03151249885559082,0.06608074903488159
2017-09-19T00:00:00+00:00,2017-09-20T13:52:35.319922+00:00,2017-09-20T13:52:35.319922+00:00,NGV7@2017-09-27,-0.004379212856292725,-0.03829085826873779,0.028128623962402344,0.06641943007707596
2017-09-20T00:00:00+00:00,2017-09-21T13:53:39.835550+00:00,2017-09-21T13:53:39.835550+00:00,NGV7@2017-09-27,-0.004824161529541016,-0.04025989770889282,0.03054821491241455,0.07080808281898499
2017-09-21T00:00:00+00:00,2017-09-22T13:51:23.652189+00:00,2017-09-22T13:51:23.652189+00:00,NGV7@2017-09-27,0.0048024654388427734,-0.03242087364196777,0.04279649257659912,0.07521741837263107
2017-09-22T00:00:00+00:00,2017-09-25T13:53:22.036148+00:00,2017-09-25T13:53:22.036148+00:00,NGV7@2017-09-27,0.006684780120849609,-0.024354219436645508,0.04309523105621338,0.06744949519634247
2017-09-25T00:00:00+00:00,2017-09-26T13:53:18.381142+00:00,2017-09-26T13:53:18.381142+00:00,NGV7@2017-09-27,0.008807182312011719,-0.020319342613220215,0.04414999485015869,0.06446931511163712
2017-09-26T00:00:00+00:00,2017-09-27T13:52:42.568640+00:00,2017-09-27T13:52:42.568640+00:00,NGV7@2017-09-27,0.008681654930114746,-0.01747983694076538,0.04184246063232422,0.05932226777076721
2017-09-27T00:00:00+00:00,2017-09-28T13:54:29.306822+00:00,2017-09-28T13:54:29.306822+00:00,NGX7@2017-10-27,-0.0007852911949157715,-0.026964902877807617,0.02955794334411621,0.05652288347482681
2017-09-28T00:00:00+00:00,2017-09-29T13:53:45.251470+00:00,2017-09-29T13:53:45.251470+00:00,NGX7@2017-10-27,0.0010118484497070312,-0.024020910263061523,0.029513835906982422,0.05353473126888275
2017-09-29T00:00:00+00:00,2017-10-02T13:52:48.603456+00:00,2017-10-02T13:52:48.603456+00:00,NGX7@2017-10-27,0.0038475990295410156,-0.019156336784362793,0.03330373764038086,0.05246009677648544
2017-10-02T00:00:00+00:00,2017-10-03T13:51:37.118300+00:00,2017-10-03T13:51:37.118300+00:00,NGX7@2017-10-27,0.013101577758789062,-0.01841527223587036,0.04870891571044922,0.06712423264980316
2017-10-03T00:00:00+00:00,2017-10-04T13:50:44.465486+00:00,2017-10-04T13:50:44.465486+00:00,NGX7@2017-10-27,0.013451814651489258,-0.020528137683868408,0.050833821296691895,0.07136193662881851
2017-10-04T00:00:00+00:00,2017-10-05T14:07:02.369185+00:00,2017-10-05T14:07:02.369185+00:00,NGX7@2017-10-27,0.009794831275939941,-0.02228713035583496,0.043808698654174805,0.06609579175710678
2017-10-05T00:00:00+00:00,2017-10-06T13:51:37.700861+00:00,2017-10-06T13:51:37.700861+00:00,NGX7@2017-10-27,0.006267189979553223,-0.024485349655151367,0.039307475090026855,0.06379283219575882
2017-10-06T00:00:00+00:00,2017-10-09T13:48:31.594842+00:00,2017-10-09T13:48:31.594842+00:00,NGX7@2017-10-27,0.006591200828552246,-0.02679908275604248,0.04169738292694092,0.06849642097949982
2017-10-09T00:00:00+00:00,2017-10-10T13:51:23.282264+00:00,2017-10-10T13:51:23.282264+00:00,NGX7@2017-10-27,0.012566447257995605,-0.018788933753967285,0.047356247901916504,0.06614521145820618
2017-10-10T00:00:00+00:00,2017-10-11T13:47:23.637190+00:00,2017-10-11T13:47:23.637190+00:00,NGX7@2017-10-27,0.00487065315246582,-0.028251588344573975,0.04119873046875,0.06945031881332397
2017-10-11T00:00:00+00:00,2017-10-12T13:48:38.389042+00:00,2017-10-12T13:48:38.389042+00:00,NGX7@2017-10-27,0.004439592361450195,-0.027416646480560303,0.03977978229522705,0.06719648838043213
2017-10-12T00:00:00+00:00,2017-10-13T13:52:19.952129+00:00,2017-10-13T13:52:19.952129+00:00,NGX7@2017-10-27,0.0022405385971069336,-0.03303045034408569,0.04049956798553467,0.07352999597787857
2017-10-13T00:00:00+00:00,2017-10-16T13:47:17.227984+00:00,2017-10-16T13:47:17.227984+00:00,NGX7@2017-10-27,-0.0037166476249694824,-0.033288657665252686,0.02500474452972412,0.05829334259033203
2017-10-16T00:00:00+00:00,2017-10-17T13:53:59.465217+00:00,2017-10-17T13:53:59.465217+00:00,NGX7@2017-10-27,-0.0013350248336791992,-0.02811717987060547,0.034577369689941406,0.06269461661577225
2017-10-17T00:00:00+00:00,2017-10-18T13:48:03.837657+00:00,2017-10-18T13:48:03.837657+00:00,NGX7@2017-10-27,0.0006771087646484375,-0.025755703449249268,0.03319859504699707,0.05895426869392395
2017-10-18T00:00:00+00:00,2017-10-19T14:19:13.636238+00:00,2017-10-19T14:19:13.636238+00:00,NGX7@2017-10-27,0.004874229431152344,-0.02950841188430786,0.03916335105895996,0.068671815097332
2017-10-19T00:00:00+00:00,2017-10-20T14:15:23.095595+00:00,2017-10-20T14:15:23.095595+00:00,NGX7@2017-10-27,0.005735516548156738,-0.024454951286315918,0.03414559364318848,0.05860060080885887
2017-10-20T00:00:00+00:00,2017-10-23T13:49:22.717887+00:00,2017-10-23T13:49:22.717887+00:00,NGX7@2017-10-27,0.0024728775024414062,-0.027969539165496826,0.029064059257507324,0.05703356862068176
2017-10-23T00:00:00+00:00,2017-10-24T13:54:14.604431+00:00,2017-10-24T13:54:14.604431+00:00,NGX7@2017-10-27,0.0027502775192260742,-0.027074873447418213,0.03188610076904297,0.05896105244755745
2017-10-24T00:00:00+00:00,2017-10-25T13:48:16.482915+00:00,2017-10-25T13:48:16.482915+00:00,NGX7@2017-10-27,-0.0030180811882019043,-0.030884981155395508,0.026248693466186523,0.05713363736867905
2017-10-25T00:00:00+00:00,2017-10-26T13:50:23.339427+00:00,2017-10-26T13:50:23.339427+00:00,NGX7@2017-10-27,0.0024275779724121094,-0.026206254959106445,0.029841303825378418,0.05604756250977516
2017-10-26T00:00:00+00:00,2017-10-27T13:59:16.354802+00:00,2017-10-27T13:59:16.354802+00:00,NGZ7@2017-11-28,0.0050237178802490234,-0.016975224018096924,0.031491994857788086,0.04846726730465889
2017-10-27T00:00:00+00:00,2017-10-30T13:20:20.367880+00:00,2017-10-30T13:20:20.367880+00:00,NGZ7@2017-11-28,0.006944894790649414,-0.023872733116149902,0.03821611404418945,0.06208881363272667
2017-10-30T00:00:00+00:00,2017-10-31T13:20:05.631291+00:00,2017-10-31T13:20:05.631291+00:00,NGZ7@2017-11-28,0.008664250373840332,-0.016544342041015625,0.034941911697387695,0.05148627236485481
2017-10-31T00:00:00+00:00,2017-11-01T13:19:39.862008+00:00,2017-11-01T13:19:39.862008+00:00,NGZ7@2017-11-28,0.0028755664825439453,-0.027596116065979004,0.030875205993652344,0.05847133696079254
2017-11-01T00:00:00+00:00,2017-11-02T13:20:20.453982+00:00,2017-11-02T13:20:20.453982+00:00,NGZ7@2017-11-28,0.005964756011962891,-0.024350762367248535,0.03311324119567871,0.05746398866176605
2017-11-02T00:00:00+00:00,2017-11-03T13:20:39.538025+00:00,2017-11-03T13:20:39.538025+00:00,NGZ7@2017-11-28,0.004419922828674316,-0.025472700595855713,0.029798150062561035,0.05527086928486824
2017-11-03T00:00:00+00:00,2017-11-06T14:19:51.902311+00:00,2017-11-06T14:19:51.902311+00:00,NGZ7@2017-11-28,0.008147478103637695,-0.021783828735351562,0.034331440925598145,0.05611521750688553
2017-11-06T00:00:00+00:00,2017-11-07T14:20:03.793165+00:00,2017-11-07T14:20:03.793165+00:00,NGZ7@2017-11-28,0.009634852409362793,-0.020227909088134766,0.03761029243469238,0.057838261127471924
2017-11-07T00:00:00+00:00,2017-11-08T14:19:52.604636+00:00,2017-11-08T14:19:52.604636+00:00,NGZ7@2017-11-28,0.0035376548767089844,-0.025481581687927246,0.029758930206298828,0.05524057149887085
2017-11-08T00:00:00+00:00,2017-11-09T14:18:41.784178+00:00,2017-11-09T14:18:41.784178+00:00,NGZ7@2017-11-28,0.0021675825119018555,-0.027464866638183594,0.029362082481384277,0.05682697519659996
2017-11-09T00:00:00+00:00,2017-11-10T14:18:37.811490+00:00,2017-11-10T14:18:37.811490+00:00,NGZ7@2017-11-28,0.0023032426834106445,-0.025804460048675537,0.03040289878845215,0.05620740354061127
2017-11-10T00:00:00+00:00,2017-11-13T14:19:07.613785+00:00,2017-11-13T14:19:07.613785+00:00,NGZ7@2017-11-28,0.0021622180938720703,-0.025197923183441162,0.02990579605102539,0.05510377883911133
2017-11-13T00:00:00+00:00,2017-11-14T14:18:16.499757+00:00,2017-11-14T14:18:16.499757+00:00,NGZ7@2017-11-28,-0.005993008613586426,-0.031422317028045654,0.0210953950881958,0.05251773074269295
2017-11-14T00:00:00+00:00,2017-11-15T14:18:39.179994+00:00,2017-11-15T14:18:39.179994+00:00,NGZ7@2017-11-28,-0.005637645721435547,-0.029398977756500244,0.02204132080078125,0.05144030600786209
2017-11-15T00:00:00+00:00,2017-11-16T14:22:59.473766+00:00,2017-11-16T14:22:59.473766+00:00,NGZ7@2017-11-28,-0.0033929944038391113,-0.023407042026519775,0.02190256118774414,0.04530959576368332
2017-11-16T00:00:00+00:00,2017-11-17T14:18:10.551638+00:00,2017-11-17T14:18:10.551638+00:00,NGZ7@2017-11-28,0.0008568763732910156,-0.018461644649505615,0.025908350944519043,0.04436998814344406
2017-11-17T00:00:00+00:00,2017-11-20T14:51:22.102570+00:00,2017-11-20T14:51:22.102570+00:00,NGZ7@2017-11-28,0.00390625,-0.01658916473388672,0.029340624809265137,0.04592979699373245
2017-11-20T00:00:00+00:00,2017-11-21T14:18:36.410732+00:00,2017-11-21T14:18:36.410732+00:00,NGZ7@2017-11-28,-0.0015732049942016602,-0.0242806077003479,0.022806167602539062,0.047086771577596664
2017-11-21T00:00:00+00:00,2017-11-22T14:18:36.633156+00:00,2017-11-22T14:18:36.633156+00:00,NGZ7@2017-11-28,0.000400543212890625,-0.023664355278015137,0.023829221725463867,0.0474935807287693
2017-11-22T00:00:00+00:00,2017-11-23T14:18:22.527936+00:00,2017-11-23T14:18:22.527936+00:00,NGZ7@2017-11-28,0.002112746238708496,-0.020096004009246826,0.030571818351745605,0.05066780373454094
2017-11-24T00:00:00+00:00,2017-11-27T14:18:36.501028+00:00,2017-11-27T14:18:36.501028+00:00,NGZ7@2017-11-28,0.01335453987121582,-0.012723803520202637,0.046610236167907715,0.05933402106165886
2017-11-27T00:00:00+00:00,2017-11-28T14:18:33.355033+00:00,2017-11-28T14:18:33.355033+00:00,NGZ7@2017-11-28,0.02231776714324951,-0.006924092769622803,0.05321323871612549,0.060137342661619186
2017-11-29T00:00:00+00:00,2017-11-30T14:54:45.941230+00:00,2017-11-30T14:54:45.941230+00:00,NGF8@2017-12-27,0.012575268745422363,-0.01682037115097046,0.037470459938049316,0.05429081618785858
2017-11-30T00:00:00+00:00,2017-12-01T14:18:30.052353+00:00,2017-12-01T14:18:30.052353+00:00,NGF8@2017-12-27,0.008389472961425781,-0.020922362804412842,0.03737223148345947,0.058294642716646194
2017-12-01T00:00:00+00:00,2017-12-04T14:19:27.947074+00:00,2017-12-04T14:19:27.947074+00:00,NGF8@2017-12-27,0.018259048461914062,-0.012069642543792725,0.04654228687286377,0.05861186981201172
2017-12-04T00:00:00+00:00,2017-12-05T14:18:45.635528+00:00,2017-12-05T14:18:45.635528+00:00,NGF8@2017-12-27,0.010732412338256836,-0.019160568714141846,0.04075515270233154,0.05991574749350548
2017-12-05T00:00:00+00:00,2017-12-06T14:18:39.084176+00:00,2017-12-06T14:18:39.084176+00:00,NGF8@2017-12-27,0.01948380470275879,-0.011933386325836182,0.05342602729797363,0.06535941362380981
2017-12-06T00:00:00+00:00,2017-12-07T14:18:52.809069+00:00,2017-12-07T14:18:52.809069+00:00,NGF8@2017-12-27,0.01454782485961914,-0.01882535219192505,0.04850316047668457,0.06732852756977081
2017-12-07T00:00:00+00:00,2017-12-08T14:19:11.824613+00:00,2017-12-08T14:19:11.824613+00:00,NGF8@2017-12-27,0.034919142723083496,-0.009041368961334229,0.08127772808074951,0.09031905233860016
2017-12-08T00:00:00+00:00,2017-12-11T14:18:57.251717+00:00,2017-12-11T14:18:57.251717+00:00,NGF8@2017-12-27,0.030359625816345215,-0.011140584945678711,0.074288010597229,0.08542858809232712
2017-12-11T00:00:00+00:00,2017-12-12T14:18:34.310630+00:00,2017-12-12T14:18:34.310630+00:00,NGF8@2017-12-27,0.03002190589904785,-0.009797394275665283,0.07323801517486572,0.0830354243516922
2017-12-12T00:00:00+00:00,2017-12-13T14:18:08.819779+00:00,2017-12-13T14:18:08.819779+00:00,NGF8@2017-12-27,0.0319141149520874,-0.0202944278717041,0.08679258823394775,0.10708706825971603
2017-12-13T00:00:00+00:00,2017-12-14T14:18:33.405381+00:00,2017-12-14T14:18:33.405381+00:00,NGF8@2017-12-27,0.030566811561584473,-0.02067500352859497,0.08069729804992676,0.10137224942445755
2017-12-14T00:00:00+00:00,2017-12-15T14:18:53.576286+00:00,2017-12-15T14:18:53.576286+00:00,NGF8@2017-12-27,0.01911330223083496,-0.02187711000442505,0.06938207149505615,0.09125924110412598
2017-12-15T00:00:00+00:00,2017-12-18T14:19:35.845853+00:00,2017-12-18T14:19:35.845853+00:00,NGF8@2017-12-27,0.033698201179504395,-0.02487879991531372,0.08879578113555908,0.11367454379796982
2017-12-18T00:00:00+00:00,2017-12-19T14:18:46.486226+00:00,2017-12-19T14:18:46.486226+00:00,NGF8@2017-12-27,0.021747231483459473,-0.03768205642700195,0.07555842399597168,0.11324040591716766
2017-12-19T00:00:00+00:00,2017-12-20T14:19:44.297905+00:00,2017-12-20T14:19:44.297905+00:00,NGF8@2017-12-27,0.008980631828308105,-0.04930144548416138,0.05923950672149658,0.10854094475507736
2017-12-20T00:00:00+00:00,2017-12-21T14:18:36.618811+00:00,2017-12-21T14:18:36.618811+00:00,NGF8@2017-12-27,0.01160895824432373,-0.0357930064201355,0.06679737567901611,0.10259032994508743
2017-12-21T00:00:00+00:00,2017-12-22T14:19:39.842650+00:00,2017-12-22T14:19:39.842650+00:00,NGF8@2017-12-27,0.012006998062133789,-0.03461998701095581,0.07094919681549072,0.10556913912296295
2017-12-22T00:00:00+00:00,2017-12-25T14:22:44.998027+00:00,2017-12-25T14:22:44.998027+00:00,NGF8@2017-12-27,0.010619401931762695,-0.036467671394348145,0.06172382831573486,0.0981915295124054
2017-12-26T00:00:00+00:00,2017-12-27T14:18:53.264928+00:00,2017-12-27T14:18:53.264928+00:00,NGF8@2017-12-27,0.005287766456604004,-0.029424428939819336,0.04739177227020264,0.07681615650653839
2017-12-28T00:00:00+00:00,2017-12-29T14:18:59.136435+00:00,2017-12-29T14:18:59.136435+00:00,NGG8@2018-01-29,0.004012346267700195,-0.05209660530090332,0.05857586860656738,0.11067244410514832
2017-12-29T00:00:00+00:00,2017-12-31T19:03:47.387933+00:00,2017-12-31T19:03:47.387933+00:00,NGG8@2018-01-29,-0.004707992076873779,-0.06097531318664551,0.04704320430755615,0.10801854729652405
2018-01-02T00:00:00+00:00,2018-01-03T14:18:46.131958+00:00,2018-01-03T14:18:46.131958+00:00,NGG8@2018-01-29,-0.003332853317260742,-0.06367307901382446,0.046875596046447754,0.11054867506027222
2018-01-03T00:00:00+00:00,2018-01-04T14:18:56.898305+00:00,2018-01-04T14:18:56.898305+00:00,NGG8@2018-01-29,-0.009740054607391357,-0.06779360771179199,0.0375516414642334,0.10534527152776718
2018-01-04T00:00:00+00:00,2018-01-05T14:18:19.821334+00:00,2018-01-05T14:18:19.821334+00:00,NGG8@2018-01-29,-0.016413569450378418,-0.07003182172775269,0.03298234939575195,0.10301412642002106
2018-01-05T00:00:00+00:00,2018-01-08T14:19:02.731073+00:00,2018-01-08T14:19:02.731073+00:00,NGG8@2018-01-29,-0.014402627944946289,-0.06308752298355103,0.028694868087768555,0.09178236126899719
2018-01-08T00:00:00+00:00,2018-01-09T14:19:02.244195+00:00,2018-01-09T14:19:02.244195+00:00,NGG8@2018-01-29,-0.0018756985664367676,-0.046860337257385254,0.03636515140533447,0.08322540670633316
2018-01-09T00:00:00+00:00,2018-01-10T14:19:07.256630+00:00,2018-01-10T14:19:07.256630+00:00,NGG8@2018-01-29,-0.0070171356201171875,-0.05768066644668579,0.0325390100479126,0.09021969139575958
2018-01-10T00:00:00+00:00,2018-01-11T14:31:14.321088+00:00,2018-01-11T14:31:14.321088+00:00,NGG8@2018-01-29,-0.006512343883514404,-0.054318904876708984,0.0305936336517334,0.08491253852844238
2018-01-11T00:00:00+00:00,2018-01-12T14:19:03.388154+00:00,2018-01-12T14:19:03.388154+00:00,NGG8@2018-01-29,0.0052078962326049805,-0.059197306632995605,0.0561755895614624,0.11537286639213562
2018-01-12T00:00:00+00:00,2018-01-15T14:22:31.445251+00:00,2018-01-15T14:22:31.445251+00:00,NGG8@2018-01-29,-0.0027235746383666992,-0.06681382656097412,0.04596543312072754,0.11277921497821808
2018-01-16T00:00:00+00:00,2018-01-17T14:19:33.133752+00:00,2018-01-17T14:19:33.133752+00:00,NGG8@2018-01-29,-0.006742238998413086,-0.07284116744995117,0.03956484794616699,0.11240601539611816
2018-01-17T00:00:00+00:00,2018-01-18T14:18:43.172861+00:00,2018-01-18T14:18:43.172861+00:00,NGG8@2018-01-29,0.006652951240539551,-0.05421900749206543,0.0516202449798584,0.10583925247192383
2018-01-18T00:00:00+00:00,2018-01-19T14:32:42.330032+00:00,2018-01-19T14:32:42.330032+00:00,NGG8@2018-01-29,-0.005778849124908447,-0.06955939531326294,0.04101729393005371,0.11057665944099426
2018-01-19T00:00:00+00:00,2018-01-22T14:19:28.461950+00:00,2018-01-22T14:19:28.461950+00:00,NGG8@2018-01-29,-0.001415848731994629,-0.058328211307525635,0.04068958759307861,0.09901774674654007
2018-01-22T00:00:00+00:00,2018-01-23T14:19:47.654241+00:00,2018-01-23T14:19:47.654241+00:00,NGG8@2018-01-29,0.0023038387298583984,-0.05786174535751343,0.04508864879608154,0.10295046120882034
2018-01-23T00:00:00+00:00,2018-01-24T14:19:19.270196+00:00,2018-01-24T14:19:19.270196+00:00,NGG8@2018-01-29,0.022644400596618652,-0.04417318105697632,0.08145570755004883,0.12562887370586395
2018-01-24T00:00:00+00:00,2018-01-25T14:18:54.393330+00:00,2018-01-25T14:18:54.393330+00:00,NGG8@2018-01-29,-0.008147954940795898,-0.06801712512969971,0.051593661308288574,0.11961070448160172
2018-01-25T00:00:00+00:00,2018-01-26T14:19:27.038620+00:00,2018-01-26T14:19:27.038620+00:00,NGG8@2018-01-29,-0.008426904678344727,-0.0668066143989563,0.045978665351867676,0.11278526484966278
2018-01-26T00:00:00+00:00,2018-01-29T14:19:25.667303+00:00,2018-01-29T14:19:25.667303+00:00,NGG8@2018-01-29,-0.0050699710845947266,-0.05812692642211914,0.044436097145080566,0.10256297886371613
2018-01-30T00:00:00+00:00,2018-01-31T14:19:34.593865+00:00,2018-01-31T14:19:34.593865+00:00,NGH8@2018-02-26,0.00025963783264160156,-0.03536021709442139,0.029788732528686523,0.06514894217252731
2018-01-31T00:00:00+00:00,2018-02-01T14:43:20.864088+00:00,2018-02-01T14:43:20.864088+00:00,NGH8@2018-02-26,-0.007684230804443359,-0.05619126558303833,0.026632189750671387,0.08282343298196793
2018-02-01T00:00:00+00:00,2018-02-02T14:18:55.999723+00:00,2018-02-02T14:18:55.999723+00:00,NGH8@2018-02-26,-0.006770312786102295,-0.060228586196899414,0.04535543918609619,0.1055840402841568
2018-02-02T00:00:00+00:00,2018-02-05T14:19:23.476393+00:00,2018-02-05T14:19:23.476393+00:00,NGH8@2018-02-26,-0.00048154592514038086,-0.049696266651153564,0.03741133213043213,0.08710764348506927
2018-02-05T00:00:00+00:00,2018-02-06T15:00:46.026373+00:00,2018-02-06T15:00:46.026373+00:00,NGH8@2018-02-26,0.0031446218490600586,-0.058597564697265625,0.05835282802581787,0.11695042997598648
2018-02-06T00:00:00+00:00,2018-02-07T14:18:58.850369+00:00,2018-02-07T14:18:58.850369+00:00,NGH8@2018-02-26,0.011929035186767578,-0.04373723268508911,0.05648791790008545,0.10022515058517456
2018-02-07T00:00:00+00:00,2018-02-08T14:19:07.951648+00:00,2018-02-08T14:19:07.951648+00:00,NGH8@2018-02-26,-0.0001112818717956543,-0.05375140905380249,0.050623297691345215,0.10437466204166412
2018-02-08T00:00:00+00:00,2018-02-09T14:38:19.740232+00:00,2018-02-09T14:38:19.740232+00:00,NGH8@2018-02-26,0.009415864944458008,-0.03554922342300415,0.052965760231018066,0.08851499855518341
2018-02-09T00:00:00+00:00,2018-02-12T14:33:04.887546+00:00,2018-02-12T14:33:04.887546+00:00,NGH8@2018-02-26,0.01638162136077881,-0.03135305643081665,0.052663564682006836,0.08401662111282349
2018-02-12T00:00:00+00:00,2018-02-13T14:18:54.133079+00:00,2018-02-13T14:18:54.133079+00:00,NGH8@2018-02-26,0.014624714851379395,-0.03682988882064819,0.06897139549255371,0.10580123215913773
2018-02-13T00:00:00+00:00,2018-02-14T14:19:07.857276+00:00,2018-02-14T14:19:07.857276+00:00,NGH8@2018-02-26,0.018938779830932617,-0.03398299217224121,0.06948351860046387,0.10346658527851105
2018-02-14T00:00:00+00:00,2018-02-15T14:19:00.005120+00:00,2018-02-15T14:19:00.005120+00:00,NGH8@2018-02-26,0.005238890647888184,-0.04371684789657593,0.05872690677642822,0.10244377702474594
2018-02-15T00:00:00+00:00,2018-02-16T14:19:28.120316+00:00,2018-02-16T14:19:28.120316+00:00,NGH8@2018-02-26,0.0034987926483154297,-0.04315173625946045,0.05397641658782959,0.09712813049554825
2018-02-16T00:00:00+00:00,2018-02-19T14:23:28.966000+00:00,2018-02-19T14:23:28.966000+00:00,NGH8@2018-02-26,0.002999424934387207,-0.04345202445983887,0.051789045333862305,0.09524103999137878
2018-02-20T00:00:00+00:00,2018-02-21T14:19:12.473660+00:00,2018-02-21T14:19:12.473660+00:00,NGH8@2018-02-26,0.006216764450073242,-0.043441951274871826,0.05542600154876709,0.0988679751753807
2018-02-21T00:00:00+00:00,2018-02-22T14:19:12.690650+00:00,2018-02-22T14:19:12.690650+00:00,NGH8@2018-02-26,0.007661104202270508,-0.041007816791534424,0.05625474452972412,0.09726259112358093
2018-02-22T00:00:00+00:00,2018-02-23T14:18:47.056397+00:00,2018-02-23T14:18:47.056397+00:00,NGH8@2018-02-26,-0.0004622936248779297,-0.04287886619567871,0.04373526573181152,0.08661410212516785
2018-02-23T00:00:00+00:00,2018-02-25T19:03:58.633867+00:00,2018-02-25T19:03:58.633867+00:00,NGH8@2018-02-26,-0.002833425998687744,-0.040165603160858154,0.038704752922058105,0.07887031883001328
2018-02-26T00:00:00+00:00,2018-02-27T14:19:05.911818+00:00,2018-02-27T14:19:05.911818+00:00,NGJ8@2018-03-27,6.556510925292969e-05,-0.030373692512512207,0.02556455135345459,0.055938269942998886
2018-02-27T00:00:00+00:00,2018-02-28T14:19:04.895319+00:00,2018-02-28T14:19:04.895319+00:00,NGJ8@2018-03-27,-0.0005742311477661133,-0.03082859516143799,0.025992989540100098,0.05682164058089256
2018-02-28T00:00:00+00:00,2018-03-01T15:04:42.650643+00:00,2018-03-01T15:04:42.650643+00:00,NGJ8@2018-03-27,0.00011241436004638672,-0.0244598388671875,0.021126866340637207,0.04558666795492172
2018-03-01T00:00:00+00:00,2018-03-02T14:19:18.066705+00:00,2018-03-02T14:19:18.066705+00:00,NGJ8@2018-03-27,-0.00031679868698120117,-0.02524477243423462,0.02072751522064209,0.04597228020429611
2018-03-02T00:00:00+00:00,2018-03-05T14:19:38.415652+00:00,2018-03-05T14:19:38.415652+00:00,NGJ8@2018-03-27,-0.0025650858879089355,-0.029841959476470947,0.018976569175720215,0.04881848394870758
2018-03-05T00:00:00+00:00,2018-03-06T14:18:32.383947+00:00,2018-03-06T14:18:32.383947+00:00,NGJ8@2018-03-27,-0.001433253288269043,-0.02343130111694336,0.016654253005981445,0.04008553549647331
2018-03-06T00:00:00+00:00,2018-03-07T14:18:48.827064+00:00,2018-03-07T14:18:48.827064+00:00,NGJ8@2018-03-27,-0.0015916824340820312,-0.028428077697753906,0.01984584331512451,0.04827399179339409
2018-03-07T00:00:00+00:00,2018-03-08T14:19:10.942967+00:00,2018-03-08T14:19:10.942967+00:00,NGJ8@2018-03-27,-0.0005358457565307617,-0.02568233013153076,0.019632577896118164,0.04531490057706833
2018-03-08T00:00:00+00:00,2018-03-09T14:19:11.853927+00:00,2018-03-09T14:19:11.853927+00:00,NGJ8@2018-03-27,0.0008037090301513672,-0.024072587490081787,0.020336031913757324,0.04440857470035553
2018-03-09T00:00:00+00:00,2018-03-12T13:19:52.569218+00:00,2018-03-12T13:19:52.569218+00:00,NGJ8@2018-03-27,0.0032767057418823242,-0.02252417802810669,0.025089263916015625,0.04761346057057381
2018-03-12T00:00:00+00:00,2018-03-13T13:19:20.691665+00:00,2018-03-13T13:19:20.691665+00:00,NGJ8@2018-03-27,0.003902912139892578,-0.022369205951690674,0.025712251663208008,0.04808150604367256
2018-03-13T00:00:00+00:00,2018-03-14T14:01:50.168621+00:00,2018-03-14T14:01:50.168621+00:00,NGJ8@2018-03-27,0.0015217065811157227,-0.023676931858062744,0.02012467384338379,0.04380166903138161
2018-03-14T00:00:00+00:00,2018-03-15T13:19:06.678254+00:00,2018-03-15T13:19:06.678254+00:00,NGJ8@2018-03-27,0.002996206283569336,-0.02543354034423828,0.024753332138061523,0.05018680542707443
2018-03-15T00:00:00+00:00,2018-03-16T13:19:22.255752+00:00,2018-03-16T13:19:22.255752+00:00,NGJ8@2018-03-27,0.01102912425994873,-0.020096898078918457,0.034448862075805664,0.05454574152827263
2018-03-16T00:00:00+00:00,2018-03-19T13:19:05.384809+00:00,2018-03-19T13:19:05.384809+00:00,NGJ8@2018-03-27,0.007426857948303223,-0.023698508739471436,0.030673980712890625,0.05437247455120087
2018-03-19T00:00:00+00:00,2018-03-20T13:18:54.295861+00:00,2018-03-20T13:18:54.295861+00:00,NGJ8@2018-03-27,0.005539417266845703,-0.025663316249847412,0.028023600578308105,0.053686898201704025
2018-03-20T00:00:00+00:00,2018-03-21T13:19:57.646191+00:00,2018-03-21T13:19:57.646191+00:00,NGJ8@2018-03-27,0.006687164306640625,-0.023621737957000732,0.030234694480895996,0.053856395184993744
2018-03-21T00:00:00+00:00,2018-03-22T13:19:14.451216+00:00,2018-03-22T13:19:14.451216+00:00,NGJ8@2018-03-27,0.004448294639587402,-0.026298820972442627,0.02790665626525879,0.054205432534217834
2018-03-22T00:00:00+00:00,2018-03-23T13:20:17.048125+00:00,2018-03-23T13:20:17.048125+00:00,NGJ8@2018-03-27,0.006209373474121094,-0.02500373125076294,0.03222370147705078,0.05722738057374954
2018-03-23T00:00:00+00:00,2018-03-26T13:20:06.835438+00:00,2018-03-26T13:20:06.835438+00:00,NGJ8@2018-03-27,0.006282329559326172,-0.02468031644821167,0.03235447406768799,0.05703485757112503
2018-03-26T00:00:00+00:00,2018-03-27T13:18:59.033715+00:00,2018-03-27T13:18:59.033715+00:00,NGJ8@2018-03-27,0.004167318344116211,-0.023167967796325684,0.028496861457824707,0.051664795726537704
2018-03-28T00:00:00+00:00,2018-03-29T13:18:50.449784+00:00,2018-03-29T13:18:50.449784+00:00,NGK8@2018-04-26,0.000658869743347168,-0.02568531036376953,0.021895289421081543,0.04758058860898018
2018-03-29T00:00:00+00:00,2018-04-01T18:03:48.439822+00:00,2018-04-01T18:03:48.439822+00:00,NGK8@2018-04-26,0.0005079507827758789,-0.026052355766296387,0.022746801376342773,0.04879921302199364
2018-04-02T00:00:00+00:00,2018-04-03T13:19:59.988858+00:00,2018-04-03T13:19:59.988858+00:00,NGK8@2018-04-26,0.0004239082336425781,-0.028276264667510986,0.023349642753601074,0.05162592977285385
2018-04-03T00:00:00+00:00,2018-04-04T13:19:13.701488+00:00,2018-04-04T13:19:13.701488+00:00,NGK8@2018-04-26,0.0004674196243286133,-0.026563405990600586,0.023386836051940918,0.049950238317251205
2018-04-04T00:00:00+00:00,2018-04-05T13:18:54.233275+00:00,2018-04-05T13:18:54.233275+00:00,NGK8@2018-04-26,-0.0008211135864257812,-0.02817833423614502,0.021847009658813477,0.05002535879611969
2018-04-05T00:00:00+00:00,2018-04-06T13:19:23.621158+00:00,2018-04-06T13:19:23.621158+00:00,NGK8@2018-04-26,0.001898050308227539,-0.02649843692779541,0.026599526405334473,0.05309800058603287
2018-04-06T00:00:00+00:00,2018-04-09T13:19:41.829472+00:00,2018-04-09T13:19:41.829472+00:00,NGK8@2018-04-26,-0.0015053749084472656,-0.028773605823516846,0.02280557155609131,0.05157918110489845
2018-04-09T00:00:00+00:00,2018-04-10T13:19:12.429797+00:00,2018-04-10T13:19:12.429797+00:00,NGK8@2018-04-26,-0.0007597804069519043,-0.02876824140548706,0.024070143699645996,0.052838440984487534
2018-04-10T00:00:00+00:00,2018-04-11T13:19:44.646363+00:00,2018-04-11T13:19:44.646363+00:00,NGK8@2018-04-26,0.00016605854034423828,-0.027808785438537598,0.0277099609375,0.05551876500248909
2018-04-11T00:00:00+00:00,2018-04-12T13:19:35.631884+00:00,2018-04-12T13:19:35.631884+00:00,NGK8@2018-04-26,-0.0012094974517822266,-0.029592692852020264,0.02666604518890381,0.05625876411795616
2018-04-12T00:00:00+00:00,2018-04-13T13:33:53.848050+00:00,2018-04-13T13:33:53.848050+00:00,NGK8@2018-04-26,0.0006555318832397461,-0.025720298290252686,0.02455902099609375,0.05027933418750763
2018-04-13T00:00:00+00:00,2018-04-16T13:20:40.469560+00:00,2018-04-16T13:20:40.469560+00:00,NGK8@2018-04-26,0.0023769140243530273,-0.02316915988922119,0.02599155902862549,0.04916069284081459
2018-04-16T00:00:00+00:00,2018-04-17T13:19:24.432994+00:00,2018-04-17T13:19:24.432994+00:00,NGK8@2018-04-26,0.0032759904861450195,-0.025731682777404785,0.027107596397399902,0.0528392568230629
2018-04-17T00:00:00+00:00,2018-04-18T13:19:20.390598+00:00,2018-04-18T13:19:20.390598+00:00,NGK8@2018-04-26,0.0009362697601318359,-0.027650833129882812,0.020549416542053223,0.048200175166130066
2018-04-18T00:00:00+00:00,2018-04-19T13:19:47.064513+00:00,2018-04-19T13:19:47.064513+00:00,NGK8@2018-04-26,0.002210855484008789,-0.024745404720306396,0.021239280700683594,0.0459846667945385
2018-04-19T00:00:00+00:00,2018-04-20T13:19:30.111172+00:00,2018-04-20T13:19:30.111172+00:00,NGK8@2018-04-26,0.0033086538314819336,-0.027583062648773193,0.02847456932067871,0.056057583540678024
2018-04-20T00:00:00+00:00,2018-04-23T13:19:46.603297+00:00,2018-04-23T13:19:46.603297+00:00,NGK8@2018-04-26,0.0012623071670532227,-0.021372616291046143,0.01997506618499756,0.041347648948431015
2018-04-23T00:00:00+00:00,2018-04-24T13:18:51.682136+00:00,2018-04-24T13:18:51.682136+00:00,NGK8@2018-04-26,0.0003769397735595703,-0.019562184810638428,0.017769336700439453,0.0373314768075943
2018-04-24T00:00:00+00:00,2018-04-25T13:19:05.663858+00:00,2018-04-25T13:19:05.663858+00:00,NGK8@2018-04-26,0.001520395278930664,-0.018949449062347412,0.01925373077392578,0.03820321336388588
2018-04-25T00:00:00+00:00,2018-04-26T13:19:20.563528+00:00,2018-04-26T13:19:20.563528+00:00,NGM8@2018-05-29,0.0004731416702270508,-0.0192907452583313,0.01649296283721924,0.03578368201851845
2018-04-26T00:00:00+00:00,2018-04-27T13:19:03.499482+00:00,2018-04-27T13:19:03.499482+00:00,NGM8@2018-05-29,0.0026770830154418945,-0.01611781120300293,0.02183854579925537,0.03795642405748367
2018-04-27T00:00:00+00:00,2018-04-30T13:20:06.723900+00:00,2018-04-30T13:20:06.723900+00:00,NGM8@2018-05-29,0.0028531551361083984,-0.017084717750549316,0.022037386894226074,0.039122071117162704
2018-04-30T00:00:00+00:00,2018-05-01T13:38:36.715466+00:00,2018-05-01T13:38:36.715466+00:00,NGM8@2018-05-29,0.0025968551635742188,-0.018288850784301758,0.022637128829956055,0.04092593491077423
2018-05-01T00:00:00+00:00,2018-05-02T13:19:57.096712+00:00,2018-05-02T13:19:57.096712+00:00,NGM8@2018-05-29,-0.0002002716064453125,-0.021884560585021973,0.02105259895324707,0.04293721169233322
2018-05-02T00:00:00+00:00,2018-05-03T13:19:56.393283+00:00,2018-05-03T13:19:56.393283+00:00,NGM8@2018-05-29,0.0010821819305419922,-0.02228492498397827,0.02309417724609375,0.04537917673587799
2018-05-03T00:00:00+00:00,2018-05-04T13:19:51.202687+00:00,2018-05-04T13:19:51.202687+00:00,NGM8@2018-05-29,0.0023511648178100586,-0.018737196922302246,0.02297079563140869,0.04170803353190422
2018-05-04T00:00:00+00:00,2018-05-07T13:20:06.178867+00:00,2018-05-07T13:20:06.178867+00:00,NGM8@2018-05-29,0.000925898551940918,-0.018342196941375732,0.019724488258361816,0.038066767156124115
2018-05-07T00:00:00+00:00,2018-05-08T13:19:58.641064+00:00,2018-05-08T13:19:58.641064+00:00,NGM8@2018-05-29,0.00384676456451416,-0.015289664268493652,0.023761272430419922,0.03905089572072029
2018-05-08T00:00:00+00:00,2018-05-09T13:19:39.707266+00:00,2018-05-09T13:19:39.707266+00:00,NGM8@2018-05-29,0.001658320426940918,-0.016808927059173584,0.02021968364715576,0.03702862188220024
2018-05-09T00:00:00+00:00,2018-05-10T13:46:12.546507+00:00,2018-05-10T13:46:12.546507+00:00,NGM8@2018-05-29,0.001241922378540039,-0.016951680183410645,0.0198516845703125,0.03680330887436867
2018-05-10T00:00:00+00:00,2018-05-11T13:20:13.322843+00:00,2018-05-11T13:20:13.322843+00:00,NGM8@2018-05-29,-0.0016742944717407227,-0.019693851470947266,0.021291017532348633,0.0409848652780056
2018-05-11T00:00:00+00:00,2018-05-14T13:20:24.527547+00:00,2018-05-14T13:20:24.527547+00:00,NGM8@2018-05-29,0.0005352497100830078,-0.017305314540863037,0.019938230514526367,0.03724360093474388
2018-05-14T00:00:00+00:00,2018-05-15T13:19:28.311974+00:00,2018-05-15T13:19:28.311974+00:00,NGM8@2018-05-29,0.00038039684295654297,-0.016619861125946045,0.018602728843688965,0.035222526639699936
2018-05-15T00:00:00+00:00,2018-05-16T13:43:03.378963+00:00,2018-05-16T13:43:03.378963+00:00,NGM8@2018-05-29,0.0008497238159179688,-0.015666604042053223,0.01800394058227539,0.0336705707013607
2018-05-16T00:00:00+00:00,2018-05-17T13:20:10.888543+00:00,2018-05-17T13:20:10.888543+00:00,NGM8@2018-05-29,0.00014472007751464844,-0.016297638416290283,0.016381144523620605,0.032678842544555664
2018-05-17T00:00:00+00:00,2018-05-18T13:19:54.064215+00:00,2018-05-18T13:19:54.064215+00:00,NGM8@2018-05-29,-6.103515625e-05,-0.018088698387145996,0.017888426780700684,0.035977188497781754
2018-05-18T00:00:00+00:00,2018-05-21T13:21:10.720884+00:00,2018-05-21T13:21:10.720884+00:00,NGM8@2018-05-29,0.003011941909790039,-0.015561044216156006,0.020175695419311523,0.03573666140437126
2018-05-21T00:00:00+00:00,2018-05-22T13:20:20.220708+00:00,2018-05-22T13:20:20.220708+00:00,NGM8@2018-05-29,0.0016300678253173828,-0.01808840036392212,0.019746899604797363,0.03783533349633217
2018-05-22T00:00:00+00:00,2018-05-23T13:28:40.180376+00:00,2018-05-23T13:28:40.180376+00:00,NGM8@2018-05-29,-0.005525112152099609,-0.02645552158355713,0.0156252384185791,0.04208071529865265
2018-05-23T00:00:00+00:00,2018-05-24T13:21:03.162230+00:00,2018-05-24T13:21:03.162230+00:00,NGM8@2018-05-29,-0.0007554888725280762,-0.020862936973571777,0.019914746284484863,0.040777675807476044
2018-05-24T00:00:00+00:00,2018-05-25T13:21:29.705610+00:00,2018-05-25T13:21:29.705610+00:00,NGM8@2018-05-29,-0.0020441412925720215,-0.02247297763824463,0.018715739250183105,0.04118875414133072
2018-05-25T00:00:00+00:00,2018-05-28T13:27:14.283989+00:00,2018-05-28T13:27:14.283989+00:00,NGM8@2018-05-29,-0.0014725327491760254,-0.02041417360305786,0.016867876052856445,0.03728204593062401
2018-05-29T00:00:00+00:00,2018-05-30T13:44:29.341038+00:00,2018-05-30T13:44:29.341038+00:00,NGN8@2018-06-27,-0.0025359392166137695,-0.021004796028137207,0.013945579528808594,0.03495045378804207
2018-05-30T00:00:00+00:00,2018-05-31T13:33:57.182497+00:00,2018-05-31T13:33:57.182497+00:00,NGN8@2018-06-27,-0.003921985626220703,-0.022387027740478516,0.013073325157165527,0.03546040505170822
2018-05-31T00:00:00+00:00,2018-06-01T13:32:24.153699+00:00,2018-06-01T13:32:24.153699+00:00,NGN8@2018-06-27,-0.003881096839904785,-0.02423626184463501,0.015730977058410645,0.03996725752949715
2018-06-01T00:00:00+00:00,2018-06-04T13:20:53.297500+00:00,2018-06-04T13:20:53.297500+00:00,NGN8@2018-06-27,-0.0034890174865722656,-0.02236992120742798,0.01452481746673584,0.03689475357532501
2018-06-04T00:00:00+00:00,2018-06-05T13:20:20.818123+00:00,2018-06-05T13:20:20.818123+00:00,NGN8@2018-06-27,-0.001637279987335205,-0.019439637660980225,0.015146851539611816,0.03458655998110771
2018-06-05T00:00:00+00:00,2018-06-06T13:20:42.380429+00:00,2018-06-06T13:20:42.380429+00:00,NGN8@2018-06-27,-0.002966642379760742,-0.021430134773254395,0.015028119087219238,0.03645824268460274
2018-06-06T00:00:00+00:00,2018-06-07T13:20:45.582672+00:00,2018-06-07T13:20:45.582672+00:00,NGN8@2018-06-27,0.0011208057403564453,-0.015297949314117432,0.01710188388824463,0.03239990025758743
2018-06-07T00:00:00+00:00,2018-06-08T13:20:17.627874+00:00,2018-06-08T13:20:17.627874+00:00,NGN8@2018-06-27,-0.0008095502853393555,-0.017265796661376953,0.01527857780456543,0.03254437819123268
2018-06-08T00:00:00+00:00,2018-06-11T13:20:54.751726+00:00,2018-06-11T13:20:54.751726+00:00,NGN8@2018-06-27,9.143352508544922e-05,-0.0156097412109375,0.015244245529174805,0.030853919684886932
2018-06-11T00:00:00+00:00,2018-06-12T13:20:52.301763+00:00,2018-06-12T13:20:52.301763+00:00,NGN8@2018-06-27,-0.0010523200035095215,-0.018955111503601074,0.01605224609375,0.03500743210315704
2018-06-12T00:00:00+00:00,2018-06-13T13:20:59.697046+00:00,2018-06-13T13:20:59.697046+00:00,NGN8@2018-06-27,-0.0013413429260253906,-0.019184768199920654,0.01469564437866211,0.03388042375445366
2018-06-13T00:00:00+00:00,2018-06-14T13:20:28.253425+00:00,2018-06-14T13:20:28.253425+00:00,NGN8@2018-06-27,0.0007337331771850586,-0.017177879810333252,0.01666855812072754,0.033846426755189896
2018-06-14T00:00:00+00:00,2018-06-15T13:21:23.049447+00:00,2018-06-15T13:21:23.049447+00:00,NGN8@2018-06-27,0.0012727975845336914,-0.01635420322418213,0.015547752380371094,0.031902015209198
2018-06-15T00:00:00+00:00,2018-06-18T13:20:55.651800+00:00,2018-06-18T13:20:55.651800+00:00,NGN8@2018-06-27,0.003267526626586914,-0.020370125770568848,0.02315545082092285,0.04352559149265289
2018-06-18T00:00:00+00:00,2018-06-19T13:20:24.634038+00:00,2018-06-19T13:20:24.634038+00:00,NGN8@2018-06-27,0.0033832788467407227,-0.015959560871124268,0.021904587745666504,0.03786420077085495
2018-06-19T00:00:00+00:00,2018-06-20T13:20:51.696040+00:00,2018-06-20T13:20:51.696040+00:00,NGN8@2018-06-27,-0.0034123659133911133,-0.024932682514190674,0.017224788665771484,0.04215741902589798
2018-06-20T00:00:00+00:00,2018-06-21T13:20:51.103006+00:00,2018-06-21T13:20:51.103006+00:00,NGN8@2018-06-27,-0.00015550851821899414,-0.021367669105529785,0.020354270935058594,0.0417218841612339
2018-06-21T00:00:00+00:00,2018-06-22T13:21:01.100427+00:00,2018-06-22T13:21:01.100427+00:00,NGN8@2018-06-27,-0.002672135829925537,-0.024795114994049072,0.017766714096069336,0.0425618439912796
2018-06-22T00:00:00+00:00,2018-06-25T14:05:45.612720+00:00,2018-06-25T14:05:45.612720+00:00,NGN8@2018-06-27,-0.001804351806640625,-0.02300339937210083,0.017831087112426758,0.04083450511097908
2018-06-25T00:00:00+00:00,2018-06-26T13:21:47.166779+00:00,2018-06-26T13:21:47.166779+00:00,NGN8@2018-06-27,-0.0013495683670043945,-0.02065962553024292,0.01798248291015625,0.03864207863807678
2018-06-26T00:00:00+00:00,2018-06-27T13:20:21.613384+00:00,2018-06-27T13:20:21.613384+00:00,NGN8@2018-06-27,-0.002321481704711914,-0.02083754539489746,0.015154719352722168,0.03599228337407112
2018-06-27T00:00:00+00:00,2018-06-28T13:21:49.227822+00:00,2018-06-28T13:21:49.227822+00:00,NGQ8@2018-07-27,-0.004980802536010742,-0.025423943996429443,0.016231656074523926,0.041655588895082474
2018-06-28T00:00:00+00:00,2018-06-29T13:20:34.168122+00:00,2018-06-29T13:20:34.168122+00:00,NGQ8@2018-07-27,0.0012271404266357422,-0.018003106117248535,0.021996736526489258,0.03999990597367287
2018-06-29T00:00:00+00:00,2018-07-02T13:32:11.669440+00:00,2018-07-02T13:32:11.669440+00:00,NGQ8@2018-07-27,-0.0006129145622253418,-0.020826339721679688,0.019304633140563965,0.040130965411663055
2018-07-02T00:00:00+00:00,2018-07-03T13:20:29.645411+00:00,2018-07-03T13:20:29.645411+00:00,NGQ8@2018-07-27,0.0005398988723754883,-0.02138650417327881,0.02247309684753418,0.04385960474610329
2018-07-03T00:00:00+00:00,2018-07-04T13:19:37.526155+00:00,2018-07-04T13:19:37.526155+00:00,NGQ8@2018-07-27,0.0007399320602416992,-0.02018272876739502,0.021065831184387207,0.04124857485294342
2018-07-05T00:00:00+00:00,2018-07-06T13:20:01.689420+00:00,2018-07-06T13:20:01.689420+00:00,NGQ8@2018-07-27,-0.000977635383605957,-0.022169649600982666,0.01917731761932373,0.04134701192378998
2018-07-06T00:00:00+00:00,2018-07-09T13:47:52.446360+00:00,2018-07-09T13:47:52.446360+00:00,NGQ8@2018-07-27,-0.0017305612564086914,-0.01988518238067627,0.01546943187713623,0.0353546068072319
2018-07-09T00:00:00+00:00,2018-07-10T13:20:15.109576+00:00,2018-07-10T13:20:15.109576+00:00,NGQ8@2018-07-27,-0.0004017949104309082,-0.017844974994659424,0.017428994178771973,0.03527397662401199
2018-07-10T00:00:00+00:00,2018-07-11T13:20:31.704474+00:00,2018-07-11T13:20:31.704474+00:00,NGQ8@2018-07-27,0.001434326171875,-0.015466928482055664,0.018929243087768555,0.034396152943372726
2018-07-11T00:00:00+00:00,2018-07-12T13:19:49.457472+00:00,2018-07-12T13:19:49.457472+00:00,NGQ8@2018-07-27,-0.0011478662490844727,-0.017549991607666016,0.015954971313476562,0.03350493311882019
2018-07-12T00:00:00+00:00,2018-07-13T13:21:35.155671+00:00,2018-07-13T13:21:35.155671+00:00,NGQ8@2018-07-27,0.0028076171875,-0.012154996395111084,0.02023303508758545,0.03238801658153534
2018-07-13T00:00:00+00:00,2018-07-16T13:21:39.374517+00:00,2018-07-16T13:21:39.374517+00:00,NGQ8@2018-07-27,0.004735589027404785,-0.012945294380187988,0.023859739303588867,0.036805085837841034
2018-07-16T00:00:00+00:00,2018-07-17T13:20:08.069757+00:00,2018-07-17T13:20:08.069757+00:00,NGQ8@2018-07-27,0.0033458471298217773,-0.012792527675628662,0.022027015686035156,0.034819480031728745
2018-07-17T00:00:00+00:00,2018-07-18T13:20:27.836868+00:00,2018-07-18T13:20:27.836868+00:00,NGQ8@2018-07-27,0.0009199380874633789,-0.013508260250091553,0.018532395362854004,0.03204067423939705
2018-07-18T00:00:00+00:00,2018-07-19T13:20:25.712235+00:00,2018-07-19T13:20:25.712235+00:00,NGQ8@2018-07-27,0.003398895263671875,-0.013127028942108154,0.022063851356506348,0.0351908802986145
2018-07-19T00:00:00+00:00,2018-07-20T13:20:44.522899+00:00,2018-07-20T13:20:44.522899+00:00,NGQ8@2018-07-27,0.003458857536315918,-0.013762295246124268,0.02197396755218506,0.035736266523599625
2018-07-20T00:00:00+00:00,2018-07-23T13:21:05.282642+00:00,2018-07-23T13:21:05.282642+00:00,NGQ8@2018-07-27,0.0032995939254760742,-0.014673173427581787,0.022343993186950684,0.03701714426279068
2018-07-23T00:00:00+00:00,2018-07-24T13:20:17.416280+00:00,2018-07-24T13:20:17.416280+00:00,NGQ8@2018-07-27,0.007401704788208008,-0.010207831859588623,0.02527022361755371,0.035478103905916214
2018-07-24T00:00:00+00:00,2018-07-25T13:20:25.494973+00:00,2018-07-25T13:20:25.494973+00:00,NGQ8@2018-07-27,0.006902933120727539,-0.009979605674743652,0.024436593055725098,0.03441622480750084
2018-07-25T00:00:00+00:00,2018-07-26T13:20:06.252407+00:00,2018-07-26T13:20:06.252407+00:00,NGQ8@2018-07-27,0.0025969743728637695,-0.014554023742675781,0.020678400993347168,0.03523242101073265
2018-07-26T00:00:00+00:00,2018-07-27T13:19:48.685159+00:00,2018-07-27T13:19:48.685159+00:00,NGU8@2018-08-29,0.0030292272567749023,-0.014362156391143799,0.02098214626312256,0.03534430265426636
2018-07-27T00:00:00+00:00,2018-07-30T13:39:04.058934+00:00,2018-07-30T13:39:04.058934+00:00,NGU8@2018-08-29,0.001880645751953125,-0.01554572582244873,0.020351529121398926,0.03589725121855736
2018-07-30T00:00:00+00:00,2018-07-31T13:19:53.493672+00:00,2018-07-31T13:19:53.493672+00:00,NGU8@2018-08-29,0.0033380985260009766,-0.014114618301391602,0.022654414176940918,0.036768969148397446
2018-07-31T00:00:00+00:00,2018-08-01T13:33:17.407574+00:00,2018-08-01T13:33:17.407574+00:00,NGU8@2018-08-29,0.0048645734786987305,-0.012552022933959961,0.023721933364868164,0.03627390414476395
2018-08-01T00:00:00+00:00,2018-08-02T13:20:22.033441+00:00,2018-08-02T13:20:22.033441+00:00,NGU8@2018-08-29,0.005979657173156738,-0.012247443199157715,0.024399876594543457,0.03664730489253998
2018-08-02T00:00:00+00:00,2018-08-03T13:20:24.938832+00:00,2018-08-03T13:20:24.938832+00:00,NGU8@2018-08-29,-0.000838935375213623,-0.01924842596054077,0.01770472526550293,0.03695310279726982
2018-08-03T00:00:00+00:00,2018-08-06T13:21:05.281245+00:00,2018-08-06T13:21:05.281245+00:00,NGU8@2018-08-29,-0.0034757256507873535,-0.021753907203674316,0.015705347061157227,0.03745921328663826
2018-08-06T00:00:00+00:00,2018-08-07T13:20:04.428015+00:00,2018-08-07T13:20:04.428015+00:00,NGU8@2018-08-29,-0.0020671486854553223,-0.019642114639282227,0.016144990921020508,0.03578704595565796
2018-08-07T00:00:00+00:00,2018-08-08T13:20:35.933072+00:00,2018-08-08T13:20:35.933072+00:00,NGU8@2018-08-29,-0.0029314160346984863,-0.021963119506835938,0.016784071922302246,0.03874725475907326
2018-08-08T00:00:00+00:00,2018-08-09T13:20:30.180110+00:00,2018-08-09T13:20:30.180110+00:00,NGU8@2018-08-29,-0.00968027114868164,-0.029258251190185547,0.011309981346130371,0.040568187832832336
2018-08-09T00:00:00+00:00,2018-08-10T13:20:02.797527+00:00,2018-08-10T13:20:02.797527+00:00,NGU8@2018-08-29,-0.010027050971984863,-0.026602208614349365,0.009619832038879395,0.03622203692793846
2018-08-10T00:00:00+00:00,2018-08-13T13:21:04.801793+00:00,2018-08-13T13:21:04.801793+00:00,NGU8@2018-08-29,-0.006949782371520996,-0.024331271648406982,0.012452125549316406,0.036783356219530106
2018-08-13T00:00:00+00:00,2018-08-14T13:19:43.491108+00:00,2018-08-14T13:19:43.491108+00:00,NGU8@2018-08-29,-0.004383504390716553,-0.02197057008743286,0.014406800270080566,0.036377303302288055
2018-08-14T00:00:00+00:00,2018-08-15T13:20:23.827413+00:00,2018-08-15T13:20:23.827413+00:00,NGU8@2018-08-29,-0.007989704608917236,-0.02621692419052124,0.011473298072814941,0.03769027814269066
2018-08-15T00:00:00+00:00,2018-08-16T13:20:47.355058+00:00,2018-08-16T13:20:47.355058+00:00,NGU8@2018-08-29,-0.0032559633255004883,-0.020243942737579346,0.014284491539001465,0.03452844172716141
2018-08-16T00:00:00+00:00,2018-08-17T13:20:16.546599+00:00,2018-08-17T13:20:16.546599+00:00,NGU8@2018-08-29,-0.003336191177368164,-0.020508646965026855,0.014719963073730469,0.03522863984107971
2018-08-17T00:00:00+00:00,2018-08-20T13:20:39.479055+00:00,2018-08-20T13:20:39.479055+00:00,NGU8@2018-08-29,-0.007577180862426758,-0.026298880577087402,0.012325286865234375,0.03862413391470909
2018-08-20T00:00:00+00:00,2018-08-21T13:20:13.139522+00:00,2018-08-21T13:20:13.139522+00:00,NGU8@2018-08-29,-0.007161855697631836,-0.024883031845092773,0.012014389038085938,0.03689740225672722
2018-08-21T00:00:00+00:00,2018-08-22T13:20:25.703806+00:00,2018-08-22T13:20:25.703806+00:00,NGU8@2018-08-29,-0.009093761444091797,-0.02779489755630493,0.011137962341308594,0.03893287479877472
2018-08-22T00:00:00+00:00,2018-08-23T13:21:51.661297+00:00,2018-08-23T13:21:51.661297+00:00,NGU8@2018-08-29,-0.0019235610961914062,-0.018755435943603516,0.016284942626953125,0.03504035249352455
2018-08-23T00:00:00+00:00,2018-08-24T13:20:11.190313+00:00,2018-08-24T13:20:11.190313+00:00,NGU8@2018-08-29,-0.0015616416931152344,-0.018574953079223633,0.014642596244812012,0.03321748226881027
2018-08-24T00:00:00+00:00,2018-08-27T13:21:42.372257+00:00,2018-08-27T13:21:42.372257+00:00,NGU8@2018-08-29,0.003944516181945801,-0.013951539993286133,0.021715879440307617,0.03566740080714226
2018-08-27T00:00:00+00:00,2018-08-28T13:20:21.345525+00:00,2018-08-28T13:20:21.345525+00:00,NGU8@2018-08-29,0.0075005292892456055,-0.010364055633544922,0.026497840881347656,0.03686186671257019
2018-08-28T00:00:00+00:00,2018-08-29T13:19:50.264456+00:00,2018-08-29T13:19:50.264456+00:00,NGU8@2018-08-29,0.0038945674896240234,-0.012823343276977539,0.0219268798828125,0.034750260412693024
2018-08-29T00:00:00+00:00,2018-08-30T13:20:18.613365+00:00,2018-08-30T13:20:18.613365+00:00,NGV8@2018-09-26,-0.0013744831085205078,-0.017195045948028564,0.014763951301574707,0.03195900097489357
2018-08-30T00:00:00+00:00,2018-08-31T13:19:50.497920+00:00,2018-08-31T13:19:50.497920+00:00,NGV8@2018-09-26,-0.0012873411178588867,-0.018116414546966553,0.01432943344116211,0.03244582936167717
2018-08-31T00:00:00+00:00,2018-09-03T13:24:46.217279+00:00,2018-09-03T13:24:46.217279+00:00,NGV8@2018-09-26,-0.004829347133636475,-0.022523045539855957,0.011343002319335938,0.03386598825454712
2018-09-04T00:00:00+00:00,2018-09-05T13:20:53.110436+00:00,2018-09-05T13:20:53.110436+00:00,NGV8@2018-09-26,0.0020540952682495117,-0.016498267650604248,0.019409656524658203,0.03590788319706917
2018-09-05T00:00:00+00:00,2018-09-06T13:20:47.054043+00:00,2018-09-06T13:20:47.054043+00:00,NGV8@2018-09-26,0.005305290222167969,-0.01318579912185669,0.022523999214172363,0.03570972755551338
2018-09-06T00:00:00+00:00,2018-09-07T13:19:57.350896+00:00,2018-09-07T13:19:57.350896+00:00,NGV8@2018-09-26,0.002110123634338379,-0.015975654125213623,0.019057273864746094,0.035032909363508224
2018-09-07T00:00:00+00:00,2018-09-10T13:21:18.471828+00:00,2018-09-10T13:21:18.471828+00:00,NGV8@2018-09-26,0.002160787582397461,-0.014929533004760742,0.01846444606781006,0.0333939753472805
2018-09-10T00:00:00+00:00,2018-09-11T13:20:23.249161+00:00,2018-09-11T13:20:23.249161+00:00,NGV8@2018-09-26,-0.001888871192932129,-0.019436895847320557,0.01389932632446289,0.03333617374300957
2018-09-11T00:00:00+00:00,2018-09-12T13:20:01.496107+00:00,2018-09-12T13:20:01.496107+00:00,NGV8@2018-09-26,-0.0036403536796569824,-0.02090209722518921,0.012481093406677246,0.03338315337896347
2018-09-12T00:00:00+00:00,2018-09-13T13:20:22.350820+00:00,2018-09-13T13:20:22.350820+00:00,NGV8@2018-09-26,-0.0034069418907165527,-0.02092987298965454,0.012247204780578613,0.03317709639668465
2018-09-13T00:00:00+00:00,2018-09-14T13:46:03.906003+00:00,2018-09-14T13:46:03.906003+00:00,NGV8@2018-09-26,0.0008016824722290039,-0.017945528030395508,0.016215205192565918,0.0341608040034771
2018-09-14T00:00:00+00:00,2018-09-17T13:21:27.674348+00:00,2018-09-17T13:21:27.674348+00:00,NGV8@2018-09-26,0.0019129514694213867,-0.0156518816947937,0.016314268112182617,0.031966183334589005
2018-09-17T00:00:00+00:00,2018-09-18T13:20:49.862150+00:00,2018-09-18T13:20:49.862150+00:00,NGV8@2018-09-26,-0.003470301628112793,-0.022322118282318115,0.011774301528930664,0.03409648314118385
2018-09-18T00:00:00+00:00,2018-09-19T13:20:30.079419+00:00,2018-09-19T13:20:30.079419+00:00,NGV8@2018-09-26,-0.01294475793838501,-0.03765064477920532,0.01028299331665039,0.0479336753487587
2018-09-19T00:00:00+00:00,2018-09-20T13:48:20.055261+00:00,2018-09-20T13:48:20.055261+00:00,NGV8@2018-09-26,-0.007997453212738037,-0.03039371967315674,0.012540221214294434,0.0429338738322258
2018-09-20T00:00:00+00:00,2018-09-21T13:20:19.317314+00:00,2018-09-21T13:20:19.317314+00:00,NGV8@2018-09-26,-0.00781261920928955,-0.034187912940979004,0.017500758171081543,0.05168868228793144
2018-09-21T00:00:00+00:00,2018-09-24T13:21:29.875379+00:00,2018-09-24T13:21:29.875379+00:00,NGV8@2018-09-26,-0.0060776472091674805,-0.03029543161392212,0.016922831535339355,0.04721825197339058
2018-09-24T00:00:00+00:00,2018-09-25T13:30:27.658017+00:00,2018-09-25T13:30:27.658017+00:00,NGV8@2018-09-26,-0.003154933452606201,-0.03267472982406616,0.02612602710723877,0.05880078300833702
2018-09-25T00:00:00+00:00,2018-09-26T13:20:39.621296+00:00,2018-09-26T13:20:39.621296+00:00,NGV8@2018-09-26,-0.008876979351043701,-0.0370522141456604,0.020937085151672363,0.057989247143268585
2018-09-26T00:00:00+00:00,2018-09-27T13:20:36.952484+00:00,2018-09-27T13:20:36.952484+00:00,NGX8@2018-10-29,-0.0016342997550964355,-0.02362239360809326,0.019095778465270996,0.042718127369880676
2018-09-27T00:00:00+00:00,2018-09-28T13:35:21.163361+00:00,2018-09-28T13:35:21.163361+00:00,NGX8@2018-10-29,-0.008481264114379883,-0.033619582653045654,0.01635122299194336,0.049970850348472595
2018-09-28T00:00:00+00:00,2018-10-01T13:21:49.671535+00:00,2018-10-01T13:21:49.671535+00:00,NGX8@2018-10-29,0.001425623893737793,-0.01906406879425049,0.02179098129272461,0.04085502400994301
2018-10-01T00:00:00+00:00,2018-10-02T13:20:28.402554+00:00,2018-10-02T13:20:28.402554+00:00,NGX8@2018-10-29,-0.006333112716674805,-0.02996450662612915,0.017354130744934082,0.04731861129403114
2018-10-02T00:00:00+00:00,2018-10-03T13:21:09.848991+00:00,2018-10-03T13:21:09.848991+00:00,NGX8@2018-10-29,-0.0074187517166137695,-0.03549987077713013,0.020723342895507812,0.05622325837612152
2018-10-03T00:00:00+00:00,2018-10-04T13:21:10.497230+00:00,2018-10-04T13:21:10.497230+00:00,NGX8@2018-10-29,-0.007235169410705566,-0.03967469930648804,0.024181723594665527,0.06385646760463715
2018-10-04T00:00:00+00:00,2018-10-05T13:21:22.214604+00:00,2018-10-05T13:21:22.214604+00:00,NGX8@2018-10-29,-0.000540614128112793,-0.028866827487945557,0.024228453636169434,0.0530952550470829
2018-10-05T00:00:00+00:00,2018-10-08T13:19:40.852356+00:00,2018-10-08T13:19:40.852356+00:00,NGX8@2018-10-29,0.0001995563507080078,-0.02471160888671875,0.019414186477661133,0.04412587359547615
2018-10-08T00:00:00+00:00,2018-10-09T13:20:38.493814+00:00,2018-10-09T13:20:38.493814+00:00,NGX8@2018-10-29,-0.011644363403320312,-0.04017198085784912,0.018068552017211914,0.05824054405093193
2018-10-09T00:00:00+00:00,2018-10-10T13:20:42.376389+00:00,2018-10-10T13:20:42.376389+00:00,NGX8@2018-10-29,0.0029060840606689453,-0.022863388061523438,0.02537667751312256,0.0482400506734848
2018-10-10T00:00:00+00:00,2018-10-11T13:21:27.703666+00:00,2018-10-11T13:21:27.703666+00:00,NGX8@2018-10-29,0.0037845373153686523,-0.02320122718811035,0.025173187255859375,0.04837443307042122
2018-10-11T00:00:00+00:00,2018-10-12T13:20:33.553476+00:00,2018-10-12T13:20:33.553476+00:00,NGX8@2018-10-29,0.010857105255126953,-0.017033636569976807,0.03635990619659424,0.05339355394244194
2018-10-12T00:00:00+00:00,2018-10-15T13:20:36.508241+00:00,2018-10-15T13:20:36.508241+00:00,NGX8@2018-10-29,0.007377505302429199,-0.02142179012298584,0.03449058532714844,0.055912360548973083
2018-10-15T00:00:00+00:00,2018-10-16T13:19:58.052574+00:00,2018-10-16T13:19:58.052574+00:00,NGX8@2018-10-29,0.002637505531311035,-0.024967610836029053,0.02878892421722412,0.05375654995441437
2018-10-16T00:00:00+00:00,2018-10-17T13:20:38.700060+00:00,2018-10-17T13:20:38.700060+00:00,NGX8@2018-10-29,0.007243990898132324,-0.01828181743621826,0.02793598175048828,0.04621779918670654
2018-10-17T00:00:00+00:00,2018-10-18T13:21:22.234645+00:00,2018-10-18T13:21:22.234645+00:00,NGX8@2018-10-29,0.0007942914962768555,-0.02170795202255249,0.018802523612976074,0.040510404855012894
2018-10-18T00:00:00+00:00,2018-10-19T14:10:48.678973+00:00,2018-10-19T14:10:48.678973+00:00,NGX8@2018-10-29,0.010283589363098145,-0.0162278413772583,0.0358881950378418,0.05211600661277771
2018-10-19T00:00:00+00:00,2018-10-22T13:20:22.807982+00:00,2018-10-22T13:20:22.807982+00:00,NGX8@2018-10-29,0.0043212175369262695,-0.016721665859222412,0.028485417366027832,0.04520702362060547
2018-10-22T00:00:00+00:00,2018-10-23T13:19:29.532143+00:00,2018-10-23T13:19:29.532143+00:00,NGX8@2018-10-29,0.010524511337280273,-0.015726983547210693,0.03988802433013916,0.05561497062444687
2018-10-23T00:00:00+00:00,2018-10-24T13:20:12.668837+00:00,2018-10-24T13:20:12.668837+00:00,NGX8@2018-10-29,0.001604318618774414,-0.022408664226531982,0.02787184715270996,0.05028056353330612
2018-10-24T00:00:00+00:00,2018-10-25T13:20:01.016064+00:00,2018-10-25T13:20:01.016064+00:00,NGX8@2018-10-29,0.0042345523834228516,-0.021817326545715332,0.033043742179870605,0.054861050099134445
2018-10-25T00:00:00+00:00,2018-10-26T13:19:41.518278+00:00,2018-10-26T13:19:41.518278+00:00,NGX8@2018-10-29,0.00025403499603271484,-0.02136927843093872,0.02566051483154297,0.04702981561422348
2018-10-26T00:00:00+00:00,2018-10-29T13:20:18.797219+00:00,2018-10-29T13:20:18.797219+00:00,NGX8@2018-10-29,0.0031484365463256836,-0.019647061824798584,0.02692413330078125,0.046571195125579834
2018-10-30T00:00:00+00:00,2018-10-31T13:34:39.805227+00:00,2018-10-31T13:34:39.805227+00:00,NGZ8@2018-11-28,0.0003590583801269531,-0.017365634441375732,0.021258234977722168,0.038623884320259094
2018-10-31T00:00:00+00:00,2018-11-01T13:20:59.938330+00:00,2018-11-01T13:20:59.938330+00:00,NGZ8@2018-11-28,-0.005652904510498047,-0.023077666759490967,0.015276670455932617,0.03835431858897209
2018-11-01T00:00:00+00:00,2018-11-02T13:19:19.678644+00:00,2018-11-02T13:19:19.678644+00:00,NGZ8@2018-11-28,0.0007177591323852539,-0.017215430736541748,0.020104050636291504,0.03731946647167206
2018-11-02T00:00:00+00:00,2018-11-05T14:19:49.429783+00:00,2018-11-05T14:19:49.429783+00:00,NGZ8@2018-11-28,-0.005865812301635742,-0.02467292547225952,0.01677072048187256,0.0414435975253582
2018-11-05T00:00:00+00:00,2018-11-06T14:20:10.582551+00:00,2018-11-06T14:20:10.582551+00:00,NGZ8@2018-11-28,-0.03289109468460083,-0.06924909353256226,0.009696722030639648,0.0789458304643631
2018-11-06T00:00:00+00:00,2018-11-07T14:20:42.228466+00:00,2018-11-07T14:20:42.228466+00:00,NGZ8@2018-11-28,-0.00960087776184082,-0.04311931133270264,0.03068852424621582,0.07380782067775726
2018-11-07T00:00:00+00:00,2018-11-08T14:20:28.249856+00:00,2018-11-08T14:20:28.249856+00:00,NGZ8@2018-11-28,0.0012205839157104492,-0.025888919830322266,0.030993223190307617,0.05688218027353287
2018-11-08T00:00:00+00:00,2018-11-09T14:20:21.897397+00:00,2018-11-09T14:20:21.897397+00:00,NGZ8@2018-11-28,0.0005162954330444336,-0.02418339252471924,0.0273209810256958,0.05150440335273743
2018-11-09T00:00:00+00:00,2018-11-12T14:21:10.588761+00:00,2018-11-12T14:21:10.588761+00:00,NGZ8@2018-11-28,-0.0016907453536987305,-0.043805718421936035,0.04671180248260498,0.09051751345396042
2018-11-12T00:00:00+00:00,2018-11-13T15:21:12.971696+00:00,2018-11-13T15:21:12.971696+00:00,NGZ8@2018-11-28,-0.0027236342430114746,-0.040911078453063965,0.038352131843566895,0.07926315814256668
2018-11-13T00:00:00+00:00,2018-11-14T14:20:17.552525+00:00,2018-11-14T14:20:17.552525+00:00,NGZ8@2018-11-28,-0.02807074785232544,-0.08514010906219482,0.03975653648376465,0.12489663064479828
2018-11-14T00:00:00+00:00,2018-11-15T14:37:52.625132+00:00,2018-11-15T14:37:52.625132+00:00,NGZ8@2018-11-28,-0.07539200782775879,-0.15964996814727783,0.034314632415771484,0.19396458566188812
2018-11-15T00:00:00+00:00,2018-11-16T14:20:23.877748+00:00,2018-11-16T14:20:23.877748+00:00,NGZ8@2018-11-28,-0.020978689193725586,-0.08818405866622925,0.05533111095428467,0.14351511001586914
2018-11-16T00:00:00+00:00,2018-11-19T14:38:53.203235+00:00,2018-11-19T14:38:53.203235+00:00,NGZ8@2018-11-28,-0.009520113468170166,-0.08618444204330444,0.09352421760559082,0.17970867455005646
2018-11-19T00:00:00+00:00,2018-11-20T14:20:30.268070+00:00,2018-11-20T14:20:30.268070+00:00,NGZ8@2018-11-28,-0.05385482311248779,-0.1378408670425415,0.055431365966796875,0.1932721585035324
2018-11-20T00:00:00+00:00,2018-11-21T14:19:58.817223+00:00,2018-11-21T14:19:58.817223+00:00,NGZ8@2018-11-28,-0.027571141719818115,-0.08662885427474976,0.05441868305206299,0.14104755222797394
2018-11-21T00:00:00+00:00,2018-11-22T02:07:09.497954+00:00,2018-11-22T02:07:09.497954+00:00,NGZ8@2018-11-28,-0.011714816093444824,-0.058419764041900635,0.060877084732055664,0.11929691582918167
2018-11-23T00:00:00+00:00,2018-11-26T14:20:32.940466+00:00,2018-11-26T14:20:32.940466+00:00,NGZ8@2018-11-28,0.0013960599899291992,-0.03408092260360718,0.05556607246398926,0.08964693546295166
2018-11-26T00:00:00+00:00,2018-11-27T14:19:38.118068+00:00,2018-11-27T14:19:38.118068+00:00,NGZ8@2018-11-28,0.0006622076034545898,-0.030935466289520264,0.05566573143005371,0.08660116791725159
2018-11-27T00:00:00+00:00,2018-11-28T14:50:23.644367+00:00,2018-11-28T14:50:23.644367+00:00,NGZ8@2018-11-28,0.003670930862426758,-0.02422940731048584,0.05572795867919922,0.07995738089084625
2018-11-28T00:00:00+00:00,2018-11-29T14:25:09.927732+00:00,2018-11-29T14:25:09.927732+00:00,NGF9@2018-12-27,-0.0179901123046875,-0.06396019458770752,0.05039095878601074,0.11435111612081528
2018-11-29T00:00:00+00:00,2018-11-30T14:19:23.365486+00:00,2018-11-30T14:19:23.365486+00:00,NGF9@2018-12-27,-0.005409300327301025,-0.05487340688705444,0.06377589702606201,0.11864931881427765
2018-11-30T00:00:00+00:00,2018-12-03T14:20:21.740266+00:00,2018-12-03T14:20:21.740266+00:00,NGF9@2018-12-27,0.006137847900390625,-0.03352034091949463,0.0692983865737915,0.10281878709793091
2018-12-03T00:00:00+00:00,2018-12-04T14:19:36.641709+00:00,2018-12-04T14:19:36.641709+00:00,NGF9@2018-12-27,0.009335041046142578,-0.023898005485534668,0.05804896354675293,0.0819469690322876
2018-12-04T00:00:00+00:00,2018-12-05T14:20:51.339964+00:00,2018-12-05T14:20:51.339964+00:00,NGF9@2018-12-27,-0.0002231597900390625,-0.04018688201904297,0.05766940116882324,0.09785625338554382
2018-12-05T00:00:00+00:00,2018-12-06T14:19:14.707541+00:00,2018-12-06T14:19:14.707541+00:00,NGF9@2018-12-27,0.0001169443130493164,-0.02341282367706299,0.03590071201324463,0.0593135729432106
2018-12-06T00:00:00+00:00,2018-12-07T14:22:56.315386+00:00,2018-12-07T14:22:56.315386+00:00,NGF9@2018-12-27,0.0029145479202270508,-0.0290299654006958,0.04444706439971924,0.07347699999809265
2018-12-07T00:00:00+00:00,2018-12-10T14:20:27.714877+00:00,2018-12-10T14:20:27.714877+00:00,NGF9@2018-12-27,-0.007294714450836182,-0.03505200147628784,0.03268098831176758,0.06773297488689423
2018-12-10T00:00:00+00:00,2018-12-11T14:20:04.940054+00:00,2018-12-11T14:20:04.940054+00:00,NGF9@2018-12-27,-0.003951311111450195,-0.04218637943267822,0.046627163887023926,0.08881351351737976
2018-12-11T00:00:00+00:00,2018-12-12T14:31:23.086370+00:00,2018-12-12T14:31:23.086370+00:00,NGF9@2018-12-27,-0.004301249980926514,-0.03470349311828613,0.03831517696380615,0.07301872968673706
2018-12-12T00:00:00+00:00,2018-12-13T14:19:24.425106+00:00,2018-12-13T14:19:24.425106+00:00,NGF9@2018-12-27,0.009021282196044922,-0.032099008560180664,0.06325328350067139,0.09535232186317444
2018-12-13T00:00:00+00:00,2018-12-14T14:19:33.274192+00:00,2018-12-14T14:19:33.274192+00:00,NGF9@2018-12-27,0.0038720369338989258,-0.03368699550628662,0.057158470153808594,0.09084545820951462
2018-12-14T00:00:00+00:00,2018-12-17T14:20:40.618849+00:00,2018-12-17T14:20:40.618849+00:00,NGF9@2018-12-27,0.014059066772460938,-0.024007201194763184,0.07537853717803955,0.09938579052686691
2018-12-17T00:00:00+00:00,2018-12-18T14:19:11.789110+00:00,2018-12-18T14:19:11.789110+00:00,NGF9@2018-12-27,0.00684201717376709,-0.028852522373199463,0.06152200698852539,0.09037455916404724
2018-12-18T00:00:00+00:00,2018-12-19T14:31:29.740641+00:00,2018-12-19T14:31:29.740641+00:00,NGF9@2018-12-27,-0.0001469254493713379,-0.04909712076187134,0.07703888416290283,0.12613597512245178
2018-12-19T00:00:00+00:00,2018-12-20T14:19:51.261769+00:00,2018-12-20T14:19:51.261769+00:00,NGF9@2018-12-27,-0.0037325024604797363,-0.039337217807769775,0.04553830623626709,0.08487553894519806
2018-12-20T00:00:00+00:00,2018-12-21T14:21:04.544578+00:00,2018-12-21T14:21:04.544578+00:00,NGF9@2018-12-27,0.006776690483093262,-0.04164785146713257,0.09113991260528564,0.1327877789735794
2018-12-21T00:00:00+00:00,2018-12-24T14:20:10.265711+00:00,2018-12-24T14:20:10.265711+00:00,NGF9@2018-12-27,-0.008795440196990967,-0.0617905855178833,0.08853328227996826,0.15032385289669037
2018-12-24T00:00:00+00:00,2018-12-25T02:02:06.891018+00:00,2018-12-25T02:02:06.891018+00:00,NGF9@2018-12-27,0.014712095260620117,-0.02385866641998291,0.09573709964752197,0.11959569901227951
2018-12-26T00:00:00+00:00,2018-12-27T14:19:53.878468+00:00,2018-12-27T14:19:53.878468+00:00,NGG9@2019-01-29,0.005770683288574219,-0.025649607181549072,0.08003735542297363,0.10568693280220032
2018-12-27T00:00:00+00:00,2018-12-28T14:19:40.317744+00:00,2018-12-28T14:19:40.317744+00:00,NGG9@2019-01-29,0.00327455997467041,-0.03801995515823364,0.0825425386428833,0.12056247889995575
2018-12-28T00:00:00+00:00,2018-12-31T14:20:08.679408+00:00,2018-12-31T14:20:08.679408+00:00,NGG9@2019-01-29,0.017653465270996094,-0.01573282480239868,0.08991861343383789,0.10565148293972015
2018-12-31T00:00:00+00:00,2019-01-01T02:00:52.586016+00:00,2019-01-01T02:00:52.586016+00:00,NGG9@2019-01-29,0.016362428665161133,-0.00302964448928833,0.05516922473907471,0.05819878354668617
2019-01-02T00:00:00+00:00,2019-01-03T14:19:17.350630+00:00,2019-01-03T14:19:17.350630+00:00,NGG9@2019-01-29,0.0037660598754882812,0.0011935234069824219,0.04061734676361084,0.039423778653144836
2019-01-03T00:00:00+00:00,2019-01-04T14:29:02.643029+00:00,2019-01-04T14:29:02.643029+00:00,NGG9@2019-01-29,-0.0005873441696166992,-0.00438380241394043,0.019466519355773926,0.02385035902261734
2019-01-04T00:00:00+00:00,2019-01-07T14:20:45.693380+00:00,2019-01-07T14:20:45.693380+00:00,NGG9@2019-01-29,-0.0007477402687072754,-0.018802881240844727,0.03594326972961426,0.05474620312452316
2019-01-07T00:00:00+00:00,2019-01-08T14:19:36.955603+00:00,2019-01-08T14:19:36.955603+00:00,NGG9@2019-01-29,-0.0009665489196777344,-0.016320765018463135,0.0396730899810791,0.055993784219026566
2019-01-08T00:00:00+00:00,2019-01-09T14:20:22.324072+00:00,2019-01-09T14:20:22.324072+00:00,NGG9@2019-01-29,-0.005963683128356934,-0.024715185165405273,0.03735697269439697,0.062072161585092545
2019-01-09T00:00:00+00:00,2019-01-10T14:19:30.422146+00:00,2019-01-10T14:19:30.422146+00:00,NGG9@2019-01-29,-0.005569517612457275,-0.02341485023498535,0.03724491596221924,0.06065979227423668
2019-01-10T00:00:00+00:00,2019-01-11T14:36:54.055747+00:00,2019-01-11T14:36:54.055747+00:00,NGG9@2019-01-29,-0.003896772861480713,-0.02546638250350952,0.0391155481338501,0.064581960439682
2019-01-11T00:00:00+00:00,2019-01-14T14:21:28.521339+00:00,2019-01-14T14:21:28.521339+00:00,NGG9@2019-01-29,-0.020156562328338623,-0.05574315786361694,0.040602684020996094,0.09634580463171005
2019-01-14T00:00:00+00:00,2019-01-15T14:19:49.539970+00:00,2019-01-15T14:19:49.539970+00:00,NGG9@2019-01-29,-0.015993475914001465,-0.12339568138122559,0.10891163349151611,0.2323073297739029
2019-01-15T00:00:00+00:00,2019-01-16T14:20:21.097497+00:00,2019-01-16T14:20:21.097497+00:00,NGG9@2019-01-29,0.017086148262023926,-0.07664668560028076,0.1274186372756958,0.20406539738178253
2019-01-16T00:00:00+00:00,2019-01-17T14:28:35.013108+00:00,2019-01-17T14:28:35.013108+00:00,NGG9@2019-01-29,0.014266133308410645,-0.0658043622970581,0.12624716758728027,0.19205151498317719
2019-01-17T00:00:00+00:00,2019-01-18T14:19:00.651940+00:00,2019-01-18T14:19:00.651940+00:00,NGG9@2019-01-29,0.008382558822631836,-0.0699416995048523,0.11401796340942383,0.18395966291427612
2019-01-18T00:00:00+00:00,2019-01-22T14:19:49.130157+00:00,2019-01-22T14:19:49.130157+00:00,NGG9@2019-01-29,-0.002732217311859131,-0.06860530376434326,0.09031069278717041,0.15891604125499725
2019-01-22T00:00:00+00:00,2019-01-23T14:19:03.925462+00:00,2019-01-23T14:19:03.925462+00:00,NGG9@2019-01-29,0.019289135932922363,-0.03798598051071167,0.11564350128173828,0.15362948179244995
2019-01-23T00:00:00+00:00,2019-01-24T14:19:44.229690+00:00,2019-01-24T14:19:44.229690+00:00,NGG9@2019-01-29,0.013071298599243164,-0.04210728406906128,0.10653841495513916,0.14864574372768402
2019-01-24T00:00:00+00:00,2019-01-25T14:20:18.186791+00:00,2019-01-25T14:20:18.186791+00:00,NGG9@2019-01-29,-0.00586700439453125,-0.06581997871398926,0.08626127243041992,0.15208128094673157
2019-01-25T00:00:00+00:00,2019-01-28T14:19:32.896720+00:00,2019-01-28T14:19:32.896720+00:00,NGG9@2019-01-29,-0.009909510612487793,-0.07253354787826538,0.0957341194152832,0.16826769709587097
2019-01-28T00:00:00+00:00,2019-01-29T14:18:54.506536+00:00,2019-01-29T14:18:54.506536+00:00,NGG9@2019-01-29,0.014689922332763672,-0.03476572036743164,0.11216294765472412,0.14692866802215576
2019-01-29T00:00:00+00:00,2019-01-30T14:18:54.687133+00:00,2019-01-30T14:18:54.687133+00:00,NGH9@2019-02-26,0.0019404888153076172,-0.04190272092819214,0.08131694793701172,0.12321969121694565
2019-01-30T00:00:00+00:00,2019-01-31T14:19:24.406788+00:00,2019-01-31T14:19:24.406788+00:00,NGH9@2019-02-26,0.005908608436584473,-0.03444814682006836,0.07976603507995605,0.11421418935060501
2019-01-31T00:00:00+00:00,2019-02-01T14:20:34.040283+00:00,2019-02-01T14:20:34.040283+00:00,NGH9@2019-02-26,0.004897713661193848,-0.021789968013763428,0.07108521461486816,0.09287513792514801
2019-02-01T00:00:00+00:00,2019-02-04T14:23:19.400935+00:00,2019-02-04T14:23:19.400935+00:00,NGH9@2019-02-26,0.010459542274475098,-0.017153501510620117,0.07709527015686035,0.09424876421689987
2019-02-04T00:00:00+00:00,2019-02-05T15:12:15.533277+00:00,2019-02-05T15:12:15.533277+00:00,NGH9@2019-02-26,0.01248323917388916,-0.014166831970214844,0.0828711986541748,0.09703806042671204
2019-02-05T00:00:00+00:00,2019-02-06T14:19:56.599615+00:00,2019-02-06T14:19:56.599615+00:00,NGH9@2019-02-26,0.008666396141052246,-0.009630143642425537,0.07173717021942139,0.08136728405952454
2019-02-06T00:00:00+00:00,2019-02-07T14:19:51.319201+00:00,2019-02-07T14:19:51.319201+00:00,NGH9@2019-02-26,0.006541609764099121,-0.009903252124786377,0.06283271312713623,0.07273594290018082
2019-02-07T00:00:00+00:00,2019-02-08T14:19:08.749378+00:00,2019-02-08T14:19:08.749378+00:00,NGH9@2019-02-26,0.012346863746643066,-0.009462237358093262,0.07132530212402344,0.0807875394821167
2019-02-08T00:00:00+00:00,2019-02-11T14:20:32.392131+00:00,2019-02-11T14:20:32.392131+00:00,NGH9@2019-02-26,0.0014758110046386719,-0.015421509742736816,0.05486714839935303,0.07028862088918686
2019-02-11T00:00:00+00:00,2019-02-12T14:19:45.940249+00:00,2019-02-12T14:19:45.940249+00:00,NGH9@2019-02-26,0.0007883310317993164,-0.020494699478149414,0.05719101428985596,0.07768574357032776
2019-02-12T00:00:00+00:00,2019-02-13T14:19:14.994049+00:00,2019-02-13T14:19:14.994049+00:00,NGH9@2019-02-26,-0.0006181597709655762,-0.02897435426712036,0.057154178619384766,0.08612853288650513
2019-02-13T00:00:00+00:00,2019-02-14T14:18:59.444854+00:00,2019-02-14T14:18:59.444854+00:00,NGH9@2019-02-26,0.014595985412597656,-0.011515676975250244,0.06709408760070801,0.07860970497131348
2019-02-14T00:00:00+00:00,2019-02-15T14:19:40.451848+00:00,2019-02-15T14:19:40.451848+00:00,NGH9@2019-02-26,0.009055376052856445,-0.020415127277374268,0.06463682651519775,0.08505196124315262
2019-02-15T00:00:00+00:00,2019-02-19T14:19:40.905618+00:00,2019-02-19T14:19:40.905618+00:00,NGH9@2019-02-26,0.0031321048736572266,-0.04257237911224365,0.08203065395355225,0.12460299581289291
2019-02-19T00:00:00+00:00,2019-02-20T14:19:18.580445+00:00,2019-02-20T14:19:18.580445+00:00,NGH9@2019-02-26,-0.0011623501777648926,-0.04173773527145386,0.06992101669311523,0.11165880411863327
2019-02-20T00:00:00+00:00,2019-02-21T14:19:18.846231+00:00,2019-02-21T14:19:18.846231+00:00,NGH9@2019-02-26,0.005496501922607422,-0.025558829307556152,0.06749498844146729,0.09305379539728165
2019-02-21T00:00:00+00:00,2019-02-22T14:19:22.372445+00:00,2019-02-22T14:19:22.372445+00:00,NGH9@2019-02-26,-0.004012882709503174,-0.04652893543243408,0.06852412223815918,0.11505309492349625
2019-02-22T00:00:00+00:00,2019-02-25T14:20:33.790808+00:00,2019-02-25T14:20:33.790808+00:00,NGH9@2019-02-26,-0.0003056526184082031,-0.035796284675598145,0.06103932857513428,0.09683559089899063
2019-02-25T00:00:00+00:00,2019-02-26T14:19:32.881360+00:00,2019-02-26T14:19:32.881360+00:00,NGH9@2019-02-26,-0.016538619995117188,-0.061415135860443115,0.05586576461791992,0.11728092283010483
2019-02-27T00:00:00+00:00,2019-02-28T14:30:46.992505+00:00,2019-02-28T14:30:46.992505+00:00,NGJ9@2019-03-27,0.00218355655670166,-0.02200174331665039,0.027759194374084473,0.049760911613702774
2019-02-28T00:00:00+00:00,2019-03-01T14:19:31.148499+00:00,2019-03-01T14:19:31.148499+00:00,NGJ9@2019-03-27,0.0014139413833618164,-0.019424140453338623,0.022910237312316895,0.04233438894152641
2019-03-01T00:00:00+00:00,2019-03-04T14:20:05.955366+00:00,2019-03-04T14:20:05.955366+00:00,NGJ9@2019-03-27,-0.005200028419494629,-0.030074656009674072,0.018295764923095703,0.04837045073509216
2019-03-04T00:00:00+00:00,2019-03-05T14:19:48.928007+00:00,2019-03-05T14:19:48.928007+00:00,NGJ9@2019-03-27,-0.0004972219467163086,-0.024545371532440186,0.020630836486816406,0.0451761893928051
2019-03-05T00:00:00+00:00,2019-03-06T14:19:26.489631+00:00,2019-03-06T14:19:26.489631+00:00,NGJ9@2019-03-27,0.00034105777740478516,-0.021682441234588623,0.019183874130249023,0.04086638242006302
2019-03-06T00:00:00+00:00,2019-03-07T14:20:26.366862+00:00,2019-03-07T14:20:26.366862+00:00,NGJ9@2019-03-27,0.0036622285842895508,-0.018482685089111328,0.02331554889678955,0.04179827496409416
2019-03-07T00:00:00+00:00,2019-03-08T14:18:48.601704+00:00,2019-03-08T14:18:48.601704+00:00,NGJ9@2019-03-27,-0.0002594590187072754,-0.02410745620727539,0.02017509937286377,0.04428255185484886
2019-03-08T00:00:00+00:00,2019-03-11T13:22:34.178283+00:00,2019-03-11T13:22:34.178283+00:00,NGJ9@2019-03-27,0.0013295412063598633,-0.02181631326675415,0.016907215118408203,0.03872358798980713
2019-03-11T00:00:00+00:00,2019-03-12T13:39:19.583781+00:00,2019-03-12T13:39:19.583781+00:00,NGJ9@2019-03-27,0.0033589601516723633,-0.02284681797027588,0.02441120147705078,0.047258052974939346
2019-03-12T00:00:00+00:00,2019-03-13T13:34:24.661647+00:00,2019-03-13T13:34:24.661647+00:00,NGJ9@2019-03-27,-0.00028902292251586914,-0.02460002899169922,0.020615458488464355,0.045215435326099396
2019-03-13T00:00:00+00:00,2019-03-14T13:33:41.905875+00:00,2019-03-14T13:33:41.905875+00:00,NGJ9@2019-03-27,-0.004198610782623291,-0.027865886688232422,0.01609218120574951,0.04395804554224014
2019-03-14T00:00:00+00:00,2019-03-15T13:18:56.782779+00:00,2019-03-15T13:18:56.782779+00:00,NGJ9@2019-03-27,-0.006515443325042725,-0.029822587966918945,0.011094212532043457,0.04091688618063927
2019-03-15T00:00:00+00:00,2019-03-18T13:21:32.716347+00:00,2019-03-18T13:21:32.716347+00:00,NGJ9@2019-03-27,0.0039664506912231445,-0.01993173360824585,0.021337509155273438,0.041269272565841675
2019-03-18T00:00:00+00:00,2019-03-19T13:39:48.804976+00:00,2019-03-19T13:39:48.804976+00:00,NGJ9@2019-03-27,-0.0037438273429870605,-0.029524266719818115,0.016393184661865234,0.045917410403490067
2019-03-19T00:00:00+00:00,2019-03-20T13:19:54.482043+00:00,2019-03-20T13:19:54.482043+00:00,NGJ9@2019-03-27,-0.004396796226501465,-0.029591262340545654,0.016513705253601074,0.0461050420999527
2019-03-20T00:00:00+00:00,2019-03-21T13:19:31.627426+00:00,2019-03-21T13:19:31.627426+00:00,NGJ9@2019-03-27,0.002660036087036133,-0.02370917797088623,0.02621006965637207,0.04991926997900009
2019-03-21T00:00:00+00:00,2019-03-22T13:20:55.026918+00:00,2019-03-22T13:20:55.026918+00:00,NGJ9@2019-03-27,-0.0003803372383117676,-0.026630759239196777,0.023516416549682617,0.050147175788879395
2019-03-22T00:00:00+00:00,2019-03-25T13:19:55.977237+00:00,2019-03-25T13:19:55.977237+00:00,NGJ9@2019-03-27,0.00015020370483398438,-0.028650224208831787,0.028177261352539062,0.05682754144072533
2019-03-25T00:00:00+00:00,2019-03-26T13:19:56.952801+00:00,2019-03-26T13:19:56.952801+00:00,NGJ9@2019-03-27,-0.001928567886352539,-0.027766883373260498,0.02461421489715576,0.05238112062215805
2019-03-26T00:00:00+00:00,2019-03-27T13:21:08.208715+00:00,2019-03-27T13:21:08.208715+00:00,NGJ9@2019-03-27,-0.003391444683074951,-0.02526921033859253,0.02017807960510254,0.04544727876782417
2019-03-27T00:00:00+00:00,2019-03-28T13:20:08.303423+00:00,2019-03-28T13:20:08.303423+00:00,NGK9@2019-04-26,0.006596684455871582,-0.017956078052520752,0.0335080623626709,0.05146412551403046
2019-03-28T00:00:00+00:00,2019-03-29T13:20:10.478115+00:00,2019-03-29T13:20:10.478115+00:00,NGK9@2019-04-26,0.006003975868225098,-0.018707215785980225,0.03310585021972656,0.05181305482983589
2019-03-29T00:00:00+00:00,2019-04-01T13:31:19.708210+00:00,2019-04-01T13:31:19.708210+00:00,NGK9@2019-04-26,0.007136344909667969,-0.02197134494781494,0.03834390640258789,0.060315243899822235
2019-04-01T00:00:00+00:00,2019-04-02T13:19:26.158566+00:00,2019-04-02T13:19:26.158566+00:00,NGK9@2019-04-26,0.0038145780563354492,-0.026394665241241455,0.034981369972229004,0.06137596815824509
2019-04-02T00:00:00+00:00,2019-04-03T13:29:33.503487+00:00,2019-04-03T13:29:33.503487+00:00,NGK9@2019-04-26,0.0013382434844970703,-0.025102555751800537,0.027623534202575684,0.05272603780031204
2019-04-03T00:00:00+00:00,2019-04-04T13:19:18.691733+00:00,2019-04-04T13:19:18.691733+00:00,NGK9@2019-04-26,0.004912972450256348,-0.021683335304260254,0.03271985054016113,0.05440325289964676
2019-04-04T00:00:00+00:00,2019-04-05T13:19:37.559037+00:00,2019-04-05T13:19:37.559037+00:00,NGK9@2019-04-26,0.005609035491943359,-0.021820783615112305,0.03411662578582764,0.055937349796295166
2019-04-05T00:00:00+00:00,2019-04-08T13:22:02.047181+00:00,2019-04-08T13:22:02.047181+00:00,NGK9@2019-04-26,0.007485866546630859,-0.01846867799758911,0.033217668533325195,0.051686353981494904
2019-04-08T00:00:00+00:00,2019-04-09T13:32:22.107604+00:00,2019-04-09T13:32:22.107604+00:00,NGK9@2019-04-26,0.004221200942993164,-0.022747397422790527,0.030949831008911133,0.05369726940989494
2019-04-09T00:00:00+00:00,2019-04-10T13:19:15.192190+00:00,2019-04-10T13:19:15.192190+00:00,NGK9@2019-04-26,0.004962921142578125,-0.019012868404388428,0.02810537815093994,0.047118280082941055
2019-04-10T00:00:00+00:00,2019-04-11T13:18:50.340094+00:00,2019-04-11T13:18:50.340094+00:00,NGK9@2019-04-26,0.0018851757049560547,-0.019537687301635742,0.02130866050720215,0.04084639996290207
2019-04-11T00:00:00+00:00,2019-04-12T13:19:18.069778+00:00,2019-04-12T13:19:18.069778+00:00,NGK9@2019-04-26,0.004937171936035156,-0.01390695571899414,0.024014949798583984,0.03792188689112663
2019-04-12T00:00:00+00:00,2019-04-15T13:37:35.444463+00:00,2019-04-15T13:37:35.444463+00:00,NGK9@2019-04-26,0.0032274723052978516,-0.016001105308532715,0.023321866989135742,0.039322931319475174
2019-04-15T00:00:00+00:00,2019-04-16T13:18:37.149000+00:00,2019-04-16T13:18:37.149000+00:00,NGK9@2019-04-26,0.010173678398132324,-0.011126697063446045,0.02980780601501465,0.040934447199106216
2019-04-16T00:00:00+00:00,2019-04-17T13:18:45.438860+00:00,2019-04-17T13:18:45.438860+00:00,NGK9@2019-04-26,0.0068885087966918945,-0.014934897422790527,0.026978611946105957,0.041913557797670364
2019-04-17T00:00:00+00:00,2019-04-18T13:18:58.606696+00:00,2019-04-18T13:18:58.606696+00:00,NGK9@2019-04-26,0.006135463714599609,-0.019296109676361084,0.027951478958129883,0.04724761098623276
2019-04-18T00:00:00+00:00,2019-04-22T13:24:11.387143+00:00,2019-04-22T13:24:11.387143+00:00,NGK9@2019-04-26,0.012698531150817871,-0.015197217464447021,0.037520408630371094,0.052717603743076324
2019-04-22T00:00:00+00:00,2019-04-23T13:24:26.921580+00:00,2019-04-23T13:24:26.921580+00:00,NGK9@2019-04-26,0.008959293365478516,-0.01941317319869995,0.03361344337463379,0.05302659794688225
2019-04-23T00:00:00+00:00,2019-04-24T13:23:23.094426+00:00,2019-04-24T13:23:23.094426+00:00,NGK9@2019-04-26,0.008226752281188965,-0.02593904733657837,0.03895151615142822,0.0648905485868454
2019-04-24T00:00:00+00:00,2019-04-25T13:23:39.177638+00:00,2019-04-25T13:23:39.177638+00:00,NGK9@2019-04-26,0.010162830352783203,-0.019778072834014893,0.03709089756011963,0.0568690299987793
2019-04-25T00:00:00+00:00,2019-04-26T13:51:09.171877+00:00,2019-04-26T13:51:09.171877+00:00,NGM9@2019-05-29,0.008944272994995117,-0.01837897300720215,0.03195488452911377,0.05033392086625099
2019-04-26T00:00:00+00:00,2019-04-29T13:19:55.672655+00:00,2019-04-29T13:19:55.672655+00:00,NGM9@2019-05-29,0.007848501205444336,-0.01865941286087036,0.031804800033569336,0.05046415701508522
2019-04-29T00:00:00+00:00,2019-04-30T14:35:02.577914+00:00,2019-04-30T14:35:02.577914+00:00,NGM9@2019-05-29,0.006241202354431152,-0.019426286220550537,0.028839588165283203,0.04826583340764046
2019-04-30T00:00:00+00:00,2019-05-01T13:18:53.199587+00:00,2019-05-01T13:18:53.199587+00:00,NGM9@2019-05-29,0.008071541786193848,-0.020316600799560547,0.031932830810546875,0.05224940925836563
2019-05-01T00:00:00+00:00,2019-05-02T13:19:04.809288+00:00,2019-05-02T13:19:04.809288+00:00,NGM9@2019-05-29,0.0023516416549682617,-0.022890925407409668,0.025102853775024414,0.04799375310540199
2019-05-02T00:00:00+00:00,2019-05-03T13:19:12.318936+00:00,2019-05-03T13:19:12.318936+00:00,NGM9@2019-05-29,0.0050754547119140625,-0.02111917734146118,0.028785347938537598,0.04990444332361221
2019-05-03T00:00:00+00:00,2019-05-06T13:24:47.560977+00:00,2019-05-06T13:24:47.560977+00:00,NGM9@2019-05-29,0.0034950971603393555,-0.024149537086486816,0.029209613800048828,0.05335923284292221
2019-05-06T00:00:00+00:00,2019-05-07T13:22:39.506111+00:00,2019-05-07T13:22:39.506111+00:00,NGM9@2019-05-29,0.0010122060775756836,-0.025251567363739014,0.02335965633392334,0.04861122742295265
2019-05-07T00:00:00+00:00,2019-05-08T13:23:50.366737+00:00,2019-05-08T13:23:50.366737+00:00,NGM9@2019-05-29,0.0007216930389404297,-0.024776458740234375,0.024192333221435547,0.04896875098347664
2019-05-08T00:00:00+00:00,2019-05-09T13:22:59.858094+00:00,2019-05-09T13:22:59.858094+00:00,NGM9@2019-05-29,0.0010243654251098633,-0.027934253215789795,0.02669370174407959,0.054628003388643265
2019-05-09T00:00:00+00:00,2019-05-10T13:23:19.110873+00:00,2019-05-10T13:23:19.110873+00:00,NGM9@2019-05-29,0.0017786026000976562,-0.026191234588623047,0.027666926383972168,0.053858160972595215
2019-05-10T00:00:00+00:00,2019-05-13T13:40:56.104135+00:00,2019-05-13T13:40:56.104135+00:00,NGM9@2019-05-29,0.00218045711517334,-0.025202631950378418,0.02642035484313965,0.051623038947582245
2019-05-13T00:00:00+00:00,2019-05-14T13:22:47.797561+00:00,2019-05-14T13:22:47.797561+00:00,NGM9@2019-05-29,0.00232541561126709,-0.02718251943588257,0.027161002159118652,0.05434351786971092
2019-05-14T00:00:00+00:00,2019-05-15T13:23:23.838578+00:00,2019-05-15T13:23:23.838578+00:00,NGM9@2019-05-29,-0.00048798322677612305,-0.027554690837860107,0.02305734157562256,0.05061207711696625
2019-05-15T00:00:00+00:00,2019-05-16T13:24:04.456600+00:00,2019-05-16T13:24:04.456600+00:00,NGM9@2019-05-29,0.0007766485214233398,-0.031259238719940186,0.02676570415496826,0.058024995028972626
2019-05-16T00:00:00+00:00,2019-05-17T13:24:00.412360+00:00,2019-05-17T13:24:00.412360+00:00,NGM9@2019-05-29,0.00019049644470214844,-0.028467118740081787,0.02476060390472412,0.05322778597474098
2019-05-17T00:00:00+00:00,2019-05-20T13:24:17.348012+00:00,2019-05-20T13:24:17.348012+00:00,NGM9@2019-05-29,-0.004026949405670166,-0.03224062919616699,0.01843273639678955,0.05067332461476326
2019-05-20T00:00:00+00:00,2019-05-21T13:22:16.942380+00:00,2019-05-21T13:22:16.942380+00:00,NGM9@2019-05-29,-0.0006295442581176758,-0.026652216911315918,0.021324634552001953,0.04797681048512459
2019-05-21T00:00:00+00:00,2019-05-22T13:22:27.411963+00:00,2019-05-22T13:22:27.411963+00:00,NGM9@2019-05-29,0.005903720855712891,-0.023940742015838623,0.030728697776794434,0.05466948077082634
2019-05-22T00:00:00+00:00,2019-05-23T13:24:45.659534+00:00,2019-05-23T13:24:45.659534+00:00,NGM9@2019-05-29,0.005463123321533203,-0.026623189449310303,0.03376972675323486,0.06039293482899666
2019-05-23T00:00:00+00:00,2019-05-24T13:24:41.842665+00:00,2019-05-24T13:24:41.842665+00:00,NGM9@2019-05-29,0.000491023063659668,-0.02816253900527954,0.02591073513031006,0.05407329648733139
2019-05-24T00:00:00+00:00,2019-05-28T13:23:59.658814+00:00,2019-05-28T13:23:59.658814+00:00,NGM9@2019-05-29,0.00017201900482177734,-0.02393728494644165,0.021942734718322754,0.04587997496128082
2019-05-28T00:00:00+00:00,2019-05-29T13:39:12.341121+00:00,2019-05-29T13:39:12.341121+00:00,NGM9@2019-05-29,-0.00042557716369628906,-0.022500157356262207,0.019957304000854492,0.04245752841234207
2019-05-30T00:00:00+00:00,2019-05-31T13:25:28.603088+00:00,2019-05-31T13:25:28.603088+00:00,NGN9@2019-06-26,0.010907411575317383,-0.012543678283691406,0.03534889221191406,0.047892555594444275
2019-05-31T00:00:00+00:00,2019-06-03T13:21:08.097034+00:00,2019-06-03T13:21:08.097034+00:00,NGN9@2019-06-26,0.023470759391784668,-0.009764552116394043,0.053942084312438965,0.06370662897825241
2019-06-03T00:00:00+00:00,2019-06-04T13:19:14.346050+00:00,2019-06-04T13:19:14.346050+00:00,NGN9@2019-06-26,0.016701459884643555,-0.014751672744750977,0.045969486236572266,0.06072113290429115
2019-06-04T00:00:00+00:00,2019-06-05T13:19:51.226267+00:00,2019-06-05T13:19:51.226267+00:00,NGN9@2019-06-26,0.010258674621582031,-0.018653690814971924,0.0360947847366333,0.054748449474573135
2019-06-05T00:00:00+00:00,2019-06-06T13:36:52.924663+00:00,2019-06-06T13:36:52.924663+00:00,NGN9@2019-06-26,0.007546544075012207,-0.020184755325317383,0.03044140338897705,0.05062615126371384
2019-06-06T00:00:00+00:00,2019-06-07T13:19:17.755107+00:00,2019-06-07T13:19:17.755107+00:00,NGN9@2019-06-26,0.006511211395263672,-0.02509593963623047,0.03595006465911865,0.06104603409767151
2019-06-07T00:00:00+00:00,2019-06-10T13:20:07.321764+00:00,2019-06-10T13:20:07.321764+00:00,NGN9@2019-06-26,0.007763504981994629,-0.023663640022277832,0.034573912620544434,0.05823748931288719
2019-06-10T00:00:00+00:00,2019-06-11T13:42:26.300130+00:00,2019-06-11T13:42:26.300130+00:00,NGN9@2019-06-26,0.006296515464782715,-0.029614806175231934,0.03780162334442139,0.06741641461849213
2019-06-11T00:00:00+00:00,2019-06-12T13:18:44.212858+00:00,2019-06-12T13:18:44.212858+00:00,NGN9@2019-06-26,0.00568997859954834,-0.028710782527923584,0.035014986991882324,0.06372573971748352
2019-06-12T00:00:00+00:00,2019-06-13T13:28:26.243438+00:00,2019-06-13T13:28:26.243438+00:00,NGN9@2019-06-26,0.0032006502151489258,-0.0318642258644104,0.028421640396118164,0.06028592959046364
2019-06-13T00:00:00+00:00,2019-06-14T13:19:44.152580+00:00,2019-06-14T13:19:44.152580+00:00,NGN9@2019-06-26,0.002811431884765625,-0.026212096214294434,0.02872931957244873,0.05494138225913048
2019-06-14T00:00:00+00:00,2019-06-17T13:20:29.075457+00:00,2019-06-17T13:20:29.075457+00:00,NGN9@2019-06-26,0.008425354957580566,-0.025408029556274414,0.03629660606384277,0.06170456483960152
2019-06-17T00:00:00+00:00,2019-06-18T13:19:28.119531+00:00,2019-06-18T13:19:28.119531+00:00,NGN9@2019-06-26,0.0017888545989990234,-0.029203951358795166,0.02681601047515869,0.05601997300982475
2019-06-18T00:00:00+00:00,2019-06-19T13:19:14.867012+00:00,2019-06-19T13:19:14.867012+00:00,NGN9@2019-06-26,0.002987980842590332,-0.029303252696990967,0.03300285339355469,0.062306106090545654
2019-06-19T00:00:00+00:00,2019-06-20T13:34:09.422895+00:00,2019-06-20T13:34:09.422895+00:00,NGN9@2019-06-26,0.006486415863037109,-0.029864728450775146,0.03819680213928223,0.06806159019470215
2019-06-20T00:00:00+00:00,2019-06-21T13:19:08.724623+00:00,2019-06-21T13:19:08.724623+00:00,NGN9@2019-06-26,0.0037963390350341797,-0.03261077404022217,0.0390242338180542,0.07163501530885696
2019-06-21T00:00:00+00:00,2019-06-24T13:20:15.012351+00:00,2019-06-24T13:20:15.012351+00:00,NGN9@2019-06-26,0.003725767135620117,-0.03370636701583862,0.04052329063415527,0.0742296501994133
2019-06-24T00:00:00+00:00,2019-06-25T13:19:04.373813+00:00,2019-06-25T13:19:04.373813+00:00,NGN9@2019-06-26,0.010764241218566895,-0.03700476884841919,0.055124640464782715,0.09212947636842728
2019-06-25T00:00:00+00:00,2019-06-26T13:18:47.190511+00:00,2019-06-26T13:18:47.190511+00:00,NGN9@2019-06-26,0.0023647546768188477,-0.04035329818725586,0.04089474678039551,0.08124805241823196
2019-06-26T00:00:00+00:00,2019-06-27T13:19:12.430487+00:00,2019-06-27T13:19:12.430487+00:00,NGQ9@2019-07-29,0.006250500679016113,-0.03913062810897827,0.046765685081481934,0.08589629083871841
2019-06-27T00:00:00+00:00,2019-06-28T13:19:22.003025+00:00,2019-06-28T13:19:22.003025+00:00,NGQ9@2019-07-29,0.0035973787307739258,-0.036181747913360596,0.03547394275665283,0.07165566086769104
2019-06-28T00:00:00+00:00,2019-07-01T13:20:12.752052+00:00,2019-07-01T13:20:12.752052+00:00,NGQ9@2019-07-29,0.002091646194458008,-0.03180462121963501,0.031769633293151855,0.06357429176568985
2019-07-01T00:00:00+00:00,2019-07-02T13:19:12.798153+00:00,2019-07-02T13:19:12.798153+00:00,NGQ9@2019-07-29,0.0037196874618530273,-0.027832508087158203,0.03226733207702637,0.06009978428483009
2019-07-02T00:00:00+00:00,2019-07-03T13:19:01.144712+00:00,2019-07-03T13:19:01.144712+00:00,NGQ9@2019-07-29,0.0034595727920532227,-0.02634495496749878,0.02947831153869629,0.05582326278090477
2019-07-03T00:00:00+00:00,2019-07-05T13:38:42.819046+00:00,2019-07-05T13:38:42.819046+00:00,NGQ9@2019-07-29,0.0007966756820678711,-0.03359931707382202,0.028932929039001465,0.06253229826688766
2019-07-05T00:00:00+00:00,2019-07-08T13:38:54.035553+00:00,2019-07-08T13:38:54.035553+00:00,NGQ9@2019-07-29,0.0019211769104003906,-0.033245086669921875,0.032282352447509766,0.06552744656801224
2019-07-08T00:00:00+00:00,2019-07-09T13:18:44.807455+00:00,2019-07-09T13:18:44.807455+00:00,NGQ9@2019-07-29,-0.00976872444152832,-0.051931023597717285,0.026735424995422363,0.07866641879081726
2019-07-09T00:00:00+00:00,2019-07-10T13:19:12.612472+00:00,2019-07-10T13:19:12.612472+00:00,NGQ9@2019-07-29,0.004453420639038086,-0.03099048137664795,0.0319744348526001,0.06296492367982864
2019-07-10T00:00:00+00:00,2019-07-11T13:18:49.248779+00:00,2019-07-11T13:18:49.248779+00:00,NGQ9@2019-07-29,0.004912257194519043,-0.029221296310424805,0.03382837772369385,0.06304971873760223
2019-07-11T00:00:00+00:00,2019-07-12T13:22:52.091551+00:00,2019-07-12T13:22:52.091551+00:00,NGQ9@2019-07-29,0.00280153751373291,-0.029473185539245605,0.025059819221496582,0.05453302338719368
2019-07-12T00:00:00+00:00,2019-07-15T13:20:01.417757+00:00,2019-07-15T13:20:01.417757+00:00,NGQ9@2019-07-29,0.004628777503967285,-0.027127981185913086,0.027706265449523926,0.05483423173427582
2019-07-15T00:00:00+00:00,2019-07-16T13:18:59.987100+00:00,2019-07-16T13:18:59.987100+00:00,NGQ9@2019-07-29,0.005298018455505371,-0.02763742208480835,0.02729058265686035,0.05492805689573288
2019-07-16T00:00:00+00:00,2019-07-17T13:19:21.034721+00:00,2019-07-17T13:19:21.034721+00:00,NGQ9@2019-07-29,0.013350129127502441,-0.027066290378570557,0.04740405082702637,0.07447034120559692
2019-07-17T00:00:00+00:00,2019-07-18T13:19:13.858084+00:00,2019-07-18T13:19:13.858084+00:00,NGQ9@2019-07-29,0.007808804512023926,-0.028541922569274902,0.0434192419052124,0.07196112722158432
2019-07-18T00:00:00+00:00,2019-07-19T13:20:46.900849+00:00,2019-07-19T13:20:46.900849+00:00,NGQ9@2019-07-29,-0.007262766361236572,-0.05098384618759155,0.03375852108001709,0.08474232256412506
2019-07-19T00:00:00+00:00,2019-07-22T13:19:53.395560+00:00,2019-07-22T13:19:53.395560+00:00,NGQ9@2019-07-29,-0.00508570671081543,-0.04144638776779175,0.03496730327606201,0.07641363143920898
2019-07-22T00:00:00+00:00,2019-07-23T13:19:17.653867+00:00,2019-07-23T13:19:17.653867+00:00,NGQ9@2019-07-29,-0.0013582110404968262,-0.04667931795120239,0.03929281234741211,0.08597216755151749
2019-07-23T00:00:00+00:00,2019-07-24T13:19:24.933863+00:00,2019-07-24T13:19:24.933863+00:00,NGQ9@2019-07-29,-0.002736032009124756,-0.04803800582885742,0.03594779968261719,0.08398585021495819
2019-07-24T00:00:00+00:00,2019-07-25T13:19:31.660198+00:00,2019-07-25T13:19:31.660198+00:00,NGQ9@2019-07-29,-0.0026276707649230957,-0.04698425531387329,0.042841196060180664,0.08982548862695694
2019-07-25T00:00:00+00:00,2019-07-26T13:36:24.304800+00:00,2019-07-26T13:36:24.304800+00:00,NGQ9@2019-07-29,0.0003693103790283203,-0.037205278873443604,0.03793036937713623,0.07513564079999924
2019-07-26T00:00:00+00:00,2019-07-29T13:19:33.722775+00:00,2019-07-29T13:19:33.722775+00:00,NGQ9@2019-07-29,0.0019614696502685547,-0.036058127880096436,0.03836977481842041,0.07442793250083923
2019-07-29T00:00:00+00:00,2019-07-30T13:18:55.530827+00:00,2019-07-30T13:18:55.530827+00:00,NGU9@2019-08-28,0.001170516014099121,-0.04956459999084473,0.05417895317077637,0.1037435233592987
2019-07-30T00:00:00+00:00,2019-07-31T13:18:55.717634+00:00,2019-07-31T13:18:55.717634+00:00,NGU9@2019-08-28,0.0029906034469604492,-0.037338316440582275,0.04333531856536865,0.08067361265420914
2019-07-31T00:00:00+00:00,2019-08-01T13:19:05.728587+00:00,2019-08-01T13:19:05.728587+00:00,NGU9@2019-08-28,0.007016181945800781,-0.044012606143951416,0.055477261543273926,0.09948983788490295
2019-08-01T00:00:00+00:00,2019-08-02T13:19:40.671788+00:00,2019-08-02T13:19:40.671788+00:00,NGU9@2019-08-28,-0.0004692673683166504,-0.04812657833099365,0.03887581825256348,0.08700242638587952
2019-08-02T00:00:00+00:00,2019-08-05T13:19:05.728802+00:00,2019-08-05T13:19:05.728802+00:00,NGU9@2019-08-28,0.012273073196411133,-0.04704558849334717,0.057915449142456055,0.10496105253696442
2019-08-05T00:00:00+00:00,2019-08-06T13:46:06.023514+00:00,2019-08-06T13:46:06.023514+00:00,NGU9@2019-08-28,0.006360650062561035,-0.04369473457336426,0.045781493186950684,0.08947630971670151
2019-08-06T00:00:00+00:00,2019-08-07T13:19:11.877951+00:00,2019-08-07T13:19:11.877951+00:00,NGU9@2019-08-28,0.007862687110900879,-0.05138206481933594,0.05821812152862549,0.10960014909505844
2019-08-07T00:00:00+00:00,2019-08-08T13:19:38.798793+00:00,2019-08-08T13:19:38.798793+00:00,NGU9@2019-08-28,-0.003900885581970215,-0.06662726402282715,0.05568349361419678,0.12231079488992691
2019-08-08T00:00:00+00:00,2019-08-09T13:20:50.113489+00:00,2019-08-09T13:20:50.113489+00:00,NGU9@2019-08-28,0.0015120506286621094,-0.06820094585418701,0.05873429775238037,0.12693525850772858
2019-08-09T00:00:00+00:00,2019-08-12T13:20:51.342542+00:00,2019-08-12T13:20:51.342542+00:00,NGU9@2019-08-28,-0.005809485912322998,-0.06246870756149292,0.04902088642120361,0.11148954927921295
2019-08-12T00:00:00+00:00,2019-08-13T13:19:56.119183+00:00,2019-08-13T13:19:56.119183+00:00,NGU9@2019-08-28,-0.005362868309020996,-0.05451899766921997,0.043995022773742676,0.09851410239934921
2019-08-13T00:00:00+00:00,2019-08-14T14:06:37.457866+00:00,2019-08-14T14:06:37.457866+00:00,NGU9@2019-08-28,-0.003328561782836914,-0.04181462526321411,0.03238701820373535,0.07420170307159424
2019-08-14T00:00:00+00:00,2019-08-15T13:58:32.995453+00:00,2019-08-15T13:58:32.995453+00:00,NGU9@2019-08-28,-0.005207717418670654,-0.04667288064956665,0.03097665309906006,0.07764947414398193
2019-08-15T00:00:00+00:00,2019-08-16T13:19:38.861205+00:00,2019-08-16T13:19:38.861205+00:00,NGU9@2019-08-28,-0.002897024154663086,-0.04398083686828613,0.03248298168182373,0.07646389305591583
2019-08-16T00:00:00+00:00,2019-08-19T13:20:07.094000+00:00,2019-08-19T13:20:07.094000+00:00,NGU9@2019-08-28,-0.004030704498291016,-0.04963648319244385,0.034670233726501465,0.08430664986371994
2019-08-19T00:00:00+00:00,2019-08-20T13:19:20.820524+00:00,2019-08-20T13:19:20.820524+00:00,NGU9@2019-08-28,-0.005109190940856934,-0.05558258295059204,0.03306996822357178,0.08865255117416382
2019-08-20T00:00:00+00:00,2019-08-21T13:20:00.147298+00:00,2019-08-21T13:20:00.147298+00:00,NGU9@2019-08-28,-0.004804253578186035,-0.05623584985733032,0.031401872634887695,0.0876377522945404
2019-08-21T00:00:00+00:00,2019-08-22T13:19:21.837583+00:00,2019-08-22T13:19:21.837583+00:00,NGU9@2019-08-28,-0.0003587007522583008,-0.045249223709106445,0.03342795372009277,0.07867714017629623
2019-08-22T00:00:00+00:00,2019-08-23T13:31:04.045986+00:00,2019-08-23T13:31:04.045986+00:00,NGU9@2019-08-28,-0.006268322467803955,-0.052265465259552,0.028061985969543457,0.08032740652561188
2019-08-23T00:00:00+00:00,2019-08-26T13:26:37.287134+00:00,2019-08-26T13:26:37.287134+00:00,NGU9@2019-08-28,-0.0007339715957641602,-0.051179349422454834,0.03973841667175293,0.09091780334711075
2019-08-26T00:00:00+00:00,2019-08-27T13:20:00.204524+00:00,2019-08-27T13:20:00.204524+00:00,NGU9@2019-08-28,-0.004708528518676758,-0.06533265113830566,0.04306471347808838,0.10839737951755524
2019-08-27T00:00:00+00:00,2019-08-28T13:19:30.385547+00:00,2019-08-28T13:19:30.385547+00:00,NGU9@2019-08-28,-0.000719904899597168,-0.05708998441696167,0.039128661155700684,0.09621868282556534
2019-08-28T00:00:00+00:00,2019-08-29T13:36:41.079691+00:00,2019-08-29T13:36:41.079691+00:00,NGV9@2019-09-26,0.002848505973815918,-0.04882282018661499,0.034658074378967285,0.0834808424115181
2019-08-29T00:00:00+00:00,2019-08-30T13:37:38.290207+00:00,2019-08-30T13:37:38.290207+00:00,NGV9@2019-09-26,-0.0031183362007141113,-0.060464560985565186,0.03452277183532715,0.09498737752437592
2019-08-30T00:00:00+00:00,2019-09-03T13:52:36.988807+00:00,2019-09-03T13:52:36.988807+00:00,NGV9@2019-09-26,0.004736661911010742,-0.047776758670806885,0.03906428813934326,0.08684112131595612
2019-09-03T00:00:00+00:00,2019-09-04T13:50:32.396597+00:00,2019-09-04T13:50:32.396597+00:00,NGV9@2019-09-26,0.0015627145767211914,-0.04605299234390259,0.0350034236907959,0.08105645328760147
2019-09-04T00:00:00+00:00,2019-09-05T13:19:29.441104+00:00,2019-09-05T13:19:29.441104+00:00,NGV9@2019-09-26,0.002581357955932617,-0.04979640245437622,0.043094515800476074,0.0928909033536911
2019-09-05T00:00:00+00:00,2019-09-06T14:08:49.304813+00:00,2019-09-06T14:08:49.304813+00:00,NGV9@2019-09-26,-0.003032684326171875,-0.050118327140808105,0.0298306941986084,0.0799490436911583
2019-09-06T00:00:00+00:00,2019-09-09T13:20:32.936112+00:00,2019-09-09T13:20:32.936112+00:00,NGV9@2019-09-26,0.006505846977233887,-0.034180283546447754,0.03918349742889404,0.0733637660741806
2019-09-09T00:00:00+00:00,2019-09-10T13:19:24.219669+00:00,2019-09-10T13:19:24.219669+00:00,NGV9@2019-09-26,0.0055435895919799805,-0.0404888391494751,0.05087769031524658,0.09136651456356049
2019-09-10T00:00:00+00:00,2019-09-11T13:20:01.371956+00:00,2019-09-11T13:20:01.371956+00:00,NGV9@2019-09-26,0.0036094188690185547,-0.03977227210998535,0.04173421859741211,0.08150653541088104
2019-09-11T00:00:00+00:00,2019-09-12T13:19:25.492535+00:00,2019-09-12T13:19:25.492535+00:00,NGV9@2019-09-26,0.0034183263778686523,-0.03983384370803833,0.040396809577941895,0.08023065328598022
2019-09-12T00:00:00+00:00,2019-09-13T13:20:28.238839+00:00,2019-09-13T13:20:28.238839+00:00,NGV9@2019-09-26,0.002631068229675293,-0.03883451223373413,0.0373384952545166,0.0761730745434761
2019-09-13T00:00:00+00:00,2019-09-16T13:22:40.645646+00:00,2019-09-16T13:22:40.645646+00:00,NGV9@2019-09-26,0.0026007890701293945,-0.03378337621688843,0.029816746711730957,0.06360011547803879
2019-09-16T00:00:00+00:00,2019-09-17T13:19:11.959112+00:00,2019-09-17T13:19:11.959112+00:00,NGV9@2019-09-26,0.0026025772094726562,-0.04608631134033203,0.036958932876586914,0.08304525166749954
2019-09-17T00:00:00+00:00,2019-09-18T13:23:28.485903+00:00,2019-09-18T13:23:28.485903+00:00,NGV9@2019-09-26,0.005127310752868652,-0.03793144226074219,0.0358281135559082,0.0737595409154892
2019-09-18T00:00:00+00:00,2019-09-19T13:19:03.379791+00:00,2019-09-19T13:19:03.379791+00:00,NGV9@2019-09-26,0.004500627517700195,-0.03450632095336914,0.03359627723693848,0.0681026354432106
2019-09-19T00:00:00+00:00,2019-09-20T13:19:25.235842+00:00,2019-09-20T13:19:25.235842+00:00,NGV9@2019-09-26,-0.0019003748893737793,-0.04036986827850342,0.02529144287109375,0.06566130369901657
2019-09-20T00:00:00+00:00,2019-09-23T13:20:22.959389+00:00,2019-09-23T13:20:22.959389+00:00,NGV9@2019-09-26,0.0007061958312988281,-0.03729277849197388,0.028523683547973633,0.06581641733646393
2019-09-23T00:00:00+00:00,2019-09-24T13:19:23.105794+00:00,2019-09-24T13:19:23.105794+00:00,NGV9@2019-09-26,-0.003996610641479492,-0.04691845178604126,0.029193878173828125,0.07611232250928879
2019-09-24T00:00:00+00:00,2019-09-25T13:38:35.029767+00:00,2019-09-25T13:38:35.029767+00:00,NGV9@2019-09-26,-0.0050931572914123535,-0.05008697509765625,0.026741504669189453,0.0768285021185875
2019-09-25T00:00:00+00:00,2019-09-26T13:20:15.347203+00:00,2019-09-26T13:20:15.347203+00:00,NGX9@2019-10-29,-0.007401108741760254,-0.048689842224121094,0.02090132236480713,0.06959114968776703
2019-09-26T00:00:00+00:00,2019-09-27T13:19:43.228596+00:00,2019-09-27T13:19:43.228596+00:00,NGX9@2019-10-29,-0.007535815238952637,-0.044974565505981445,0.02219557762145996,0.06717011332511902
2019-09-27T00:00:00+00:00,2019-09-30T13:20:46.218249+00:00,2019-09-30T13:20:46.218249+00:00,NGX9@2019-10-29,-0.003267943859100342,-0.03843873739242554,0.024413466453552246,0.0628521516919136
2019-09-30T00:00:00+00:00,2019-10-01T13:31:23.900637+00:00,2019-10-01T13:31:23.900637+00:00,NGX9@2019-10-29,-0.007300317287445068,-0.04433172941207886,0.02434074878692627,0.0686725378036499
2019-10-01T00:00:00+00:00,2019-10-02T13:18:50.429384+00:00,2019-10-02T13:18:50.429384+00:00,NGX9@2019-10-29,-0.0037140250205993652,-0.0443190336227417,0.030016064643859863,0.07433511316776276
2019-10-02T00:00:00+00:00,2019-10-03T13:19:35.050208+00:00,2019-10-03T13:19:35.050208+00:00,NGX9@2019-10-29,-0.008513331413269043,-0.04654413461685181,0.019205570220947266,0.06574973464012146
2019-10-03T00:00:00+00:00,2019-10-04T13:19:39.863058+00:00,2019-10-04T13:19:39.863058+00:00,NGX9@2019-10-29,0.0038836002349853516,-0.033114492893218994,0.03032827377319336,0.06344278156757355
2019-10-04T00:00:00+00:00,2019-10-07T13:19:26.973387+00:00,2019-10-07T13:19:26.973387+00:00,NGX9@2019-10-29,-0.0037490129470825195,-0.03972417116165161,0.0261155366897583,0.06583971530199051
2019-10-07T00:00:00+00:00,2019-10-08T13:18:53.556519+00:00,2019-10-08T13:18:53.556519+00:00,NGX9@2019-10-29,-0.003490746021270752,-0.036526620388031006,0.018742084503173828,0.05526869744062424
2019-10-08T00:00:00+00:00,2019-10-09T13:18:52.033598+00:00,2019-10-09T13:18:52.033598+00:00,NGX9@2019-10-29,-0.003659546375274658,-0.03702354431152344,0.018863439559936523,0.05588695779442787
2019-10-09T00:00:00+00:00,2019-10-10T13:19:03.311411+00:00,2019-10-10T13:19:03.311411+00:00,NGX9@2019-10-29,-0.006898105144500732,-0.04428398609161377,0.02020108699798584,0.06448507308959961
2019-10-10T00:00:00+00:00,2019-10-11T13:19:13.369601+00:00,2019-10-11T13:19:13.369601+00:00,NGX9@2019-10-29,0.00010776519775390625,-0.034639716148376465,0.027862548828125,0.06250222027301788
2019-10-11T00:00:00+00:00,2019-10-14T13:20:39.918060+00:00,2019-10-14T13:20:39.918060+00:00,NGX9@2019-10-29,-0.0015001893043518066,-0.03452146053314209,0.024122238159179688,0.058643754571676254
2019-10-14T00:00:00+00:00,2019-10-15T13:18:55.392898+00:00,2019-10-15T13:18:55.392898+00:00,NGX9@2019-10-29,0.004201054573059082,-0.026702582836151123,0.02899932861328125,0.05570190027356148
2019-10-15T00:00:00+00:00,2019-10-16T13:18:38.615028+00:00,2019-10-16T13:18:38.615028+00:00,NGX9@2019-10-29,-0.003703474998474121,-0.04033684730529785,0.02577364444732666,0.06611054390668869
2019-10-16T00:00:00+00:00,2019-10-17T13:19:43.699571+00:00,2019-10-17T13:19:43.699571+00:00,NGX9@2019-10-29,-0.00543898344039917,-0.04419904947280884,0.02293717861175537,0.06713620573282242
2019-10-17T00:00:00+00:00,2019-10-18T13:19:12.671588+00:00,2019-10-18T13:19:12.671588+00:00,NGX9@2019-10-29,-0.0033357739448547363,-0.040229082107543945,0.02371084690093994,0.0639398917555809
2019-10-18T00:00:00+00:00,2019-10-21T13:19:45.677788+00:00,2019-10-21T13:19:45.677788+00:00,NGX9@2019-10-29,-0.0016732215881347656,-0.04081594944000244,0.02896714210510254,0.06978306174278259
2019-10-21T00:00:00+00:00,2019-10-22T13:18:38.317874+00:00,2019-10-22T13:18:38.317874+00:00,NGX9@2019-10-29,-0.0018555521965026855,-0.04385209083557129,0.03479945659637451,0.07865150272846222
2019-10-22T00:00:00+00:00,2019-10-23T13:18:57.964141+00:00,2019-10-23T13:18:57.964141+00:00,NGX9@2019-10-29,0.01091015338897705,-0.028230130672454834,0.044322848320007324,0.07255301624536514
2019-10-23T00:00:00+00:00,2019-10-24T13:18:53.012891+00:00,2019-10-24T13:18:53.012891+00:00,NGX9@2019-10-29,-9.769201278686523e-05,-0.03638589382171631,0.030489206314086914,0.0668751522898674
2019-10-24T00:00:00+00:00,2019-10-25T13:19:24.905941+00:00,2019-10-25T13:19:24.905941+00:00,NGX9@2019-10-29,0.0037021636962890625,-0.03159528970718384,0.03371167182922363,0.06530702859163284
2019-10-25T00:00:00+00:00,2019-10-28T13:20:12.110353+00:00,2019-10-28T13:20:12.110353+00:00,NGX9@2019-10-29,0.006918191909790039,-0.03084564208984375,0.0357130765914917,0.06655880063772202
2019-10-28T00:00:00+00:00,2019-10-29T13:18:50.230003+00:00,2019-10-29T13:18:50.230003+00:00,NGX9@2019-10-29,0.012447476387023926,-0.02554762363433838,0.04348182678222656,0.06902948766946793
2019-10-30T00:00:00+00:00,2019-10-31T13:19:36.421585+00:00,2019-10-31T13:19:36.421585+00:00,NGZ9@2019-11-26,0.00948035717010498,-0.01787501573562622,0.03032243251800537,0.04819741100072861
2019-10-31T00:00:00+00:00,2019-11-01T13:19:50.174012+00:00,2019-11-01T13:19:50.174012+00:00,NGZ9@2019-11-26,0.004253268241882324,-0.021168291568756104,0.026775360107421875,0.0479435957968235
2019-11-01T00:00:00+00:00,2019-11-04T14:20:12.992065+00:00,2019-11-04T14:20:12.992065+00:00,NGZ9@2019-11-26,0.005198121070861816,-0.01738142967224121,0.025304317474365234,0.042685799300670624
2019-11-04T00:00:00+00:00,2019-11-05T14:19:09.585428+00:00,2019-11-05T14:19:09.585428+00:00,NGZ9@2019-11-26,0.003823518753051758,-0.02079331874847412,0.03008592128753662,0.05087925121188164
2019-11-05T00:00:00+00:00,2019-11-06T14:19:12.920568+00:00,2019-11-06T14:19:12.920568+00:00,NGZ9@2019-11-26,0.006665468215942383,-0.01825416088104248,0.031195998191833496,0.04945019632577896
2019-11-06T00:00:00+00:00,2019-11-07T14:19:00.832677+00:00,2019-11-07T14:19:00.832677+00:00,NGZ9@2019-11-26,0.0004633665084838867,-0.01995265483856201,0.02205812931060791,0.04201073572039604
2019-11-07T00:00:00+00:00,2019-11-08T14:20:15.248096+00:00,2019-11-08T14:20:15.248096+00:00,NGZ9@2019-11-26,-0.005555272102355957,-0.030217230319976807,0.018264174461364746,0.04848145321011543
2019-11-08T00:00:00+00:00,2019-11-11T14:21:10.155068+00:00,2019-11-11T14:21:10.155068+00:00,NGZ9@2019-11-26,-0.0008181929588317871,-0.0240822434425354,0.024603962898254395,0.048686202615499496
2019-11-11T00:00:00+00:00,2019-11-12T14:19:21.516645+00:00,2019-11-12T14:19:21.516645+00:00,NGZ9@2019-11-26,-0.008547365665435791,-0.04114753007888794,0.02326953411102295,0.0644170418381691
2019-11-12T00:00:00+00:00,2019-11-13T14:31:02.107752+00:00,2019-11-13T14:31:02.107752+00:00,NGZ9@2019-11-26,-0.0034395456314086914,-0.0302923321723938,0.02454543113708496,0.054837726056575775
2019-11-13T00:00:00+00:00,2019-11-14T14:33:49.547160+00:00,2019-11-14T14:33:49.547160+00:00,NGZ9@2019-11-26,-0.006653904914855957,-0.03422224521636963,0.02450859546661377,0.0587308444082737
2019-11-14T00:00:00+00:00,2019-11-15T14:19:50.494221+00:00,2019-11-15T14:19:50.494221+00:00,NGZ9@2019-11-26,0.002778291702270508,-0.024628818035125732,0.035262227058410645,0.059891071170568466
2019-11-15T00:00:00+00:00,2019-11-18T14:25:05.996105+00:00,2019-11-18T14:25:05.996105+00:00,NGZ9@2019-11-26,-0.0018971562385559082,-0.0264737606048584,0.02465188503265381,0.05112570896744728
2019-11-18T00:00:00+00:00,2019-11-19T14:24:51.859169+00:00,2019-11-19T14:24:51.859169+00:00,NGZ9@2019-11-26,-0.007253527641296387,-0.03643149137496948,0.02602863311767578,0.062460094690322876
2019-11-19T00:00:00+00:00,2019-11-20T14:31:58.667400+00:00,2019-11-20T14:31:58.667400+00:00,NGZ9@2019-11-26,-0.003205537796020508,-0.034027159214019775,0.032239317893981934,0.0662664994597435
2019-11-20T00:00:00+00:00,2019-11-21T14:23:52.357019+00:00,2019-11-21T14:23:52.357019+00:00,NGZ9@2019-11-26,0.0038150548934936523,-0.025037407875061035,0.035611510276794434,0.060648877173662186
2019-11-21T00:00:00+00:00,2019-11-22T14:23:47.334109+00:00,2019-11-22T14:23:47.334109+00:00,NGZ9@2019-11-26,-0.0033722519874572754,-0.03037703037261963,0.026814579963684082,0.057191576808691025
2019-11-22T00:00:00+00:00,2019-11-25T14:20:54.984242+00:00,2019-11-25T14:20:54.984242+00:00,NGZ9@2019-11-26,-0.001978933811187744,-0.0344967246055603,0.03590679168701172,0.07040353119373322
2019-11-25T00:00:00+00:00,2019-11-26T15:17:48.631067+00:00,2019-11-26T15:17:48.631067+00:00,NGZ9@2019-11-26,-0.002926468849182129,-0.033956825733184814,0.032796502113342285,0.06675324589014053
2019-11-26T00:00:00+00:00,2019-11-27T14:18:58.014156+00:00,2019-11-27T14:18:58.014156+00:00,NGF0@2019-12-27,0.004676103591918945,-0.01854008436203003,0.03367626667022705,0.05221639946103096
2019-11-27T00:00:00+00:00,2019-11-29T14:20:06.304576+00:00,2019-11-29T14:20:06.304576+00:00,NGF0@2019-12-27,0.004800915718078613,-0.01653355360031128,0.032470107078552246,0.04900364577770233
2019-11-29T00:00:00+00:00,2019-12-02T14:20:16.809203+00:00,2019-12-02T14:20:16.809203+00:00,NGF0@2019-12-27,0.024907946586608887,-0.018665194511413574,0.07394242286682129,0.09260769933462143
2019-12-02T00:00:00+00:00,2019-12-03T14:19:27.093840+00:00,2019-12-03T14:19:27.093840+00:00,NGF0@2019-12-27,0.01933145523071289,-0.02360355854034424,0.06807470321655273,0.09167823940515518
2019-12-03T00:00:00+00:00,2019-12-04T14:34:07.889220+00:00,2019-12-04T14:34:07.889220+00:00,NGF0@2019-12-27,0.021213173866271973,-0.021991372108459473,0.07061600685119629,0.09260730445384979
2019-12-04T00:00:00+00:00,2019-12-05T14:49:46.899265+00:00,2019-12-05T14:49:46.899265+00:00,NGF0@2019-12-27,0.001410841941833496,-0.03784346580505371,0.047408103942871094,0.0852515920996666
2019-12-05T00:00:00+00:00,2019-12-06T14:20:20.660150+00:00,2019-12-06T14:20:20.660150+00:00,NGF0@2019-12-27,0.012320518493652344,-0.02338385581970215,0.05505084991455078,0.07843469828367233
2019-12-06T00:00:00+00:00,2019-12-09T14:21:09.730342+00:00,2019-12-09T14:21:09.730342+00:00,NGF0@2019-12-27,-0.0036271214485168457,-0.0454714298248291,0.04564845561981201,0.0911199226975441
2019-12-09T00:00:00+00:00,2019-12-10T14:19:49.016475+00:00,2019-12-10T14:19:49.016475+00:00,NGF0@2019-12-27,0.007267475128173828,-0.04166287183761597,0.06636655330657959,0.10802946239709854
2019-12-10T00:00:00+00:00,2019-12-11T14:19:58.341000+00:00,2019-12-11T14:19:58.341000+00:00,NGF0@2019-12-27,0.02120840549468994,-0.025533199310302734,0.07723832130432129,0.1027715727686882
2019-12-11T00:00:00+00:00,2019-12-12T14:20:45.602554+00:00,2019-12-12T14:20:45.602554+00:00,NGF0@2019-12-27,0.014414310455322266,-0.028915703296661377,0.06827926635742188,0.09719495475292206
2019-12-12T00:00:00+00:00,2019-12-13T14:40:53.081151+00:00,2019-12-13T14:40:53.081151+00:00,NGF0@2019-12-27,0.010140776634216309,-0.02974158525466919,0.05829155445098877,0.08803319185972214
2019-12-13T00:00:00+00:00,2019-12-16T14:21:16.906625+00:00,2019-12-16T14:21:16.906625+00:00,NGF0@2019-12-27,-0.010265111923217773,-0.04998970031738281,0.027742505073547363,0.07773224264383316
2019-12-16T00:00:00+00:00,2019-12-17T14:37:50.200264+00:00,2019-12-17T14:37:50.200264+00:00,NGF0@2019-12-27,0.0014295578002929688,-0.04083210229873657,0.04778563976287842,0.08861777186393738
2019-12-17T00:00:00+00:00,2019-12-18T14:20:21.986451+00:00,2019-12-18T14:20:21.986451+00:00,NGF0@2019-12-27,-0.004320502281188965,-0.04617452621459961,0.04020678997039795,0.08638134598731995
2019-12-18T00:00:00+00:00,2019-12-19T14:20:38.253398+00:00,2019-12-19T14:20:38.253398+00:00,NGF0@2019-12-27,-4.470348358154297e-06,-0.035149335861206055,0.04206252098083496,0.07721184939146042
2019-12-19T00:00:00+00:00,2019-12-20T14:20:03.789203+00:00,2019-12-20T14:20:03.789203+00:00,NGF0@2019-12-27,0.006008744239807129,-0.0287322998046875,0.047542452812194824,0.07627475261688232
2019-12-20T00:00:00+00:00,2019-12-23T14:20:31.368627+00:00,2019-12-23T14:20:31.368627+00:00,NGF0@2019-12-27,0.0126570463180542,-0.02254354953765869,0.05447542667388916,0.07701902836561203
2019-12-23T00:00:00+00:00,2019-12-24T14:20:47.495834+00:00,2019-12-24T14:20:47.495834+00:00,NGF0@2019-12-27,0.013341188430786133,-0.032327473163604736,0.07368087768554688,0.10600839555263519
2019-12-24T00:00:00+00:00,2019-12-26T14:19:37.458765+00:00,2019-12-26T14:19:37.458765+00:00,NGF0@2019-12-27,0.012541055679321289,-0.028621435165405273,0.060539841651916504,0.08916130661964417
2019-12-26T00:00:00+00:00,2019-12-27T14:19:51.607045+00:00,2019-12-27T14:19:51.607045+00:00,NGF0@2019-12-27,0.008035659790039062,-0.03797447681427002,0.058054208755493164,0.0960286483168602
2019-12-27T00:00:00+00:00,2019-12-30T14:19:44.358505+00:00,2019-12-30T14:19:44.358505+00:00,NGG0@2020-01-29,0.005142569541931152,-0.03307682275772095,0.047498226165771484,0.08057501167058945
2019-12-30T00:00:00+00:00,2019-12-31T14:19:30.145524+00:00,2019-12-31T14:19:30.145524+00:00,NGG0@2020-01-29,0.00890803337097168,-0.026880085468292236,0.051957130432128906,0.07883725315332413
2019-12-31T00:00:00+00:00,2020-01-02T14:19:44.887478+00:00,2020-01-02T14:19:44.887478+00:00,NGG0@2020-01-29,0.0040340423583984375,-0.028856277465820312,0.046323418617248535,0.07517973333597183
2020-01-02T00:00:00+00:00,2020-01-03T14:19:44.531526+00:00,2020-01-03T14:19:44.531526+00:00,NGG0@2020-01-29,0.01678335666656494,-0.020798683166503906,0.06375253200531006,0.08455129712820053
2020-01-03T00:00:00+00:00,2020-01-06T14:20:31.511961+00:00,2020-01-06T14:20:31.511961+00:00,NGG0@2020-01-29,0.008139610290527344,-0.02661973237991333,0.05141329765319824,0.07803305238485336
2020-01-06T00:00:00+00:00,2020-01-07T14:19:41.670222+00:00,2020-01-07T14:19:41.670222+00:00,NGG0@2020-01-29,0.009114503860473633,-0.02384185791015625,0.04972243309020996,0.07356424629688263
2020-01-07T00:00:00+00:00,2020-01-08T14:37:42.026126+00:00,2020-01-08T14:37:42.026126+00:00,NGG0@2020-01-29,0.0025426149368286133,-0.02670842409133911,0.03974151611328125,0.06644986569881439
2020-01-08T00:00:00+00:00,2020-01-09T14:20:52.244347+00:00,2020-01-09T14:20:52.244347+00:00,NGG0@2020-01-29,0.0032492876052856445,-0.01880580186843872,0.03329730033874512,0.052103087306022644
2020-01-09T00:00:00+00:00,2020-01-10T14:52:03.715410+00:00,2020-01-10T14:52:03.715410+00:00,NGG0@2020-01-29,-0.0007148981094360352,-0.021434664726257324,0.027507424354553223,0.04894207417964935
2020-01-10T00:00:00+00:00,2020-01-13T14:46:45.683298+00:00,2020-01-13T14:46:45.683298+00:00,NGG0@2020-01-29,-0.001683950424194336,-0.027023375034332275,0.029906749725341797,0.056930072605609894
2020-01-13T00:00:00+00:00,2020-01-14T14:34:30.550862+00:00,2020-01-14T14:34:30.550862+00:00,NGG0@2020-01-29,0.001501321792602539,-0.020121872425079346,0.03208959102630615,0.05221148580312729
2020-01-14T00:00:00+00:00,2020-01-15T14:30:50.421086+00:00,2020-01-15T14:30:50.421086+00:00,NGG0@2020-01-29,0.0015662908554077148,-0.022955656051635742,0.03287243843078613,0.05582810193300247
2020-01-15T00:00:00+00:00,2020-01-16T14:20:59.621442+00:00,2020-01-16T14:20:59.621442+00:00,NGG0@2020-01-29,0.009598612785339355,-0.01923292875289917,0.04856693744659424,0.06779994815587997
2020-01-16T00:00:00+00:00,2020-01-17T14:19:36.142011+00:00,2020-01-17T14:19:36.142011+00:00,NGG0@2020-01-29,0.011154532432556152,-0.024773359298706055,0.05870974063873291,0.08348312228918076
2020-01-17T00:00:00+00:00,2020-01-21T14:54:38.323079+00:00,2020-01-21T14:54:38.323079+00:00,NGG0@2020-01-29,0.004605889320373535,-0.022854268550872803,0.04173123836517334,0.06458548456430435
2020-01-21T00:00:00+00:00,2020-01-22T14:19:50.976345+00:00,2020-01-22T14:19:50.976345+00:00,NGG0@2020-01-29,-0.011800289154052734,-0.04102116823196411,0.03331589698791504,0.07433702796697617
2020-01-22T00:00:00+00:00,2020-01-23T14:20:34.263473+00:00,2020-01-23T14:20:34.263473+00:00,NGG0@2020-01-29,-0.01235508918762207,-0.03152519464492798,0.019715428352355957,0.051240596920251846
2020-01-23T00:00:00+00:00,2020-01-24T14:19:58.624836+00:00,2020-01-24T14:19:58.624836+00:00,NGG0@2020-01-29,-0.00028711557388305664,-0.013685941696166992,0.0304107666015625,0.04409666731953621
2020-01-24T00:00:00+00:00,2020-01-27T14:20:50.566537+00:00,2020-01-27T14:20:50.566537+00:00,NGG0@2020-01-29,-0.010785460472106934,-0.023199617862701416,0.015027165412902832,0.03822676092386246
2020-01-27T00:00:00+00:00,2020-01-28T15:08:02.859143+00:00,2020-01-28T15:08:02.859143+00:00,NGG0@2020-01-29,-0.002443253993988037,-0.0180588960647583,0.021072745323181152,0.039131611585617065
2020-01-28T00:00:00+00:00,2020-01-29T14:19:31.582089+00:00,2020-01-29T14:19:31.582089+00:00,NGG0@2020-01-29,-0.0001653432846069336,-0.031514883041381836,0.03295183181762695,0.06446670740842819
2020-01-29T00:00:00+00:00,2020-01-30T14:20:00.430514+00:00,2020-01-30T14:20:00.430514+00:00,NGH0@2020-02-26,-0.0008168816566467285,-0.02866131067276001,0.03119957447052002,0.059860896319150925
2020-01-30T00:00:00+00:00,2020-01-31T14:20:14.253311+00:00,2020-01-31T14:20:14.253311+00:00,NGH0@2020-02-26,0.0008807182312011719,-0.01449728012084961,0.027033567428588867,0.04153084754943848
2020-01-31T00:00:00+00:00,2020-02-03T14:20:50.525809+00:00,2020-02-03T14:20:50.525809+00:00,NGH0@2020-02-26,0.0017809867858886719,-0.016553163528442383,0.03316175937652588,0.049714937806129456
2020-02-03T00:00:00+00:00,2020-02-04T14:19:25.418081+00:00,2020-02-04T14:19:25.418081+00:00,NGH0@2020-02-26,-0.001998603343963623,-0.01647794246673584,0.022706151008605957,0.039184074848890305
2020-02-04T00:00:00+00:00,2020-02-05T14:19:32.355657+00:00,2020-02-05T14:19:32.355657+00:00,NGH0@2020-02-26,0.0011631250381469727,-0.020714104175567627,0.03059220314025879,0.05130622535943985
2020-02-05T00:00:00+00:00,2020-02-06T14:28:24.946236+00:00,2020-02-06T14:28:24.946236+00:00,NGH0@2020-02-26,0.0012676715850830078,-0.01444154977798462,0.028324007987976074,0.04276551678776741
2020-02-06T00:00:00+00:00,2020-02-07T14:20:25.837298+00:00,2020-02-07T14:20:25.837298+00:00,NGH0@2020-02-26,-0.0013527274131774902,-0.018811166286468506,0.021854043006896973,0.040665220469236374
2020-02-07T00:00:00+00:00,2020-02-10T14:20:53.090883+00:00,2020-02-10T14:20:53.090883+00:00,NGH0@2020-02-26,-0.0018860697746276855,-0.021380722522735596,0.023597121238708496,0.044977832585573196
2020-02-10T00:00:00+00:00,2020-02-11T14:37:28.667502+00:00,2020-02-11T14:37:28.667502+00:00,NGH0@2020-02-26,0.008176684379577637,-0.01829773187637329,0.038280606269836426,0.05657830834388733
2020-02-11T00:00:00+00:00,2020-02-12T14:19:09.361788+00:00,2020-02-12T14:19:09.361788+00:00,NGH0@2020-02-26,0.002422332763671875,-0.02438497543334961,0.030881404876708984,0.055266372859478
2020-02-12T00:00:00+00:00,2020-02-13T14:19:36.192998+00:00,2020-02-13T14:19:36.192998+00:00,NGH0@2020-02-26,0.0015447139739990234,-0.02695685625076294,0.031140446662902832,0.05809733271598816
2020-02-13T00:00:00+00:00,2020-02-14T14:20:08.662635+00:00,2020-02-14T14:20:08.662635+00:00,NGH0@2020-02-26,-0.0026096701622009277,-0.044786930084228516,0.03524744510650635,0.08003435283899307
2020-02-14T00:00:00+00:00,2020-02-18T14:46:10.493396+00:00,2020-02-18T14:46:10.493396+00:00,NGH0@2020-02-26,-0.00034439563751220703,-0.034056246280670166,0.03273594379425049,0.06679218262434006
2020-02-18T00:00:00+00:00,2020-02-19T14:19:14.257939+00:00,2020-02-19T14:19:14.257939+00:00,NGH0@2020-02-26,-0.007897794246673584,-0.043077826499938965,0.02480638027191162,0.0678841844201088
2020-02-19T00:00:00+00:00,2020-02-20T14:31:40.689534+00:00,2020-02-20T14:31:40.689534+00:00,NGH0@2020-02-26,-0.0005582571029663086,-0.03937852382659912,0.036855220794677734,0.07623369991779327
2020-02-20T00:00:00+00:00,2020-02-21T14:19:53.605444+00:00,2020-02-21T14:19:53.605444+00:00,NGH0@2020-02-26,0.008721470832824707,-0.02885890007019043,0.044246792793273926,0.07310572266578674
2020-02-21T00:00:00+00:00,2020-02-24T14:20:08.707968+00:00,2020-02-24T14:20:08.707968+00:00,NGH0@2020-02-26,0.00425565242767334,-0.026061952114105225,0.03326761722564697,0.0593295581638813
2020-02-24T00:00:00+00:00,2020-02-25T14:44:44.819622+00:00,2020-02-25T14:44:44.819622+00:00,NGH0@2020-02-26,0.0025599002838134766,-0.028168559074401855,0.03264117240905762,0.06080972030758858
2020-02-25T00:00:00+00:00,2020-02-26T14:59:55.744317+00:00,2020-02-26T14:59:55.744317+00:00,NGH0@2020-02-26,0.001348257064819336,-0.02933746576309204,0.02687680721282959,0.05621424689888954
2020-02-26T00:00:00+00:00,2020-02-27T14:44:29.014888+00:00,2020-02-27T14:44:29.014888+00:00,NGJ0@2020-03-27,0.011232495307922363,-0.023740172386169434,0.04596710205078125,0.06970725953578949
2020-02-28T00:00:00+00:00,2020-03-02T15:11:52.095969+00:00,2020-03-02T15:11:52.095969+00:00,NGJ0@2020-03-27,0.024628520011901855,-0.017805874347686768,0.07239842414855957,0.09020426869392395
2020-03-02T00:00:00+00:00,2020-03-03T15:22:28.085107+00:00,2020-03-03T15:22:28.085107+00:00,NGJ0@2020-03-27,0.015181303024291992,-0.030382215976715088,0.057385921478271484,0.08776817470788956
2020-03-03T00:00:00+00:00,2020-03-04T15:32:29.838199+00:00,2020-03-04T15:32:29.838199+00:00,NGJ0@2020-03-27,0.0023959875106811523,-0.03595644235610962,0.036705732345581055,0.07266216725111008
2020-03-04T00:00:00+00:00,2020-03-05T14:19:53.399899+00:00,2020-03-05T14:19:53.399899+00:00,NGJ0@2020-03-27,-0.005007505416870117,-0.04601025581359863,0.026572108268737793,0.07258234173059464
2020-03-05T00:00:00+00:00,2020-03-06T15:03:31.633299+00:00,2020-03-06T15:03:31.633299+00:00,NGJ0@2020-03-27,0.0025262832641601562,-0.04565012454986572,0.05390214920043945,0.09955227375030518
2020-03-06T00:00:00+00:00,2020-03-09T13:53:54.108500+00:00,2020-03-09T13:53:54.108500+00:00,NGJ0@2020-03-27,0.01801466941833496,-0.041653573513031006,0.08375656604766846,0.12541012465953827
2020-03-09T00:00:00+00:00,2020-03-10T14:14:14.349066+00:00,2020-03-10T14:14:14.349066+00:00,NGJ0@2020-03-27,0.018653273582458496,-0.030912041664123535,0.07459640502929688,0.1055084690451622
2020-03-10T00:00:00+00:00,2020-03-11T14:04:28.664700+00:00,2020-03-11T14:04:28.664700+00:00,NGJ0@2020-03-27,0.04050326347351074,-0.0321008563041687,0.11219751834869385,0.14429841935634613
2020-03-11T00:00:00+00:00,2020-03-12T14:04:04.580988+00:00,2020-03-12T14:04:04.580988+00:00,NGJ0@2020-03-27,-0.004072844982147217,-0.057372868061065674,0.05110526084899902,0.10847816616296768
2020-03-12T00:00:00+00:00,2020-03-13T14:21:14.183937+00:00,2020-03-13T14:21:14.183937+00:00,NGJ0@2020-03-27,0.00028312206268310547,-0.058840394020080566,0.06172323226928711,0.12056358903646469
2020-03-13T00:00:00+00:00,2020-03-16T14:30:40.146613+00:00,2020-03-16T14:30:40.146613+00:00,NGJ0@2020-03-27,0.012517690658569336,-0.03886878490447998,0.06996643543243408,0.10883527994155884
2020-03-16T00:00:00+00:00,2020-03-17T14:22:05.309649+00:00,2020-03-17T14:22:05.309649+00:00,NGJ0@2020-03-27,0.0034064054489135742,-0.04382199048995972,0.0587005615234375,0.10252254456281662
2020-03-17T00:00:00+00:00,2020-03-18T14:29:00.412214+00:00,2020-03-18T14:29:00.412214+00:00,NGJ0@2020-03-27,0.010485291481018066,-0.04139453172683716,0.0762786865234375,0.11767315119504929
2020-03-18T00:00:00+00:00,2020-03-19T15:05:05.854363+00:00,2020-03-19T15:05:05.854363+00:00,NGJ0@2020-03-27,0.045057058334350586,-0.02765655517578125,0.13461625576019287,0.16227275133132935
2020-03-19T00:00:00+00:00,2020-03-20T14:17:21.126050+00:00,2020-03-20T14:17:21.126050+00:00,NGJ0@2020-03-27,0.030420541763305664,-0.03462749719619751,0.10677623748779297,0.14140376448631287
2020-03-20T00:00:00+00:00,2020-03-23T14:24:11.286566+00:00,2020-03-23T14:24:11.286566+00:00,NGJ0@2020-03-27,0.007782101631164551,-0.046951234340667725,0.08194172382354736,0.1288928985595703
2020-03-23T00:00:00+00:00,2020-03-24T14:20:41.462690+00:00,2020-03-24T14:20:41.462690+00:00,NGJ0@2020-03-27,0.01245880126953125,-0.04696774482727051,0.08791399002075195,0.1348816603422165
2020-03-24T00:00:00+00:00,2020-03-25T13:52:00.351351+00:00,2020-03-25T13:52:00.351351+00:00,NGJ0@2020-03-27,0.008973240852355957,-0.056857943534851074,0.07730698585510254,0.1341649740934372
2020-03-25T00:00:00+00:00,2020-03-26T13:20:07.818681+00:00,2020-03-26T13:20:07.818681+00:00,NGJ0@2020-03-27,-0.0013661980628967285,-0.048851609230041504,0.04820513725280762,0.09705676883459091
2020-03-26T00:00:00+00:00,2020-03-27T13:20:41.033713+00:00,2020-03-27T13:20:41.033713+00:00,NGK0@2020-04-28,0.0006660223007202148,-0.046151578426361084,0.049977660179138184,0.09612926840782166
2020-03-27T00:00:00+00:00,2020-03-30T13:49:37.966111+00:00,2020-03-30T13:49:37.966111+00:00,NGK0@2020-04-28,0.005079030990600586,-0.04189819097518921,0.06283581256866455,0.10473395884037018
2020-03-30T00:00:00+00:00,2020-03-31T13:58:07.799917+00:00,2020-03-31T13:58:07.799917+00:00,NGK0@2020-04-28,0.004953861236572266,-0.02653324604034424,0.052753448486328125,0.07928673177957535
2020-03-31T00:00:00+00:00,2020-04-01T13:36:58.180297+00:00,2020-04-01T13:36:58.180297+00:00,NGK0@2020-04-28,0.0047986507415771484,-0.03686708211898804,0.050705909729003906,0.08757296204566956
2020-04-01T00:00:00+00:00,2020-04-02T13:19:20.724563+00:00,2020-04-02T13:19:20.724563+00:00,NGK0@2020-04-28,0.005702018737792969,-0.039253830909729004,0.06357645988464355,0.10283021628856659
2020-04-02T00:00:00+00:00,2020-04-03T13:21:06.069566+00:00,2020-04-03T13:21:06.069566+00:00,NGK0@2020-04-28,0.007879972457885742,-0.04019886255264282,0.06011331081390381,0.1003122329711914
2020-04-03T00:00:00+00:00,2020-04-06T13:19:54.561985+00:00,2020-04-06T13:19:54.561985+00:00,NGK0@2020-04-28,0.009371399879455566,-0.0425296425819397,0.06324911117553711,0.10577879101037979
2020-04-06T00:00:00+00:00,2020-04-07T13:19:32.554077+00:00,2020-04-07T13:19:32.554077+00:00,NGK0@2020-04-28,-0.0021872520446777344,-0.06736946105957031,0.054851651191711426,0.12222106754779816
2020-04-07T00:00:00+00:00,2020-04-08T13:36:25.724239+00:00,2020-04-08T13:36:25.724239+00:00,NGK0@2020-04-28,-0.004197359085083008,-0.08490288257598877,0.06328845024108887,0.14819137752056122
2020-04-08T00:00:00+00:00,2020-04-09T13:18:49.244450+00:00,2020-04-09T13:18:49.244450+00:00,NGK0@2020-04-28,-0.002505958080291748,-0.07854604721069336,0.06559169292449951,0.14413774013519287
2020-04-09T00:00:00+00:00,2020-04-13T13:19:23.183256+00:00,2020-04-13T13:19:23.183256+00:00,NGK0@2020-04-28,0.0008156299591064453,-0.07078027725219727,0.06453859806060791,0.13531890511512756
2020-04-13T00:00:00+00:00,2020-04-14T13:19:57.157256+00:00,2020-04-14T13:19:57.157256+00:00,NGK0@2020-04-28,-0.002156674861907959,-0.07178634405136108,0.0613713264465332,0.1331576704978943
2020-04-14T00:00:00+00:00,2020-04-15T13:19:11.444478+00:00,2020-04-15T13:19:11.444478+00:00,NGK0@2020-04-28,0.0039528608322143555,-0.06044822931289673,0.07846450805664062,0.13891270756721497
2020-04-15T00:00:00+00:00,2020-04-16T13:19:10.196743+00:00,2020-04-16T13:19:10.196743+00:00,NGK0@2020-04-28,0.00828242301940918,-0.04705303907394409,0.07544100284576416,0.12249410897493362
2020-04-16T00:00:00+00:00,2020-04-17T13:19:19.582419+00:00,2020-04-17T13:19:19.582419+00:00,NGK0@2020-04-28,0.005935311317443848,-0.06547212600708008,0.08411157131195068,0.14958369731903076
2020-04-17T00:00:00+00:00,2020-04-20T13:38:06.702937+00:00,2020-04-20T13:38:06.702937+00:00,NGK0@2020-04-28,-0.0035428404808044434,-0.06653672456741333,0.06726765632629395,0.13380444049835205
2020-04-20T00:00:00+00:00,2020-04-21T13:18:51.714854+00:00,2020-04-21T13:18:51.714854+00:00,NGK0@2020-04-28,-0.025215327739715576,-0.10497188568115234,0.057250142097473145,0.16222208738327026
2020-04-21T00:00:00+00:00,2020-04-22T13:18:52.149867+00:00,2020-04-22T13:18:52.149867+00:00,NGK0@2020-04-28,-0.014179468154907227,-0.08738768100738525,0.0589369535446167,0.14632466435432434
2020-04-22T00:00:00+00:00,2020-04-23T13:19:08.706856+00:00,2020-04-23T13:19:08.706856+00:00,NGK0@2020-04-28,-0.008081018924713135,-0.08909362554550171,0.06935226917266846,0.15844592452049255
2020-04-23T00:00:00+00:00,2020-04-24T13:38:13.974642+00:00,2020-04-24T13:38:13.974642+00:00,NGK0@2020-04-28,-0.009055793285369873,-0.09070360660552979,0.06871473789215088,0.15941834449768066
2020-04-24T00:00:00+00:00,2020-04-27T13:43:10.809698+00:00,2020-04-27T13:43:10.809698+00:00,NGK0@2020-04-28,-0.007302224636077881,-0.08385765552520752,0.06021308898925781,0.14407077431678772
2020-04-27T00:00:00+00:00,2020-04-28T13:31:58.923658+00:00,2020-04-28T13:31:58.923658+00:00,NGK0@2020-04-28,-0.0008792281150817871,-0.06895691156387329,0.059288978576660156,0.12824586033821106
2020-04-28T00:00:00+00:00,2020-04-29T13:36:13.153768+00:00,2020-04-29T13:36:13.153768+00:00,NGM0@2020-05-27,-0.003741025924682617,-0.04946368932723999,0.03168892860412598,0.08115270733833313
2020-04-29T00:00:00+00:00,2020-04-30T13:42:29.054639+00:00,2020-04-30T13:42:29.054639+00:00,NGM0@2020-05-27,-0.01013195514678955,-0.0671154260635376,0.037224531173706055,0.10433989763259888
2020-04-30T00:00:00+00:00,2020-05-01T13:18:42.105046+00:00,2020-05-01T13:18:42.105046+00:00,NGM0@2020-05-27,-0.003911137580871582,-0.05172908306121826,0.03167462348937988,0.08340368419885635
2020-05-01T00:00:00+00:00,2020-05-04T13:19:55.088507+00:00,2020-05-04T13:19:55.088507+00:00,NGM0@2020-05-27,-0.0030365586280822754,-0.045931994915008545,0.03498208522796631,0.08091402798891068
2020-05-04T00:00:00+00:00,2020-05-05T13:19:13.373557+00:00,2020-05-05T13:19:13.373557+00:00,NGM0@2020-05-27,-0.00987231731414795,-0.060657620429992676,0.026343226432800293,0.08700089156627655
2020-05-05T00:00:00+00:00,2020-05-06T13:19:18.427966+00:00,2020-05-06T13:19:18.427966+00:00,NGM0@2020-05-27,-0.0103493332862854,-0.06932872533798218,0.030307292938232422,0.09963606297969818
2020-05-06T00:00:00+00:00,2020-05-07T13:18:43.673721+00:00,2020-05-07T13:18:43.673721+00:00,NGM0@2020-05-27,-0.01902824640274048,-0.08375686407089233,0.035215139389038086,0.11897203326225281
2020-05-07T00:00:00+00:00,2020-05-08T13:19:14.411897+00:00,2020-05-08T13:19:14.411897+00:00,NGM0@2020-05-27,-0.006024420261383057,-0.06683635711669922,0.04485905170440674,0.11169538646936417
2020-05-08T00:00:00+00:00,2020-05-11T13:19:31.208923+00:00,2020-05-11T13:19:31.208923+00:00,NGM0@2020-05-27,0.0011012554168701172,-0.0684935450553894,0.06314730644226074,0.13164086639881134
2020-05-11T00:00:00+00:00,2020-05-12T13:18:55.274954+00:00,2020-05-12T13:18:55.274954+00:00,NGM0@2020-05-27,0.003278970718383789,-0.061026692390441895,0.060700058937072754,0.12172672152519226
2020-05-12T00:00:00+00:00,2020-05-13T13:32:55.997622+00:00,2020-05-13T13:32:55.997622+00:00,NGM0@2020-05-27,0.00816488265991211,-0.06449729204177856,0.08084249496459961,0.1453397572040558
2020-05-13T00:00:00+00:00,2020-05-14T13:19:17.775480+00:00,2020-05-14T13:19:17.775480+00:00,NGM0@2020-05-27,0.017664313316345215,-0.057361602783203125,0.09748804569244385,0.15484961867332458
2020-05-14T00:00:00+00:00,2020-05-15T13:25:53.543051+00:00,2020-05-15T13:25:53.543051+00:00,NGM0@2020-05-27,0.013727545738220215,-0.06230461597442627,0.08576500415802002,0.1480695754289627
2020-05-15T00:00:00+00:00,2020-05-18T14:17:21.326337+00:00,2020-05-18T14:17:21.326337+00:00,NGM0@2020-05-27,0.01159811019897461,-0.061742424964904785,0.08269035816192627,0.14443276822566986
2020-05-18T00:00:00+00:00,2020-05-19T13:36:45.871972+00:00,2020-05-19T13:36:45.871972+00:00,NGM0@2020-05-27,-0.0058692097663879395,-0.07060939073562622,0.06381893157958984,0.13442829251289368
2020-05-19T00:00:00+00:00,2020-05-20T13:19:04.131644+00:00,2020-05-20T13:19:04.131644+00:00,NGM0@2020-05-27,-0.020645499229431152,-0.08166772127151489,0.039989590644836426,0.12165731191635132
2020-05-20T00:00:00+00:00,2020-05-21T13:18:46.585487+00:00,2020-05-21T13:18:46.585487+00:00,NGM0@2020-05-27,-0.0034035444259643555,-0.059020161628723145,0.05444157123565674,0.11346179991960526
2020-05-21T00:00:00+00:00,2020-05-22T13:18:45.230646+00:00,2020-05-22T13:18:45.230646+00:00,NGM0@2020-05-27,0.009042143821716309,-0.05045884847640991,0.06751060485839844,0.11796943843364716
2020-05-22T00:00:00+00:00,2020-05-26T13:18:49.682132+00:00,2020-05-26T13:18:49.682132+00:00,NGM0@2020-05-27,0.002424955368041992,-0.055934011936187744,0.05550038814544678,0.11143438518047333
2020-05-26T00:00:00+00:00,2020-05-27T13:54:42.051831+00:00,2020-05-27T13:54:42.051831+00:00,NGM0@2020-05-27,0.000880122184753418,-0.061949312686920166,0.057065367698669434,0.1190146878361702
2020-05-27T00:00:00+00:00,2020-05-28T13:32:20.804097+00:00,2020-05-28T13:32:20.804097+00:00,NGN0@2020-06-26,0.017162799835205078,-0.03298598527908325,0.06258046627044678,0.09556646645069122
2020-05-28T00:00:00+00:00,2020-05-29T13:19:04.907267+00:00,2020-05-29T13:19:04.907267+00:00,NGN0@2020-06-26,0.01871192455291748,-0.03020685911178589,0.06351709365844727,0.09372401237487793
2020-05-29T00:00:00+00:00,2020-06-01T13:20:35.788118+00:00,2020-06-01T13:20:35.788118+00:00,NGN0@2020-06-26,0.009541869163513184,-0.034940242767333984,0.05449020862579346,0.08943050354719162
2020-06-01T00:00:00+00:00,2020-06-02T13:20:33.039169+00:00,2020-06-02T13:20:33.039169+00:00,NGN0@2020-06-26,0.020649194717407227,-0.03544515371322632,0.07313978672027588,0.1085849404335022
2020-06-02T00:00:00+00:00,2020-06-03T13:36:29.831887+00:00,2020-06-03T13:36:29.831887+00:00,NGN0@2020-06-26,0.012019753456115723,-0.03534621000289917,0.056955933570861816,0.09230206906795502
2020-06-03T00:00:00+00:00,2020-06-04T13:36:36.427861+00:00,2020-06-04T13:36:36.427861+00:00,NGN0@2020-06-26,0.00568842887878418,-0.049437880516052246,0.05741596221923828,0.10685387998819351
2020-06-04T00:00:00+00:00,2020-06-05T13:36:48.864786+00:00,2020-06-05T13:36:48.864786+00:00,NGN0@2020-06-26,0.0007959604263305664,-0.04531264305114746,0.0436859130859375,0.08899850398302078
2020-06-05T00:00:00+00:00,2020-06-08T13:23:54.118078+00:00,2020-06-08T13:23:54.118078+00:00,NGN0@2020-06-26,0.011478662490844727,-0.045337557792663574,0.06250536441802979,0.10784293711185455
2020-06-08T00:00:00+00:00,2020-06-09T13:52:00.416141+00:00,2020-06-09T13:52:00.416141+00:00,NGN0@2020-06-26,0.005893707275390625,-0.039099037647247314,0.05135834217071533,0.09045739471912384
2020-06-09T00:00:00+00:00,2020-06-10T13:19:37.769163+00:00,2020-06-10T13:19:37.769163+00:00,NGN0@2020-06-26,0.006633758544921875,-0.04072505235671997,0.05236709117889404,0.09309213608503342
2020-06-10T00:00:00+00:00,2020-06-11T13:19:24.173369+00:00,2020-06-11T13:19:24.173369+00:00,NGN0@2020-06-26,0.00710606575012207,-0.040356457233428955,0.05116415023803711,0.0915205255150795
2020-06-11T00:00:00+00:00,2020-06-12T13:54:29.783246+00:00,2020-06-12T13:54:29.783246+00:00,NGN0@2020-06-26,0.0007156133651733398,-0.04476970434188843,0.044826388359069824,0.08959607034921646
2020-06-12T00:00:00+00:00,2020-06-15T13:33:55.398840+00:00,2020-06-15T13:33:55.398840+00:00,NGN0@2020-06-26,0.01132059097290039,-0.0323864221572876,0.05745375156402588,0.08984014391899109
2020-06-15T00:00:00+00:00,2020-06-16T13:30:44.462232+00:00,2020-06-16T13:30:44.462232+00:00,NGN0@2020-06-26,0.020987868309020996,-0.03273886442184448,0.0737006664276123,0.10643953830003738
2020-06-16T00:00:00+00:00,2020-06-17T13:22:47.399085+00:00,2020-06-17T13:22:47.399085+00:00,NGN0@2020-06-26,0.01279759407043457,-0.03724980354309082,0.07071614265441895,0.10796595364809036
2020-06-17T00:00:00+00:00,2020-06-18T13:19:28.666195+00:00,2020-06-18T13:19:28.666195+00:00,NGN0@2020-06-26,0.017802834510803223,-0.042589545249938965,0.07597362995147705,0.11856310069561005
2020-06-18T00:00:00+00:00,2020-06-19T13:25:46.538021+00:00,2020-06-19T13:25:46.538021+00:00,NGN0@2020-06-26,0.0009855031967163086,-0.04771542549133301,0.053430795669555664,0.10114624351263046
2020-06-19T00:00:00+00:00,2020-06-22T13:20:31.859255+00:00,2020-06-22T13:20:31.859255+00:00,NGN0@2020-06-26,0.0001169443130493164,-0.05048400163650513,0.0519256591796875,0.10240963101387024
2020-06-22T00:00:00+00:00,2020-06-23T13:26:46.964416+00:00,2020-06-23T13:26:46.964416+00:00,NGN0@2020-06-26,-0.0057277679443359375,-0.05223029851913452,0.04328632354736328,0.09551665931940079
2020-06-23T00:00:00+00:00,2020-06-24T13:37:18.630794+00:00,2020-06-24T13:37:18.630794+00:00,NGN0@2020-06-26,-0.0020431876182556152,-0.03993433713912964,0.04855835437774658,0.08849269151687622
2020-06-24T00:00:00+00:00,2020-06-25T13:23:46.850496+00:00,2020-06-25T13:23:46.850496+00:00,NGN0@2020-06-26,-0.0015645623207092285,-0.03197360038757324,0.04096972942352295,0.07294339686632156
2020-06-25T00:00:00+00:00,2020-06-26T13:22:06.933005+00:00,2020-06-26T13:22:06.933005+00:00,NGQ0@2020-07-29,0.013942360877990723,-0.03758811950683594,0.06518340110778809,0.10277151316404343
2020-06-26T00:00:00+00:00,2020-06-29T13:20:45.162512+00:00,2020-06-29T13:20:45.162512+00:00,NGQ0@2020-07-29,0.0049659013748168945,-0.046908676624298096,0.055120229721069336,0.10202894359827042
2020-06-29T00:00:00+00:00,2020-06-30T13:36:41.398238+00:00,2020-06-30T13:36:41.398238+00:00,NGQ0@2020-07-29,-0.008143782615661621,-0.07327306270599365,0.05329489707946777,0.12656790018081665
2020-07-01T00:00:00+00:00,2020-07-02T13:28:21.661589+00:00,2020-07-02T13:28:21.661589+00:00,NGQ0@2020-07-29,-0.009671151638031006,-0.06577420234680176,0.04794156551361084,0.1137157455086708
2020-07-02T00:00:00+00:00,2020-07-06T13:33:15.444047+00:00,2020-07-06T13:33:15.444047+00:00,NGQ0@2020-07-29,-0.0033828020095825195,-0.04490166902542114,0.03654289245605469,0.08144456148147583
2020-07-06T00:00:00+00:00,2020-07-07T13:25:16.743158+00:00,2020-07-07T13:25:16.743158+00:00,NGQ0@2020-07-29,-0.0062871575355529785,-0.056075453758239746,0.04091072082519531,0.09698613733053207
2020-07-07T00:00:00+00:00,2020-07-08T13:27:47.129566+00:00,2020-07-08T13:27:47.129566+00:00,NGQ0@2020-07-29,-0.006598055362701416,-0.0589599609375,0.044563889503479004,0.10352392494678497
2020-07-08T00:00:00+00:00,2020-07-09T13:20:40.072070+00:00,2020-07-09T13:20:40.072070+00:00,NGQ0@2020-07-29,-0.008049428462982178,-0.06282341480255127,0.046952009201049805,0.10977548360824585
2020-07-09T00:00:00+00:00,2020-07-10T13:20:51.393335+00:00,2020-07-10T13:20:51.393335+00:00,NGQ0@2020-07-29,-0.005281805992126465,-0.05575132369995117,0.05290257930755615,0.10865387320518494
2020-07-10T00:00:00+00:00,2020-07-13T13:21:42.654443+00:00,2020-07-13T13:21:42.654443+00:00,NGQ0@2020-07-29,-0.013057231903076172,-0.04607909917831421,0.033144354820251465,0.07922346144914627
2020-07-13T00:00:00+00:00,2020-07-14T13:19:55.469222+00:00,2020-07-14T13:19:55.469222+00:00,NGQ0@2020-07-29,-0.0009579062461853027,-0.04903697967529297,0.06174266338348389,0.11077963560819626
2020-07-14T00:00:00+00:00,2020-07-15T13:52:41.034896+00:00,2020-07-15T13:52:41.034896+00:00,NGQ0@2020-07-29,-0.008201122283935547,-0.0410771369934082,0.03494834899902344,0.07602548599243164
2020-07-15T00:00:00+00:00,2020-07-16T13:21:22.944117+00:00,2020-07-16T13:21:22.944117+00:00,NGQ0@2020-07-29,-0.00730520486831665,-0.043528079986572266,0.04254615306854248,0.08607427030801773
2020-07-16T00:00:00+00:00,2020-07-17T13:48:18.962294+00:00,2020-07-17T13:48:18.962294+00:00,NGQ0@2020-07-29,0.0021796226501464844,-0.04484838247299194,0.05861556529998779,0.10346390306949615
2020-07-17T00:00:00+00:00,2020-07-20T13:29:07.837565+00:00,2020-07-20T13:29:07.837565+00:00,NGQ0@2020-07-29,0.008549928665161133,-0.031841397285461426,0.06809806823730469,0.09993942826986313
2020-07-20T00:00:00+00:00,2020-07-21T13:21:17.595014+00:00,2020-07-21T13:21:17.595014+00:00,NGQ0@2020-07-29,0.005502939224243164,-0.040586888790130615,0.06163907051086426,0.10222599655389786
2020-07-21T00:00:00+00:00,2020-07-22T13:45:32.583723+00:00,2020-07-22T13:45:32.583723+00:00,NGQ0@2020-07-29,0.0020911693572998047,-0.03758460283279419,0.05778706073760986,0.09537170082330704
2020-07-22T00:00:00+00:00,2020-07-23T13:25:58.418550+00:00,2020-07-23T13:25:58.418550+00:00,NGQ0@2020-07-29,-0.005166053771972656,-0.03381943702697754,0.035799264907836914,0.06961872428655624
2020-07-23T00:00:00+00:00,2020-07-24T13:20:11.775569+00:00,2020-07-24T13:20:11.775569+00:00,NGQ0@2020-07-29,-0.004150569438934326,-0.052893757820129395,0.04868137836456299,0.10157506167888641
2020-07-24T00:00:00+00:00,2020-07-27T13:49:08.358026+00:00,2020-07-27T13:49:08.358026+00:00,NGQ0@2020-07-29,-0.012016117572784424,-0.048560917377471924,0.032814621925354004,0.08137556910514832
2020-07-27T00:00:00+00:00,2020-07-28T13:20:15.195406+00:00,2020-07-28T13:20:15.195406+00:00,NGQ0@2020-07-29,-0.002270042896270752,-0.043387770652770996,0.039255499839782715,0.08264324814081192
2020-07-28T00:00:00+00:00,2020-07-29T14:00:33.983652+00:00,2020-07-29T14:00:33.983652+00:00,NGQ0@2020-07-29,-0.007549107074737549,-0.04750323295593262,0.041362762451171875,0.08886602520942688
2020-07-29T00:00:00+00:00,2020-07-30T13:23:50.424521+00:00,2020-07-30T13:23:50.424521+00:00,NGU0@2020-08-27,-0.010036110877990723,-0.05967062711715698,0.04813575744628906,0.10780639946460724
2020-07-30T00:00:00+00:00,2020-07-31T13:32:29.011791+00:00,2020-07-31T13:32:29.011791+00:00,NGU0@2020-08-27,0.0007878541946411133,-0.04986363649368286,0.05179023742675781,0.10165391117334366
2020-07-31T00:00:00+00:00,2020-08-03T13:31:07.554931+00:00,2020-08-03T13:31:07.554931+00:00,NGU0@2020-08-27,0.006727695465087891,-0.043541133403778076,0.05776333808898926,0.10130443423986435
2020-08-03T00:00:00+00:00,2020-08-04T13:23:57.278557+00:00,2020-08-04T13:23:57.278557+00:00,NGU0@2020-08-27,-0.03277623653411865,-0.09979605674743652,0.046362996101379395,0.1461590975522995
2020-08-04T00:00:00+00:00,2020-08-05T14:02:16.745483+00:00,2020-08-05T14:02:16.745483+00:00,NGU0@2020-08-27,-0.029487252235412598,-0.10949194431304932,0.05609571933746338,0.16558773815631866
2020-08-05T00:00:00+00:00,2020-08-06T13:21:18.493000+00:00,2020-08-06T13:21:18.493000+00:00,NGU0@2020-08-27,-0.008004188537597656,-0.07905107736587524,0.07311487197875977,0.15216590464115143
2020-08-06T00:00:00+00:00,2020-08-07T13:34:26.958621+00:00,2020-08-07T13:34:26.958621+00:00,NGU0@2020-08-27,-0.0034219026565551758,-0.08232194185256958,0.08236265182495117,0.16468457877635956
2020-08-07T00:00:00+00:00,2020-08-10T13:21:49.778209+00:00,2020-08-10T13:21:49.778209+00:00,NGU0@2020-08-27,-0.003110527992248535,-0.06750684976577759,0.060860514640808105,0.12836742401123047
2020-08-10T00:00:00+00:00,2020-08-11T13:22:40.875965+00:00,2020-08-11T13:22:40.875965+00:00,NGU0@2020-08-27,-0.005641341209411621,-0.07641440629959106,0.06400167942047119,0.14041613042354584
2020-08-11T00:00:00+00:00,2020-08-12T13:21:15.736808+00:00,2020-08-12T13:21:15.736808+00:00,NGU0@2020-08-27,0.002358555793762207,-0.048725128173828125,0.05491173267364502,0.10363685339689255
2020-08-12T00:00:00+00:00,2020-08-13T13:23:34.392630+00:00,2020-08-13T13:23:34.392630+00:00,NGU0@2020-08-27,-0.0014864802360534668,-0.05317622423171997,0.050302743911743164,0.10347898304462433
2020-08-13T00:00:00+00:00,2020-08-14T13:40:40.736156+00:00,2020-08-14T13:40:40.736156+00:00,NGU0@2020-08-27,-0.00389021635055542,-0.05602139234542847,0.04721343517303467,0.10323481261730194
2020-08-14T00:00:00+00:00,2020-08-17T13:27:00.783697+00:00,2020-08-17T13:27:00.783697+00:00,NGU0@2020-08-27,-0.03558385372161865,-0.09494936466217041,0.027991175651550293,0.12294060736894608
2020-08-17T00:00:00+00:00,2020-08-18T13:20:37.770639+00:00,2020-08-18T13:20:37.770639+00:00,NGU0@2020-08-27,-0.022035419940948486,-0.0799059271812439,0.04049360752105713,0.12039954960346222
2020-08-18T00:00:00+00:00,2020-08-19T13:22:29.747660+00:00,2020-08-19T13:22:29.747660+00:00,NGU0@2020-08-27,-0.023144841194152832,-0.07376837730407715,0.0303494930267334,0.10411789268255234
2020-08-19T00:00:00+00:00,2020-08-20T13:24:02.109685+00:00,2020-08-20T13:24:02.109685+00:00,NGU0@2020-08-27,-0.014600038528442383,-0.06493633985519409,0.04093647003173828,0.10587278008460999
2020-08-20T00:00:00+00:00,2020-08-21T13:26:38.890357+00:00,2020-08-21T13:26:38.890357+00:00,NGU0@2020-08-27,-0.005169987678527832,-0.05710339546203613,0.04667401313781738,0.10377736389636993
2020-08-21T00:00:00+00:00,2020-08-24T13:20:17.483378+00:00,2020-08-24T13:20:17.483378+00:00,NGU0@2020-08-27,-0.01653289794921875,-0.06552702188491821,0.03468477725982666,0.10021176934242249
2020-08-24T00:00:00+00:00,2020-08-25T13:30:24.619313+00:00,2020-08-25T13:30:24.619313+00:00,NGU0@2020-08-27,-0.0169791579246521,-0.06800991296768188,0.035279154777526855,0.10328903794288635
2020-08-25T00:00:00+00:00,2020-08-26T13:20:32.529546+00:00,2020-08-26T13:20:32.529546+00:00,NGU0@2020-08-27,-0.0068174004554748535,-0.05375891923904419,0.03906738758087158,0.09282634407281876
2020-08-26T00:00:00+00:00,2020-08-27T13:24:18.424932+00:00,2020-08-27T13:24:18.424932+00:00,NGV0@2020-09-28,0.004594087600708008,-0.03941375017166138,0.04992830753326416,0.08934204280376434
2020-08-27T00:00:00+00:00,2020-08-28T13:28:32.024169+00:00,2020-08-28T13:28:32.024169+00:00,NGV0@2020-09-28,-0.0011684894561767578,-0.05485635995864868,0.05342531204223633,0.10828161984682083
2020-08-28T00:00:00+00:00,2020-08-31T13:20:23.315943+00:00,2020-08-31T13:20:23.315943+00:00,NGV0@2020-09-28,-0.004356205463409424,-0.06094485521316528,0.05301833152770996,0.11396326869726181
2020-08-31T00:00:00+00:00,2020-09-01T13:20:08.567093+00:00,2020-09-01T13:20:08.567093+00:00,NGV0@2020-09-28,0.004338502883911133,-0.04908883571624756,0.05567431449890137,0.10476311296224594
2020-09-01T00:00:00+00:00,2020-09-02T13:21:45.818513+00:00,2020-09-02T13:21:45.818513+00:00,NGV0@2020-09-28,0.00413060188293457,-0.05860787630081177,0.06377458572387695,0.12238241732120514
2020-09-02T00:00:00+00:00,2020-09-03T13:25:38.910015+00:00,2020-09-03T13:25:38.910015+00:00,NGV0@2020-09-28,0.003988027572631836,-0.05450040102005005,0.0631030797958374,0.11760345846414566
2020-09-03T00:00:00+00:00,2020-09-04T13:55:49.042501+00:00,2020-09-04T13:55:49.042501+00:00,NGV0@2020-09-28,-0.002015411853790283,-0.05510467290878296,0.0458676815032959,0.10097242891788483
2020-09-04T00:00:00+00:00,2020-09-08T13:20:23.656765+00:00,2020-09-08T13:20:23.656765+00:00,NGV0@2020-09-28,-0.005545914173126221,-0.056899309158325195,0.04465460777282715,0.10155387222766876
2020-09-08T00:00:00+00:00,2020-09-09T13:19:46.428572+00:00,2020-09-09T13:19:46.428572+00:00,NGV0@2020-09-28,-0.004336655139923096,-0.06343156099319458,0.054463744163513184,0.11789529770612717
2020-09-09T00:00:00+00:00,2020-09-10T13:28:19.044578+00:00,2020-09-10T13:28:19.044578+00:00,NGV0@2020-09-28,0.002155303955078125,-0.04957157373428345,0.04894828796386719,0.09851979464292526
2020-09-10T00:00:00+00:00,2020-09-11T13:44:29.368134+00:00,2020-09-11T13:44:29.368134+00:00,NGV0@2020-09-28,0.0009436607360839844,-0.047708868980407715,0.037575721740722656,0.08528457581996918
2020-09-11T00:00:00+00:00,2020-09-14T13:48:24.089510+00:00,2020-09-14T13:48:24.089510+00:00,NGV0@2020-09-28,-0.0019845962524414062,-0.05685490369796753,0.052405357360839844,0.10926022380590439
2020-09-14T00:00:00+00:00,2020-09-15T13:38:14.358522+00:00,2020-09-15T13:38:14.358522+00:00,NGV0@2020-09-28,-0.004071176052093506,-0.04857999086380005,0.04793906211853027,0.09651906788349152
2020-09-15T00:00:00+00:00,2020-09-16T13:21:28.687299+00:00,2020-09-16T13:21:28.687299+00:00,NGV0@2020-09-28,-0.009825944900512695,-0.05657285451889038,0.0415802001953125,0.09815305471420288
2020-09-16T00:00:00+00:00,2020-09-17T13:19:36.144108+00:00,2020-09-17T13:19:36.144108+00:00,NGV0@2020-09-28,-0.0022147297859191895,-0.05233722925186157,0.06027579307556152,0.11261308193206787
2020-09-17T00:00:00+00:00,2020-09-18T13:29:38.252537+00:00,2020-09-18T13:29:38.252537+00:00,NGV0@2020-09-28,0.005564451217651367,-0.06800037622451782,0.08725261688232422,0.15525305271148682
2020-09-18T00:00:00+00:00,2020-09-21T20:32:56.886871+00:00,2020-09-21T20:32:56.886871+00:00,NGV0@2020-09-28,0.0005090236663818359,-0.06487911939620972,0.07541871070861816,0.14029785990715027
2020-09-21T00:00:00+00:00,2020-09-22T13:38:32.111654+00:00,2020-09-22T13:38:32.111654+00:00,NGV0@2020-09-28,0.015447139739990234,-0.0757400393486023,0.1271665096282959,0.2029065489768982
2020-09-22T00:00:00+00:00,2020-09-23T13:21:34.780226+00:00,2020-09-23T13:21:34.780226+00:00,NGV0@2020-09-28,0.017394542694091797,-0.06146574020385742,0.11522829532623291,0.17669397592544556
2020-09-23T00:00:00+00:00,2020-09-24T13:26:24.603949+00:00,2020-09-24T13:26:24.603949+00:00,NGV0@2020-09-28,-0.0033583641052246094,-0.11720353364944458,0.11655521392822266,0.23375870287418365
2020-09-24T00:00:00+00:00,2020-09-25T13:52:43.956970+00:00,2020-09-25T13:52:43.956970+00:00,NGV0@2020-09-28,-0.002030670642852783,-0.11890721321105957,0.12042593955993652,0.23933307826519012
2020-09-25T00:00:00+00:00,2020-09-28T13:50:51.717185+00:00,2020-09-28T13:50:51.717185+00:00,NGV0@2020-09-28,0.0020481348037719727,-0.09364980459213257,0.1096879243850708,0.20333772897720337
2020-09-28T00:00:00+00:00,2020-09-29T13:25:37.123706+00:00,2020-09-29T13:25:37.123706+00:00,NGX0@2020-10-28,0.0046575069427490234,-0.04254806041717529,0.04789173603057861,0.0904397964477539
2020-09-29T00:00:00+00:00,2020-09-30T13:28:48.933003+00:00,2020-09-30T13:28:48.933003+00:00,NGX0@2020-10-28,0.017917275428771973,-0.04193878173828125,0.08489680290222168,0.12683551013469696
2020-09-30T00:00:00+00:00,2020-10-01T13:23:11.566981+00:00,2020-10-01T13:23:11.566981+00:00,NGX0@2020-10-28,0.007114291191101074,-0.04926276206970215,0.07288169860839844,0.12214437872171402
2020-10-01T00:00:00+00:00,2020-10-02T13:21:28.563696+00:00,2020-10-02T13:21:28.563696+00:00,NGX0@2020-10-28,0.0030936002731323242,-0.04698920249938965,0.0651479959487915,0.11213721334934235
2020-10-02T00:00:00+00:00,2020-10-05T13:38:56.252208+00:00,2020-10-05T13:38:56.252208+00:00,NGX0@2020-10-28,-0.006326615810394287,-0.04982554912567139,0.05388069152832031,0.10370621830224991
2020-10-05T00:00:00+00:00,2020-10-06T13:22:21.254118+00:00,2020-10-06T13:22:21.254118+00:00,NGX0@2020-10-28,0.0033910274505615234,-0.05484879016876221,0.0678715705871582,0.1227203756570816
2020-10-06T00:00:00+00:00,2020-10-07T13:28:48.444658+00:00,2020-10-07T13:28:48.444658+00:00,NGX0@2020-10-28,-7.396936416625977e-05,-0.05050528049468994,0.0593186616897583,0.10982392728328705
2020-10-07T00:00:00+00:00,2020-10-08T13:25:22.495605+00:00,2020-10-08T13:25:22.495605+00:00,NGX0@2020-10-28,0.0007277727127075195,-0.06154584884643555,0.06403207778930664,0.1255778819322586
2020-10-08T00:00:00+00:00,2020-10-09T13:24:39.239829+00:00,2020-10-09T13:24:39.239829+00:00,NGX0@2020-10-28,0.0025556087493896484,-0.05828052759170532,0.06446373462677002,0.12274418026208878
2020-10-09T00:00:00+00:00,2020-10-12T14:39:40.846359+00:00,2020-10-12T14:39:40.846359+00:00,NGX0@2020-10-28,-0.006025969982147217,-0.05834716558456421,0.04516434669494629,0.1035115048289299
2020-10-12T00:00:00+00:00,2020-10-13T13:20:48.109925+00:00,2020-10-13T13:20:48.109925+00:00,NGX0@2020-10-28,-0.015208244323730469,-0.06787753105163574,0.03548276424407959,0.10336028784513474
2020-10-13T00:00:00+00:00,2020-10-14T13:24:57.988178+00:00,2020-10-14T13:24:57.988178+00:00,NGX0@2020-10-28,-0.006139278411865234,-0.05334162712097168,0.03532767295837402,0.08866932988166809
2020-10-14T00:00:00+00:00,2020-10-15T13:29:28.313105+00:00,2020-10-15T13:29:28.313105+00:00,NGX0@2020-10-28,0.0028429031372070312,-0.06543946266174316,0.07339835166931152,0.13883785903453827
2020-10-15T00:00:00+00:00,2020-10-16T13:50:41.484013+00:00,2020-10-16T13:50:41.484013+00:00,NGX0@2020-10-28,-0.0029848217964172363,-0.05807584524154663,0.05169641971588135,0.1097722053527832
2020-10-16T00:00:00+00:00,2020-10-19T13:25:56.519139+00:00,2020-10-19T13:25:56.519139+00:00,NGX0@2020-10-28,-0.0041165947914123535,-0.04874539375305176,0.04177093505859375,0.09051626175642014
2020-10-19T00:00:00+00:00,2020-10-20T13:22:31.691169+00:00,2020-10-20T13:22:31.691169+00:00,NGX0@2020-10-28,-0.006339550018310547,-0.04778939485549927,0.04259073734283447,0.09038016945123672
2020-10-20T00:00:00+00:00,2020-10-21T13:21:01.665528+00:00,2020-10-21T13:21:01.665528+00:00,NGX0@2020-10-28,-0.016929924488067627,-0.055595219135284424,0.02960038185119629,0.08519555628299713
2020-10-21T00:00:00+00:00,2020-10-22T13:21:02.257046+00:00,2020-10-22T13:21:02.257046+00:00,NGX0@2020-10-28,-0.016257047653198242,-0.05802512168884277,0.03911447525024414,0.09713967889547348
2020-10-22T00:00:00+00:00,2020-10-23T13:38:43.412930+00:00,2020-10-23T13:38:43.412930+00:00,NGX0@2020-10-28,-0.010201096534729004,-0.04657846689224243,0.03725612163543701,0.08383453637361526
2020-10-23T00:00:00+00:00,2020-10-26T13:21:52.716851+00:00,2020-10-26T13:21:52.716851+00:00,NGX0@2020-10-28,-0.0038608312606811523,-0.04016876220703125,0.04247927665710449,0.08264803141355515
2020-10-26T00:00:00+00:00,2020-10-27T13:23:37.180660+00:00,2020-10-27T13:23:37.180660+00:00,NGX0@2020-10-28,-0.005212247371673584,-0.035856783390045166,0.03646993637084961,0.07232668995857239
2020-10-27T00:00:00+00:00,2020-10-28T13:21:48.557654+00:00,2020-10-28T13:21:48.557654+00:00,NGX0@2020-10-28,-0.0016265511512756348,-0.028013169765472412,0.03577840328216553,0.06379153579473495
2020-10-28T00:00:00+00:00,2020-10-29T13:36:58.148329+00:00,2020-10-29T13:36:58.148329+00:00,NGZ0@2020-11-25,-0.0003356337547302246,-0.021915555000305176,0.02922642230987549,0.05114191025495529
2020-10-29T00:00:00+00:00,2020-10-30T13:38:48.417659+00:00,2020-10-30T13:38:48.417659+00:00,NGZ0@2020-11-25,0.0023479461669921875,-0.01387631893157959,0.027236342430114746,0.04111265018582344
2020-10-30T00:00:00+00:00,2020-11-02T14:34:31.143450+00:00,2020-11-02T14:34:31.143450+00:00,NGZ0@2020-11-25,-0.0032566189765930176,-0.022745251655578613,0.023632168769836426,0.046377457678318024
2020-11-02T00:00:00+00:00,2020-11-03T14:22:51.959663+00:00,2020-11-03T14:22:51.959663+00:00,NGZ0@2020-11-25,0.007932662963867188,-0.016418755054473877,0.04264247417449951,0.05906122177839279
2020-11-03T00:00:00+00:00,2020-11-04T14:26:16.688472+00:00,2020-11-04T14:26:16.688472+00:00,NGZ0@2020-11-25,0.015002965927124023,-0.029009222984313965,0.07430887222290039,0.10331809520721436
2020-11-04T00:00:00+00:00,2020-11-05T14:39:49.033674+00:00,2020-11-05T14:39:49.033674+00:00,NGZ0@2020-11-25,0.01390993595123291,-0.031083405017852783,0.07529234886169434,0.10637570172548294
2020-11-05T00:00:00+00:00,2020-11-06T14:41:58.246104+00:00,2020-11-06T14:41:58.246104+00:00,NGZ0@2020-11-25,0.017814159393310547,-0.02715468406677246,0.08482980728149414,0.11198444664478302
2020-11-06T00:00:00+00:00,2020-11-09T14:26:18.069604+00:00,2020-11-09T14:26:18.069604+00:00,NGZ0@2020-11-25,-0.0016658902168273926,-0.04595303535461426,0.0609203577041626,0.10687335580587387
2020-11-09T00:00:00+00:00,2020-11-10T14:25:31.912241+00:00,2020-11-10T14:25:31.912241+00:00,NGZ0@2020-11-25,0.0013134479522705078,-0.039034247398376465,0.05010724067687988,0.08914153277873993
2020-11-10T00:00:00+00:00,2020-11-11T14:36:13.609918+00:00,2020-11-11T14:36:13.609918+00:00,NGZ0@2020-11-25,0.00513768196105957,-0.030048906803131104,0.04614424705505371,0.07619313150644302
2020-11-11T00:00:00+00:00,2020-11-12T14:21:33.961788+00:00,2020-11-12T14:21:33.961788+00:00,NGZ0@2020-11-25,0.0020613670349121094,-0.035265207290649414,0.04205596446990967,0.07732108980417252
2020-11-12T00:00:00+00:00,2020-11-13T14:25:09.653806+00:00,2020-11-13T14:25:09.653806+00:00,NGZ0@2020-11-25,0.0016467571258544922,-0.03005361557006836,0.02930772304534912,0.05936141684651375
2020-11-13T00:00:00+00:00,2020-11-16T14:32:50.071174+00:00,2020-11-16T14:32:50.071174+00:00,NGZ0@2020-11-25,-0.0037421584129333496,-0.03520900011062622,0.022753596305847168,0.05796262249350548
2020-11-16T00:00:00+00:00,2020-11-17T14:24:00.711761+00:00,2020-11-17T14:24:00.711761+00:00,NGZ0@2020-11-25,0.041158199310302734,-0.022204935550689697,0.09226000308990479,0.11446487158536911
2020-11-17T00:00:00+00:00,2020-11-18T14:23:47.302610+00:00,2020-11-18T14:23:47.302610+00:00,NGZ0@2020-11-25,0.019800424575805664,-0.03296321630477905,0.0653008222579956,0.09826406091451645
2020-11-18T00:00:00+00:00,2020-11-19T14:26:51.257902+00:00,2020-11-19T14:26:51.257902+00:00,NGZ0@2020-11-25,0.013067126274108887,-0.03575021028518677,0.05294954776763916,0.08869971334934235
2020-11-19T00:00:00+00:00,2020-11-20T14:20:25.776522+00:00,2020-11-20T14:20:25.776522+00:00,NGZ0@2020-11-25,0.0160369873046875,-0.03503835201263428,0.06979930400848389,0.1048375815153122
2020-11-20T00:00:00+00:00,2020-11-23T14:20:25.072709+00:00,2020-11-23T14:20:25.072709+00:00,NGZ0@2020-11-25,0.007809638977050781,-0.047855377197265625,0.06432437896728516,0.1121797189116478
2020-11-23T00:00:00+00:00,2020-11-24T14:20:19.734720+00:00,2020-11-24T14:20:19.734720+00:00,NGZ0@2020-11-25,0.005220532417297363,-0.04506963491439819,0.05737042427062988,0.10244005173444748
2020-11-24T00:00:00+00:00,2020-11-25T14:51:05.616807+00:00,2020-11-25T14:51:05.616807+00:00,NGZ0@2020-11-25,-0.002417325973510742,-0.05362612009048462,0.047062039375305176,0.1006881594657898
2020-11-25T00:00:00+00:00,2020-11-27T14:20:50.259986+00:00,2020-11-27T14:20:50.259986+00:00,NGF1@2020-12-29,0.002197265625,-0.047033607959747314,0.04472613334655762,0.09175974875688553
2020-11-27T00:00:00+00:00,2020-11-30T14:20:04.540751+00:00,2020-11-30T14:20:04.540751+00:00,NGF1@2020-12-29,0.008354663848876953,-0.03566843271255493,0.053739070892333984,0.08940747380256653
2020-11-30T00:00:00+00:00,2020-12-01T14:22:52.862115+00:00,2020-12-01T14:22:52.862115+00:00,NGF1@2020-12-29,0.0035512447357177734,-0.04342484474182129,0.04925274848937988,0.09267757087945938
2020-12-01T00:00:00+00:00,2020-12-02T14:25:48.430118+00:00,2020-12-02T14:25:48.430118+00:00,NGF1@2020-12-29,0.004166364669799805,-0.04249042272567749,0.05030381679534912,0.09279424697160721
2020-12-02T00:00:00+00:00,2020-12-03T14:21:26.274349+00:00,2020-12-03T14:21:26.274349+00:00,NGF1@2020-12-29,0.008479475975036621,-0.038677990436553955,0.05645132064819336,0.0951293557882309
2020-12-03T00:00:00+00:00,2020-12-04T14:31:39.885996+00:00,2020-12-04T14:31:39.885996+00:00,NGF1@2020-12-29,0.03317904472351074,-0.04623591899871826,0.10247433185577393,0.148710235953331
2020-12-04T00:00:00+00:00,2020-12-07T14:31:05.952033+00:00,2020-12-07T14:31:05.952033+00:00,NGF1@2020-12-29,0.016651391983032227,-0.043363869190216064,0.06949400901794434,0.11285790801048279
2020-12-07T00:00:00+00:00,2020-12-08T14:25:53.673400+00:00,2020-12-08T14:25:53.673400+00:00,NGF1@2020-12-29,0.0195004940032959,-0.04857909679412842,0.08515739440917969,0.1337364763021469
2020-12-08T00:00:00+00:00,2020-12-09T14:20:23.372883+00:00,2020-12-09T14:20:23.372883+00:00,NGF1@2020-12-29,0.0093156099319458,-0.046127259731292725,0.06671369075775146,0.11284096539020538
2020-12-09T00:00:00+00:00,2020-12-10T14:47:57.489282+00:00,2020-12-10T14:47:57.489282+00:00,NGF1@2020-12-29,0.004843592643737793,-0.05968743562698364,0.06281590461730957,0.12250331789255142
2020-12-10T00:00:00+00:00,2020-12-11T14:37:27.422346+00:00,2020-12-11T14:37:27.422346+00:00,NGF1@2020-12-29,0.011753439903259277,-0.05766022205352783,0.07422065734863281,0.13188086450099945
2020-12-11T00:00:00+00:00,2020-12-14T14:20:14.532163+00:00,2020-12-14T14:20:14.532163+00:00,NGF1@2020-12-29,0.0017560720443725586,-0.05227947235107422,0.05568528175354004,0.10796468704938889
2020-12-14T00:00:00+00:00,2020-12-15T14:35:31.439252+00:00,2020-12-15T14:35:31.439252+00:00,NGF1@2020-12-29,0.0017641782760620117,-0.048294246196746826,0.05129063129425049,0.0995849221944809
2020-12-15T00:00:00+00:00,2020-12-16T14:25:55.843910+00:00,2020-12-16T14:25:55.843910+00:00,NGF1@2020-12-29,0.0012842416763305664,-0.048848509788513184,0.05026066303253174,0.0991092398762703
2020-12-16T00:00:00+00:00,2020-12-17T14:34:42.165557+00:00,2020-12-17T14:34:42.165557+00:00,NGF1@2020-12-29,-0.0007406473159790039,-0.05504554510116577,0.056162357330322266,0.11120788007974625
2020-12-17T00:00:00+00:00,2020-12-18T14:27:37.203476+00:00,2020-12-18T14:27:37.203476+00:00,NGF1@2020-12-29,-0.003764331340789795,-0.05736851692199707,0.05644392967224121,0.11381249129772186
2020-12-18T00:00:00+00:00,2020-12-21T14:37:41.438454+00:00,2020-12-21T14:37:41.438454+00:00,NGF1@2020-12-29,-0.003566920757293701,-0.05316758155822754,0.05272626876831055,0.10589387267827988
2020-12-21T00:00:00+00:00,2020-12-22T14:21:55.056644+00:00,2020-12-22T14:21:55.056644+00:00,NGF1@2020-12-29,-0.0042716264724731445,-0.05412769317626953,0.04610621929168701,0.10023399442434311
2020-12-22T00:00:00+00:00,2020-12-23T14:25:03.190661+00:00,2020-12-23T14:25:03.190661+00:00,NGF1@2020-12-29,-0.00406193733215332,-0.06022399663925171,0.04866445064544678,0.1088884249329567
2020-12-23T00:00:00+00:00,2020-12-24T14:27:07.216791+00:00,2020-12-24T14:27:07.216791+00:00,NGF1@2020-12-29,0.007743120193481445,-0.04858499765396118,0.059105634689331055,0.10769069194793701
2020-12-24T00:00:00+00:00,2020-12-28T14:20:33.345976+00:00,2020-12-28T14:20:33.345976+00:00,NGF1@2020-12-29,0.00022900104522705078,-0.05754673480987549,0.051422715187072754,0.10896941274404526
2020-12-28T00:00:00+00:00,2020-12-29T14:20:32.899509+00:00,2020-12-29T14:20:32.899509+00:00,NGF1@2020-12-29,0.011958837509155273,-0.06477600336074829,0.08177769184112549,0.1465536653995514
2020-12-30T00:00:00+00:00,2020-12-31T14:25:54.542205+00:00,2020-12-31T14:25:54.542205+00:00,NGG1@2021-01-27,0.006592988967895508,-0.04775756597518921,0.05150043964385986,0.09925802797079086
2020-12-31T00:00:00+00:00,2021-01-04T14:37:52.987661+00:00,2021-01-04T14:37:52.987661+00:00,NGG1@2021-01-27,0.007554769515991211,-0.05039167404174805,0.05141746997833252,0.10180914402008057
2021-01-04T00:00:00+00:00,2021-01-05T14:23:10.771017+00:00,2021-01-05T14:23:10.771017+00:00,NGG1@2021-01-27,0.0011125802993774414,-0.05375468730926514,0.048615097999572754,0.10236978530883789
2021-01-05T00:00:00+00:00,2021-01-06T14:25:35.492639+00:00,2021-01-06T14:25:35.492639+00:00,NGG1@2021-01-27,-0.0005199909210205078,-0.056561172008514404,0.04920995235443115,0.10577111691236496
2021-01-06T00:00:00+00:00,2021-01-07T14:22:40.486568+00:00,2021-01-07T14:22:40.486568+00:00,NGG1@2021-01-27,0.0007460117340087891,-0.044322431087493896,0.03427088260650635,0.07859323918819427
2021-01-07T00:00:00+00:00,2021-01-08T14:36:31.279669+00:00,2021-01-08T14:36:31.279669+00:00,NGG1@2021-01-27,-0.0016990900039672852,-0.05581545829772949,0.04350876808166504,0.09932418167591095
2021-01-08T00:00:00+00:00,2021-01-11T14:22:18.559542+00:00,2021-01-11T14:22:18.559542+00:00,NGG1@2021-01-27,0.0013027191162109375,-0.043729424476623535,0.03408241271972656,0.07781187444925308
2021-01-11T00:00:00+00:00,2021-01-12T14:21:52.313934+00:00,2021-01-12T14:21:52.313934+00:00,NGG1@2021-01-27,-0.0011843442916870117,-0.046610891819000244,0.028604745864868164,0.07521563768386841
2021-01-12T00:00:00+00:00,2021-01-13T14:20:50.292263+00:00,2021-01-13T14:20:50.292263+00:00,NGG1@2021-01-27,-0.0025063753128051758,-0.02830982208251953,0.016640067100524902,0.044949911534786224
2021-01-13T00:00:00+00:00,2021-01-14T14:24:54.166697+00:00,2021-01-14T14:24:54.166697+00:00,NGG1@2021-01-27,-0.0022788047790527344,-0.04356259107589722,0.021865367889404297,0.06542793661355972
2021-01-14T00:00:00+00:00,2021-01-15T14:21:14.913018+00:00,2021-01-15T14:21:14.913018+00:00,NGG1@2021-01-27,-0.004517078399658203,-0.05122733116149902,0.02634751796722412,0.07757484167814255
2021-01-15T00:00:00+00:00,2021-01-19T14:25:26.641495+00:00,2021-01-19T14:25:26.641495+00:00,NGG1@2021-01-27,-0.008408129215240479,-0.05663275718688965,0.022190093994140625,0.07882282137870789
2021-01-19T00:00:00+00:00,2021-01-20T14:20:40.081477+00:00,2021-01-20T14:20:40.081477+00:00,NGG1@2021-01-27,0.007933974266052246,-0.05048733949661255,0.05158412456512451,0.10207143425941467
2021-01-20T00:00:00+00:00,2021-01-21T14:25:34.269999+00:00,2021-01-21T14:25:34.269999+00:00,NGG1@2021-01-27,-0.0022115111351013184,-0.05320441722869873,0.04303157329559326,0.09623602777719498
2021-01-21T00:00:00+00:00,2021-01-22T14:25:40.924104+00:00,2021-01-22T14:25:40.924104+00:00,NGG1@2021-01-27,0.010949015617370605,-0.04790949821472168,0.06246495246887207,0.11037450283765793
2021-01-22T00:00:00+00:00,2021-01-25T14:20:09.067599+00:00,2021-01-25T14:20:09.067599+00:00,NGG1@2021-01-27,0.0078012943267822266,-0.052310943603515625,0.05899167060852051,0.11130257695913315
2021-01-25T00:00:00+00:00,2021-01-26T14:20:47.657372+00:00,2021-01-26T14:20:47.657372+00:00,NGG1@2021-01-27,0.008081436157226562,-0.046329617500305176,0.04782438278198242,0.094153992831707
2021-01-26T00:00:00+00:00,2021-01-27T14:22:34.935811+00:00,2021-01-27T14:22:34.935811+00:00,NGG1@2021-01-27,0.004115104675292969,-0.047750234603881836,0.03800976276397705,0.0857599526643753
2021-01-27T00:00:00+00:00,2021-01-28T14:20:17.969515+00:00,2021-01-28T14:20:17.969515+00:00,NGH1@2021-02-24,0.00391232967376709,-0.0400770902633667,0.025301098823547363,0.06537822633981705
2021-01-28T00:00:00+00:00,2021-01-29T15:00:47.776160+00:00,2021-01-29T15:00:47.776160+00:00,NGH1@2021-02-24,0.007317781448364258,-0.040281474590301514,0.03467857837677002,0.07496000081300735
2021-01-29T00:00:00+00:00,2021-02-01T14:20:24.418774+00:00,2021-02-01T14:20:24.418774+00:00,NGH1@2021-02-24,0.0030426979064941406,-0.05292010307312012,0.04109311103820801,0.09401317685842514
2021-02-01T00:00:00+00:00,2021-02-02T14:22:46.034712+00:00,2021-02-02T14:22:46.034712+00:00,NGH1@2021-02-24,-0.0034630298614501953,-0.06640791893005371,0.03896474838256836,0.10537265241146088
2021-02-02T00:00:00+00:00,2021-02-03T14:20:19.002430+00:00,2021-02-03T14:20:19.002430+00:00,NGH1@2021-02-24,0.0058525800704956055,-0.04521679878234863,0.03208136558532715,0.07729814946651459
2021-02-03T00:00:00+00:00,2021-02-04T14:21:00.185966+00:00,2021-02-04T14:21:00.185966+00:00,NGH1@2021-02-24,-0.009538650512695312,-0.06878328323364258,0.027248501777648926,0.09603174030780792
2021-02-04T00:00:00+00:00,2021-02-05T14:23:04.427409+00:00,2021-02-05T14:23:04.427409+00:00,NGH1@2021-02-24,-0.0064765214920043945,-0.06684607267379761,0.0286484956741333,0.09549456089735031
2021-02-05T00:00:00+00:00,2021-02-08T14:20:05.398145+00:00,2021-02-08T14:20:05.398145+00:00,NGH1@2021-02-24,-0.0006450414657592773,-0.054761409759521484,0.030916571617126465,0.08567796647548676
2021-02-08T00:00:00+00:00,2021-02-09T14:20:46.612684+00:00,2021-02-09T14:20:46.612684+00:00,NGH1@2021-02-24,-2.3245811462402344e-06,-0.05033695697784424,0.02689528465270996,0.0772322341799736
2021-02-09T00:00:00+00:00,2021-02-10T14:32:09.054296+00:00,2021-02-10T14:32:09.054296+00:00,NGH1@2021-02-24,0.004276275634765625,-0.04098910093307495,0.02863609790802002,0.06962520629167557
2021-02-10T00:00:00+00:00,2021-02-11T14:20:26.317995+00:00,2021-02-11T14:20:26.317995+00:00,NGH1@2021-02-24,-0.0022071003913879395,-0.03708583116531372,0.014747142791748047,0.05183298513293266
2021-02-11T00:00:00+00:00,2021-02-12T14:32:29.008261+00:00,2021-02-12T14:32:29.008261+00:00,NGH1@2021-02-24,0.0010797977447509766,-0.039419591426849365,0.019840717315673828,0.05926031619310379
2021-02-12T00:00:00+00:00,2021-02-16T14:20:54.401741+00:00,2021-02-16T14:20:54.401741+00:00,NGH1@2021-02-24,-0.0022959113121032715,-0.04043537378311157,0.01349174976348877,0.053927138447761536
2021-02-16T00:00:00+00:00,2021-02-17T14:28:27.767730+00:00,2021-02-17T14:28:27.767730+00:00,NGH1@2021-02-24,-0.0070348381996154785,-0.049682438373565674,0.02007162570953369,0.06975401192903519
2021-02-17T00:00:00+00:00,2021-02-18T14:37:11.404947+00:00,2021-02-18T14:37:11.404947+00:00,NGH1@2021-02-24,0.0022362470626831055,-0.04478639364242554,0.03825724124908447,0.0830436572432518
2021-02-18T00:00:00+00:00,2021-02-19T14:32:14.444968+00:00,2021-02-19T14:32:14.444968+00:00,NGH1@2021-02-24,-0.004429876804351807,-0.044606149196624756,0.03099799156188965,0.07560421526432037
2021-02-19T00:00:00+00:00,2021-02-22T14:58:13.739235+00:00,2021-02-22T14:58:13.739235+00:00,NGH1@2021-02-24,-0.0017418861389160156,-0.04843556880950928,0.03683769702911377,0.08527321368455887
2021-02-22T00:00:00+00:00,2021-02-23T14:19:51.730734+00:00,2021-02-23T14:19:51.730734+00:00,NGH1@2021-02-24,-0.004105865955352783,-0.056630730628967285,0.03578639030456543,0.09241718798875809
2021-02-23T00:00:00+00:00,2021-02-24T14:38:10.074324+00:00,2021-02-24T14:38:10.074324+00:00,NGH1@2021-02-24,-0.0011973381042480469,-0.05945616960525513,0.046007513999938965,0.1054636612534523
2021-02-24T00:00:00+00:00,2021-02-25T15:02:06.235370+00:00,2021-02-25T15:02:06.235370+00:00,NGJ1@2021-03-29,0.004793286323547363,-0.037648916244506836,0.037024617195129395,0.07467354834079742
2021-02-25T00:00:00+00:00,2021-02-26T14:45:39.726080+00:00,2021-02-26T14:45:39.726080+00:00,NGJ1@2021-03-29,0.0003764629364013672,-0.0378262996673584,0.03336060047149658,0.07118687778711319
2021-02-26T00:00:00+00:00,2021-03-01T14:20:09.918308+00:00,2021-03-01T14:20:09.918308+00:00,NGJ1@2021-03-29,0.0022736787796020508,-0.0388607382774353,0.03280937671661377,0.07167012244462967
2021-03-01T00:00:00+00:00,2021-03-02T14:22:03.448458+00:00,2021-03-02T14:22:03.448458+00:00,NGJ1@2021-03-29,-0.000700831413269043,-0.03577625751495361,0.020972251892089844,0.056748516857624054
2021-03-02T00:00:00+00:00,2021-03-03T14:24:51.772792+00:00,2021-03-03T14:24:51.772792+00:00,NGJ1@2021-03-29,0.0010199546813964844,-0.03861963748931885,0.030283570289611816,0.06890314072370529
2021-03-03T00:00:00+00:00,2021-03-04T14:21:44.649572+00:00,2021-03-04T14:21:44.649572+00:00,NGJ1@2021-03-29,-3.463029861450195e-05,-0.038474857807159424,0.028956294059753418,0.06743122637271881
2021-03-04T00:00:00+00:00,2021-03-05T14:37:43.273816+00:00,2021-03-05T14:37:43.273816+00:00,NGJ1@2021-03-29,0.003072381019592285,-0.036038219928741455,0.03228938579559326,0.06832758337259293
2021-03-05T00:00:00+00:00,2021-03-08T14:22:08.601515+00:00,2021-03-08T14:22:08.601515+00:00,NGJ1@2021-03-29,-0.005040943622589111,-0.05001157522201538,0.03354978561401367,0.08356134593486786
2021-03-08T00:00:00+00:00,2021-03-09T14:23:32.474505+00:00,2021-03-09T14:23:32.474505+00:00,NGJ1@2021-03-29,-0.004334747791290283,-0.044998347759246826,0.02941608428955078,0.07441443204879761
2021-03-09T00:00:00+00:00,2021-03-10T14:22:48.657526+00:00,2021-03-10T14:22:48.657526+00:00,NGJ1@2021-03-29,-0.0033017396926879883,-0.043595194816589355,0.02716672420501709,0.07076195627450943
2021-03-10T00:00:00+00:00,2021-03-11T14:20:44.415233+00:00,2021-03-11T14:20:44.415233+00:00,NGJ1@2021-03-29,-0.0009668469429016113,-0.0360531210899353,0.026310443878173828,0.062363553792238235
2021-03-11T00:00:00+00:00,2021-03-12T14:45:21.567286+00:00,2021-03-12T14:45:21.567286+00:00,NGJ1@2021-03-29,-0.001414954662322998,-0.03957104682922363,0.029407024383544922,0.06897812336683273
2021-03-12T00:00:00+00:00,2021-03-15T13:22:09.221686+00:00,2021-03-15T13:22:09.221686+00:00,NGJ1@2021-03-29,-0.0029426217079162598,-0.04659312963485718,0.03405749797821045,0.0806506797671318
2021-03-15T00:00:00+00:00,2021-03-16T13:20:49.220446+00:00,2021-03-16T13:20:49.220446+00:00,NGJ1@2021-03-29,-0.0017642378807067871,-0.05479007959365845,0.04274582862854004,0.09753594547510147
2021-03-16T00:00:00+00:00,2021-03-17T13:19:55.851609+00:00,2021-03-17T13:19:55.851609+00:00,NGJ1@2021-03-29,0.00676572322845459,-0.03986483812332153,0.04605531692504883,0.08592011779546738
2021-03-17T00:00:00+00:00,2021-03-18T13:25:54.892164+00:00,2021-03-18T13:25:54.892164+00:00,NGJ1@2021-03-29,0.0011597871780395508,-0.04946541786193848,0.04075312614440918,0.09021860361099243
2021-03-18T00:00:00+00:00,2021-03-19T13:31:15.802700+00:00,2021-03-19T13:31:15.802700+00:00,NGJ1@2021-03-29,-0.0012328624725341797,-0.04450482130050659,0.03561091423034668,0.0801156610250473
2021-03-19T00:00:00+00:00,2021-03-22T13:20:28.593241+00:00,2021-03-22T13:20:28.593241+00:00,NGJ1@2021-03-29,0.0028551816940307617,-0.039686501026153564,0.03728616237640381,0.0769726112484932
2021-03-22T00:00:00+00:00,2021-03-23T13:25:10.651446+00:00,2021-03-23T13:25:10.651446+00:00,NGJ1@2021-03-29,0.005461692810058594,-0.03955429792404175,0.042240142822265625,0.08179447054862976
2021-03-23T00:00:00+00:00,2021-03-24T13:20:52.248128+00:00,2021-03-24T13:20:52.248128+00:00,NGJ1@2021-03-29,0.006149888038635254,-0.040872931480407715,0.044550538063049316,0.08542343974113464
2021-03-24T00:00:00+00:00,2021-03-25T13:20:02.299779+00:00,2021-03-25T13:20:02.299779+00:00,NGJ1@2021-03-29,0.002625107765197754,-0.03753584623336792,0.03642117977142334,0.07395710796117783
2021-03-25T00:00:00+00:00,2021-03-26T14:00:54.653375+00:00,2021-03-26T14:00:54.653375+00:00,NGJ1@2021-03-29,0.0010788440704345703,-0.034163832664489746,0.03274548053741455,0.06690925359725952
2021-03-26T00:00:00+00:00,2021-03-29T13:23:47.658354+00:00,2021-03-29T13:23:47.658354+00:00,NGJ1@2021-03-29,0.0024031400680541992,-0.03679877519607544,0.03770792484283447,0.07450669258832932
2021-03-29T00:00:00+00:00,2021-03-30T13:22:47.995169+00:00,2021-03-30T13:22:47.995169+00:00,NGK1@2021-04-28,-0.0005897879600524902,-0.03635287284851074,0.031311631202697754,0.0676645040512085
2021-03-30T00:00:00+00:00,2021-03-31T13:26:10.939322+00:00,2021-03-31T13:26:10.939322+00:00,NGK1@2021-04-28,-0.001694023609161377,-0.03610420227050781,0.028972864151000977,0.06507709622383118
2021-03-31T00:00:00+00:00,2021-04-01T13:36:31.264698+00:00,2021-04-01T13:36:31.264698+00:00,NGK1@2021-04-28,-0.00017696619033813477,-0.03550642728805542,0.02778458595275879,0.06329108029603958
2021-04-01T00:00:00+00:00,2021-04-02T13:24:24.253188+00:00,2021-04-02T13:24:24.253188+00:00,NGK1@2021-04-28,-0.001418471336364746,-0.033184170722961426,0.02676975727081299,0.05995391681790352
2021-04-05T00:00:00+00:00,2021-04-06T14:04:07.381391+00:00,2021-04-06T14:04:07.381391+00:00,NGK1@2021-04-28,0.008670210838317871,-0.034347355365753174,0.045549631118774414,0.07989700138568878
2021-04-06T00:00:00+00:00,2021-04-07T13:20:21.508763+00:00,2021-04-07T13:20:21.508763+00:00,NGK1@2021-04-28,0.014927387237548828,-0.03268653154373169,0.054028868675231934,0.08671543747186661
2021-04-07T00:00:00+00:00,2021-04-08T13:25:45.024937+00:00,2021-04-08T13:25:45.024937+00:00,NGK1@2021-04-28,0.005549907684326172,-0.03782445192337036,0.04107832908630371,0.07890283316373825
2021-04-08T00:00:00+00:00,2021-04-09T13:19:55.516944+00:00,2021-04-09T13:19:55.516944+00:00,NGK1@2021-04-28,0.003988504409790039,-0.03749990463256836,0.03723585605621338,0.07473571598529816
2021-04-09T00:00:00+00:00,2021-04-12T13:19:42.673305+00:00,2021-04-12T13:19:42.673305+00:00,NGK1@2021-04-28,0.0027958154678344727,-0.03748077154159546,0.035442471504211426,0.07292323559522629
2021-04-12T00:00:00+00:00,2021-04-13T13:23:43.813326+00:00,2021-04-13T13:23:43.813326+00:00,NGK1@2021-04-28,0.004919886589050293,-0.03189295530319214,0.03504979610443115,0.0669427365064621
2021-04-13T00:00:00+00:00,2021-04-14T13:23:59.092564+00:00,2021-04-14T13:23:59.092564+00:00,NGK1@2021-04-28,0.0011597871780395508,-0.0371742844581604,0.031986236572265625,0.06916050612926483
2021-04-14T00:00:00+00:00,2021-04-15T13:20:01.193836+00:00,2021-04-15T13:20:01.193836+00:00,NGK1@2021-04-28,0.0020371675491333008,-0.034079909324645996,0.03155636787414551,0.06563623249530792
2021-04-15T00:00:00+00:00,2021-04-16T13:22:26.180611+00:00,2021-04-16T13:22:26.180611+00:00,NGK1@2021-04-28,0.0015330314636230469,-0.032282114028930664,0.030212879180908203,0.062495000660419464
2021-04-16T00:00:00+00:00,2021-04-19T13:22:39.638644+00:00,2021-04-19T13:22:39.638644+00:00,NGK1@2021-04-28,0.0010281801223754883,-0.03428065776824951,0.03129255771636963,0.06557320058345795
2021-04-19T00:00:00+00:00,2021-04-20T13:19:41.779277+00:00,2021-04-20T13:19:41.779277+00:00,NGK1@2021-04-28,0.0010410547256469727,-0.03401458263397217,0.029846668243408203,0.06386131048202515
2021-04-20T00:00:00+00:00,2021-04-21T13:20:16.911239+00:00,2021-04-21T13:20:16.911239+00:00,NGK1@2021-04-28,-0.0017499923706054688,-0.03819310665130615,0.02979576587677002,0.06798890233039856
2021-04-21T00:00:00+00:00,2021-04-22T13:22:11.745780+00:00,2021-04-22T13:22:11.745780+00:00,NGK1@2021-04-28,0.0010396242141723633,-0.03229552507400513,0.030421972274780273,0.06271746009588242
2021-04-22T00:00:00+00:00,2021-04-23T13:31:23.641738+00:00,2021-04-23T13:31:23.641738+00:00,NGK1@2021-04-28,0.0014613866806030273,-0.032193779945373535,0.029821276664733887,0.0620151087641716
2021-04-23T00:00:00+00:00,2021-04-26T13:25:56.792867+00:00,2021-04-26T13:25:56.792867+00:00,NGK1@2021-04-28,-0.000926971435546875,-0.030891895294189453,0.025480270385742188,0.056372106075286865
2021-04-26T00:00:00+00:00,2021-04-27T14:10:34.698710+00:00,2021-04-27T14:10:34.698710+00:00,NGK1@2021-04-28,-0.0024574995040893555,-0.02978515625,0.02236199378967285,0.05214710161089897
2021-04-27T00:00:00+00:00,2021-04-28T14:05:07.285616+00:00,2021-04-28T14:05:07.285616+00:00,NGK1@2021-04-28,-0.0013934969902038574,-0.03450113534927368,0.031363606452941895,0.06586477160453796
2021-04-28T00:00:00+00:00,2021-04-29T13:21:03.879665+00:00,2021-04-29T13:21:03.879665+00:00,NGM1@2021-05-26,-0.000424802303314209,-0.03019815683364868,0.027011394500732422,0.057209502905607224
2021-04-29T00:00:00+00:00,2021-04-30T13:39:06.438644+00:00,2021-04-30T13:39:06.438644+00:00,NGM1@2021-05-26,-0.005934655666351318,-0.03677266836166382,0.023360729217529297,0.06013340875506401
2021-04-30T00:00:00+00:00,2021-05-03T13:19:40.229463+00:00,2021-05-03T13:19:40.229463+00:00,NGM1@2021-05-26,-0.0020380616188049316,-0.029841363430023193,0.024559497833251953,0.05440092086791992
2021-05-03T00:00:00+00:00,2021-05-04T13:24:09.794037+00:00,2021-05-04T13:24:09.794037+00:00,NGM1@2021-05-26,-0.0027924776077270508,-0.02975142002105713,0.024871230125427246,0.05462261289358139
2021-05-04T00:00:00+00:00,2021-05-05T13:19:29.836991+00:00,2021-05-05T13:19:29.836991+00:00,NGM1@2021-05-26,-0.0016096830368041992,-0.026631593704223633,0.024099111557006836,0.050730764865875244
2021-05-05T00:00:00+00:00,2021-05-06T13:22:50.772179+00:00,2021-05-06T13:22:50.772179+00:00,NGM1@2021-05-26,-0.0011452436447143555,-0.031021952629089355,0.02680802345275879,0.05782989412546158
2021-05-06T00:00:00+00:00,2021-05-07T13:27:26.203643+00:00,2021-05-07T13:27:26.203643+00:00,NGM1@2021-05-26,-0.0014178752899169922,-0.03092944622039795,0.02351391315460205,0.05444338917732239
2021-05-07T00:00:00+00:00,2021-05-10T14:09:40.225630+00:00,2021-05-10T14:09:40.225630+00:00,NGM1@2021-05-26,-0.002001166343688965,-0.03020554780960083,0.024150609970092773,0.05435621365904808
2021-05-10T00:00:00+00:00,2021-05-11T13:20:20.908673+00:00,2021-05-11T13:20:20.908673+00:00,NGM1@2021-05-26,-0.0009507536888122559,-0.030579030513763428,0.024569988250732422,0.05514909699559212
2021-05-11T00:00:00+00:00,2021-05-12T13:20:00.445073+00:00,2021-05-12T13:20:00.445073+00:00,NGM1@2021-05-26,-0.0023154616355895996,-0.031817853450775146,0.01964592933654785,0.05146380141377449
2021-05-12T00:00:00+00:00,2021-05-13T13:19:56.625934+00:00,2021-05-13T13:19:56.625934+00:00,NGM1@2021-05-26,-0.0004178285598754883,-0.031299054622650146,0.02631855010986328,0.057617634534835815
2021-05-13T00:00:00+00:00,2021-05-14T13:20:48.270431+00:00,2021-05-14T13:20:48.270431+00:00,NGM1@2021-05-26,9.250640869140625e-05,-0.02542257308959961,0.017311573028564453,0.04273410513997078
2021-05-14T00:00:00+00:00,2021-05-17T13:19:57.555512+00:00,2021-05-17T13:19:57.555512+00:00,NGM1@2021-05-26,0.0015246868133544922,-0.019984781742095947,0.014045000076293945,0.034029845148324966
2021-05-17T00:00:00+00:00,2021-05-18T13:20:18.615197+00:00,2021-05-18T13:20:18.615197+00:00,NGM1@2021-05-26,-0.0013034343719482422,-0.049174606800079346,0.04881620407104492,0.0979907289147377
2021-05-18T00:00:00+00:00,2021-05-19T13:52:15.961791+00:00,2021-05-19T13:52:15.961791+00:00,NGM1@2021-05-26,-0.003866136074066162,-0.036447346210479736,0.026111364364624023,0.06255867332220078
2021-05-19T00:00:00+00:00,2021-05-20T13:25:31.943110+00:00,2021-05-20T13:25:31.943110+00:00,NGM1@2021-05-26,0.001013636589050293,-0.025956809520721436,0.023997187614440918,0.04995400086045265
2021-05-20T00:00:00+00:00,2021-05-21T13:19:18.180767+00:00,2021-05-21T13:19:18.180767+00:00,NGM1@2021-05-26,0.0043756961822509766,-0.019718170166015625,0.02747058868408203,0.047188784927129745
2021-05-21T00:00:00+00:00,2021-05-24T14:59:34.362088+00:00,2021-05-24T14:59:34.362088+00:00,NGM1@2021-05-26,-0.00341951847076416,-0.025968194007873535,0.019306540489196777,0.045274753123521805
2021-05-24T00:00:00+00:00,2021-05-25T13:25:57.674582+00:00,2021-05-25T13:25:57.674582+00:00,NGM1@2021-05-26,-0.0010493993759155273,-0.02320963144302368,0.020723819732666016,0.043933458626270294
2021-05-25T00:00:00+00:00,2021-05-26T13:37:22.478278+00:00,2021-05-26T13:37:22.478278+00:00,NGM1@2021-05-26,-0.0034247636795043945,-0.02366483211517334,0.016056418418884277,0.0397212877869606
2021-05-26T00:00:00+00:00,2021-05-27T13:23:30.885939+00:00,2021-05-27T13:23:30.885939+00:00,NGN1@2021-06-28,-0.0030760765075683594,-0.0252535343170166,0.019850850105285645,0.045104432851076126
2021-05-27T00:00:00+00:00,2021-05-28T13:23:40.925638+00:00,2021-05-28T13:23:40.925638+00:00,NGN1@2021-06-28,-9.119510650634766e-06,-0.02345097064971924,0.023167729377746582,0.04661865159869194
2021-05-28T00:00:00+00:00,2021-06-01T14:04:33.935642+00:00,2021-06-01T14:04:33.935642+00:00,NGN1@2021-06-28,-0.0007560849189758301,-0.025146663188934326,0.023067474365234375,0.048214130103588104
2021-06-01T00:00:00+00:00,2021-06-02T13:19:48.719634+00:00,2021-06-02T13:19:48.719634+00:00,NGN1@2021-06-28,-0.00894254446029663,-0.03973829746246338,0.021977543830871582,0.06171584501862526
2021-06-02T00:00:00+00:00,2021-06-03T13:20:01.136972+00:00,2021-06-03T13:20:01.136972+00:00,NGN1@2021-06-28,-0.0049880146980285645,-0.034033238887786865,0.02384352684020996,0.05787678807973862
2021-06-03T00:00:00+00:00,2021-06-04T13:19:56.350986+00:00,2021-06-04T13:19:56.350986+00:00,NGN1@2021-06-28,-0.0013048052787780762,-0.0275765061378479,0.025182485580444336,0.05275902897119522
2021-06-04T00:00:00+00:00,2021-06-07T13:33:11.480676+00:00,2021-06-07T13:33:11.480676+00:00,NGN1@2021-06-28,-0.0036942362785339355,-0.03080850839614868,0.023126721382141113,0.053935181349515915
2021-06-07T00:00:00+00:00,2021-06-08T13:22:34.810841+00:00,2021-06-08T13:22:34.810841+00:00,NGN1@2021-06-28,-0.0022450685501098633,-0.025221586227416992,0.0179750919342041,0.04319671168923378
2021-06-08T00:00:00+00:00,2021-06-09T13:21:38.283466+00:00,2021-06-09T13:21:38.283466+00:00,NGN1@2021-06-28,-0.0025970935821533203,-0.03302735090255737,0.024179697036743164,0.05720711871981621
2021-06-09T00:00:00+00:00,2021-06-10T13:19:54.234006+00:00,2021-06-10T13:19:54.234006+00:00,NGN1@2021-06-28,-0.002012789249420166,-0.03103429079055786,0.021816611289978027,0.05285090208053589
2021-06-10T00:00:00+00:00,2021-06-11T13:21:17.340048+00:00,2021-06-11T13:21:17.340048+00:00,NGN1@2021-06-28,-0.003120720386505127,-0.031321048736572266,0.020440340042114258,0.051761362701654434
2021-06-11T00:00:00+00:00,2021-06-14T13:22:27.981310+00:00,2021-06-14T13:22:27.981310+00:00,NGN1@2021-06-28,-0.01628321409225464,-0.05535334348678589,0.023310422897338867,0.07866381108760834
2021-06-14T00:00:00+00:00,2021-06-15T13:39:28.325865+00:00,2021-06-15T13:39:28.325865+00:00,NGN1@2021-06-28,-0.014140009880065918,-0.05274003744125366,0.02461719512939453,0.0773572251200676
2021-06-15T00:00:00+00:00,2021-06-16T13:20:43.697026+00:00,2021-06-16T13:20:43.697026+00:00,NGN1@2021-06-28,-0.013813793659210205,-0.04044651985168457,0.014516949653625488,0.054963503032922745
2021-06-16T00:00:00+00:00,2021-06-17T13:20:14.358171+00:00,2021-06-17T13:20:14.358171+00:00,NGN1@2021-06-28,-0.007531702518463135,-0.03253912925720215,0.01782095432281494,0.05036007612943649
2021-06-17T00:00:00+00:00,2021-06-18T13:22:46.084036+00:00,2021-06-18T13:22:46.084036+00:00,NGN1@2021-06-28,-0.0027238130569458008,-0.02860027551651001,0.021296143531799316,0.049896396696567535
2021-06-18T00:00:00+00:00,2021-06-21T13:19:40.844001+00:00,2021-06-21T13:19:40.844001+00:00,NGN1@2021-06-28,-0.0009038448333740234,-0.025333166122436523,0.023183822631835938,0.04851695895195007
2021-06-21T00:00:00+00:00,2021-06-22T13:19:39.713186+00:00,2021-06-22T13:19:39.713186+00:00,NGN1@2021-06-28,-0.0017955899238586426,-0.024880707263946533,0.023825526237487793,0.04870627820491791
2021-06-22T00:00:00+00:00,2021-06-23T13:21:53.787600+00:00,2021-06-23T13:21:53.787600+00:00,NGN1@2021-06-28,-0.004342198371887207,-0.029944300651550293,0.02443516254425049,0.05437948927283287
2021-06-23T00:00:00+00:00,2021-06-24T13:19:30.209031+00:00,2021-06-24T13:19:30.209031+00:00,NGN1@2021-06-28,-0.008691251277923584,-0.03675341606140137,0.0149003267288208,0.05165378376841545
2021-06-24T00:00:00+00:00,2021-06-25T13:21:53.734496+00:00,2021-06-25T13:21:53.734496+00:00,NGN1@2021-06-28,-0.005805313587188721,-0.032613396644592285,0.02581334114074707,0.058426711708307266
2021-06-25T00:00:00+00:00,2021-06-28T13:24:27.375930+00:00,2021-06-28T13:24:27.375930+00:00,NGN1@2021-06-28,-0.0008448958396911621,-0.027107834815979004,0.02839505672454834,0.05550290271639824
2021-06-29T00:00:00+00:00,2021-06-30T13:19:35.600775+00:00,2021-06-30T13:19:35.600775+00:00,NGQ1@2021-07-28,0.008339166641235352,-0.02304929494857788,0.036592960357666016,0.05964227765798569
2021-06-30T00:00:00+00:00,2021-07-01T13:19:57.680564+00:00,2021-07-01T13:19:57.680564+00:00,NGQ1@2021-07-28,0.01111900806427002,-0.013123691082000732,0.03126871585845947,0.044392429292201996
2021-07-01T00:00:00+00:00,2021-07-02T13:20:06.837182+00:00,2021-07-02T13:20:06.837182+00:00,NGQ1@2021-07-28,0.004180192947387695,-0.01887458562850952,0.016770243644714355,0.03564478084445
2021-07-02T00:00:00+00:00,2021-07-06T13:27:12.983535+00:00,2021-07-06T13:27:12.983535+00:00,NGQ1@2021-07-28,0.008285164833068848,-0.023343205451965332,0.03656125068664551,0.059904471039772034
2021-07-06T00:00:00+00:00,2021-07-07T13:20:30.436576+00:00,2021-07-07T13:20:30.436576+00:00,NGQ1@2021-07-28,0.005474686622619629,-0.03098607063293457,0.03957319259643555,0.0705593079328537
2021-07-07T00:00:00+00:00,2021-07-08T14:11:21.209137+00:00,2021-07-08T14:11:21.209137+00:00,NGQ1@2021-07-28,0.004676342010498047,-0.03086644411087036,0.04068565368652344,0.07155216485261917
2021-07-08T00:00:00+00:00,2021-07-09T13:20:33.779384+00:00,2021-07-09T13:20:33.779384+00:00,NGQ1@2021-07-28,0.004842400550842285,-0.027480125427246094,0.03438293933868408,0.061863090842962265
2021-07-09T00:00:00+00:00,2021-07-12T13:20:03.385230+00:00,2021-07-12T13:20:03.385230+00:00,NGQ1@2021-07-28,0.005030512809753418,-0.034941256046295166,0.04155170917510986,0.07649297267198563
2021-07-12T00:00:00+00:00,2021-07-13T13:19:36.015351+00:00,2021-07-13T13:19:36.015351+00:00,NGQ1@2021-07-28,0.010849237442016602,-0.029870986938476562,0.04158186912536621,0.07145288586616516
2021-07-13T00:00:00+00:00,2021-07-14T13:21:53.365894+00:00,2021-07-14T13:21:53.365894+00:00,NGQ1@2021-07-28,0.008581280708312988,-0.026463449001312256,0.03818213939666748,0.06464562565088272
2021-07-14T00:00:00+00:00,2021-07-15T13:20:24.012496+00:00,2021-07-15T13:20:24.012496+00:00,NGQ1@2021-07-28,0.008765459060668945,-0.022499561309814453,0.03728985786437988,0.059789448976516724
2021-07-15T00:00:00+00:00,2021-07-16T13:20:14.982339+00:00,2021-07-16T13:20:14.982339+00:00,NGQ1@2021-07-28,0.005042314529418945,-0.023926854133605957,0.029253602027893066,0.05318047106266022
2021-07-16T00:00:00+00:00,2021-07-19T13:24:17.273264+00:00,2021-07-19T13:24:17.273264+00:00,NGQ1@2021-07-28,0.006193637847900391,-0.02406930923461914,0.0356595516204834,0.059728849679231644
2021-07-19T00:00:00+00:00,2021-07-20T13:20:08.748759+00:00,2021-07-20T13:20:08.748759+00:00,NGQ1@2021-07-28,0.009794831275939941,-0.028345763683319092,0.0452876091003418,0.07363342493772507
2021-07-20T00:00:00+00:00,2021-07-21T13:36:31.945988+00:00,2021-07-21T13:36:31.945988+00:00,NGQ1@2021-07-28,0.01339101791381836,-0.045759618282318115,0.06743288040161133,0.11319248378276825
2021-07-21T00:00:00+00:00,2021-07-22T13:21:47.251215+00:00,2021-07-22T13:21:47.251215+00:00,NGQ1@2021-07-28,0.021480321884155273,-0.03408932685852051,0.07270681858062744,0.10679610073566437
2021-07-22T00:00:00+00:00,2021-07-23T13:20:00.449094+00:00,2021-07-23T13:20:00.449094+00:00,NGQ1@2021-07-28,0.021489858627319336,-0.020164072513580322,0.04967343807220459,0.06983746588230133
2021-07-23T00:00:00+00:00,2021-07-26T13:19:34.483156+00:00,2021-07-26T13:19:34.483156+00:00,NGQ1@2021-07-28,0.02759873867034912,-0.01706564426422119,0.06527364253997803,0.08233926445245743
2021-07-26T00:00:00+00:00,2021-07-27T13:21:20.499169+00:00,2021-07-27T13:21:20.499169+00:00,NGQ1@2021-07-28,0.026297330856323242,0.0012596845626831055,0.05176377296447754,0.0505041666328907
2021-07-27T00:00:00+00:00,2021-07-28T13:22:29.610499+00:00,2021-07-28T13:22:29.610499+00:00,NGQ1@2021-07-28,0.009759068489074707,-0.02668130397796631,0.04098236560821533,0.06766368448734283
2021-07-28T00:00:00+00:00,2021-07-29T13:19:10.468401+00:00,2021-07-29T13:19:10.468401+00:00,NGU1@2021-08-27,0.009368896484375,-0.03197324275970459,0.048485398292541504,0.08045873045921326
2021-07-29T00:00:00+00:00,2021-07-30T13:31:03.751633+00:00,2021-07-30T13:31:03.751633+00:00,NGU1@2021-08-27,0.010257840156555176,-0.035748183727264404,0.04681825637817383,0.08256642520427704
2021-07-30T00:00:00+00:00,2021-08-02T13:20:35.673010+00:00,2021-08-02T13:20:35.673010+00:00,NGU1@2021-08-27,0.0038977861404418945,-0.053455352783203125,0.05281698703765869,0.10627231001853943
2021-08-02T00:00:00+00:00,2021-08-03T13:49:29.029571+00:00,2021-08-03T13:49:29.029571+00:00,NGU1@2021-08-27,0.0057343244552612305,-0.034620583057403564,0.041252732276916504,0.07587333768606186
2021-08-03T00:00:00+00:00,2021-08-04T13:22:20.209948+00:00,2021-08-04T13:22:20.209948+00:00,NGU1@2021-08-27,0.0014778375625610352,-0.03773963451385498,0.034017205238342285,0.07175683230161667
2021-08-04T00:00:00+00:00,2021-08-05T13:27:48.301779+00:00,2021-08-05T13:27:48.301779+00:00,NGU1@2021-08-27,0.0022106170654296875,-0.03732079267501831,0.049718499183654785,0.0870392918586731
2021-08-05T00:00:00+00:00,2021-08-06T13:44:23.412672+00:00,2021-08-06T13:44:23.412672+00:00,NGU1@2021-08-27,0.0031685829162597656,-0.029902398586273193,0.04365050792694092,0.0735529437661171
2021-08-06T00:00:00+00:00,2021-08-09T13:38:05.760619+00:00,2021-08-09T13:38:05.760619+00:00,NGU1@2021-08-27,0.007268548011779785,-0.03256934881210327,0.04907572269439697,0.08164512366056442
2021-08-09T00:00:00+00:00,2021-08-10T13:56:10.576037+00:00,2021-08-10T13:56:10.576037+00:00,NGU1@2021-08-27,0.009292364120483398,-0.03525906801223755,0.05329620838165283,0.0885552391409874
2021-08-10T00:00:00+00:00,2021-08-11T13:26:41.797365+00:00,2021-08-11T13:26:41.797365+00:00,NGU1@2021-08-27,0.0040476322174072266,-0.04445582628250122,0.053290486335754395,0.09774624556303024
2021-08-11T00:00:00+00:00,2021-08-12T13:21:49.905039+00:00,2021-08-12T13:21:49.905039+00:00,NGU1@2021-08-27,0.005084991455078125,-0.021364688873291016,0.02823007106781006,0.04959476366639137
2021-08-12T00:00:00+00:00,2021-08-13T13:22:09.682824+00:00,2021-08-13T13:22:09.682824+00:00,NGU1@2021-08-27,0.0005992650985717773,-0.028494417667388916,0.02272820472717285,0.05122259259223938
2021-08-13T00:00:00+00:00,2021-08-16T13:19:53.809675+00:00,2021-08-16T13:19:53.809675+00:00,NGU1@2021-08-27,0.0037175416946411133,-0.029416143894195557,0.04160940647125244,0.07102558016777039
2021-08-16T00:00:00+00:00,2021-08-17T14:06:34.283214+00:00,2021-08-17T14:06:34.283214+00:00,NGU1@2021-08-27,0.0055217742919921875,-0.019936203956604004,0.027436375617980957,0.04737260937690735
2021-08-17T00:00:00+00:00,2021-08-18T13:31:38.645231+00:00,2021-08-18T13:31:38.645231+00:00,NGU1@2021-08-27,-0.0018620491027832031,-0.03351503610610962,0.02317178249359131,0.0566868931055069
2021-08-18T00:00:00+00:00,2021-08-19T13:23:09.155632+00:00,2021-08-19T13:23:09.155632+00:00,NGU1@2021-08-27,0.00016367435455322266,-0.027800142765045166,0.013363003730773926,0.041163165122270584
2021-08-19T00:00:00+00:00,2021-08-20T13:20:44.690957+00:00,2021-08-20T13:20:44.690957+00:00,NGU1@2021-08-27,-0.0028944015502929688,-0.03587913513183594,0.014272570610046387,0.05015169084072113
2021-08-20T00:00:00+00:00,2021-08-23T13:20:52.393011+00:00,2021-08-23T13:20:52.393011+00:00,NGU1@2021-08-27,-0.0014600753784179688,-0.037138938903808594,0.02052438259124756,0.057663366198539734
2021-08-23T00:00:00+00:00,2021-08-24T13:20:44.188027+00:00,2021-08-24T13:20:44.188027+00:00,NGU1@2021-08-27,0.006143927574157715,-0.024718940258026123,0.0260465145111084,0.05076545104384422
2021-08-24T00:00:00+00:00,2021-08-25T13:24:27.572673+00:00,2021-08-25T13:24:27.572673+00:00,NGU1@2021-08-27,0.008098602294921875,-0.02162301540374756,0.025563955307006836,0.04718692973256111
2021-08-25T00:00:00+00:00,2021-08-26T13:20:18.998836+00:00,2021-08-26T13:20:18.998836+00:00,NGU1@2021-08-27,0.006381392478942871,-0.01945096254348755,0.019370198249816895,0.03882111608982086
2021-08-26T00:00:00+00:00,2021-08-27T13:20:53.247828+00:00,2021-08-27T13:20:53.247828+00:00,NGV1@2021-09-28,-0.007794857025146484,-0.04199177026748657,0.024410724639892578,0.06640254706144333
2021-08-27T00:00:00+00:00,2021-08-30T13:21:41.642454+00:00,2021-08-30T13:21:41.642454+00:00,NGV1@2021-09-28,-0.001953721046447754,-0.031762897968292236,0.029992103576660156,0.0617549754679203
2021-08-30T00:00:00+00:00,2021-08-31T13:20:24.952165+00:00,2021-08-31T13:20:24.952165+00:00,NGV1@2021-09-28,-0.00707632303237915,-0.03894168138504028,0.026076197624206543,0.06501788645982742
2021-08-31T00:00:00+00:00,2021-09-01T13:20:11.391758+00:00,2021-09-01T13:20:11.391758+00:00,NGV1@2021-09-28,-0.0027055740356445312,-0.03858417272567749,0.039698243141174316,0.07828234881162643
2021-09-01T00:00:00+00:00,2021-09-02T13:21:36.603207+00:00,2021-09-02T13:21:36.603207+00:00,NGV1@2021-09-28,-0.01348048448562622,-0.05115044116973877,0.04381513595581055,0.09496551007032394
2021-09-02T00:00:00+00:00,2021-09-03T13:21:09.804166+00:00,2021-09-03T13:21:09.804166+00:00,NGV1@2021-09-28,-0.004109799861907959,-0.03126370906829834,0.03990471363067627,0.0711684376001358
2021-09-03T00:00:00+00:00,2021-09-07T13:20:49.345217+00:00,2021-09-07T13:20:49.345217+00:00,NGV1@2021-09-28,0.00427556037902832,-0.02596282958984375,0.047045111656188965,0.07300789654254913
2021-09-07T00:00:00+00:00,2021-09-08T13:20:01.903442+00:00,2021-09-08T13:20:01.903442+00:00,NGV1@2021-09-28,-0.004130363464355469,-0.043183326721191406,0.03758513927459717,0.08076847344636917
2021-09-08T00:00:00+00:00,2021-09-09T13:38:10.503319+00:00,2021-09-09T13:38:10.503319+00:00,NGV1@2021-09-28,0.0009545087814331055,-0.037292659282684326,0.05600583553314209,0.0932985171675682
2021-09-09T00:00:00+00:00,2021-09-10T13:24:56.455226+00:00,2021-09-10T13:24:56.455226+00:00,NGV1@2021-09-28,0.006649613380432129,-0.02279597520828247,0.05452370643615723,0.07731965184211731
2021-09-10T00:00:00+00:00,2021-09-13T13:31:47.934211+00:00,2021-09-13T13:31:47.934211+00:00,NGV1@2021-09-28,0.007798552513122559,-0.018751442432403564,0.04886221885681152,0.0676136314868927
2021-09-13T00:00:00+00:00,2021-09-14T13:27:09.151471+00:00,2021-09-14T13:27:09.151471+00:00,NGV1@2021-09-28,-0.006685495376586914,-0.03298807144165039,0.0389326810836792,0.0719207376241684
2021-09-14T00:00:00+00:00,2021-09-15T13:23:11.364286+00:00,2021-09-15T13:23:11.364286+00:00,NGV1@2021-09-28,-0.011692583560943604,-0.04012858867645264,0.04503977298736572,0.08516836911439896
2021-09-15T00:00:00+00:00,2021-09-16T13:20:15.654622+00:00,2021-09-16T13:20:15.654622+00:00,NGV1@2021-09-28,0.0072966814041137695,-0.020724356174468994,0.06311118602752686,0.08383557200431824
2021-09-16T00:00:00+00:00,2021-09-17T13:32:05.502042+00:00,2021-09-17T13:32:05.502042+00:00,NGV1@2021-09-28,-0.0017913579940795898,-0.02746361494064331,0.05024862289428711,0.07771220803260803
2021-09-17T00:00:00+00:00,2021-09-20T13:21:18.212433+00:00,2021-09-20T13:21:18.212433+00:00,NGV1@2021-09-28,-0.010228991508483887,-0.06615358591079712,0.06719398498535156,0.13334758579730988
2021-09-20T00:00:00+00:00,2021-09-21T13:22:10.411667+00:00,2021-09-21T13:22:10.411667+00:00,NGV1@2021-09-28,-0.004526674747467041,-0.050344228744506836,0.04728543758392334,0.09762965887784958
2021-09-21T00:00:00+00:00,2021-09-22T13:27:24.565950+00:00,2021-09-22T13:27:24.565950+00:00,NGV1@2021-09-28,-0.0043787360191345215,-0.054861485958099365,0.04239392280578613,0.09725543111562729
2021-09-22T00:00:00+00:00,2021-09-23T13:21:05.890539+00:00,2021-09-23T13:21:05.890539+00:00,NGV1@2021-09-28,0.0008171796798706055,-0.046125590801239014,0.054009199142456055,0.10013481229543686
2021-09-23T00:00:00+00:00,2021-09-24T13:23:48.736587+00:00,2021-09-24T13:23:48.736587+00:00,NGV1@2021-09-28,-0.0016213059425354004,-0.03712373971939087,0.037719011306762695,0.07484273612499237
2021-09-24T00:00:00+00:00,2021-09-27T13:40:35.886056+00:00,2021-09-27T13:40:35.886056+00:00,NGV1@2021-09-28,0.0006862878799438477,-0.03781551122665405,0.046872496604919434,0.08468794822692871
2021-09-27T00:00:00+00:00,2021-09-28T13:44:34.018290+00:00,2021-09-28T13:44:34.018290+00:00,NGV1@2021-09-28,-0.0015021562576293945,-0.03681480884552002,0.038121700286865234,0.07493647187948227
2021-09-29T00:00:00+00:00,2021-09-30T13:19:21.122535+00:00,2021-09-30T13:19:21.122535+00:00,NGX1@2021-10-27,0.0022286176681518555,-0.051734864711761475,0.06790804862976074,0.11964293569326401
2021-09-30T00:00:00+00:00,2021-10-01T13:20:42.852006+00:00,2021-10-01T13:20:42.852006+00:00,NGX1@2021-10-27,-0.0028258562088012695,-0.05402255058288574,0.06226217746734619,0.11628470569849014
2021-10-01T00:00:00+00:00,2021-10-04T13:22:45.091381+00:00,2021-10-04T13:22:45.091381+00:00,NGX1@2021-10-27,0.005581021308898926,-0.06725543737411499,0.08170044422149658,0.1489558219909668
2021-10-04T00:00:00+00:00,2021-10-05T13:20:15.062222+00:00,2021-10-05T13:20:15.062222+00:00,NGX1@2021-10-27,-0.004809737205505371,-0.07264018058776855,0.06988108158111572,0.1425212174654007
2021-10-05T00:00:00+00:00,2021-10-06T13:54:58.889257+00:00,2021-10-06T13:54:58.889257+00:00,NGX1@2021-10-27,-0.023622095584869385,-0.10608458518981934,0.07166635990142822,0.1777508705854416
2021-10-06T00:00:00+00:00,2021-10-07T13:20:41.428733+00:00,2021-10-07T13:20:41.428733+00:00,NGX1@2021-10-27,0.012441277503967285,-0.07119542360305786,0.10746252536773682,0.17865797877311707
2021-10-07T00:00:00+00:00,2021-10-08T13:27:30.716700+00:00,2021-10-08T13:27:30.716700+00:00,NGX1@2021-10-27,0.011333823204040527,-0.06492882966995239,0.09848880767822266,0.16341765224933624
2021-10-08T00:00:00+00:00,2021-10-11T13:25:11.445861+00:00,2021-10-11T13:25:11.445861+00:00,NGX1@2021-10-27,0.00713658332824707,-0.056934356689453125,0.09472775459289551,0.15166206657886505
2021-10-11T00:00:00+00:00,2021-10-12T13:21:18.853313+00:00,2021-10-12T13:21:18.853313+00:00,NGX1@2021-10-27,0.011896133422851562,-0.04689675569534302,0.09305381774902344,0.13995060324668884
2021-10-12T00:00:00+00:00,2021-10-13T13:34:30.573899+00:00,2021-10-13T13:34:30.573899+00:00,NGX1@2021-10-27,0.0003495216369628906,-0.04627591371536255,0.08887290954589844,0.1351488083600998
2021-10-13T00:00:00+00:00,2021-10-14T13:20:52.807428+00:00,2021-10-14T13:20:52.807428+00:00,NGX1@2021-10-27,0.0029900074005126953,-0.03847092390060425,0.078377366065979,0.11684830486774445
2021-10-14T00:00:00+00:00,2021-10-15T13:21:19.459890+00:00,2021-10-15T13:21:19.459890+00:00,NGX1@2021-10-27,0.004529118537902832,-0.0291517972946167,0.07481622695922852,0.10396803170442581
2021-10-15T00:00:00+00:00,2021-10-18T13:27:15.795090+00:00,2021-10-18T13:27:15.795090+00:00,NGX1@2021-10-27,0.012297272682189941,-0.048410892486572266,0.11451089382171631,0.16292177140712738
2021-10-18T00:00:00+00:00,2021-10-19T13:20:05.623714+00:00,2021-10-19T13:20:05.623714+00:00,NGX1@2021-10-27,0.0149155855178833,-0.0639151930809021,0.1190112829208374,0.1829264611005783
2021-10-19T00:00:00+00:00,2021-10-20T13:47:36.677233+00:00,2021-10-20T13:47:36.677233+00:00,NGX1@2021-10-27,0.011878728866577148,-0.05711406469345093,0.10844194889068604,0.16555602848529816
2021-10-20T00:00:00+00:00,2021-10-21T13:22:49.564369+00:00,2021-10-21T13:22:49.564369+00:00,NGX1@2021-10-27,0.0062046051025390625,-0.046665191650390625,0.07481682300567627,0.12148196250200272
2021-10-21T00:00:00+00:00,2021-10-22T13:32:29.763197+00:00,2021-10-22T13:32:29.763197+00:00,NGX1@2021-10-27,-4.112720489501953e-06,-0.05170893669128418,0.08282077312469482,0.134529709815979
2021-10-22T00:00:00+00:00,2021-10-25T13:22:46.624120+00:00,2021-10-25T13:22:46.624120+00:00,NGX1@2021-10-27,-0.0029441118240356445,-0.06324511766433716,0.07125842571258545,0.1345035582780838
2021-10-25T00:00:00+00:00,2021-10-26T13:21:06.978613+00:00,2021-10-26T13:21:06.978613+00:00,NGX1@2021-10-27,-0.005629777908325195,-0.09199583530426025,0.09815049171447754,0.1901462972164154
2021-10-26T00:00:00+00:00,2021-10-27T13:42:03.996093+00:00,2021-10-27T13:42:03.996093+00:00,NGX1@2021-10-27,-0.005639195442199707,-0.08968186378479004,0.0953679084777832,0.18504978716373444
2021-10-27T00:00:00+00:00,2021-10-28T13:24:50.493153+00:00,2021-10-28T13:24:50.493153+00:00,NGZ1@2021-11-26,0.012352585792541504,-0.07163494825363159,0.10890734195709229,0.18054233491420746
2021-10-28T00:00:00+00:00,2021-10-29T13:26:30.714213+00:00,2021-10-29T13:26:30.714213+00:00,NGZ1@2021-11-26,0.009077310562133789,-0.07150799036026001,0.10647106170654297,0.1779790073633194
2021-10-29T00:00:00+00:00,2021-11-01T13:20:36.633595+00:00,2021-11-01T13:20:36.633595+00:00,NGZ1@2021-11-26,0.007380127906799316,-0.0690428614616394,0.1090097427368164,0.178052619099617
2021-11-01T00:00:00+00:00,2021-11-02T13:20:17.070567+00:00,2021-11-02T13:20:17.070567+00:00,NGZ1@2021-11-26,-0.003077566623687744,-0.06418931484222412,0.10562002658843994,0.16980938613414764
2021-11-02T00:00:00+00:00,2021-11-03T13:22:11.912336+00:00,2021-11-03T13:22:11.912336+00:00,NGZ1@2021-11-26,0.012620687484741211,-0.06511545181274414,0.1418694257736206,0.20698484778404236
2021-11-03T00:00:00+00:00,2021-11-04T13:20:33.233337+00:00,2021-11-04T13:20:33.233337+00:00,NGZ1@2021-11-26,0.008163928985595703,-0.0718088150024414,0.10946094989776611,0.18126976490020752
2021-11-04T00:00:00+00:00,2021-11-05T13:25:13.291234+00:00,2021-11-05T13:25:13.291234+00:00,NGZ1@2021-11-26,1.430511474609375e-06,-0.07700151205062866,0.09937584400177002,0.17637735605239868
2021-11-05T00:00:00+00:00,2021-11-08T14:21:48.471927+00:00,2021-11-08T14:21:48.471927+00:00,NGZ1@2021-11-26,-0.002189159393310547,-0.06491661071777344,0.08018136024475098,0.14509794116020203
2021-11-08T00:00:00+00:00,2021-11-09T14:20:58.626129+00:00,2021-11-09T14:20:58.626129+00:00,NGZ1@2021-11-26,0.00309145450592041,-0.0626649260520935,0.07414674758911133,0.13681167364120483
2021-11-09T00:00:00+00:00,2021-11-10T14:20:40.789054+00:00,2021-11-10T14:20:40.789054+00:00,NGZ1@2021-11-26,-0.012960612773895264,-0.07112526893615723,0.07118618488311768,0.14231142401695251
2021-11-10T00:00:00+00:00,2021-11-11T14:31:05.205818+00:00,2021-11-11T14:31:05.205818+00:00,NGZ1@2021-11-26,-0.00460129976272583,-0.06812536716461182,0.08078861236572266,0.14891399443149567
2021-11-11T00:00:00+00:00,2021-11-12T14:25:09.186439+00:00,2021-11-12T14:25:09.186439+00:00,NGZ1@2021-11-26,0.013850808143615723,-0.05321240425109863,0.0964653491973877,0.14967769384384155
2021-11-12T00:00:00+00:00,2021-11-15T14:21:16.372200+00:00,2021-11-15T14:21:16.372200+00:00,NGZ1@2021-11-26,-5.662441253662109e-06,-0.0765412449836731,0.09186363220214844,0.1684049367904663
2021-11-15T00:00:00+00:00,2021-11-16T14:22:50.896797+00:00,2021-11-16T14:22:50.896797+00:00,NGZ1@2021-11-26,0.010995030403137207,-0.06820470094680786,0.11271524429321289,0.18092001974582672
2021-11-16T00:00:00+00:00,2021-11-17T14:23:36.185932+00:00,2021-11-17T14:23:36.185932+00:00,NGZ1@2021-11-26,0.0026396512985229492,-0.08272546529769897,0.10569524765014648,0.18842077255249023
2021-11-17T00:00:00+00:00,2021-11-18T14:19:38.027019+00:00,2021-11-18T14:19:38.027019+00:00,NGZ1@2021-11-26,-0.003444969654083252,-0.07604086399078369,0.06588566303253174,0.1419265866279602
2021-11-18T00:00:00+00:00,2021-11-19T14:22:59.772366+00:00,2021-11-19T14:22:59.772366+00:00,NGZ1@2021-11-26,0.014347314834594727,-0.046971678733825684,0.06196999549865723,0.10894162952899933
2021-11-23T00:00:00+00:00,2021-11-24T14:36:44.797013+00:00,2021-11-24T14:36:44.797013+00:00,NGZ1@2021-11-26,0.005544304847717285,-0.06393921375274658,0.06868112087249756,0.13262034952640533
2021-11-24T00:00:00+00:00,2021-11-26T14:25:50.794275+00:00,2021-11-26T14:25:50.794275+00:00,NGZ1@2021-11-26,-0.0015555620193481445,-0.05891525745391846,0.0465543270111084,0.10546964406967163
2021-11-26T00:00:00+00:00,2021-11-29T14:21:29.305030+00:00,2021-11-29T14:21:29.305030+00:00,NGF2@2021-12-29,-0.013268828392028809,-0.08542853593826294,0.05364096164703369,0.13906945288181305
2021-11-29T00:00:00+00:00,2021-11-30T14:38:32.475174+00:00,2021-11-30T14:38:32.475174+00:00,NGF2@2021-12-29,0.008254528045654297,-0.06507992744445801,0.0778663158416748,0.14294622838497162
2021-11-30T00:00:00+00:00,2021-12-01T14:20:25.304601+00:00,2021-12-01T14:20:25.304601+00:00,NGF2@2021-12-29,0.006892800331115723,-0.06403177976608276,0.07235550880432129,0.13638733327388763
2021-12-01T00:00:00+00:00,2021-12-02T14:39:24.135393+00:00,2021-12-02T14:39:24.135393+00:00,NGF2@2021-12-29,-0.0031426548957824707,-0.09311026334762573,0.08770573139190674,0.1808159202337265
2021-12-02T00:00:00+00:00,2021-12-03T14:19:33.698390+00:00,2021-12-03T14:19:33.698390+00:00,NGF2@2021-12-29,-0.00746530294418335,-0.0849531888961792,0.0806431770324707,0.1655963957309723
2021-12-03T00:00:00+00:00,2021-12-06T14:38:36.594139+00:00,2021-12-06T14:38:36.594139+00:00,NGF2@2021-12-29,-0.00498807430267334,-0.07161682844161987,0.06779813766479492,0.139414981007576
2021-12-06T00:00:00+00:00,2021-12-07T14:21:28.305483+00:00,2021-12-07T14:21:28.305483+00:00,NGF2@2021-12-29,0.008933305740356445,-0.060581982135772705,0.09319615364074707,0.1537780910730362
2021-12-07T00:00:00+00:00,2021-12-08T14:22:16.084136+00:00,2021-12-08T14:22:16.084136+00:00,NGF2@2021-12-29,0.008352518081665039,-0.0701296329498291,0.08873295783996582,0.15886259078979492
2021-12-08T00:00:00+00:00,2021-12-09T14:55:06.578158+00:00,2021-12-09T14:55:06.578158+00:00,NGF2@2021-12-29,0.012030601501464844,-0.08751267194747925,0.10673069953918457,0.19424332678318024
2021-12-09T00:00:00+00:00,2021-12-10T14:24:04.410869+00:00,2021-12-10T14:24:04.410869+00:00,NGF2@2021-12-29,0.014191508293151855,-0.05671817064285278,0.10571587085723877,0.16243407130241394
2021-12-10T00:00:00+00:00,2021-12-13T14:23:47.657026+00:00,2021-12-13T14:23:47.657026+00:00,NGF2@2021-12-29,0.0009717941284179688,-0.06464141607284546,0.1010293960571289,0.16567084193229675
2021-12-13T00:00:00+00:00,2021-12-14T14:26:16.323667+00:00,2021-12-14T14:26:16.323667+00:00,NGF2@2021-12-29,0.0058553218841552734,-0.07244318723678589,0.07153379917144775,0.14397698640823364
2021-12-14T00:00:00+00:00,2021-12-15T14:25:19.833081+00:00,2021-12-15T14:25:19.833081+00:00,NGF2@2021-12-29,0.004517674446105957,-0.04505181312561035,0.09451675415039062,0.13956859707832336
2021-12-15T00:00:00+00:00,2021-12-16T14:20:27.991800+00:00,2021-12-16T14:20:27.991800+00:00,NGF2@2021-12-29,-0.0003879666328430176,-0.039396703243255615,0.07239770889282227,0.11179441958665848
2021-12-16T00:00:00+00:00,2021-12-17T14:25:39.074699+00:00,2021-12-17T14:25:39.074699+00:00,NGF2@2021-12-29,0.002040266990661621,-0.03184473514556885,0.06428158283233643,0.0961262434720993
2021-12-17T00:00:00+00:00,2021-12-20T14:22:18.373466+00:00,2021-12-20T14:22:18.373466+00:00,NGF2@2021-12-29,-0.0016269087791442871,-0.02956700325012207,0.05349302291870117,0.08306005597114563
2021-12-20T00:00:00+00:00,2021-12-21T14:23:04.479677+00:00,2021-12-21T14:23:04.479677+00:00,NGF2@2021-12-29,-0.009768128395080566,-0.0615004301071167,0.0641624927520752,0.1256628781557083
2021-12-21T00:00:00+00:00,2021-12-22T14:19:51.245322+00:00,2021-12-22T14:19:51.245322+00:00,NGF2@2021-12-29,-0.016876399517059326,-0.07373565435409546,0.0734715461730957,0.14720717072486877
2021-12-22T00:00:00+00:00,2021-12-23T14:19:54.404835+00:00,2021-12-23T14:19:54.404835+00:00,NGF2@2021-12-29,-0.017031073570251465,-0.06724554300308228,0.07144200801849365,0.1386875957250595
2021-12-23T00:00:00+00:00,2021-12-27T14:19:46.929834+00:00,2021-12-27T14:19:46.929834+00:00,NGF2@2021-12-29,0.0033797025680541992,-0.045994579792022705,0.07751011848449707,0.12350472062826157
2021-12-27T00:00:00+00:00,2021-12-28T14:27:10.965739+00:00,2021-12-28T14:27:10.965739+00:00,NGF2@2021-12-29,-0.03266465663909912,-0.07982438802719116,0.050060272216796875,0.12988463044166565
2021-12-28T00:00:00+00:00,2021-12-29T14:23:36.925412+00:00,2021-12-29T14:23:36.925412+00:00,NGF2@2021-12-29,-0.020671069622039795,-0.0677991509437561,0.0626366138458252,0.1304357796907425
2021-12-29T00:00:00+00:00,2021-12-30T14:21:47.053527+00:00,2021-12-30T14:21:47.053527+00:00,NGG2@2022-01-27,-0.014055430889129639,-0.05922281742095947,0.06412374973297119,0.12334650754928589
2021-12-30T00:00:00+00:00,2021-12-31T14:22:09.221787+00:00,2021-12-31T14:22:09.221787+00:00,NGG2@2022-01-27,0.015155315399169922,-0.021383047103881836,0.09224498271942139,0.11362797766923904
2021-12-31T00:00:00+00:00,2022-01-03T14:20:49.180943+00:00,2022-01-03T14:20:49.180943+00:00,NGG2@2022-01-27,-0.00853663682937622,-0.061520278453826904,0.08143496513366699,0.14295527338981628
2022-01-03T00:00:00+00:00,2022-01-04T14:44:16.429817+00:00,2022-01-04T14:44:16.429817+00:00,NGG2@2022-01-27,-0.012346088886260986,-0.06220346689224243,0.07607722282409668,0.13828064501285553
2022-01-04T00:00:00+00:00,2022-01-05T14:19:41.399847+00:00,2022-01-05T14:19:41.399847+00:00,NGG2@2022-01-27,0.0003669261932373047,-0.056743741035461426,0.09020698070526123,0.14695076644420624
2022-01-05T00:00:00+00:00,2022-01-06T14:20:51.375338+00:00,2022-01-06T14:20:51.375338+00:00,NGG2@2022-01-27,-0.015525758266448975,-0.07531845569610596,0.06871068477630615,0.14402920007705688
2022-01-06T00:00:00+00:00,2022-01-07T14:20:33.492123+00:00,2022-01-07T14:20:33.492123+00:00,NGG2@2022-01-27,-0.003039538860321045,-0.052929461002349854,0.07756316661834717,0.13049264252185822
2022-01-07T00:00:00+00:00,2022-01-10T14:25:58.049370+00:00,2022-01-10T14:25:58.049370+00:00,NGG2@2022-01-27,-0.010098397731781006,-0.0660696029663086,0.07342374324798584,0.13949337601661682
2022-01-10T00:00:00+00:00,2022-01-11T14:31:13.742636+00:00,2022-01-11T14:31:13.742636+00:00,NGG2@2022-01-27,-0.017960965633392334,-0.08099830150604248,0.0712578296661377,0.15225619077682495
2022-01-11T00:00:00+00:00,2022-01-12T14:57:17.237015+00:00,2022-01-12T14:57:17.237015+00:00,NGG2@2022-01-27,-0.013360559940338135,-0.09752994775772095,0.09822404384613037,0.1957540512084961
2022-01-12T00:00:00+00:00,2022-01-13T14:38:23.254380+00:00,2022-01-13T14:38:23.254380+00:00,NGG2@2022-01-27,-0.023211300373077393,-0.12127125263214111,0.10783529281616211,0.22910656034946442
2022-01-13T00:00:00+00:00,2022-01-14T14:32:11.611166+00:00,2022-01-14T14:32:11.611166+00:00,NGG2@2022-01-27,-0.010283946990966797,-0.10149788856506348,0.10286891460418701,0.20436681807041168
2022-01-14T00:00:00+00:00,2022-01-18T14:20:03.852899+00:00,2022-01-18T14:20:03.852899+00:00,NGG2@2022-01-27,-0.007383584976196289,-0.0804595947265625,0.07348620891571045,0.15394578874111176
2022-01-18T00:00:00+00:00,2022-01-19T14:20:27.539057+00:00,2022-01-19T14:20:27.539057+00:00,NGG2@2022-01-27,-0.005352199077606201,-0.07203418016433716,0.06537139415740967,0.1374056488275528
2022-01-19T00:00:00+00:00,2022-01-20T14:22:10.568429+00:00,2022-01-20T14:22:10.568429+00:00,NGG2@2022-01-27,0.0001373291015625,-0.06784921884536743,0.08826935291290283,0.15611861646175385
2022-01-20T00:00:00+00:00,2022-01-21T14:23:48.316412+00:00,2022-01-21T14:23:48.316412+00:00,NGG2@2022-01-27,-0.0010464191436767578,-0.05609697103500366,0.0806206464767456,0.1367175579071045
2022-01-24T00:00:00+00:00,2022-01-25T14:38:31.741917+00:00,2022-01-25T14:38:31.741917+00:00,NGG2@2022-01-27,-0.012590229511260986,-0.06655138731002808,0.06007730960845947,0.12662874162197113
2022-01-25T00:00:00+00:00,2022-01-26T14:21:07.083375+00:00,2022-01-26T14:21:07.083375+00:00,NGG2@2022-01-27,-0.0012108683586120605,-0.058410465717315674,0.07398998737335205,0.1324004977941513
2022-01-26T00:00:00+00:00,2022-01-27T14:22:19.522887+00:00,2022-01-27T14:22:19.522887+00:00,NGH2@2022-02-24,-0.009294748306274414,-0.05790179967880249,0.0548778772354126,0.11277967691421509
2022-01-27T00:00:00+00:00,2022-01-28T14:24:13.107703+00:00,2022-01-28T14:24:13.107703+00:00,NGH2@2022-02-24,-0.020286142826080322,-0.08940678834915161,0.05227518081665039,0.1416819840669632
2022-01-28T00:00:00+00:00,2022-01-31T14:25:55.895194+00:00,2022-01-31T14:25:55.895194+00:00,NGH2@2022-02-24,-0.0082322359085083,-0.09377586841583252,0.08042705059051514,0.17420293390750885
2022-01-31T00:00:00+00:00,2022-02-01T14:21:16.907181+00:00,2022-02-01T14:21:16.907181+00:00,NGH2@2022-02-24,0.010341167449951172,-0.0752754807472229,0.10875880718231201,0.1840342879295349
2022-02-01T00:00:00+00:00,2022-02-02T14:25:50.468530+00:00,2022-02-02T14:25:50.468530+00:00,NGH2@2022-02-24,0.0043735504150390625,-0.06742644309997559,0.08716738224029541,0.1545937955379486
2022-02-02T00:00:00+00:00,2022-02-03T14:20:03.748569+00:00,2022-02-03T14:20:03.748569+00:00,NGH2@2022-02-24,-0.01769322156906128,-0.11660617589950562,0.10763943195343018,0.2242455631494522
2022-02-03T00:00:00+00:00,2022-02-04T14:22:23.073871+00:00,2022-02-04T14:22:23.073871+00:00,NGH2@2022-02-24,0.012678384780883789,-0.06709402799606323,0.10604274272918701,0.17313675582408905
2022-02-04T00:00:00+00:00,2022-02-07T14:20:42.716560+00:00,2022-02-07T14:20:42.716560+00:00,NGH2@2022-02-24,0.01488804817199707,-0.06829607486724854,0.12135374546051025,0.18964987993240356
2022-02-07T00:00:00+00:00,2022-02-08T14:31:55.497323+00:00,2022-02-08T14:31:55.497323+00:00,NGH2@2022-02-24,-0.003589332103729248,-0.07866984605789185,0.09722697734832764,0.17589686810970306
2022-02-08T00:00:00+00:00,2022-02-09T14:19:49.585935+00:00,2022-02-09T14:19:49.585935+00:00,NGH2@2022-02-24,-0.01692044734954834,-0.07938706874847412,0.05848860740661621,0.13787569105625153
2022-02-09T00:00:00+00:00,2022-02-10T14:25:08.578532+00:00,2022-02-10T14:25:08.578532+00:00,NGH2@2022-02-24,-0.010447084903717041,-0.07078969478607178,0.06808269023895264,0.13887237012386322
2022-02-10T00:00:00+00:00,2022-02-11T14:25:26.404495+00:00,2022-02-11T14:25:26.404495+00:00,NGH2@2022-02-24,-0.01383829116821289,-0.07006752490997314,0.07255041599273682,0.14261797070503235
2022-02-11T00:00:00+00:00,2022-02-14T14:20:57.718057+00:00,2022-02-14T14:20:57.718057+00:00,NGH2@2022-02-24,-0.013129651546478271,-0.06313031911849976,0.06281518936157227,0.1259455680847168
2022-02-14T00:00:00+00:00,2022-02-15T14:24:56.238773+00:00,2022-02-15T14:24:56.238773+00:00,NGH2@2022-02-24,-0.0066620707511901855,-0.06322890520095825,0.08012211322784424,0.14335104823112488
2022-02-15T00:00:00+00:00,2022-02-16T14:21:47.436585+00:00,2022-02-16T14:21:47.436585+00:00,NGH2@2022-02-24,0.000489354133605957,-0.05906182527542114,0.08910131454467773,0.14816312491893768
2022-02-16T00:00:00+00:00,2022-02-17T14:20:02.286760+00:00,2022-02-17T14:20:02.286760+00:00,NGH2@2022-02-24,0.01572704315185547,-0.0655595064163208,0.11221599578857422,0.1777755469083786
2022-02-17T00:00:00+00:00,2022-02-18T14:22:13.925244+00:00,2022-02-18T14:22:13.925244+00:00,NGH2@2022-02-24,-0.009393692016601562,-0.08244788646697998,0.07915759086608887,0.16160549223423004
2022-02-18T00:00:00+00:00,2022-02-22T14:50:15.761687+00:00,2022-02-22T14:50:15.761687+00:00,NGH2@2022-02-24,-0.015241265296936035,-0.07032203674316406,0.06306684017181396,0.13338881731033325
2022-02-22T00:00:00+00:00,2022-02-23T14:20:01.056557+00:00,2022-02-23T14:20:01.056557+00:00,NGH2@2022-02-24,-0.002028524875640869,-0.05172079801559448,0.06854438781738281,0.12026526033878326
2022-02-23T00:00:00+00:00,2022-02-24T14:20:22.104610+00:00,2022-02-24T14:20:22.104610+00:00,NGH2@2022-02-24,-0.007684171199798584,-0.06543880701065063,0.06289732456207275,0.1283361315727234
2022-02-24T00:00:00+00:00,2022-02-25T15:11:28.964245+00:00,2022-02-25T15:11:28.964245+00:00,NGJ2@2022-03-29,-0.008754730224609375,-0.04975229501724243,0.04221665859222412,0.09196895360946655
2022-02-25T00:00:00+00:00,2022-02-28T14:36:21.148173+00:00,2022-02-28T14:36:21.148173+00:00,NGJ2@2022-03-29,-0.001556396484375,-0.03938758373260498,0.05356740951538086,0.09295497834682465
2022-02-28T00:00:00+00:00,2022-03-01T14:22:09.830213+00:00,2022-03-01T14:22:09.830213+00:00,NGJ2@2022-03-29,-0.0058304667472839355,-0.044005393981933594,0.05060136318206787,0.09460678696632385
2022-03-01T00:00:00+00:00,2022-03-02T14:43:50.663208+00:00,2022-03-02T14:43:50.663208+00:00,NGJ2@2022-03-29,-0.015178918838500977,-0.05352747440338135,0.04231667518615723,0.09584416449069977
2022-03-02T00:00:00+00:00,2022-03-03T15:01:07.169270+00:00,2022-03-03T15:01:07.169270+00:00,NGJ2@2022-03-29,-0.016720235347747803,-0.06746774911880493,0.04623913764953613,0.11370693892240524
2022-03-03T00:00:00+00:00,2022-03-04T14:20:03.040941+00:00,2022-03-04T14:20:03.040941+00:00,NGJ2@2022-03-29,-0.009721159934997559,-0.059862732887268066,0.04604172706604004,0.10590449720621109
2022-03-04T00:00:00+00:00,2022-03-07T14:23:12.995130+00:00,2022-03-07T14:23:12.995130+00:00,NGJ2@2022-03-29,-0.021442651748657227,-0.07760030031204224,0.04193401336669922,0.11953431367874146
2022-03-07T00:00:00+00:00,2022-03-08T14:20:47.012178+00:00,2022-03-08T14:20:47.012178+00:00,NGJ2@2022-03-29,-0.009535372257232666,-0.05692011117935181,0.042294859886169434,0.09921497851610184
2022-03-09T00:00:00+00:00,2022-03-10T14:20:21.362944+00:00,2022-03-10T14:20:21.362944+00:00,NGJ2@2022-03-29,0.002596616744995117,-0.050675153732299805,0.06317448616027832,0.11384966224431992
2022-03-10T00:00:00+00:00,2022-03-11T14:22:00.176082+00:00,2022-03-11T14:22:00.176082+00:00,NGJ2@2022-03-29,-0.0059438347816467285,-0.0621759295463562,0.054314494132995605,0.11649035662412643
2022-03-11T00:00:00+00:00,2022-03-14T13:20:24.086403+00:00,2022-03-14T13:20:24.086403+00:00,NGJ2@2022-03-29,-0.014315009117126465,-0.0695728063583374,0.04203367233276367,0.11160653829574585
2022-03-14T00:00:00+00:00,2022-03-15T13:35:55.772189+00:00,2022-03-15T13:35:55.772189+00:00,NGJ2@2022-03-29,-0.006320178508758545,-0.05465376377105713,0.04244434833526611,0.09709808975458145
2022-03-15T00:00:00+00:00,2022-03-16T13:44:15.047269+00:00,2022-03-16T13:44:15.047269+00:00,NGJ2@2022-03-29,0.002360224723815918,-0.04644268751144409,0.04983413219451904,0.09627684950828552
2022-03-16T00:00:00+00:00,2022-03-17T13:43:37.928759+00:00,2022-03-17T13:43:37.928759+00:00,NGJ2@2022-03-29,-0.011831045150756836,-0.05620652437210083,0.027642130851745605,0.08384861797094345
2022-03-17T00:00:00+00:00,2022-03-18T13:50:00.768558+00:00,2022-03-18T13:50:00.768558+00:00,NGJ2@2022-03-29,-0.024126052856445312,-0.07403075695037842,0.02583181858062744,0.09986250847578049
2022-03-18T00:00:00+00:00,2022-03-21T13:23:46.916626+00:00,2022-03-21T13:23:46.916626+00:00,NGJ2@2022-03-29,-0.006472170352935791,-0.05569267272949219,0.04249000549316406,0.09818266332149506
2022-03-21T00:00:00+00:00,2022-03-22T13:22:46.474957+00:00,2022-03-22T13:22:46.474957+00:00,NGJ2@2022-03-29,-0.010077893733978271,-0.058473289012908936,0.03695225715637207,0.09542552381753922
2022-03-22T00:00:00+00:00,2022-03-23T13:30:17.639950+00:00,2022-03-23T13:30:17.639950+00:00,NGJ2@2022-03-29,-0.02488011121749878,-0.07762360572814941,0.02452254295349121,0.10214611887931824
2022-03-23T00:00:00+00:00,2022-03-24T13:20:45.614177+00:00,2022-03-24T13:20:45.614177+00:00,NGJ2@2022-03-29,-0.017802834510803223,-0.06672757863998413,0.030186891555786133,0.09691451489925385
2022-03-24T00:00:00+00:00,2022-03-25T13:23:57.628632+00:00,2022-03-25T13:23:57.628632+00:00,NGJ2@2022-03-29,-0.0284082293510437,-0.07585853338241577,0.023966431617736816,0.0998249426484108
2022-03-25T00:00:00+00:00,2022-03-28T13:23:42.888365+00:00,2022-03-28T13:23:42.888365+00:00,NGJ2@2022-03-29,-0.029721200466156006,-0.07824152708053589,0.02021801471710205,0.09845955669879913
2022-03-28T00:00:00+00:00,2022-03-29T14:02:56.257092+00:00,2022-03-29T14:02:56.257092+00:00,NGJ2@2022-03-29,-0.019151031970977783,-0.06824451684951782,0.036315321922302246,0.10455979406833649
2022-03-30T00:00:00+00:00,2022-03-31T14:09:30.189921+00:00,2022-03-31T14:09:30.189921+00:00,NGK2@2022-04-27,-0.021806955337524414,-0.07864254713058472,0.03628194332122803,0.11492447555065155
2022-03-31T00:00:00+00:00,2022-04-01T14:07:22.560073+00:00,2022-04-01T14:07:22.560073+00:00,NGK2@2022-04-27,-0.023645758628845215,-0.07090580463409424,0.0252915620803833,0.09619737416505814
2022-04-01T00:00:00+00:00,2022-04-04T13:20:04.361633+00:00,2022-04-04T13:20:04.361633+00:00,NGK2@2022-04-27,-0.01617884635925293,-0.06777584552764893,0.03568470478057861,0.10346049815416336
2022-04-04T00:00:00+00:00,2022-04-05T13:20:37.818851+00:00,2022-04-05T13:20:37.818851+00:00,NGK2@2022-04-27,-0.015970885753631592,-0.061904191970825195,0.026184678077697754,0.08808881789445877
2022-04-05T00:00:00+00:00,2022-04-06T13:32:29.748192+00:00,2022-04-06T13:32:29.748192+00:00,NGK2@2022-04-27,-0.017843425273895264,-0.07688385248184204,0.0430600643157959,0.11994390934705734
2022-04-06T00:00:00+00:00,2022-04-07T13:20:48.415554+00:00,2022-04-07T13:20:48.415554+00:00,NGK2@2022-04-27,-0.013886630535125732,-0.07884365320205688,0.03971540927886963,0.1185590922832489
2022-04-07T00:00:00+00:00,2022-04-08T14:13:10.032015+00:00,2022-04-08T14:13:10.032015+00:00,NGK2@2022-04-27,0.0014275312423706055,-0.07226186990737915,0.06923270225524902,0.14149458706378937
2022-04-08T00:00:00+00:00,2022-04-11T13:19:24.666283+00:00,2022-04-11T13:19:24.666283+00:00,NGK2@2022-04-27,-0.0010126233100891113,-0.07374793291091919,0.06283080577850342,0.1365787535905838
2022-04-11T00:00:00+00:00,2022-04-12T13:32:58.877922+00:00,2022-04-12T13:32:58.877922+00:00,NGK2@2022-04-27,-0.0056743621826171875,-0.08264106512069702,0.07153940200805664,0.15418048202991486
2022-04-12T00:00:00+00:00,2022-04-13T13:25:51.819371+00:00,2022-04-13T13:25:51.819371+00:00,NGK2@2022-04-27,0.011353611946105957,-0.06506693363189697,0.09314084053039551,0.1582077145576477
2022-04-13T00:00:00+00:00,2022-04-14T13:58:09.778943+00:00,2022-04-14T13:58:09.778943+00:00,NGK2@2022-04-27,0.02188420295715332,-0.08014744520187378,0.12718462944030762,0.2073320895433426
2022-04-14T00:00:00+00:00,2022-04-18T13:26:39.294363+00:00,2022-04-18T13:26:39.294363+00:00,NGK2@2022-04-27,0.015593171119689941,-0.08159494400024414,0.12403988838195801,0.20563477277755737
2022-04-18T00:00:00+00:00,2022-04-19T13:42:36.364380+00:00,2022-04-19T13:42:36.364380+00:00,NGK2@2022-04-27,0.03486227989196777,-0.10096502304077148,0.18638408184051514,0.287349134683609
2022-04-19T00:00:00+00:00,2022-04-20T13:21:56.218305+00:00,2022-04-20T13:21:56.218305+00:00,NGK2@2022-04-27,0.0386962890625,-0.10294836759567261,0.205460786819458,0.308409184217453
2022-04-20T00:00:00+00:00,2022-04-21T13:36:37.788304+00:00,2022-04-21T13:36:37.788304+00:00,NGK2@2022-04-27,-0.0027251243591308594,-0.12084740400314331,0.11258983612060547,0.23343726992607117
2022-04-21T00:00:00+00:00,2022-04-22T13:52:04.829488+00:00,2022-04-22T13:52:04.829488+00:00,NGK2@2022-04-27,0.004418134689331055,-0.0815919041633606,0.10280537605285645,0.18439726531505585
2022-04-22T00:00:00+00:00,2022-04-25T13:22:18.656556+00:00,2022-04-25T13:22:18.656556+00:00,NGK2@2022-04-27,-0.0037978291511535645,-0.09887349605560303,0.11115431785583496,0.21002787351608276
2022-04-25T00:00:00+00:00,2022-04-26T13:31:20.524041+00:00,2022-04-26T13:31:20.524041+00:00,NGK2@2022-04-27,0.003317713737487793,-0.08366692066192627,0.10799872875213623,0.1916656494140625
2022-04-26T00:00:00+00:00,2022-04-27T13:25:51.095202+00:00,2022-04-27T13:25:51.095202+00:00,NGK2@2022-04-27,0.0055506229400634766,-0.08266693353652954,0.11277198791503906,0.1954389214515686
2022-04-27T00:00:00+00:00,2022-04-28T13:19:37.593331+00:00,2022-04-28T13:19:37.593331+00:00,NGM2@2022-05-26,0.012175321578979492,-0.08276432752609253,0.12435460090637207,0.2071189135313034
2022-04-28T00:00:00+00:00,2022-04-29T13:19:35.512184+00:00,2022-04-29T13:19:35.512184+00:00,NGM2@2022-05-26,0.022291064262390137,-0.0723467469215393,0.12668490409851074,0.19903160631656647
2022-04-29T00:00:00+00:00,2022-05-02T13:19:55.714456+00:00,2022-05-02T13:19:55.714456+00:00,NGM2@2022-05-26,0.006731867790222168,-0.08057069778442383,0.10557365417480469,0.18614435195922852
2022-05-02T00:00:00+00:00,2022-05-03T13:20:09.869985+00:00,2022-05-03T13:20:09.869985+00:00,NGM2@2022-05-26,0.012367010116577148,-0.0981297492980957,0.12129342555999756,0.21942317485809326
2022-05-03T00:00:00+00:00,2022-05-04T13:22:15.943591+00:00,2022-05-04T13:22:15.943591+00:00,NGM2@2022-05-26,0.009744644165039062,-0.09626418352127075,0.1320958137512207,0.22835998237133026
2022-05-04T00:00:00+00:00,2022-05-05T14:15:46.904476+00:00,2022-05-05T14:15:46.904476+00:00,NGM2@2022-05-26,0.022500276565551758,-0.07245868444442749,0.12999868392944336,0.20245735347270966
2022-05-05T00:00:00+00:00,2022-05-06T13:43:53.896312+00:00,2022-05-06T13:43:53.896312+00:00,NGM2@2022-05-26,0.040651917457580566,-0.04302382469177246,0.13349604606628418,0.17651987075805664
2022-05-06T00:00:00+00:00,2022-05-09T13:37:20.306954+00:00,2022-05-09T13:37:20.306954+00:00,NGM2@2022-05-26,0.00526118278503418,-0.07521069049835205,0.11807215213775635,0.1932828575372696
2022-05-09T00:00:00+00:00,2022-05-10T13:42:36.536610+00:00,2022-05-10T13:42:36.536610+00:00,NGM2@2022-05-26,-0.007292747497558594,-0.09444266557693481,0.12403082847595215,0.21847353875637054
2022-05-10T00:00:00+00:00,2022-05-11T13:50:33.531379+00:00,2022-05-11T13:50:33.531379+00:00,NGM2@2022-05-26,0.0010836124420166016,-0.07730919122695923,0.13020944595336914,0.20751862227916718
2022-05-11T00:00:00+00:00,2022-05-12T13:24:46.403449+00:00,2022-05-12T13:24:46.403449+00:00,NGM2@2022-05-26,-0.01028352975845337,-0.09254264831542969,0.12514424324035645,0.21768690645694733
2022-05-12T00:00:00+00:00,2022-05-13T13:27:42.386773+00:00,2022-05-13T13:27:42.386773+00:00,NGM2@2022-05-26,-0.006336033344268799,-0.0731123685836792,0.11520421504974365,0.18831661343574524
2022-05-13T00:00:00+00:00,2022-05-16T13:20:31.681542+00:00,2022-05-16T13:20:31.681542+00:00,NGM2@2022-05-26,-0.0040174126625061035,-0.0766705870628357,0.09421265125274658,0.17088323831558228
2022-05-16T00:00:00+00:00,2022-05-17T13:20:37.944740+00:00,2022-05-17T13:20:37.944740+00:00,NGM2@2022-05-26,-0.009997189044952393,-0.08568030595779419,0.09621214866638184,0.181892529129982
2022-05-17T00:00:00+00:00,2022-05-18T13:27:22.658038+00:00,2022-05-18T13:27:22.658038+00:00,NGM2@2022-05-26,-0.01789093017578125,-0.10871028900146484,0.09005451202392578,0.19876478612422943
2022-05-18T00:00:00+00:00,2022-05-19T13:20:25.792429+00:00,2022-05-19T13:20:25.792429+00:00,NGM2@2022-05-26,-0.011936664581298828,-0.10597836971282959,0.0913553237915039,0.1973337084054947
2022-05-19T00:00:00+00:00,2022-05-20T13:20:06.524941+00:00,2022-05-20T13:20:06.524941+00:00,NGM2@2022-05-26,-0.018148720264434814,-0.09933298826217651,0.08458113670349121,0.18391405045986176
2022-05-20T00:00:00+00:00,2022-05-23T13:22:05.117524+00:00,2022-05-23T13:22:05.117524+00:00,NGM2@2022-05-26,-0.016080796718597412,-0.10582774877548218,0.09208762645721436,0.1979154348373413
2022-05-23T00:00:00+00:00,2022-05-24T13:19:43.365348+00:00,2022-05-24T13:19:43.365348+00:00,NGM2@2022-05-26,-0.03619939088821411,-0.10755854845046997,0.06929230690002441,0.17685090005397797
2022-05-24T00:00:00+00:00,2022-05-25T13:19:26.314630+00:00,2022-05-25T13:19:26.314630+00:00,NGM2@2022-05-26,-0.03256195783615112,-0.11038249731063843,0.066192626953125,0.17657515406608582
2022-05-25T00:00:00+00:00,2022-05-26T13:20:32.814532+00:00,2022-05-26T13:20:32.814532+00:00,NGN2@2022-06-28,-0.01760876178741455,-0.1045425534248352,0.08746838569641113,0.19201092422008514
2022-05-26T00:00:00+00:00,2022-05-27T13:33:09.088093+00:00,2022-05-27T13:33:09.088093+00:00,NGN2@2022-06-28,-0.020651161670684814,-0.10699290037155151,0.07782137393951416,0.1848141998052597
2022-05-27T00:00:00+00:00,2022-05-31T13:32:16.649191+00:00,2022-05-31T13:32:16.649191+00:00,NGN2@2022-06-28,-0.004644036293029785,-0.0786558985710144,0.07998073101043701,0.158636674284935
2022-05-31T00:00:00+00:00,2022-06-01T13:37:52.874783+00:00,2022-06-01T13:37:52.874783+00:00,NGN2@2022-06-28,0.003655672073364258,-0.06583678722381592,0.08234560489654541,0.14818236231803894
2022-06-01T00:00:00+00:00,2022-06-02T13:22:17.647616+00:00,2022-06-02T13:22:17.647616+00:00,NGN2@2022-06-28,-0.0020706653594970703,-0.07225769758224487,0.05977988243103027,0.13203760981559753
2022-06-02T00:00:00+00:00,2022-06-03T13:24:32.091486+00:00,2022-06-03T13:24:32.091486+00:00,NGN2@2022-06-28,-0.002189457416534424,-0.06923937797546387,0.057717323303222656,0.1269567608833313
2022-06-03T00:00:00+00:00,2022-06-06T13:19:43.660021+00:00,2022-06-06T13:19:43.660021+00:00,NGN2@2022-06-28,-0.01724839210510254,-0.08557343482971191,0.047904014587402344,0.13347747921943665
2022-06-06T00:00:00+00:00,2022-06-07T13:19:58.699260+00:00,2022-06-07T13:19:58.699260+00:00,NGN2@2022-06-28,-0.032118141651153564,-0.11962354183197021,0.04579949378967285,0.16542300581932068
2022-06-07T00:00:00+00:00,2022-06-08T13:32:34.115513+00:00,2022-06-08T13:32:34.115513+00:00,NGN2@2022-06-28,-0.0290946364402771,-0.11083781719207764,0.05682873725891113,0.16766656935214996
2022-06-08T00:00:00+00:00,2022-06-09T13:20:05.591514+00:00,2022-06-09T13:20:05.591514+00:00,NGN2@2022-06-28,0.0036857128143310547,-0.07467865943908691,0.09084939956665039,0.1655281037092209
2022-06-09T00:00:00+00:00,2022-06-10T13:38:41.427251+00:00,2022-06-10T13:38:41.427251+00:00,NGN2@2022-06-28,-0.011240780353546143,-0.08192116022109985,0.056383490562438965,0.1383046954870224
2022-06-10T00:00:00+00:00,2022-06-13T13:31:20.281783+00:00,2022-06-13T13:31:20.281783+00:00,NGN2@2022-06-28,-0.009811103343963623,-0.07441926002502441,0.07372665405273438,0.1481459140777588
2022-06-13T00:00:00+00:00,2022-06-14T14:05:28.922192+00:00,2022-06-14T14:05:28.922192+00:00,NGN2@2022-06-28,0.0015980005264282227,-0.06341594457626343,0.08871793746948242,0.15213392674922943
2022-06-14T00:00:00+00:00,2022-06-15T13:24:10.051047+00:00,2022-06-15T13:24:10.051047+00:00,NGN2@2022-06-28,0.030947566032409668,-0.08047205209732056,0.14069116115570068,0.22116322815418243
2022-06-15T00:00:00+00:00,2022-06-16T13:39:21.989603+00:00,2022-06-16T13:39:21.989603+00:00,NGN2@2022-06-28,0.018662214279174805,-0.06090140342712402,0.10641562938690186,0.16731707751750946
2022-06-16T00:00:00+00:00,2022-06-17T14:07:39.303347+00:00,2022-06-17T14:07:39.303347+00:00,NGN2@2022-06-28,-0.0010826587677001953,-0.07656192779541016,0.07689142227172852,0.15345339477062225
2022-06-17T00:00:00+00:00,2022-06-21T13:43:07.538053+00:00,2022-06-21T13:43:07.538053+00:00,NGN2@2022-06-28,0.0024871826171875,-0.07343548536300659,0.0967797040939331,0.17021521925926208
2022-06-21T00:00:00+00:00,2022-06-22T13:23:20.781953+00:00,2022-06-22T13:23:20.781953+00:00,NGN2@2022-06-28,0.014062881469726562,-0.06662565469741821,0.09281384944915771,0.1594395488500595
2022-06-22T00:00:00+00:00,2022-06-23T13:31:51.447107+00:00,2022-06-23T13:31:51.447107+00:00,NGN2@2022-06-28,0.011680126190185547,-0.0570676326751709,0.09404373168945312,0.1511114239692688
2022-06-23T00:00:00+00:00,2022-06-24T14:06:23.183838+00:00,2022-06-24T14:06:23.183838+00:00,NGN2@2022-06-28,0.0325169563293457,-0.05322915315628052,0.16996479034423828,0.22319395840168
2022-06-24T00:00:00+00:00,2022-06-27T13:22:42.247335+00:00,2022-06-27T13:22:42.247335+00:00,NGN2@2022-06-28,0.010344624519348145,-0.06958043575286865,0.12535011768341064,0.19493049383163452
2022-06-27T00:00:00+00:00,2022-06-28T13:21:10.918896+00:00,2022-06-28T13:21:10.918896+00:00,NGN2@2022-06-28,-0.014420807361602783,-0.10829329490661621,0.11011600494384766,0.21840931475162506
2022-06-29T00:00:00+00:00,2022-06-30T13:20:48.551603+00:00,2022-06-30T13:20:48.551603+00:00,NGQ2@2022-07-27,-0.006315767765045166,-0.09015434980392456,0.0975579023361206,0.18771232664585114
2022-06-30T00:00:00+00:00,2022-07-01T13:19:39.216562+00:00,2022-07-01T13:19:39.216562+00:00,NGQ2@2022-07-27,0.02272200584411621,-0.14681601524353027,0.19188666343688965,0.3387027084827423
2022-07-01T00:00:00+00:00,2022-07-05T13:22:41.368785+00:00,2022-07-05T13:22:41.368785+00:00,NGQ2@2022-07-27,-0.018731653690338135,-0.1298290491104126,0.11797821521759033,0.24780727922916412
2022-07-05T00:00:00+00:00,2022-07-06T13:20:01.012938+00:00,2022-07-06T13:20:01.012938+00:00,NGQ2@2022-07-27,-0.009402692317962646,-0.11912232637405396,0.13359856605529785,0.2527209520339966
2022-07-06T00:00:00+00:00,2022-07-07T13:22:43.292178+00:00,2022-07-07T13:22:43.292178+00:00,NGQ2@2022-07-27,-0.005307674407958984,-0.11470526456832886,0.1307154893875122,0.24542079865932465
2022-07-07T00:00:00+00:00,2022-07-08T13:37:55.670419+00:00,2022-07-08T13:37:55.670419+00:00,NGQ2@2022-07-27,-0.017906486988067627,-0.16720634698867798,0.1530088186264038,0.3202151358127594
2022-07-08T00:00:00+00:00,2022-07-11T13:33:04.158073+00:00,2022-07-11T13:33:04.158073+00:00,NGQ2@2022-07-27,-0.021092116832733154,-0.1428864598274231,0.12785875797271729,0.270745187997818
2022-07-11T00:00:00+00:00,2022-07-12T13:32:07.361045+00:00,2022-07-12T13:32:07.361045+00:00,NGQ2@2022-07-27,-0.006155788898468018,-0.15045154094696045,0.1465451717376709,0.29699668288230896
2022-07-12T00:00:00+00:00,2022-07-13T13:31:33.668583+00:00,2022-07-13T13:31:33.668583+00:00,NGQ2@2022-07-27,-0.005291998386383057,-0.15361857414245605,0.1509079933166504,0.30452656745910645
2022-07-13T00:00:00+00:00,2022-07-14T13:27:58.091748+00:00,2022-07-14T13:27:58.091748+00:00,NGQ2@2022-07-27,-0.019537150859832764,-0.1497759222984314,0.1345905065536499,0.2843663990497589
2022-07-14T00:00:00+00:00,2022-07-15T13:37:17.655365+00:00,2022-07-15T13:37:17.655365+00:00,NGQ2@2022-07-27,-0.016851484775543213,-0.1544569730758667,0.1302652359008789,0.28472214937210083
2022-07-15T00:00:00+00:00,2022-07-18T13:19:49.645325+00:00,2022-07-18T13:19:49.645325+00:00,NGQ2@2022-07-27,-0.017931640148162842,-0.15498805046081543,0.12072885036468506,0.2757169008255005
2022-07-18T00:00:00+00:00,2022-07-19T13:21:23.834625+00:00,2022-07-19T13:21:23.834625+00:00,NGQ2@2022-07-27,-0.023952484130859375,-0.17559850215911865,0.1288316249847412,0.3044300675392151
2022-07-19T00:00:00+00:00,2022-07-20T13:20:33.246601+00:00,2022-07-20T13:20:33.246601+00:00,NGQ2@2022-07-27,-0.00028204917907714844,-0.15406066179275513,0.140397310256958,0.29445797204971313
2022-07-20T00:00:00+00:00,2022-07-21T13:20:56.235077+00:00,2022-07-21T13:20:56.235077+00:00,NGQ2@2022-07-27,-0.020474374294281006,-0.16949081420898438,0.13027441501617432,0.2997651994228363
2022-07-21T00:00:00+00:00,2022-07-22T13:20:47.589082+00:00,2022-07-22T13:20:47.589082+00:00,NGQ2@2022-07-27,-0.005241036415100098,-0.13751745223999023,0.13422095775604248,0.2717384397983551
2022-07-22T00:00:00+00:00,2022-07-25T13:20:33.216247+00:00,2022-07-25T13:20:33.216247+00:00,NGQ2@2022-07-27,-0.006140232086181641,-0.12797152996063232,0.12517094612121582,0.25314244627952576
2022-07-25T00:00:00+00:00,2022-07-26T13:36:44.238410+00:00,2022-07-26T13:36:44.238410+00:00,NGQ2@2022-07-27,-0.0035448670387268066,-0.13532930612564087,0.12266409397125244,0.2579934298992157
2022-07-26T00:00:00+00:00,2022-07-27T13:20:38.585571+00:00,2022-07-27T13:20:38.585571+00:00,NGQ2@2022-07-27,0.012538790702819824,-0.10373353958129883,0.12793004512786865,0.2316635400056839
2022-07-27T00:00:00+00:00,2022-07-28T13:20:26.306132+00:00,2022-07-28T13:20:26.306132+00:00,NGU2@2022-08-29,0.015575885772705078,-0.09422290325164795,0.1164315938949585,0.21065443754196167
2022-07-28T00:00:00+00:00,2022-07-29T13:57:25.901881+00:00,2022-07-29T13:57:25.901881+00:00,NGU2@2022-08-29,0.005009770393371582,-0.09495270252227783,0.09733796119689941,0.19229064881801605
2022-07-29T00:00:00+00:00,2022-08-01T13:22:10.536863+00:00,2022-08-01T13:22:10.536863+00:00,NGU2@2022-08-29,0.006801486015319824,-0.07592016458511353,0.09373724460601807,0.16965748369693756
2022-08-01T00:00:00+00:00,2022-08-02T13:20:39.318233+00:00,2022-08-02T13:20:39.318233+00:00,NGU2@2022-08-29,0.01548922061920166,-0.06608235836029053,0.09064555168151855,0.15672791004180908
2022-08-02T00:00:00+00:00,2022-08-03T13:20:25.278032+00:00,2022-08-03T13:20:25.278032+00:00,NGU2@2022-08-29,0.02070176601409912,-0.07851314544677734,0.10239946842193604,0.18091267347335815
2022-08-03T00:00:00+00:00,2022-08-04T13:55:30.575734+00:00,2022-08-04T13:55:30.575734+00:00,NGU2@2022-08-29,0.0011559724807739258,-0.09560161828994751,0.08290159702301025,0.17850324511528015
2022-08-04T00:00:00+00:00,2022-08-05T13:21:21.612355+00:00,2022-08-05T13:21:21.612355+00:00,NGU2@2022-08-29,0.01701188087463379,-0.06737315654754639,0.09963560104370117,0.16700878739356995
2022-08-05T00:00:00+00:00,2022-08-08T13:25:12.782476+00:00,2022-08-08T13:25:12.782476+00:00,NGU2@2022-08-29,0.012545228004455566,-0.07612937688827515,0.09090971946716309,0.16703911125659943
2022-08-08T00:00:00+00:00,2022-08-09T13:23:17.182628+00:00,2022-08-09T13:23:17.182628+00:00,NGU2@2022-08-29,0.025501370429992676,-0.07545554637908936,0.08778631687164307,0.1632419228553772
2022-08-09T00:00:00+00:00,2022-08-10T13:19:34.073279+00:00,2022-08-10T13:19:34.073279+00:00,NGU2@2022-08-29,0.010452985763549805,-0.07175272703170776,0.06970858573913574,0.14146126806735992
2022-08-10T00:00:00+00:00,2022-08-11T13:41:49.475786+00:00,2022-08-11T13:41:49.475786+00:00,NGU2@2022-08-29,0.0010521411895751953,-0.08579528331756592,0.06237328052520752,0.14816851913928986
2022-08-11T00:00:00+00:00,2022-08-12T13:20:57.326207+00:00,2022-08-12T13:20:57.326207+00:00,NGU2@2022-08-29,-0.012449979782104492,-0.0865219235420227,0.05045318603515625,0.13697510957717896
2022-08-12T00:00:00+00:00,2022-08-15T13:19:25.216094+00:00,2022-08-15T13:19:25.216094+00:00,NGU2@2022-08-29,0.0062139034271240234,-0.09076869487762451,0.07144474983215332,0.16221344470977783
2022-08-15T00:00:00+00:00,2022-08-16T13:21:28.131822+00:00,2022-08-16T13:21:28.131822+00:00,NGU2@2022-08-29,0.022713303565979004,-0.061586856842041016,0.08052456378936768,0.14211146533489227
2022-08-16T00:00:00+00:00,2022-08-17T13:21:56.993439+00:00,2022-08-17T13:21:56.993439+00:00,NGU2@2022-08-29,0.006017923355102539,-0.07840216159820557,0.06217217445373535,0.1405743807554245
2022-08-17T00:00:00+00:00,2022-08-18T13:20:43.316958+00:00,2022-08-18T13:20:43.316958+00:00,NGU2@2022-08-29,0.009957671165466309,-0.057746827602386475,0.05644357204437256,0.11419042199850082
2022-08-18T00:00:00+00:00,2022-08-19T13:21:40.860144+00:00,2022-08-19T13:21:40.860144+00:00,NGU2@2022-08-29,0.011143922805786133,-0.07148498296737671,0.07119989395141602,0.14268486201763153
2022-08-19T00:00:00+00:00,2022-08-22T13:20:50.450749+00:00,2022-08-22T13:20:50.450749+00:00,NGU2@2022-08-29,0.005495429039001465,-0.06271708011627197,0.061661601066589355,0.12437869608402252
2022-08-22T00:00:00+00:00,2022-08-23T13:22:13.330483+00:00,2022-08-23T13:22:13.330483+00:00,NGU2@2022-08-29,0.0060378313064575195,-0.06724733114242554,0.0651555061340332,0.13240279257297516
2022-08-23T00:00:00+00:00,2022-08-24T13:21:25.280574+00:00,2022-08-24T13:21:25.280574+00:00,NGU2@2022-08-29,0.011593341827392578,-0.058747291564941406,0.059348225593566895,0.11809554696083069
2022-08-24T00:00:00+00:00,2022-08-25T13:38:09.502412+00:00,2022-08-25T13:38:09.502412+00:00,NGU2@2022-08-29,0.0120466947555542,-0.05366271734237671,0.06064260005950928,0.11430537700653076
2022-08-25T00:00:00+00:00,2022-08-26T13:47:55.616428+00:00,2022-08-26T13:47:55.616428+00:00,NGU2@2022-08-29,0.007926464080810547,-0.06582486629486084,0.05403757095336914,0.11986246705055237
2022-08-26T00:00:00+00:00,2022-08-29T14:08:23.308856+00:00,2022-08-29T14:08:23.308856+00:00,NGU2@2022-08-29,0.007359743118286133,-0.06181812286376953,0.061012864112854004,0.12283102422952652
2022-08-30T00:00:00+00:00,2022-08-31T13:44:36.383362+00:00,2022-08-31T13:44:36.383362+00:00,NGV2@2022-09-28,0.012574553489685059,-0.056006789207458496,0.06320476531982422,0.11921161413192749
2022-08-31T00:00:00+00:00,2022-09-01T13:23:08.993882+00:00,2022-09-01T13:23:08.993882+00:00,NGV2@2022-09-28,0.005296111106872559,-0.05282020568847656,0.04258584976196289,0.09540609270334244
2022-09-01T00:00:00+00:00,2022-09-02T13:24:43.736426+00:00,2022-09-02T13:24:43.736426+00:00,NGV2@2022-09-28,-0.001254439353942871,-0.05548352003097534,0.024219512939453125,0.07970305532217026
2022-09-02T00:00:00+00:00,2022-09-06T14:10:49.681734+00:00,2022-09-06T14:10:49.681734+00:00,NGV2@2022-09-28,0.008568644523620605,-0.04628688097000122,0.031870484352111816,0.07815732806921005
2022-09-06T00:00:00+00:00,2022-09-07T14:23:45.329242+00:00,2022-09-07T14:23:45.329242+00:00,NGV2@2022-09-28,0.006297707557678223,-0.06346398591995239,0.0423579216003418,0.10582190006971359
2022-09-07T00:00:00+00:00,2022-09-08T14:16:29.167652+00:00,2022-09-08T14:16:29.167652+00:00,NGV2@2022-09-28,-0.006646931171417236,-0.08022093772888184,0.032059431076049805,0.11228043586015701
2022-09-08T00:00:00+00:00,2022-09-09T13:24:53.996357+00:00,2022-09-09T13:24:53.996357+00:00,NGV2@2022-09-28,-0.0025806427001953125,-0.07238191366195679,0.02775251865386963,0.10013435781002045
2022-09-09T00:00:00+00:00,2022-09-12T13:23:55.084374+00:00,2022-09-12T13:23:55.084374+00:00,NGV2@2022-09-28,-0.007433533668518066,-0.06866312026977539,0.017841696739196777,0.08650486171245575
2022-09-12T00:00:00+00:00,2022-09-13T13:41:45.982056+00:00,2022-09-13T13:41:45.982056+00:00,NGV2@2022-09-28,-0.006500124931335449,-0.07284259796142578,0.026154756546020508,0.09899738430976868
2022-09-13T00:00:00+00:00,2022-09-14T13:43:18.706171+00:00,2022-09-14T13:43:18.706171+00:00,NGV2@2022-09-28,0.0009237527847290039,-0.06920462846755981,0.03594958782196045,0.10515427589416504
2022-09-14T00:00:00+00:00,2022-09-15T13:22:29.062828+00:00,2022-09-15T13:22:29.062828+00:00,NGV2@2022-09-28,-0.007755696773529053,-0.09050029516220093,0.047118544578552246,0.13761883974075317
2022-09-15T00:00:00+00:00,2022-09-16T13:20:50.328039+00:00,2022-09-16T13:20:50.328039+00:00,NGV2@2022-09-28,0.0008622407913208008,-0.08724206686019897,0.0498809814453125,0.13712309300899506
2022-09-16T00:00:00+00:00,2022-09-19T14:01:47.342986+00:00,2022-09-19T14:01:47.342986+00:00,NGV2@2022-09-28,-0.004750490188598633,-0.06822836399078369,0.031096816062927246,0.09932523220777512
2022-09-19T00:00:00+00:00,2022-09-20T13:22:21.803476+00:00,2022-09-20T13:22:21.803476+00:00,NGV2@2022-09-28,0.004442811012268066,-0.05875450372695923,0.03731513023376465,0.0960695892572403
2022-09-20T00:00:00+00:00,2022-09-21T13:25:10.469117+00:00,2022-09-21T13:25:10.469117+00:00,NGV2@2022-09-28,0.0030999183654785156,-0.05952119827270508,0.03643918037414551,0.09596043825149536
2022-09-21T00:00:00+00:00,2022-09-22T13:23:42.950146+00:00,2022-09-22T13:23:42.950146+00:00,NGV2@2022-09-28,0.0009719133377075195,-0.065432608127594,0.052015066146850586,0.11744771152734756
2022-09-22T00:00:00+00:00,2022-09-23T13:23:59.926950+00:00,2022-09-23T13:23:59.926950+00:00,NGV2@2022-09-28,0.006720423698425293,-0.07968556880950928,0.07935118675231934,0.15903672575950623
2022-09-23T00:00:00+00:00,2022-09-26T13:23:18.912029+00:00,2022-09-26T13:23:18.912029+00:00,NGV2@2022-09-28,-0.013550758361816406,-0.12764900922775269,0.08162391185760498,0.20927292108535767
2022-09-26T00:00:00+00:00,2022-09-27T13:21:06.562423+00:00,2022-09-27T13:21:06.562423+00:00,NGV2@2022-09-28,-0.007882654666900635,-0.1040581464767456,0.08436179161071777,0.1884198933839798
2022-09-27T00:00:00+00:00,2022-09-28T13:21:33.154966+00:00,2022-09-28T13:21:33.154966+00:00,NGV2@2022-09-28,-0.022240936756134033,-0.11912649869918823,0.0690075159072876,0.18813394010066986
2022-09-28T00:00:00+00:00,2022-09-29T13:37:09.594513+00:00,2022-09-29T13:37:09.594513+00:00,NGX2@2022-10-27,-0.004639983177185059,-0.09537672996520996,0.07482719421386719,0.17020392417907715
2022-09-29T00:00:00+00:00,2022-09-30T13:22:23.720003+00:00,2022-09-30T13:22:23.720003+00:00,NGX2@2022-10-27,-0.010118246078491211,-0.07877463102340698,0.05797219276428223,0.1367468237876892
2022-09-30T00:00:00+00:00,2022-10-03T13:37:46.434388+00:00,2022-10-03T13:37:46.434388+00:00,NGX2@2022-10-27,-0.01881122589111328,-0.08364135026931763,0.047170400619506836,0.13081175088882446
2022-10-03T00:00:00+00:00,2022-10-04T13:37:52.625511+00:00,2022-10-04T13:37:52.625511+00:00,NGX2@2022-10-27,-0.00895833969116211,-0.06554418802261353,0.061803221702575684,0.12734736502170563
2022-10-04T00:00:00+00:00,2022-10-05T13:21:29.851914+00:00,2022-10-05T13:21:29.851914+00:00,NGX2@2022-10-27,-0.010177910327911377,-0.07801157236099243,0.061520934104919434,0.13953258097171783
2022-10-05T00:00:00+00:00,2022-10-06T13:21:52.745135+00:00,2022-10-06T13:21:52.745135+00:00,NGX2@2022-10-27,-0.009446263313293457,-0.07975643873214722,0.06419193744659424,0.14394840598106384
2022-10-06T00:00:00+00:00,2022-10-07T13:29:12.285211+00:00,2022-10-07T13:29:12.285211+00:00,NGX2@2022-10-27,-0.009387195110321045,-0.08547264337539673,0.06799435615539551,0.15346701443195343
2022-10-07T00:00:00+00:00,2022-10-10T13:22:53.030206+00:00,2022-10-10T13:22:53.030206+00:00,NGX2@2022-10-27,-0.005568563938140869,-0.08161234855651855,0.06900930404663086,0.1506216824054718
2022-10-10T00:00:00+00:00,2022-10-11T13:24:38.728360+00:00,2022-10-11T13:24:38.728360+00:00,NGX2@2022-10-27,0.015238523483276367,-0.0642734169960022,0.0934443473815918,0.15771779417991638
2022-10-11T00:00:00+00:00,2022-10-12T13:21:57.851606+00:00,2022-10-12T13:21:57.851606+00:00,NGX2@2022-10-27,0.008459091186523438,-0.07038962841033936,0.08871328830718994,0.1591029018163681
2022-10-12T00:00:00+00:00,2022-10-13T13:48:39.887857+00:00,2022-10-13T13:48:39.887857+00:00,NGX2@2022-10-27,0.010477542877197266,-0.07399129867553711,0.09868371486663818,0.1726749986410141
2022-10-13T00:00:00+00:00,2022-10-14T14:12:14.921605+00:00,2022-10-14T14:12:14.921605+00:00,NGX2@2022-10-27,-0.0013930201530456543,-0.07985174655914307,0.08544862270355225,0.16530035436153412
2022-10-14T00:00:00+00:00,2022-10-17T13:23:14.419566+00:00,2022-10-17T13:23:14.419566+00:00,NGX2@2022-10-27,0.008200287818908691,-0.08110445737838745,0.10863018035888672,0.18973463773727417
2022-10-17T00:00:00+00:00,2022-10-18T13:24:10.831770+00:00,2022-10-18T13:24:10.831770+00:00,NGX2@2022-10-27,0.038002729415893555,-0.06684672832489014,0.15139973163604736,0.2182464301586151
2022-10-18T00:00:00+00:00,2022-10-19T13:28:30.992286+00:00,2022-10-19T13:28:30.992286+00:00,NGX2@2022-10-27,0.036537885665893555,-0.06921583414077759,0.15007233619689941,0.2192881554365158
2022-10-19T00:00:00+00:00,2022-10-20T13:24:53.805601+00:00,2022-10-20T13:24:53.805601+00:00,NGX2@2022-10-27,0.03693044185638428,-0.08335763216018677,0.14969170093536377,0.23304931819438934
2022-10-20T00:00:00+00:00,2022-10-21T13:40:55.062805+00:00,2022-10-21T13:40:55.062805+00:00,NGX2@2022-10-27,0.004643440246582031,-0.1233091950416565,0.11368012428283691,0.2369893193244934
2022-10-21T00:00:00+00:00,2022-10-24T13:26:41.612095+00:00,2022-10-24T13:26:41.612095+00:00,NGX2@2022-10-27,0.018155813217163086,-0.12770771980285645,0.15759789943695068,0.2853056490421295
2022-10-24T00:00:00+00:00,2022-10-25T13:24:27.748178+00:00,2022-10-25T13:24:27.748178+00:00,NGX2@2022-10-27,0.015520095825195312,-0.11172515153884888,0.1302734613418579,0.24199867248535156
2022-10-25T00:00:00+00:00,2022-10-26T13:21:56.311846+00:00,2022-10-26T13:21:56.311846+00:00,NGX2@2022-10-27,0.009321093559265137,-0.11668622493743896,0.12443017959594727,0.24111641943454742
2022-10-26T00:00:00+00:00,2022-10-27T13:22:43.971224+00:00,2022-10-27T13:22:43.971224+00:00,NGZ2@2022-11-28,0.0028842687606811523,-0.10375583171844482,0.10284829139709473,0.20660413801670074
2022-10-27T00:00:00+00:00,2022-10-28T13:36:00.193562+00:00,2022-10-28T13:36:00.193562+00:00,NGZ2@2022-11-28,0.005126833915710449,-0.10351920127868652,0.10957396030426025,0.2130931317806244
2022-10-28T00:00:00+00:00,2022-10-31T13:27:02.874442+00:00,2022-10-31T13:27:02.874442+00:00,NGZ2@2022-11-28,0.010201692581176758,-0.08905059099197388,0.11021566390991211,0.199266254901886
2022-10-31T00:00:00+00:00,2022-11-01T13:30:09.355750+00:00,2022-11-01T13:30:09.355750+00:00,NGZ2@2022-11-28,-0.005629599094390869,-0.09994006156921387,0.08320069313049316,0.18314073979854584
2022-11-01T00:00:00+00:00,2022-11-02T13:38:22.573773+00:00,2022-11-02T13:38:22.573773+00:00,NGZ2@2022-11-28,0.022173643112182617,-0.09471410512924194,0.1273413896560669,0.22205547988414764
2022-11-02T00:00:00+00:00,2022-11-03T13:28:33.830960+00:00,2022-11-03T13:28:33.830960+00:00,NGZ2@2022-11-28,-0.006613433361053467,-0.10635089874267578,0.09195542335510254,0.19830627739429474
2022-11-03T00:00:00+00:00,2022-11-04T14:31:51.844967+00:00,2022-11-04T14:31:51.844967+00:00,NGZ2@2022-11-28,0.011942505836486816,-0.08321523666381836,0.10178136825561523,0.1849966198205948
2022-11-04T00:00:00+00:00,2022-11-07T14:33:13.178533+00:00,2022-11-07T14:33:13.178533+00:00,NGZ2@2022-11-28,-0.01474839448928833,-0.10318195819854736,0.07495605945587158,0.17813801765441895
2022-11-07T00:00:00+00:00,2022-11-08T14:29:19.969384+00:00,2022-11-08T14:29:19.969384+00:00,NGZ2@2022-11-28,-0.015897750854492188,-0.10901850461959839,0.0734858512878418,0.182504341006279
2022-11-08T00:00:00+00:00,2022-11-09T14:23:25.072179+00:00,2022-11-09T14:23:25.072179+00:00,NGZ2@2022-11-28,0.02999866008758545,-0.08718651533126831,0.14806389808654785,0.23525038361549377
2022-11-09T00:00:00+00:00,2022-11-10T15:10:48.952627+00:00,2022-11-10T15:10:48.952627+00:00,NGZ2@2022-11-28,0.03854501247406006,-0.0780634880065918,0.15830659866333008,0.23637010157108307
2022-11-10T00:00:00+00:00,2022-11-11T15:03:22.846113+00:00,2022-11-11T15:03:22.846113+00:00,NGZ2@2022-11-28,0.012080669403076172,-0.10316169261932373,0.12432825565338135,0.22748993337154388
2022-11-11T00:00:00+00:00,2022-11-14T14:45:17.597161+00:00,2022-11-14T14:45:17.597161+00:00,NGZ2@2022-11-28,0.026607632637023926,-0.08434802293777466,0.14767980575561523,0.23202787339687347
2022-11-14T00:00:00+00:00,2022-11-15T14:54:26.994041+00:00,2022-11-15T14:54:26.994041+00:00,NGZ2@2022-11-28,0.014316439628601074,-0.08709883689880371,0.12604665756225586,0.21314556896686554
2022-11-15T00:00:00+00:00,2022-11-16T14:36:56.565293+00:00,2022-11-16T14:36:56.565293+00:00,NGZ2@2022-11-28,0.007815837860107422,-0.09859246015548706,0.12172389030456543,0.22031639516353607
2022-11-16T00:00:00+00:00,2022-11-17T14:23:48.536895+00:00,2022-11-17T14:23:48.536895+00:00,NGZ2@2022-11-28,0.004639744758605957,-0.08825010061264038,0.1068875789642334,0.19513769447803497
2022-11-17T00:00:00+00:00,2022-11-18T14:20:57.882146+00:00,2022-11-18T14:20:57.882146+00:00,NGZ2@2022-11-28,0.006823420524597168,-0.08618396520614624,0.10120189189910889,0.1873859167098999
2022-11-18T00:00:00+00:00,2022-11-21T14:44:38.912788+00:00,2022-11-21T14:44:38.912788+00:00,NGZ2@2022-11-28,0.015151023864746094,-0.08402740955352783,0.11451864242553711,0.1985461264848709
2022-11-21T00:00:00+00:00,2022-11-22T14:23:08.425965+00:00,2022-11-22T14:23:08.425965+00:00,NGZ2@2022-11-28,-0.005358278751373291,-0.10327744483947754,0.09288036823272705,0.19615782797336578
2022-11-22T00:00:00+00:00,2022-11-23T14:24:55.723574+00:00,2022-11-23T14:24:55.723574+00:00,NGZ2@2022-11-28,0.0037142038345336914,-0.08929669857025146,0.09064662456512451,0.17994332313537598
2022-11-23T00:00:00+00:00,2022-11-25T14:52:29.786006+00:00,2022-11-25T14:52:29.786006+00:00,NGZ2@2022-11-28,-0.01055222749710083,-0.09159797430038452,0.06068921089172363,0.15228715538978577
2022-11-25T00:00:00+00:00,2022-11-28T14:25:01.712663+00:00,2022-11-28T14:25:01.712663+00:00,NGZ2@2022-11-28,0.011367559432983398,-0.07919108867645264,0.09406793117523193,0.17325901985168457
2022-11-29T00:00:00+00:00,2022-11-30T14:33:53.693739+00:00,2022-11-30T14:33:53.693739+00:00,NGF3@2022-12-28,0.0014725923538208008,-0.07693952322006226,0.07166039943695068,0.14859984815120697
2022-11-30T00:00:00+00:00,2022-12-01T14:25:06.084189+00:00,2022-12-01T14:25:06.084189+00:00,NGF3@2022-12-28,0.008248329162597656,-0.08116710186004639,0.08970129489898682,0.17086844146251678
2022-12-01T00:00:00+00:00,2022-12-02T14:28:46.689503+00:00,2022-12-02T14:28:46.689503+00:00,NGF3@2022-12-28,0.010098814964294434,-0.08142578601837158,0.09079015254974365,0.17221598327159882
2022-12-02T00:00:00+00:00,2022-12-05T15:09:18.023973+00:00,2022-12-05T15:09:18.023973+00:00,NGF3@2022-12-28,0.01805567741394043,-0.07621073722839355,0.10492944717407227,0.18114018440246582
2022-12-05T00:00:00+00:00,2022-12-06T14:23:55.221987+00:00,2022-12-06T14:23:55.221987+00:00,NGF3@2022-12-28,0.03537094593048096,-0.08780592679977417,0.1416006088256836,0.22940655052661896
2022-12-06T00:00:00+00:00,2022-12-07T14:22:57.377675+00:00,2022-12-07T14:22:57.377675+00:00,NGF3@2022-12-28,0.006667733192443848,-0.10703849792480469,0.10623741149902344,0.21327586472034454
2022-12-07T00:00:00+00:00,2022-12-08T14:25:38.627102+00:00,2022-12-08T14:25:38.627102+00:00,NGF3@2022-12-28,0.004180192947387695,-0.09881693124771118,0.0920947790145874,0.190911665558815
2022-12-08T00:00:00+00:00,2022-12-09T14:28:21.937341+00:00,2022-12-09T14:28:21.937341+00:00,NGF3@2022-12-28,0.011394023895263672,-0.08177250623703003,0.09328866004943848,0.17506122589111328
2022-12-09T00:00:00+00:00,2022-12-12T14:24:11.609284+00:00,2022-12-12T14:24:11.609284+00:00,NGF3@2022-12-28,0.011774420738220215,-0.0759192705154419,0.09549975395202637,0.17141902446746826
2022-12-12T00:00:00+00:00,2022-12-13T14:25:49.085968+00:00,2022-12-13T14:25:49.085968+00:00,NGF3@2022-12-28,0.0167158842086792,-0.06504195928573608,0.10054910182952881,0.1655910611152649
2022-12-13T00:00:00+00:00,2022-12-14T14:24:05.946625+00:00,2022-12-14T14:24:05.946625+00:00,NGF3@2022-12-28,0.01916337013244629,-0.06075960397720337,0.10348820686340332,0.1642478108406067
2022-12-14T00:00:00+00:00,2022-12-15T15:10:35.155623+00:00,2022-12-15T15:10:35.155623+00:00,NGF3@2022-12-28,0.0025434494018554688,-0.09807723760604858,0.10223758220672607,0.20031477510929108
2022-12-15T00:00:00+00:00,2022-12-16T15:13:05.438696+00:00,2022-12-16T15:13:05.438696+00:00,NGF3@2022-12-28,0.01092541217803955,-0.06999450922012329,0.09104585647583008,0.1610402911901474
2022-12-16T00:00:00+00:00,2022-12-19T15:03:05.667371+00:00,2022-12-19T15:03:05.667371+00:00,NGF3@2022-12-28,0.0076296329498291016,-0.09083247184753418,0.10408461093902588,0.19491708278656006
2022-12-19T00:00:00+00:00,2022-12-20T14:26:24.890876+00:00,2022-12-20T14:26:24.890876+00:00,NGF3@2022-12-28,0.018723607063293457,-0.0889999270439148,0.12714457511901855,0.21614447236061096
2022-12-20T00:00:00+00:00,2022-12-21T14:23:54.597549+00:00,2022-12-21T14:23:54.597549+00:00,NGF3@2022-12-28,0.02981865406036377,-0.10315603017807007,0.16021692752838135,0.26337292790412903
2022-12-21T00:00:00+00:00,2022-12-22T14:53:05.594901+00:00,2022-12-22T14:53:05.594901+00:00,NGF3@2022-12-28,0.018872857093811035,-0.10186624526977539,0.13546061515808105,0.23732692003250122
2022-12-22T00:00:00+00:00,2022-12-23T14:31:32.516583+00:00,2022-12-23T14:31:32.516583+00:00,NGF3@2022-12-28,0.015591621398925781,-0.0947110652923584,0.1123342514038086,0.20704537630081177
2022-12-23T00:00:00+00:00,2022-12-27T14:58:41.597225+00:00,2022-12-27T14:58:41.597225+00:00,NGF3@2022-12-28,0.004011988639831543,-0.11061757802963257,0.10574674606323242,0.2163642793893814
2022-12-27T00:00:00+00:00,2022-12-28T14:24:29.347091+00:00,2022-12-28T14:24:29.347091+00:00,NGF3@2022-12-28,0.00910806655883789,-0.1151270866394043,0.1158210039138794,0.2309480607509613
2022-12-29T00:00:00+00:00,2022-12-30T14:22:51.487016+00:00,2022-12-30T14:22:51.487016+00:00,NGG3@2023-01-27,9.226799011230469e-05,-0.1181522011756897,0.09395182132720947,0.2121039479970932
