prediction_time,challenger_prediction,actual,baseline_prediction
2015-01-02 23:59:00+00:00,-0.0012684137336757993,0.01924458017435531,0.0
2015-01-05 23:59:00+00:00,-0.0011316119331433552,-0.02306867661275874,0.0
2015-01-06 23:59:00+00:00,-0.0014126203654017656,0.019317606570821898,0.0
2015-01-07 23:59:00+00:00,-0.0012070644271707132,0.006470310330689745,0.0
2015-01-08 23:59:00+00:00,-0.0011512462982515438,-0.0526162114333761,0.0
2015-01-09 23:59:00+00:00,-0.0009929751243643637,0.051597362644273316,0.0
2015-01-12 23:59:00+00:00,-0.0008654323957704691,0.09398102949196034,0.0
2015-01-13 23:59:00+00:00,-0.0012308961692311443,-0.023471582909845752,0.0
2015-01-14 23:59:00+00:00,-0.0019863601115646416,-0.009864837357746169,0.0
2015-01-15 23:59:00+00:00,-0.0019889513357014043,-0.09944407234594163,0.0
2015-01-16 23:59:00+00:00,-0.0017653518392297131,0.04927784190820076,0.0
2015-01-20 23:59:00+00:00,-0.0009392209741395929,-0.04786591085824799,0.0
2015-01-21 23:59:00+00:00,-0.0012147622611631444,0.05189276193728326,0.0
2015-01-22 23:59:00+00:00,-0.0007180421204006999,-0.03579724301460739,0.0
2015-01-23 23:59:00+00:00,-0.001171924178920821,0.03412135859354292,0.0
2015-01-28 23:59:00+00:00,-0.0005274673340865451,-0.01035129390556495,0.0
2015-01-29 23:59:00+00:00,-0.0003894606453429234,-0.0040960772220033454,0.0
2015-01-30 23:59:00+00:00,-0.0004534459037734023,0.027237605783697664,0.0
2015-02-02 23:59:00+00:00,-0.00042626634153314943,-0.033976680333543216,0.0
2015-02-03 23:59:00+00:00,-0.0004933454301977568,-0.02356627494548346,0.0
2015-02-04 23:59:00+00:00,-0.00034417918648068974,-0.008109718128228652,0.0
2015-02-05 23:59:00+00:00,-0.00022300795959097645,0.006955205781403675,0.0
2015-02-06 23:59:00+00:00,-8.628323346646007e-06,0.030339831857604155,0.0
2015-02-09 23:59:00+00:00,7.885774057413554e-05,0.043850649681607255,0.0
2015-02-10 23:59:00+00:00,-6.514585638716448e-05,-0.030492380543028032,0.0
2015-02-11 23:59:00+00:00,-0.00030449971210743147,0.032991935495548935,0.0
2015-02-12 23:59:00+00:00,-6.601049808352215e-05,-0.016178673937194587,0.0
2015-02-13 23:59:00+00:00,-0.00023857596801147142,0.025761710894613515,0.0
2015-02-17 23:59:00+00:00,-0.00018074514373261864,0.0010591351387261258,0.0
2015-02-18 23:59:00+00:00,-0.00032902394431381346,0.04045495469231375,0.0
2015-02-19 23:59:00+00:00,-0.00017004916507708853,-0.024701084330763602,0.0
2015-02-20 23:59:00+00:00,-0.0004661485978392291,0.007957142831957361,0.0
2015-02-25 23:59:00+00:00,-0.000624764413639612,0.013625694144164879,0.0
2015-02-26 23:59:00+00:00,-0.00029167754661139987,-0.01325498051619364,0.0
2015-02-27 23:59:00+00:00,-0.0003613423751481201,0.005175612292585107,0.0
2015-03-02 23:59:00+00:00,-0.00023832521520093352,0.020799874110675555,0.0
2015-03-03 23:59:00+00:00,-0.00021818435088539491,0.025669858683226035,0.0
2015-03-04 23:59:00+00:00,-0.00033295859872565614,-0.0007042253812168707,0.0
2015-03-05 23:59:00+00:00,-0.0004409527862148905,-0.05838163022185335,0.0
2015-03-06 23:59:00+00:00,-0.00043827471897184647,0.019963694439562873,0.0
2015-03-09 23:59:00+00:00,-0.00022067707804701792,0.03312037792245188,0.0
2015-03-10 23:59:00+00:00,-0.00033511835093968565,-0.03238858132923775,0.0
2015-03-11 23:59:00+00:00,-0.0005339751048528301,-0.002563634438306433,0.0
2015-03-12 23:59:00+00:00,-0.00032690506071771596,-0.0040418941670016546,0.0
2015-03-13 23:59:00+00:00,-0.0002580503967604778,0.04991163341152367,0.0
2015-03-16 23:59:00+00:00,-0.00018206627861655218,0.022511773172216903,0.0
2015-03-17 23:59:00+00:00,-0.0005265421328609426,-0.03733208677247047,0.0
2015-03-18 23:59:00+00:00,-0.0005963949029363476,-0.009644654150105878,0.0
2015-03-19 23:59:00+00:00,-0.0003272090900304622,-0.019206968411682977,0.0
2015-03-20 23:59:00+00:00,-0.0002625339717572541,0.019206968411682877,0.0
2015-03-23 23:59:00+00:00,-9.577404783052412e-05,-0.022872661665991455,0.0
2015-03-24 23:59:00+00:00,-0.00019058249826488433,-0.0189069580172232,0.0
2015-03-27 23:59:00+00:00,-7.687538250458672e-05,-0.0015140048312150718,0.0
2015-03-30 23:59:00+00:00,-9.893848143752507e-05,-0.0133462419528946,0.0
2015-03-31 23:59:00+00:00,-4.514498402487916e-05,0.04062235847146457,0.0
2015-04-01 23:59:00+00:00,-0.0021171108762786965,0.0,0.0
2015-04-02 23:59:00+00:00,-0.0022939704463611835,-0.02349539367866396,0.0
2015-04-03 23:59:00+00:00,-0.0022939704463611835,0.011257154524634468,0.0
2015-04-06 23:59:00+00:00,-0.002210770333539021,-0.023024228997190494,0.0
2015-04-07 23:59:00+00:00,-0.0022829427463393124,-0.03536408924096392,0.0
2015-04-08 23:59:00+00:00,-0.002265771625147764,-0.00674739610916301,0.0
2015-04-09 23:59:00+00:00,-0.0021412220069634163,0.0,0.0
2015-04-10 23:59:00+00:00,-0.00220837079251574,0.00753822256398077,0.0
2015-04-13 23:59:00+00:00,-0.002331780203810827,0.031130918595173213,0.0
2015-04-14 23:59:00+00:00,-0.002352015173132475,0.02795799777483342,0.0
2015-04-15 23:59:00+00:00,-0.0024545193344386795,-0.018804615788346205,0.0
2015-04-16 23:59:00+00:00,-0.0024902836755196917,-0.03791556674610981,0.0
2015-04-17 23:59:00+00:00,-0.0023482706840693883,0.015261497540719992,0.0
2015-04-20 23:59:00+00:00,-0.002179178039220173,0.011966944586953788,0.0
2015-04-21 23:59:00+00:00,-0.0021555846169272024,-0.02920199713966623,0.0
2015-04-22 23:59:00+00:00,-0.0021119132025905043,0.0,0.0
2015-04-23 23:59:00+00:00,-0.002019569851833733,-0.01633177108637072,0.0
2015-04-28 23:59:00+00:00,-0.0016062870087963938,0.054148003239784206,0.0
2015-04-29 23:59:00+00:00,-0.001780718483237517,0.009046560702120465,0.0
2015-04-30 23:59:00+00:00,-0.002177342569100936,0.0160803893753012,0.0
2015-05-01 23:59:00+00:00,-0.002163956024228608,-0.014640504317313724,0.0
2015-05-04 23:59:00+00:00,-0.0021688571987342224,-0.0014398850579876432,0.0
2015-05-05 23:59:00+00:00,-0.0020254156567539867,-0.015245304342800239,0.0
2015-05-06 23:59:00+00:00,-0.0020155502420995007,0.05202455584609674,0.0
2015-05-07 23:59:00+00:00,-0.0018631979940803563,-0.027456846233039203,0.0
2015-05-08 23:59:00+00:00,-0.0021144423357563457,0.03334227087239805,0.0
2015-05-11 23:59:00+00:00,-0.002022734739085989,0.013031734492846472,0.0
2015-05-12 23:59:00+00:00,-0.0021960714384442045,0.024567952807533617,0.0
2015-05-13 23:59:00+00:00,-0.0022795417397775924,0.0026560440581162104,0.0
2015-05-14 23:59:00+00:00,-0.0025149828623629114,-0.0019913713849253984,0.0
2015-05-15 23:59:00+00:00,-0.0023771044928477284,-0.02081310443369408,0.0
2015-05-18 23:59:00+00:00,-0.002361963114060368,-0.011257154524634447,0.0
2015-05-19 23:59:00+00:00,-0.0022925239612600493,0.011596310030683428,0.0
2015-05-20 23:59:00+00:00,-0.002230508323695764,-0.021248229152341046,0.0
2015-05-21 23:59:00+00:00,-0.002220111771977399,-0.02277204725017579,0.0
2015-05-27 23:59:00+00:00,-0.001203223932543377,-0.02393532364846275,0.0
2015-05-28 23:59:00+00:00,-0.000799126542755586,0.0026460041897990415,0.0
2015-05-29 23:59:00+00:00,-0.0006504615168795383,0.018328547495631557,0.0
2015-06-01 23:59:00+00:00,-0.0005935493170667989,-0.024007154464474868,0.0
2015-06-02 23:59:00+00:00,-0.0007510580039090942,-0.0030418274404848886,0.0
2015-06-03 23:59:00+00:00,-0.0005601263073868406,-0.013803900169158128,0.0
2015-06-04 23:59:00+00:00,-0.0004926236852033821,0.04344403658699848,0.0
2015-06-05 23:59:00+00:00,-0.00037413374490302405,0.05081258736921586,0.0
2015-06-08 23:59:00+00:00,-0.0005532086875943622,0.015687963366548312,0.0
2015-06-09 23:59:00+00:00,-0.0009218699710742818,-0.023094098435804677,0.0
2015-06-10 23:59:00+00:00,-0.000936263943625017,-0.02690745291992438,0.0
2015-06-11 23:59:00+00:00,-0.0006919405056085889,0.04930950980561818,0.0
2015-06-12 23:59:00+00:00,-0.0005094896436369865,0.0017292067251940095,0.0
2015-06-15 23:59:00+00:00,-0.0009061859981073085,-0.013567785101318645,0.0
2015-06-16 23:59:00+00:00,-0.0009688635486724825,-0.02770063478331094,0.0
2015-06-17 23:59:00+00:00,-0.000839721512601658,0.013946229971133352,0.0
2015-06-18 23:59:00+00:00,-0.0006268098622034426,-0.029917531349864954,0.0
2015-06-19 23:59:00+00:00,-0.0007806616745347173,-0.002564573671590167,0.0
2015-06-22 23:59:00+00:00,-0.0005306719752481289,0.01203296196080815,0.0
2015-06-23 23:59:00+00:00,-0.000459874260288837,0.03245069904541026,0.0
2015-06-26 23:59:00+00:00,0.00044334466391177823,0.009579636856813595,0.0
2015-06-29 23:59:00+00:00,0.0001898096185233508,-0.017453693287719573,0.0
2015-06-30 23:59:00+00:00,1.7044560976608612e-05,0.013916370886868574,0.0
2015-07-01 23:59:00+00:00,0.00024860487490563983,0.0,0.0
2015-07-02 23:59:00+00:00,0.0002504324986619367,-0.023665500279210282,0.0
2015-07-03 23:59:00+00:00,0.0002619547132489326,-0.014620143454962318,0.0
2015-07-06 23:59:00+00:00,0.00044437292804929383,-0.011479481735621756,0.0
2015-07-07 23:59:00+00:00,0.0006083195696964584,0.01515460531351279,0.0
2015-07-08 23:59:00+00:00,0.0008183750678305833,0.016011986924906244,0.0
2015-07-09 23:59:00+00:00,0.0006532106915016433,0.03337192889915209,0.0
2015-07-10 23:59:00+00:00,0.00046536561984670145,-0.008415196925284472,0.0
2015-07-13 23:59:00+00:00,9.15834788671444e-05,0.027094397927479304,0.0
2015-07-14 23:59:00+00:00,7.388336817446082e-05,-0.02217693104594921,0.0
2015-07-15 23:59:00+00:00,-0.00027479319188109723,0.005590510716884967,0.0
2015-07-16 23:59:00+00:00,-5.164413498334145e-05,-0.016511880500177465,0.0
2015-07-17 23:59:00+00:00,-1.3694779628797035e-05,0.020684348305978185,0.0
2015-07-20 23:59:00+00:00,0.00018697433028440553,0.005191221209882975,0.0
2015-07-21 23:59:00+00:00,0.00011734588140746886,-0.02835828049141741,0.0
2015-07-22 23:59:00+00:00,5.140292625163375e-05,-0.014306395651237858,0.0
2015-07-23 23:59:00+00:00,0.0002322526604391031,0.0046720660007938866,0.0
2015-07-24 23:59:00+00:00,0.00022974389386165627,0.011408323374507453,0.0
2015-07-29 23:59:00+00:00,0.0002961972141011138,-0.01896482805897333,0.0
2015-07-30 23:59:00+00:00,0.0005249594627357505,0.01171316466365317,0.0
2015-07-31 23:59:00+00:00,0.0007301078817109918,0.023022599588315328,0.0
2015-08-03 23:59:00+00:00,0.0005085870975775168,-0.004991097705128976,0.0
2015-08-04 23:59:00+00:00,0.0002569652759699828,0.005346653264430466,0.0
2015-08-05 23:59:00+00:00,0.00016377815180227697,-0.0053466532644304106,0.0
2015-08-06 23:59:00+00:00,9.41545102923953e-05,0.015603153431619523,0.0
2015-08-07 23:59:00+00:00,0.0002635756591066209,0.0007034822660853737,0.0
2015-08-10 23:59:00+00:00,0.00022905297377428364,0.03013214978776095,0.0
2015-08-11 23:59:00+00:00,0.00018181209766187647,-0.05037791322894425,0.0
2015-08-12 23:59:00+00:00,-0.00019100944913416065,0.005010747778160417,0.0
2015-08-13 23:59:00+00:00,0.0003645480037956125,-0.026407756296755795,0.0
2015-08-14 23:59:00+00:00,0.0003225161412263698,-0.008836581800498,0.0
2015-08-17 23:59:00+00:00,0.0005704866208576109,0.004428051515732004,0.0
2015-08-18 23:59:00+00:00,0.00037617036916655095,0.014257232908428065,0.0
2015-08-19 23:59:00+00:00,0.00014132908828654207,-0.029094300338895696,0.0
2015-08-20 23:59:00+00:00,7.356321473921297e-05,-0.009763502267851241,0.0
2015-08-21 23:59:00+00:00,0.00019053926770038311,0.013121087962697276,0.0
2015-08-24 23:59:00+00:00,9.173317333354639e-05,0.0029750858686338434,0.0
2015-08-27 23:59:00+00:00,-0.0005825160084468388,-0.009622576099171052,0.0
2015-08-28 23:59:00+00:00,-0.0007152909011927173,0.00482286225127938,0.0
2015-08-31 23:59:00+00:00,-0.0007121340362572967,-0.020187601463245216,0.0
2015-09-01 23:59:00+00:00,-0.0008065800849764174,0.02866379004044556,0.0
2015-09-02 23:59:00+00:00,-0.0006559539773893021,-0.02602377342130536,0.0
2015-09-03 23:59:00+00:00,-0.00083896601325495,0.02050398019770737,0.0
2015-09-04 23:59:00+00:00,-0.00041447575938660826,-0.022011707584721082,0.0
2015-09-08 23:59:00+00:00,-0.0006273846992611419,0.011998644136598577,0.0
2015-09-09 23:59:00+00:00,-0.00035692391326706504,0.003720242385974809,0.0
2015-09-10 23:59:00+00:00,-0.0005040348065828731,0.023849965541648175,0.0
2015-09-11 23:59:00+00:00,-0.0006556674154361477,-0.010937039389894276,0.0
2015-09-14 23:59:00+00:00,-0.0008576333305338241,-0.025242617187607938,0.0
2015-09-15 23:59:00+00:00,-0.0006862669021732999,-0.0030120504699916095,0.0
2015-09-16 23:59:00+00:00,-0.0005524821593772212,-0.01788139711828588,0.0
2015-09-17 23:59:00+00:00,-0.0005416624205437615,-0.012360141905723154,0.0
2015-09-18 23:59:00+00:00,-0.0005420972400888703,0.0015533983706208624,0.0
2015-09-21 23:59:00+00:00,-0.0004902890535473737,-0.003109213542481459,0.0
2015-09-22 23:59:00+00:00,-0.0005044391119036083,0.008527183452226425,0.0
2015-09-23 23:59:00+00:00,-0.0003981128973858756,-0.010475362521549385,0.0
2015-09-28 23:59:00+00:00,-0.0025358313650212807,-0.024267335670698987,0.0
2015-09-29 23:59:00+00:00,-0.00230428741239299,-0.036719880877581254,0.0
2015-09-30 23:59:00+00:00,-0.0020849544126677654,0.00737104074458995,0.0
2015-10-01 23:59:00+00:00,-0.0017949580965316914,-0.00040807998933988925,0.0
2015-10-02 23:59:00+00:00,-0.0018015793010840615,0.008130126083250309,0.0
2015-10-05 23:59:00+00:00,-0.0017276796623425354,0.0016181233304102998,0.0
2015-10-06 23:59:00+00:00,-0.0018442682804255194,0.009654137733089825,0.0
2015-10-07 23:59:00+00:00,-0.0019007494372352122,0.0016000003413332096,0.0
2015-10-08 23:59:00+00:00,-0.0018428437963558166,0.013103224998427226,0.0
2015-10-09 23:59:00+00:00,-0.0018275407345444959,-0.014703225339760562,0.0
2015-10-12 23:59:00+00:00,-0.0018975713926105702,0.007974523918769327,0.0
2015-10-13 23:59:00+00:00,-0.0016977153390557156,-0.026153170345803136,0.0
2015-10-14 23:59:00+00:00,-0.0018221413695756303,-0.009420507923895037,0.0
2015-10-15 23:59:00+00:00,-0.0016417527768101683,0.0049261183360557815,0.0
2015-10-16 23:59:00+00:00,-0.0015508395354307848,0.013826979133836572,0.0
2015-10-19 23:59:00+00:00,-0.0015817727949339964,-0.029510338149388565,0.0
2015-10-20 23:59:00+00:00,-0.001830719980928171,-0.007515692997236657,0.0
2015-10-21 23:59:00+00:00,-0.0014980366153491188,-0.04281475830310552,0.0
2015-10-22 23:59:00+00:00,-0.0014752894245269597,-0.10312717977785077,0.0
2015-10-23 23:59:00+00:00,-0.0011540746215740623,0.014444160607908306,0.0
2015-10-28 23:59:00+00:00,-0.0026373053342240464,0.02796162945690145,0.0
2015-10-29 23:59:00+00:00,-0.002840194285645241,-0.028404793656487716,0.0
2015-10-30 23:59:00+00:00,-0.0029487206094556077,-0.00133067218570495,0.0
2015-11-02 23:59:00+00:00,-0.00011514828873308782,0.003986716243821383,0.0
2015-11-03 23:59:00+00:00,-6.905317929999577e-06,0.04410572184992309,0.0
2015-11-04 23:59:00+00:00,-0.0001949790638617866,0.0029567075394166626,0.0
2015-11-05 23:59:00+00:00,-0.0004267026161702635,-0.0304026841481645,0.0
2015-11-06 23:59:00+00:00,-0.0004149131652839387,0.008658062743114531,0.0
2015-11-09 23:59:00+00:00,-0.00013787658116270855,-0.024875819026818187,0.0
2015-11-10 23:59:00+00:00,1.1550259967995843e-05,-0.0013265533672058864,0.0
2015-11-11 23:59:00+00:00,0.0004190341283049968,0.04372044481918152,0.0
2015-11-12 23:59:00+00:00,0.0004454155214414521,0.01011386623692854,0.0
2015-11-13 23:59:00+00:00,-0.00010731620995195154,-0.005887317257036035,0.0
2015-11-16 23:59:00+00:00,-0.00015847868572603833,-0.010173890214382015,0.0
2015-11-17 23:59:00+00:00,-1.7197541355057615e-05,-0.030718400604802024,0.0
2015-11-18 23:59:00+00:00,-0.0001217548644017808,-0.05927996388410408,0.0
2015-11-19 23:59:00+00:00,0.0001368544911520388,0.02985296314968113,0.0
2015-11-20 23:59:00+00:00,0.0006450827470372597,-0.004535155165391151,0.0
2015-11-25 23:59:00+00:00,7.329080772875904e-05,0.01034414440544375,0.0
2015-11-27 23:59:00+00:00,0.000520686746231266,-0.001791312615136699,0.0
2015-11-30 23:59:00+00:00,0.0005032509680340984,-0.030029553995942242,0.0
2015-12-01 23:59:00+00:00,0.0005981862701775543,0.007363125765038733,0.0
2015-12-02 23:59:00+00:00,0.0009084549968217486,0.0022899025348548196,0.0
2015-12-03 23:59:00+00:00,0.0006860750947730891,-0.0559751090547155,0.0
2015-12-04 23:59:00+00:00,0.0006765425741842377,0.00145032657764624,0.0
2015-12-07 23:59:00+00:00,0.0014447028027584003,-0.0038722216825095622,0.0
2015-12-08 23:59:00+00:00,0.0011869447042803286,-0.02305719019612173,0.0
2015-12-09 23:59:00+00:00,0.001269970487327739,-0.012484556662245396,0.0
2015-12-10 23:59:00+00:00,0.0016312996609667077,-0.049443643972514585,0.0
2015-12-11 23:59:00+00:00,0.0017796183091408962,-0.038756195926119896,0.0
2015-12-14 23:59:00+00:00,0.0021261676303198284,-0.01771917898510291,0.0
2015-12-15 23:59:00+00:00,0.0013191139842539717,-0.019746762934834558,0.0
2015-12-16 23:59:00+00:00,0.001827262418524102,0.006814336419730188,0.0
2015-12-17 23:59:00+00:00,0.0023210004605256846,0.07834347192057674,0.0
2015-12-18 23:59:00+00:00,0.0023445006751798897,-0.012108597534827157,0.0
2015-12-21 23:59:00+00:00,0.001279357211486261,0.049092781814350034,0.0
2015-12-22 23:59:00+00:00,0.0017234734950397359,0.02293221130601877,0.0
2015-12-23 23:59:00+00:00,0.0009476917359220443,0.09356126122136006,0.0
2015-12-29 23:59:00+00:00,-0.0004852688881066009,0.05406722127027579,0.0
2015-12-30 23:59:00+00:00,-7.896801761336433e-06,-0.0012845216923567388,0.0
2015-12-31 23:59:00+00:00,-0.00039399643436684715,-0.00386349482504459,0.0
2016-01-04 23:59:00+00:00,0.00021700456785236542,-0.025262667513927764,0.0
2016-01-05 23:59:00+00:00,0.0003994303326881753,0.04948309940771655,0.0
2016-01-06 23:59:00+00:00,0.0009659600352146891,0.03708706866233583,0.0
2016-01-07 23:59:00+00:00,0.0003978656734075158,-0.031226859342241446,0.0
2016-01-08 23:59:00+00:00,9.962026608629116e-05,-0.059764182417804144,0.0
2016-01-11 23:59:00+00:00,0.00028602052543356894,0.005302707962305998,0.0
2016-01-12 23:59:00+00:00,0.0012154881492762923,-0.05900077569743631,0.0
2016-01-13 23:59:00+00:00,0.0011158772502110126,-0.01840108537089118,0.0
2016-01-14 23:59:00+00:00,0.00198124926548172,-0.00429492428288073,0.0
2016-01-15 23:59:00+00:00,0.0020456600158817832,0.012829826732717998,0.0
2016-01-19 23:59:00+00:00,0.0016178454523045175,0.009398565423638785,0.0
2016-01-20 23:59:00+00:00,0.00161434285382874,0.0004676174974151005,0.0
2016-01-21 23:59:00+00:00,0.0015126124706863438,0.008843436735674295,0.0
2016-01-22 23:59:00+00:00,0.0015134734892052143,0.010143009965054765,0.0
2016-01-27 23:59:00+00:00,0.0011474012522236833,0.05179729201568484,0.0
2016-01-28 23:59:00+00:00,0.0008307949382468309,-0.0656415371270259,0.0
2016-01-29 23:59:00+00:00,0.00021768102949414124,-0.06082794174103562,0.0
2016-02-01 23:59:00+00:00,0.001127925812042293,0.006399234242030477,0.0
2016-02-02 23:59:00+00:00,0.0018489824594063676,-0.03292067862008933,0.0
2016-02-03 23:59:00+00:00,0.0017633337276545889,0.04511297790867123,0.0
2016-02-04 23:59:00+00:00,0.0017639484276793242,0.0366445949446454,0.0
2016-02-05 23:59:00+00:00,0.00138512349172654,-0.01982131905965481,0.0
2016-02-08 23:59:00+00:00,0.0008563779200674439,-0.02509784244467069,0.0
2016-02-09 23:59:00+00:00,0.0010201471425949822,-0.025743995989788014,0.0
2016-02-10 23:59:00+00:00,0.001303789267925186,-0.014141649814671742,0.0
2016-02-11 23:59:00+00:00,0.0017455760054872391,-0.032569433410962356,0.0
2016-02-12 23:59:00+00:00,0.0018137016627328638,0.020286781555120734,0.0
2016-02-16 23:59:00+00:00,0.0020131684411791584,-0.04745223364514544,0.0
2016-02-17 23:59:00+00:00,0.001921699810200666,-0.02625971458355577,0.0
2016-02-18 23:59:00+00:00,0.002456271410992584,0.009379379105038855,0.0
2016-02-19 23:59:00+00:00,0.0017772377211175275,-0.0216494716968533,0.0
2016-02-22 23:59:00+00:00,0.0015014986123287218,-0.002247191956904721,0.0
2016-02-25 23:59:00+00:00,0.0013847679229491547,-0.04569612816851826,0.0
2016-02-26 23:59:00+00:00,0.0014126092614542335,0.01795588352025468,0.0
2016-02-29 23:59:00+00:00,0.00203624455911714,-0.037431270385296686,0.0
2016-03-01 23:59:00+00:00,0.0016147178291577998,-0.023516308283321727,0.0
2016-03-02 23:59:00+00:00,0.0020339916212390686,0.016339243982958242,0.0
2016-03-03 23:59:00+00:00,0.0023308128238941394,0.014302985190331262,0.0
2016-03-04 23:59:00+00:00,0.002242444570093341,0.012933748784568277,0.0
2016-03-07 23:59:00+00:00,0.001887327697386066,0.023095714794649395,0.0
2016-03-08 23:59:00+00:00,0.0016258219284589475,0.020339684237122783,0.0
2016-03-09 23:59:00+00:00,0.0015378680380522798,0.018837122086444242,0.0
2016-03-10 23:59:00+00:00,0.0015781732522772453,-0.0016478993017813872,0.0
2016-03-11 23:59:00+00:00,0.001542777336467686,0.017439134055375165,0.0
2016-03-14 23:59:00+00:00,0.0015601818558207547,0.009142306215290455,0.0
2016-03-15 23:59:00+00:00,0.0021065614215820495,0.035755649047734234,0.0
2016-03-16 23:59:00+00:00,0.002056291567552918,-0.05740151582242699,0.0
2016-03-17 23:59:00+00:00,0.001721431202033744,0.01896561858749307,0.0
2016-03-21 23:59:00+00:00,0.002004477858129643,-0.03774032798284697,0.0
2016-03-22 23:59:00+00:00,0.0019942292304606707,0.006666691358189297,0.0
2016-03-23 23:59:00+00:00,0.0020083967640834553,0.02298951822469878,0.0
2016-03-29 23:59:00+00:00,0.0012956531707928297,-0.018711038926868467,0.0
2016-03-30 23:59:00+00:00,0.0012603963972640613,-0.0015325673497781163,0.0
2016-03-31 23:59:00+00:00,0.0010156541696284473,0.02124510861373628,0.0
2016-04-01 23:59:00+00:00,-2.2464619539436497e-06,-0.02226812660577084,0.0
2016-04-04 23:59:00+00:00,-0.0002828819145113121,-0.02225188836245502,0.0
2016-04-05 23:59:00+00:00,-1.27129599158391e-05,0.05448025667328119,0.0
2016-04-06 23:59:00+00:00,0.0001781863428057765,-0.013972283195016144,0.0
2016-04-07 23:59:00+00:00,-0.0003648458125070597,-0.03998482410719152,0.0
2016-04-08 23:59:00+00:00,-0.00010270699936671172,0.04699536859340897,0.0
2016-04-11 23:59:00+00:00,0.0002281815553226577,0.015841915465657923,0.0
2016-04-12 23:59:00+00:00,-0.00024204755848276872,-0.032953555938379224,0.0
2016-04-13 23:59:00+00:00,-0.00037440103961342334,-0.035127578626698616,0.0
2016-04-14 23:59:00+00:00,6.950558526440734e-05,0.019782008952038296,0.0
2016-04-15 23:59:00+00:00,0.0004883808884408704,0.07351869694515568,0.0
2016-04-18 23:59:00+00:00,0.0005072432839124588,-0.00914127125698633,0.0
2016-04-19 23:59:00+00:00,-0.0002047119420371269,-0.00048344211722319626,0.0
2016-04-20 23:59:00+00:00,-5.5518180417196e-05,0.03422387238757752,0.0
2016-04-21 23:59:00+00:00,0.00044681210534906193,-0.03664459494464533,0.0
2016-04-22 23:59:00+00:00,0.00024844857519934396,-0.015140704372879421,0.0
2016-04-27 23:59:00+00:00,0.0014237019279105723,0.04700113183373312,0.0
2016-04-28 23:59:00+00:00,0.0020879401107166554,-0.06447730476829495,0.0
2016-04-29 23:59:00+00:00,0.0012803520269314757,0.0213186368361069,0.0
2016-05-02 23:59:00+00:00,0.002221720152673071,0.026024653028965214,0.0
2016-05-03 23:59:00+00:00,0.0018663232905981656,-0.030830044303903494,0.0
2016-05-04 23:59:00+00:00,0.0015211305944156004,0.011970456559221104,0.0
2016-05-05 23:59:00+00:00,0.0020277416361836674,-0.0014289118887580096,0.0
2016-05-06 23:59:00+00:00,0.001627549528236682,0.028197356861837563,0.0
2016-05-09 23:59:00+00:00,0.0014300947176858988,0.006926834438349687,0.0
2016-05-10 23:59:00+00:00,0.0009699822981904574,-0.008317977718581627,0.0
2016-05-11 23:59:00+00:00,0.0009421925195980574,-0.027759957096915217,0.0
2016-05-12 23:59:00+00:00,0.0010939611158161415,-0.0324877056151181,0.0
2016-05-13 23:59:00+00:00,0.0013934110867455862,0.009320646333583723,0.0
2016-05-16 23:59:00+00:00,0.0015692206391461133,-0.023216651575665107,0.0
2016-05-17 23:59:00+00:00,0.001192629276685119,0.018812435990722,0.0
2016-05-18 23:59:00+00:00,0.001068340834639549,0.01121689400244981,0.0
2016-05-19 23:59:00+00:00,0.0013571407271531118,-0.0034005376465700804,0.0
2016-05-20 23:59:00+00:00,0.0012666913125927177,-0.03717900324175413,0.0
2016-05-23 23:59:00+00:00,0.001342733342173546,0.006042314455962662,0.0
2016-05-26 23:59:00+00:00,0.0036146133873477897,0.05341184167281395,0.0
2016-05-27 23:59:00+00:00,0.0033994969402220843,0.03984249398717424,0.0
2016-05-31 23:59:00+00:00,0.002353996670473867,0.010029336052998803,0.0
2016-06-01 23:59:00+00:00,0.0014552431778840455,-0.0029148469524018345,0.0
2016-06-02 23:59:00+00:00,0.0014434746971467426,0.027962348136830083,0.0
2016-06-03 23:59:00+00:00,0.001447461950037376,0.0032388692281435237,0.0
2016-06-06 23:59:00+00:00,0.0015866771185465928,-0.002428167927154844,0.0
2016-06-07 23:59:00+00:00,0.002057759313980131,0.05862051750486749,0.0
2016-06-08 23:59:00+00:00,0.0022317378804342343,-0.023585087032720393,0.0
2016-06-09 23:59:00+00:00,0.00150674158593117,0.01128197144510408,0.0
2016-06-10 23:59:00+00:00,0.0017598581918359193,0.007323216385930496,0.0
2016-06-13 23:59:00+00:00,0.0015454946972577276,-0.003462207728470861,0.0
2016-06-14 23:59:00+00:00,0.0008826832963289733,-0.005797117684325958,0.0
2016-06-15 23:59:00+00:00,0.0007172357803866694,0.016529301951210724,0.0
2016-06-16 23:59:00+00:00,0.0008151612891652807,0.04619070622839999,0.0
2016-06-17 23:59:00+00:00,0.00067100360746535,0.007615630642286279,0.0
2016-06-20 23:59:00+00:00,0.00012112693109472762,-0.03342827321720754,0.0
2016-06-21 23:59:00+00:00,4.085120101129567e-05,0.007813993247348595,0.0
2016-06-22 23:59:00+00:00,0.0005674297328839906,-0.013433037812644278,0.0
2016-06-23 23:59:00+00:00,0.0005521934416037693,0.020082489723529877,0.0
2016-06-28 23:59:00+00:00,0.0014179903069278354,0.021082515771554112,0.0
2016-06-29 23:59:00+00:00,0.0015780083437647787,0.021316997346440828,0.0
2016-06-30 23:59:00+00:00,0.0012268614243805414,-0.07759063332854942,0.0
2016-07-01 23:59:00+00:00,0.000929477190133167,0.007927969452190516,0.0
2016-07-05 23:59:00+00:00,0.0021187162698762347,-0.003235667032951452,0.0
2016-07-06 23:59:00+00:00,0.0019976159960698476,0.008605287953308902,0.0
2016-07-07 23:59:00+00:00,0.0019536893451004298,-0.03598425673996439,0.0
2016-07-08 23:59:00+00:00,0.0020524605426669165,0.011773498763750683,0.0
2016-07-11 23:59:00+00:00,0.002817631162487331,0.0010966917567842122,0.0
2016-07-12 23:59:00+00:00,0.002509683491828757,-0.00366032619509063,0.0
2016-07-13 23:59:00+00:00,0.002437619870562989,0.01057824928796073,0.0
2016-07-14 23:59:00+00:00,0.002408977204075596,-0.012413448922137736,0.0
2016-07-15 23:59:00+00:00,0.002221176045841927,0.002201835751941493,0.0
2016-07-18 23:59:00+00:00,0.002444034380960801,-0.02599477969016217,0.0
2016-07-19 23:59:00+00:00,0.0022616803336546194,0.012710451491427816,0.0
2016-07-20 23:59:00+00:00,0.002575305113428655,0.031086796542181015,0.0
2016-07-21 23:59:00+00:00,0.002175233459186777,-0.010861801211525815,0.0
2016-07-22 23:59:00+00:00,0.001747055366811607,-0.012823037034987602,0.0
2016-07-27 23:59:00+00:00,0.002876764453109101,0.0010436598616477342,0.0
2016-07-28 23:59:00+00:00,0.0013749607486539472,-0.03719217397795894,0.0
2016-07-29 23:59:00+00:00,0.0017139142846918183,-0.013808358934910375,0.0
2016-08-01 23:59:00+00:00,0.002082956745138821,0.03805197054490315,0.0
2016-08-02 23:59:00+00:00,0.0021183328102324624,-0.0017627362223454294,0.0
2016-08-03 23:59:00+00:00,0.0016237809977856603,-0.02212005994083195,0.0
2016-08-04 23:59:00+00:00,0.0016201364465235014,-0.008695706967553708,0.0
2016-08-05 23:59:00+00:00,0.0019401012733606226,-0.049609276843216636,0.0
2016-08-08 23:59:00+00:00,0.002002938989695494,-0.02086629029949816,0.0
2016-08-09 23:59:00+00:00,0.002732139827568358,-0.003912368057713783,0.0
2016-08-10 23:59:00+00:00,0.0030160562482122793,0.013626841189991206,0.0
2016-08-11 23:59:00+00:00,0.0030684455817176857,0.0015455953617805433,0.0
2016-08-12 23:59:00+00:00,0.0028261184858106936,0.010370747836562381,0.0
2016-08-15 23:59:00+00:00,0.0025477130782772224,0.0007639419775660304,0.0
2016-08-16 23:59:00+00:00,0.0024112387864092845,0.02078291315417659,0.0
2016-08-17 23:59:00+00:00,0.002293278367670567,-0.03423689275939598,0.0
2016-08-18 23:59:00+00:00,0.0018429000081445332,0.03610500464211614,0.0
2016-08-19 23:59:00+00:00,0.002120669166845472,0.030149342385545827,0.0
2016-08-22 23:59:00+00:00,0.0012017686098414826,0.012596891423546435,0.0
2016-08-23 23:59:00+00:00,0.0009211036128372817,0.017724675296096903,0.0
2016-08-24 23:59:00+00:00,0.0009732126727101326,0.008745901471266188,0.0
2016-08-29 23:59:00+00:00,-0.00044209390414846417,0.021001821969344758,0.0
2016-08-30 23:59:00+00:00,-0.00014755683811502537,-0.033459715780672014,0.0
2016-08-31 23:59:00+00:00,-0.00021205075849767881,0.0,0.0
2016-09-01 23:59:00+00:00,0.00013742470926180177,-0.02722985445591527,0.0
2016-09-02 23:59:00+00:00,3.9145296414365904e-05,-0.01520518817822862,0.0
2016-09-06 23:59:00+00:00,0.0004508080029851601,0.047436839414287064,0.0
2016-09-07 23:59:00+00:00,0.0007614805994771406,-0.0032125674604464587,0.0
2016-09-08 23:59:00+00:00,0.00014920363360783513,0.04132240558263295,0.0
2016-09-09 23:59:00+00:00,0.00010634159257480848,-0.002060440289391201,0.0
2016-09-12 23:59:00+00:00,-0.0006576503577415335,-0.006898958028966358,0.0
2016-09-13 23:59:00+00:00,-0.0005940562681199483,0.013067586225650725,0.0
2016-09-14 23:59:00+00:00,-0.0003237997056196858,0.0071489666173413895,0.0
2016-09-15 23:59:00+00:00,-0.0005479491271649523,-0.004760294606300119,0.0
2016-09-16 23:59:00+00:00,-0.0005419779268374193,0.03779082028278197,0.0
2016-09-19 23:59:00+00:00,-0.0004409278694894268,0.003276542905125306,0.0
2016-09-20 23:59:00+00:00,-0.000889924607148009,-0.022160655506102328,0.0
2016-09-21 23:59:00+00:00,-0.00073200593307044,-0.01177473654453353,0.0
2016-09-22 23:59:00+00:00,-0.0004008706826676365,0.014113137476464505,0.0
2016-09-23 23:59:00+00:00,-0.00048128876289847743,-0.0003337226795531052,0.0
2016-09-28 23:59:00+00:00,-0.003668507275439225,-0.018073808269981444,0.0
2016-09-29 23:59:00+00:00,-0.0034593625713307498,0.005832920981017655,0.0
2016-09-30 23:59:00+00:00,-0.003176981449327955,0.013929221304731529,0.0
2016-10-03 23:59:00+00:00,-0.0030735199875448487,0.025646701261387028,0.0
2016-10-04 23:59:00+00:00,-0.0033653141790174583,0.002627259310890092,0.0
2016-10-05 23:59:00+00:00,-0.0034352040422623367,0.0461472457265272,0.0
2016-10-06 23:59:00+00:00,-0.003380106848868016,0.025356955354570238,0.0
2016-10-07 23:59:00+00:00,-0.003975215033400283,-0.011670894143107912,0.0
2016-10-10 23:59:00+00:00,-0.003892803830477251,-0.008376037802182847,0.0
2016-10-11 23:59:00+00:00,-0.003723149087442031,0.03999922623269496,0.0
2016-10-12 23:59:00+00:00,-0.0034820846185264994,-0.0169035114380457,0.0
2016-10-13 23:59:00+00:00,-0.003824539908888204,-0.012559515683407357,0.0
2016-10-14 23:59:00+00:00,-0.0034537782187215485,0.005839881358017036,0.0
2016-10-17 23:59:00+00:00,-0.0031220245637673346,-0.028915429721994308,0.0
2016-10-18 23:59:00+00:00,-0.0030715208118715707,-0.009190367332679672,0.0
2016-10-19 23:59:00+00:00,-0.002675846968013214,-0.048264991685947646,0.0
2016-10-20 23:59:00+00:00,-0.002467585519905627,-0.05564622274079936,0.0
2016-10-21 23:59:00+00:00,-0.0017806410300673496,-0.020339684237122672,0.0
2016-10-24 23:59:00+00:00,-0.0008873521837622061,-0.015622479401071917,0.0
2016-10-27 23:59:00+00:00,-0.004910582075652203,-0.02577210001927796,0.0
2016-10-28 23:59:00+00:00,-0.0048515830578546686,-0.04184146090416792,0.0
2016-10-31 23:59:00+00:00,-0.0044104788486722165,-0.03864196956187015,0.0
2016-11-01 23:59:00+00:00,-0.0017871382557947176,-0.008271940711301086,0.0
2016-11-02 23:59:00+00:00,-0.001579834185354147,-0.0007225433840360216,0.0
2016-11-03 23:59:00+00:00,-0.0013978108445894795,0.017553737491007134,0.0
2016-11-04 23:59:00+00:00,-0.0014752810216795312,-0.06719355778162357,0.0
2016-11-07 23:59:00+00:00,-0.001490043864164453,0.021417313099575428,0.0
2016-11-08 23:59:00+00:00,-0.0009434478299381395,-0.021797180150676904,0.0
2016-11-09 23:59:00+00:00,-0.0012341880822452293,-0.004951447937495837,0.0
2016-11-10 23:59:00+00:00,-0.0009681618995702245,0.04844464365753372,0.0
2016-11-11 23:59:00+00:00,-0.0006312415575436923,-0.01465764608015062,0.0
2016-11-14 23:59:00+00:00,-0.0011996223761150475,0.020099342802465232,0.0
2016-11-15 23:59:00+00:00,-0.000934019012159175,-0.02231663861111292,0.0
2016-11-16 23:59:00+00:00,-0.001113039563276134,0.05049756537455225,0.0
2016-11-17 23:59:00+00:00,-0.0008018710177556008,0.036945337682865696,0.0
2016-11-18 23:59:00+00:00,-0.0013769153140377511,0.010789045990818268,0.0
2016-11-21 23:59:00+00:00,-0.0015980753104909544,0.014647399023617304,0.0
2016-11-22 23:59:00+00:00,-0.0018194312235388908,0.019310041991186987,0.0
2016-11-28 23:59:00+00:00,-0.0024284933721327494,0.011099558982010737,0.0
2016-11-29 23:59:00+00:00,-0.002465230157353911,0.044633337866716846,0.0
2016-11-30 23:59:00+00:00,-0.002766702985092238,-0.019882516364544495,0.0
2016-12-01 23:59:00+00:00,-0.003349838867251028,0.06151445383380613,0.0
2016-12-02 23:59:00+00:00,-0.002972441188727925,-0.005213346970332296,0.0
2016-12-05 23:59:00+00:00,-0.0030271192217379583,-0.008842279219526404,0.0
2016-12-06 23:59:00+00:00,-0.0031045518139203882,0.025213722634208846,0.0
2016-12-07 23:59:00+00:00,-0.00303498457697421,0.013708049621731623,0.0
2016-12-08 23:59:00+00:00,-0.003257159271739352,-0.06592763286385568,0.0
2016-12-09 23:59:00+00:00,-0.0035114479347236847,-0.009454303339127806,0.0
2016-12-12 23:59:00+00:00,-0.002654958593254233,0.018820059326769886,0.0
2016-12-13 23:59:00+00:00,-0.0024068737064016493,-0.030400964670399228,0.0
2016-12-14 23:59:00+00:00,-0.002507125587856175,-0.005548269452530447,0.0
2016-12-15 23:59:00+00:00,-0.002117160688920877,-0.006757775093096809,0.0
2016-12-16 23:59:00+00:00,-0.002037137212406414,-0.03877270031847305,0.0
2016-12-19 23:59:00+00:00,-0.0018665319722950598,0.08204452174945828,0.0
2016-12-20 23:59:00+00:00,-0.00200976372196036,-0.0011299436230482256,0.0
2016-12-21 23:59:00+00:00,-0.00272143293854996,0.03444785051472537,0.0
2016-12-22 23:59:00+00:00,-0.002591694086274715,0.026675433235880387,0.0
2016-12-28 23:59:00+00:00,-0.0031119998289494454,-0.020728884651416764,0.0
2016-12-29 23:59:00+00:00,-0.002306823451799449,-0.112727362378481,0.0
2016-12-30 23:59:00+00:00,-0.002047660983713998,-0.018198864417406528,0.0
2017-01-03 23:59:00+00:00,-0.0013292466945914346,0.00183486290011044,0.0
2017-01-04 23:59:00+00:00,-0.0013374959537215936,0.0036596564175303517,0.0
2017-01-05 23:59:00+00:00,-0.0013301034561023157,-0.05699726647033071,0.0
2017-01-06 23:59:00+00:00,-0.001502271324390087,0.05486409485539484,0.0
2017-01-09 23:59:00+00:00,-0.0011776935672921558,-0.01661065567725601,0.0
2017-01-10 23:59:00+00:00,-0.0014139899872451405,0.04902645906656177,0.0
2017-01-11 23:59:00+00:00,-0.0012799241845673336,0.009698826946220696,0.0
2017-01-12 23:59:00+00:00,-0.0014768828981577017,-0.002049481027731542,0.0
2017-01-13 23:59:00+00:00,-0.0013714402845321052,-0.03277028413149643,0.0
2017-01-17 23:59:00+00:00,-0.0011505750604436412,0.01979075088214394,0.0
2017-01-18 23:59:00+00:00,-0.001011117870407866,-0.04991906717396744,0.0
2017-01-19 23:59:00+00:00,-0.001054478774611289,0.012098798119068103,0.0
2017-01-20 23:59:00+00:00,-0.0009187611117155465,0.011039670537330308,0.0
2017-01-23 23:59:00+00:00,-0.0008513343823297286,0.016034226442085034,0.0
2017-01-24 23:59:00+00:00,-0.0008424701889813793,0.014894526171792308,0.0
2017-01-27 23:59:00+00:00,-0.0008521863894885135,-0.036230139873648974,0.0
2017-01-30 23:59:00+00:00,-0.0006175214874372542,0.01622947316697944,0.0
2017-01-31 23:59:00+00:00,-0.0004328250750411308,0.005979561483019887,0.0
2017-02-01 23:59:00+00:00,-0.0004908687917660503,-0.039685207584561025,0.0
2017-02-02 23:59:00+00:00,-0.00032344970217419505,-0.00425323723131806,0.0
2017-02-03 23:59:00+00:00,-0.00031293861098694996,0.02589141393274171,0.0
2017-02-06 23:59:00+00:00,-0.00011658958530162146,-0.0012787725527769762,0.0
2017-02-07 23:59:00+00:00,-0.0001710940362941025,0.004786988557224649,0.0
2017-02-08 23:59:00+00:00,-8.289128431541255e-05,-0.03465933963016906,0.0
2017-02-09 23:59:00+00:00,-4.769524557603287e-05,-0.03011268005971068,0.0
2017-02-10 23:59:00+00:00,0.0002779672688992057,-0.013335810562755278,0.0
2017-02-13 23:59:00+00:00,0.0004610786729099161,0.006861090379945381,0.0
2017-02-14 23:59:00+00:00,0.0005728127929013407,-0.024572961629175032,0.0
2017-02-15 23:59:00+00:00,0.0003477733485190795,-0.0070323777861560225,0.0
2017-02-16 23:59:00+00:00,0.00044561145973144936,-0.10012060221006504,0.0
2017-02-17 23:59:00+00:00,0.00039910452293582524,0.010861239431604634,0.0
2017-02-21 23:59:00+00:00,0.0011386800567549547,0.00959884505798045,0.0
2017-02-24 23:59:00+00:00,-0.00013918257543789401,0.029634508063177935,0.0
2017-02-27 23:59:00+00:00,-0.0002152673679689819,0.00897188864067648,0.0
2017-02-28 23:59:00+00:00,-0.00013180652384108807,0.0017847586390272237,0.0
2017-03-01 23:59:00+00:00,3.3170089074457346e-05,0.008169109539109603,0.0
2017-03-02 23:59:00+00:00,0.00011359963926711779,0.025839426427813623,0.0
2017-03-03 23:59:00+00:00,-1.505046736748495e-05,-0.02690118550827132,0.0
2017-03-06 23:59:00+00:00,-0.0002584328901008206,0.02690118550827132,0.0
2017-03-07 23:59:00+00:00,7.384451908919935e-05,0.024852342898696544,0.0
2017-03-08 23:59:00+00:00,-0.00021419353958085873,0.011367558049629887,0.0
2017-03-09 23:59:00+00:00,-0.00034549650200066124,0.01156846482724069,0.0
2017-03-10 23:59:00+00:00,-0.00044407318617471607,-0.035114793163148486,0.0
2017-03-13 23:59:00+00:00,-0.0004301191697521252,0.014529736944248826,0.0
2017-03-14 23:59:00+00:00,-0.0003873649771221428,-0.02685866023393824,0.0
2017-03-15 23:59:00+00:00,-0.0004491417411804056,0.015726819865094065,0.0
2017-03-16 23:59:00+00:00,-0.0002289130517614703,0.03105943436813742,0.0
2017-03-17 23:59:00+00:00,-0.00031689779716899587,0.016955085007705022,0.0
2017-03-20 23:59:00+00:00,-0.0004308753568118475,-0.026869244203335783,0.0
2017-03-21 23:59:00+00:00,-0.00048274332775381735,0.013197156234935876,0.0
2017-03-22 23:59:00+00:00,-0.0002973043504836426,0.008160645908864833,0.0
2017-03-23 23:59:00+00:00,-0.0002235733424632636,-0.007832938221186947,0.0
2017-03-24 23:59:00+00:00,-0.00022047718443938256,0.01431384230527015,0.0
2017-03-29 23:59:00+00:00,-0.0009035228974325338,-0.0003134304993532261,0.0
2017-03-30 23:59:00+00:00,-0.0009233306250347819,-0.019627094113688525,0.0
2017-03-31 23:59:00+00:00,-0.000933230621191619,0.05140518071116259,0.0
2017-04-03 23:59:00+00:00,-0.0029866881591015873,-0.008233008845953887,0.0
2017-04-04 23:59:00+00:00,-0.003225605219318254,0.01970656466326918,0.0
2017-04-05 23:59:00+00:00,-0.0030892210908032985,-0.021238662404360502,0.0
2017-04-06 23:59:00+00:00,-0.003248682255052162,-0.00707804155173878,0.0
2017-04-07 23:59:00+00:00,-0.003149610231292373,-0.02755340241790177,0.0
2017-04-10 23:59:00+00:00,-0.0030498837859309937,0.011677582597657535,0.0
2017-04-11 23:59:00+00:00,-0.0028942234066883354,0.012472877634625531,0.0
2017-04-12 23:59:00+00:00,-0.0029339481651195843,-0.020031968746313043,0.0
2017-04-13 23:59:00+00:00,-0.0029323260936325504,-0.005707054171107871,0.0
2017-04-17 23:59:00+00:00,-0.0027298449280963016,0.012638398871722849,0.0
2017-04-18 23:59:00+00:00,-0.002684117864217887,-0.008196767204178626,0.0
2017-04-19 23:59:00+00:00,-0.0028334918079588253,-0.018530881701636217,0.0
2017-04-20 23:59:00+00:00,-0.0027530581218478426,-0.011350859668689563,0.0
2017-04-21 23:59:00+00:00,-0.0027052429659462232,-0.0075299095347882185,0.0
2017-04-26 23:59:00+00:00,-0.003338751780091213,0.011358525801630735,0.0
2017-04-27 23:59:00+00:00,-0.003299589438472684,-0.018795808301240214,0.0
2017-04-28 23:59:00+00:00,-0.0034458990431948024,-0.006240269860084623,0.0
2017-05-01 23:59:00+00:00,-0.003546397897698147,0.010275662578204297,0.0
2017-05-02 23:59:00+00:00,-0.003426564031538922,-0.01309653891984568,0.0
2017-05-03 23:59:00+00:00,-0.0034255611644627443,0.024799783060416625,0.0
2017-05-04 23:59:00+00:00,-0.0032380111264424544,-0.029203690775671795,0.0
2017-05-05 23:59:00+00:00,-0.003336911284937238,0.01719060929722321,0.0
2017-05-08 23:59:00+00:00,-0.0032100944033731397,0.01994236974499863,0.0
2017-05-09 23:59:00+00:00,-0.003292027610976159,0.025196293918887266,0.0
2017-05-10 23:59:00+00:00,-0.0034021516632749453,0.014117881545785022,0.0
2017-05-11 23:59:00+00:00,-0.0035717710081199956,-0.022147664467428017,0.0
2017-05-12 23:59:00+00:00,-0.0037686730038552227,-0.036179656577502474,0.0
2017-05-15 23:59:00+00:00,-0.0035044853037770334,-0.011834457647002796,0.0
2017-05-16 23:59:00+00:00,-0.003222579416261442,-0.003137749671967249,0.0
2017-05-17 23:59:00+00:00,-0.0030299031262162345,0.02298951822469878,0.0
2017-05-18 23:59:00+00:00,-0.002907111772149145,0.022472855852058576,0.0
2017-05-19 23:59:00+00:00,-0.0030843185501027433,-0.03390155167568146,0.0
2017-05-22 23:59:00+00:00,-0.003242559247323336,-0.0031113901889511957,0.0
2017-05-23 23:59:00+00:00,-0.0030346616662427703,-0.00782109414558324,0.0
2017-05-26 23:59:00+00:00,-0.0029182626041529464,-0.023810648693718447,0.0
2017-05-30 23:59:00+00:00,-0.0025469030928654637,-0.020727835371092004,0.0
2017-05-31 23:59:00+00:00,-0.002429855994790672,-0.0029965063207213123,0.0
2017-06-01 23:59:00+00:00,-0.0024224968696594197,-0.005684683424325309,0.0
2017-06-02 23:59:00+00:00,-0.002369295737895894,0.01992097749455435,0.0
2017-06-05 23:59:00+00:00,-0.0023808713383072075,-0.0072583624503227305,0.0
2017-06-06 23:59:00+00:00,-0.0026268849809908245,0.002645504188424175,0.0
2017-06-07 23:59:00+00:00,-0.002387478456092012,0.003626178359453665,0.0
2017-06-08 23:59:00+00:00,-0.002364006587575803,-0.004948055617369525,0.0
2017-06-09 23:59:00+00:00,-0.0024264036933699788,-0.019366214601546104,0.0
2017-06-12 23:59:00+00:00,-0.002432208356447609,-0.011188453720426548,0.0
2017-06-13 23:59:00+00:00,-0.0024194622523876505,0.04108108130896007,0.0
2017-06-14 23:59:00+00:00,-0.002409661346381569,-0.006236685240662381,0.0
2017-06-15 23:59:00+00:00,-0.002622237634757606,-0.04823055785431951,0.0
2017-06-16 23:59:00+00:00,-0.002538028027967867,0.004481993367446811,0.0
2017-06-19 23:59:00+00:00,-0.0022218401420930245,-0.004827595582740945,0.0
2017-06-20 23:59:00+00:00,-0.0021737366477138547,0.0003456022152942702,0.0
2017-06-21 23:59:00+00:00,-0.002072106320051347,0.012021439636304126,0.0
2017-06-22 23:59:00+00:00,-0.002134599891994558,0.032910962193985246,0.0
2017-06-23 23:59:00+00:00,-0.002166791031703947,0.0032981560240301147,0.0
2017-06-28 23:59:00+00:00,-0.001375599733310428,-0.002303769325639391,0.0
2017-06-29 23:59:00+00:00,-0.0013337857551959686,-0.028067328550659288,0.0
2017-06-30 23:59:00+00:00,-0.0012825705792565557,-0.03834004378768774,0.0
2017-07-03 23:59:00+00:00,-0.0008979156556078316,0.0167601688574651,0.0
2017-07-05 23:59:00+00:00,-0.0008409134193378707,-0.008344971932180647,0.0
2017-07-06 23:59:00+00:00,-0.0010169542435732265,0.022441818747197334,0.0
2017-07-07 23:59:00+00:00,-0.0009041587602876788,0.039496432157975665,0.0
2017-07-10 23:59:00+00:00,-0.0009323822664395574,-0.02055775315900662,0.0
2017-07-11 23:59:00+00:00,-0.0011966041378253256,-0.008072697725111176,0.0
2017-07-12 23:59:00+00:00,-0.0009781376154347752,0.006396251397859011,0.0
2017-07-13 23:59:00+00:00,-0.0008875103835924421,0.013333530869465168,0.0
2017-07-14 23:59:00+00:00,-0.0008108682821994101,0.02226680077575145,0.0
2017-07-17 23:59:00+00:00,-0.0009946558067348847,-0.00714985171290738,0.0
2017-07-18 23:59:00+00:00,-0.00123649766724782,-0.0075299095347882185,0.0
2017-07-19 23:59:00+00:00,-0.001118020773676439,-0.02428191810022578,0.0
2017-07-20 23:59:00+00:00,-0.0010928387411598336,-0.02419610287508989,0.0
2017-07-21 23:59:00+00:00,-0.0008332461338556381,0.015403350927111256,0.0
2017-07-24 23:59:00+00:00,-0.0006818971610957256,-0.006816658979097792,0.0
2017-07-27 23:59:00+00:00,-0.0006183589468436035,-0.05127539873708784,0.0
2017-07-28 23:59:00+00:00,-0.0005043950214421116,0.008907951297205428,0.0
2017-07-31 23:59:00+00:00,-5.431383119528085e-05,-0.0028419202075806995,0.0
2017-08-01 23:59:00+00:00,-0.0002693206481943444,-0.003920874743236663,0.0
2017-08-02 23:59:00+00:00,-0.00014887811184940405,-0.009329095288518338,0.0
2017-08-03 23:59:00+00:00,-0.00010827981764611203,0.009686174385331653,0.0
2017-08-04 23:59:00+00:00,-3.851898488009932e-05,0.007469357152650689,0.0
2017-08-07 23:59:00+00:00,-0.00018819467361366206,0.021385565225642826,0.0
2017-08-08 23:59:00+00:00,-0.0002895144168102717,0.03476832818830027,0.0
2017-08-09 23:59:00+00:00,-0.0005216054408637733,-0.0006702413119538506,0.0
2017-08-10 23:59:00+00:00,-0.0009498803147525368,-0.008078132114538818,0.0
2017-08-11 23:59:00+00:00,-0.0008681370730019938,-0.008143920138012793,0.0
2017-08-14 23:59:00+00:00,-0.0006854989694503906,-0.01545095115571899,0.0
2017-08-15 23:59:00+00:00,-0.0006031209165427367,0.013404565721255509,0.0
2017-08-16 23:59:00+00:00,-0.00040634122274535325,-0.012367041851598414,0.0
2017-08-17 23:59:00+00:00,-0.000502225396560563,0.02357068985160911,0.0
2017-08-18 23:59:00+00:00,-0.0004343478394712284,-0.00779532840882673,0.0
2017-08-21 23:59:00+00:00,-0.0007721048421059619,-0.003749791337715193,0.0
2017-08-22 23:59:00+00:00,-0.0007031724405825046,0.007146533734074087,0.0
2017-08-23 23:59:00+00:00,-0.0005639369519343523,-0.019517825536620903,0.0
2017-08-24 23:59:00+00:00,-0.0006622356834977408,0.011346176387301522,0.0
2017-08-29 23:59:00+00:00,-0.0016183911208984898,0.03378812798135003,0.0
2017-08-30 23:59:00+00:00,-0.0014458665319945336,0.009820046180975294,0.0
2017-08-31 23:59:00+00:00,-0.0018464347215380581,-0.03244243474359302,0.0
2017-09-01 23:59:00+00:00,-0.0017855659352928718,0.009377161812597005,0.0
2017-09-05 23:59:00+00:00,-0.0014539899758674439,-0.006353473972175379,0.0
2017-09-06 23:59:00+00:00,-0.0014947946844991139,-0.031002312571593485,0.0
2017-09-07 23:59:00+00:00,-0.0013737913683241373,0.02054866822738776,0.0
2017-09-08 23:59:00+00:00,-0.0010141949792585345,0.017140396106501445,0.0
2017-09-11 23:59:00+00:00,-0.0010753246347348683,0.018815541048640392,0.0
2017-09-12 23:59:00+00:00,-0.0012952672066230413,0.003916454092235142,0.0
2017-09-13 23:59:00+00:00,-0.0015275084130550918,-0.015097103281819138,0.0
2017-09-14 23:59:00+00:00,-0.0016658265848433006,0.03955134631879952,0.0
2017-09-15 23:59:00+00:00,-0.0013943576867704033,-0.007657982542845795,0.0
2017-09-18 23:59:00+00:00,-0.0018511260602848832,-0.009009069942365968,0.0
2017-09-19 23:59:00+00:00,-0.0016731563744651844,-0.04901643411043579,0.0
2017-09-20 23:59:00+00:00,-0.0015793097324539684,0.0044030553776340485,0.0
2017-09-21 23:59:00+00:00,-0.0010850935602172388,-0.01361028154609495,0.0
2017-09-22 23:59:00+00:00,-0.0010462603518864933,-0.0003426417713837803,0.0
2017-09-27 23:59:00+00:00,-0.005018425947782847,-0.003320056170531901,0.0
2017-09-28 23:59:00+00:00,-0.004813891100796319,-0.030730089859980374,0.0
2017-09-29 23:59:00+00:00,-0.0048277614438506445,-0.007227703121453145,0.0
2017-10-02 23:59:00+00:00,-0.0042662996178505766,0.01542447032563173,0.0
2017-10-03 23:59:00+00:00,-0.004115689069309116,-0.005799095221481352,0.0
2017-10-04 23:59:00+00:00,-0.004316385608190062,-0.020740460013130953,0.0
2017-10-05 23:59:00+00:00,-0.004114951134754644,-0.010533805267598435,0.0
2017-10-06 23:59:00+00:00,-0.0038046757002369027,0.020266242185829467,0.0
2017-10-09 23:59:00+00:00,-0.0035377036702198194,-0.0006920415501109158,0.0
2017-10-10 23:59:00+00:00,-0.003853068633039986,0.03402846181770257,0.0
2017-10-11 23:59:00+00:00,-0.003969469968297055,0.0036734053663088884,0.0
2017-10-12 23:59:00+00:00,-0.004470019608455144,-0.018163970627671066,0.0
2017-10-13 23:59:00+00:00,-0.004400607056633956,0.005416397805168451,0.0
2017-10-16 23:59:00+00:00,-0.004014138531583066,-0.03714319679096245,0.0
2017-10-17 23:59:00+00:00,-0.004080510238427444,0.00663526094250797,0.0
2017-10-18 23:59:00+00:00,-0.003384982301004468,0.014513039805303132,0.0
2017-10-19 23:59:00+00:00,-0.0033984412870140465,0.02573795984535532,0.0
2017-10-20 23:59:00+00:00,-0.0036777665441484024,-0.00569993160984759,0.0
2017-10-23 23:59:00+00:00,-0.00421836362644541,-0.01866675616598563,0.0
2017-10-24 23:59:00+00:00,-0.004123807108040052,-0.009984589747636831,0.0
2017-10-27 23:59:00+00:00,-0.006130277444212525,-0.023883769192270546,0.0
2017-10-30 23:59:00+00:00,-0.006015427275999272,-0.0010364485294718936,0.0
2017-10-31 23:59:00+00:00,-0.005687658131100125,0.01441342728606191,0.0
2017-11-01 23:59:00+00:00,-0.0024231616388287053,0.016557229061454595,0.0
2017-11-02 23:59:00+00:00,-0.002558647887408229,0.04904546159231465,0.0
2017-11-03 23:59:00+00:00,-0.002720304261229239,0.005727028061803607,0.0
2017-11-06 23:59:00+00:00,-0.0031068444494065624,0.007270460349022238,0.0
2017-11-07 23:59:00+00:00,-0.003149310959500623,0.007843177461026099,0.0
2017-11-08 23:59:00+00:00,-0.0032223520769063888,0.004054270328040403,0.0
2017-11-09 23:59:00+00:00,-0.003349388739480379,-0.014420312577218762,0.0
2017-11-10 23:59:00+00:00,-0.0033750309434523278,-0.020737702802155658,0.0
2017-11-13 23:59:00+00:00,-0.0030193067392080787,-0.0071174677688638785,0.0
2017-11-14 23:59:00+00:00,-0.002783891581944408,-0.008804883232742295,0.0
2017-11-15 23:59:00+00:00,-0.002690986330986668,0.014309187238325043,0.0
2017-11-16 23:59:00+00:00,-0.0024733659427049,-0.016276400987493733,0.0
2017-11-17 23:59:00+00:00,-0.002635020036360567,-0.00989453982664804,0.0
2017-11-20 23:59:00+00:00,-0.002501590400341161,-0.016374634871789955,0.0
2017-11-21 23:59:00+00:00,-0.0023392471119632837,-0.05363679579741417,0.0
2017-11-22 23:59:00+00:00,-0.0021913191213862246,0.04006806659134528,0.0
2017-11-28 23:59:00+00:00,-0.0030089771441733455,-0.049655590445860834,0.0
2017-11-29 23:59:00+00:00,-0.0032535798737761694,0.011830568480470665,0.0
2017-11-30 23:59:00+00:00,-0.002990846453540618,-0.025141913118710016,0.0
2017-12-01 23:59:00+00:00,-0.0032131010731638564,-0.024073039071552282,0.0
2017-12-04 23:59:00+00:00,-0.0029197167665237053,0.0027416055554947178,0.0
2017-12-05 23:59:00+00:00,-0.0025877095640456354,-0.05595126738722837,0.0
2017-12-06 23:59:00+00:00,-0.002581612181926868,0.003252035386377316,0.0
2017-12-07 23:59:00+00:00,-0.0022352815583287014,0.02000066670666965,0.0
2017-12-08 23:59:00+00:00,-0.002419023210271835,-0.05449950076534556,0.0
2017-12-11 23:59:00+00:00,-0.0027777306020323727,0.013721706116917974,0.0
2017-12-12 23:59:00+00:00,-0.0023012595328933665,-0.011483734276463304,0.0
2017-12-13 23:59:00+00:00,-0.0025166187323997086,-0.02719200769525077,0.0
2017-12-14 23:59:00+00:00,-0.0023048943016317153,0.04966486354730922,0.0
2017-12-15 23:59:00+00:00,-0.002130229205729498,-0.019496663179012552,0.0
2017-12-18 23:59:00+00:00,-0.0027943259838061293,-0.020642504411331773,0.0
2017-12-19 23:59:00+00:00,-0.0024751422933077406,-0.014899989122741876,0.0
2017-12-20 23:59:00+00:00,-0.002464531958973665,0.026212326951469328,0.0
2017-12-21 23:59:00+00:00,-0.002400296430051783,-0.009039609577725134,0.0
2017-12-27 23:59:00+00:00,-0.0020193896364529536,0.013294894988772446,0.0
2017-12-28 23:59:00+00:00,-0.0031905098520208838,0.0342852685424886,0.0
2017-12-29 23:59:00+00:00,-0.0032506335767202403,-0.015831465216680628,0.0
2018-01-02 23:59:00+00:00,-0.0037510316865720424,-0.04348511193973889,0.0
2018-01-03 23:59:00+00:00,-0.003254859971213187,-0.02995818754079203,0.0
2018-01-04 23:59:00+00:00,-0.002725960131762974,0.014209830572653003,0.0
2018-01-05 23:59:00+00:00,-0.0023057352189395433,0.03056854894939358,0.0
2018-01-08 23:59:00+00:00,-0.002409464366189066,-0.00583292098101766,0.0
2018-01-09 23:59:00+00:00,-0.002794731498906227,0.059449890552991866,0.0
2018-01-10 23:59:00+00:00,-0.0027791990539417096,0.03692335410459789,0.0
2018-01-11 23:59:00+00:00,-0.00370304210803966,-0.022437345118935807,0.0
2018-01-12 23:59:00+00:00,-0.004394605229023086,0.03238767597210391,0.0
2018-01-16 23:59:00+00:00,-0.003976833216231106,-0.013393752630928419,0.0
2018-01-17 23:59:00+00:00,-0.004461126316362115,-0.001255099003793952,0.0
2018-01-18 23:59:00+00:00,-0.0035905524835923098,0.012170535620255335,0.0
2018-01-19 23:59:00+00:00,-0.0035797670433227284,0.06601076192110243,0.0
2018-01-22 23:59:00+00:00,-0.0036636538784066393,0.018697510035593598,0.0
2018-01-23 23:59:00+00:00,-0.0045786140398751405,-0.01782680906634965,0.0
2018-01-24 23:59:00+00:00,-0.004825122132830125,0.016686232951825128,0.0
2018-01-29 23:59:00+00:00,-0.001952875882882749,-0.06464285626208535,0.0
2018-01-30 23:59:00+00:00,-0.00196856868854019,-0.04752218709007485,0.0
2018-01-31 23:59:00+00:00,-0.0014379761161611908,-0.0035075448096772025,0.0
2018-02-01 23:59:00+00:00,-0.0010302641902344874,-0.035405092554523884,0.0
2018-02-02 23:59:00+00:00,-0.0009943321740002945,0.004358888122012228,0.0
2018-02-05 23:59:00+00:00,-0.000995620862128467,-0.02087605569714189,0.0
2018-02-06 23:59:00+00:00,-0.0010588371383160552,-0.001852195380414129,0.0
2018-02-07 23:59:00+00:00,-0.0008665685476349114,-0.04280145823723752,0.0
2018-02-08 23:59:00+00:00,-0.000845952686529123,-0.012461220437812002,0.0
2018-02-09 23:59:00+00:00,-0.0005636835783990858,0.01632372041170864,0.0
2018-02-12 23:59:00+00:00,-0.000537526747479455,-0.002702182690359973,0.0
2018-02-13 23:59:00+00:00,-0.0005782439435368155,-0.002709504270366112,0.0
2018-02-14 23:59:00+00:00,-0.0005501997500314304,-0.008563695776875213,0.0
2018-02-15 23:59:00+00:00,-0.0005284479104614518,0.022420730438301468,0.0
2018-02-16 23:59:00+00:00,-0.00047496836097268543,0.01630367866593044,0.0
2018-02-20 23:59:00+00:00,-0.0005523229225248538,-0.009446508939793402,0.0
2018-02-21 23:59:00+00:00,-0.000697048044219468,-0.0034227072775021715,0.0
2018-02-26 23:59:00+00:00,-0.0009164028710589062,-0.00598132624360982,0.0
2018-02-27 23:59:00+00:00,-0.0008653026303177911,0.011556512585686943,0.0
2018-02-28 23:59:00+00:00,-0.0008261567226178658,-0.0011125534246037014,0.0
2018-03-01 23:59:00+00:00,-0.000828261701499808,0.003333953819757261,0.0
2018-03-02 23:59:00+00:00,-0.000830342321167753,0.016505051002391045,0.0
2018-03-05 23:59:00+00:00,-0.0008199215174695079,0.010133999141553858,0.0
2018-03-06 23:59:00+00:00,-0.0008757717884884484,-0.007590855173250517,0.0
2018-03-07 23:59:00+00:00,-0.0008686187493058453,-0.008746411442868298,0.0
2018-03-08 23:59:00+00:00,-0.0007359311964304706,0.016697302623608325,0.0
2018-03-09 23:59:00+00:00,-0.0006987750185001879,0.0028756310254620257,0.0
2018-03-12 23:59:00+00:00,-0.00076401460070373,-0.019939032866046015,0.0
2018-03-13 23:59:00+00:00,-0.0007434323274219917,-0.018477983237745597,0.0
2018-03-14 23:59:00+00:00,-0.0006310127420012475,0.002607563407080991,0.0
2018-03-15 23:59:00+00:00,-0.0005700929364464927,-0.013860495354014714,0.0
2018-03-16 23:59:00+00:00,-0.0005809334358156955,0.00901245304108131,0.0
2018-03-19 23:59:00+00:00,-0.0004735290511311193,-0.013928326052846957,0.0
2018-03-20 23:59:00+00:00,-0.0005058124696237852,-0.007992430747114032,0.0
2018-03-21 23:59:00+00:00,-0.0004576492949496438,-0.009984721968035773,0.0
2018-03-22 23:59:00+00:00,-0.00038625273149559306,0.010366765907735118,0.0
2018-03-27 23:59:00+00:00,-0.0009104728459358733,0.012889149160366873,0.0
2018-03-28 23:59:00+00:00,-0.0008948025224987481,-0.018464335502444005,0.0
2018-03-29 23:59:00+00:00,-0.0009637446096618398,0.00520447271410588,0.0
2018-04-02 23:59:00+00:00,-0.0031677676035598325,0.007756271571359065,0.0
2018-04-03 23:59:00+00:00,-0.0031776434173684523,-0.015946935380982144,0.0
2018-04-04 23:59:00+00:00,-0.003160996611704895,0.009672694462508766,0.0
2018-04-05 23:59:00+00:00,-0.002967277408940115,-0.0029662609810166404,0.0
2018-04-06 23:59:00+00:00,-0.003114476679489887,-0.013834582215274427,0.0
2018-04-09 23:59:00+00:00,-0.0032394582729463506,0.007128148733782375,0.0
2018-04-10 23:59:00+00:00,-0.0031426898858053186,0.00410371775307601,0.0
2018-04-11 23:59:00+00:00,-0.003249230592625771,0.01807833777289878,0.0
2018-04-12 23:59:00+00:00,-0.0033434358359915707,0.006196484197152584,0.0
2018-04-13 23:59:00+00:00,-0.0035215051939081364,-0.005100193204840035,0.0
2018-04-16 23:59:00+00:00,-0.003455645972946307,0.0003651634146838371,0.0
2018-04-17 23:59:00+00:00,-0.0033744729245202103,-0.02926676748733325,0.0
2018-04-18 23:59:00+00:00,-0.0034706626669358614,0.029266767487333322,0.0
2018-04-19 23:59:00+00:00,-0.0033275698488091044,0.00036503011903783506,0.0
2018-04-20 23:59:00+00:00,-0.0035996274197226726,0.014852654851848847,0.0
2018-04-23 23:59:00+00:00,-0.0036097817282330605,0.0017963001057862051,0.0
2018-04-26 23:59:00+00:00,-0.0038407357203614862,-0.0028912199395618545,0.0
2018-04-27 23:59:00+00:00,-0.0036638515348496395,0.014016401973535783,0.0
2018-04-30 23:59:00+00:00,-0.003728905665600288,-0.017279047608352176,0.0
2018-05-01 23:59:00+00:00,-0.0037625962775334476,-0.010219067032122258,0.0
2018-05-02 23:59:00+00:00,-0.0036707020517325337,-0.005517762757812423,0.0
2018-05-03 23:59:00+00:00,-0.0037372494847495285,0.011005246804120255,0.0
2018-05-04 23:59:00+00:00,-0.003772742647371252,-0.00328887561210503,0.0
2018-05-07 23:59:00+00:00,-0.0038724156201480602,0.0018284883499982902,0.0
2018-05-08 23:59:00+00:00,-0.003842987334450214,0.02774452863365522,0.0
2018-05-09 23:59:00+00:00,-0.0038405425876234696,-0.0028469770119281513,0.0
2018-05-10 23:59:00+00:00,-0.0038307181710825287,0.012748047994639664,0.0
2018-05-11 23:59:00+00:00,-0.003699086045139162,-0.002113421005027858,0.0
2018-05-14 23:59:00+00:00,-0.0038155114294469625,-0.007432347078227294,0.0
2018-05-15 23:59:00+00:00,-0.003849821918089607,0.015509651748521045,0.0
2018-05-16 23:59:00+00:00,-0.00376078646287889,-0.0042061050442742005,0.0
2018-05-17 23:59:00+00:00,-0.003698606252539922,-0.013081324950246059,0.0
2018-05-18 23:59:00+00:00,-0.0035638632610802833,0.03428107632561849,0.0
2018-05-21 23:59:00+00:00,-0.0034100767198449624,0.0020611481017403185,0.0
2018-05-22 23:59:00+00:00,-0.003635733946608596,0.008882873577577098,0.0
2018-05-23 23:59:00+00:00,-0.0035181627628512366,-0.00034019391380990917,0.0
2018-05-29 23:59:00+00:00,-0.0028322647255532175,0.02295800677816329,0.0
2018-05-30 23:59:00+00:00,-0.0028038927385824687,0.0033818091073810784,0.0
2018-05-31 23:59:00+00:00,-0.0029995128804336992,-0.010862292816631118,0.0
2018-06-01 23:59:00+00:00,-0.0030003244092535676,-0.013745920904635126,0.0
2018-06-04 23:59:00+00:00,-0.0028815361542660323,0.002073972399129172,0.0
2018-06-05 23:59:00+00:00,-0.002759360472190547,0.011671948505506126,0.0
2018-06-06 23:59:00+00:00,-0.0027480090525340587,-0.013745920904635126,0.0
2018-06-07 23:59:00+00:00,-0.0027596092432013745,0.02020962770879838,0.0
2018-06-08 23:59:00+00:00,-0.0027030384034544344,-0.003396742396358763,0.0
2018-06-11 23:59:00+00:00,-0.002972769773253915,0.008132881154647987,0.0
2018-06-12 23:59:00+00:00,-0.0028592995397932934,0.0006747638582605389,0.0
2018-06-13 23:59:00+00:00,-0.002908101330161604,0.019041831400859025,0.0
2018-06-14 23:59:00+00:00,-0.0028363821658323996,-0.02377476788974543,0.0
2018-06-15 23:59:00+00:00,-0.003019341619150703,-0.017433358968374075,0.0
2018-06-18 23:59:00+00:00,-0.0027978484245470402,0.021828970441412198,0.0
2018-06-19 23:59:00+00:00,-0.0027908099767511565,0.00370433156375258,0.0
2018-06-20 23:59:00+00:00,-0.0029064327525791843,-0.01013522189404313,0.0
2018-06-21 23:59:00+00:00,-0.0029906417818489754,-0.007498330974441079,0.0
2018-06-22 23:59:00+00:00,-0.00296782847968306,0.005458901307671431,0.0
2018-06-27 23:59:00+00:00,-0.001991877791381888,-0.005457039463058201,0.0
2018-06-28 23:59:00+00:00,-0.001814816534936143,-0.021431860753272882,0.0
2018-06-29 23:59:00+00:00,-0.0018171163035179089,0.00279134863727055,0.0
2018-07-02 23:59:00+00:00,-0.0015985149645826153,-0.01156487394481544,0.0
2018-07-03 23:59:00+00:00,-0.0016548094508827154,0.007374923680961402,0.0
2018-07-05 23:59:00+00:00,-0.0016297091500546588,-0.010552331473349398,0.0
2018-07-06 23:59:00+00:00,-0.0017721866707534153,-0.014245255136048917,0.0
2018-07-09 23:59:00+00:00,-0.00165056374360653,0.014598799421152851,0.0
2018-07-10 23:59:00+00:00,-0.0014997208439052312,-0.011375878099607458,0.0
2018-07-11 23:59:00+00:00,-0.0015685244813848404,-0.016219494148725585,0.0
2018-07-12 23:59:00+00:00,-0.0014532948663486893,0.002540375164051892,0.0
2018-07-13 23:59:00+00:00,-0.0013518157566334912,-0.0069103748351700914,0.0
2018-07-16 23:59:00+00:00,-0.0015216812375931426,-0.006958460598869678,0.0
2018-07-17 23:59:00+00:00,-0.0015137338367823998,0.01748678438771559,0.0
2018-07-18 23:59:00+00:00,-0.0014468952245284866,-0.0043431121471651365,0.0
2018-07-19 23:59:00+00:00,-0.0015951781438396746,-0.01314367224055048,0.0
2018-07-20 23:59:00+00:00,-0.0015132421458651053,0.004034481907434327,0.0
2018-07-23 23:59:00+00:00,-0.00134159694441684,0.015616805489854196,0.0
2018-07-24 23:59:00+00:00,-0.001276568126012177,0.0018001805041478473,0.0
2018-07-27 23:59:00+00:00,-0.0012595441041038029,-0.005377320718571515,0.0
2018-07-30 23:59:00+00:00,-0.00124407455354199,-0.008664314130141081,0.0
2018-07-31 23:59:00+00:00,-0.0012510509411590496,0.020811658924685915,0.0
2018-08-01 23:59:00+00:00,-0.0013141305207954887,0.013053633935567018,0.0
2018-08-02 23:59:00+00:00,-0.0015750842860098747,0.0024505526003981877,0.0
2018-08-03 23:59:00+00:00,-0.0015972434974380247,0.01285409395545206,0.0
2018-08-06 23:59:00+00:00,-0.0015864300433250645,0.017790411045925877,0.0
2018-08-07 23:59:00+00:00,-0.001658060472752183,0.0020325210249224307,0.0
2018-08-08 23:59:00+00:00,-0.0017894250690793589,-0.0037294499914317125,0.0
2018-08-09 23:59:00+00:00,-0.0018463779852507032,-0.0047667778376538185,0.0
2018-08-10 23:59:00+00:00,-0.001849488885732494,0.009848950389096608,0.0
2018-08-13 23:59:00+00:00,-0.0017477753524565939,-0.006441792067482356,0.0
2018-08-14 23:59:00+00:00,-0.0017323933304631534,-0.010944021679317368,0.0
2018-08-15 23:59:00+00:00,-0.0016341166139561517,0.012982758369165655,0.0
2018-08-16 23:59:00+00:00,-0.0015663496097475952,-0.0016986584685806721,0.0
2018-08-17 23:59:00+00:00,-0.0016380695108090867,0.013173640945455098,0.0
2018-08-20 23:59:00+00:00,-0.001766510641593218,-0.008086297431357707,0.0
2018-08-21 23:59:00+00:00,-0.001920646164190288,0.002702704347885073,0.0
2018-08-22 23:59:00+00:00,-0.001810235111514028,-0.015984016548256156,0.0
2018-08-23 23:59:00+00:00,-0.0017798655706306214,-0.014155251026784135,0.0
2018-08-24 23:59:00+00:00,-0.0016679525451761303,-0.00837993730675081,0.0
2018-08-29 23:59:00+00:00,-0.0026848000066072557,0.014508026489578416,0.0
2018-08-30 23:59:00+00:00,-0.0027755791086959826,-0.032412664875059435,0.0
2018-08-31 23:59:00+00:00,-0.002809408844083947,-0.009968042664289767,0.0
2018-09-04 23:59:00+00:00,-0.0026200066715262108,-0.008263025279405693,0.0
2018-09-05 23:59:00+00:00,-0.002625376097306113,0.001441961316901184,0.0
2018-09-06 23:59:00+00:00,-0.002561462834631938,0.010035926527785654,0.0
2018-09-07 23:59:00+00:00,-0.002679427730634295,0.008522778861982615,0.0
2018-09-10 23:59:00+00:00,-0.0027434638937315695,0.0003535442851039067,0.0
2018-09-11 23:59:00+00:00,-0.0028170472271369534,-0.0042508034251946,0.0
2018-09-12 23:59:00+00:00,-0.0028030275779878894,-0.017908788089446803,0.0
2018-09-13 23:59:00+00:00,-0.002820107649956627,0.016843257887408425,0.0
2018-09-14 23:59:00+00:00,-0.002733604570583655,0.04141883130311654,0.0
2018-09-17 23:59:00+00:00,-0.003052918433396135,-0.008560230324041022,0.0
2018-09-18 23:59:00+00:00,-0.0035608436685863705,0.023114557299572482,0.0
2018-09-19 23:59:00+00:00,-0.003437186678350172,0.00033596506279381656,0.0
2018-09-20 23:59:00+00:00,-0.003582831878719759,0.02028332213994167,0.0
2018-09-21 23:59:00+00:00,-0.003417398793298155,0.014379332724342832,0.0
2018-09-26 23:59:00+00:00,-0.006537004972800994,-0.015831465216680628,0.0
2018-09-27 23:59:00+00:00,-0.007281541083659504,0.028189346063281023,0.0
2018-09-28 23:59:00+00:00,-0.006814421570100697,0.023004209307945948,0.0
2018-10-01 23:59:00+00:00,-0.007310713315046132,0.02001317577574483,0.0
2018-10-02 23:59:00+00:00,-0.006836740811464571,-0.020329081638425672,0.0
2018-10-03 23:59:00+00:00,-0.007196069851579713,-0.006975297780708998,0.0
2018-10-04 23:59:00+00:00,-0.006764980181789901,0.038694374803502685,0.0
2018-10-05 23:59:00+00:00,-0.0065080723946135295,-0.0003061380706597192,0.0
2018-10-08 23:59:00+00:00,-0.007140854358720376,0.005496197041908431,0.0
2018-10-09 23:59:00+00:00,-0.006350411475063101,-0.019059906835399064,0.0
2018-10-10 23:59:00+00:00,-0.006338588308141236,-0.019113851521301968,0.0
2018-10-11 23:59:00+00:00,-0.00587709548868102,0.02530199008000358,0.0
2018-10-12 23:59:00+00:00,-0.005559288133097729,-0.0009257831242921471,0.0
2018-10-15 23:59:00+00:00,-0.0060830233000637715,0.02470014273920488,0.0
2018-10-16 23:59:00+00:00,-0.005813630813225151,-0.037439168516634654,0.0
2018-10-17 23:59:00+00:00,-0.006211934393983013,0.016129381929883717,0.0
2018-10-18 23:59:00+00:00,-0.00572860548741286,-0.035069342030805355,0.0
2018-10-19 23:59:00+00:00,-0.005958483173416182,0.023308141773674403,0.0
2018-10-22 23:59:00+00:00,-0.00562127899536883,-0.014424834625694893,0.0
2018-10-23 23:59:00+00:00,-0.0057548576208160335,0.011306653115702519,0.0
2018-10-24 23:59:00+00:00,-0.005712756514390001,-0.005323325550396199,0.0
2018-10-29 23:59:00+00:00,-0.007268535164702202,0.022953861371982767,0.0
2018-10-30 23:59:00+00:00,-0.007291242829508906,-0.007386921863074824,0.0
2018-10-31 23:59:00+00:00,-0.007576415172032336,0.014415216646074414,0.0
2018-11-01 23:59:00+00:00,-0.006154610569056249,0.08266271478657282,0.0
2018-11-02 23:59:00+00:00,-0.006433223029483879,-0.003369843121550324,0.0
2018-11-05 23:59:00+00:00,-0.007867969821023741,0.0,0.0
2018-11-06 23:59:00+00:00,-0.007701063067719405,-0.003381237371869236,0.0
2018-11-07 23:59:00+00:00,-0.007636040984552885,0.04848098905959793,0.0
2018-11-08 23:59:00+00:00,-0.005193735565524383,0.01838336038089885,0.0
2018-11-09 23:59:00+00:00,-0.005783915134276934,0.07939267108609052,0.0
2018-11-12 23:59:00+00:00,-0.005925688743498691,0.1650638474309238,0.0
2018-11-13 23:59:00+00:00,-0.007040637357281336,-0.18054517395020034,0.0
2018-11-14 23:59:00+00:00,-0.009277415046864792,0.05633258176724798,0.0
2018-11-15 23:59:00+00:00,-0.002996397201996283,0.09548040705811926,0.0
2018-11-16 23:59:00+00:00,-0.0032729891225211317,-0.03838701822030691,0.0
2018-11-19 23:59:00+00:00,-0.00351642903308543,-0.01604670046198883,0.0
2018-11-20 23:59:00+00:00,-0.0034426744509510583,-0.03265503073957512,0.0
2018-11-21 23:59:00+00:00,-0.003380857016697162,-0.01402547535450432,0.0
2018-11-23 23:59:00+00:00,0.00015285407871654035,0.003290249736787555,0.0
2018-11-28 23:59:00+00:00,0.00033707123307320536,-0.007345031941404783,0.0
2018-11-29 23:59:00+00:00,0.00034106804716062006,-0.06101769559059881,0.0
2018-11-30 23:59:00+00:00,0.0003072348871554195,0.0268319871482049,0.0
2018-12-03 23:59:00+00:00,0.0001743674353428009,0.0026887759868958728,0.0
2018-12-04 23:59:00+00:00,-0.0019882079077987278,-0.03229020870856684,0.0
2018-12-05 23:59:00+00:00,-0.0019897832396939268,0.036532706977647586,0.0
2018-12-06 23:59:00+00:00,-0.0019114308158052367,0.01262055940904696,0.0
2018-12-07 23:59:00+00:00,-0.0019948110455998663,-0.0308335417695922,0.0
2018-12-10 23:59:00+00:00,-0.0020262708635752067,-0.06346504865372196,0.0
2018-12-11 23:59:00+00:00,-0.0019915385898940053,-0.0029055710514146356,0.0
2018-12-12 23:59:00+00:00,-0.0018800179425630965,-0.07474235971114819,0.0
2018-12-13 23:59:00+00:00,-0.001897813636116707,-0.08135006829902032,0.0
2018-12-14 23:59:00+00:00,-0.0016561229850306945,0.0842202594409633,0.0
2018-12-17 23:59:00+00:00,-0.0014843020376426068,-0.0296161254061115,0.0
2018-12-18 23:59:00+00:00,-0.004323583309191879,-0.0391348338565799,0.0
2018-12-19 23:59:00+00:00,-0.004039018863605706,0.06300231526322325,0.0
2018-12-20 23:59:00+00:00,-0.003644046600127615,-0.09591308688315368,0.0
2018-12-21 23:59:00+00:00,-0.004033377304608461,0.02168415918044865,0.0
2018-12-27 23:59:00+00:00,-0.0028569425815206254,-0.11642156505806231,0.0
2018-12-28 23:59:00+00:00,-0.002622397831103799,0.006103782938017886,0.0
2018-12-31 23:59:00+00:00,-0.001778820768834104,-0.004404547185058104,0.0
2019-01-02 23:59:00+00:00,-0.002114075792300107,0.03306362289588953,0.0
2019-01-03 23:59:00+00:00,-0.0021012667119272932,-0.03340323913280959,0.0
2019-01-04 23:59:00+00:00,-0.0022033580292730192,0.007782140442054949,0.0
2019-01-07 23:59:00+00:00,-0.0021350184197422685,0.00571334103282953,0.0
2019-01-08 23:59:00+00:00,-0.002053817673988938,-0.005039486559891754,0.0
2019-01-09 23:59:00+00:00,-0.002002906151693141,0.04285428302398854,0.0
2019-01-10 23:59:00+00:00,-0.0018946829510998217,0.14735123643833453,0.0
2019-01-11 23:59:00+00:00,-0.0022975911208025007,-0.025382073271417276,0.0
2019-01-14 23:59:00+00:00,-0.003127879319270036,-0.03399020022855177,0.0
2019-01-15 23:59:00+00:00,-0.003146093495183153,0.00853322818059317,0.0
2019-01-16 23:59:00+00:00,-0.002755242620467044,0.020015171421427475,0.0
2019-01-17 23:59:00+00:00,-0.0027401774634569706,-0.135749325927867,0.0
2019-01-18 23:59:00+00:00,-0.002839222277448303,-0.019934214900817253,0.0
2019-01-22 23:59:00+00:00,-0.001859065924927168,0.03915617828829821,0.0
2019-01-23 23:59:00+00:00,-0.0016748401115820066,0.02517258930891301,0.0
2019-01-24 23:59:00+00:00,-0.0019201327026346494,-0.087755403351038,0.0
2019-01-29 23:59:00+00:00,-0.0009124001839473595,-0.014114560362447333,0.0
2019-01-30 23:59:00+00:00,-0.0008142259889730304,-0.028841220390439508,0.0
2019-01-31 23:59:00+00:00,-0.0008644092592327821,-0.027439615508150075,0.0
2019-02-01 23:59:00+00:00,-0.0008008537370610483,0.000751597179312122,0.0
2019-02-04 23:59:00+00:00,-0.0006615026279357039,0.0,0.0
2019-02-05 23:59:00+00:00,-0.0006210857857897559,-0.04259228081324549,0.0
2019-02-06 23:59:00+00:00,-0.0005879122281112414,0.012466074954029118,0.0
2019-02-07 23:59:00+00:00,-0.0004611804297016282,0.022584691986430025,0.0
2019-02-08 23:59:00+00:00,-0.00045473215563231325,0.017261216560769586,0.0
2019-02-11 23:59:00+00:00,-0.0005416335460330169,-0.04294788854520363,0.0
2019-02-12 23:59:00+00:00,-0.0005692909968383817,-0.0007770008160923857,0.0
2019-02-13 23:59:00+00:00,-0.0003759297263238021,0.020008362743979994,0.0
2019-02-14 23:59:00+00:00,-0.00039208698740958816,0.013996823929332885,0.0
2019-02-15 23:59:00+00:00,-0.0004837351266684523,-0.00981510333265906,0.0
2019-02-19 23:59:00+00:00,-0.0004861397187463465,0.022877427517332048,0.0
2019-02-20 23:59:00+00:00,-0.0004868107839450798,0.007388286286617731,0.0
2019-02-21 23:59:00+00:00,-0.0006156222027617407,0.04286627822567026,0.0
2019-02-26 23:59:00+00:00,-0.0007713765687297957,0.004633763415101911,0.0
2019-02-27 23:59:00+00:00,-0.0007512658702235344,0.016575939391756417,0.0
2019-02-28 23:59:00+00:00,-0.0007091384628765928,-0.0006997900915386682,0.0
2019-03-01 23:59:00+00:00,-0.0007673786203706539,0.009406096174066406,0.0
2019-03-04 23:59:00+00:00,-0.0007661210937428191,-0.01502211655065164,0.0
2019-03-05 23:59:00+00:00,-0.0007753624541511607,0.00876122653392926,0.0
2019-03-06 23:59:00+00:00,-0.0007069529820847906,-0.0003489792392772014,0.0
2019-03-07 23:59:00+00:00,-0.0006908726419733006,-0.032999268839046206,0.0
2019-03-08 23:59:00+00:00,-0.0006555434581083245,0.00431966114451638,0.0
2019-03-11 23:59:00+00:00,-0.000522550195484418,0.012848142477849059,0.0
2019-03-12 23:59:00+00:00,-0.0005555419282200827,0.012334958157951366,0.0
2019-03-13 23:59:00+00:00,-0.0005935361118307309,-0.02123973650091103,0.0
2019-03-14 23:59:00+00:00,-0.0006995553341632648,0.019486887673496694,0.0
2019-03-15 23:59:00+00:00,-0.0006030219665255962,0.008385793376273964,0.0
2019-03-18 23:59:00+00:00,-0.0006234927505971603,-0.01896790270681104,0.0
2019-03-19 23:59:00+00:00,-0.0006577203278522624,0.0003545470698370992,0.0
2019-03-20 23:59:00+00:00,-0.0005728245862518246,-0.024400205859388964,0.0
2019-03-21 23:59:00+00:00,-0.0005278471050976327,0.0007262164444074611,0.0
2019-03-22 23:59:00+00:00,-0.00040534130534627976,-0.00545952220489887,0.0
2019-03-27 23:59:00+00:00,-0.0005435916258918443,-0.01860865010522937,0.0
2019-03-28 23:59:00+00:00,-0.0006267291874352349,0.01713263507710877,0.0
2019-03-29 23:59:00+00:00,-0.00054636462886831,-0.008902135940593154,0.0
2019-04-01 23:59:00+00:00,-0.0017676312517787849,-0.0026114545712199923,0.0
2019-04-02 23:59:00+00:00,-0.0016787948872150757,-0.012782128916063368,0.0
2019-04-03 23:59:00+00:00,-0.0016851753331231564,0.007914117055990749,0.0
2019-04-04 23:59:00+00:00,-0.0016330420320038183,0.016381602371885764,0.0
2019-04-05 23:59:00+00:00,-0.0016488420180457613,-0.003329021014161135,0.0
2019-04-08 23:59:00+00:00,-0.001667793837665254,0.00037043897441599316,0.0
2019-04-09 23:59:00+00:00,-0.0016467220452042923,-0.013423020332140661,0.0
2019-04-10 23:59:00+00:00,-0.0016564333411550154,-0.0015026298845350185,0.0
2019-04-11 23:59:00+00:00,-0.0016253010501088277,-0.02666824708216141,0.0
2019-04-12 23:59:00+00:00,-0.0016131376244117109,-0.006974069336073324,0.0
2019-04-15 23:59:00+00:00,-0.001543192781683821,-0.021616090222194198,0.0
2019-04-16 23:59:00+00:00,-0.0015128917242082183,-0.010785005676562449,0.0
2019-04-17 23:59:00+00:00,-0.001459668430632482,0.013562234202350382,0.0
2019-04-18 23:59:00+00:00,-0.0015192034097747309,-0.027718183432482824,0.0
2019-04-22 23:59:00+00:00,-0.0016703276382846362,0.0028472665157780225,0.0
2019-04-23 23:59:00+00:00,-0.0015474117072508348,0.020901082405793685,0.0
2019-04-26 23:59:00+00:00,-0.0016531980429826993,-0.00696597244082776,0.0
2019-04-29 23:59:00+00:00,-0.0016748104580328218,0.01732478365730592,0.0
2019-04-30 23:59:00+00:00,-0.0016267486075582952,-0.011902617003604994,0.0
2019-05-01 23:59:00+00:00,-0.001724980746081151,-0.008533798880397162,0.0
2019-05-02 23:59:00+00:00,-0.001682722044908392,-0.01689295721003668,0.0
2019-05-03 23:59:00+00:00,-0.001690541230908735,0.005137335938177953,0.0
2019-05-06 23:59:00+00:00,-0.0016516729364870076,0.028367940717457227,0.0
2019-05-07 23:59:00+00:00,-0.0016494196301958478,-0.0057637047167499065,0.0
2019-05-08 23:59:00+00:00,-0.001711262894520952,0.00920604890772288,0.0
2019-05-09 23:59:00+00:00,-0.0016888969497418813,0.0007633588156943684,0.0
2019-05-10 23:59:00+00:00,-0.0017523632014258762,0.014394187919613307,0.0
2019-05-13 23:59:00+00:00,-0.0017780382903327273,-0.02205412579436815,0.0
2019-05-14 23:59:00+00:00,-0.001761664355516736,0.014504071054672552,0.0
2019-05-15 23:59:00+00:00,-0.001703315813784436,-0.003036055463031376,0.0
2019-05-16 23:59:00+00:00,-0.0017261284600428002,0.015837435098626305,0.0
2019-05-17 23:59:00+00:00,-0.001705917325455358,-0.022702450618306523,0.0
2019-05-20 23:59:00+00:00,-0.0017710189877477582,-0.027154500098492733,0.0
2019-05-21 23:59:00+00:00,-0.0017368802646237566,0.013669418077012975,0.0
2019-05-22 23:59:00+00:00,-0.0017177566076562682,0.0077280137314122135,0.0
2019-05-23 23:59:00+00:00,-0.00178487489628473,-0.0061776258239571,0.0
2019-05-29 23:59:00+00:00,-0.0009953527270184835,-0.0371968497086003,0.0
2019-05-30 23:59:00+00:00,-0.0007978224235399349,-0.021001389534387845,0.0
2019-05-31 23:59:00+00:00,-0.0006850717035474542,0.005395323318236594,0.0
2019-06-03 23:59:00+00:00,-0.0006020925107845018,-0.01585348180397831,0.0
2019-06-04 23:59:00+00:00,-0.0005818532865209099,-0.022969959278925457,0.0
2019-06-05 23:59:00+00:00,-0.0005088701103010501,0.005578216567056271,0.0
2019-06-06 23:59:00+00:00,-0.0004465596004530661,0.008521568397273228,0.0
2019-06-07 23:59:00+00:00,-0.0005933756649791077,0.017662359903563376,0.0
2019-06-10 23:59:00+00:00,-0.000697745228931294,-0.005433660181833159,0.0
2019-06-11 23:59:00+00:00,-0.0008565507503694646,-0.02589828463640473,0.0
2019-06-12 23:59:00+00:00,-0.0008745011552976089,0.026317308317373358,0.0
2019-06-13 23:59:00+00:00,-0.0006693572673751167,-0.00041902368096864045,0.0
2019-06-14 23:59:00+00:00,-0.000803764161711342,-0.02460879380653306,0.0
2019-06-17 23:59:00+00:00,-0.0008621949676205146,-0.022590013605106936,0.0
2019-06-18 23:59:00+00:00,-0.0008177890921961465,-0.040803687716530916,0.0
2019-06-19 23:59:00+00:00,-0.0007894774142392758,0.0004575612067933654,0.0
2019-06-20 23:59:00+00:00,-0.0006852146527462188,0.05213923108420134,0.0
2019-06-21 23:59:00+00:00,-0.0007341630873524492,0.002168727807304948,0.0
2019-06-26 23:59:00+00:00,0.00040243901855207837,-0.006908490343811673,0.0
2019-06-27 23:59:00+00:00,0.0002251938329878118,-0.017923977120461145,0.0
2019-06-28 23:59:00+00:00,0.0002814685812143544,-0.01198150565844337,0.0
2019-07-01 23:59:00+00:00,0.00040251468918422973,0.02207595169919961,0.0
2019-07-02 23:59:00+00:00,0.0003693321425015149,0.054388934626452605,0.0
2019-07-03 23:59:00+00:00,0.00019495466097698235,-0.0062227954382690735,0.0
2019-07-05 23:59:00+00:00,-2.8008177145702993e-05,0.009113567635114608,0.0
2019-07-08 23:59:00+00:00,4.533887592448639e-05,0.0078045169199024746,0.0
2019-07-09 23:59:00+00:00,0.00013757338308533124,-0.011522761236780374,0.0
2019-07-10 23:59:00+00:00,0.00016879299413905826,0.015198485203783745,0.0
2019-07-11 23:59:00+00:00,0.00020107456173411504,-0.01851523782977766,0.0
2019-07-12 23:59:00+00:00,0.0001304283133018991,-0.04328210559970724,0.0
2019-07-15 23:59:00+00:00,0.00019929640057206473,-0.0008676790132225809,0.0
2019-07-16 23:59:00+00:00,0.0004758164393536726,-0.007405827793000706,0.0
2019-07-17 23:59:00+00:00,0.00038041297543054764,-0.015866353116048965,0.0
2019-07-18 23:59:00+00:00,0.00039374505185184685,0.026738388885535813,0.0
2019-07-19 23:59:00+00:00,0.00040408658553833235,-0.005203827875026998,0.0
2019-07-22 23:59:00+00:00,0.00024588543796369303,-0.03540192705091572,0.0
2019-07-23 23:59:00+00:00,0.00025693309917686506,0.010752791776261915,0.0
2019-07-24 23:59:00+00:00,0.0004059093156407972,-0.03399375581571258,0.0
2019-07-29 23:59:00+00:00,0.0009402153214614691,0.043942996521010365,0.0
2019-07-30 23:59:00+00:00,0.0008953835786996299,-0.01397993455753271,0.0
2019-07-31 23:59:00+00:00,0.0005482187675234203,-0.037478362717942755,0.0
2019-08-01 23:59:00+00:00,0.0006747795138120475,-0.024339068305267744,0.0
2019-08-02 23:59:00+00:00,0.0008360072510081207,0.019613161588905983,0.0
2019-08-05 23:59:00+00:00,0.0009637419395950716,-0.013352606587348598,0.0
2019-08-06 23:59:00+00:00,0.0008142159874978869,0.021373409200563038,0.0
2019-08-07 23:59:00+00:00,0.0008587716789952931,-0.004238292193235894,0.0
2019-08-08 23:59:00+00:00,0.0006801517910006109,-0.00662881215181736,0.0
2019-08-09 23:59:00+00:00,0.0006908412162584953,0.019756051762299214,0.0
2019-08-12 23:59:00+00:00,0.0006183896974477176,-0.0018648024052040195,0.0
2019-08-13 23:59:00+00:00,0.0004381251171153111,0.040691328027624735,0.0
2019-08-14 23:59:00+00:00,0.0004754600173209429,-0.01444068415479436,0.0
2019-08-15 23:59:00+00:00,0.00013306790675343943,0.0045351551653911425,0.0
2019-08-16 23:59:00+00:00,0.00025643672810804334,0.0036133733985138313,0.0
2019-08-19 23:59:00+00:00,0.00016719555864874117,-0.021878721375807157,0.0
2019-08-20 23:59:00+00:00,0.00015063538929685981,-0.005082016019697983,0.0
2019-08-21 23:59:00+00:00,0.00033595391087425965,-0.0032475092331322214,0.0
2019-08-22 23:59:00+00:00,0.0003488295717062615,0.035603943172489334,0.0
2019-08-23 23:59:00+00:00,0.00030276560248274943,-0.01263554717153923,0.0
2019-08-28 23:59:00+00:00,-0.0005472038747396911,-0.004802454111151841,0.0
2019-08-29 23:59:00+00:00,-0.000770807669082296,0.03144777776901104,0.0
2019-08-30 23:59:00+00:00,-0.0009131154361673315,0.036231320811656136,0.0
2019-09-03 23:59:00+00:00,-0.0010692110657229753,-0.0040983663922821365,0.0
2019-09-04 23:59:00+00:00,-0.0012452351630136776,0.024742693972628124,0.0
2019-09-05 23:59:00+00:00,-0.0010540844872266386,0.03503605745321126,0.0
2019-09-06 23:59:00+00:00,-0.001214740599117552,-0.0019361090268663291,0.0
2019-09-09 23:59:00+00:00,-0.0015310754150770797,-0.01091203345098265,0.0
2019-09-10 23:59:00+00:00,-0.0014224301790635562,0.008583743691391435,0.0
2019-09-11 23:59:00+00:00,-0.0013087832376936998,0.01542050602809535,0.0
2019-09-12 23:59:00+00:00,-0.0014709561820423307,0.025308244051792037,0.0
2019-09-13 23:59:00+00:00,-0.0015711152412872624,-0.004860731200444871,0.0
2019-09-16 23:59:00+00:00,-0.0016537226894799734,-0.01168722068222769,0.0
2019-09-17 23:59:00+00:00,-0.0016357983356756819,-0.03826553807895384,0.0
2019-09-18 23:59:00+00:00,-0.0015543338298702942,-0.0015772873932486113,0.0
2019-09-19 23:59:00+00:00,-0.0013144390875613448,-0.002766253492889962,0.0
2019-09-20 23:59:00+00:00,-0.001291720174596664,-0.009542815956420063,0.0
2019-09-23 23:59:00+00:00,-0.0012407434375380885,-0.000399600404917923,0.0
2019-09-26 23:59:00+00:00,-0.003062685058104508,-0.03126574909535192,0.0
2019-09-27 23:59:00+00:00,-0.0030319715275778487,-0.02037790002995084,0.0
2019-09-30 23:59:00+00:00,-0.0027712354442294483,-0.01589437434446638,0.0
2019-10-01 23:59:00+00:00,-0.002389803943016306,0.03584299769901189,0.0
2019-10-02 23:59:00+00:00,-0.0022632188101167966,0.009827039134176487,0.0
2019-10-03 23:59:00+00:00,-0.0026652582959361686,-0.021053409197832267,0.0
2019-10-04 23:59:00+00:00,-0.002768994196079725,-0.006534547320996684,0.0
2019-10-07 23:59:00+00:00,-0.0025355107382237898,-0.023884372870542434,0.0
2019-10-08 23:59:00+00:00,-0.002598602093009241,-0.007187811718833679,0.0
2019-10-09 23:59:00+00:00,-0.0023725272840642384,-0.0018050546417301423,0.0
2019-10-10 23:59:00+00:00,-0.002353142378848175,0.029374608679904102,0.0
2019-10-11 23:59:00+00:00,-0.0025192165137403614,0.025548044635692595,0.0
2019-10-14 23:59:00+00:00,-0.002880567826381135,-0.015510866763493865,0.0
2019-10-15 23:59:00+00:00,-0.003148974129579761,0.006492124079011936,0.0
2019-10-16 23:59:00+00:00,-0.0030859548169438005,0.0008624407606584821,0.0
2019-10-17 23:59:00+00:00,-0.0029942070913647283,-0.035984575788485025,0.0
2019-10-18 23:59:00+00:00,-0.002853682615584938,0.01507789096917129,0.0
2019-10-21 23:59:00+00:00,-0.0024343082515861257,0.004391750580979002,0.0
2019-10-22 23:59:00+00:00,-0.002711633349703122,0.01478930827086486,0.0
2019-10-23 23:59:00+00:00,-0.002895255656741113,-0.006932436775644791,0.0
2019-10-24 23:59:00+00:00,-0.002989372657248002,0.061544914329876806,0.0
2019-10-29 23:59:00+00:00,-0.00519002193609426,-0.021788991230596303,0.0
2019-10-30 23:59:00+00:00,-0.005289927745220613,0.030299680898505117,0.0
2019-10-31 23:59:00+00:00,-0.004961315443910523,0.03866787060718194,0.0
2019-11-01 23:59:00+00:00,-0.0037105833159400727,0.014429249114399894,0.0
2019-11-04 23:59:00+00:00,-0.003992853584984659,-0.011950933099932903,0.0
2019-11-05 23:59:00+00:00,-0.004095648851473891,-0.020000666706669543,0.0
2019-11-06 23:59:00+00:00,-0.004054493006856756,0.006114027317695181,0.0
2019-11-07 23:59:00+00:00,-0.0037765549410243636,-0.056041201274202285,0.0
2019-11-08 23:59:00+00:00,-0.003731431525722866,-0.006085983029880302,0.0
2019-11-11 23:59:00+00:00,-0.0031703287704665847,-0.008044479313832899,0.0
2019-11-12 23:59:00+00:00,-0.0033160637967169517,0.01791547821752766,0.0
2019-11-13 23:59:00+00:00,-0.003265387085203452,0.015370499415938935,0.0
2019-11-14 23:59:00+00:00,-0.0034486752123384585,-0.04644915646745855,0.0
2019-11-15 23:59:00+00:00,-0.0036924621108504582,-0.022065513049752242,0.0
2019-11-18 23:59:00+00:00,-0.0032208312078098123,0.019333804033959484,0.0
2019-11-19 23:59:00+00:00,-0.0031652623498526385,0.0031213447113517066,0.0
2019-11-20 23:59:00+00:00,-0.003423501098206204,0.03746615572880435,0.0
2019-11-21 23:59:00+00:00,-0.003521365073574014,-0.051589576054820764,0.0
2019-11-26 23:59:00+00:00,-0.0029415334638842154,-0.09207670859323094,0.0
2019-11-27 23:59:00+00:00,-0.0028090174835296274,0.020825047599953045,0.0
2019-11-29 23:59:00+00:00,-0.00227611790824685,0.04696880050861898,0.0
2019-12-02 23:59:00+00:00,-0.0024581860181951427,-0.01735580755326544,0.0
2019-12-03 23:59:00+00:00,-0.003078249124063741,0.011603942886906807,0.0
2019-12-04 23:59:00+00:00,-0.0027084606720796127,-0.03907239288010002,0.0
2019-12-05 23:59:00+00:00,-0.0027888833481771844,-0.04468548934529972,0.0
2019-12-06 23:59:00+00:00,-0.0023596317419130163,0.01423511582187191,0.0
2019-12-09 23:59:00+00:00,-0.001729890092032422,-0.00931890480286519,0.0
2019-12-10 23:59:00+00:00,-0.0018107435268403544,0.03719527433112018,0.0
2019-12-11 23:59:00+00:00,-0.0017931303623140251,-0.013841051411871468,0.0
2019-12-12 23:59:00+00:00,-0.002077616779158622,0.01940971005145398,0.0
2019-12-13 23:59:00+00:00,-0.002034366284950372,-0.009442130235379187,0.0
2019-12-16 23:59:00+00:00,-0.0021426077340336034,-0.014332492900775654,0.0
2019-12-17 23:59:00+00:00,-0.0019795342798799957,-0.005703020502212688,0.0
2019-12-18 23:59:00+00:00,-0.0018873104080664505,0.02390898499878519,0.0
2019-12-19 23:59:00+00:00,-0.0018240677604885768,-0.05020869558274619,0.0
2019-12-20 23:59:00+00:00,-0.0020025909162195567,-0.01915243221475601,0.0
2019-12-23 23:59:00+00:00,-0.0015079345087883865,0.05464861663548986,0.0
2019-12-27 23:59:00+00:00,-0.0007787496307928216,0.0013714287863791721,0.0
2019-12-30 23:59:00+00:00,-0.0005424121228228843,-0.0310857783489346,0.0
2019-12-31 23:59:00+00:00,-0.0005542484206263469,0.0037629395295422892,0.0
2020-01-02 23:59:00+00:00,-0.00038148165134604776,0.0023446669592540547,0.0
2020-01-03 23:59:00+00:00,-0.00037436029354842484,0.01256707253642863,0.0
2020-01-06 23:59:00+00:00,-0.0003368346978182069,-0.009760709609470728,0.0
2020-01-07 23:59:00+00:00,-0.0005132556727283383,0.01160913897125304,0.0
2020-01-08 23:59:00+00:00,-0.0003264366115937776,0.016483889721689415,0.0
2020-01-09 23:59:00+00:00,-0.0003817964856935313,-0.009124150889609169,0.0
2020-01-10 23:59:00+00:00,-0.0006043166257937612,0.0022888542837516132,0.0
2020-01-13 23:59:00+00:00,-0.00043670202986680485,-0.031114653010709547,0.0
2020-01-14 23:59:00+00:00,-0.0005153988511760457,-0.02049154378994591,0.0
2020-01-15 23:59:00+00:00,-0.0002839601390903631,-0.036278488210293926,0.0
2020-01-16 23:59:00+00:00,-0.0001445479034513545,-0.05542721814929158,0.0
2020-01-17 23:59:00+00:00,0.00011847590353067047,0.005263170044274691,0.0
2020-01-21 23:59:00+00:00,0.0004772846032587582,0.010963304797269376,0.0
2020-01-22 23:59:00+00:00,0.0003637442144990891,-0.01728244114874796,0.0
2020-01-23 23:59:00+00:00,0.00026374320106001877,0.004743091896012632,0.0
2020-01-24 23:59:00+00:00,0.0001662329672690165,0.016684432907904136,0.0
2020-01-29 23:59:00+00:00,0.0005193205437096951,0.006539532842212135,0.0
2020-01-30 23:59:00+00:00,0.0005883868698702474,-0.012022002714955578,0.0
2020-01-31 23:59:00+00:00,0.000568771082931665,0.028720478519415088,0.0
2020-02-03 23:59:00+00:00,0.0005508091976095348,-0.00589340039528669,0.0
2020-02-04 23:59:00+00:00,0.00043170687232834933,0.0005372011947616347,0.0
2020-02-05 23:59:00+00:00,0.0003870550553568585,-0.0021505384632285844,0.0
2020-02-06 23:59:00+00:00,0.00041780593225081543,-0.05078353820987856,0.0
2020-02-07 23:59:00+00:00,0.000552479534266876,0.012380574569554239,0.0
2020-02-10 23:59:00+00:00,0.0008388832910364089,0.030839448383079712,0.0
2020-02-11 23:59:00+00:00,0.0006752127352051998,-0.00980934296162541,0.0
2020-02-12 23:59:00+00:00,0.0005662406916107172,0.006006024060211728,0.0
2020-02-13 23:59:00+00:00,0.0005561239888706377,0.07546796148342533,0.0
2020-02-14 23:59:00+00:00,0.0003456856488841763,-0.013211574279084782,0.0
2020-02-18 23:59:00+00:00,-0.00031404999597674254,-0.018065007397639003,0.0
2020-02-19 23:59:00+00:00,6.466931897880241e-05,-0.007843177461025893,0.0
2020-02-20 23:59:00+00:00,0.00016938897198773934,-0.04180673118279471,0.0
2020-02-21 23:59:00+00:00,0.00021361149682694205,0.010887423821233306,0.0
2020-02-26 23:59:00+00:00,0.00042724874808981695,0.04186657939279007,0.0
2020-02-28 23:59:00+00:00,0.0007518293568102837,0.024748169689194174,0.0
2020-03-02 23:59:00+00:00,0.0004659495041226427,0.014888612493750559,0.0
2020-03-03 23:59:00+00:00,0.0003939812412890088,-0.030566425212980457,0.0
2020-03-04 23:59:00+00:00,0.0003996439257688972,-0.036785756816511105,0.0
2020-03-05 23:59:00+00:00,0.0005430789609331044,0.04016604172533465,0.0
2020-03-06 23:59:00+00:00,0.0007480534365976888,0.08513485176267244,0.0
2020-03-09 23:59:00+00:00,0.000852785275554119,-0.03041660806831409,0.0
2020-03-10 23:59:00+00:00,0.0006156754301092139,-0.019898478535130302,0.0
2020-03-11 23:59:00+00:00,0.000694867385214064,0.015094626222484888,0.0
2020-03-12 23:59:00+00:00,0.0008760411427946773,-0.029318060756611686,0.0
2020-03-13 23:59:00+00:00,0.0006398490311931521,-0.04854226101566055,0.0
2020-03-16 23:59:00+00:00,0.0007804832692151695,-0.0750426972568307,0.0
2020-03-17 23:59:00+00:00,0.0013199279601356266,0.030696087157176713,0.0
2020-03-18 23:59:00+00:00,0.0017566295881139469,-0.030696087157176765,0.0
2020-03-19 23:59:00+00:00,0.0018310344505847922,-0.001247660798155252,0.0
2020-03-20 23:59:00+00:00,0.0018062977782692283,0.03133897019271962,0.0
2020-03-23 23:59:00+00:00,0.001756968043356477,0.003623192369420331,0.0
2020-03-24 23:59:00+00:00,0.001581308060772649,-0.013349712819309632,0.0
2020-03-27 23:59:00+00:00,0.0012010930744669047,-0.03003228709887509,0.0
2020-03-30 23:59:00+00:00,0.0013020983605585546,-0.03285080029183495,0.0
2020-03-31 23:59:00+00:00,0.0016645668095123679,-0.022301019783244926,0.0
2020-04-01 23:59:00+00:00,0.001374586788558528,0.0434988209925121,0.0
2020-04-02 23:59:00+00:00,0.0014477477697069723,0.06565603344053321,0.0
2020-04-03 23:59:00+00:00,0.001311895496865716,0.06756686002991537,0.0
2020-04-06 23:59:00+00:00,0.0007643500711766718,-0.037968797342984424,0.0
2020-04-07 23:59:00+00:00,0.0002088628104156829,-0.02844332814753424,0.0
2020-04-08 23:59:00+00:00,0.0011041834976898712,-0.005206838491967754,0.0
2020-04-09 23:59:00+00:00,0.0017250925666787785,-0.043871884329012116,0.0
2020-04-13 23:59:00+00:00,0.0018529546883867042,-0.03202244056840618,0.0
2020-04-14 23:59:00+00:00,0.0022353606168800935,0.05360601223558067,0.0
2020-04-15 23:59:00+00:00,0.0024449471456057473,0.03896974635943366,0.0
2020-04-16 23:59:00+00:00,0.001967119713297662,0.09307774630441726,0.0
2020-04-17 23:59:00+00:00,0.0015665577589253617,-0.055020551498043864,0.0
2020-04-20 23:59:00+00:00,0.001292990180802453,0.06278657551504392,0.0
2020-04-21 23:59:00+00:00,0.0018402663102103122,-0.06608690854370072,0.0
2020-04-22 23:59:00+00:00,0.0012351053026421527,-0.0387580102994036,0.0
2020-04-23 23:59:00+00:00,0.002208204850004948,0.04095944211857481,0.0
2020-04-28 23:59:00+00:00,0.002218009532385351,0.041912892051997955,0.0
2020-04-29 23:59:00+00:00,0.0025877507488171443,-0.030739591453872794,0.0
2020-04-30 23:59:00+00:00,0.0023431701763612454,0.053064212159106755,0.0
2020-05-01 23:59:00+00:00,0.0026762950527090055,0.06835711164890378,0.0
2020-05-04 23:59:00+00:00,0.0025007499002140986,-0.09325044684131423,0.0
2020-05-05 23:59:00+00:00,0.0013411561288501099,-0.026056711274360912,0.0
2020-05-06 23:59:00+00:00,0.0022876208998601987,-0.03820749906736053,0.0
2020-05-07 23:59:00+00:00,0.0024190672892557504,0.0016442864762507459,0.0
2020-05-08 23:59:00+00:00,0.002811952712467974,-0.05980349134741507,0.0
2020-05-11 23:59:00+00:00,0.002448900426183272,-0.062370330726457965,0.0
2020-05-12 23:59:00+00:00,0.003015071967481898,0.0394348943275749,0.0
2020-05-13 23:59:00+00:00,0.003460190868051399,-0.021040752171600546,0.0
2020-05-14 23:59:00+00:00,0.0030856342777348094,0.07994923662612524,0.0
2020-05-15 23:59:00+00:00,0.003271410019135051,0.02601862797232639,0.0
2020-05-18 23:59:00+00:00,0.0023787881899850157,-0.03277160805263317,0.0
2020-05-19 23:59:00+00:00,0.001992650175620323,-0.03505098828612795,0.0
2020-05-20 23:59:00+00:00,0.002294938490727072,0.012205905679503764,0.0
2020-05-21 23:59:00+00:00,0.0024688767138603108,0.035190918428923475,0.0
2020-05-27 23:59:00+00:00,0.003859036721685169,0.011969675009118044,0.0
2020-05-28 23:59:00+00:00,0.004290735082939761,-0.041408068517600004,0.0
2020-05-29 23:59:00+00:00,0.004156600542563924,0.0016896652851264519,0.0
2020-06-01 23:59:00+00:00,0.004666574239250449,0.024459251572956697,0.0
2020-06-02 23:59:00+00:00,0.004831600402041518,0.0005489980922957414,0.0
2020-06-03 23:59:00+00:00,0.00457707112547708,-0.022198469789149078,0.0
2020-06-04 23:59:00+00:00,0.004252115599187197,0.003920475477964578,0.0
2020-06-05 23:59:00+00:00,0.0044694898692247825,-0.01237361118902276,0.0
2020-06-08 23:59:00+00:00,0.004483436744377225,0.007330170966434613,0.0
2020-06-09 23:59:00+00:00,0.004673798972712272,0.018369567468720278,0.0
2020-06-10 23:59:00+00:00,0.004753772882271646,-0.04628365557864176,0.0
2020-06-11 23:59:00+00:00,0.004378291416504879,-0.036474631514374245,0.0
2020-06-12 23:59:00+00:00,0.004763043074609094,-0.03350907483194099,0.0
2020-06-15 23:59:00+00:00,0.005157731925996731,0.014760415583120455,0.0
2020-06-16 23:59:00+00:00,0.0056202392513563714,0.0,0.0
2020-06-17 23:59:00+00:00,0.0055241643901002375,0.018748659248820496,0.0
2020-06-18 23:59:00+00:00,0.0037258703123100503,-0.003000302280681277,0.0
2020-06-19 23:59:00+00:00,0.0035344393753421926,-0.016359044010018912,0.0
2020-06-22 23:59:00+00:00,0.003407470358816357,-0.024738429156122545,0.0
2020-06-23 23:59:00+00:00,0.0034380340798391505,-0.07473434235898023,0.0
2020-06-26 23:59:00+00:00,0.005509730648834493,-0.022486154520197168,0.0
2020-06-29 23:59:00+00:00,0.002488312583201223,0.03700862874509335,0.0
2020-07-01 23:59:00+00:00,0.002783291420578795,0.05388508849497942,0.0
2020-07-02 23:59:00+00:00,0.0025117158144098393,0.024825883730703345,0.0
2020-07-06 23:59:00+00:00,0.0019277136158500025,-0.028109958931893206,0.0
2020-07-07 23:59:00+00:00,0.0018382191294540687,-0.02498048296844159,0.0
2020-07-08 23:59:00+00:00,0.0029654293307405126,0.014509183101146118,0.0
2020-07-09 23:59:00+00:00,0.0031603781282515805,-0.03725035641269822,0.0
2020-07-10 23:59:00+00:00,0.0030169357009073383,0.004017222045264324,0.0
2020-07-13 23:59:00+00:00,0.003379350042883063,0.01816167967430231,0.0
2020-07-14 23:59:00+00:00,0.00344719016580689,-0.03142217954592023,0.0
2020-07-15 23:59:00+00:00,0.002714423439023523,-0.0029061339837290028,0.0
2020-07-16 23:59:00+00:00,0.0029462119881700256,-0.04585501145410971,0.0
2020-07-17 23:59:00+00:00,0.002986269733807832,0.020507353169075964,0.0
2020-07-20 23:59:00+00:00,0.0032640735958389434,0.003575689149448703,0.0
2020-07-21 23:59:00+00:00,0.0030955664336807147,0.06002956080512383,0.0
2020-07-22 23:59:00+00:00,0.0019036233969146408,0.012802846738382528,0.0
2020-07-23 23:59:00+00:00,0.0015698391320782188,-0.041790383611634625,0.0
2020-07-24 23:59:00+00:00,0.001549415287754741,0.03735578654376903,0.0
2020-07-29 23:59:00+00:00,0.001278397689449455,-0.016538414440332643,0.0
2020-07-30 23:59:00+00:00,0.0014644705228034377,0.15518246689446738,0.0
2020-07-31 23:59:00+00:00,0.002174455087362549,0.04285704757288792,0.0
2020-08-03 23:59:00+00:00,0.0012190964678782936,-0.0009124088224218123,0.0
2020-08-04 23:59:00+00:00,0.0009635117910547844,-0.0119376991588762,0.0
2020-08-05 23:59:00+00:00,0.0010726940316458035,0.0331622484352804,0.0
2020-08-06 23:59:00+00:00,0.0011622323692293646,-0.0387203915075075,0.0
2020-08-07 23:59:00+00:00,0.0024771870786584986,0.008325672513928767,0.0
2020-08-10 23:59:00+00:00,0.002735318139148365,-0.008790248596616628,0.0
2020-08-11 23:59:00+00:00,0.0027218339758516763,0.013844245111340947,0.0
2020-08-12 23:59:00+00:00,0.00280346246944732,0.07672337837846126,0.0
2020-08-13 23:59:00+00:00,0.002704815109575932,-0.007241778187298228,0.0
2020-08-14 23:59:00+00:00,0.002166774435431178,0.03280361411930401,0.0
2020-08-17 23:59:00+00:00,0.0023164093561845005,0.0037167088005125187,0.0
2020-08-18 23:59:00+00:00,0.002018724657914916,-0.030977780485477977,0.0
2020-08-19 23:59:00+00:00,0.0019641279009426256,0.040005334613699206,0.0
2020-08-20 23:59:00+00:00,0.0023614269644338676,0.026205893911375386,0.0
2020-08-21 23:59:00+00:00,0.0019975306187545805,-0.009596235176000173,0.0
2020-08-24 23:59:00+00:00,0.0016169407520387315,-0.011313251976536206,0.0
2020-08-27 23:59:00+00:00,-0.0001223742136133221,-0.010213820588003275,0.0
2020-08-28 23:59:00+00:00,0.0001923073054006301,-0.03995101778361591,0.0
2020-08-31 23:59:00+00:00,0.0003996238957007656,-0.016357835317537824,0.0
2020-09-01 23:59:00+00:00,0.000859744255386988,0.0004021717327481336,0.0
2020-09-02 23:59:00+00:00,0.00109739952771346,0.03980821181738657,0.0
2020-09-03 23:59:00+00:00,0.0010198358677477952,-0.07541663928475421,0.0
2020-09-04 23:59:00+00:00,0.0006061174879137725,0.0024968801985873674,0.0
2020-09-08 23:59:00+00:00,0.001348215217189112,-0.03510616376421514,0.0
2020-09-09 23:59:00+00:00,0.0013318330681533768,-0.023520247990567362,0.0
2020-09-10 23:59:00+00:00,0.0015823907874487281,0.017908318735997467,0.0
2020-09-11 23:59:00+00:00,0.0018258788105826075,0.02226119324146847,0.0
2020-09-14 23:59:00+00:00,0.0016449204591538415,-0.04105134624977867,0.0
2020-09-15 23:59:00+00:00,0.0014376573089971032,-0.10452765178291813,0.0
2020-09-16 23:59:00+00:00,0.001644615425096081,0.0029339874347875704,0.0
2020-09-17 23:59:00+00:00,0.002633470971900671,-0.10981922567072776,0.0
2020-09-18 23:59:00+00:00,0.0026982199960781743,-0.0005451076722603845,0.0
2020-09-21 23:59:00+00:00,0.0036146759655843502,0.147272428542107,0.0
2020-09-22 23:59:00+00:00,0.003654913907977914,0.05626912965506451,0.0
2020-09-23 23:59:00+00:00,0.002264422287970803,-0.049702501931176264,0.0
2020-09-28 23:59:00+00:00,-0.0021044261266598354,-0.013364978811330927,0.0
2020-09-29 23:59:00+00:00,-0.0014805968736209792,0.0,0.0
2020-09-30 23:59:00+00:00,-0.0013628776824046922,-0.035854797346977406,0.0
2020-10-01 23:59:00+00:00,-0.001457094818064525,0.07008606645780655,0.0
2020-10-02 23:59:00+00:00,-0.0012782772635618264,-0.03700519599355441,0.0
2020-10-05 23:59:00+00:00,-0.0017432818061109963,0.03355757717932132,0.0
2020-10-06 23:59:00+00:00,-0.0014832241111971444,0.008026032000749488,0.0
2020-10-07 23:59:00+00:00,-0.0016669789855007725,0.0424803066172461,0.0
2020-10-08 23:59:00+00:00,-0.0016251099096292777,0.049814638781742485,0.0
2020-10-09 23:59:00+00:00,-0.0018098027203988433,-0.009065612994417872,0.0
2020-10-12 23:59:00+00:00,-0.002185169063977992,-0.07980922646771273,0.0
2020-10-13 23:59:00+00:00,-0.0020405526226745753,0.05138813055813704,0.0
2020-10-14 23:59:00+00:00,-0.0013345643674669886,-0.0007209805647567291,0.0
2020-10-15 23:59:00+00:00,-0.0017088125722568655,0.007902339973421397,0.0
2020-10-16 23:59:00+00:00,-0.0016430306137100613,0.04135137137023508,0.0
2020-10-19 23:59:00+00:00,-0.0016800967469387854,0.03706623782002365,0.0
2020-10-20 23:59:00+00:00,-0.002032917285052761,-0.005306811790929039,0.0
2020-10-21 23:59:00+00:00,-0.00229916220749371,-0.012044307525921491,0.0
2020-10-22 23:59:00+00:00,-0.0023536068286180724,0.017681861836816002,0.0
2020-10-23 23:59:00+00:00,-0.002219353602604261,-0.0016548075925847349,0.0
2020-10-28 23:59:00+00:00,-0.0038281221060593525,0.015928210529961236,0.0
2020-10-29 23:59:00+00:00,-0.003874914612696991,-0.03334652714785057,0.0
2020-10-30 23:59:00+00:00,-0.0038648753386052877,-0.058719071084400144,0.0
2020-11-02 23:59:00+00:00,-0.0032349281812515114,-0.004258810695796449,0.0
2020-11-03 23:59:00+00:00,-0.0028210636340003817,-0.03473963229372418,0.0
2020-11-04 23:59:00+00:00,-0.002816646663494185,-0.01852540114866605,0.0
2020-11-05 23:59:00+00:00,-0.0025526100930462784,-0.010092307690405032,0.0
2020-11-06 23:59:00+00:00,-0.0024556952743220303,0.030994216492964476,0.0
2020-11-09 23:59:00+00:00,-0.0024013164355933493,0.027426468242527105,0.0
2020-11-10 23:59:00+00:00,-0.0026377334759775306,-0.0183124811048207,0.0
2020-11-11 23:59:00+00:00,-0.002755774189661181,0.006364114596567206,0.0
2020-11-12 23:59:00+00:00,-0.0026374073802795115,-0.10480418740981975,0.0
2020-11-13 23:59:00+00:00,-0.0026688588349577324,-0.0018556323751114743,0.0
2020-11-16 23:59:00+00:00,-0.0018930794971177868,0.007401958295667739,0.0
2020-11-17 23:59:00+00:00,-0.0021209716597920063,-0.04525659158812095,0.0
2020-11-18 23:59:00+00:00,-0.002256772258913897,0.022129861508102623,0.0
2020-11-19 23:59:00+00:00,-0.002094064022834653,0.022757930518397564,0.0
2020-11-20 23:59:00+00:00,-0.002327790997777964,0.02333317668186938,0.0
2020-11-25 23:59:00+00:00,-0.0030540832425685954,0.013624664908467662,0.0
2020-11-27 23:59:00+00:00,-0.0025572095222045066,-0.0006942034294759061,0.0
2020-11-30 23:59:00+00:00,-0.002668425542036526,-0.03533936644530885,0.0
2020-12-01 23:59:00+00:00,-0.0025869672914675206,-0.10336410852638922,0.0
2020-12-02 23:59:00+00:00,-0.002320555011417795,0.026762714939543224,0.0
2020-12-03 23:59:00+00:00,-0.0019500579759914064,-0.06788391656321231,0.0
2020-12-04 23:59:00+00:00,-0.0020731310605549926,-0.0029136336949296356,0.0
2020-12-07 23:59:00+00:00,-0.0015807162181257506,0.017765391830955515,0.0
2020-12-08 23:59:00+00:00,-0.001315475073487539,0.044451762570833796,0.0
2020-12-09 23:59:00+00:00,-0.0013365657645861332,0.014774763320626157,0.0
2020-12-10 23:59:00+00:00,-0.0014168555603973447,0.034518883279513794,0.0
2020-12-11 23:59:00+00:00,-0.0015264506238661939,0.0,0.0
2020-12-14 23:59:00+00:00,-0.0016916709051812168,-0.0018660203212713161,0.0
2020-12-15 23:59:00+00:00,-0.0016202253700028572,-0.015434147897954663,0.0
2020-12-16 23:59:00+00:00,-0.0014564526198435027,0.02398915637002258,0.0
2020-12-17 23:59:00+00:00,-0.001537623973835414,0.0018501392881613734,0.0
2020-12-18 23:59:00+00:00,-0.0016641470284244797,0.027349015404100764,0.0
2020-12-21 23:59:00+00:00,-0.0015708825089333326,-0.06386728363813908,0.0
2020-12-22 23:59:00+00:00,-0.0017977101060602258,-0.03511870844225118,0.0
2020-12-23 23:59:00+00:00,-0.0015344054961362549,-0.08838425917354344,0.0
2020-12-29 23:59:00+00:00,-0.0008856384662636739,0.04717665759164085,0.0
2020-12-30 23:59:00+00:00,-0.0008788561516043108,0.016406618013935358,0.0
2020-12-31 23:59:00+00:00,-0.001113646405262637,0.04581531880153037,0.0
2021-01-04 23:59:00+00:00,-0.0010018688799590474,0.005167970158442598,0.0
2021-01-05 23:59:00+00:00,-0.0012275185004728911,0.004775032029751708,0.0
2021-01-06 23:59:00+00:00,-0.00128925815144934,-0.010683468715917997,0.0
2021-01-07 23:59:00+00:00,-0.001197749150079815,0.01725763410285333,0.0
2021-01-08 23:59:00+00:00,-0.001212431352726001,0.002181819047333565,0.0
2021-01-11 23:59:00+00:00,-0.0012459339694537198,-0.009489122297018884,0.0
2021-01-12 23:59:00+00:00,-0.0012919016354032177,-0.022622882106934545,0.0
2021-01-13 23:59:00+00:00,-0.0011427830305873205,0.02628320830202522,0.0
2021-01-14 23:59:00+00:00,-0.0010250367212465974,-0.0723389299233274,0.0
2021-01-15 23:59:00+00:00,-0.0011211603986632764,-0.002753197412673261,0.0
2021-01-19 23:59:00+00:00,-0.0006926118145803113,-0.019086066442498075,0.0
2021-01-20 23:59:00+00:00,-0.0006131755709058789,-0.018230199015062742,0.0
2021-01-21 23:59:00+00:00,-0.0004725677357441802,0.06182634282533278,0.0
2021-01-22 23:59:00+00:00,-0.00041921777010977786,0.020540851523873922,0.0
2021-01-27 23:59:00+00:00,-0.0008042212918735904,-0.03826021361971908,0.0
2021-01-28 23:59:00+00:00,-0.0008058272346428828,0.10575045522213553,0.0
2021-01-29 23:59:00+00:00,-0.0006388539533440913,-0.00175592670226492,0.0
2021-02-01 23:59:00+00:00,-0.001230541511296887,-0.019879958932942355,0.0
2021-02-02 23:59:00+00:00,-0.0010502161579263314,0.05102434463470773,0.0
2021-02-03 23:59:00+00:00,-0.0009518058609724305,-0.024837427164081813,0.0
2021-02-04 23:59:00+00:00,-0.0012422482971464338,0.006614471461352432,0.0
2021-02-05 23:59:00+00:00,-0.0010127734744684906,-0.016442560397614995,0.0
2021-02-08 23:59:00+00:00,-0.0009597603320769506,0.026454727583770734,0.0
2021-02-09 23:59:00+00:00,-0.0008325744876698636,-0.014881742026112268,0.0
2021-02-10 23:59:00+00:00,-0.0010384054195956664,0.015225207597065596,0.0
2021-02-11 23:59:00+00:00,-0.0010264037851577205,0.07187333435230561,0.0
2021-02-12 23:59:00+00:00,-0.0010965571392210257,0.028357287629926016,0.0
2021-02-16 23:59:00+00:00,-0.0017193823102615942,-0.04349201541874712,0.0
2021-02-17 23:59:00+00:00,-0.0017896441290764895,-0.004226961260324846,0.0
2021-02-18 23:59:00+00:00,-0.0014964222084082272,-0.038530172875813506,0.0
2021-02-19 23:59:00+00:00,-0.0013291687044548477,-0.02537859113174672,0.0
2021-02-24 23:59:00+00:00,-0.0007980427216115638,-0.0021629424438212265,0.0
2021-02-25 23:59:00+00:00,-0.0007528016623292986,0.0021629424438211996,0.0
2021-02-26 23:59:00+00:00,-0.0007680984568317451,0.022080669166171667,0.0
2021-03-01 23:59:00+00:00,-0.0007368861628011436,-0.008134439195038246,0.0
2021-03-02 23:59:00+00:00,-0.0008485348641242529,-0.025172130950016587,0.0
2021-03-03 23:59:00+00:00,-0.0008882027036368275,-0.016523232535300744,0.0
2021-03-04 23:59:00+00:00,-0.0008079562016175703,-0.01379332213233576,0.0
2021-03-05 23:59:00+00:00,-0.0007570824596941464,-0.0007510327052228802,0.0
2021-03-08 23:59:00+00:00,-0.0007528329333165515,0.011206691809561645,0.0
2021-03-09 23:59:00+00:00,-0.0007211916757566378,-0.008955283729104055,0.0
2021-03-10 23:59:00+00:00,-0.0007246941897594461,-0.02581768302594098,0.0
2021-03-11 23:59:00+00:00,-0.0007259384370888965,-0.045641280956204025,0.0
2021-03-12 23:59:00+00:00,-0.0007320688757920348,0.03091803940331009,0.0
2021-03-15 23:59:00+00:00,-0.0006168142847576412,-0.013359727189931416,0.0
2021-03-16 23:59:00+00:00,-0.0007323677082146438,-0.01876677157494708,0.0
2021-03-17 23:59:00+00:00,-0.0007325133198208466,0.02153193233348272,0.0
2021-03-18 23:59:00+00:00,-0.0006936232800800746,0.01837065538130419,0.0
2021-03-19 23:59:00+00:00,-0.0007834218016895143,-0.029078669653776455,0.0
2021-03-22 23:59:00+00:00,-0.0007980251839770887,0.003979312851481054,0.0
2021-03-23 23:59:00+00:00,-0.0006552412795782398,0.020440963284973024,0.0
2021-03-24 23:59:00+00:00,-0.0006331999882406177,-0.005071202598078845,0.0
2021-03-29 23:59:00+00:00,-0.001154230795340785,-0.0057350568203301195,0.0
2021-03-30 23:59:00+00:00,-0.0010764561752980232,0.011816413456780457,0.0
2021-03-31 23:59:00+00:00,-0.000982847129287282,0.0,0.0
2021-04-01 23:59:00+00:00,-0.0015114097388370207,-0.04971897734573889,0.0
2021-04-02 23:59:00+00:00,-0.0015114097388370207,-0.02214706989055204,0.0
2021-04-05 23:59:00+00:00,-0.0012560948446330722,0.02572489123843592,0.0
2021-04-06 23:59:00+00:00,-0.0012299114395754969,0.0007933360193958741,0.0
2021-04-07 23:59:00+00:00,-0.0013106544624484294,0.001584786385571545,0.0
2021-04-08 23:59:00+00:00,-0.0012123188503167222,0.013760783289088906,0.0
2021-04-09 23:59:00+00:00,-0.001233836194530085,0.022394758308186654,0.0
2021-04-12 23:59:00+00:00,-0.0012411402895049104,-0.00038189803786673013,0.0
2021-04-13 23:59:00+00:00,-0.001309985858576789,0.015163292803345366,0.0
2021-04-14 23:59:00+00:00,-0.0013009076416871104,0.008242834231711823,0.0
2021-04-15 23:59:00+00:00,-0.0013876726251328038,0.025420414660343407,0.0
2021-04-16 23:59:00+00:00,-0.001364158714933299,-0.00803510531965727,0.0
2021-04-19 23:59:00+00:00,-0.0014677473244937725,-0.01291769208097001,0.0
2021-04-20 23:59:00+00:00,-0.001361651060272694,0.020952797400627214,0.0
2021-04-21 23:59:00+00:00,-0.0013104896048051098,-0.006935599986240297,0.0
2021-04-22 23:59:00+00:00,-0.0013685353107875462,0.02173998663640582,0.0
2021-04-23 23:59:00+00:00,-0.0013355087332126993,0.0293151841638782,0.0
2021-04-28 23:59:00+00:00,-0.0017536897172389706,0.00684699696526916,0.0
2021-04-29 23:59:00+00:00,-0.0016795268292204239,0.011870581986985115,0.0
2021-04-30 23:59:00+00:00,-0.0017023122738286627,0.0003370975929443155,0.0
2021-05-03 23:59:00+00:00,-0.0017319243523575179,-0.00982226355699913,0.0
2021-05-04 23:59:00+00:00,-0.0017148150350604198,-0.003409481652620544,0.0
2021-05-05 23:59:00+00:00,-0.0016911056513690338,0.010193768189543024,0.0
2021-05-06 23:59:00+00:00,-0.0016511346322908597,-0.008828580264203039,0.0
2021-05-07 23:59:00+00:00,-0.0016880336229443153,0.007813866833656506,0.0
2021-05-10 23:59:00+00:00,-0.0016706908584626036,0.004726544923561185,0.0
2021-05-11 23:59:00+00:00,-0.001679405385696681,0.0013463482343378822,0.0
2021-05-12 23:59:00+00:00,-0.0016746911803613607,-0.004044494896506414,0.0
2021-05-13 23:59:00+00:00,-0.0015964524017014468,0.048774081957162485,0.0
2021-05-14 23:59:00+00:00,-0.0015665365988459723,-0.0316968211389696,0.0
2021-05-17 23:59:00+00:00,-0.0016923415413740163,-0.016064602503806674,0.0
2021-05-18 23:59:00+00:00,-0.0015599439522394282,-0.01324522675002068,0.0
2021-05-19 23:59:00+00:00,-0.0015376305321398525,-0.006516915535728542,0.0
2021-05-20 23:59:00+00:00,-0.001497490110342015,-0.006906104796412047,0.0
2021-05-21 23:59:00+00:00,-0.0014234084098746981,0.009312017625618394,0.0
2021-05-26 23:59:00+00:00,-0.00127136213356377,0.009421334828390615,0.0
2021-05-27 23:59:00+00:00,-0.0012345328338278288,0.03875690320397369,0.0
2021-05-28 23:59:00+00:00,-0.001275206283380856,-0.009386701062491091,0.0
2021-06-01 23:59:00+00:00,-0.001338076635109386,-0.011118492563253646,0.0
2021-06-02 23:59:00+00:00,-0.0012838547858070894,0.01824749229583807,0.0
2021-06-03 23:59:00+00:00,-0.0012292716484205326,-0.008756339391959994,0.0
2021-06-04 23:59:00+00:00,-0.0012785064982887544,0.018716261083959046,0.0
2021-06-07 23:59:00+00:00,-0.0012048638172150942,0.0003196420036804853,0.0
2021-06-08 23:59:00+00:00,-0.0012674890343058766,0.006371477432142605,0.0
2021-06-09 23:59:00+00:00,-0.0012475766277548353,0.045624669928337545,0.0
2021-06-10 23:59:00+00:00,-0.001287227831820475,0.016847570572611444,0.0
2021-06-11 23:59:00+00:00,-0.0014056250538880032,-0.03398385281559851,0.0
2021-06-14 23:59:00+00:00,-0.001449168403277719,0.0033893115175300885,0.0
2021-06-15 23:59:00+00:00,-0.0013478834366230986,0.0006150061694462856,0.0
2021-06-16 23:59:00+00:00,-0.0013349429040573396,-0.011750289801631807,0.0
2021-06-17 23:59:00+00:00,-0.0013590781848071506,-0.007493010393476234,0.0
2021-06-18 23:59:00+00:00,-0.001330765094015137,0.020779162883747065,0.0
2021-06-21 23:59:00+00:00,-0.0012962185382124909,0.022759289145749245,0.0
2021-06-22 23:59:00+00:00,-0.001352987567764628,0.02518278536779647,0.0
2021-06-23 23:59:00+00:00,-0.0014272649966702087,0.02256387309988991,0.0
2021-06-28 23:59:00+00:00,-0.0012538393033160657,0.00549451931764078,0.0
2021-06-29 23:59:00+00:00,-0.0013049208532126763,0.003009166543699039,0.0
2021-06-30 23:59:00+00:00,-0.0013564290840030876,0.010596485512079545,0.0
2021-07-01 23:59:00+00:00,-0.001287602172053137,-0.017173653645326827,0.0
2021-07-02 23:59:00+00:00,-0.001283555412436873,-0.011337049395478171,0.0
2021-07-06 23:59:00+00:00,-0.0012172169249076213,0.025262189084973675,0.0
2021-07-07 23:59:00+00:00,-0.001120220651083062,-0.0038033189014135297,0.0
2021-07-08 23:59:00+00:00,-0.0011723119251293903,0.020208150960841068,0.0
2021-07-09 23:59:00+00:00,-0.0011162092198522403,-0.014237983974337277,0.0
2021-07-12 23:59:00+00:00,-0.0011350074649660949,-0.00978800636616282,0.0
2021-07-13 23:59:00+00:00,-0.0010565512119637371,-0.012647955243238236,0.0
2021-07-14 23:59:00+00:00,-0.0009975988088730663,0.016465794622897073,0.0
2021-07-15 23:59:00+00:00,-0.0009558430163733424,0.028178437574417927,0.0
2021-07-16 23:59:00+00:00,-0.0009986265084743848,0.02534426966116783,0.0
2021-07-19 23:59:00+00:00,-0.001135678617849251,0.021187774095473864,0.0
2021-07-20 23:59:00+00:00,-0.001208610673792489,0.011052611886443072,0.0
2021-07-21 23:59:00+00:00,-0.0012170006331690142,0.01413889360320455,0.0
2021-07-22 23:59:00+00:00,-0.0012368112033624458,0.010291686036547724,0.0
2021-07-23 23:59:00+00:00,-0.001142739444773025,-0.03245670750107452,0.0
2021-07-28 23:59:00+00:00,-0.001111899522564368,-0.03637676888287619,0.0
2021-07-29 23:59:00+00:00,-0.0011474561706642447,0.005351012895482082,0.0
2021-07-30 23:59:00+00:00,-0.0010608151172017664,0.023110799999950478,0.0
2021-08-02 23:59:00+00:00,-0.0010583144496739876,0.03201250756650421,0.0
2021-08-03 23:59:00+00:00,-0.001119907470821334,-0.004338401598598353,0.0
2021-08-04 23:59:00+00:00,-0.001156275309940103,0.0,0.0
2021-08-05 23:59:00+00:00,-0.0011044820587645585,-0.019512814223581715,0.0
2021-08-06 23:59:00+00:00,-0.0010555415387910386,0.007117467768864175,0.0
2021-08-09 23:59:00+00:00,-0.0010429709343477808,-0.007363803525744609,0.0
2021-08-10 23:59:00+00:00,-0.001047429281459437,-0.03153414440708828,0.0
2021-08-11 23:59:00+00:00,-0.0010167831460187035,-0.01847627616757312,0.0
2021-08-12 23:59:00+00:00,-0.0009407302546333883,0.02177619031832421,0.0
2021-08-13 23:59:00+00:00,-0.0009254402297032112,-0.028011596335608246,0.0
2021-08-16 23:59:00+00:00,-0.0009810881728514553,0.003901682671063659,0.0
2021-08-17 23:59:00+00:00,-0.0009784097661530726,-0.005727690743324409,0.0
2021-08-18 23:59:00+00:00,-0.0009855280924703762,0.005468051640217255,0.0
2021-08-19 23:59:00+00:00,-0.0010432333758383437,0.024116099465065616,0.0
2021-08-20 23:59:00+00:00,-0.0010596517666808148,-0.012498568517548879,0.0
2021-08-23 23:59:00+00:00,-0.0011148160882784193,0.00025664057628353514,0.0
2021-08-24 23:59:00+00:00,-0.0010444099882900926,0.07106070040604962,0.0
2021-08-27 23:59:00+00:00,-0.002167522784883002,0.016586420329064114,0.0
2021-08-30 23:59:00+00:00,-0.002140375436849017,0.052948309746057236,0.0
2021-08-31 23:59:00+00:00,-0.0021809499870030957,0.005617992304223274,0.0
2021-09-01 23:59:00+00:00,-0.0022640898075136267,0.015182586090246768,0.0
2021-09-02 23:59:00+00:00,-0.002023040305414129,-0.031036973995576558,0.0
2021-09-03 23:59:00+00:00,-0.002014469234949409,0.0730128017452784,0.0
2021-09-07 23:59:00+00:00,-0.0019152918617243294,0.023530497410194036,0.0
2021-09-08 23:59:00+00:00,-0.002022136947033206,-0.018658380586193703,0.0
2021-09-09 23:59:00+00:00,-0.002007542876766653,0.05764207346548623,0.0
2021-09-10 23:59:00+00:00,-0.001784133173944397,0.005528562361144567,0.0
2021-09-13 23:59:00+00:00,-0.0017698072413898525,0.03731776300719528,0.0
2021-09-14 23:59:00+00:00,-0.0017373690340314702,-0.023159905003097017,0.0
2021-09-15 23:59:00+00:00,-0.0017036043637146604,-0.04406843313708775,0.0
2021-09-16 23:59:00+00:00,-0.0016926984414751562,-0.02378704820282726,0.0
2021-09-17 23:59:00+00:00,-0.0015778366589543472,-0.03677636099154596,0.0
2021-09-20 23:59:00+00:00,-0.0015656166779133272,0.0,0.0
2021-09-21 23:59:00+00:00,-0.0015719100098929334,0.034969313014622576,0.0
2021-09-22 23:59:00+00:00,-0.0015501534417770141,0.03242672403019526,0.0
2021-09-23 23:59:00+00:00,-0.001559742738658102,0.10446517332423456,0.0
2021-09-28 23:59:00+00:00,-0.004101202840525068,0.0687859241421386,0.0
2021-09-29 23:59:00+00:00,-0.0038344410355026118,-0.04318971781366169,0.0
2021-09-30 23:59:00+00:00,-0.004114549340790624,0.025824887086149297,0.0
2021-10-01 23:59:00+00:00,-0.003876559038898023,0.09047398432736271,0.0
2021-10-04 23:59:00+00:00,-0.003874219731735618,-0.10638202017610685,0.0
2021-10-05 23:59:00+00:00,-0.0027124642598070686,0.0003523608211227516,0.0
2021-10-06 23:59:00+00:00,-0.0024524565375980156,-0.019925939461080837,0.0
2021-10-07 23:59:00+00:00,-0.0024628760879758624,-0.040335440250499746,0.0
2021-10-08 23:59:00+00:00,-0.002361172308330352,0.02949522569763476,0.0
2021-10-11 23:59:00+00:00,-0.002250071490833486,0.015322516992364402,0.0
2021-10-12 23:59:00+00:00,-0.003231430640854371,0.0172035811576548,0.0
2021-10-13 23:59:00+00:00,-0.0031867440791606945,-0.04993377546627253,0.0
2021-10-14 23:59:00+00:00,-0.0032025276347995937,-0.08101360397948987,0.0
2021-10-15 23:59:00+00:00,-0.00293486014435147,0.019649337158920754,0.0
2021-10-18 23:59:00+00:00,-0.0026603276335405417,0.015987862482516615,0.0
2021-10-19 23:59:00+00:00,-0.003140474122997173,-0.010695289116747919,0.0
2021-10-20 23:59:00+00:00,-0.0032589912638460107,0.03174869831458027,0.0
2021-10-21 23:59:00+00:00,-0.0030872274638079223,0.11068721267491431,0.0
2021-10-22 23:59:00+00:00,-0.003341166502741542,-0.0027164702612812036,0.0
2021-10-27 23:59:00+00:00,-0.00567485213482619,-0.06354742935741432,0.0
2021-10-28 23:59:00+00:00,-0.003913696997032163,-0.04523952712026744,0.0
2021-10-29 23:59:00+00:00,-0.003576485937264533,0.06639275932431403,0.0
2021-11-01 23:59:00+00:00,-0.007409846096262788,0.022833671298874068,0.0
2021-11-02 23:59:00+00:00,-0.007821219792135452,0.008080142327960413,0.0
2021-11-03 23:59:00+00:00,-0.008145655127604266,-0.03561630013656567,0.0
2021-11-04 23:59:00+00:00,-0.00756290724334647,-0.016266464849787707,0.0
2021-11-05 23:59:00+00:00,-0.007082464064668255,-0.08615742742122205,0.0
2021-11-08 23:59:00+00:00,-0.006852331848218736,-0.02008384779498994,0.0
2021-11-09 23:59:00+00:00,-0.005883249700167594,0.053657301198948584,0.0
2021-11-10 23:59:00+00:00,-0.005514918347072795,-0.07206336316301921,0.0
2021-11-11 23:59:00+00:00,-0.006573929557123096,0.046092987601130814,0.0
2021-11-12 23:59:00+00:00,-0.005682335699306054,0.031393592417648136,0.0
2021-11-15 23:59:00+00:00,-0.006312492708086309,-0.07228202991324431,0.0
2021-11-16 23:59:00+00:00,-0.006832470210925668,0.017699577099401075,0.0
2021-11-17 23:59:00+00:00,-0.005801169100527056,0.032710852594725996,0.0
2021-11-18 23:59:00+00:00,-0.00606195295400837,-0.056032516340174504,0.0
2021-11-19 23:59:00+00:00,-0.00640322685384234,0.03649441476474121,0.0
2021-11-22 23:59:00+00:00,-0.005659884086030381,0.020130226333679058,0.0
2021-11-26 23:59:00+00:00,-0.006640147955288898,-0.060946573101547726,0.0
2021-11-29 23:59:00+00:00,-0.005225762867709569,-0.07005696773157424,0.0
2021-11-30 23:59:00+00:00,-0.004856755047644897,-0.04860230018240569,0.0
2021-12-01 23:59:00+00:00,-0.004138398215784162,0.018564284968510057,0.0
2021-12-02 23:59:00+00:00,-0.003709498166325595,-0.12211841209014788,0.0
2021-12-03 23:59:00+00:00,-0.0036800652247233616,0.0138495085363646,0.0
2021-12-06 23:59:00+00:00,-0.0027944451800902157,0.028448017032811534,0.0
2021-12-07 23:59:00+00:00,-0.003040061729646138,-0.0002621575581929648,0.0
2021-12-08 23:59:00+00:00,-0.003170390221867095,0.028687844056144298,0.0
2021-12-09 23:59:00+00:00,-0.002846954967498065,-0.033945479721549196,0.0
2021-12-10 23:59:00+00:00,-0.0029622504203662553,-0.012465351701272139,0.0
2021-12-13 23:59:00+00:00,-0.002718378150771756,0.01457172425468717,0.0
2021-12-14 23:59:00+00:00,-0.00284836906069238,-0.009513813831276785,0.0
2021-12-15 23:59:00+00:00,-0.002866758811462506,-0.020386972182524835,0.0
2021-12-16 23:59:00+00:00,-0.002875341124862155,0.038282186571016966,0.0
2021-12-17 23:59:00+00:00,-0.0028303273517241794,0.009087431094923106,0.0
2021-12-20 23:59:00+00:00,-0.002911838574937631,0.02728021307595161,0.0
2021-12-21 23:59:00+00:00,-0.0028854172036512213,-0.06359999455530678,0.0
2021-12-22 23:59:00+00:00,-0.0034048733158458877,0.08450667937462032,0.0
2021-12-23 23:59:00+00:00,-0.0029191721841552217,-0.0012322860462650562,0.0
2021-12-29 23:59:00+00:00,-0.0021721370792574806,0.046366829360083475,0.0
2021-12-30 23:59:00+00:00,-0.0018711477024878753,0.02253243108069606,0.0
2021-12-31 23:59:00+00:00,-0.0021080365804912586,-0.026023773421305244,0.0
2022-01-03 23:59:00+00:00,-0.0019469170041298519,0.04343359343170344,0.0
2022-01-04 23:59:00+00:00,-0.001827008628539339,-0.018196498954862896,0.0
2022-01-05 23:59:00+00:00,-0.0020999035349222456,0.026916738876308244,0.0
2022-01-06 23:59:00+00:00,-0.0019816857098985787,0.04078113566715743,0.0
2022-01-07 23:59:00+00:00,-0.0021640415179506054,0.04083180079725305,0.0
2022-01-10 23:59:00+00:00,-0.0023455670530247775,0.1337373022309334,0.0
2022-01-11 23:59:00+00:00,-0.0026125362507317066,-0.12880713612307468,0.0
2022-01-12 23:59:00+00:00,-0.0038328160051701353,-0.001875293564107814,0.0
2022-01-13 23:59:00+00:00,-0.00238089022599276,0.004915164956808624,0.0
2022-01-14 23:59:00+00:00,-0.0020670317697922113,-0.06063921449820532,0.0
2022-01-18 23:59:00+00:00,-0.0021834317755812733,-0.058487240068791205,0.0
2022-01-19 23:59:00+00:00,-0.0017031349023089281,0.05749443780307966,0.0
2022-01-20 23:59:00+00:00,-0.0014452670062202765,0.006435665776854392,0.0
2022-01-24 23:59:00+00:00,-0.001726808771572144,0.053794481598600195,0.0
2022-01-27 23:59:00+00:00,-0.0013041497632252806,0.049416129433407834,0.0
2022-01-28 23:59:00+00:00,-0.0016830576539677714,-0.025559832998230083,0.0
2022-01-31 23:59:00+00:00,-0.0019290344724520751,0.14657477168853683,0.0
2022-02-01 23:59:00+00:00,-0.001744778285131055,-0.11814667202402694,0.0
2022-02-02 23:59:00+00:00,-0.002502570530853245,-0.06683247593673,0.0
2022-02-03 23:59:00+00:00,-0.0016601608465476227,-0.07727605137656593,0.0
2022-02-04 23:59:00+00:00,-0.0012910481578049808,0.0037735893836394877,0.0
2022-02-07 23:59:00+00:00,-0.001095082729105168,-0.05790645027926775,0.0
2022-02-08 23:59:00+00:00,-0.0010591188469617255,-0.01255036553637641,0.0
2022-02-09 23:59:00+00:00,-0.0009850094469270542,-0.004556969911127021,0.0
2022-02-10 23:59:00+00:00,-0.0010703293506992987,0.06245884170630305,0.0
2022-02-11 23:59:00+00:00,-0.0010146464851037628,0.02611605902300166,0.0
2022-02-14 23:59:00+00:00,-0.0012357975867599434,0.09116360535995321,0.0
2022-02-15 23:59:00+00:00,-0.0013819001100112242,-0.05021156820410806,0.0
2022-02-16 23:59:00+00:00,-0.0017413471902860953,-0.012336143880664042,0.0
2022-02-17 23:59:00+00:00,-0.001242709399039894,0.015007561319771566,0.0
2022-02-18 23:59:00+00:00,-0.0012504687590912584,0.027410991468964505,0.0
2022-02-24 23:59:00+00:00,-0.0012364665277418679,-0.015329425521207413,0.0
2022-02-25 23:59:00+00:00,-0.0012187857977100365,0.03811046157164829,0.0
2022-02-28 23:59:00+00:00,-0.0012045184718925,0.04049830338875283,0.0
2022-03-01 23:59:00+00:00,-0.0011511059774683718,-0.008435309401349737,0.0
2022-03-02 23:59:00+00:00,-0.0012078747770221544,0.0604003646672983,0.0
2022-03-03 23:59:00+00:00,-0.0012632222295835198,-0.03716541046767248,0.0
2022-03-04 23:59:00+00:00,-0.00128432432835693,-0.06562884565160146,0.0
2022-03-07 23:59:00+00:00,-0.0011606404624751503,0.022934280287269283,0.0
2022-03-09 23:59:00+00:00,-0.0010131749820526724,0.020094733447091135,0.0
2022-03-10 23:59:00+00:00,-0.001017160870224802,-0.014281389483556712,0.0
2022-03-11 23:59:00+00:00,-0.00101305057271895,-0.019510699108440294,0.0
2022-03-14 23:59:00+00:00,-0.0010259821550301614,0.03864800439371254,0.0
2022-03-15 23:59:00+00:00,-0.0009895620393288026,0.049712433016005655,0.0
2022-03-16 23:59:00+00:00,-0.0010737562548373879,-0.025780378341778546,0.0
2022-03-17 23:59:00+00:00,-0.0011408938753636082,0.00757967369493221,0.0
2022-03-18 23:59:00+00:00,-0.0010921039044382303,0.056920290252682144,0.0
2022-03-21 23:59:00+00:00,-0.0011193918656379307,0.008638118785634313,0.0
2022-03-22 23:59:00+00:00,-0.0011611137975025662,0.031790507455856515,0.0
2022-03-23 23:59:00+00:00,-0.0010482527033559017,0.0309904494279243,0.0
2022-03-24 23:59:00+00:00,-0.0010598659834954638,-0.011372990172270024,0.0
2022-03-29 23:59:00+00:00,-0.0011897464632472116,0.0065795560556812195,0.0
2022-03-30 23:59:00+00:00,-0.001233538912712619,0.013730192811901817,0.0
2022-03-31 23:59:00+00:00,-0.001243767879533991,-0.0013995803544232435,0.0
2022-04-01 23:59:00+00:00,-0.000888053795169939,0.05450940566837171,0.0
2022-04-04 23:59:00+00:00,-0.0008552138642859745,-0.0004974711983864374,0.0
2022-04-05 23:59:00+00:00,-0.0008844135122612825,0.05328997277800217,0.0
2022-04-06 23:59:00+00:00,-0.0008757952656117602,-0.012819673865509,0.0
2022-04-07 23:59:00+00:00,-0.0008961315798755614,0.056512210263342404,0.0
2022-04-08 23:59:00+00:00,-0.0008002093836467351,0.005554318865450236,0.0
2022-04-11 23:59:00+00:00,-0.0008054664901607834,0.04636349821520543,0.0
2022-04-12 23:59:00+00:00,-0.0007972267283218358,0.04239286239058565,0.0
2022-04-13 23:59:00+00:00,-0.0007910610696963541,0.06881020640287441,0.0
2022-04-14 23:59:00+00:00,-0.0007853062732659259,-0.08594242980072477,0.0
2022-04-18 23:59:00+00:00,-0.0005849429869043082,-0.03387272035333072,0.0
2022-04-19 23:59:00+00:00,-0.000628684099858242,0.00287894253833996,0.0
2022-04-20 23:59:00+00:00,-0.0005839997397373034,-0.06272903376262591,0.0
2022-04-21 23:59:00+00:00,-0.000563493301507817,0.02045061047129084,0.0
2022-04-22 23:59:00+00:00,-0.0005704286929326834,0.026778728623964774,0.0
2022-04-27 23:59:00+00:00,-0.0007960602194558044,0.05039277289573719,0.0
2022-04-28 23:59:00+00:00,-0.0007642413290315766,0.03139057925558315,0.0
2022-04-29 23:59:00+00:00,-0.0008012644331582778,0.062110827508748696,0.0
2022-05-02 23:59:00+00:00,-0.0008200195423427343,0.056340880857270424,0.0
2022-05-03 23:59:00+00:00,-0.0008510103542407895,0.04280220729221106,0.0
2022-05-04 23:59:00+00:00,-0.0006391585987535502,-0.08801588701304844,0.0
2022-05-05 23:59:00+00:00,-0.000646469557684247,-0.1351845940782966,0.0
2022-05-06 23:59:00+00:00,-0.0006063336634571525,0.04983336213970774,0.0
2022-05-09 23:59:00+00:00,-0.0005983386493026108,0.033946687195086055,0.0
2022-05-10 23:59:00+00:00,-0.0006276795055291089,0.01287487710989295,0.0
2022-05-11 23:59:00+00:00,-0.0007311901871555939,-0.009868928300054767,0.0
2022-05-12 23:59:00+00:00,-0.0007108059056089848,0.03752280900345854,0.0
2022-05-13 23:59:00+00:00,-0.0006984561558976791,0.042810965431807124,0.0
2022-05-16 23:59:00+00:00,-0.0007176917872573736,0.007677580899034332,0.0
2022-05-17 23:59:00+00:00,-0.000727073843387079,-0.007196001308701262,0.0
2022-05-18 23:59:00+00:00,-0.0006307142152262335,-0.027455815262158487,0.0
2022-05-19 23:59:00+00:00,-0.000626161279174302,0.07860466012253013,0.0
2022-05-20 23:59:00+00:00,-0.0006145495964748341,0.005929321818277168,0.0
2022-05-23 23:59:00+00:00,-0.0006566998120265278,0.019700079884631842,0.0
2022-05-26 23:59:00+00:00,-0.0006562391818288433,-0.06901742612716592,0.0
2022-05-27 23:59:00+00:00,-0.0005791657049087305,0.06545890776489989,0.0
2022-05-31 23:59:00+00:00,-0.000555739261001934,-0.024563251132718678,0.0
2022-06-01 23:59:00+00:00,-0.0005625567650930928,0.004468492853971039,0.0
2022-06-02 23:59:00+00:00,-0.0005626737677871843,0.08960880641038868,0.0
2022-06-03 23:59:00+00:00,-0.0005539481163614721,-0.0031157693753469467,0.0
2022-06-06 23:59:00+00:00,-0.000515207503799314,-0.06605335204979845,0.0
2022-06-07 23:59:00+00:00,-0.0004933168366584854,0.029896915849820863,0.0
2022-06-08 23:59:00+00:00,-0.00045047753052760407,-0.01268753335538645,0.0
2022-06-09 23:59:00+00:00,-0.00041449730254980736,-0.027609291344020546,0.0
2022-06-10 23:59:00+00:00,-0.00039882407061632387,-0.18025608767408313,0.0
2022-06-13 23:59:00+00:00,-0.0004891707054511471,0.031626977177554645,0.0
2022-06-14 23:59:00+00:00,-0.0004179461297660234,0.005912406365753746,0.0
2022-06-15 23:59:00+00:00,-0.0004588940643895261,-0.07221348618699366,0.0
2022-06-16 23:59:00+00:00,-0.000490985321433919,-0.019779586086976032,0.0
2022-06-17 23:59:00+00:00,-0.0004891998053952125,0.007317462769655668,0.0
2022-06-21 23:59:00+00:00,-0.0006889586350919076,-0.09459594091207928,0.0
2022-06-22 23:59:00+00:00,-0.0006674162579516968,-0.0030500063775612757,0.0
2022-06-23 23:59:00+00:00,-0.00054946884743988,0.04418610447124381,0.0
2022-06-28 23:59:00+00:00,-0.00044657108561067533,-0.18066088660881408,0.0
2022-06-29 23:59:00+00:00,-0.0004145179059690709,0.0548819800885537,0.0
2022-06-30 23:59:00+00:00,-0.0004858133633084586,-0.03679433980759787,0.0
2022-07-01 23:59:00+00:00,-0.0005093107580298093,-0.002356567754227402,0.0
2022-07-05 23:59:00+00:00,-0.0005154910037668759,0.13350870634178255,0.0
2022-07-06 23:59:00+00:00,-0.0004819011541409554,-0.04266318876973632,0.0
2022-07-07 23:59:00+00:00,-0.0006460601573569095,0.06294211995679752,0.0
2022-07-08 23:59:00+00:00,-0.0005481815887400362,-0.04178858871356063,0.0
2022-07-11 23:59:00+00:00,-0.000667849154740762,0.08190071415616494,0.0
2022-07-12 23:59:00+00:00,-0.0006756757632599126,-0.013394737103891207,0.0
2022-07-13 23:59:00+00:00,-0.0006388542302894906,0.06112360603750202,0.0
2022-07-14 23:59:00+00:00,-0.0006116914144296772,0.0639058381396486,0.0
2022-07-15 23:59:00+00:00,-0.0005643872183033045,-0.02916845191053832,0.0
2022-07-18 23:59:00+00:00,-0.0005945144692655371,0.09738551779150448,0.0
2022-07-19 23:59:00+00:00,-0.0005969628288474275,-0.009410948432947172,0.0
2022-07-20 23:59:00+00:00,-0.0006471552170982066,0.045229814958761175,0.0
2022-07-21 23:59:00+00:00,-0.0006613000312838587,0.050286642564863364,0.0
2022-07-22 23:59:00+00:00,-0.0005246745131064549,0.030024828751204127,0.0
2022-07-27 23:59:00+00:00,-0.0006710225404046589,0.01161169313854296,0.0
2022-07-28 23:59:00+00:00,-0.0006339337076598565,0.0065407209925513,0.0
2022-07-29 23:59:00+00:00,-0.0006762255576450444,-0.07220597541216116,0.0
2022-08-01 23:59:00+00:00,-0.0006649911966337646,0.07015146988557476,0.0
2022-08-02 23:59:00+00:00,-0.0005934224234017788,-0.017574286825434583,0.0
2022-08-03 23:59:00+00:00,-0.0006391412468577743,-0.007166717935093186,0.0
2022-08-04 23:59:00+00:00,-0.0006263951566480178,-0.06070988090723697,0.0
2022-08-05 23:59:00+00:00,-0.000617512840288418,0.03164574796332574,0.0
2022-08-08 23:59:00+00:00,-0.0005958092449507402,0.04603244858476596,0.0
2022-08-09 23:59:00+00:00,-0.0005798479127126002,0.07874762598685038,0.0
2022-08-10 23:59:00+00:00,-0.0005911390507237079,-0.012016922751058005,0.0
2022-08-11 23:59:00+00:00,-0.0006248091959726758,-0.004572481674890117,0.0
2022-08-12 23:59:00+00:00,-0.000625704882998528,0.06659157944805448,0.0
2022-08-15 23:59:00+00:00,-0.0006057444910468768,-0.009153135566689745,0.0
2022-08-16 23:59:00+00:00,-0.00046090701507919005,-0.006076407585282381,0.0
2022-08-17 23:59:00+00:00,-0.00044949835144088735,0.01597961015740303,0.0
2022-08-18 23:59:00+00:00,-0.0004401318673959014,0.03618400630423075,0.0
2022-08-19 23:59:00+00:00,-0.00045447194948425713,-0.051619576406868095,0.0
2022-08-22 23:59:00+00:00,-0.0004865203598780461,0.014792689977635018,0.0
2022-08-23 23:59:00+00:00,-0.00044157030429002174,0.004811556997222117,0.0
2022-08-24 23:59:00+00:00,-0.0004324023900182961,-0.008462371746919125,0.0
2022-08-29 23:59:00+00:00,-0.001257074484750047,0.009356664662326914,0.0
2022-08-30 23:59:00+00:00,-0.001180201539624229,0.01468295452382002,0.0
2022-08-31 23:59:00+00:00,-0.001169822758767983,-0.052760462504972495,0.0
2022-09-01 23:59:00+00:00,-0.0010723836849094415,-0.07575530349957932,0.0
2022-09-02 23:59:00+00:00,-0.001012413265079488,-0.037910338183868506,0.0
2022-09-06 23:59:00+00:00,-0.0009280831182864498,0.009265789462835562,0.0
2022-09-07 23:59:00+00:00,-0.0009754208224651967,0.010181723305178296,0.0
2022-09-08 23:59:00+00:00,-0.0009069653660189242,0.031150564240441127,0.0
2022-09-09 23:59:00+00:00,-0.001257132221189717,0.004233962654743201,0.0
2022-09-12 23:59:00+00:00,-0.001345621066348435,0.09548574930835303,0.0
2022-09-13 23:59:00+00:00,-0.0012856175485251404,-0.09066878431030297,0.0
2022-09-14 23:59:00+00:00,-0.001314988816994382,-0.06964524322462415,0.0
2022-09-15 23:59:00+00:00,-0.0012275980827272082,-0.0015467907182987934,0.0
2022-09-16 23:59:00+00:00,-0.0012498857946437424,-0.004525187112999091,0.0
2022-09-19 23:59:00+00:00,-0.0012810699603655962,0.008002107749171115,0.0
2022-09-20 23:59:00+00:00,-0.0013154667315950501,-0.0928835083517565,0.0
2022-09-21 23:59:00+00:00,-0.0014098893650720057,-0.037512481940686286,0.0
2022-09-22 23:59:00+00:00,-0.0011593377847888137,0.010924294789144287,0.0
2022-09-23 23:59:00+00:00,-0.0012881641650406583,-0.037188880419054375,0.0
2022-09-28 23:59:00+00:00,-0.00338209351135949,-0.01583610806912532,0.0
2022-09-29 23:59:00+00:00,-0.0033925461168009844,-0.0447339618457076,0.0
2022-09-30 23:59:00+00:00,-0.0032330086176091924,0.055172930418847604,0.0
2022-10-03 23:59:00+00:00,-0.002944678860760817,0.01351077427015504,0.0
2022-10-04 23:59:00+00:00,-0.00326092499444775,0.006042314455962662,0.0
2022-10-05 23:59:00+00:00,-0.0032166761143411883,-0.03265596297405269,0.0
2022-10-06 23:59:00+00:00,-0.003305627433868214,-0.04749432363563194,0.0
2022-10-07 23:59:00+00:00,-0.003075658805946834,0.024711563649262573,0.0
2022-10-10 23:59:00+00:00,-0.002653904838016082,-0.024711563649262507,0.0
2022-10-11 23:59:00+00:00,-0.0027795274755081094,0.046456440823211854,0.0
2022-10-12 23:59:00+00:00,-0.0026661454521416422,-0.043663142917599075,0.0
2022-10-13 23:59:00+00:00,-0.002867983009090704,-0.07295235028274671,0.0
2022-10-14 23:59:00+00:00,-0.00270826073305467,-0.04326287737023698,0.0
2022-10-17 23:59:00+00:00,-0.002296300758062501,-0.050514888249205823,0.0
2022-10-18 23:59:00+00:00,-0.0027060394876400294,-0.019224251929096266,0.0
2022-10-19 23:59:00+00:00,-0.002609750487988451,-0.07738666361542024,0.0
2022-10-20 23:59:00+00:00,-0.002516449766667622,0.047262191894582,0.0
2022-10-21 23:59:00+00:00,-0.0021869961997237983,0.07661903655848358,0.0
2022-10-24 23:59:00+00:00,-0.002354048296516742,-0.0012478832174658205,0.0
2022-10-27 23:59:00+00:00,-0.004182314842762505,0.11158669440656317,0.0
2022-10-28 23:59:00+00:00,-0.003987848238580152,-0.10632260083283601,0.0
2022-10-31 23:59:00+00:00,-0.004841267498817383,0.0925380206851929,0.0
2022-11-01 23:59:00+00:00,-0.0068121989161943975,-0.04787322667620006,0.0
2022-11-02 23:59:00+00:00,-0.007907298654271878,0.06871389254805194,0.0
2022-11-03 23:59:00+00:00,-0.007352283774908386,0.08157998699242285,0.0
2022-11-04 23:59:00+00:00,-0.007778229440491749,-0.12337902116050466,0.0
2022-11-07 23:59:00+00:00,-0.008978466447761426,-0.0454964740921056,0.0
2022-11-08 23:59:00+00:00,-0.008052573797136264,0.061817431023210447,0.0
2022-11-09 23:59:00+00:00,-0.007382362713236224,-0.059433233708531444,0.0
2022-11-10 23:59:00+00:00,-0.0072092621578047425,0.009143307856388455,0.0
2022-11-11 23:59:00+00:00,-0.006681804027529059,0.016880153460363086,0.0
2022-11-14 23:59:00+00:00,-0.0068546171258192685,0.027139151314176563,0.0
2022-11-15 23:59:00+00:00,-0.007021325853953088,0.026893179338182725,0.0
2022-11-16 23:59:00+00:00,-0.007523889170814441,-0.010416760858255604,0.0
2022-11-17 23:59:00+00:00,-0.007479651988559849,0.07236124681878017,0.0
2022-11-18 23:59:00+00:00,-0.00740076513270831,0.0004426410990752143,0.0
2022-11-21 23:59:00+00:00,-0.008256855510928803,0.07514004006693173,0.0
2022-11-22 23:59:00+00:00,-0.00813048173439753,-0.03963678218294477,0.0
2022-11-28 23:59:00+00:00,-0.007983295065459233,-0.04307054688163541,0.0
2022-11-29 23:59:00+00:00,-0.006606911504481494,-0.02809666821745059,0.0
2022-11-30 23:59:00+00:00,-0.005995058445695864,-0.07023394151211751,0.0
2022-12-01 23:59:00+00:00,-0.00542823782546818,-0.11887820606482706,0.0
2022-12-02 23:59:00+00:00,-0.005168215658721783,-0.019555213042780944,0.0
2022-12-05 23:59:00+00:00,-0.004182700647005711,0.045397359062329556,0.0
2022-12-06 23:59:00+00:00,-0.005370738521894884,0.04091285182891452,0.0
2022-12-07 23:59:00+00:00,-0.005707986883004495,0.04637514832166138,0.0
2022-12-08 23:59:00+00:00,-0.005910214712843185,0.053316866081014914,0.0
2022-12-09 23:59:00+00:00,-0.006487819651495633,0.051483044108239055,0.0
2022-12-12 23:59:00+00:00,-0.006979448640048308,-0.07560651551726683,0.0
2022-12-13 23:59:00+00:00,-0.005795128565105575,0.08064068652290443,0.0
2022-12-14 23:59:00+00:00,-0.00501646858967425,-0.05454557574005267,0.0
2022-12-15 23:59:00+00:00,-0.005791293787356003,-0.12045706222628072,0.0
2022-12-16 23:59:00+00:00,-0.005272697954519189,-0.09401209941435856,0.0
2022-12-19 23:59:00+00:00,-0.004086774560457397,0.001125914924721774,0.0
2022-12-20 23:59:00+00:00,-0.004312867636109832,-0.06448850988502894,0.0
2022-12-21 23:59:00+00:00,-0.0045095686021656535,0.01587649938767468,0.0
2022-12-22 23:59:00+00:00,-0.004885925181725601,0.03919042205583258,0.0
2022-12-28 23:59:00+00:00,-0.0028573899888909935,-0.018596949504485802,0.0
2022-12-29 23:59:00+00:00,-0.0027155804013136355,-0.11521649962722667,0.0
2022-12-30 23:59:00+00:00,-0.0024871243493133563,0.04510568503893405,0.0
2023-01-03 23:59:00+00:00,-0.001762317914657586,-0.11467186885347067,0.0
2023-01-04 23:59:00+00:00,-0.0019484204740274447,-0.0026917916657115256,0.0
2023-01-05 23:59:00+00:00,-0.0012150164270773103,0.05250549737793068,0.0
2023-01-06 23:59:00+00:00,-0.0013040550484199598,-0.07182845536725176,0.0
2023-01-09 23:59:00+00:00,-0.0014972067988701758,0.008755185884674473,0.0
2023-01-10 23:59:00+00:00,-0.0012814818288368014,0.006516449885467943,0.0
2023-01-11 23:59:00+00:00,-0.001247616952645193,-0.07763244374300078,0.0
2023-01-12 23:59:00+00:00,-0.0012545787993025297,0.04768926452577687,0.0
2023-01-13 23:59:00+00:00,-0.0006685359256574596,-0.07978711661783192,0.0
2023-01-17 23:59:00+00:00,-0.00127289036065509,-0.01093238947789396,0.0
2023-01-18 23:59:00+00:00,-0.0005576432635399194,-0.031325246982997865,0.0
2023-01-19 23:59:00+00:00,-0.0001852289182001295,0.08251166543051103,0.0
2023-01-20 23:59:00+00:00,9.878743533415666e-06,-0.05639077735487499,0.0
2023-01-23 23:59:00+00:00,-0.000705345695627926,-0.060413625047738805,0.0
2023-01-24 23:59:00+00:00,-0.0003457975443528057,-0.04093068426548479,0.0
2023-01-27 23:59:00+00:00,0.001572353100101993,0.002611454571219948,0.0
2023-01-30 23:59:00+00:00,0.0020998494274105666,-0.08390011306629411,0.0
2023-01-31 23:59:00+00:00,0.0025072976020789188,-0.004874095758245407,0.0
2023-02-01 23:59:00+00:00,0.003465575700353878,-0.018907262782332297,0.0
2023-02-02 23:59:00+00:00,0.002793984482403573,0.01931434603647837,0.0
2023-02-03 23:59:00+00:00,0.00293407431804062,0.05039749238131346,0.0
2023-02-06 23:59:00+00:00,0.002563593093401855,-0.07553790566715257,0.0
2023-02-07 23:59:00+00:00,0.002319814665814074,0.014090577099254336,0.0
2023-02-08 23:59:00+00:00,0.0028741059705343396,0.033983852815598355,0.0
2023-02-09 23:59:00+00:00,0.0025376203342531672,-0.04432520661033113,0.0
2023-02-10 23:59:00+00:00,0.0023976912102739666,0.06518799833127896,0.0
2023-02-13 23:59:00+00:00,0.0028347362030096785,-0.03811497488253033,0.0
2023-02-14 23:59:00+00:00,0.0021303639851302752,-0.033748058662800666,0.0
2023-02-15 23:59:00+00:00,0.002443378314968365,-0.048894815940758674,0.0
2023-02-16 23:59:00+00:00,0.0026181239361431734,-0.09298321894927125,0.0
2023-02-17 23:59:00+00:00,0.0027493554785715394,0.04757195524537518,0.0
2023-02-21 23:59:00+00:00,0.003285368524207983,0.062408840072467095,0.0
2023-02-24 23:59:00+00:00,0.0016594279632272252,0.005841564621568854,0.0
2023-02-27 23:59:00+00:00,0.0010579587982250701,0.023030884811257982,0.0
2023-02-28 23:59:00+00:00,0.0010143898229442614,-0.016499656950096645,0.0
2023-03-01 23:59:00+00:00,0.000970958466467765,0.08456716267360999,0.0
2023-03-02 23:59:00+00:00,0.0011241873797435565,-0.1569239912725352,0.0
2023-03-03 23:59:00+00:00,0.000718359697581996,0.04374152325798113,0.0
2023-03-06 23:59:00+00:00,0.0014974054563201339,-0.05193989047367972,0.0
2023-03-07 23:59:00+00:00,0.0014140821364538453,-0.003140952719691709,0.0
2023-03-08 23:59:00+00:00,0.0017649241876968504,-0.04545322908752551,0.0
2023-03-09 23:59:00+00:00,0.0017278100671260588,0.06992522135019627,0.0
2023-03-10 23:59:00+00:00,0.00200275632269335,-0.01274394540304624,0.0
2023-03-13 23:59:00+00:00,0.0016661083664430195,-0.053484414065823854,0.0
2023-03-14 23:59:00+00:00,0.0014035098777851307,0.03028699093427226,0.0
2023-03-15 23:59:00+00:00,0.0014234264461662472,-0.0725792471181789,0.0
2023-03-16 23:59:00+00:00,0.0012263354760025465,-0.05043822806781721,0.0
2023-03-17 23:59:00+00:00,0.0015573073826085305,0.05470626698379046,0.0
2023-03-20 23:59:00+00:00,0.0019267122986762568,-0.07837601106969526,0.0
2023-03-21 23:59:00+00:00,0.0016736103388625642,-0.007861312161957902,0.0
2023-03-22 23:59:00+00:00,0.002127114407752453,0.028377190150840708,0.0
2023-03-23 23:59:00+00:00,0.002262221222698466,-0.05949709886464514,0.0
2023-03-24 23:59:00+00:00,0.0021400408328256953,-0.02817087696669645,0.0
2023-03-29 23:59:00+00:00,0.0014771168448073362,0.05186347400957396,0.0
2023-03-30 23:59:00+00:00,0.0009660523170349453,-0.055196016965254585,0.0
2023-03-31 23:59:00+00:00,0.0007548425211428357,0.004282661792000728,0.0
2023-04-03 23:59:00+00:00,0.0011332515472478061,0.02300030984392732,0.0
2023-04-04 23:59:00+00:00,0.0011144368377281142,-0.06915861276519601,0.0
2023-04-05 23:59:00+00:00,0.0010140645310495289,0.0,0.0
2023-04-06 23:59:00+00:00,0.0011290925347877596,0.07701629128117403,0.0
2023-04-07 23:59:00+00:00,0.0011290925347877596,0.006424987682657741,0.0
2023-04-10 23:59:00+00:00,0.0008561451776604284,-0.0434749462904841,0.0
2023-04-11 23:59:00+00:00,0.0007552027054222717,-0.04195737364966153,0.0
2023-04-12 23:59:00+00:00,0.0008627141470337589,0.05194081763384471,0.0
2023-04-13 23:59:00+00:00,0.001011000100959452,0.0733981649548679,0.0
2023-04-14 23:59:00+00:00,0.0009350699667933373,0.03922071315328133,0.0
2023-04-17 23:59:00+00:00,0.0006814208185399528,-0.06279307433875685,0.0
2023-04-18 23:59:00+00:00,0.00053957217948347,0.01207798175974041,0.0
2023-04-19 23:59:00+00:00,0.0007186885572826625,-0.007139700119157863,0.0
2023-04-20 23:59:00+00:00,0.0008645572448685153,0.01775457201238533,0.0
2023-04-21 23:59:00+00:00,0.0008576864071083264,0.014847434321210329,0.0
2023-04-26 23:59:00+00:00,0.001233707581547873,0.02308602003418255,0.0
2023-04-27 23:59:00+00:00,0.0011629166362425473,-0.03892200258500375,0.0
2023-04-28 23:59:00+00:00,0.0010894185950796683,-0.045903910631114916,0.0
2023-05-01 23:59:00+00:00,0.0012028177548349594,-0.020073666734076987,0.0
2023-05-02 23:59:00+00:00,0.0014296276491572151,-0.03231374568950478,0.0
2023-05-03 23:59:00+00:00,0.0014717767309088766,0.01698955447414724,0.0
2023-05-04 23:59:00+00:00,0.0016222793070216654,0.046179633552722886,0.0
