trade_date,session_open,contract_id,forecast_id,signal_requested_position,signal_abstained,risk_shutdown,prior_target_position,target_position,order_delta,execution_side_count,roll_side_count,transaction_cost_usd,gross_pnl_usd,net_pnl_usd,equity_usd,peak_equity_usd,daily_loss_usd,drawdown_fraction,risk_state,kill_reason,no_trade_reason,signal_reason,roll_at_open,next_selected_contract_id,score_year
2014-01-01 00:00:00+00:00,2014-01-01 00:00:00+00:00,NGG4@2014-01-29,,0.0,True,False,0.0,0.0,0.0,0.0,0.0,0.0,0.0,0.0,100000.0,100000.0,0.0,0.0,active,,no_signal_yet,no_signal_yet,False,NGG4@2014-01-29,2014
2014-01-02 00:00:00+00:00,2014-01-02 00:00:00+00:00,NGG4@2014-01-29,,0.0,True,False,0.0,0.0,0.0,0.0,0.0,0.0,0.0,0.0,100000.0,100000.0,0.0,0.0,active,,no_signal_yet,no_signal_yet,False,NGG4@2014-01-29,2014
2014-01-03 00:00:00+00:00,2014-01-03 00:00:00+00:00,NGG4@2014-01-29,,0.0,True,False,0.0,0.0,0.0,0.0,0.0,0.0,0.0,0.0,100000.0,100000.0,0.0,0.0,active,,no_signal_yet,no_signal_yet,False,NGG4@2014-01-29,2014
2014-01-05 00:00:00+00:00,2014-01-05 00:00:00+00:00,NGG4@2014-01-29,ee4681f480b6f182f997,0.0,True,False,0.0,0.0,0.0,0.0,0.0,0.0,0.0,0.0,100000.0,100000.0,0.0,0.0,active,,specialist_veto,specialist_veto,False,NGG4@2014-01-29,2014
2014-01-06 00:00:00+00:00,2014-01-06 00:00:00+00:00,NGG4@2014-01-29,0d1fc075f662b1d0dcd2,-1.0,False,False,0.0,-1.0,-1.0,1.0,0.0,15.0,209.999999999999,194.999999999999,100195.0,100195.0,0.0,0.0,active,,,forecast_signal,False,NGG4@2014-01-29,2014
2014-01-07 00:00:00+00:00,2014-01-07 00:00:00+00:00,NGG4@2014-01-29,0d1fc075f662b1d0dcd2,-1.0,False,False,-1.0,-1.0,0.0,0.0,0.0,0.0,-200.000000000004,-200.000000000004,99995.0,100195.0,200.0,0.001996107590199112,active,,,forecast_signal,False,NGG4@2014-01-29,2014
2014-01-08 00:00:00+00:00,2014-01-08 00:00:00+00:00,NGG4@2014-01-29,5759d912c7b3481aa9ee,-1.0,False,False,-1.0,-1.0,0.0,0.0,0.0,0.0,1470.000000000002,1470.000000000002,101465.0,101465.0,0.0,0.0,active,,,forecast_signal,False,NGG4@2014-01-29,2014
2014-01-09 00:00:00+00:00,2014-01-09 00:00:00+00:00,NGG4@2014-01-29,67174f0b7ed125d54080,-1.0,False,False,-1.0,-1.0,0.0,0.0,0.0,0.0,1859.9999999999989,1859.9999999999989,103325.0,103325.0,0.0,0.0,active,,,forecast_signal,False,NGG4@2014-01-29,2014
2014-01-10 00:00:00+00:00,2014-01-10 00:00:00+00:00,NGG4@2014-01-29,6f05edd037a16ec67a70,-1.0,False,False,-1.0,-1.0,0.0,0.0,0.0,0.0,-1200.0000000000011,-1200.0000000000011,102125.0,103325.0,1200.0,0.011613839825792402,active,,,forecast_signal,False,NGG4@2014-01-29,2014
2014-01-12 00:00:00+00:00,2014-01-12 00:00:00+00:00,NGG4@2014-01-29,6f05edd037a16ec67a70,-1.0,False,False,-1.0,-1.0,0.0,0.0,0.0,0.0,-149.999999999996,-149.999999999996,101975.0,103325.0,150.0,0.013065569804016453,active,,,forecast_signal,False,NGG4@2014-01-29,2014
2014-01-13 00:00:00+00:00,2014-01-13 00:00:00+00:00,NGG4@2014-01-29,616bdb167e5d9648b593,-1.0,False,False,-1.0,-1.0,0.0,0.0,0.0,0.0,-1630.000000000002,-1630.000000000002,100345.0,103325.0,1630.0,0.028841035567384467,active,,,forecast_signal,False,NGG4@2014-01-29,2014
2014-01-14 00:00:00+00:00,2014-01-14 00:00:00+00:00,NGG4@2014-01-29,616bdb167e5d9648b593,-1.0,False,False,-1.0,-1.0,0.0,0.0,0.0,0.0,-469.99999999999704,-469.99999999999704,99875.0,103325.0,470.0,0.03338978949915316,active,,,forecast_signal,False,NGG4@2014-01-29,2014
2014-01-15 00:00:00+00:00,2014-01-15 00:00:00+00:00,NGG4@2014-01-29,afcb691eb6108c3fba7b,0.0,True,False,-1.0,0.0,1.0,1.0,0.0,15.0,-0.0,-15.0,99860.0,103325.0,15.0,0.03353496249697556,active,,specialist_veto,specialist_veto,False,NGG4@2014-01-29,2014
2014-01-16 00:00:00+00:00,2014-01-16 00:00:00+00:00,NGG4@2014-01-29,5cdc2bf8178704ffa0c1,1.0,False,False,0.0,1.0,1.0,1.0,0.0,15.0,300.000000000002,285.000000000002,100145.0,103325.0,0.0,0.030776675538349868,active,,,forecast_signal,False,NGG4@2014-01-29,2014
2014-01-17 00:00:00+00:00,2014-01-17 00:00:00+00:00,NGG4@2014-01-29,70600fa185e3898e3701,1.0,False,False,1.0,1.0,0.0,0.0,0.0,0.0,-910.0000000000009,-910.0000000000009,99235.0,103325.0,910.0,0.03958383740624244,active,,,forecast_signal,False,NGG4@2014-01-29,2014
2014-01-20 00:00:00+00:00,2014-01-20 00:00:00+00:00,NGG4@2014-01-29,0531df7af50818567cb4,1.0,False,False,1.0,1.0,0.0,0.0,0.0,0.0,220.000000000002,220.000000000002,99455.0,103325.0,0.0,0.0374546334381805,active,,,forecast_signal,False,NGG4@2014-01-29,2014
2014-01-21 00:00:00+00:00,2014-01-21 00:00:00+00:00,NGG4@2014-01-29,0531df7af50818567cb4,1.0,False,False,1.0,1.0,0.0,0.0,0.0,0.0,1699.999999999999,1699.999999999999,101155.0,103325.0,0.0,0.021001693684974596,active,,,forecast_signal,False,NGG4@2014-01-29,2014
2014-01-22 00:00:00+00:00,2014-01-22 00:00:00+00:00,NGG4@2014-01-29,0531df7af50818567cb4,1.0,False,False,1.0,1.0,0.0,0.0,0.0,0.0,2290.000000000001,2290.000000000001,103445.0,103445.0,0.0,0.0,active,,,forecast_signal,False,NGG4@2014-01-29,2014
2014-01-23 00:00:00+00:00,2014-01-23 00:00:00+00:00,NGG4@2014-01-29,4a8c11381810119975b8,-1.0,False,False,1.0,-1.0,-2.0,2.0,0.0,30.0,-1360.000000000001,-1390.000000000001,102055.0,103445.0,1390.0,0.013437092174585528,active,,,forecast_signal,False,NGG4@2014-01-29,2014
2014-01-24 00:00:00+00:00,2014-01-24 00:00:00+00:00,NGG4@2014-01-29,28f8ad8e00ad8c6c3220,0.0,True,False,-1.0,0.0,1.0,1.0,0.0,15.0,0.0,-15.0,102040.0,103445.0,15.0,0.013582096766397602,active,,specialist_veto,specialist_veto,False,NGG4@2014-01-29,2014
2014-01-26 00:00:00+00:00,2014-01-26 00:00:00+00:00,NGG4@2014-01-29,5ef83eda33dd0c8b6c9d,-1.0,False,False,0.0,-1.0,-1.0,1.0,0.0,15.0,-1360.000000000001,-1375.000000000001,100665.0,103445.0,1375.0,0.026874184349171056,active,,,forecast_signal,False,NGG4@2014-01-29,2014
2014-01-27 00:00:00+00:00,2014-01-27 00:00:00+00:00,NGG4@2014-01-29,5bf4b4f7ecf910f16e8b,0.0,True,False,-1.0,0.0,1.0,1.0,0.0,15.0,-0.0,-15.0,100650.0,103445.0,15.0,0.02701918894098313,active,,specialist_veto,specialist_veto,False,NGG4@2014-01-29,2014
2014-01-28 00:00:00+00:00,2014-01-28 00:00:00+00:00,NGG4@2014-01-29,5bf4b4f7ecf910f16e8b,0.0,True,False,0.0,0.0,0.0,0.0,0.0,0.0,0.0,0.0,100650.0,103445.0,0.0,0.02701918894098313,active,,specialist_veto,specialist_veto,False,NGH4@2014-02-26,2014
2014-01-29 00:00:00+00:00,2014-01-29 00:00:00+00:00,NGH4@2014-02-26,287f6b47ca427ec11607,-1.0,False,False,0.0,-1.0,-1.0,1.0,0.0,15.0,-5770.0,-5785.0,94865.0,103445.0,5785.0,0.08294262651650636,killed,daily_loss_limit,,forecast_signal,False,NGH4@2014-02-26,2014
2014-01-30 00:00:00+00:00,2014-01-30 00:00:00+00:00,NGH4@2014-02-26,fa3ebba5015192d6e967,-1.0,False,True,-1.0,0.0,1.0,1.0,0.0,15.0,-0.0,-15.0,94850.0,103445.0,15.0,0.08308763110831843,killed,daily_loss_limit,risk_killed_until_explicit_operator_restart,forecast_signal,False,NGH4@2014-02-26,2014
2014-01-31 00:00:00+00:00,2014-01-31 00:00:00+00:00,NGH4@2014-02-26,42dddb96d5d0986df491,-1.0,False,True,0.0,0.0,0.0,0.0,0.0,0.0,-0.0,-0.0,94850.0,103445.0,0.0,0.08308763110831843,killed,daily_loss_limit,risk_killed_until_explicit_operator_restart,forecast_signal,False,NGH4@2014-02-26,2014
2014-02-02 00:00:00+00:00,2014-02-02 00:00:00+00:00,NGH4@2014-02-26,42dddb96d5d0986df491,-1.0,False,True,0.0,0.0,0.0,0.0,0.0,0.0,0.0,0.0,94850.0,103445.0,0.0,0.08308763110831843,killed,daily_loss_limit,risk_killed_until_explicit_operator_restart,forecast_signal,False,NGH4@2014-02-26,2014
2014-02-03 00:00:00+00:00,2014-02-03 00:00:00+00:00,NGH4@2014-02-26,3e116246f542b7e1b2bf,-1.0,False,True,0.0,0.0,0.0,0.0,0.0,0.0,0.0,0.0,94850.0,103445.0,0.0,0.08308763110831843,killed,daily_loss_limit,risk_killed_until_explicit_operator_restart,forecast_signal,False,NGH4@2014-02-26,2014
2014-02-04 00:00:00+00:00,2014-02-04 00:00:00+00:00,NGH4@2014-02-26,3e116246f542b7e1b2bf,-1.0,False,True,0.0,0.0,0.0,0.0,0.0,0.0,0.0,0.0,94850.0,103445.0,0.0,0.08308763110831843,killed,daily_loss_limit,risk_killed_until_explicit_operator_restart,forecast_signal,False,NGH4@2014-02-26,2014
2014-02-05 00:00:00+00:00,2014-02-05 00:00:00+00:00,NGH4@2014-02-26,16791bedd23a065ff446,-1.0,False,True,0.0,0.0,0.0,0.0,0.0,0.0,-0.0,-0.0,94850.0,103445.0,0.0,0.08308763110831843,killed,daily_loss_limit,risk_killed_until_explicit_operator_restart,forecast_signal,False,NGH4@2014-02-26,2014
2014-02-06 00:00:00+00:00,2014-02-06 00:00:00+00:00,NGH4@2014-02-26,32e732726f32ca0de23a,0.0,True,True,0.0,0.0,0.0,0.0,0.0,0.0,-0.0,-0.0,94850.0,103445.0,0.0,0.08308763110831843,killed,daily_loss_limit,risk_killed_until_explicit_operator_restart,specialist_veto,False,NGH4@2014-02-26,2014
2014-02-07 00:00:00+00:00,2014-02-07 00:00:00+00:00,NGH4@2014-02-26,32e732726f32ca0de23a,0.0,True,True,0.0,0.0,0.0,0.0,0.0,0.0,-0.0,-0.0,94850.0,103445.0,0.0,0.08308763110831843,killed,daily_loss_limit,risk_killed_until_explicit_operator_restart,specialist_veto,False,NGH4@2014-02-26,2014
2014-02-09 00:00:00+00:00,2014-02-09 00:00:00+00:00,NGH4@2014-02-26,6e74e95fd6c8ebd8bc80,1.0,False,True,0.0,0.0,0.0,0.0,0.0,0.0,-0.0,-0.0,94850.0,103445.0,0.0,0.08308763110831843,killed,daily_loss_limit,risk_killed_until_explicit_operator_restart,forecast_signal,False,NGH4@2014-02-26,2014
2014-02-10 00:00:00+00:00,2014-02-10 00:00:00+00:00,NGH4@2014-02-26,1e89facfe7fee33a495e,1.0,False,True,0.0,0.0,0.0,0.0,0.0,0.0,-0.0,-0.0,94850.0,103445.0,0.0,0.08308763110831843,killed,daily_loss_limit,risk_killed_until_explicit_operator_restart,forecast_signal,False,NGH4@2014-02-26,2014
2014-02-11 00:00:00+00:00,2014-02-11 00:00:00+00:00,NGH4@2014-02-26,1e89facfe7fee33a495e,1.0,False,True,0.0,0.0,0.0,0.0,0.0,0.0,0.0,0.0,94850.0,103445.0,0.0,0.08308763110831843,killed,daily_loss_limit,risk_killed_until_explicit_operator_restart,forecast_signal,False,NGH4@2014-02-26,2014
2014-02-12 00:00:00+00:00,2014-02-12 00:00:00+00:00,NGH4@2014-02-26,c47363228e2afb4fbf4b,1.0,False,True,0.0,0.0,0.0,0.0,0.0,0.0,-0.0,-0.0,94850.0,103445.0,0.0,0.08308763110831843,killed,daily_loss_limit,risk_killed_until_explicit_operator_restart,forecast_signal,False,NGH4@2014-02-26,2014
2014-02-13 00:00:00+00:00,2014-02-13 00:00:00+00:00,NGH4@2014-02-26,ed03850b7d1c1cba0114,1.0,False,True,0.0,0.0,0.0,0.0,0.0,0.0,0.0,0.0,94850.0,103445.0,0.0,0.08308763110831843,killed,daily_loss_limit,risk_killed_until_explicit_operator_restart,forecast_signal,False,NGH4@2014-02-26,2014
2014-02-14 00:00:00+00:00,2014-02-14 00:00:00+00:00,NGH4@2014-02-26,ed03850b7d1c1cba0114,1.0,False,True,0.0,0.0,0.0,0.0,0.0,0.0,0.0,0.0,94850.0,103445.0,0.0,0.08308763110831843,killed,daily_loss_limit,risk_killed_until_explicit_operator_restart,forecast_signal,False,NGH4@2014-02-26,2014
2014-02-17 00:00:00+00:00,2014-02-17 00:00:00+00:00,NGH4@2014-02-26,9a380a1168e75925bfcb,0.0,True,True,0.0,0.0,0.0,0.0,0.0,0.0,0.0,0.0,94850.0,103445.0,0.0,0.08308763110831843,killed,daily_loss_limit,risk_killed_until_explicit_operator_restart,specialist_veto,False,NGH4@2014-02-26,2014
2014-02-18 00:00:00+00:00,2014-02-18 00:00:00+00:00,NGH4@2014-02-26,9a380a1168e75925bfcb,0.0,True,True,0.0,0.0,0.0,0.0,0.0,0.0,0.0,0.0,94850.0,103445.0,0.0,0.08308763110831843,killed,daily_loss_limit,risk_killed_until_explicit_operator_restart,specialist_veto,False,NGH4@2014-02-26,2014
2014-02-19 00:00:00+00:00,2014-02-19 00:00:00+00:00,NGH4@2014-02-26,9a380a1168e75925bfcb,0.0,True,True,0.0,0.0,0.0,0.0,0.0,0.0,0.0,0.0,94850.0,103445.0,0.0,0.08308763110831843,killed,daily_loss_limit,risk_killed_until_explicit_operator_restart,specialist_veto,False,NGH4@2014-02-26,2014
2014-02-20 00:00:00+00:00,2014-02-20 00:00:00+00:00,NGH4@2014-02-26,2e241d5381a557a84dcc,-1.0,False,True,0.0,0.0,0.0,0.0,0.0,0.0,0.0,0.0,94850.0,103445.0,0.0,0.08308763110831843,killed,daily_loss_limit,risk_killed_until_explicit_operator_restart,forecast_signal,False,NGH4@2014-02-26,2014
2014-02-21 00:00:00+00:00,2014-02-21 00:00:00+00:00,NGH4@2014-02-26,71e666088d76f35f834c,0.0,True,True,0.0,0.0,0.0,0.0,0.0,0.0,0.0,0.0,94850.0,103445.0,0.0,0.08308763110831843,killed,daily_loss_limit,risk_killed_until_explicit_operator_restart,specialist_veto,False,NGH4@2014-02-26,2014
2014-02-23 00:00:00+00:00,2014-02-23 00:00:00+00:00,NGH4@2014-02-26,71e666088d76f35f834c,0.0,True,True,0.0,0.0,0.0,0.0,0.0,0.0,0.0,0.0,94850.0,103445.0,0.0,0.08308763110831843,killed,daily_loss_limit,risk_killed_until_explicit_operator_restart,specialist_veto,False,NGH4@2014-02-26,2014
2014-02-24 00:00:00+00:00,2014-02-24 00:00:00+00:00,NGH4@2014-02-26,ff037a83c1c7c02cf58a,0.0,True,True,0.0,0.0,0.0,0.0,0.0,0.0,-0.0,-0.0,94850.0,103445.0,0.0,0.08308763110831843,killed,daily_loss_limit,risk_killed_until_explicit_operator_restart,specialist_veto,False,NGH4@2014-02-26,2014
2014-02-25 00:00:00+00:00,2014-02-25 00:00:00+00:00,NGH4@2014-02-26,ff037a83c1c7c02cf58a,0.0,True,True,0.0,0.0,0.0,0.0,0.0,0.0,-0.0,-0.0,94850.0,103445.0,0.0,0.08308763110831843,killed,daily_loss_limit,risk_killed_until_explicit_operator_restart,specialist_veto,False,NGJ4@2014-03-27,2014
2014-02-26 00:00:00+00:00,2014-02-26 00:00:00+00:00,NGJ4@2014-03-27,1cf8a5890aef9a53a73d,-1.0,False,True,0.0,0.0,0.0,0.0,0.0,0.0,-0.0,-0.0,94850.0,103445.0,0.0,0.08308763110831843,killed,daily_loss_limit,risk_killed_until_explicit_operator_restart,forecast_signal,False,NGJ4@2014-03-27,2014
2014-02-27 00:00:00+00:00,2014-02-27 00:00:00+00:00,NGJ4@2014-03-27,1cf8a5890aef9a53a73d,-1.0,False,True,0.0,0.0,0.0,0.0,0.0,0.0,-0.0,-0.0,94850.0,103445.0,0.0,0.08308763110831843,killed,daily_loss_limit,risk_killed_until_explicit_operator_restart,forecast_signal,False,NGJ4@2014-03-27,2014
2014-02-28 00:00:00+00:00,2014-02-28 00:00:00+00:00,NGJ4@2014-03-27,5aa4b10c7bc1335b697b,0.0,True,True,0.0,0.0,0.0,0.0,0.0,0.0,0.0,0.0,94850.0,103445.0,0.0,0.08308763110831843,killed,daily_loss_limit,risk_killed_until_explicit_operator_restart,specialist_veto,False,NGJ4@2014-03-27,2014
2014-03-02 00:00:00+00:00,2014-03-02 00:00:00+00:00,NGJ4@2014-03-27,a120b1645b808847c966,0.0,True,True,0.0,0.0,0.0,0.0,0.0,0.0,0.0,0.0,94850.0,103445.0,0.0,0.08308763110831843,killed,daily_loss_limit,risk_killed_until_explicit_operator_restart,specialist_veto,False,NGJ4@2014-03-27,2014
2014-03-03 00:00:00+00:00,2014-03-03 00:00:00+00:00,NGJ4@2014-03-27,a7fef537d44af920f1ab,0.0,True,True,0.0,0.0,0.0,0.0,0.0,0.0,-0.0,-0.0,94850.0,103445.0,0.0,0.08308763110831843,killed,daily_loss_limit,risk_killed_until_explicit_operator_restart,specialist_veto,False,NGJ4@2014-03-27,2014
2014-03-04 00:00:00+00:00,2014-03-04 00:00:00+00:00,NGJ4@2014-03-27,a7fef537d44af920f1ab,0.0,True,True,0.0,0.0,0.0,0.0,0.0,0.0,0.0,0.0,94850.0,103445.0,0.0,0.08308763110831843,killed,daily_loss_limit,risk_killed_until_explicit_operator_restart,specialist_veto,False,NGJ4@2014-03-27,2014
2014-03-05 00:00:00+00:00,2014-03-05 00:00:00+00:00,NGJ4@2014-03-27,2a4d6eb2eecf938063b3,0.0,True,True,0.0,0.0,0.0,0.0,0.0,0.0,0.0,0.0,94850.0,103445.0,0.0,0.08308763110831843,killed,daily_loss_limit,risk_killed_until_explicit_operator_restart,specialist_veto,False,NGJ4@2014-03-27,2014
2014-03-06 00:00:00+00:00,2014-03-06 00:00:00+00:00,NGJ4@2014-03-27,eaa0d2058330831942ea,0.0,True,True,0.0,0.0,0.0,0.0,0.0,0.0,0.0,0.0,94850.0,103445.0,0.0,0.08308763110831843,killed,daily_loss_limit,risk_killed_until_explicit_operator_restart,specialist_veto,False,NGJ4@2014-03-27,2014
2014-03-07 00:00:00+00:00,2014-03-07 00:00:00+00:00,NGJ4@2014-03-27,12b40cbc07bca9465db2,1.0,False,True,0.0,0.0,0.0,0.0,0.0,0.0,-0.0,-0.0,94850.0,103445.0,0.0,0.08308763110831843,killed,daily_loss_limit,risk_killed_until_explicit_operator_restart,forecast_signal,False,NGJ4@2014-03-27,2014
2014-03-09 00:00:00+00:00,2014-03-09 00:00:00+00:00,NGJ4@2014-03-27,12b40cbc07bca9465db2,1.0,False,True,0.0,0.0,0.0,0.0,0.0,0.0,-0.0,-0.0,94850.0,103445.0,0.0,0.08308763110831843,killed,daily_loss_limit,risk_killed_until_explicit_operator_restart,forecast_signal,False,NGJ4@2014-03-27,2014
2014-03-10 00:00:00+00:00,2014-03-10 00:00:00+00:00,NGJ4@2014-03-27,26afe63f437e2560f91c,1.0,False,True,0.0,0.0,0.0,0.0,0.0,0.0,0.0,0.0,94850.0,103445.0,0.0,0.08308763110831843,killed,daily_loss_limit,risk_killed_until_explicit_operator_restart,forecast_signal,False,NGJ4@2014-03-27,2014
2014-03-11 00:00:00+00:00,2014-03-11 00:00:00+00:00,NGJ4@2014-03-27,c0e32b3251aeafa400c1,1.0,False,True,0.0,0.0,0.0,0.0,0.0,0.0,-0.0,-0.0,94850.0,103445.0,0.0,0.08308763110831843,killed,daily_loss_limit,risk_killed_until_explicit_operator_restart,forecast_signal,False,NGJ4@2014-03-27,2014
2014-03-12 00:00:00+00:00,2014-03-12 00:00:00+00:00,NGJ4@2014-03-27,ccd4113adbc5f477d307,1.0,False,True,0.0,0.0,0.0,0.0,0.0,0.0,-0.0,-0.0,94850.0,103445.0,0.0,0.08308763110831843,killed,daily_loss_limit,risk_killed_until_explicit_operator_restart,forecast_signal,False,NGJ4@2014-03-27,2014
2014-03-13 00:00:00+00:00,2014-03-13 00:00:00+00:00,NGJ4@2014-03-27,8da7bafa6c4cb123db3c,1.0,False,True,0.0,0.0,0.0,0.0,0.0,0.0,-0.0,-0.0,94850.0,103445.0,0.0,0.08308763110831843,killed,daily_loss_limit,risk_killed_until_explicit_operator_restart,forecast_signal,False,NGJ4@2014-03-27,2014
2014-03-14 00:00:00+00:00,2014-03-14 00:00:00+00:00,NGJ4@2014-03-27,06f39f73a63ea04e0acd,1.0,False,True,0.0,0.0,0.0,0.0,0.0,0.0,0.0,0.0,94850.0,103445.0,0.0,0.08308763110831843,killed,daily_loss_limit,risk_killed_until_explicit_operator_restart,forecast_signal,False,NGJ4@2014-03-27,2014
2014-03-16 00:00:00+00:00,2014-03-16 00:00:00+00:00,NGJ4@2014-03-27,06f39f73a63ea04e0acd,1.0,False,True,0.0,0.0,0.0,0.0,0.0,0.0,-0.0,-0.0,94850.0,103445.0,0.0,0.08308763110831843,killed,daily_loss_limit,risk_killed_until_explicit_operator_restart,forecast_signal,False,NGJ4@2014-03-27,2014
2014-03-17 00:00:00+00:00,2014-03-17 00:00:00+00:00,NGJ4@2014-03-27,ae55ccfdeaab41132b56,1.0,False,True,0.0,0.0,0.0,0.0,0.0,0.0,0.0,0.0,94850.0,103445.0,0.0,0.08308763110831843,killed,daily_loss_limit,risk_killed_until_explicit_operator_restart,forecast_signal,False,NGJ4@2014-03-27,2014
2014-03-18 00:00:00+00:00,2014-03-18 00:00:00+00:00,NGJ4@2014-03-27,2caf0186996e13574083,1.0,False,True,0.0,0.0,0.0,0.0,0.0,0.0,-0.0,-0.0,94850.0,103445.0,0.0,0.08308763110831843,killed,daily_loss_limit,risk_killed_until_explicit_operator_restart,forecast_signal,False,NGJ4@2014-03-27,2014
2014-03-19 00:00:00+00:00,2014-03-19 00:00:00+00:00,NGJ4@2014-03-27,d018c2f6c6d5e92d3016,1.0,False,True,0.0,0.0,0.0,0.0,0.0,0.0,0.0,0.0,94850.0,103445.0,0.0,0.08308763110831843,killed,daily_loss_limit,risk_killed_until_explicit_operator_restart,forecast_signal,False,NGJ4@2014-03-27,2014
2014-03-20 00:00:00+00:00,2014-03-20 00:00:00+00:00,NGJ4@2014-03-27,9af6d7cd615b41b8c8d4,1.0,False,True,0.0,0.0,0.0,0.0,0.0,0.0,-0.0,-0.0,94850.0,103445.0,0.0,0.08308763110831843,killed,daily_loss_limit,risk_killed_until_explicit_operator_restart,forecast_signal,False,NGJ4@2014-03-27,2014
2014-03-21 00:00:00+00:00,2014-03-21 00:00:00+00:00,NGJ4@2014-03-27,44c3a9e7604ae62dd89d,1.0,False,True,0.0,0.0,0.0,0.0,0.0,0.0,-0.0,-0.0,94850.0,103445.0,0.0,0.08308763110831843,killed,daily_loss_limit,risk_killed_until_explicit_operator_restart,forecast_signal,False,NGJ4@2014-03-27,2014
2014-03-23 00:00:00+00:00,2014-03-23 00:00:00+00:00,NGJ4@2014-03-27,44c3a9e7604ae62dd89d,1.0,False,True,0.0,0.0,0.0,0.0,0.0,0.0,0.0,0.0,94850.0,103445.0,0.0,0.08308763110831843,killed,daily_loss_limit,risk_killed_until_explicit_operator_restart,forecast_signal,False,NGJ4@2014-03-27,2014
2014-03-24 00:00:00+00:00,2014-03-24 00:00:00+00:00,NGJ4@2014-03-27,f6f50654a29306f5d0e2,0.0,True,True,0.0,0.0,0.0,0.0,0.0,0.0,-0.0,-0.0,94850.0,103445.0,0.0,0.08308763110831843,killed,daily_loss_limit,risk_killed_until_explicit_operator_restart,predicted_gross_pnl_not_above_round_trip_cost,False,NGK4@2014-04-28,2014
2014-03-25 00:00:00+00:00,2014-03-25 00:00:00+00:00,NGK4@2014-04-28,3e5a0ea05ee4b047ce11,0.0,True,True,0.0,0.0,0.0,0.0,0.0,0.0,0.0,0.0,94850.0,103445.0,0.0,0.08308763110831843,killed,daily_loss_limit,risk_killed_until_explicit_operator_restart,specialist_veto,False,NGK4@2014-04-28,2014
2014-03-26 00:00:00+00:00,2014-03-26 00:00:00+00:00,NGK4@2014-04-28,9a7914e6391641ee1c23,0.0,True,True,0.0,0.0,0.0,0.0,0.0,0.0,-0.0,-0.0,94850.0,103445.0,0.0,0.08308763110831843,killed,daily_loss_limit,risk_killed_until_explicit_operator_restart,specialist_veto,False,NGK4@2014-04-28,2014
2014-03-27 00:00:00+00:00,2014-03-27 00:00:00+00:00,NGK4@2014-04-28,db0303e309a0309edf08,0.0,True,True,0.0,0.0,0.0,0.0,0.0,0.0,0.0,0.0,94850.0,103445.0,0.0,0.08308763110831843,killed,daily_loss_limit,risk_killed_until_explicit_operator_restart,specialist_veto,False,NGK4@2014-04-28,2014
2014-03-28 00:00:00+00:00,2014-03-28 00:00:00+00:00,NGK4@2014-04-28,d7cbbb6da1df32803935,0.0,True,True,0.0,0.0,0.0,0.0,0.0,0.0,-0.0,-0.0,94850.0,103445.0,0.0,0.08308763110831843,killed,daily_loss_limit,risk_killed_until_explicit_operator_restart,specialist_veto,False,NGK4@2014-04-28,2014
2014-03-30 00:00:00+00:00,2014-03-30 00:00:00+00:00,NGK4@2014-04-28,d7cbbb6da1df32803935,0.0,True,True,0.0,0.0,0.0,0.0,0.0,0.0,-0.0,-0.0,94850.0,103445.0,0.0,0.08308763110831843,killed,daily_loss_limit,risk_killed_until_explicit_operator_restart,specialist_veto,False,NGK4@2014-04-28,2014
2014-03-31 00:00:00+00:00,2014-03-31 00:00:00+00:00,NGK4@2014-04-28,d42030795dd92b6dd09c,0.0,True,True,0.0,0.0,0.0,0.0,0.0,0.0,-0.0,-0.0,94850.0,103445.0,0.0,0.08308763110831843,killed,daily_loss_limit,risk_killed_until_explicit_operator_restart,specialist_veto,False,NGK4@2014-04-28,2014
2014-04-01 00:00:00+00:00,2014-04-01 00:00:00+00:00,NGK4@2014-04-28,9d783cbcba333d58719e,0.0,True,True,0.0,0.0,0.0,0.0,0.0,0.0,-0.0,-0.0,94850.0,103445.0,0.0,0.08308763110831843,killed,daily_loss_limit,risk_killed_until_explicit_operator_restart,specialist_veto,False,NGK4@2014-04-28,2014
2014-04-02 00:00:00+00:00,2014-04-02 00:00:00+00:00,NGK4@2014-04-28,843a3f9c3efc9eca2187,0.0,True,True,0.0,0.0,0.0,0.0,0.0,0.0,0.0,0.0,94850.0,103445.0,0.0,0.08308763110831843,killed,daily_loss_limit,risk_killed_until_explicit_operator_restart,specialist_veto,False,NGK4@2014-04-28,2014
2014-04-03 00:00:00+00:00,2014-04-03 00:00:00+00:00,NGK4@2014-04-28,767e2e8c31437be39492,0.0,True,True,0.0,0.0,0.0,0.0,0.0,0.0,0.0,0.0,94850.0,103445.0,0.0,0.08308763110831843,killed,daily_loss_limit,risk_killed_until_explicit_operator_restart,specialist_veto,False,NGK4@2014-04-28,2014
2014-04-04 00:00:00+00:00,2014-04-04 00:00:00+00:00,NGK4@2014-04-28,18e278584732bc4c4888,0.0,True,True,0.0,0.0,0.0,0.0,0.0,0.0,0.0,0.0,94850.0,103445.0,0.0,0.08308763110831843,killed,daily_loss_limit,risk_killed_until_explicit_operator_restart,specialist_veto,False,NGK4@2014-04-28,2014
2014-04-06 00:00:00+00:00,2014-04-06 00:00:00+00:00,NGK4@2014-04-28,18e278584732bc4c4888,0.0,True,True,0.0,0.0,0.0,0.0,0.0,0.0,0.0,0.0,94850.0,103445.0,0.0,0.08308763110831843,killed,daily_loss_limit,risk_killed_until_explicit_operator_restart,specialist_veto,False,NGK4@2014-04-28,2014
2014-04-07 00:00:00+00:00,2014-04-07 00:00:00+00:00,NGK4@2014-04-28,feba2e089cd9fc19cbec,0.0,True,True,0.0,0.0,0.0,0.0,0.0,0.0,0.0,0.0,94850.0,103445.0,0.0,0.08308763110831843,killed,daily_loss_limit,risk_killed_until_explicit_operator_restart,specialist_veto,False,NGK4@2014-04-28,2014
2014-04-08 00:00:00+00:00,2014-04-08 00:00:00+00:00,NGK4@2014-04-28,830fe623fe98c3843509,0.0,True,True,0.0,0.0,0.0,0.0,0.0,0.0,0.0,0.0,94850.0,103445.0,0.0,0.08308763110831843,killed,daily_loss_limit,risk_killed_until_explicit_operator_restart,predicted_gross_pnl_not_above_round_trip_cost,False,NGK4@2014-04-28,2014
2014-04-09 00:00:00+00:00,2014-04-09 00:00:00+00:00,NGK4@2014-04-28,b8cac8269a6bbf8aeb31,1.0,False,True,0.0,0.0,0.0,0.0,0.0,0.0,0.0,0.0,94850.0,103445.0,0.0,0.08308763110831843,killed,daily_loss_limit,risk_killed_until_explicit_operator_restart,forecast_signal,False,NGK4@2014-04-28,2014
2014-04-10 00:00:00+00:00,2014-04-10 00:00:00+00:00,NGK4@2014-04-28,b8cac8269a6bbf8aeb31,1.0,False,True,0.0,0.0,0.0,0.0,0.0,0.0,0.0,0.0,94850.0,103445.0,0.0,0.08308763110831843,killed,daily_loss_limit,risk_killed_until_explicit_operator_restart,forecast_signal,False,NGK4@2014-04-28,2014
2014-04-11 00:00:00+00:00,2014-04-11 00:00:00+00:00,NGK4@2014-04-28,87979162ce2f13f9a89b,1.0,False,True,0.0,0.0,0.0,0.0,0.0,0.0,-0.0,-0.0,94850.0,103445.0,0.0,0.08308763110831843,killed,daily_loss_limit,risk_killed_until_explicit_operator_restart,forecast_signal,False,NGK4@2014-04-28,2014
2014-04-13 00:00:00+00:00,2014-04-13 00:00:00+00:00,NGK4@2014-04-28,87979162ce2f13f9a89b,1.0,False,True,0.0,0.0,0.0,0.0,0.0,0.0,0.0,0.0,94850.0,103445.0,0.0,0.08308763110831843,killed,daily_loss_limit,risk_killed_until_explicit_operator_restart,forecast_signal,False,NGK4@2014-04-28,2014
2014-04-14 00:00:00+00:00,2014-04-14 00:00:00+00:00,NGK4@2014-04-28,b844bef674e247c587a4,1.0,False,True,0.0,0.0,0.0,0.0,0.0,0.0,-0.0,-0.0,94850.0,103445.0,0.0,0.08308763110831843,killed,daily_loss_limit,risk_killed_until_explicit_operator_restart,forecast_signal,False,NGK4@2014-04-28,2014
2014-04-15 00:00:00+00:00,2014-04-15 00:00:00+00:00,NGK4@2014-04-28,dfed1ba895ace4536d7e,1.0,False,True,0.0,0.0,0.0,0.0,0.0,0.0,-0.0,-0.0,94850.0,103445.0,0.0,0.08308763110831843,killed,daily_loss_limit,risk_killed_until_explicit_operator_restart,forecast_signal,False,NGK4@2014-04-28,2014
2014-04-16 00:00:00+00:00,2014-04-16 00:00:00+00:00,NGK4@2014-04-28,f2003e2a570dafc4ba45,1.0,False,True,0.0,0.0,0.0,0.0,0.0,0.0,-0.0,-0.0,94850.0,103445.0,0.0,0.08308763110831843,killed,daily_loss_limit,risk_killed_until_explicit_operator_restart,forecast_signal,False,NGK4@2014-04-28,2014
2014-04-17 00:00:00+00:00,2014-04-17 00:00:00+00:00,NGK4@2014-04-28,344a4d3e23d156e3126f,1.0,False,True,0.0,0.0,0.0,0.0,0.0,0.0,0.0,0.0,94850.0,103445.0,0.0,0.08308763110831843,killed,daily_loss_limit,risk_killed_until_explicit_operator_restart,forecast_signal,False,NGK4@2014-04-28,2014
2014-04-20 00:00:00+00:00,2014-04-20 00:00:00+00:00,NGK4@2014-04-28,344a4d3e23d156e3126f,1.0,False,True,0.0,0.0,0.0,0.0,0.0,0.0,-0.0,-0.0,94850.0,103445.0,0.0,0.08308763110831843,killed,daily_loss_limit,risk_killed_until_explicit_operator_restart,forecast_signal,False,NGK4@2014-04-28,2014
2014-04-21 00:00:00+00:00,2014-04-21 00:00:00+00:00,NGK4@2014-04-28,344a4d3e23d156e3126f,1.0,False,True,0.0,0.0,0.0,0.0,0.0,0.0,-0.0,-0.0,94850.0,103445.0,0.0,0.08308763110831843,killed,daily_loss_limit,risk_killed_until_explicit_operator_restart,forecast_signal,False,NGK4@2014-04-28,2014
2014-04-22 00:00:00+00:00,2014-04-22 00:00:00+00:00,NGK4@2014-04-28,2864af56446bb2825cf3,1.0,False,True,0.0,0.0,0.0,0.0,0.0,0.0,0.0,0.0,94850.0,103445.0,0.0,0.08308763110831843,killed,daily_loss_limit,risk_killed_until_explicit_operator_restart,forecast_signal,False,NGK4@2014-04-28,2014
2014-04-23 00:00:00+00:00,2014-04-23 00:00:00+00:00,NGK4@2014-04-28,b6589cfa8964b61ea1cf,1.0,False,True,0.0,0.0,0.0,0.0,0.0,0.0,-0.0,-0.0,94850.0,103445.0,0.0,0.08308763110831843,killed,daily_loss_limit,risk_killed_until_explicit_operator_restart,forecast_signal,False,NGK4@2014-04-28,2014
2014-04-24 00:00:00+00:00,2014-04-24 00:00:00+00:00,NGK4@2014-04-28,2a55d41c83ef6cfea457,1.0,False,True,0.0,0.0,0.0,0.0,0.0,0.0,-0.0,-0.0,94850.0,103445.0,0.0,0.08308763110831843,killed,daily_loss_limit,risk_killed_until_explicit_operator_restart,forecast_signal,False,NGK4@2014-04-28,2014
2014-04-25 00:00:00+00:00,2014-04-25 00:00:00+00:00,NGK4@2014-04-28,a32eba580f1d805e21c1,1.0,False,True,0.0,0.0,0.0,0.0,0.0,0.0,-0.0,-0.0,94850.0,103445.0,0.0,0.08308763110831843,killed,daily_loss_limit,risk_killed_until_explicit_operator_restart,forecast_signal,False,NGK4@2014-04-28,2014
2014-04-27 00:00:00+00:00,2014-04-27 00:00:00+00:00,NGK4@2014-04-28,a32eba580f1d805e21c1,1.0,False,True,0.0,0.0,0.0,0.0,0.0,0.0,0.0,0.0,94850.0,103445.0,0.0,0.08308763110831843,killed,daily_loss_limit,risk_killed_until_explicit_operator_restart,forecast_signal,False,NGM4@2014-05-28,2014
2014-04-28 00:00:00+00:00,2014-04-28 00:00:00+00:00,NGM4@2014-05-28,08111c118ae813a0487d,1.0,False,True,0.0,0.0,0.0,0.0,0.0,0.0,0.0,0.0,94850.0,103445.0,0.0,0.08308763110831843,killed,daily_loss_limit,risk_killed_until_explicit_operator_restart,forecast_signal,False,NGM4@2014-05-28,2014
2014-04-29 00:00:00+00:00,2014-04-29 00:00:00+00:00,NGM4@2014-05-28,b14f540fd295d9a85c33,-1.0,False,True,0.0,0.0,0.0,0.0,0.0,0.0,0.0,0.0,94850.0,103445.0,0.0,0.08308763110831843,killed,daily_loss_limit,risk_killed_until_explicit_operator_restart,forecast_signal,False,NGM4@2014-05-28,2014
2014-04-30 00:00:00+00:00,2014-04-30 00:00:00+00:00,NGM4@2014-05-28,c1d80cf09b463ecc5751,-1.0,False,True,0.0,0.0,0.0,0.0,0.0,0.0,-0.0,-0.0,94850.0,103445.0,0.0,0.08308763110831843,killed,daily_loss_limit,risk_killed_until_explicit_operator_restart,forecast_signal,False,NGM4@2014-05-28,2014
2014-05-01 00:00:00+00:00,2014-05-01 00:00:00+00:00,NGM4@2014-05-28,bb7aec45cbb3235e32fe,-1.0,False,True,0.0,0.0,0.0,0.0,0.0,0.0,-0.0,-0.0,94850.0,103445.0,0.0,0.08308763110831843,killed,daily_loss_limit,risk_killed_until_explicit_operator_restart,forecast_signal,False,NGM4@2014-05-28,2014
2014-05-02 00:00:00+00:00,2014-05-02 00:00:00+00:00,NGM4@2014-05-28,4ff6f8b670b8a2e829d5,0.0,True,True,0.0,0.0,0.0,0.0,0.0,0.0,0.0,0.0,94850.0,103445.0,0.0,0.08308763110831843,killed,daily_loss_limit,risk_killed_until_explicit_operator_restart,specialist_veto,False,NGM4@2014-05-28,2014
2014-05-04 00:00:00+00:00,2014-05-04 00:00:00+00:00,NGM4@2014-05-28,4ff6f8b670b8a2e829d5,0.0,True,True,0.0,0.0,0.0,0.0,0.0,0.0,-0.0,-0.0,94850.0,103445.0,0.0,0.08308763110831843,killed,daily_loss_limit,risk_killed_until_explicit_operator_restart,specialist_veto,False,NGM4@2014-05-28,2014
2014-05-05 00:00:00+00:00,2014-05-05 00:00:00+00:00,NGM4@2014-05-28,5d044986bda3b36984d3,0.0,True,True,0.0,0.0,0.0,0.0,0.0,0.0,0.0,0.0,94850.0,103445.0,0.0,0.08308763110831843,killed,daily_loss_limit,risk_killed_until_explicit_operator_restart,specialist_veto,False,NGM4@2014-05-28,2014
2014-05-06 00:00:00+00:00,2014-05-06 00:00:00+00:00,NGM4@2014-05-28,18e5c5f3bddf7312fe56,0.0,True,True,0.0,0.0,0.0,0.0,0.0,0.0,0.0,0.0,94850.0,103445.0,0.0,0.08308763110831843,killed,daily_loss_limit,risk_killed_until_explicit_operator_restart,specialist_veto,False,NGM4@2014-05-28,2014
2014-05-07 00:00:00+00:00,2014-05-07 00:00:00+00:00,NGM4@2014-05-28,ad90b47d0ec2688347c9,-1.0,False,True,0.0,0.0,0.0,0.0,0.0,0.0,-0.0,-0.0,94850.0,103445.0,0.0,0.08308763110831843,killed,daily_loss_limit,risk_killed_until_explicit_operator_restart,forecast_signal,False,NGM4@2014-05-28,2014
2014-05-08 00:00:00+00:00,2014-05-08 00:00:00+00:00,NGM4@2014-05-28,ad90b47d0ec2688347c9,-1.0,False,True,0.0,0.0,0.0,0.0,0.0,0.0,-0.0,-0.0,94850.0,103445.0,0.0,0.08308763110831843,killed,daily_loss_limit,risk_killed_until_explicit_operator_restart,forecast_signal,False,NGM4@2014-05-28,2014
2014-05-09 00:00:00+00:00,2014-05-09 00:00:00+00:00,NGM4@2014-05-28,316ff58bd6aed06bce52,0.0,True,True,0.0,0.0,0.0,0.0,0.0,0.0,-0.0,-0.0,94850.0,103445.0,0.0,0.08308763110831843,killed,daily_loss_limit,risk_killed_until_explicit_operator_restart,specialist_veto,False,NGM4@2014-05-28,2014
2014-05-11 00:00:00+00:00,2014-05-11 00:00:00+00:00,NGM4@2014-05-28,316ff58bd6aed06bce52,0.0,True,True,0.0,0.0,0.0,0.0,0.0,0.0,-0.0,-0.0,94850.0,103445.0,0.0,0.08308763110831843,killed,daily_loss_limit,risk_killed_until_explicit_operator_restart,specialist_veto,False,NGM4@2014-05-28,2014
2014-05-12 00:00:00+00:00,2014-05-12 00:00:00+00:00,NGM4@2014-05-28,ea2131bcc6008742a3e7,0.0,True,True,0.0,0.0,0.0,0.0,0.0,0.0,-0.0,-0.0,94850.0,103445.0,0.0,0.08308763110831843,killed,daily_loss_limit,risk_killed_until_explicit_operator_restart,specialist_veto,False,NGM4@2014-05-28,2014
2014-05-13 00:00:00+00:00,2014-05-13 00:00:00+00:00,NGM4@2014-05-28,45227c90b77d780304f3,0.0,True,True,0.0,0.0,0.0,0.0,0.0,0.0,-0.0,-0.0,94850.0,103445.0,0.0,0.08308763110831843,killed,daily_loss_limit,risk_killed_until_explicit_operator_restart,specialist_veto,False,NGM4@2014-05-28,2014
2014-05-14 00:00:00+00:00,2014-05-14 00:00:00+00:00,NGM4@2014-05-28,cbbb9c753eeafd7a7dc0,1.0,False,True,0.0,0.0,0.0,0.0,0.0,0.0,-0.0,-0.0,94850.0,103445.0,0.0,0.08308763110831843,killed,daily_loss_limit,risk_killed_until_explicit_operator_restart,forecast_signal,False,NGM4@2014-05-28,2014
2014-05-15 00:00:00+00:00,2014-05-15 00:00:00+00:00,NGM4@2014-05-28,6fc12852f098c0276a6a,0.0,True,True,0.0,0.0,0.0,0.0,0.0,0.0,0.0,0.0,94850.0,103445.0,0.0,0.08308763110831843,killed,daily_loss_limit,risk_killed_until_explicit_operator_restart,specialist_veto,False,NGM4@2014-05-28,2014
2014-05-16 00:00:00+00:00,2014-05-16 00:00:00+00:00,NGM4@2014-05-28,8572bf071e74db3e01ae,0.0,True,True,0.0,0.0,0.0,0.0,0.0,0.0,-0.0,-0.0,94850.0,103445.0,0.0,0.08308763110831843,killed,daily_loss_limit,risk_killed_until_explicit_operator_restart,specialist_veto,False,NGM4@2014-05-28,2014
2014-05-18 00:00:00+00:00,2014-05-18 00:00:00+00:00,NGM4@2014-05-28,8572bf071e74db3e01ae,0.0,True,True,0.0,0.0,0.0,0.0,0.0,0.0,-0.0,-0.0,94850.0,103445.0,0.0,0.08308763110831843,killed,daily_loss_limit,risk_killed_until_explicit_operator_restart,specialist_veto,False,NGM4@2014-05-28,2014
2014-05-19 00:00:00+00:00,2014-05-19 00:00:00+00:00,NGM4@2014-05-28,a6d410b9677663acad30,0.0,True,True,0.0,0.0,0.0,0.0,0.0,0.0,0.0,0.0,94850.0,103445.0,0.0,0.08308763110831843,killed,daily_loss_limit,risk_killed_until_explicit_operator_restart,specialist_veto,False,NGM4@2014-05-28,2014
2014-05-20 00:00:00+00:00,2014-05-20 00:00:00+00:00,NGM4@2014-05-28,a89bfadf670c6f1f8c6c,0.0,True,True,0.0,0.0,0.0,0.0,0.0,0.0,0.0,0.0,94850.0,103445.0,0.0,0.08308763110831843,killed,daily_loss_limit,risk_killed_until_explicit_operator_restart,specialist_veto,False,NGM4@2014-05-28,2014
2014-05-21 00:00:00+00:00,2014-05-21 00:00:00+00:00,NGM4@2014-05-28,0acef12785bd51f8719c,0.0,True,True,0.0,0.0,0.0,0.0,0.0,0.0,-0.0,-0.0,94850.0,103445.0,0.0,0.08308763110831843,killed,daily_loss_limit,risk_killed_until_explicit_operator_restart,specialist_veto,False,NGM4@2014-05-28,2014
2014-05-22 00:00:00+00:00,2014-05-22 00:00:00+00:00,NGM4@2014-05-28,fdea0249a564abb323d1,0.0,True,True,0.0,0.0,0.0,0.0,0.0,0.0,-0.0,-0.0,94850.0,103445.0,0.0,0.08308763110831843,killed,daily_loss_limit,risk_killed_until_explicit_operator_restart,specialist_veto,False,NGM4@2014-05-28,2014
2014-05-23 00:00:00+00:00,2014-05-23 00:00:00+00:00,NGM4@2014-05-28,798f6a8ed595b6e787f6,0.0,True,True,0.0,0.0,0.0,0.0,0.0,0.0,0.0,0.0,94850.0,103445.0,0.0,0.08308763110831843,killed,daily_loss_limit,risk_killed_until_explicit_operator_restart,specialist_veto,False,NGM4@2014-05-28,2014
2014-05-25 00:00:00+00:00,2014-05-25 00:00:00+00:00,NGM4@2014-05-28,798f6a8ed595b6e787f6,0.0,True,True,0.0,0.0,0.0,0.0,0.0,0.0,-0.0,-0.0,94850.0,103445.0,0.0,0.08308763110831843,killed,daily_loss_limit,risk_killed_until_explicit_operator_restart,specialist_veto,False,NGM4@2014-05-28,2014
2014-05-26 00:00:00+00:00,2014-05-26 00:00:00+00:00,NGM4@2014-05-28,dc2b1982714f37fc38cb,0.0,True,True,0.0,0.0,0.0,0.0,0.0,0.0,-0.0,-0.0,94850.0,103445.0,0.0,0.08308763110831843,killed,daily_loss_limit,risk_killed_until_explicit_operator_restart,specialist_veto,False,NGM4@2014-05-28,2014
2014-05-27 00:00:00+00:00,2014-05-27 00:00:00+00:00,NGM4@2014-05-28,dc2b1982714f37fc38cb,0.0,True,True,0.0,0.0,0.0,0.0,0.0,0.0,0.0,0.0,94850.0,103445.0,0.0,0.08308763110831843,killed,daily_loss_limit,risk_killed_until_explicit_operator_restart,specialist_veto,False,NGN4@2014-06-26,2014
2014-05-28 00:00:00+00:00,2014-05-28 00:00:00+00:00,NGN4@2014-06-26,fa52631ffd98ffb3ee05,0.0,True,True,0.0,0.0,0.0,0.0,0.0,0.0,0.0,0.0,94850.0,103445.0,0.0,0.08308763110831843,killed,daily_loss_limit,risk_killed_until_explicit_operator_restart,specialist_veto,False,NGN4@2014-06-26,2014
2014-05-29 00:00:00+00:00,2014-05-29 00:00:00+00:00,NGN4@2014-06-26,9c4e70e22e6728cddbbc,-1.0,False,True,0.0,0.0,0.0,0.0,0.0,0.0,-0.0,-0.0,94850.0,103445.0,0.0,0.08308763110831843,killed,daily_loss_limit,risk_killed_until_explicit_operator_restart,forecast_signal,False,NGN4@2014-06-26,2014
2014-05-30 00:00:00+00:00,2014-05-30 00:00:00+00:00,NGN4@2014-06-26,fdc3b67558d4b80b405d,-1.0,False,True,0.0,0.0,0.0,0.0,0.0,0.0,-0.0,-0.0,94850.0,103445.0,0.0,0.08308763110831843,killed,daily_loss_limit,risk_killed_until_explicit_operator_restart,forecast_signal,False,NGN4@2014-06-26,2014
2014-06-01 00:00:00+00:00,2014-06-01 00:00:00+00:00,NGN4@2014-06-26,fdc3b67558d4b80b405d,-1.0,False,True,0.0,0.0,0.0,0.0,0.0,0.0,0.0,0.0,94850.0,103445.0,0.0,0.08308763110831843,killed,daily_loss_limit,risk_killed_until_explicit_operator_restart,forecast_signal,False,NGN4@2014-06-26,2014
2014-06-02 00:00:00+00:00,2014-06-02 00:00:00+00:00,NGN4@2014-06-26,74147a4d8849df576c5f,0.0,True,True,0.0,0.0,0.0,0.0,0.0,0.0,0.0,0.0,94850.0,103445.0,0.0,0.08308763110831843,killed,daily_loss_limit,risk_killed_until_explicit_operator_restart,specialist_veto,False,NGN4@2014-06-26,2014
2014-06-03 00:00:00+00:00,2014-06-03 00:00:00+00:00,NGN4@2014-06-26,3360be8513548116da2d,0.0,True,True,0.0,0.0,0.0,0.0,0.0,0.0,0.0,0.0,94850.0,103445.0,0.0,0.08308763110831843,killed,daily_loss_limit,risk_killed_until_explicit_operator_restart,specialist_veto,False,NGN4@2014-06-26,2014
2014-06-04 00:00:00+00:00,2014-06-04 00:00:00+00:00,NGN4@2014-06-26,752c44c97127e4bfa4c4,-1.0,False,True,0.0,0.0,0.0,0.0,0.0,0.0,0.0,0.0,94850.0,103445.0,0.0,0.08308763110831843,killed,daily_loss_limit,risk_killed_until_explicit_operator_restart,forecast_signal,False,NGN4@2014-06-26,2014
2014-06-05 00:00:00+00:00,2014-06-05 00:00:00+00:00,NGN4@2014-06-26,4dad749c7aea114b9e68,-1.0,False,True,0.0,0.0,0.0,0.0,0.0,0.0,0.0,0.0,94850.0,103445.0,0.0,0.08308763110831843,killed,daily_loss_limit,risk_killed_until_explicit_operator_restart,forecast_signal,False,NGN4@2014-06-26,2014
2014-06-06 00:00:00+00:00,2014-06-06 00:00:00+00:00,NGN4@2014-06-26,478340d8d289397e78a8,-1.0,False,True,0.0,0.0,0.0,0.0,0.0,0.0,-0.0,-0.0,94850.0,103445.0,0.0,0.08308763110831843,killed,daily_loss_limit,risk_killed_until_explicit_operator_restart,forecast_signal,False,NGN4@2014-06-26,2014
2014-06-08 00:00:00+00:00,2014-06-08 00:00:00+00:00,NGN4@2014-06-26,478340d8d289397e78a8,-1.0,False,True,0.0,0.0,0.0,0.0,0.0,0.0,0.0,0.0,94850.0,103445.0,0.0,0.08308763110831843,killed,daily_loss_limit,risk_killed_until_explicit_operator_restart,forecast_signal,False,NGN4@2014-06-26,2014
2014-06-09 00:00:00+00:00,2014-06-09 00:00:00+00:00,NGN4@2014-06-26,e0c0853bbaa92747aec5,-1.0,False,True,0.0,0.0,0.0,0.0,0.0,0.0,-0.0,-0.0,94850.0,103445.0,0.0,0.08308763110831843,killed,daily_loss_limit,risk_killed_until_explicit_operator_restart,forecast_signal,False,NGN4@2014-06-26,2014
2014-06-10 00:00:00+00:00,2014-06-10 00:00:00+00:00,NGN4@2014-06-26,27a2161222bd67e75adf,0.0,True,True,0.0,0.0,0.0,0.0,0.0,0.0,-0.0,-0.0,94850.0,103445.0,0.0,0.08308763110831843,killed,daily_loss_limit,risk_killed_until_explicit_operator_restart,specialist_veto,False,NGN4@2014-06-26,2014
2014-06-11 00:00:00+00:00,2014-06-11 00:00:00+00:00,NGN4@2014-06-26,12fd06c564c821684ae0,0.0,True,True,0.0,0.0,0.0,0.0,0.0,0.0,-0.0,-0.0,94850.0,103445.0,0.0,0.08308763110831843,killed,daily_loss_limit,risk_killed_until_explicit_operator_restart,specialist_veto,False,NGN4@2014-06-26,2014
2014-06-12 00:00:00+00:00,2014-06-12 00:00:00+00:00,NGN4@2014-06-26,866f80d9be83668a55a0,0.0,True,True,0.0,0.0,0.0,0.0,0.0,0.0,0.0,0.0,94850.0,103445.0,0.0,0.08308763110831843,killed,daily_loss_limit,risk_killed_until_explicit_operator_restart,specialist_veto,False,NGN4@2014-06-26,2014
2014-06-15 00:00:00+00:00,2014-06-15 00:00:00+00:00,NGN4@2014-06-26,866f80d9be83668a55a0,0.0,True,True,0.0,0.0,0.0,0.0,0.0,0.0,0.0,0.0,94850.0,103445.0,0.0,0.08308763110831843,killed,daily_loss_limit,risk_killed_until_explicit_operator_restart,specialist_veto,False,NGN4@2014-06-26,2014
2014-06-16 00:00:00+00:00,2014-06-16 00:00:00+00:00,NGN4@2014-06-26,866f80d9be83668a55a0,0.0,True,True,0.0,0.0,0.0,0.0,0.0,0.0,-0.0,-0.0,94850.0,103445.0,0.0,0.08308763110831843,killed,daily_loss_limit,risk_killed_until_explicit_operator_restart,specialist_veto,False,NGN4@2014-06-26,2014
2014-06-17 00:00:00+00:00,2014-06-17 00:00:00+00:00,NGN4@2014-06-26,31385a2a994884b64ae7,-1.0,False,True,0.0,0.0,0.0,0.0,0.0,0.0,-0.0,-0.0,94850.0,103445.0,0.0,0.08308763110831843,killed,daily_loss_limit,risk_killed_until_explicit_operator_restart,forecast_signal,False,NGN4@2014-06-26,2014
2014-06-18 00:00:00+00:00,2014-06-18 00:00:00+00:00,NGN4@2014-06-26,1bdb7fd3fcdf8c927dd0,-1.0,False,True,0.0,0.0,0.0,0.0,0.0,0.0,-0.0,-0.0,94850.0,103445.0,0.0,0.08308763110831843,killed,daily_loss_limit,risk_killed_until_explicit_operator_restart,forecast_signal,False,NGN4@2014-06-26,2014
2014-06-19 00:00:00+00:00,2014-06-19 00:00:00+00:00,NGN4@2014-06-26,5c1cfb9e1639840e8ac3,0.0,True,True,0.0,0.0,0.0,0.0,0.0,0.0,-0.0,-0.0,94850.0,103445.0,0.0,0.08308763110831843,killed,daily_loss_limit,risk_killed_until_explicit_operator_restart,specialist_veto,False,NGN4@2014-06-26,2014
2014-06-20 00:00:00+00:00,2014-06-20 00:00:00+00:00,NGN4@2014-06-26,5f2c0c89f4fbb202a21a,0.0,True,True,0.0,0.0,0.0,0.0,0.0,0.0,-0.0,-0.0,94850.0,103445.0,0.0,0.08308763110831843,killed,daily_loss_limit,risk_killed_until_explicit_operator_restart,specialist_veto,False,NGN4@2014-06-26,2014
2014-06-22 00:00:00+00:00,2014-06-22 00:00:00+00:00,NGN4@2014-06-26,5f2c0c89f4fbb202a21a,0.0,True,True,0.0,0.0,0.0,0.0,0.0,0.0,0.0,0.0,94850.0,103445.0,0.0,0.08308763110831843,killed,daily_loss_limit,risk_killed_until_explicit_operator_restart,specialist_veto,False,NGN4@2014-06-26,2014
2014-06-23 00:00:00+00:00,2014-06-23 00:00:00+00:00,NGN4@2014-06-26,a31e8e35e7468cf3b263,0.0,True,True,0.0,0.0,0.0,0.0,0.0,0.0,-0.0,-0.0,94850.0,103445.0,0.0,0.08308763110831843,killed,daily_loss_limit,risk_killed_until_explicit_operator_restart,specialist_veto,False,NGQ4@2014-07-29,2014
2014-06-24 00:00:00+00:00,2014-06-24 00:00:00+00:00,NGQ4@2014-07-29,7b186e1af6ea830d9095,0.0,True,True,0.0,0.0,0.0,0.0,0.0,0.0,0.0,0.0,94850.0,103445.0,0.0,0.08308763110831843,killed,daily_loss_limit,risk_killed_until_explicit_operator_restart,specialist_veto,False,NGQ4@2014-07-29,2014
2014-06-25 00:00:00+00:00,2014-06-25 00:00:00+00:00,NGQ4@2014-07-29,1dc72f3de4af8dad659e,0.0,True,True,0.0,0.0,0.0,0.0,0.0,0.0,0.0,0.0,94850.0,103445.0,0.0,0.08308763110831843,killed,daily_loss_limit,risk_killed_until_explicit_operator_restart,specialist_veto,False,NGQ4@2014-07-29,2014
2014-06-26 00:00:00+00:00,2014-06-26 00:00:00+00:00,NGQ4@2014-07-29,7e816ed5629943f8b379,0.0,True,True,0.0,0.0,0.0,0.0,0.0,0.0,-0.0,-0.0,94850.0,103445.0,0.0,0.08308763110831843,killed,daily_loss_limit,risk_killed_until_explicit_operator_restart,specialist_veto,False,NGQ4@2014-07-29,2014
2014-06-27 00:00:00+00:00,2014-06-27 00:00:00+00:00,NGQ4@2014-07-29,895e360ba8ddbb605b0c,0.0,True,True,0.0,0.0,0.0,0.0,0.0,0.0,-0.0,-0.0,94850.0,103445.0,0.0,0.08308763110831843,killed,daily_loss_limit,risk_killed_until_explicit_operator_restart,specialist_veto,False,NGQ4@2014-07-29,2014
2014-06-29 00:00:00+00:00,2014-06-29 00:00:00+00:00,NGQ4@2014-07-29,895e360ba8ddbb605b0c,0.0,True,True,0.0,0.0,0.0,0.0,0.0,0.0,-0.0,-0.0,94850.0,103445.0,0.0,0.08308763110831843,killed,daily_loss_limit,risk_killed_until_explicit_operator_restart,specialist_veto,False,NGQ4@2014-07-29,2014
2014-06-30 00:00:00+00:00,2014-06-30 00:00:00+00:00,NGQ4@2014-07-29,e5da137c05190523b359,0.0,True,True,0.0,0.0,0.0,0.0,0.0,0.0,0.0,0.0,94850.0,103445.0,0.0,0.08308763110831843,killed,daily_loss_limit,risk_killed_until_explicit_operator_restart,specialist_veto,False,NGQ4@2014-07-29,2014
2014-07-01 00:00:00+00:00,2014-07-01 00:00:00+00:00,NGQ4@2014-07-29,9141167ec69f65f2b79d,0.0,True,True,0.0,0.0,0.0,0.0,0.0,0.0,0.0,0.0,94850.0,103445.0,0.0,0.08308763110831843,killed,daily_loss_limit,risk_killed_until_explicit_operator_restart,specialist_veto,False,NGQ4@2014-07-29,2014
2014-07-02 00:00:00+00:00,2014-07-02 00:00:00+00:00,NGQ4@2014-07-29,df2dd5e58597bed1770c,0.0,True,True,0.0,0.0,0.0,0.0,0.0,0.0,-0.0,-0.0,94850.0,103445.0,0.0,0.08308763110831843,killed,daily_loss_limit,risk_killed_until_explicit_operator_restart,specialist_veto,False,NGQ4@2014-07-29,2014
2014-07-03 00:00:00+00:00,2014-07-03 00:00:00+00:00,NGQ4@2014-07-29,887ffba661e3d82193da,0.0,True,True,0.0,0.0,0.0,0.0,0.0,0.0,0.0,0.0,94850.0,103445.0,0.0,0.08308763110831843,killed,daily_loss_limit,risk_killed_until_explicit_operator_restart,specialist_veto,False,NGQ4@2014-07-29,2014
2014-07-04 00:00:00+00:00,2014-07-04 00:00:00+00:00,NGQ4@2014-07-29,887ffba661e3d82193da,0.0,True,True,0.0,0.0,0.0,0.0,0.0,0.0,-0.0,-0.0,94850.0,103445.0,0.0,0.08308763110831843,killed,daily_loss_limit,risk_killed_until_explicit_operator_restart,specialist_veto,False,NGQ4@2014-07-29,2014
2014-07-06 00:00:00+00:00,2014-07-06 00:00:00+00:00,NGQ4@2014-07-29,887ffba661e3d82193da,0.0,True,True,0.0,0.0,0.0,0.0,0.0,0.0,-0.0,-0.0,94850.0,103445.0,0.0,0.08308763110831843,killed,daily_loss_limit,risk_killed_until_explicit_operator_restart,specialist_veto,False,NGQ4@2014-07-29,2014
2014-07-07 00:00:00+00:00,2014-07-07 00:00:00+00:00,NGQ4@2014-07-29,5bf00f092923deab1603,0.0,True,True,0.0,0.0,0.0,0.0,0.0,0.0,-0.0,-0.0,94850.0,103445.0,0.0,0.08308763110831843,killed,daily_loss_limit,risk_killed_until_explicit_operator_restart,specialist_veto,False,NGQ4@2014-07-29,2014
2014-07-08 00:00:00+00:00,2014-07-08 00:00:00+00:00,NGQ4@2014-07-29,6e0bedc5a4d7f3545e96,1.0,False,True,0.0,0.0,0.0,0.0,0.0,0.0,-0.0,-0.0,94850.0,103445.0,0.0,0.08308763110831843,killed,daily_loss_limit,risk_killed_until_explicit_operator_restart,forecast_signal,False,NGQ4@2014-07-29,2014
2014-07-09 00:00:00+00:00,2014-07-09 00:00:00+00:00,NGQ4@2014-07-29,0197eddf6dd62c0dcec0,0.0,True,True,0.0,0.0,0.0,0.0,0.0,0.0,-0.0,-0.0,94850.0,103445.0,0.0,0.08308763110831843,killed,daily_loss_limit,risk_killed_until_explicit_operator_restart,predicted_gross_pnl_not_above_round_trip_cost,False,NGQ4@2014-07-29,2014
2014-07-10 00:00:00+00:00,2014-07-10 00:00:00+00:00,NGQ4@2014-07-29,1a1746be3e324d2e6525,1.0,False,True,0.0,0.0,0.0,0.0,0.0,0.0,-0.0,-0.0,94850.0,103445.0,0.0,0.08308763110831843,killed,daily_loss_limit,risk_killed_until_explicit_operator_restart,forecast_signal,False,NGQ4@2014-07-29,2014
2014-07-11 00:00:00+00:00,2014-07-11 00:00:00+00:00,NGQ4@2014-07-29,a81e567609607b027059,1.0,False,True,0.0,0.0,0.0,0.0,0.0,0.0,0.0,0.0,94850.0,103445.0,0.0,0.08308763110831843,killed,daily_loss_limit,risk_killed_until_explicit_operator_restart,forecast_signal,False,NGQ4@2014-07-29,2014
2014-07-13 00:00:00+00:00,2014-07-13 00:00:00+00:00,NGQ4@2014-07-29,a81e567609607b027059,1.0,False,True,0.0,0.0,0.0,0.0,0.0,0.0,-0.0,-0.0,94850.0,103445.0,0.0,0.08308763110831843,killed,daily_loss_limit,risk_killed_until_explicit_operator_restart,forecast_signal,False,NGQ4@2014-07-29,2014
2014-07-14 00:00:00+00:00,2014-07-14 00:00:00+00:00,NGQ4@2014-07-29,f0fb34bdcd94fc8984d9,0.0,True,True,0.0,0.0,0.0,0.0,0.0,0.0,0.0,0.0,94850.0,103445.0,0.0,0.08308763110831843,killed,daily_loss_limit,risk_killed_until_explicit_operator_restart,predicted_gross_pnl_not_above_round_trip_cost,False,NGQ4@2014-07-29,2014
2014-07-15 00:00:00+00:00,2014-07-15 00:00:00+00:00,NGQ4@2014-07-29,444595a86bcd46f036de,0.0,True,True,0.0,0.0,0.0,0.0,0.0,0.0,-0.0,-0.0,94850.0,103445.0,0.0,0.08308763110831843,killed,daily_loss_limit,risk_killed_until_explicit_operator_restart,specialist_veto,False,NGQ4@2014-07-29,2014
2014-07-16 00:00:00+00:00,2014-07-16 00:00:00+00:00,NGQ4@2014-07-29,efe98a9b0ed6fadbafb6,-1.0,False,True,0.0,0.0,0.0,0.0,0.0,0.0,0.0,0.0,94850.0,103445.0,0.0,0.08308763110831843,killed,daily_loss_limit,risk_killed_until_explicit_operator_restart,forecast_signal,False,NGQ4@2014-07-29,2014
2014-07-17 00:00:00+00:00,2014-07-17 00:00:00+00:00,NGQ4@2014-07-29,b5b071525e9cdba4fa31,0.0,True,True,0.0,0.0,0.0,0.0,0.0,0.0,-0.0,-0.0,94850.0,103445.0,0.0,0.08308763110831843,killed,daily_loss_limit,risk_killed_until_explicit_operator_restart,specialist_veto,False,NGQ4@2014-07-29,2014
2014-07-18 00:00:00+00:00,2014-07-18 00:00:00+00:00,NGQ4@2014-07-29,7a0b3e4c1ff626522137,1.0,False,True,0.0,0.0,0.0,0.0,0.0,0.0,-0.0,-0.0,94850.0,103445.0,0.0,0.08308763110831843,killed,daily_loss_limit,risk_killed_until_explicit_operator_restart,forecast_signal,False,NGQ4@2014-07-29,2014
2014-07-20 00:00:00+00:00,2014-07-20 00:00:00+00:00,NGQ4@2014-07-29,7a0b3e4c1ff626522137,1.0,False,True,0.0,0.0,0.0,0.0,0.0,0.0,-0.0,-0.0,94850.0,103445.0,0.0,0.08308763110831843,killed,daily_loss_limit,risk_killed_until_explicit_operator_restart,forecast_signal,False,NGQ4@2014-07-29,2014
2014-07-21 00:00:00+00:00,2014-07-21 00:00:00+00:00,NGQ4@2014-07-29,33a349e752e70a6b93f5,0.0,True,True,0.0,0.0,0.0,0.0,0.0,0.0,-0.0,-0.0,94850.0,103445.0,0.0,0.08308763110831843,killed,daily_loss_limit,risk_killed_until_explicit_operator_restart,specialist_veto,False,NGQ4@2014-07-29,2014
2014-07-22 00:00:00+00:00,2014-07-22 00:00:00+00:00,NGQ4@2014-07-29,d083d567b97124c4030f,0.0,True,True,0.0,0.0,0.0,0.0,0.0,0.0,-0.0,-0.0,94850.0,103445.0,0.0,0.08308763110831843,killed,daily_loss_limit,risk_killed_until_explicit_operator_restart,specialist_veto,False,NGQ4@2014-07-29,2014
2014-07-23 00:00:00+00:00,2014-07-23 00:00:00+00:00,NGQ4@2014-07-29,d1fe80631226612a7275,0.0,True,True,0.0,0.0,0.0,0.0,0.0,0.0,-0.0,-0.0,94850.0,103445.0,0.0,0.08308763110831843,killed,daily_loss_limit,risk_killed_until_explicit_operator_restart,specialist_veto,False,NGQ4@2014-07-29,2014
2014-07-24 00:00:00+00:00,2014-07-24 00:00:00+00:00,NGQ4@2014-07-29,bd49e17835e55fe4d27e,0.0,True,True,0.0,0.0,0.0,0.0,0.0,0.0,0.0,0.0,94850.0,103445.0,0.0,0.08308763110831843,killed,daily_loss_limit,risk_killed_until_explicit_operator_restart,specialist_veto,False,NGQ4@2014-07-29,2014
2014-07-25 00:00:00+00:00,2014-07-25 00:00:00+00:00,NGQ4@2014-07-29,df2dcc3f1c5b3e04254e,0.0,True,True,0.0,0.0,0.0,0.0,0.0,0.0,-0.0,-0.0,94850.0,103445.0,0.0,0.08308763110831843,killed,daily_loss_limit,risk_killed_until_explicit_operator_restart,specialist_veto,False,NGQ4@2014-07-29,2014
2014-07-27 00:00:00+00:00,2014-07-27 00:00:00+00:00,NGQ4@2014-07-29,df2dcc3f1c5b3e04254e,0.0,True,True,0.0,0.0,0.0,0.0,0.0,0.0,0.0,0.0,94850.0,103445.0,0.0,0.08308763110831843,killed,daily_loss_limit,risk_killed_until_explicit_operator_restart,specialist_veto,False,NGQ4@2014-07-29,2014
2014-07-28 00:00:00+00:00,2014-07-28 00:00:00+00:00,NGQ4@2014-07-29,b262a4c6aa9cabf630fd,0.0,True,True,0.0,0.0,0.0,0.0,0.0,0.0,-0.0,-0.0,94850.0,103445.0,0.0,0.08308763110831843,killed,daily_loss_limit,risk_killed_until_explicit_operator_restart,specialist_veto,False,NGU4@2014-08-27,2014
2014-07-29 00:00:00+00:00,2014-07-29 00:00:00+00:00,NGU4@2014-08-27,282b5b3e556ef5871e6d,0.0,True,True,0.0,0.0,0.0,0.0,0.0,0.0,0.0,0.0,94850.0,103445.0,0.0,0.08308763110831843,killed,daily_loss_limit,risk_killed_until_explicit_operator_restart,specialist_veto,False,NGU4@2014-08-27,2014
2014-07-30 00:00:00+00:00,2014-07-30 00:00:00+00:00,NGU4@2014-08-27,1facbb821061401af628,-1.0,False,True,0.0,0.0,0.0,0.0,0.0,0.0,-0.0,-0.0,94850.0,103445.0,0.0,0.08308763110831843,killed,daily_loss_limit,risk_killed_until_explicit_operator_restart,forecast_signal,False,NGU4@2014-08-27,2014
2014-07-31 00:00:00+00:00,2014-07-31 00:00:00+00:00,NGU4@2014-08-27,3f85d446af6f748a037a,0.0,True,True,0.0,0.0,0.0,0.0,0.0,0.0,0.0,0.0,94850.0,103445.0,0.0,0.08308763110831843,killed,daily_loss_limit,risk_killed_until_explicit_operator_restart,specialist_veto,False,NGU4@2014-08-27,2014
2014-08-01 00:00:00+00:00,2014-08-01 00:00:00+00:00,NGU4@2014-08-27,e6019805e0d2637dfab5,0.0,True,True,0.0,0.0,0.0,0.0,0.0,0.0,-0.0,-0.0,94850.0,103445.0,0.0,0.08308763110831843,killed,daily_loss_limit,risk_killed_until_explicit_operator_restart,specialist_veto,False,NGU4@2014-08-27,2014
2014-08-03 00:00:00+00:00,2014-08-03 00:00:00+00:00,NGU4@2014-08-27,e6019805e0d2637dfab5,0.0,True,True,0.0,0.0,0.0,0.0,0.0,0.0,-0.0,-0.0,94850.0,103445.0,0.0,0.08308763110831843,killed,daily_loss_limit,risk_killed_until_explicit_operator_restart,specialist_veto,False,NGU4@2014-08-27,2014
2014-08-04 00:00:00+00:00,2014-08-04 00:00:00+00:00,NGU4@2014-08-27,f514725b56d268b59159,0.0,True,True,0.0,0.0,0.0,0.0,0.0,0.0,0.0,0.0,94850.0,103445.0,0.0,0.08308763110831843,killed,daily_loss_limit,risk_killed_until_explicit_operator_restart,specialist_veto,False,NGU4@2014-08-27,2014
2014-08-05 00:00:00+00:00,2014-08-05 00:00:00+00:00,NGU4@2014-08-27,95592dd91d6d92718c65,1.0,False,True,0.0,0.0,0.0,0.0,0.0,0.0,0.0,0.0,94850.0,103445.0,0.0,0.08308763110831843,killed,daily_loss_limit,risk_killed_until_explicit_operator_restart,forecast_signal,False,NGU4@2014-08-27,2014
2014-08-06 00:00:00+00:00,2014-08-06 00:00:00+00:00,NGU4@2014-08-27,f3c563d0753055abf953,1.0,False,True,0.0,0.0,0.0,0.0,0.0,0.0,0.0,0.0,94850.0,103445.0,0.0,0.08308763110831843,killed,daily_loss_limit,risk_killed_until_explicit_operator_restart,forecast_signal,False,NGU4@2014-08-27,2014
2014-08-07 00:00:00+00:00,2014-08-07 00:00:00+00:00,NGU4@2014-08-27,c58ad3dc69fd515814ff,0.0,True,True,0.0,0.0,0.0,0.0,0.0,0.0,-0.0,-0.0,94850.0,103445.0,0.0,0.08308763110831843,killed,daily_loss_limit,risk_killed_until_explicit_operator_restart,predicted_gross_pnl_not_above_round_trip_cost,False,NGU4@2014-08-27,2014
2014-08-08 00:00:00+00:00,2014-08-08 00:00:00+00:00,NGU4@2014-08-27,a03e44b900ab627d2ace,0.0,True,True,0.0,0.0,0.0,0.0,0.0,0.0,0.0,0.0,94850.0,103445.0,0.0,0.08308763110831843,killed,daily_loss_limit,risk_killed_until_explicit_operator_restart,predicted_gross_pnl_not_above_round_trip_cost,False,NGU4@2014-08-27,2014
2014-08-10 00:00:00+00:00,2014-08-10 00:00:00+00:00,NGU4@2014-08-27,a03e44b900ab627d2ace,0.0,True,True,0.0,0.0,0.0,0.0,0.0,0.0,0.0,0.0,94850.0,103445.0,0.0,0.08308763110831843,killed,daily_loss_limit,risk_killed_until_explicit_operator_restart,predicted_gross_pnl_not_above_round_trip_cost,False,NGU4@2014-08-27,2014
2014-08-11 00:00:00+00:00,2014-08-11 00:00:00+00:00,NGU4@2014-08-27,d1c8eed38d176bd65069,0.0,True,True,0.0,0.0,0.0,0.0,0.0,0.0,-0.0,-0.0,94850.0,103445.0,0.0,0.08308763110831843,killed,daily_loss_limit,risk_killed_until_explicit_operator_restart,specialist_veto,False,NGU4@2014-08-27,2014
2014-08-12 00:00:00+00:00,2014-08-12 00:00:00+00:00,NGU4@2014-08-27,32a48dacb5c2d84c8ca8,0.0,True,True,0.0,0.0,0.0,0.0,0.0,0.0,-0.0,-0.0,94850.0,103445.0,0.0,0.08308763110831843,killed,daily_loss_limit,risk_killed_until_explicit_operator_restart,specialist_veto,False,NGU4@2014-08-27,2014
2014-08-13 00:00:00+00:00,2014-08-13 00:00:00+00:00,NGU4@2014-08-27,8a042cc43e3633dbd776,0.0,True,True,0.0,0.0,0.0,0.0,0.0,0.0,-0.0,-0.0,94850.0,103445.0,0.0,0.08308763110831843,killed,daily_loss_limit,risk_killed_until_explicit_operator_restart,specialist_veto,False,NGU4@2014-08-27,2014
2014-08-14 00:00:00+00:00,2014-08-14 00:00:00+00:00,NGU4@2014-08-27,7ceff34a13f699249c15,1.0,False,True,0.0,0.0,0.0,0.0,0.0,0.0,0.0,0.0,94850.0,103445.0,0.0,0.08308763110831843,killed,daily_loss_limit,risk_killed_until_explicit_operator_restart,forecast_signal,False,NGU4@2014-08-27,2014
2014-08-15 00:00:00+00:00,2014-08-15 00:00:00+00:00,NGU4@2014-08-27,f3af0e8a132ae5367e22,0.0,True,True,0.0,0.0,0.0,0.0,0.0,0.0,-0.0,-0.0,94850.0,103445.0,0.0,0.08308763110831843,killed,daily_loss_limit,risk_killed_until_explicit_operator_restart,specialist_veto,False,NGU4@2014-08-27,2014
2014-08-17 00:00:00+00:00,2014-08-17 00:00:00+00:00,NGU4@2014-08-27,f3af0e8a132ae5367e22,0.0,True,True,0.0,0.0,0.0,0.0,0.0,0.0,-0.0,-0.0,94850.0,103445.0,0.0,0.08308763110831843,killed,daily_loss_limit,risk_killed_until_explicit_operator_restart,specialist_veto,False,NGU4@2014-08-27,2014
2014-08-18 00:00:00+00:00,2014-08-18 00:00:00+00:00,NGU4@2014-08-27,ba318a946978b5ecafcb,0.0,True,True,0.0,0.0,0.0,0.0,0.0,0.0,0.0,0.0,94850.0,103445.0,0.0,0.08308763110831843,killed,daily_loss_limit,risk_killed_until_explicit_operator_restart,specialist_veto,False,NGU4@2014-08-27,2014
2014-08-19 00:00:00+00:00,2014-08-19 00:00:00+00:00,NGU4@2014-08-27,7709cccaf3d74f468217,0.0,True,True,0.0,0.0,0.0,0.0,0.0,0.0,0.0,0.0,94850.0,103445.0,0.0,0.08308763110831843,killed,daily_loss_limit,risk_killed_until_explicit_operator_restart,specialist_veto,False,NGU4@2014-08-27,2014
2014-08-20 00:00:00+00:00,2014-08-20 00:00:00+00:00,NGU4@2014-08-27,c464de91172bec34bfca,0.0,True,True,0.0,0.0,0.0,0.0,0.0,0.0,-0.0,-0.0,94850.0,103445.0,0.0,0.08308763110831843,killed,daily_loss_limit,risk_killed_until_explicit_operator_restart,specialist_veto,False,NGU4@2014-08-27,2014
2014-08-21 00:00:00+00:00,2014-08-21 00:00:00+00:00,NGU4@2014-08-27,360c22885206ed41ea4d,0.0,True,True,0.0,0.0,0.0,0.0,0.0,0.0,0.0,0.0,94850.0,103445.0,0.0,0.08308763110831843,killed,daily_loss_limit,risk_killed_until_explicit_operator_restart,specialist_veto,False,NGU4@2014-08-27,2014
2014-08-22 00:00:00+00:00,2014-08-22 00:00:00+00:00,NGU4@2014-08-27,2bceb9615cc77dfb04c2,0.0,True,True,0.0,0.0,0.0,0.0,0.0,0.0,-0.0,-0.0,94850.0,103445.0,0.0,0.08308763110831843,killed,daily_loss_limit,risk_killed_until_explicit_operator_restart,specialist_veto,False,NGU4@2014-08-27,2014
2014-08-25 00:00:00+00:00,2014-08-25 00:00:00+00:00,NGU4@2014-08-27,c2e5c0e16c92a2c9420b,0.0,True,True,0.0,0.0,0.0,0.0,0.0,0.0,0.0,0.0,94850.0,103445.0,0.0,0.08308763110831843,killed,daily_loss_limit,risk_killed_until_explicit_operator_restart,specialist_veto,False,NGV4@2014-09-26,2014
2014-08-26 00:00:00+00:00,2014-08-26 00:00:00+00:00,NGV4@2014-09-26,4c7b0d75da0db7a7dff6,-1.0,False,True,0.0,0.0,0.0,0.0,0.0,0.0,-0.0,-0.0,94850.0,103445.0,0.0,0.08308763110831843,killed,daily_loss_limit,risk_killed_until_explicit_operator_restart,forecast_signal,False,NGV4@2014-09-26,2014
2014-08-27 00:00:00+00:00,2014-08-27 00:00:00+00:00,NGV4@2014-09-26,e7b92d19ad0936ed851f,0.0,True,True,0.0,0.0,0.0,0.0,0.0,0.0,0.0,0.0,94850.0,103445.0,0.0,0.08308763110831843,killed,daily_loss_limit,risk_killed_until_explicit_operator_restart,specialist_veto,False,NGV4@2014-09-26,2014
2014-08-28 00:00:00+00:00,2014-08-28 00:00:00+00:00,NGV4@2014-09-26,5f4ccf92dbb50d760164,0.0,True,True,0.0,0.0,0.0,0.0,0.0,0.0,0.0,0.0,94850.0,103445.0,0.0,0.08308763110831843,killed,daily_loss_limit,risk_killed_until_explicit_operator_restart,specialist_veto,False,NGV4@2014-09-26,2014
2014-08-29 00:00:00+00:00,2014-08-29 00:00:00+00:00,NGV4@2014-09-26,6a8a093260a4c0f7fb51,0.0,True,True,0.0,0.0,0.0,0.0,0.0,0.0,-0.0,-0.0,94850.0,103445.0,0.0,0.08308763110831843,killed,daily_loss_limit,risk_killed_until_explicit_operator_restart,specialist_veto,False,NGV4@2014-09-26,2014
2014-08-31 00:00:00+00:00,2014-08-31 00:00:00+00:00,NGV4@2014-09-26,6a8a093260a4c0f7fb51,0.0,True,True,0.0,0.0,0.0,0.0,0.0,0.0,0.0,0.0,94850.0,103445.0,0.0,0.08308763110831843,killed,daily_loss_limit,risk_killed_until_explicit_operator_restart,specialist_veto,False,NGV4@2014-09-26,2014
2014-09-01 00:00:00+00:00,2014-09-01 00:00:00+00:00,NGV4@2014-09-26,08f6d215e4717bd386af,0.0,True,True,0.0,0.0,0.0,0.0,0.0,0.0,0.0,0.0,94850.0,103445.0,0.0,0.08308763110831843,killed,daily_loss_limit,risk_killed_until_explicit_operator_restart,specialist_veto,False,NGV4@2014-09-26,2014
2014-09-02 00:00:00+00:00,2014-09-02 00:00:00+00:00,NGV4@2014-09-26,08f6d215e4717bd386af,0.0,True,True,0.0,0.0,0.0,0.0,0.0,0.0,-0.0,-0.0,94850.0,103445.0,0.0,0.08308763110831843,killed,daily_loss_limit,risk_killed_until_explicit_operator_restart,specialist_veto,False,NGV4@2014-09-26,2014
2014-09-03 00:00:00+00:00,2014-09-03 00:00:00+00:00,NGV4@2014-09-26,08f6d215e4717bd386af,0.0,True,True,0.0,0.0,0.0,0.0,0.0,0.0,-0.0,-0.0,94850.0,103445.0,0.0,0.08308763110831843,killed,daily_loss_limit,risk_killed_until_explicit_operator_restart,specialist_veto,False,NGV4@2014-09-26,2014
2014-09-04 00:00:00+00:00,2014-09-04 00:00:00+00:00,NGV4@2014-09-26,bb4941c38c735587d819,0.0,True,True,0.0,0.0,0.0,0.0,0.0,0.0,-0.0,-0.0,94850.0,103445.0,0.0,0.08308763110831843,killed,daily_loss_limit,risk_killed_until_explicit_operator_restart,specialist_veto,False,NGV4@2014-09-26,2014
2014-09-05 00:00:00+00:00,2014-09-05 00:00:00+00:00,NGV4@2014-09-26,9bbf8c91f42b019a8190,0.0,True,True,0.0,0.0,0.0,0.0,0.0,0.0,-0.0,-0.0,94850.0,103445.0,0.0,0.08308763110831843,killed,daily_loss_limit,risk_killed_until_explicit_operator_restart,specialist_veto,False,NGV4@2014-09-26,2014
2014-09-07 00:00:00+00:00,2014-09-07 00:00:00+00:00,NGV4@2014-09-26,9bbf8c91f42b019a8190,0.0,True,True,0.0,0.0,0.0,0.0,0.0,0.0,0.0,0.0,94850.0,103445.0,0.0,0.08308763110831843,killed,daily_loss_limit,risk_killed_until_explicit_operator_restart,specialist_veto,False,NGV4@2014-09-26,2014
2014-09-08 00:00:00+00:00,2014-09-08 00:00:00+00:00,NGV4@2014-09-26,9bbf8c91f42b019a8190,0.0,True,True,0.0,0.0,0.0,0.0,0.0,0.0,0.0,0.0,94850.0,103445.0,0.0,0.08308763110831843,killed,daily_loss_limit,risk_killed_until_explicit_operator_restart,specialist_veto,False,NGV4@2014-09-26,2014
2014-09-09 00:00:00+00:00,2014-09-09 00:00:00+00:00,NGV4@2014-09-26,5f6443d5ef85a32160db,0.0,True,True,0.0,0.0,0.0,0.0,0.0,0.0,0.0,0.0,94850.0,103445.0,0.0,0.08308763110831843,killed,daily_loss_limit,risk_killed_until_explicit_operator_restart,specialist_veto,False,NGV4@2014-09-26,2014
2014-09-10 00:00:00+00:00,2014-09-10 00:00:00+00:00,NGV4@2014-09-26,05dde04ac43c3622c6da,-1.0,False,True,0.0,0.0,0.0,0.0,0.0,0.0,-0.0,-0.0,94850.0,103445.0,0.0,0.08308763110831843,killed,daily_loss_limit,risk_killed_until_explicit_operator_restart,forecast_signal,False,NGV4@2014-09-26,2014
2014-09-11 00:00:00+00:00,2014-09-11 00:00:00+00:00,NGV4@2014-09-26,5b28b089967bea97c718,-1.0,False,True,0.0,0.0,0.0,0.0,0.0,0.0,-0.0,-0.0,94850.0,103445.0,0.0,0.08308763110831843,killed,daily_loss_limit,risk_killed_until_explicit_operator_restart,forecast_signal,False,NGV4@2014-09-26,2014
2014-09-12 00:00:00+00:00,2014-09-12 00:00:00+00:00,NGV4@2014-09-26,b531884e33f75a85505a,0.0,True,True,0.0,0.0,0.0,0.0,0.0,0.0,0.0,0.0,94850.0,103445.0,0.0,0.08308763110831843,killed,daily_loss_limit,risk_killed_until_explicit_operator_restart,specialist_veto,False,NGV4@2014-09-26,2014
2014-09-14 00:00:00+00:00,2014-09-14 00:00:00+00:00,NGV4@2014-09-26,b531884e33f75a85505a,0.0,True,True,0.0,0.0,0.0,0.0,0.0,0.0,0.0,0.0,94850.0,103445.0,0.0,0.08308763110831843,killed,daily_loss_limit,risk_killed_until_explicit_operator_restart,specialist_veto,False,NGV4@2014-09-26,2014
2014-09-15 00:00:00+00:00,2014-09-15 00:00:00+00:00,NGV4@2014-09-26,4a5bc014ade85d5d2d48,0.0,True,True,0.0,0.0,0.0,0.0,0.0,0.0,0.0,0.0,94850.0,103445.0,0.0,0.08308763110831843,killed,daily_loss_limit,risk_killed_until_explicit_operator_restart,specialist_veto,False,NGV4@2014-09-26,2014
2014-09-16 00:00:00+00:00,2014-09-16 00:00:00+00:00,NGV4@2014-09-26,4c2fa2a3081f54e39007,0.0,True,True,0.0,0.0,0.0,0.0,0.0,0.0,0.0,0.0,94850.0,103445.0,0.0,0.08308763110831843,killed,daily_loss_limit,risk_killed_until_explicit_operator_restart,specialist_veto,False,NGV4@2014-09-26,2014
2014-09-17 00:00:00+00:00,2014-09-17 00:00:00+00:00,NGV4@2014-09-26,6e3467beeb213197236e,-1.0,False,True,0.0,0.0,0.0,0.0,0.0,0.0,0.0,0.0,94850.0,103445.0,0.0,0.08308763110831843,killed,daily_loss_limit,risk_killed_until_explicit_operator_restart,forecast_signal,False,NGV4@2014-09-26,2014
2014-09-18 00:00:00+00:00,2014-09-18 00:00:00+00:00,NGV4@2014-09-26,6e3467beeb213197236e,-1.0,False,True,0.0,0.0,0.0,0.0,0.0,0.0,-0.0,-0.0,94850.0,103445.0,0.0,0.08308763110831843,killed,daily_loss_limit,risk_killed_until_explicit_operator_restart,forecast_signal,False,NGV4@2014-09-26,2014
2014-09-19 00:00:00+00:00,2014-09-19 00:00:00+00:00,NGV4@2014-09-26,6e3467beeb213197236e,-1.0,False,True,0.0,0.0,0.0,0.0,0.0,0.0,-0.0,-0.0,94850.0,103445.0,0.0,0.08308763110831843,killed,daily_loss_limit,risk_killed_until_explicit_operator_restart,forecast_signal,False,NGV4@2014-09-26,2014
2014-09-21 00:00:00+00:00,2014-09-21 00:00:00+00:00,NGV4@2014-09-26,6e3467beeb213197236e,-1.0,False,True,0.0,0.0,0.0,0.0,0.0,0.0,-0.0,-0.0,94850.0,103445.0,0.0,0.08308763110831843,killed,daily_loss_limit,risk_killed_until_explicit_operator_restart,forecast_signal,False,NGV4@2014-09-26,2014
2014-09-22 00:00:00+00:00,2014-09-22 00:00:00+00:00,NGV4@2014-09-26,6e3467beeb213197236e,-1.0,False,True,0.0,0.0,0.0,0.0,0.0,0.0,0.0,0.0,94850.0,103445.0,0.0,0.08308763110831843,killed,daily_loss_limit,risk_killed_until_explicit_operator_restart,forecast_signal,False,NGV4@2014-09-26,2014
2014-09-26 00:00:00+00:00,2014-09-26 00:00:00+00:00,NGV4@2014-09-26,,0.0,True,True,0.0,0.0,0.0,0.0,0.0,0.0,0.0,0.0,94850.0,103445.0,0.0,0.08308763110831843,killed,daily_loss_limit,risk_killed_until_explicit_operator_restart,forecast_horizon_expired,False,,2014
2014-09-29 00:00:00+00:00,2014-09-29 00:00:00+00:00,NGX4@2014-10-29,,0.0,True,True,0.0,0.0,0.0,0.0,0.0,0.0,0.0,0.0,94850.0,103445.0,0.0,0.08308763110831843,killed,daily_loss_limit,risk_killed_until_explicit_operator_restart,forecast_horizon_expired,False,NGX4@2014-10-29,2014
2014-09-30 00:00:00+00:00,2014-09-30 00:00:00+00:00,NGX4@2014-10-29,6c30371352c5c757f4d0,-1.0,False,True,0.0,0.0,0.0,0.0,0.0,0.0,-0.0,-0.0,94850.0,103445.0,0.0,0.08308763110831843,killed,daily_loss_limit,risk_killed_until_explicit_operator_restart,forecast_signal,False,NGX4@2014-10-29,2014
2014-10-01 00:00:00+00:00,2014-10-01 00:00:00+00:00,NGX4@2014-10-29,91620f13678cacd0f7ec,-1.0,False,True,0.0,0.0,0.0,0.0,0.0,0.0,-0.0,-0.0,94850.0,103445.0,0.0,0.08308763110831843,killed,daily_loss_limit,risk_killed_until_explicit_operator_restart,forecast_signal,False,NGX4@2014-10-29,2014
2014-10-02 00:00:00+00:00,2014-10-02 00:00:00+00:00,NGX4@2014-10-29,b23729a7c7d0137c51f4,0.0,True,True,0.0,0.0,0.0,0.0,0.0,0.0,-0.0,-0.0,94850.0,103445.0,0.0,0.08308763110831843,killed,daily_loss_limit,risk_killed_until_explicit_operator_restart,specialist_veto,False,NGX4@2014-10-29,2014
2014-10-03 00:00:00+00:00,2014-10-03 00:00:00+00:00,NGX4@2014-10-29,6ff73afa939f3272df75,0.0,True,True,0.0,0.0,0.0,0.0,0.0,0.0,0.0,0.0,94850.0,103445.0,0.0,0.08308763110831843,killed,daily_loss_limit,risk_killed_until_explicit_operator_restart,specialist_veto,False,NGX4@2014-10-29,2014
2014-10-05 00:00:00+00:00,2014-10-05 00:00:00+00:00,NGX4@2014-10-29,6ff73afa939f3272df75,0.0,True,True,0.0,0.0,0.0,0.0,0.0,0.0,-0.0,-0.0,94850.0,103445.0,0.0,0.08308763110831843,killed,daily_loss_limit,risk_killed_until_explicit_operator_restart,specialist_veto,False,NGX4@2014-10-29,2014
2014-10-06 00:00:00+00:00,2014-10-06 00:00:00+00:00,NGX4@2014-10-29,eb9d177985c21717c670,0.0,True,True,0.0,0.0,0.0,0.0,0.0,0.0,-0.0,-0.0,94850.0,103445.0,0.0,0.08308763110831843,killed,daily_loss_limit,risk_killed_until_explicit_operator_restart,specialist_veto,False,NGX4@2014-10-29,2014
2014-10-07 00:00:00+00:00,2014-10-07 00:00:00+00:00,NGX4@2014-10-29,b50710f3f4ad0f62b403,0.0,True,True,0.0,0.0,0.0,0.0,0.0,0.0,0.0,0.0,94850.0,103445.0,0.0,0.08308763110831843,killed,daily_loss_limit,risk_killed_until_explicit_operator_restart,specialist_veto,False,NGX4@2014-10-29,2014
2014-10-08 00:00:00+00:00,2014-10-08 00:00:00+00:00,NGX4@2014-10-29,e98a9a3a3658682f32b1,0.0,True,True,0.0,0.0,0.0,0.0,0.0,0.0,-0.0,-0.0,94850.0,103445.0,0.0,0.08308763110831843,killed,daily_loss_limit,risk_killed_until_explicit_operator_restart,specialist_veto,False,NGX4@2014-10-29,2014
2014-10-09 00:00:00+00:00,2014-10-09 00:00:00+00:00,NGX4@2014-10-29,7760399d63de095e6578,0.0,True,True,0.0,0.0,0.0,0.0,0.0,0.0,0.0,0.0,94850.0,103445.0,0.0,0.08308763110831843,killed,daily_loss_limit,risk_killed_until_explicit_operator_restart,specialist_veto,False,NGX4@2014-10-29,2014
2014-10-10 00:00:00+00:00,2014-10-10 00:00:00+00:00,NGX4@2014-10-29,a4dea83fa350cfd2ae7b,0.0,True,True,0.0,0.0,0.0,0.0,0.0,0.0,-0.0,-0.0,94850.0,103445.0,0.0,0.08308763110831843,killed,daily_loss_limit,risk_killed_until_explicit_operator_restart,specialist_veto,False,NGX4@2014-10-29,2014
2014-10-12 00:00:00+00:00,2014-10-12 00:00:00+00:00,NGX4@2014-10-29,a4dea83fa350cfd2ae7b,0.0,True,True,0.0,0.0,0.0,0.0,0.0,0.0,-0.0,-0.0,94850.0,103445.0,0.0,0.08308763110831843,killed,daily_loss_limit,risk_killed_until_explicit_operator_restart,specialist_veto,False,NGX4@2014-10-29,2014
2014-10-13 00:00:00+00:00,2014-10-13 00:00:00+00:00,NGX4@2014-10-29,501fc7ecabf14f1b2ed3,0.0,True,True,0.0,0.0,0.0,0.0,0.0,0.0,0.0,0.0,94850.0,103445.0,0.0,0.08308763110831843,killed,daily_loss_limit,risk_killed_until_explicit_operator_restart,specialist_veto,False,NGX4@2014-10-29,2014
2014-10-14 00:00:00+00:00,2014-10-14 00:00:00+00:00,NGX4@2014-10-29,4844861acb878704f341,0.0,True,True,0.0,0.0,0.0,0.0,0.0,0.0,-0.0,-0.0,94850.0,103445.0,0.0,0.08308763110831843,killed,daily_loss_limit,risk_killed_until_explicit_operator_restart,specialist_veto,False,NGX4@2014-10-29,2014
2014-10-15 00:00:00+00:00,2014-10-15 00:00:00+00:00,NGX4@2014-10-29,4844861acb878704f341,0.0,True,True,0.0,0.0,0.0,0.0,0.0,0.0,-0.0,-0.0,94850.0,103445.0,0.0,0.08308763110831843,killed,daily_loss_limit,risk_killed_until_explicit_operator_restart,specialist_veto,False,NGX4@2014-10-29,2014
2014-10-16 00:00:00+00:00,2014-10-16 00:00:00+00:00,NGX4@2014-10-29,71d71dc5b4d36d0688b9,0.0,True,True,0.0,0.0,0.0,0.0,0.0,0.0,0.0,0.0,94850.0,103445.0,0.0,0.08308763110831843,killed,daily_loss_limit,risk_killed_until_explicit_operator_restart,specialist_veto,False,NGX4@2014-10-29,2014
2014-10-17 00:00:00+00:00,2014-10-17 00:00:00+00:00,NGX4@2014-10-29,eebd43241ee83d4477ec,0.0,True,True,0.0,0.0,0.0,0.0,0.0,0.0,-0.0,-0.0,94850.0,103445.0,0.0,0.08308763110831843,killed,daily_loss_limit,risk_killed_until_explicit_operator_restart,specialist_veto,False,NGX4@2014-10-29,2014
2014-10-19 00:00:00+00:00,2014-10-19 00:00:00+00:00,NGX4@2014-10-29,eebd43241ee83d4477ec,0.0,True,True,0.0,0.0,0.0,0.0,0.0,0.0,0.0,0.0,94850.0,103445.0,0.0,0.08308763110831843,killed,daily_loss_limit,risk_killed_until_explicit_operator_restart,specialist_veto,False,NGX4@2014-10-29,2014
2014-10-20 00:00:00+00:00,2014-10-20 00:00:00+00:00,NGX4@2014-10-29,0985d57f8af85e09060a,0.0,True,True,0.0,0.0,0.0,0.0,0.0,0.0,-0.0,-0.0,94850.0,103445.0,0.0,0.08308763110831843,killed,daily_loss_limit,risk_killed_until_explicit_operator_restart,specialist_veto,False,NGX4@2014-10-29,2014
2014-10-21 00:00:00+00:00,2014-10-21 00:00:00+00:00,NGX4@2014-10-29,0985d57f8af85e09060a,0.0,True,True,0.0,0.0,0.0,0.0,0.0,0.0,0.0,0.0,94850.0,103445.0,0.0,0.08308763110831843,killed,daily_loss_limit,risk_killed_until_explicit_operator_restart,specialist_veto,False,NGX4@2014-10-29,2014
2014-10-22 00:00:00+00:00,2014-10-22 00:00:00+00:00,NGX4@2014-10-29,0d7d5e8597e2c492dec0,0.0,True,True,0.0,0.0,0.0,0.0,0.0,0.0,-0.0,-0.0,94850.0,103445.0,0.0,0.08308763110831843,killed,daily_loss_limit,risk_killed_until_explicit_operator_restart,specialist_veto,False,NGX4@2014-10-29,2014
2014-10-23 00:00:00+00:00,2014-10-23 00:00:00+00:00,NGX4@2014-10-29,3171ab8d32fb040e1445,0.0,True,True,0.0,0.0,0.0,0.0,0.0,0.0,-0.0,-0.0,94850.0,103445.0,0.0,0.08308763110831843,killed,daily_loss_limit,risk_killed_until_explicit_operator_restart,specialist_veto,False,NGX4@2014-10-29,2014
2014-10-24 00:00:00+00:00,2014-10-24 00:00:00+00:00,NGX4@2014-10-29,3ca22cc4f74674c20529,0.0,True,True,0.0,0.0,0.0,0.0,0.0,0.0,-0.0,-0.0,94850.0,103445.0,0.0,0.08308763110831843,killed,daily_loss_limit,risk_killed_until_explicit_operator_restart,specialist_veto,False,NGX4@2014-10-29,2014
2014-10-26 00:00:00+00:00,2014-10-26 00:00:00+00:00,NGX4@2014-10-29,3ca22cc4f74674c20529,0.0,True,True,0.0,0.0,0.0,0.0,0.0,0.0,-0.0,-0.0,94850.0,103445.0,0.0,0.08308763110831843,killed,daily_loss_limit,risk_killed_until_explicit_operator_restart,specialist_veto,False,NGX4@2014-10-29,2014
2014-10-27 00:00:00+00:00,2014-10-27 00:00:00+00:00,NGX4@2014-10-29,580338859b9b8e1e26bd,0.0,True,True,0.0,0.0,0.0,0.0,0.0,0.0,-0.0,-0.0,94850.0,103445.0,0.0,0.08308763110831843,killed,daily_loss_limit,risk_killed_until_explicit_operator_restart,specialist_veto,False,NGZ4@2014-11-25,2014
2014-10-28 00:00:00+00:00,2014-10-28 00:00:00+00:00,NGZ4@2014-11-25,369d2fcb72ff68ccb06a,0.0,True,True,0.0,0.0,0.0,0.0,0.0,0.0,0.0,0.0,94850.0,103445.0,0.0,0.08308763110831843,killed,daily_loss_limit,risk_killed_until_explicit_operator_restart,specialist_veto,False,NGZ4@2014-11-25,2014
2014-10-29 00:00:00+00:00,2014-10-29 00:00:00+00:00,NGZ4@2014-11-25,3d10a546bbf8eb083c0f,-1.0,False,True,0.0,0.0,0.0,0.0,0.0,0.0,0.0,0.0,94850.0,103445.0,0.0,0.08308763110831843,killed,daily_loss_limit,risk_killed_until_explicit_operator_restart,forecast_signal,False,NGZ4@2014-11-25,2014
2014-10-30 00:00:00+00:00,2014-10-30 00:00:00+00:00,NGZ4@2014-11-25,3e32a534000173287c50,-1.0,False,True,0.0,0.0,0.0,0.0,0.0,0.0,0.0,0.0,94850.0,103445.0,0.0,0.08308763110831843,killed,daily_loss_limit,risk_killed_until_explicit_operator_restart,forecast_signal,False,NGZ4@2014-11-25,2014
2014-10-31 00:00:00+00:00,2014-10-31 00:00:00+00:00,NGZ4@2014-11-25,0cd665db0ab882fe8c6c,-1.0,False,True,0.0,0.0,0.0,0.0,0.0,0.0,0.0,0.0,94850.0,103445.0,0.0,0.08308763110831843,killed,daily_loss_limit,risk_killed_until_explicit_operator_restart,forecast_signal,False,NGZ4@2014-11-25,2014
2014-11-02 00:00:00+00:00,2014-11-02 00:00:00+00:00,NGZ4@2014-11-25,0cd665db0ab882fe8c6c,-1.0,False,True,0.0,0.0,0.0,0.0,0.0,0.0,0.0,0.0,94850.0,103445.0,0.0,0.08308763110831843,killed,daily_loss_limit,risk_killed_until_explicit_operator_restart,forecast_signal,False,NGZ4@2014-11-25,2014
2014-11-03 00:00:00+00:00,2014-11-03 00:00:00+00:00,NGZ4@2014-11-25,c6068623cb1c80babeab,1.0,False,True,0.0,0.0,0.0,0.0,0.0,0.0,0.0,0.0,94850.0,103445.0,0.0,0.08308763110831843,killed,daily_loss_limit,risk_killed_until_explicit_operator_restart,forecast_signal,False,NGZ4@2014-11-25,2014
2014-11-04 00:00:00+00:00,2014-11-04 00:00:00+00:00,NGZ4@2014-11-25,c6068623cb1c80babeab,1.0,False,True,0.0,0.0,0.0,0.0,0.0,0.0,0.0,0.0,94850.0,103445.0,0.0,0.08308763110831843,killed,daily_loss_limit,risk_killed_until_explicit_operator_restart,forecast_signal,False,NGZ4@2014-11-25,2014
2014-11-05 00:00:00+00:00,2014-11-05 00:00:00+00:00,NGZ4@2014-11-25,3e7c54b1ace8419ab668,0.0,True,True,0.0,0.0,0.0,0.0,0.0,0.0,0.0,0.0,94850.0,103445.0,0.0,0.08308763110831843,killed,daily_loss_limit,risk_killed_until_explicit_operator_restart,specialist_veto,False,NGZ4@2014-11-25,2014
2014-11-06 00:00:00+00:00,2014-11-06 00:00:00+00:00,NGZ4@2014-11-25,3d44747bf38c9b6ad942,0.0,True,True,0.0,0.0,0.0,0.0,0.0,0.0,0.0,0.0,94850.0,103445.0,0.0,0.08308763110831843,killed,daily_loss_limit,risk_killed_until_explicit_operator_restart,specialist_veto,False,NGZ4@2014-11-25,2014
2014-11-07 00:00:00+00:00,2014-11-07 00:00:00+00:00,NGZ4@2014-11-25,4b2845e5158a76baca91,0.0,True,True,0.0,0.0,0.0,0.0,0.0,0.0,0.0,0.0,94850.0,103445.0,0.0,0.08308763110831843,killed,daily_loss_limit,risk_killed_until_explicit_operator_restart,specialist_veto,False,NGZ4@2014-11-25,2014
2014-11-09 00:00:00+00:00,2014-11-09 00:00:00+00:00,NGZ4@2014-11-25,4b2845e5158a76baca91,0.0,True,True,0.0,0.0,0.0,0.0,0.0,0.0,0.0,0.0,94850.0,103445.0,0.0,0.08308763110831843,killed,daily_loss_limit,risk_killed_until_explicit_operator_restart,specialist_veto,False,NGZ4@2014-11-25,2014
2014-11-10 00:00:00+00:00,2014-11-10 00:00:00+00:00,NGZ4@2014-11-25,63630a523b3b2adb44af,0.0,True,True,0.0,0.0,0.0,0.0,0.0,0.0,-0.0,-0.0,94850.0,103445.0,0.0,0.08308763110831843,killed,daily_loss_limit,risk_killed_until_explicit_operator_restart,specialist_veto,False,NGZ4@2014-11-25,2014
2014-11-11 00:00:00+00:00,2014-11-11 00:00:00+00:00,NGZ4@2014-11-25,63630a523b3b2adb44af,0.0,True,True,0.0,0.0,0.0,0.0,0.0,0.0,-0.0,-0.0,94850.0,103445.0,0.0,0.08308763110831843,killed,daily_loss_limit,risk_killed_until_explicit_operator_restart,specialist_veto,False,NGZ4@2014-11-25,2014
2014-11-12 00:00:00+00:00,2014-11-12 00:00:00+00:00,NGZ4@2014-11-25,47ce90fd3cf45d0caef9,0.0,True,True,0.0,0.0,0.0,0.0,0.0,0.0,-0.0,-0.0,94850.0,103445.0,0.0,0.08308763110831843,killed,daily_loss_limit,risk_killed_until_explicit_operator_restart,specialist_veto,False,NGZ4@2014-11-25,2014
2014-11-13 00:00:00+00:00,2014-11-13 00:00:00+00:00,NGZ4@2014-11-25,22cf3c2a4eb582423fc8,0.0,True,True,0.0,0.0,0.0,0.0,0.0,0.0,-0.0,-0.0,94850.0,103445.0,0.0,0.08308763110831843,killed,daily_loss_limit,risk_killed_until_explicit_operator_restart,specialist_veto,False,NGZ4@2014-11-25,2014
2014-11-14 00:00:00+00:00,2014-11-14 00:00:00+00:00,NGZ4@2014-11-25,8ba674ee130fbbc96bbb,0.0,True,True,0.0,0.0,0.0,0.0,0.0,0.0,0.0,0.0,94850.0,103445.0,0.0,0.08308763110831843,killed,daily_loss_limit,risk_killed_until_explicit_operator_restart,specialist_veto,False,NGZ4@2014-11-25,2014
2014-11-16 00:00:00+00:00,2014-11-16 00:00:00+00:00,NGZ4@2014-11-25,8ba674ee130fbbc96bbb,0.0,True,True,0.0,0.0,0.0,0.0,0.0,0.0,-0.0,-0.0,94850.0,103445.0,0.0,0.08308763110831843,killed,daily_loss_limit,risk_killed_until_explicit_operator_restart,specialist_veto,False,NGZ4@2014-11-25,2014
2014-11-17 00:00:00+00:00,2014-11-17 00:00:00+00:00,NGZ4@2014-11-25,057119fca200438c6bf9,-1.0,False,True,0.0,0.0,0.0,0.0,0.0,0.0,0.0,0.0,94850.0,103445.0,0.0,0.08308763110831843,killed,daily_loss_limit,risk_killed_until_explicit_operator_restart,forecast_signal,False,NGZ4@2014-11-25,2014
2014-11-18 00:00:00+00:00,2014-11-18 00:00:00+00:00,NGZ4@2014-11-25,7ad1f5a3f47a995539c6,1.0,False,True,0.0,0.0,0.0,0.0,0.0,0.0,-0.0,-0.0,94850.0,103445.0,0.0,0.08308763110831843,killed,daily_loss_limit,risk_killed_until_explicit_operator_restart,forecast_signal,False,NGZ4@2014-11-25,2014
2014-11-19 00:00:00+00:00,2014-11-19 00:00:00+00:00,NGZ4@2014-11-25,94e753da5d04662d8d2b,-1.0,False,True,0.0,0.0,0.0,0.0,0.0,0.0,0.0,0.0,94850.0,103445.0,0.0,0.08308763110831843,killed,daily_loss_limit,risk_killed_until_explicit_operator_restart,forecast_signal,False,NGZ4@2014-11-25,2014
2014-11-20 00:00:00+00:00,2014-11-20 00:00:00+00:00,NGZ4@2014-11-25,94e753da5d04662d8d2b,-1.0,False,True,0.0,0.0,0.0,0.0,0.0,0.0,0.0,0.0,94850.0,103445.0,0.0,0.08308763110831843,killed,daily_loss_limit,risk_killed_until_explicit_operator_restart,forecast_signal,False,NGZ4@2014-11-25,2014
2014-11-21 00:00:00+00:00,2014-11-21 00:00:00+00:00,NGZ4@2014-11-25,94e753da5d04662d8d2b,-1.0,False,True,0.0,0.0,0.0,0.0,0.0,0.0,-0.0,-0.0,94850.0,103445.0,0.0,0.08308763110831843,killed,daily_loss_limit,risk_killed_until_explicit_operator_restart,forecast_signal,False,NGZ4@2014-11-25,2014
2014-11-23 00:00:00+00:00,2014-11-23 00:00:00+00:00,NGZ4@2014-11-25,94e753da5d04662d8d2b,-1.0,False,True,0.0,0.0,0.0,0.0,0.0,0.0,-0.0,-0.0,94850.0,103445.0,0.0,0.08308763110831843,killed,daily_loss_limit,risk_killed_until_explicit_operator_restart,forecast_signal,False,NGZ4@2014-11-25,2014
2014-11-24 00:00:00+00:00,2014-11-24 00:00:00+00:00,NGZ4@2014-11-25,94e753da5d04662d8d2b,-1.0,False,True,0.0,0.0,0.0,0.0,0.0,0.0,0.0,0.0,94850.0,103445.0,0.0,0.08308763110831843,killed,daily_loss_limit,risk_killed_until_explicit_operator_restart,forecast_signal,False,NGZ4@2014-11-25,2014
2014-11-25 00:00:00+00:00,2014-11-25 00:00:00+00:00,NGZ4@2014-11-25,,0.0,True,True,0.0,0.0,0.0,0.0,0.0,0.0,0.0,0.0,94850.0,103445.0,0.0,0.08308763110831843,killed,daily_loss_limit,risk_killed_until_explicit_operator_restart,forecast_horizon_expired,False,,2014
2014-11-26 00:00:00+00:00,2014-11-26 00:00:00+00:00,NGF5@2014-12-29,,0.0,True,True,0.0,0.0,0.0,0.0,0.0,0.0,-0.0,-0.0,94850.0,103445.0,0.0,0.08308763110831843,killed,daily_loss_limit,risk_killed_until_explicit_operator_restart,forecast_horizon_expired,False,NGF5@2014-12-29,2014
2014-11-27 00:00:00+00:00,2014-11-27 00:00:00+00:00,NGF5@2014-12-29,b2f9f1100ec412f0f33c,-1.0,False,True,0.0,0.0,0.0,0.0,0.0,0.0,-0.0,-0.0,94850.0,103445.0,0.0,0.08308763110831843,killed,daily_loss_limit,risk_killed_until_explicit_operator_restart,forecast_signal,False,NGF5@2014-12-29,2014
2014-11-28 00:00:00+00:00,2014-11-28 00:00:00+00:00,NGF5@2014-12-29,b2f9f1100ec412f0f33c,-1.0,False,True,0.0,0.0,0.0,0.0,0.0,0.0,-0.0,-0.0,94850.0,103445.0,0.0,0.08308763110831843,killed,daily_loss_limit,risk_killed_until_explicit_operator_restart,forecast_signal,False,NGF5@2014-12-29,2014
2014-11-30 00:00:00+00:00,2014-11-30 00:00:00+00:00,NGF5@2014-12-29,b2f9f1100ec412f0f33c,-1.0,False,True,0.0,0.0,0.0,0.0,0.0,0.0,-0.0,-0.0,94850.0,103445.0,0.0,0.08308763110831843,killed,daily_loss_limit,risk_killed_until_explicit_operator_restart,forecast_signal,False,NGF5@2014-12-29,2014
2014-12-01 00:00:00+00:00,2014-12-01 00:00:00+00:00,NGF5@2014-12-29,71d83eed00ac0ba2a1da,0.0,True,True,0.0,0.0,0.0,0.0,0.0,0.0,0.0,0.0,94850.0,103445.0,0.0,0.08308763110831843,killed,daily_loss_limit,risk_killed_until_explicit_operator_restart,specialist_veto,False,NGF5@2014-12-29,2014
2014-12-02 00:00:00+00:00,2014-12-02 00:00:00+00:00,NGF5@2014-12-29,71d83eed00ac0ba2a1da,0.0,True,True,0.0,0.0,0.0,0.0,0.0,0.0,-0.0,-0.0,94850.0,103445.0,0.0,0.08308763110831843,killed,daily_loss_limit,risk_killed_until_explicit_operator_restart,specialist_veto,False,NGF5@2014-12-29,2014
2014-12-03 00:00:00+00:00,2014-12-03 00:00:00+00:00,NGF5@2014-12-29,24e75490da1e2abb3916,0.0,True,True,0.0,0.0,0.0,0.0,0.0,0.0,-0.0,-0.0,94850.0,103445.0,0.0,0.08308763110831843,killed,daily_loss_limit,risk_killed_until_explicit_operator_restart,specialist_veto,False,NGF5@2014-12-29,2014
2014-12-04 00:00:00+00:00,2014-12-04 00:00:00+00:00,NGF5@2014-12-29,4111e76ed8fec767efe7,0.0,True,True,0.0,0.0,0.0,0.0,0.0,0.0,-0.0,-0.0,94850.0,103445.0,0.0,0.08308763110831843,killed,daily_loss_limit,risk_killed_until_explicit_operator_restart,specialist_veto,False,NGF5@2014-12-29,2014
2014-12-05 00:00:00+00:00,2014-12-05 00:00:00+00:00,NGF5@2014-12-29,4111e76ed8fec767efe7,0.0,True,True,0.0,0.0,0.0,0.0,0.0,0.0,0.0,0.0,94850.0,103445.0,0.0,0.08308763110831843,killed,daily_loss_limit,risk_killed_until_explicit_operator_restart,specialist_veto,False,NGF5@2014-12-29,2014
2014-12-07 00:00:00+00:00,2014-12-07 00:00:00+00:00,NGF5@2014-12-29,8a53b3f04690783a7660,0.0,True,True,0.0,0.0,0.0,0.0,0.0,0.0,-0.0,-0.0,94850.0,103445.0,0.0,0.08308763110831843,killed,daily_loss_limit,risk_killed_until_explicit_operator_restart,specialist_veto,False,NGF5@2014-12-29,2014
2014-12-08 00:00:00+00:00,2014-12-08 00:00:00+00:00,NGF5@2014-12-29,7de4a61caf98f04ccb26,0.0,True,True,0.0,0.0,0.0,0.0,0.0,0.0,-0.0,-0.0,94850.0,103445.0,0.0,0.08308763110831843,killed,daily_loss_limit,risk_killed_until_explicit_operator_restart,specialist_veto,False,NGF5@2014-12-29,2014
2014-12-09 00:00:00+00:00,2014-12-09 00:00:00+00:00,NGF5@2014-12-29,7de4a61caf98f04ccb26,0.0,True,True,0.0,0.0,0.0,0.0,0.0,0.0,0.0,0.0,94850.0,103445.0,0.0,0.08308763110831843,killed,daily_loss_limit,risk_killed_until_explicit_operator_restart,specialist_veto,False,NGF5@2014-12-29,2014
2014-12-10 00:00:00+00:00,2014-12-10 00:00:00+00:00,NGF5@2014-12-29,5e5122590c08916e74aa,1.0,False,True,0.0,0.0,0.0,0.0,0.0,0.0,0.0,0.0,94850.0,103445.0,0.0,0.08308763110831843,killed,daily_loss_limit,risk_killed_until_explicit_operator_restart,forecast_signal,False,NGF5@2014-12-29,2014
2014-12-11 00:00:00+00:00,2014-12-11 00:00:00+00:00,NGF5@2014-12-29,bb0a27e1a1061dfa0deb,0.0,True,True,0.0,0.0,0.0,0.0,0.0,0.0,-0.0,-0.0,94850.0,103445.0,0.0,0.08308763110831843,killed,daily_loss_limit,risk_killed_until_explicit_operator_restart,predicted_gross_pnl_not_above_round_trip_cost,False,NGF5@2014-12-29,2014
2014-12-12 00:00:00+00:00,2014-12-12 00:00:00+00:00,NGF5@2014-12-29,60d0ac20ad96a7568a51,1.0,False,True,0.0,0.0,0.0,0.0,0.0,0.0,0.0,0.0,94850.0,103445.0,0.0,0.08308763110831843,killed,daily_loss_limit,risk_killed_until_explicit_operator_restart,forecast_signal,False,NGF5@2014-12-29,2014
2014-12-14 00:00:00+00:00,2014-12-14 00:00:00+00:00,NGF5@2014-12-29,60d0ac20ad96a7568a51,1.0,False,True,0.0,0.0,0.0,0.0,0.0,0.0,-0.0,-0.0,94850.0,103445.0,0.0,0.08308763110831843,killed,daily_loss_limit,risk_killed_until_explicit_operator_restart,forecast_signal,False,NGF5@2014-12-29,2014
2014-12-15 00:00:00+00:00,2014-12-15 00:00:00+00:00,NGF5@2014-12-29,2df3957f26913a4d91e2,-1.0,False,True,0.0,0.0,0.0,0.0,0.0,0.0,-0.0,-0.0,94850.0,103445.0,0.0,0.08308763110831843,killed,daily_loss_limit,risk_killed_until_explicit_operator_restart,forecast_signal,False,NGF5@2014-12-29,2014
2014-12-16 00:00:00+00:00,2014-12-16 00:00:00+00:00,NGF5@2014-12-29,166e64894870ae048120,0.0,True,True,0.0,0.0,0.0,0.0,0.0,0.0,-0.0,-0.0,94850.0,103445.0,0.0,0.08308763110831843,killed,daily_loss_limit,risk_killed_until_explicit_operator_restart,specialist_veto,False,NGF5@2014-12-29,2014
2014-12-17 00:00:00+00:00,2014-12-17 00:00:00+00:00,NGF5@2014-12-29,c48783858f407e1a4f34,1.0,False,True,0.0,0.0,0.0,0.0,0.0,0.0,0.0,0.0,94850.0,103445.0,0.0,0.08308763110831843,killed,daily_loss_limit,risk_killed_until_explicit_operator_restart,forecast_signal,False,NGF5@2014-12-29,2014
2014-12-18 00:00:00+00:00,2014-12-18 00:00:00+00:00,NGF5@2014-12-29,300e8f86f5a417bf9558,-1.0,False,True,0.0,0.0,0.0,0.0,0.0,0.0,-0.0,-0.0,94850.0,103445.0,0.0,0.08308763110831843,killed,daily_loss_limit,risk_killed_until_explicit_operator_restart,forecast_signal,False,NGF5@2014-12-29,2014
2014-12-19 00:00:00+00:00,2014-12-19 00:00:00+00:00,NGF5@2014-12-29,300e8f86f5a417bf9558,-1.0,False,True,0.0,0.0,0.0,0.0,0.0,0.0,-0.0,-0.0,94850.0,103445.0,0.0,0.08308763110831843,killed,daily_loss_limit,risk_killed_until_explicit_operator_restart,forecast_signal,False,NGF5@2014-12-29,2014
2014-12-21 00:00:00+00:00,2014-12-21 00:00:00+00:00,NGF5@2014-12-29,99bff460c1a87a334377,1.0,False,True,0.0,0.0,0.0,0.0,0.0,0.0,-0.0,-0.0,94850.0,103445.0,0.0,0.08308763110831843,killed,daily_loss_limit,risk_killed_until_explicit_operator_restart,forecast_signal,False,NGF5@2014-12-29,2014
2014-12-22 00:00:00+00:00,2014-12-22 00:00:00+00:00,NGF5@2014-12-29,e3cb2e51c12f7fa0327f,1.0,False,True,0.0,0.0,0.0,0.0,0.0,0.0,-0.0,-0.0,94850.0,103445.0,0.0,0.08308763110831843,killed,daily_loss_limit,risk_killed_until_explicit_operator_restart,forecast_signal,False,NGF5@2014-12-29,2014
2014-12-23 00:00:00+00:00,2014-12-23 00:00:00+00:00,NGF5@2014-12-29,e3cb2e51c12f7fa0327f,1.0,False,True,0.0,0.0,0.0,0.0,0.0,0.0,0.0,0.0,94850.0,103445.0,0.0,0.08308763110831843,killed,daily_loss_limit,risk_killed_until_explicit_operator_restart,forecast_signal,False,NGF5@2014-12-29,2014
2014-12-24 00:00:00+00:00,2014-12-24 00:00:00+00:00,NGF5@2014-12-29,e4e1ccfa41c66e12b946,1.0,False,True,0.0,0.0,0.0,0.0,0.0,0.0,-0.0,-0.0,94850.0,103445.0,0.0,0.08308763110831843,killed,daily_loss_limit,risk_killed_until_explicit_operator_restart,forecast_signal,False,NGF5@2014-12-29,2014
2014-12-25 00:00:00+00:00,2014-12-25 00:00:00+00:00,NGF5@2014-12-29,d7e84a43814c648996b1,1.0,False,True,0.0,0.0,0.0,0.0,0.0,0.0,0.0,0.0,94850.0,103445.0,0.0,0.08308763110831843,killed,daily_loss_limit,risk_killed_until_explicit_operator_restart,forecast_signal,False,NGF5@2014-12-29,2014
2014-12-26 00:00:00+00:00,2014-12-26 00:00:00+00:00,NGF5@2014-12-29,d7e84a43814c648996b1,1.0,False,True,0.0,0.0,0.0,0.0,0.0,0.0,-0.0,-0.0,94850.0,103445.0,0.0,0.08308763110831843,killed,daily_loss_limit,risk_killed_until_explicit_operator_restart,forecast_signal,False,NGF5@2014-12-29,2014
2014-12-28 00:00:00+00:00,2014-12-28 00:00:00+00:00,NGF5@2014-12-29,d7e84a43814c648996b1,1.0,False,True,0.0,0.0,0.0,0.0,0.0,0.0,0.0,0.0,94850.0,103445.0,0.0,0.08308763110831843,killed,daily_loss_limit,risk_killed_until_explicit_operator_restart,forecast_signal,False,NGG5@2015-01-28,2014
2014-12-29 00:00:00+00:00,2014-12-29 00:00:00+00:00,NGG5@2015-01-28,d7e84a43814c648996b1,1.0,False,True,0.0,0.0,0.0,0.0,0.0,0.0,0.0,0.0,94850.0,103445.0,0.0,0.08308763110831843,killed,daily_loss_limit,risk_killed_until_explicit_operator_restart,forecast_signal,False,NGG5@2015-01-28,2014
2014-12-30 00:00:00+00:00,2014-12-30 00:00:00+00:00,NGG5@2015-01-28,d7e84a43814c648996b1,1.0,False,True,0.0,0.0,0.0,0.0,0.0,0.0,-0.0,-0.0,94850.0,103445.0,0.0,0.08308763110831843,killed,daily_loss_limit,risk_killed_until_explicit_operator_restart,forecast_signal,False,NGG5@2015-01-28,2014
2014-12-31 00:00:00+00:00,2014-12-31 00:00:00+00:00,NGG5@2015-01-28,,0.0,True,True,0.0,0.0,0.0,0.0,0.0,0.0,-0.0,-0.0,94850.0,103445.0,0.0,0.08308763110831843,killed,daily_loss_limit,end_of_sample_liquidation,forecast_horizon_expired,False,NGG5@2015-01-28,2014
2015-01-01 00:00:00+00:00,2015-01-01 00:00:00+00:00,NGG5@2015-01-28,,0.0,True,False,0.0,0.0,0.0,0.0,0.0,0.0,-0.0,-0.0,100000.0,100000.0,0.0,0.0,active,,no_signal_yet,no_signal_yet,False,NGG5@2015-01-28,2015
2015-01-02 00:00:00+00:00,2015-01-02 00:00:00+00:00,NGG5@2015-01-28,6eb2172ee7cfe37f52d2,0.0,True,False,0.0,0.0,0.0,0.0,0.0,0.0,0.0,0.0,100000.0,100000.0,0.0,0.0,active,,specialist_veto,specialist_veto,False,NGG5@2015-01-28,2015
2015-01-04 00:00:00+00:00,2015-01-04 00:00:00+00:00,NGG5@2015-01-28,6eb2172ee7cfe37f52d2,0.0,True,False,0.0,0.0,0.0,0.0,0.0,0.0,0.0,0.0,100000.0,100000.0,0.0,0.0,active,,specialist_veto,specialist_veto,False,NGG5@2015-01-28,2015
2015-01-05 00:00:00+00:00,2015-01-05 00:00:00+00:00,NGG5@2015-01-28,65173ffa8504650ee7aa,0.0,True,False,0.0,0.0,0.0,0.0,0.0,0.0,-0.0,-0.0,100000.0,100000.0,0.0,0.0,active,,specialist_veto,specialist_veto,False,NGG5@2015-01-28,2015
2015-01-06 00:00:00+00:00,2015-01-06 00:00:00+00:00,NGG5@2015-01-28,65173ffa8504650ee7aa,0.0,True,False,0.0,0.0,0.0,0.0,0.0,0.0,0.0,0.0,100000.0,100000.0,0.0,0.0,active,,specialist_veto,specialist_veto,False,NGG5@2015-01-28,2015
2015-01-07 00:00:00+00:00,2015-01-07 00:00:00+00:00,NGG5@2015-01-28,ea4ae59f550cedb2df26,0.0,True,False,0.0,0.0,0.0,0.0,0.0,0.0,-0.0,-0.0,100000.0,100000.0,0.0,0.0,active,,specialist_veto,specialist_veto,False,NGG5@2015-01-28,2015
2015-01-08 00:00:00+00:00,2015-01-08 00:00:00+00:00,NGG5@2015-01-28,ea4ae59f550cedb2df26,0.0,True,False,0.0,0.0,0.0,0.0,0.0,0.0,0.0,0.0,100000.0,100000.0,0.0,0.0,active,,specialist_veto,specialist_veto,False,NGG5@2015-01-28,2015
2015-01-09 00:00:00+00:00,2015-01-09 00:00:00+00:00,NGG5@2015-01-28,7698cac48ef39a088155,0.0,True,False,0.0,0.0,0.0,0.0,0.0,0.0,-0.0,-0.0,100000.0,100000.0,0.0,0.0,active,,specialist_veto,specialist_veto,False,NGG5@2015-01-28,2015
2015-01-11 00:00:00+00:00,2015-01-11 00:00:00+00:00,NGG5@2015-01-28,0ffef974b5823d18ef7c,0.0,True,False,0.0,0.0,0.0,0.0,0.0,0.0,0.0,0.0,100000.0,100000.0,0.0,0.0,active,,specialist_veto,specialist_veto,False,NGG5@2015-01-28,2015
2015-01-12 00:00:00+00:00,2015-01-12 00:00:00+00:00,NGG5@2015-01-28,40a8ecdbb71881a5c7a7,0.0,True,False,0.0,0.0,0.0,0.0,0.0,0.0,-0.0,-0.0,100000.0,100000.0,0.0,0.0,active,,specialist_veto,specialist_veto,False,NGG5@2015-01-28,2015
2015-01-13 00:00:00+00:00,2015-01-13 00:00:00+00:00,NGG5@2015-01-28,022e63cf215f8bb0e208,0.0,True,False,0.0,0.0,0.0,0.0,0.0,0.0,0.0,0.0,100000.0,100000.0,0.0,0.0,active,,specialist_veto,specialist_veto,False,NGG5@2015-01-28,2015
2015-01-14 00:00:00+00:00,2015-01-14 00:00:00+00:00,NGG5@2015-01-28,921ab001d7783d253410,0.0,True,False,0.0,0.0,0.0,0.0,0.0,0.0,0.0,0.0,100000.0,100000.0,0.0,0.0,active,,specialist_veto,specialist_veto,False,NGG5@2015-01-28,2015
2015-01-15 00:00:00+00:00,2015-01-15 00:00:00+00:00,NGG5@2015-01-28,efa2eb0d4c5ec331127c,-1.0,False,False,0.0,-1.0,-1.0,1.0,0.0,15.0,1230.000000000002,1215.000000000002,101215.0,101215.0,0.0,0.0,active,,,forecast_signal,False,NGG5@2015-01-28,2015
2015-01-16 00:00:00+00:00,2015-01-16 00:00:00+00:00,NGG5@2015-01-28,7e17ce06330aeacb49ae,1.0,False,False,-1.0,1.0,2.0,2.0,0.0,30.0,-1299.9999999999989,-1329.9999999999989,99885.0,101215.0,1330.0,0.013140344810551796,active,,,forecast_signal,False,NGG5@2015-01-28,2015
2015-01-18 00:00:00+00:00,2015-01-18 00:00:00+00:00,NGG5@2015-01-28,7e17ce06330aeacb49ae,1.0,False,False,1.0,1.0,0.0,0.0,0.0,0.0,-529.999999999999,-529.999999999999,99355.0,101215.0,530.0,0.018376722817764167,active,,,forecast_signal,False,NGG5@2015-01-28,2015
2015-01-19 00:00:00+00:00,2015-01-19 00:00:00+00:00,NGG5@2015-01-28,3966dcf1d0eea68544b9,1.0,False,False,1.0,1.0,0.0,0.0,0.0,0.0,-219.99999999999702,-219.99999999999702,99135.0,101215.0,220.0,0.020550313688682507,active,,,forecast_signal,False,NGG5@2015-01-28,2015
2015-01-20 00:00:00+00:00,2015-01-20 00:00:00+00:00,NGG5@2015-01-28,3966dcf1d0eea68544b9,1.0,False,False,1.0,1.0,0.0,0.0,0.0,0.0,-790.000000000001,-790.000000000001,98345.0,101215.0,790.0,0.02835548090698019,active,,,forecast_signal,False,NGG5@2015-01-28,2015
2015-01-21 00:00:00+00:00,2015-01-21 00:00:00+00:00,NGG5@2015-01-28,3038e495b4909eda6e10,1.0,False,False,1.0,1.0,0.0,0.0,0.0,0.0,969.9999999999991,969.9999999999991,99315.0,101215.0,0.0,0.018771921157931137,active,,,forecast_signal,False,NGG5@2015-01-28,2015
2015-01-22 00:00:00+00:00,2015-01-22 00:00:00+00:00,NGG5@2015-01-28,bb6442cc5ab4c9dedd1b,1.0,False,False,1.0,1.0,0.0,0.0,0.0,0.0,-1250.0,-1250.0,98065.0,101215.0,1250.0,0.03112186928814899,active,,,forecast_signal,False,NGG5@2015-01-28,2015
2015-01-23 00:00:00+00:00,2015-01-23 00:00:00+00:00,NGG5@2015-01-28,4f67d2c4a46702257f63,1.0,False,False,1.0,1.0,0.0,0.0,0.0,0.0,339.999999999998,339.999999999998,98405.0,101215.0,0.0,0.027762683396729732,active,,,forecast_signal,False,NGG5@2015-01-28,2015
2015-01-25 00:00:00+00:00,2015-01-25 00:00:00+00:00,NGG5@2015-01-28,4f67d2c4a46702257f63,1.0,False,False,1.0,1.0,0.0,0.0,0.0,0.0,260.000000000002,260.000000000002,98665.0,101215.0,0.0,0.02519389418564442,active,,,forecast_signal,False,NGG5@2015-01-28,2015
2015-01-26 00:00:00+00:00,2015-01-26 00:00:00+00:00,NGG5@2015-01-28,7c21deabfa587e0dd734,1.0,False,False,1.0,1.0,0.0,0.0,0.0,0.0,-240.0,-240.0,98425.0,101215.0,240.0,0.027565084226646247,active,,,forecast_signal,False,NGG5@2015-01-28,2015
2015-01-27 00:00:00+00:00,2015-01-27 00:00:00+00:00,NGG5@2015-01-28,7c21deabfa587e0dd734,1.0,False,False,1.0,1.0,0.0,0.0,0.0,0.0,169.999999999999,169.999999999999,98595.0,101215.0,0.0,0.02588549128093662,active,,,forecast_signal,False,NGH5@2015-02-25,2015
2015-01-28 00:00:00+00:00,2015-01-28 00:00:00+00:00,NGH5@2015-02-25,b9cd3b931cc0d831ad6c,1.0,False,False,1.0,1.0,0.0,2.0,2.0,30.0,40.0,10.0,98605.0,101215.0,0.0,0.025786691695894877,active,,,forecast_signal,True,NGH5@2015-02-25,2015
2015-01-29 00:00:00+00:00,2015-01-29 00:00:00+00:00,NGH5@2015-02-25,fb0e21829a5c498af7fc,1.0,False,False,1.0,1.0,0.0,0.0,0.0,0.0,-1309.999999999997,-1309.999999999997,97295.0,101215.0,1310.0,0.038729437336363186,active,,,forecast_signal,False,NGH5@2015-02-25,2015
2015-01-30 00:00:00+00:00,2015-01-30 00:00:00+00:00,NGH5@2015-02-25,fb0e21829a5c498af7fc,1.0,False,False,1.0,1.0,0.0,0.0,0.0,0.0,-609.999999999999,-609.999999999999,96685.0,101215.0,610.0,0.0447562120239095,active,,,forecast_signal,False,NGH5@2015-02-25,2015
2015-02-01 00:00:00+00:00,2015-02-01 00:00:00+00:00,NGH5@2015-02-25,3576cb66193772f83c48,1.0,False,False,1.0,1.0,0.0,0.0,0.0,0.0,249.999999999999,249.999999999999,96935.0,101215.0,0.0,0.042286222397865926,active,,,forecast_signal,False,NGH5@2015-02-25,2015
2015-02-02 00:00:00+00:00,2015-02-02 00:00:00+00:00,NGH5@2015-02-25,9ea90185e8d3f54fd37d,1.0,False,False,1.0,1.0,0.0,0.0,0.0,0.0,49.999999999997996,49.999999999997996,96985.0,101215.0,0.0,0.041792224472657215,active,,,forecast_signal,False,NGH5@2015-02-25,2015
2015-02-03 00:00:00+00:00,2015-02-03 00:00:00+00:00,NGH5@2015-02-25,9ea90185e8d3f54fd37d,1.0,False,False,1.0,1.0,0.0,0.0,0.0,0.0,659.999999999998,659.999999999998,97645.0,101215.0,0.0,0.035271451859902186,active,,,forecast_signal,False,NGH5@2015-02-25,2015
2015-02-04 00:00:00+00:00,2015-02-04 00:00:00+00:00,NGH5@2015-02-25,9c3d44808c02c40a7d23,0.0,True,False,1.0,0.0,-1.0,1.0,0.0,15.0,-0.0,-15.0,97630.0,101215.0,15.0,0.0354196512374648,active,,specialist_veto,specialist_veto,False,NGH5@2015-02-25,2015
2015-02-05 00:00:00+00:00,2015-02-05 00:00:00+00:00,NGH5@2015-02-25,1b428ae92377768851b9,-1.0,False,False,0.0,-1.0,-1.0,1.0,0.0,15.0,449.99999999999903,434.99999999999903,98065.0,101215.0,0.0,0.03112186928814899,active,,,forecast_signal,False,NGH5@2015-02-25,2015
2015-02-06 00:00:00+00:00,2015-02-06 00:00:00+00:00,NGH5@2015-02-25,2f0c4e1b4207f6d5ddf2,1.0,False,False,-1.0,1.0,2.0,2.0,0.0,30.0,369.99999999999903,339.99999999999903,98405.0,101215.0,0.0,0.027762683396729732,active,,,forecast_signal,False,NGH5@2015-02-25,2015
2015-02-08 00:00:00+00:00,2015-02-08 00:00:00+00:00,NGH5@2015-02-25,2f0c4e1b4207f6d5ddf2,1.0,False,False,1.0,1.0,0.0,0.0,0.0,0.0,-109.999999999996,-109.999999999996,98295.0,101215.0,110.0,0.028849478832188906,active,,,forecast_signal,False,NGH5@2015-02-25,2015
2015-02-09 00:00:00+00:00,2015-02-09 00:00:00+00:00,NGH5@2015-02-25,e12acf03c392aacfb8c7,1.0,False,False,1.0,1.0,0.0,0.0,0.0,0.0,-369.99999999999903,-369.99999999999903,97925.0,101215.0,370.0,0.03250506347873339,active,,,forecast_signal,False,NGH5@2015-02-25,2015
2015-02-10 00:00:00+00:00,2015-02-10 00:00:00+00:00,NGH5@2015-02-25,e12acf03c392aacfb8c7,1.0,False,False,1.0,1.0,0.0,0.0,0.0,0.0,789.9999999999969,789.9999999999969,98715.0,101215.0,0.0,0.024699896260435707,active,,,forecast_signal,False,NGH5@2015-02-25,2015
2015-02-11 00:00:00+00:00,2015-02-11 00:00:00+00:00,NGH5@2015-02-25,81a28ae4a29b3be7410c,-1.0,False,False,1.0,-1.0,-2.0,2.0,0.0,30.0,-1400.000000000001,-1430.000000000001,97285.0,101215.0,1430.0,0.03882823692140493,active,,,forecast_signal,False,NGH5@2015-02-25,2015
2015-02-12 00:00:00+00:00,2015-02-12 00:00:00+00:00,NGH5@2015-02-25,81a28ae4a29b3be7410c,-1.0,False,False,-1.0,-1.0,0.0,0.0,0.0,0.0,1129.999999999999,1129.999999999999,98415.0,101215.0,0.0,0.02766388381168799,active,,,forecast_signal,False,NGH5@2015-02-25,2015
2015-02-13 00:00:00+00:00,2015-02-13 00:00:00+00:00,NGH5@2015-02-25,d374027dbc6284bafc44,0.0,True,False,-1.0,0.0,1.0,1.0,0.0,15.0,0.0,-15.0,98400.0,101215.0,15.0,0.027812083189250606,active,,specialist_veto,specialist_veto,False,NGH5@2015-02-25,2015
2015-02-15 00:00:00+00:00,2015-02-15 00:00:00+00:00,NGH5@2015-02-25,d374027dbc6284bafc44,0.0,True,False,0.0,0.0,0.0,0.0,0.0,0.0,0.0,0.0,98400.0,101215.0,0.0,0.027812083189250606,active,,specialist_veto,specialist_veto,False,NGH5@2015-02-25,2015
2015-02-16 00:00:00+00:00,2015-02-16 00:00:00+00:00,NGH5@2015-02-25,2a9d0cea0f23ebfbd84b,-1.0,False,False,0.0,-1.0,-1.0,1.0,0.0,15.0,-209.999999999999,-224.999999999999,98175.0,101215.0,225.0,0.030035073852689817,active,,,forecast_signal,False,NGH5@2015-02-25,2015
2015-02-17 00:00:00+00:00,2015-02-17 00:00:00+00:00,NGH5@2015-02-25,2a9d0cea0f23ebfbd84b,-1.0,False,False,-1.0,-1.0,0.0,0.0,0.0,0.0,649.9999999999991,649.9999999999991,98825.0,101215.0,0.0,0.023613100824976536,active,,,forecast_signal,False,NGH5@2015-02-25,2015
2015-02-18 00:00:00+00:00,2015-02-18 00:00:00+00:00,NGH5@2015-02-25,80e12ebcc0756ec669a0,0.0,True,False,-1.0,0.0,1.0,1.0,0.0,15.0,0.0,-15.0,98810.0,101215.0,15.0,0.023761300202539148,active,,specialist_veto,specialist_veto,False,NGH5@2015-02-25,2015
2015-02-19 00:00:00+00:00,2015-02-19 00:00:00+00:00,NGH5@2015-02-25,cad8cfa4c3cca4f85c0f,-1.0,False,False,0.0,-1.0,-1.0,1.0,0.0,15.0,-19.999999999996998,-34.999999999997,98775.0,101215.0,35.0,0.024107098750185248,active,,,forecast_signal,False,NGH5@2015-02-25,2015
2015-02-20 00:00:00+00:00,2015-02-20 00:00:00+00:00,NGH5@2015-02-25,36db2ac55237cfd4cc7f,1.0,False,False,-1.0,1.0,2.0,2.0,0.0,30.0,1470.000000000002,1440.000000000002,100215.0,101215.0,0.0,0.009879958504174282,active,,,forecast_signal,False,NGH5@2015-02-25,2015
2015-02-22 00:00:00+00:00,2015-02-22 00:00:00+00:00,NGH5@2015-02-25,36db2ac55237cfd4cc7f,1.0,False,False,1.0,1.0,0.0,0.0,0.0,0.0,299.999999999998,299.999999999998,100515.0,101215.0,0.0,0.006915970952921998,active,,,forecast_signal,False,NGH5@2015-02-25,2015
2015-02-23 00:00:00+00:00,2015-02-23 00:00:00+00:00,NGH5@2015-02-25,9dc078a9a2145c1df46a,-1.0,False,False,1.0,-1.0,-2.0,2.0,0.0,30.0,1080.000000000001,1050.000000000001,101565.0,101565.0,0.0,0.0,active,,,forecast_signal,False,NGJ5@2015-03-27,2015
2015-02-24 00:00:00+00:00,2015-02-24 00:00:00+00:00,NGJ5@2015-03-27,c5acfc711cddf1bd8e5a,1.0,False,False,-1.0,1.0,2.0,2.0,2.0,30.0,109.999999999996,79.999999999996,101645.0,101645.0,0.0,0.0,active,,,forecast_signal,True,NGJ5@2015-03-27,2015
2015-02-25 00:00:00+00:00,2015-02-25 00:00:00+00:00,NGJ5@2015-03-27,c5acfc711cddf1bd8e5a,1.0,False,False,1.0,1.0,0.0,0.0,0.0,0.0,-289.99999999999903,-289.99999999999903,101355.0,101645.0,290.0,0.0028530670470756064,active,,,forecast_signal,False,NGJ5@2015-03-27,2015
2015-02-26 00:00:00+00:00,2015-02-26 00:00:00+00:00,NGJ5@2015-03-27,01ff526c94697e22ccf4,-1.0,False,False,1.0,-1.0,-2.0,2.0,0.0,30.0,1799.9999999999968,1769.9999999999968,103125.0,103125.0,0.0,0.0,active,,,forecast_signal,False,NGJ5@2015-03-27,2015
2015-02-27 00:00:00+00:00,2015-02-27 00:00:00+00:00,NGJ5@2015-03-27,4bd2031aff47ef02ec66,1.0,False,False,-1.0,1.0,2.0,2.0,0.0,30.0,-50.000000000003006,-80.00000000000301,103045.0,103125.0,80.0,0.0007757575757575758,active,,,forecast_signal,False,NGJ5@2015-03-27,2015
2015-03-01 00:00:00+00:00,2015-03-01 00:00:00+00:00,NGJ5@2015-03-27,4bd2031aff47ef02ec66,1.0,False,False,1.0,1.0,0.0,0.0,0.0,0.0,280.0,280.0,103325.0,103325.0,0.0,0.0,active,,,forecast_signal,False,NGJ5@2015-03-27,2015
2015-03-02 00:00:00+00:00,2015-03-02 00:00:00+00:00,NGJ5@2015-03-27,9f5a1f4c6d0e79cd05d5,-1.0,False,False,1.0,-1.0,-2.0,2.0,0.0,30.0,589.9999999999969,559.9999999999969,103885.0,103885.0,0.0,0.0,active,,,forecast_signal,False,NGJ5@2015-03-27,2015
2015-03-03 00:00:00+00:00,2015-03-03 00:00:00+00:00,NGJ5@2015-03-27,9f5a1f4c6d0e79cd05d5,-1.0,False,False,-1.0,-1.0,0.0,0.0,0.0,0.0,-569.999999999999,-569.999999999999,103315.0,103885.0,570.0,0.005486836405640853,active,,,forecast_signal,False,NGJ5@2015-03-27,2015
2015-03-04 00:00:00+00:00,2015-03-04 00:00:00+00:00,NGJ5@2015-03-27,c30e8e77d25f306329af,-1.0,False,False,-1.0,-1.0,0.0,0.0,0.0,0.0,-729.999999999999,-729.999999999999,102585.0,103885.0,730.0,0.012513837416373874,active,,,forecast_signal,False,NGJ5@2015-03-27,2015
2015-03-05 00:00:00+00:00,2015-03-05 00:00:00+00:00,NGJ5@2015-03-27,32f85838dad1a1de0e1f,-1.0,False,False,-1.0,-1.0,0.0,0.0,0.0,0.0,-350.000000000001,-350.000000000001,102235.0,103885.0,350.0,0.015882947490012993,active,,,forecast_signal,False,NGJ5@2015-03-27,2015
2015-03-06 00:00:00+00:00,2015-03-06 00:00:00+00:00,NGJ5@2015-03-27,32f85838dad1a1de0e1f,-1.0,False,False,-1.0,-1.0,0.0,0.0,0.0,0.0,500.000000000002,500.000000000002,102735.0,103885.0,0.0,0.011069933099099967,active,,,forecast_signal,False,NGJ5@2015-03-27,2015
2015-03-08 00:00:00+00:00,2015-03-08 00:00:00+00:00,NGJ5@2015-03-27,48da95b15c37ad0dc9e8,-1.0,False,False,-1.0,-1.0,0.0,0.0,0.0,0.0,150.000000000001,150.000000000001,102885.0,103885.0,0.0,0.009626028781826057,active,,,forecast_signal,False,NGJ5@2015-03-27,2015
2015-03-09 00:00:00+00:00,2015-03-09 00:00:00+00:00,NGJ5@2015-03-27,7179c1bb5429dd084fb4,0.0,True,False,-1.0,0.0,1.0,1.0,0.0,15.0,-0.0,-15.0,102870.0,103885.0,15.0,0.009770419213553448,active,,specialist_veto,specialist_veto,False,NGJ5@2015-03-27,2015
2015-03-10 00:00:00+00:00,2015-03-10 00:00:00+00:00,NGJ5@2015-03-27,7179c1bb5429dd084fb4,0.0,True,False,0.0,0.0,0.0,0.0,0.0,0.0,0.0,0.0,102870.0,103885.0,0.0,0.009770419213553448,active,,specialist_veto,specialist_veto,False,NGJ5@2015-03-27,2015
2015-03-11 00:00:00+00:00,2015-03-11 00:00:00+00:00,NGJ5@2015-03-27,68b6e34fffede44041d3,0.0,True,False,0.0,0.0,0.0,0.0,0.0,0.0,0.0,0.0,102870.0,103885.0,0.0,0.009770419213553448,active,,predicted_gross_pnl_not_above_round_trip_cost,predicted_gross_pnl_not_above_round_trip_cost,False,NGJ5@2015-03-27,2015
2015-03-12 00:00:00+00:00,2015-03-12 00:00:00+00:00,NGJ5@2015-03-27,f9905f7b0d847bc14fe0,1.0,False,False,0.0,1.0,1.0,1.0,0.0,15.0,-710.000000000001,-725.000000000001,102145.0,103885.0,725.0,0.01674929008037734,active,,,forecast_signal,False,NGJ5@2015-03-27,2015
2015-03-13 00:00:00+00:00,2015-03-13 00:00:00+00:00,NGJ5@2015-03-27,f62871fa324860ba0252,0.0,True,False,1.0,0.0,-1.0,1.0,0.0,15.0,-0.0,-15.0,102130.0,103885.0,15.0,0.01689368051210473,active,,predicted_gross_pnl_not_above_round_trip_cost,predicted_gross_pnl_not_above_round_trip_cost,False,NGJ5@2015-03-27,2015
2015-03-15 00:00:00+00:00,2015-03-15 00:00:00+00:00,NGJ5@2015-03-27,f62871fa324860ba0252,0.0,True,False,0.0,0.0,0.0,0.0,0.0,0.0,-0.0,-0.0,102130.0,103885.0,0.0,0.01689368051210473,active,,predicted_gross_pnl_not_above_round_trip_cost,predicted_gross_pnl_not_above_round_trip_cost,False,NGJ5@2015-03-27,2015
2015-03-16 00:00:00+00:00,2015-03-16 00:00:00+00:00,NGJ5@2015-03-27,0900f673b2c45f807a6c,0.0,True,False,0.0,0.0,0.0,0.0,0.0,0.0,0.0,0.0,102130.0,103885.0,0.0,0.01689368051210473,active,,predicted_gross_pnl_not_above_round_trip_cost,predicted_gross_pnl_not_above_round_trip_cost,False,NGJ5@2015-03-27,2015
2015-03-17 00:00:00+00:00,2015-03-17 00:00:00+00:00,NGJ5@2015-03-27,282bb8bfe738a934d54b,0.0,True,False,0.0,0.0,0.0,0.0,0.0,0.0,0.0,0.0,102130.0,103885.0,0.0,0.01689368051210473,active,,predicted_gross_pnl_not_above_round_trip_cost,predicted_gross_pnl_not_above_round_trip_cost,False,NGJ5@2015-03-27,2015
2015-03-18 00:00:00+00:00,2015-03-18 00:00:00+00:00,NGJ5@2015-03-27,81ea04366b2e2273af1d,-1.0,False,False,0.0,-1.0,-1.0,1.0,0.0,15.0,-669.9999999999969,-684.9999999999969,101445.0,103885.0,685.0,0.02348751022765558,active,,,forecast_signal,False,NGJ5@2015-03-27,2015
2015-03-19 00:00:00+00:00,2015-03-19 00:00:00+00:00,NGJ5@2015-03-27,66652c49c09186154bb5,-1.0,False,False,-1.0,-1.0,0.0,0.0,0.0,0.0,839.999999999996,839.999999999996,102285.0,103885.0,0.0,0.015401646050921692,active,,,forecast_signal,False,NGJ5@2015-03-27,2015
2015-03-20 00:00:00+00:00,2015-03-20 00:00:00+00:00,NGJ5@2015-03-27,774449b70905a26e2bfe,0.0,True,False,-1.0,0.0,1.0,1.0,0.0,15.0,-0.0,-15.0,102270.0,103885.0,15.0,0.015546036482649083,active,,predicted_gross_pnl_not_above_round_trip_cost,predicted_gross_pnl_not_above_round_trip_cost,False,NGJ5@2015-03-27,2015
2015-03-22 00:00:00+00:00,2015-03-22 00:00:00+00:00,NGJ5@2015-03-27,774449b70905a26e2bfe,0.0,True,False,0.0,0.0,0.0,0.0,0.0,0.0,-0.0,-0.0,102270.0,103885.0,0.0,0.015546036482649083,active,,predicted_gross_pnl_not_above_round_trip_cost,predicted_gross_pnl_not_above_round_trip_cost,False,NGJ5@2015-03-27,2015
2015-03-23 00:00:00+00:00,2015-03-23 00:00:00+00:00,NGJ5@2015-03-27,8df70db4c9fae4c7e831,-1.0,False,False,0.0,-1.0,-1.0,1.0,0.0,15.0,-120.0,-135.0,102135.0,103885.0,135.0,0.0168455503681956,active,,,forecast_signal,False,NGJ5@2015-03-27,2015
2015-03-24 00:00:00+00:00,2015-03-24 00:00:00+00:00,NGJ5@2015-03-27,e30686775fb875902da9,0.0,True,False,-1.0,0.0,1.0,1.0,0.0,15.0,0.0,-15.0,102120.0,103885.0,15.0,0.01698994079992299,active,,specialist_veto,specialist_veto,False,NGK5@2015-04-28,2015
2015-03-25 00:00:00+00:00,2015-03-25 00:00:00+00:00,NGK5@2015-04-28,fdc24d08419a430f603d,-1.0,False,False,0.0,-1.0,-1.0,1.0,0.0,15.0,579.9999999999981,564.9999999999981,102685.0,103885.0,0.0,0.01155123453819127,active,,,forecast_signal,False,NGK5@2015-04-28,2015
2015-03-26 00:00:00+00:00,2015-03-26 00:00:00+00:00,NGK5@2015-04-28,c9a4b4727388c16fc631,0.0,True,False,-1.0,0.0,1.0,1.0,0.0,15.0,-0.0,-15.0,102670.0,103885.0,15.0,0.01169562496991866,active,,specialist_veto,specialist_veto,False,NGK5@2015-04-28,2015
2015-03-27 00:00:00+00:00,2015-03-27 00:00:00+00:00,NGK5@2015-04-28,8cfdc158fb3da7e2bb9d,0.0,True,False,0.0,0.0,0.0,0.0,0.0,0.0,-0.0,-0.0,102670.0,103885.0,0.0,0.01169562496991866,active,,specialist_veto,specialist_veto,False,NGK5@2015-04-28,2015
2015-03-29 00:00:00+00:00,2015-03-29 00:00:00+00:00,NGK5@2015-04-28,8cfdc158fb3da7e2bb9d,0.0,True,False,0.0,0.0,0.0,0.0,0.0,0.0,0.0,0.0,102670.0,103885.0,0.0,0.01169562496991866,active,,specialist_veto,specialist_veto,False,NGK5@2015-04-28,2015
2015-03-30 00:00:00+00:00,2015-03-30 00:00:00+00:00,NGK5@2015-04-28,36d022f7f9e57af688a7,0.0,True,False,0.0,0.0,0.0,0.0,0.0,0.0,0.0,0.0,102670.0,103885.0,0.0,0.01169562496991866,active,,specialist_veto,specialist_veto,False,NGK5@2015-04-28,2015
2015-03-31 00:00:00+00:00,2015-03-31 00:00:00+00:00,NGK5@2015-04-28,13a94f396c74dc945ed6,0.0,True,False,0.0,0.0,0.0,0.0,0.0,0.0,-0.0,-0.0,102670.0,103885.0,0.0,0.01169562496991866,active,,specialist_veto,specialist_veto,False,NGK5@2015-04-28,2015
2015-04-01 00:00:00+00:00,2015-04-01 00:00:00+00:00,NGK5@2015-04-28,13a94f396c74dc945ed6,0.0,True,False,0.0,0.0,0.0,0.0,0.0,0.0,-0.0,-0.0,102670.0,103885.0,0.0,0.01169562496991866,active,,specialist_veto,specialist_veto,False,NGK5@2015-04-28,2015
2015-04-02 00:00:00+00:00,2015-04-02 00:00:00+00:00,NGK5@2015-04-28,e294238a1c8c74a76f2c,0.0,True,False,0.0,0.0,0.0,0.0,0.0,0.0,0.0,0.0,102670.0,103885.0,0.0,0.01169562496991866,active,,specialist_veto,specialist_veto,False,NGK5@2015-04-28,2015
2015-04-05 00:00:00+00:00,2015-04-05 00:00:00+00:00,NGK5@2015-04-28,4ef2ce61241507f0fe74,-1.0,False,False,0.0,-1.0,-1.0,1.0,0.0,15.0,-110.000000000001,-125.000000000001,102545.0,103885.0,125.0,0.012898878567646918,active,,,forecast_signal,False,NGK5@2015-04-28,2015
2015-04-06 00:00:00+00:00,2015-04-06 00:00:00+00:00,NGK5@2015-04-28,4ef2ce61241507f0fe74,-1.0,False,False,-1.0,-1.0,0.0,0.0,0.0,0.0,350.000000000001,350.000000000001,102895.0,103885.0,0.0,0.009529768494007797,active,,,forecast_signal,False,NGK5@2015-04-28,2015
2015-04-07 00:00:00+00:00,2015-04-07 00:00:00+00:00,NGK5@2015-04-28,ee6228205062690b045d,0.0,True,False,-1.0,0.0,1.0,1.0,0.0,15.0,0.0,-15.0,102880.0,103885.0,15.0,0.009674158925735189,active,,specialist_veto,specialist_veto,False,NGK5@2015-04-28,2015
2015-04-08 00:00:00+00:00,2015-04-08 00:00:00+00:00,NGK5@2015-04-28,47b30d672e57ab7282c0,0.0,True,False,0.0,0.0,0.0,0.0,0.0,0.0,-0.0,-0.0,102880.0,103885.0,0.0,0.009674158925735189,active,,specialist_veto,specialist_veto,False,NGK5@2015-04-28,2015
2015-04-09 00:00:00+00:00,2015-04-09 00:00:00+00:00,NGK5@2015-04-28,a3e38d4f5969f4fcd15c,0.0,True,False,0.0,0.0,0.0,0.0,0.0,0.0,-0.0,-0.0,102880.0,103885.0,0.0,0.009674158925735189,active,,predicted_gross_pnl_not_above_round_trip_cost,predicted_gross_pnl_not_above_round_trip_cost,False,NGK5@2015-04-28,2015
2015-04-10 00:00:00+00:00,2015-04-10 00:00:00+00:00,NGK5@2015-04-28,a953e34786eb86fa7da3,0.0,True,False,0.0,0.0,0.0,0.0,0.0,0.0,-0.0,-0.0,102880.0,103885.0,0.0,0.009674158925735189,active,,predicted_gross_pnl_not_above_round_trip_cost,predicted_gross_pnl_not_above_round_trip_cost,False,NGK5@2015-04-28,2015
2015-04-12 00:00:00+00:00,2015-04-12 00:00:00+00:00,NGK5@2015-04-28,a953e34786eb86fa7da3,0.0,True,False,0.0,0.0,0.0,0.0,0.0,0.0,-0.0,-0.0,102880.0,103885.0,0.0,0.009674158925735189,active,,predicted_gross_pnl_not_above_round_trip_cost,predicted_gross_pnl_not_above_round_trip_cost,False,NGK5@2015-04-28,2015
2015-04-13 00:00:00+00:00,2015-04-13 00:00:00+00:00,NGK5@2015-04-28,4f011ee6f19109f4802a,1.0,False,False,0.0,1.0,1.0,1.0,0.0,15.0,309.999999999996,294.999999999996,103175.0,103885.0,0.0,0.006834480435096501,active,,,forecast_signal,False,NGK5@2015-04-28,2015
2015-04-14 00:00:00+00:00,2015-04-14 00:00:00+00:00,NGK5@2015-04-28,aaace96ce7d6f79288d6,1.0,False,False,1.0,1.0,0.0,0.0,0.0,0.0,160.0,160.0,103335.0,103885.0,0.0,0.005294315830004332,active,,,forecast_signal,False,NGK5@2015-04-28,2015
2015-04-15 00:00:00+00:00,2015-04-15 00:00:00+00:00,NGK5@2015-04-28,0362947c084807f5a298,0.0,True,False,1.0,0.0,-1.0,1.0,0.0,15.0,0.0,-15.0,103320.0,103885.0,15.0,0.005438706261731723,active,,predicted_gross_pnl_not_above_round_trip_cost,predicted_gross_pnl_not_above_round_trip_cost,False,NGK5@2015-04-28,2015
2015-04-16 00:00:00+00:00,2015-04-16 00:00:00+00:00,NGK5@2015-04-28,e071e6f7b2687345859e,1.0,False,False,0.0,1.0,1.0,1.0,0.0,15.0,880.0,865.0,104185.0,104185.0,0.0,0.0,active,,,forecast_signal,False,NGK5@2015-04-28,2015
2015-04-17 00:00:00+00:00,2015-04-17 00:00:00+00:00,NGK5@2015-04-28,20943f505bda2810e36b,1.0,False,False,1.0,1.0,0.0,0.0,0.0,0.0,-939.9999999999981,-939.9999999999981,103245.0,104185.0,940.0,0.009022412055478235,active,,,forecast_signal,False,NGK5@2015-04-28,2015
2015-04-19 00:00:00+00:00,2015-04-19 00:00:00+00:00,NGK5@2015-04-28,20943f505bda2810e36b,1.0,False,False,1.0,1.0,0.0,0.0,0.0,0.0,-60.000000000002,-60.000000000002,103185.0,104185.0,60.0,0.009598310697317272,active,,,forecast_signal,False,NGK5@2015-04-28,2015
2015-04-20 00:00:00+00:00,2015-04-20 00:00:00+00:00,NGK5@2015-04-28,d36baf880cfc717cff5d,1.0,False,False,1.0,1.0,0.0,0.0,0.0,0.0,-419.999999999998,-419.999999999998,102765.0,104185.0,420.0,0.013629601190190526,active,,,forecast_signal,False,NGK5@2015-04-28,2015
2015-04-21 00:00:00+00:00,2015-04-21 00:00:00+00:00,NGK5@2015-04-28,29c338e85ae58ba3d532,1.0,False,False,1.0,1.0,0.0,0.0,0.0,0.0,270.000000000001,270.000000000001,103035.0,104185.0,0.0,0.011038057301914863,active,,,forecast_signal,False,NGK5@2015-04-28,2015
2015-04-22 00:00:00+00:00,2015-04-22 00:00:00+00:00,NGK5@2015-04-28,ae3d7dae3efa29bbf282,1.0,False,False,1.0,1.0,0.0,0.0,0.0,0.0,259.999999999998,259.999999999998,103295.0,104185.0,0.0,0.008542496520612373,active,,,forecast_signal,False,NGK5@2015-04-28,2015
2015-04-23 00:00:00+00:00,2015-04-23 00:00:00+00:00,NGK5@2015-04-28,f764042451553b39c679,1.0,False,False,1.0,1.0,0.0,0.0,0.0,0.0,-529.999999999999,-529.999999999999,102765.0,104185.0,530.0,0.013629601190190526,active,,,forecast_signal,False,NGK5@2015-04-28,2015
2015-04-24 00:00:00+00:00,2015-04-24 00:00:00+00:00,NGK5@2015-04-28,7116eb8272b440fdcf61,1.0,False,False,1.0,1.0,0.0,0.0,0.0,0.0,-720.0,-720.0,102045.0,104185.0,720.0,0.020540384892258963,active,,,forecast_signal,False,NGK5@2015-04-28,2015
2015-04-26 00:00:00+00:00,2015-04-26 00:00:00+00:00,NGK5@2015-04-28,7116eb8272b440fdcf61,1.0,False,False,1.0,1.0,0.0,0.0,0.0,0.0,20.000000000002,20.000000000002,102065.0,104185.0,0.0,0.020348418678312618,active,,,forecast_signal,False,NGK5@2015-04-28,2015
2015-04-27 00:00:00+00:00,2015-04-27 00:00:00+00:00,NGK5@2015-04-28,40be074a871b6ee00214,1.0,False,False,1.0,1.0,0.0,0.0,0.0,0.0,69.999999999996,69.999999999996,102135.0,104185.0,0.0,0.01967653692950041,active,,,forecast_signal,False,NGM5@2015-05-27,2015
2015-04-28 00:00:00+00:00,2015-04-28 00:00:00+00:00,NGM5@2015-05-27,744f05a32362185817a3,1.0,False,False,1.0,1.0,0.0,2.0,2.0,30.0,169.999999999999,139.999999999999,102275.0,104185.0,0.0,0.01833277343187599,active,,,forecast_signal,True,NGM5@2015-05-27,2015
2015-04-29 00:00:00+00:00,2015-04-29 00:00:00+00:00,NGM5@2015-05-27,fadae9ea70958e500ca9,0.0,True,False,1.0,0.0,-1.0,1.0,0.0,15.0,0.0,-15.0,102260.0,104185.0,15.0,0.018476748092335748,active,,specialist_veto,specialist_veto,False,NGM5@2015-05-27,2015
2015-04-30 00:00:00+00:00,2015-04-30 00:00:00+00:00,NGM5@2015-05-27,d884654c62303c41076c,-1.0,False,False,0.0,-1.0,-1.0,1.0,0.0,15.0,-1360.000000000001,-1375.000000000001,100885.0,104185.0,1375.0,0.031674425301146995,active,,,forecast_signal,False,NGM5@2015-05-27,2015
2015-05-01 00:00:00+00:00,2015-05-01 00:00:00+00:00,NGM5@2015-05-27,f1b84bf192ee974f70ec,-1.0,False,False,-1.0,-1.0,0.0,0.0,0.0,0.0,-80.0,-80.0,100805.0,104185.0,80.0,0.03244229015693238,active,,,forecast_signal,False,NGM5@2015-05-27,2015
2015-05-03 00:00:00+00:00,2015-05-03 00:00:00+00:00,NGM5@2015-05-27,f1b84bf192ee974f70ec,-1.0,False,False,-1.0,-1.0,0.0,0.0,0.0,0.0,-280.0,-280.0,100525.0,104185.0,280.0,0.03512981715218121,active,,,forecast_signal,False,NGM5@2015-05-27,2015
2015-05-04 00:00:00+00:00,2015-05-04 00:00:00+00:00,NGM5@2015-05-27,45947e019e0ac3adeb5c,-1.0,False,False,-1.0,-1.0,0.0,0.0,0.0,0.0,-430.000000000001,-430.000000000001,100095.0,104185.0,430.0,0.03925709075202764,active,,,forecast_signal,False,NGM5@2015-05-27,2015
2015-05-05 00:00:00+00:00,2015-05-05 00:00:00+00:00,NGM5@2015-05-27,eb8bd86b14ff40b97f7b,-1.0,False,False,-1.0,-1.0,0.0,0.0,0.0,0.0,200.0,200.0,100295.0,104185.0,0.0,0.037337428612564186,active,,,forecast_signal,False,NGM5@2015-05-27,2015
2015-05-06 00:00:00+00:00,2015-05-06 00:00:00+00:00,NGM5@2015-05-27,5dfc8e5b73c618d9919b,-1.0,False,False,-1.0,-1.0,0.0,0.0,0.0,0.0,220.000000000002,220.000000000002,100515.0,104185.0,0.0,0.03522580025915439,active,,,forecast_signal,False,NGM5@2015-05-27,2015
2015-05-07 00:00:00+00:00,2015-05-07 00:00:00+00:00,NGM5@2015-05-27,0e662d39848837fc2ee6,-1.0,False,False,-1.0,-1.0,0.0,0.0,0.0,0.0,320.0,320.0,100835.0,104185.0,0.0,0.03215434083601286,active,,,forecast_signal,False,NGM5@2015-05-27,2015
2015-05-08 00:00:00+00:00,2015-05-08 00:00:00+00:00,NGM5@2015-05-27,6d6b539cdbb63bb409d2,0.0,True,False,-1.0,0.0,1.0,1.0,0.0,15.0,0.0,-15.0,100820.0,104185.0,15.0,0.03229831549647262,active,,specialist_veto,specialist_veto,False,NGM5@2015-05-27,2015
2015-05-10 00:00:00+00:00,2015-05-10 00:00:00+00:00,NGM5@2015-05-27,6d6b539cdbb63bb409d2,0.0,True,False,0.0,0.0,0.0,0.0,0.0,0.0,-0.0,-0.0,100820.0,104185.0,0.0,0.03229831549647262,active,,specialist_veto,specialist_veto,False,NGM5@2015-05-27,2015
2015-05-11 00:00:00+00:00,2015-05-11 00:00:00+00:00,NGM5@2015-05-27,50a831186ffeded68699,0.0,True,False,0.0,0.0,0.0,0.0,0.0,0.0,-0.0,-0.0,100820.0,104185.0,0.0,0.03229831549647262,active,,predicted_gross_pnl_not_above_round_trip_cost,predicted_gross_pnl_not_above_round_trip_cost,False,NGM5@2015-05-27,2015
2015-05-12 00:00:00+00:00,2015-05-12 00:00:00+00:00,NGM5@2015-05-27,fd98cf26ee743c9703e1,0.0,True,False,0.0,0.0,0.0,0.0,0.0,0.0,0.0,0.0,100820.0,104185.0,0.0,0.03229831549647262,active,,specialist_veto,specialist_veto,False,NGM5@2015-05-27,2015
2015-05-13 00:00:00+00:00,2015-05-13 00:00:00+00:00,NGM5@2015-05-27,63790eb82871bed00198,1.0,False,False,0.0,1.0,1.0,1.0,0.0,15.0,460.000000000002,445.000000000002,101265.0,104185.0,0.0,0.028027067236166436,active,,,forecast_signal,False,NGM5@2015-05-27,2015
2015-05-14 00:00:00+00:00,2015-05-14 00:00:00+00:00,NGM5@2015-05-27,9b7df1fcaefd3cc2de3f,-1.0,False,False,1.0,-1.0,-2.0,2.0,0.0,30.0,-639.999999999996,-669.999999999996,100595.0,104185.0,670.0,0.03445793540336901,active,,,forecast_signal,False,NGM5@2015-05-27,2015
2015-05-15 00:00:00+00:00,2015-05-15 00:00:00+00:00,NGM5@2015-05-27,c1788c67649202449313,-1.0,False,False,-1.0,-1.0,0.0,0.0,0.0,0.0,229.999999999996,229.999999999996,100825.0,104185.0,0.0,0.032250323942986034,active,,,forecast_signal,False,NGM5@2015-05-27,2015
2015-05-17 00:00:00+00:00,2015-05-17 00:00:00+00:00,NGM5@2015-05-27,c1788c67649202449313,-1.0,False,False,-1.0,-1.0,0.0,0.0,0.0,0.0,-349.999999999997,-349.999999999997,100475.0,104185.0,350.0,0.03560973268704708,active,,,forecast_signal,False,NGM5@2015-05-27,2015
2015-05-18 00:00:00+00:00,2015-05-18 00:00:00+00:00,NGM5@2015-05-27,3c745f9fb9ed01b68256,0.0,True,False,-1.0,0.0,1.0,1.0,0.0,15.0,-0.0,-15.0,100460.0,104185.0,15.0,0.03575370734750684,active,,specialist_veto,specialist_veto,False,NGM5@2015-05-27,2015
2015-05-19 00:00:00+00:00,2015-05-19 00:00:00+00:00,NGM5@2015-05-27,6242550570e1adc8a49f,0.0,True,False,0.0,0.0,0.0,0.0,0.0,0.0,-0.0,-0.0,100460.0,104185.0,0.0,0.03575370734750684,active,,specialist_veto,specialist_veto,False,NGM5@2015-05-27,2015
2015-05-20 00:00:00+00:00,2015-05-20 00:00:00+00:00,NGM5@2015-05-27,12d7c2d91716ddb2351a,0.0,True,False,0.0,0.0,0.0,0.0,0.0,0.0,-0.0,-0.0,100460.0,104185.0,0.0,0.03575370734750684,active,,specialist_veto,specialist_veto,False,NGM5@2015-05-27,2015
2015-05-21 00:00:00+00:00,2015-05-21 00:00:00+00:00,NGM5@2015-05-27,3f386a3836f1cfc7866a,0.0,True,False,0.0,0.0,0.0,0.0,0.0,0.0,0.0,0.0,100460.0,104185.0,0.0,0.03575370734750684,active,,specialist_veto,specialist_veto,False,NGM5@2015-05-27,2015
2015-05-22 00:00:00+00:00,2015-05-22 00:00:00+00:00,NGM5@2015-05-27,2cc8ef0dbc862acd9371,0.0,True,False,0.0,0.0,0.0,0.0,0.0,0.0,-0.0,-0.0,100460.0,104185.0,0.0,0.03575370734750684,active,,specialist_veto,specialist_veto,False,NGM5@2015-05-27,2015
2015-05-24 00:00:00+00:00,2015-05-24 00:00:00+00:00,NGM5@2015-05-27,2cc8ef0dbc862acd9371,0.0,True,False,0.0,0.0,0.0,0.0,0.0,0.0,-0.0,-0.0,100460.0,104185.0,0.0,0.03575370734750684,active,,specialist_veto,specialist_veto,False,NGM5@2015-05-27,2015
2015-05-25 00:00:00+00:00,2015-05-25 00:00:00+00:00,NGM5@2015-05-27,f3df83b87b802de1a765,0.0,True,False,0.0,0.0,0.0,0.0,0.0,0.0,0.0,0.0,100460.0,104185.0,0.0,0.03575370734750684,active,,specialist_veto,specialist_veto,False,NGM5@2015-05-27,2015
2015-05-26 00:00:00+00:00,2015-05-26 00:00:00+00:00,NGM5@2015-05-27,f3df83b87b802de1a765,0.0,True,False,0.0,0.0,0.0,0.0,0.0,0.0,-0.0,-0.0,100460.0,104185.0,0.0,0.03575370734750684,active,,specialist_veto,specialist_veto,False,NGN5@2015-06-26,2015
2015-05-27 00:00:00+00:00,2015-05-27 00:00:00+00:00,NGN5@2015-06-26,7e8f3fd7e3eac09c371f,0.0,True,False,0.0,0.0,0.0,0.0,0.0,0.0,-0.0,-0.0,100460.0,104185.0,0.0,0.03575370734750684,active,,specialist_veto,specialist_veto,False,NGN5@2015-06-26,2015
2015-05-28 00:00:00+00:00,2015-05-28 00:00:00+00:00,NGN5@2015-06-26,7ebba811fbadf599690b,0.0,True,False,0.0,0.0,0.0,0.0,0.0,0.0,-0.0,-0.0,100460.0,104185.0,0.0,0.03575370734750684,active,,specialist_veto,specialist_veto,False,NGN5@2015-06-26,2015
2015-05-29 00:00:00+00:00,2015-05-29 00:00:00+00:00,NGN5@2015-06-26,c07282fd0f9a21c1ee3a,0.0,True,False,0.0,0.0,0.0,0.0,0.0,0.0,-0.0,-0.0,100460.0,104185.0,0.0,0.03575370734750684,active,,specialist_veto,specialist_veto,False,NGN5@2015-06-26,2015
2015-05-31 00:00:00+00:00,2015-05-31 00:00:00+00:00,NGN5@2015-06-26,c07282fd0f9a21c1ee3a,0.0,True,False,0.0,0.0,0.0,0.0,0.0,0.0,-0.0,-0.0,100460.0,104185.0,0.0,0.03575370734750684,active,,specialist_veto,specialist_veto,False,NGN5@2015-06-26,2015
2015-06-01 00:00:00+00:00,2015-06-01 00:00:00+00:00,NGN5@2015-06-26,946fde8b3f0dd57aa921,0.0,True,False,0.0,0.0,0.0,0.0,0.0,0.0,0.0,0.0,100460.0,104185.0,0.0,0.03575370734750684,active,,specialist_veto,specialist_veto,False,NGN5@2015-06-26,2015
2015-06-02 00:00:00+00:00,2015-06-02 00:00:00+00:00,NGN5@2015-06-26,44095ef898ecd0f2d72d,0.0,True,False,0.0,0.0,0.0,0.0,0.0,0.0,0.0,0.0,100460.0,104185.0,0.0,0.03575370734750684,active,,predicted_gross_pnl_not_above_round_trip_cost,predicted_gross_pnl_not_above_round_trip_cost,False,NGN5@2015-06-26,2015
2015-06-03 00:00:00+00:00,2015-06-03 00:00:00+00:00,NGN5@2015-06-26,987a5fcd60c5c07771a2,-1.0,False,False,0.0,-1.0,-1.0,1.0,0.0,15.0,600.0,585.0,101045.0,104185.0,0.0,0.030138695589576235,active,,,forecast_signal,False,NGN5@2015-06-26,2015
2015-06-04 00:00:00+00:00,2015-06-04 00:00:00+00:00,NGN5@2015-06-26,cf64f24a0bc20c5da4d6,0.0,True,False,-1.0,0.0,1.0,1.0,0.0,15.0,-0.0,-15.0,101030.0,104185.0,15.0,0.030282670250035993,active,,predicted_gross_pnl_not_above_round_trip_cost,predicted_gross_pnl_not_above_round_trip_cost,False,NGN5@2015-06-26,2015
2015-06-05 00:00:00+00:00,2015-06-05 00:00:00+00:00,NGN5@2015-06-26,be2013ab217a69d65e4b,-1.0,False,False,0.0,-1.0,-1.0,1.0,0.0,15.0,-120.0,-135.0,100895.0,104185.0,135.0,0.03157844219417383,active,,,forecast_signal,False,NGN5@2015-06-26,2015
2015-06-07 00:00:00+00:00,2015-06-07 00:00:00+00:00,NGN5@2015-06-26,be2013ab217a69d65e4b,-1.0,False,False,-1.0,-1.0,0.0,0.0,0.0,0.0,100.000000000002,100.000000000002,100995.0,104185.0,0.0,0.0306186111244421,active,,,forecast_signal,False,NGN5@2015-06-26,2015
2015-06-08 00:00:00+00:00,2015-06-08 00:00:00+00:00,NGN5@2015-06-26,4a00dbc630ec61f251a7,-1.0,False,False,-1.0,-1.0,0.0,0.0,0.0,0.0,-689.999999999999,-689.999999999999,100305.0,104185.0,690.0,0.03724144550559102,active,,,forecast_signal,False,NGN5@2015-06-26,2015
2015-06-09 00:00:00+00:00,2015-06-09 00:00:00+00:00,NGN5@2015-06-26,1ea92474423909ff8047,0.0,True,False,-1.0,0.0,1.0,1.0,0.0,15.0,0.0,-15.0,100290.0,104185.0,15.0,0.03738542016605077,active,,predicted_gross_pnl_not_above_round_trip_cost,predicted_gross_pnl_not_above_round_trip_cost,False,NGN5@2015-06-26,2015
2015-06-10 00:00:00+00:00,2015-06-10 00:00:00+00:00,NGN5@2015-06-26,c3a02c19bf8cd14b035d,1.0,False,False,0.0,1.0,1.0,1.0,0.0,15.0,649.9999999999991,634.9999999999991,100925.0,104185.0,0.0,0.031290492873254305,active,,,forecast_signal,False,NGN5@2015-06-26,2015
2015-06-11 00:00:00+00:00,2015-06-11 00:00:00+00:00,NGN5@2015-06-26,fa6b85c0e0fcb0ccc8ad,-1.0,False,False,1.0,-1.0,-2.0,2.0,0.0,30.0,829.999999999997,799.999999999997,101725.0,104185.0,0.0,0.02361184431540049,active,,,forecast_signal,False,NGN5@2015-06-26,2015
2015-06-12 00:00:00+00:00,2015-06-12 00:00:00+00:00,NGN5@2015-06-26,e9a6a11b4dd8b3e76c9a,1.0,False,False,-1.0,1.0,2.0,2.0,0.0,30.0,-489.999999999999,-519.999999999999,101205.0,104185.0,520.0,0.02860296587800547,active,,,forecast_signal,False,NGN5@2015-06-26,2015
2015-06-14 00:00:00+00:00,2015-06-14 00:00:00+00:00,NGN5@2015-06-26,e9a6a11b4dd8b3e76c9a,1.0,False,False,1.0,1.0,0.0,0.0,0.0,0.0,280.0,280.0,101485.0,104185.0,0.0,0.025915438882756634,active,,,forecast_signal,False,NGN5@2015-06-26,2015
2015-06-15 00:00:00+00:00,2015-06-15 00:00:00+00:00,NGN5@2015-06-26,4c9d650d65f85ddeb223,1.0,False,False,1.0,1.0,0.0,0.0,0.0,0.0,1159.9999999999961,1159.9999999999961,102645.0,104185.0,0.0,0.014781398473868598,active,,,forecast_signal,False,NGN5@2015-06-26,2015
2015-06-16 00:00:00+00:00,2015-06-16 00:00:00+00:00,NGN5@2015-06-26,1cf3cfb3247d3206ea20,1.0,False,False,1.0,1.0,0.0,0.0,0.0,0.0,-89.999999999998,-89.999999999998,102555.0,104185.0,90.0,0.015645246436627153,active,,,forecast_signal,False,NGN5@2015-06-26,2015
2015-06-17 00:00:00+00:00,2015-06-17 00:00:00+00:00,NGN5@2015-06-26,5e7a0baf883ed901a300,1.0,False,False,1.0,1.0,0.0,0.0,0.0,0.0,-489.999999999999,-489.999999999999,102065.0,104185.0,490.0,0.020348418678312618,active,,,forecast_signal,False,NGN5@2015-06-26,2015
2015-06-18 00:00:00+00:00,2015-06-18 00:00:00+00:00,NGN5@2015-06-26,ec596fb10e5879ae7f6f,1.0,False,False,1.0,1.0,0.0,0.0,0.0,0.0,-750.0000000000009,-750.0000000000009,101315.0,104185.0,750.0,0.027547151701300572,active,,,forecast_signal,False,NGN5@2015-06-26,2015
2015-06-19 00:00:00+00:00,2015-06-19 00:00:00+00:00,NGN5@2015-06-26,67ab4b6df87a5fe6af53,1.0,False,False,1.0,1.0,0.0,0.0,0.0,0.0,-309.999999999996,-309.999999999996,101005.0,104185.0,310.0,0.030522628017468925,active,,,forecast_signal,False,NGN5@2015-06-26,2015
2015-06-21 00:00:00+00:00,2015-06-21 00:00:00+00:00,NGN5@2015-06-26,67ab4b6df87a5fe6af53,1.0,False,False,1.0,1.0,0.0,0.0,0.0,0.0,0.0,0.0,101005.0,104185.0,0.0,0.030522628017468925,active,,,forecast_signal,False,NGN5@2015-06-26,2015
2015-06-22 00:00:00+00:00,2015-06-22 00:00:00+00:00,NGN5@2015-06-26,37b9e9c66410651ca220,1.0,False,False,1.0,1.0,0.0,0.0,0.0,0.0,-180.000000000002,-180.000000000002,100825.0,104185.0,180.0,0.032250323942986034,active,,,forecast_signal,False,NGN5@2015-06-26,2015
2015-06-23 00:00:00+00:00,2015-06-23 00:00:00+00:00,NGN5@2015-06-26,4c179746bc712de38b3b,0.0,True,False,1.0,0.0,-1.0,1.0,0.0,15.0,-0.0,-15.0,100810.0,104185.0,15.0,0.032394298603445795,active,,predicted_gross_pnl_not_above_round_trip_cost,predicted_gross_pnl_not_above_round_trip_cost,False,NGQ5@2015-07-29,2015
2015-06-24 00:00:00+00:00,2015-06-24 00:00:00+00:00,NGQ5@2015-07-29,9e836a34501b5868e0ba,1.0,False,False,0.0,1.0,1.0,1.0,0.0,15.0,379.99999999999795,364.99999999999795,101175.0,104185.0,0.0,0.02889091519892499,active,,,forecast_signal,False,NGQ5@2015-07-29,2015
2015-06-25 00:00:00+00:00,2015-06-25 00:00:00+00:00,NGQ5@2015-07-29,7e6547d2513c45764498,1.0,False,False,1.0,1.0,0.0,0.0,0.0,0.0,690.000000000004,690.000000000004,101865.0,104185.0,0.0,0.02226808081777607,active,,,forecast_signal,False,NGQ5@2015-07-29,2015
2015-06-26 00:00:00+00:00,2015-06-26 00:00:00+00:00,NGQ5@2015-07-29,19def6616718d42cceff,-1.0,False,False,1.0,-1.0,-2.0,2.0,0.0,30.0,980.000000000003,950.000000000003,102815.0,104185.0,0.0,0.013149685655324662,active,,,forecast_signal,False,NGQ5@2015-07-29,2015
2015-06-28 00:00:00+00:00,2015-06-28 00:00:00+00:00,NGQ5@2015-07-29,19def6616718d42cceff,-1.0,False,False,-1.0,-1.0,0.0,0.0,0.0,0.0,49.999999999997996,49.999999999997996,102865.0,104185.0,0.0,0.0126697701204588,active,,,forecast_signal,False,NGQ5@2015-07-29,2015
2015-06-29 00:00:00+00:00,2015-06-29 00:00:00+00:00,NGQ5@2015-07-29,2fdb243f218a13246e71,0.0,True,False,-1.0,0.0,1.0,1.0,0.0,15.0,0.0,-15.0,102850.0,104185.0,15.0,0.01281374478091856,active,,specialist_veto,specialist_veto,False,NGQ5@2015-07-29,2015
2015-06-30 00:00:00+00:00,2015-06-30 00:00:00+00:00,NGQ5@2015-07-29,38f7972a7a2ebd5351fd,0.0,True,False,0.0,0.0,0.0,0.0,0.0,0.0,0.0,0.0,102850.0,104185.0,0.0,0.01281374478091856,active,,specialist_veto,specialist_veto,False,NGQ5@2015-07-29,2015
2015-07-01 00:00:00+00:00,2015-07-01 00:00:00+00:00,NGQ5@2015-07-29,38f7972a7a2ebd5351fd,0.0,True,False,0.0,0.0,0.0,0.0,0.0,0.0,0.0,0.0,102850.0,104185.0,0.0,0.01281374478091856,active,,specialist_veto,specialist_veto,False,NGQ5@2015-07-29,2015
2015-07-02 00:00:00+00:00,2015-07-02 00:00:00+00:00,NGQ5@2015-07-29,31411197e8ce93c1d77e,-1.0,False,False,0.0,-1.0,-1.0,1.0,0.0,15.0,-390.00000000000097,-405.00000000000097,102445.0,104185.0,405.0,0.016701060613332052,active,,,forecast_signal,False,NGQ5@2015-07-29,2015
2015-07-03 00:00:00+00:00,2015-07-03 00:00:00+00:00,NGQ5@2015-07-29,47d78c6af1eb9fe3107c,0.0,True,False,-1.0,0.0,1.0,1.0,0.0,15.0,-0.0,-15.0,102430.0,104185.0,15.0,0.016845035273791813,active,,specialist_veto,specialist_veto,False,NGQ5@2015-07-29,2015
2015-07-05 00:00:00+00:00,2015-07-05 00:00:00+00:00,NGQ5@2015-07-29,47d78c6af1eb9fe3107c,0.0,True,False,0.0,0.0,0.0,0.0,0.0,0.0,0.0,0.0,102430.0,104185.0,0.0,0.016845035273791813,active,,specialist_veto,specialist_veto,False,NGQ5@2015-07-29,2015
2015-07-06 00:00:00+00:00,2015-07-06 00:00:00+00:00,NGQ5@2015-07-29,219d940111b2bc159d9b,0.0,True,False,0.0,0.0,0.0,0.0,0.0,0.0,-0.0,-0.0,102430.0,104185.0,0.0,0.016845035273791813,active,,specialist_veto,specialist_veto,False,NGQ5@2015-07-29,2015
2015-07-07 00:00:00+00:00,2015-07-07 00:00:00+00:00,NGQ5@2015-07-29,0dc2d1c51bb325779de5,0.0,True,False,0.0,0.0,0.0,0.0,0.0,0.0,-0.0,-0.0,102430.0,104185.0,0.0,0.016845035273791813,active,,specialist_veto,specialist_veto,False,NGQ5@2015-07-29,2015
2015-07-08 00:00:00+00:00,2015-07-08 00:00:00+00:00,NGQ5@2015-07-29,91c3401e19e386b8d235,0.0,True,False,0.0,0.0,0.0,0.0,0.0,0.0,-0.0,-0.0,102430.0,104185.0,0.0,0.016845035273791813,active,,specialist_veto,specialist_veto,False,NGQ5@2015-07-29,2015
2015-07-09 00:00:00+00:00,2015-07-09 00:00:00+00:00,NGQ5@2015-07-29,4d935e09ac540dd8daca,0.0,True,False,0.0,0.0,0.0,0.0,0.0,0.0,0.0,0.0,102430.0,104185.0,0.0,0.016845035273791813,active,,specialist_veto,specialist_veto,False,NGQ5@2015-07-29,2015
2015-07-10 00:00:00+00:00,2015-07-10 00:00:00+00:00,NGQ5@2015-07-29,bf5575a5f1611287d2f9,0.0,True,False,0.0,0.0,0.0,0.0,0.0,0.0,0.0,0.0,102430.0,104185.0,0.0,0.016845035273791813,active,,specialist_veto,specialist_veto,False,NGQ5@2015-07-29,2015
2015-07-12 00:00:00+00:00,2015-07-12 00:00:00+00:00,NGQ5@2015-07-29,bf5575a5f1611287d2f9,0.0,True,False,0.0,0.0,0.0,0.0,0.0,0.0,-0.0,-0.0,102430.0,104185.0,0.0,0.016845035273791813,active,,specialist_veto,specialist_veto,False,NGQ5@2015-07-29,2015
2015-07-13 00:00:00+00:00,2015-07-13 00:00:00+00:00,NGQ5@2015-07-29,c5ba9c4dc32414783128,0.0,True,False,0.0,0.0,0.0,0.0,0.0,0.0,0.0,0.0,102430.0,104185.0,0.0,0.016845035273791813,active,,specialist_veto,specialist_veto,False,NGQ5@2015-07-29,2015
2015-07-14 00:00:00+00:00,2015-07-14 00:00:00+00:00,NGQ5@2015-07-29,c7f7c0950c819a8f1b32,0.0,True,False,0.0,0.0,0.0,0.0,0.0,0.0,-0.0,-0.0,102430.0,104185.0,0.0,0.016845035273791813,active,,specialist_veto,specialist_veto,False,NGQ5@2015-07-29,2015
2015-07-15 00:00:00+00:00,2015-07-15 00:00:00+00:00,NGQ5@2015-07-29,2e222530b400a2acd633,0.0,True,False,0.0,0.0,0.0,0.0,0.0,0.0,0.0,0.0,102430.0,104185.0,0.0,0.016845035273791813,active,,specialist_veto,specialist_veto,False,NGQ5@2015-07-29,2015
2015-07-16 00:00:00+00:00,2015-07-16 00:00:00+00:00,NGQ5@2015-07-29,776321d4ddd78bdcf26c,-1.0,False,False,0.0,-1.0,-1.0,1.0,0.0,15.0,400.0,385.0,102815.0,104185.0,0.0,0.013149685655324662,active,,,forecast_signal,False,NGQ5@2015-07-29,2015
2015-07-17 00:00:00+00:00,2015-07-17 00:00:00+00:00,NGQ5@2015-07-29,0f5d103b0115934d8dbc,-1.0,False,False,-1.0,-1.0,0.0,0.0,0.0,0.0,320.0,320.0,103135.0,104185.0,0.0,0.010078226232183136,active,,,forecast_signal,False,NGQ5@2015-07-29,2015
2015-07-19 00:00:00+00:00,2015-07-19 00:00:00+00:00,NGQ5@2015-07-29,0f5d103b0115934d8dbc,-1.0,False,False,-1.0,-1.0,0.0,0.0,0.0,0.0,139.99999999999702,139.99999999999702,103275.0,104185.0,0.0,0.008734462734558718,active,,,forecast_signal,False,NGQ5@2015-07-29,2015
2015-07-20 00:00:00+00:00,2015-07-20 00:00:00+00:00,NGQ5@2015-07-29,a2cc59f832a076a6c2ec,-1.0,False,False,-1.0,-1.0,0.0,0.0,0.0,0.0,20.000000000002,20.000000000002,103295.0,104185.0,0.0,0.008542496520612373,active,,,forecast_signal,False,NGQ5@2015-07-29,2015
2015-07-21 00:00:00+00:00,2015-07-21 00:00:00+00:00,NGQ5@2015-07-29,b454acece8607797b183,0.0,True,False,-1.0,0.0,1.0,1.0,0.0,15.0,0.0,-15.0,103280.0,104185.0,15.0,0.00868647118107213,active,,specialist_veto,specialist_veto,False,NGQ5@2015-07-29,2015
2015-07-22 00:00:00+00:00,2015-07-22 00:00:00+00:00,NGQ5@2015-07-29,78ae5283a25447a86350,-1.0,False,False,0.0,-1.0,-1.0,1.0,0.0,15.0,-60.000000000002,-75.00000000000199,103205.0,104185.0,75.0,0.009406344483370927,active,,,forecast_signal,False,NGQ5@2015-07-29,2015
2015-07-23 00:00:00+00:00,2015-07-23 00:00:00+00:00,NGQ5@2015-07-29,133cbb8d2fcf09aec3a7,-1.0,False,False,-1.0,-1.0,0.0,0.0,0.0,0.0,739.9999999999981,739.9999999999981,103945.0,104185.0,0.0,0.0023035945673561455,active,,,forecast_signal,False,NGQ5@2015-07-29,2015
2015-07-24 00:00:00+00:00,2015-07-24 00:00:00+00:00,NGQ5@2015-07-29,c8aec8ecdb8c76fafcbf,-1.0,False,False,-1.0,-1.0,0.0,0.0,0.0,0.0,680.0,680.0,104625.0,104625.0,0.0,0.0,active,,,forecast_signal,False,NGQ5@2015-07-29,2015
2015-07-26 00:00:00+00:00,2015-07-26 00:00:00+00:00,NGQ5@2015-07-29,c8aec8ecdb8c76fafcbf,-1.0,False,False,-1.0,-1.0,0.0,0.0,0.0,0.0,-0.0,-0.0,104625.0,104625.0,0.0,0.0,active,,,forecast_signal,False,NGQ5@2015-07-29,2015
2015-07-27 00:00:00+00:00,2015-07-27 00:00:00+00:00,NGQ5@2015-07-29,b87d9765a1d37722259f,0.0,True,False,-1.0,0.0,1.0,1.0,0.0,15.0,0.0,-15.0,104610.0,104625.0,15.0,0.00014336917562724014,active,,specialist_veto,specialist_veto,False,NGU5@2015-08-27,2015
2015-07-28 00:00:00+00:00,2015-07-28 00:00:00+00:00,NGU5@2015-08-27,aab0c1bc00b7ccfe2cc5,0.0,True,False,0.0,0.0,0.0,0.0,0.0,0.0,0.0,0.0,104610.0,104625.0,0.0,0.00014336917562724014,active,,specialist_veto,specialist_veto,False,NGU5@2015-08-27,2015
2015-07-29 00:00:00+00:00,2015-07-29 00:00:00+00:00,NGU5@2015-08-27,f9b060bcf1c37ea15a82,0.0,True,False,0.0,0.0,0.0,0.0,0.0,0.0,0.0,0.0,104610.0,104625.0,0.0,0.00014336917562724014,active,,specialist_veto,specialist_veto,False,NGU5@2015-08-27,2015
2015-07-30 00:00:00+00:00,2015-07-30 00:00:00+00:00,NGU5@2015-08-27,2c4be3ae99df38c9c889,-1.0,False,False,0.0,-1.0,-1.0,1.0,0.0,15.0,859.999999999998,844.999999999998,105455.0,105455.0,0.0,0.0,active,,,forecast_signal,False,NGU5@2015-08-27,2015
2015-07-31 00:00:00+00:00,2015-07-31 00:00:00+00:00,NGU5@2015-08-27,07090062a3371e0a6f8a,0.0,True,False,-1.0,0.0,1.0,1.0,0.0,15.0,-0.0,-15.0,105440.0,105455.0,15.0,0.00014224076620359395,active,,specialist_veto,specialist_veto,False,NGU5@2015-08-27,2015
2015-08-02 00:00:00+00:00,2015-08-02 00:00:00+00:00,NGU5@2015-08-27,07090062a3371e0a6f8a,0.0,True,False,0.0,0.0,0.0,0.0,0.0,0.0,0.0,0.0,105440.0,105455.0,0.0,0.00014224076620359395,active,,specialist_veto,specialist_veto,False,NGU5@2015-08-27,2015
2015-08-03 00:00:00+00:00,2015-08-03 00:00:00+00:00,NGU5@2015-08-27,026593715a8e4a1254fd,0.0,True,False,0.0,0.0,0.0,0.0,0.0,0.0,0.0,0.0,105440.0,105455.0,0.0,0.00014224076620359395,active,,specialist_veto,specialist_veto,False,NGU5@2015-08-27,2015
2015-08-04 00:00:00+00:00,2015-08-04 00:00:00+00:00,NGU5@2015-08-27,5b4fe7b4ea0a2af5e379,0.0,True,False,0.0,0.0,0.0,0.0,0.0,0.0,0.0,0.0,105440.0,105455.0,0.0,0.00014224076620359395,active,,specialist_veto,specialist_veto,False,NGU5@2015-08-27,2015
2015-08-05 00:00:00+00:00,2015-08-05 00:00:00+00:00,NGU5@2015-08-27,6fd52783ee1594054593,0.0,True,False,0.0,0.0,0.0,0.0,0.0,0.0,-0.0,-0.0,105440.0,105455.0,0.0,0.00014224076620359395,active,,specialist_veto,specialist_veto,False,NGU5@2015-08-27,2015
2015-08-06 00:00:00+00:00,2015-08-06 00:00:00+00:00,NGU5@2015-08-27,c7201deef8d8d6c2ecae,0.0,True,False,0.0,0.0,0.0,0.0,0.0,0.0,0.0,0.0,105440.0,105455.0,0.0,0.00014224076620359395,active,,specialist_veto,specialist_veto,False,NGU5@2015-08-27,2015
2015-08-07 00:00:00+00:00,2015-08-07 00:00:00+00:00,NGU5@2015-08-27,2169aab285b8871d9b3e,-1.0,False,False,0.0,-1.0,-1.0,1.0,0.0,15.0,-249.999999999999,-264.999999999999,105175.0,105455.0,265.0,0.002655160969133754,active,,,forecast_signal,False,NGU5@2015-08-27,2015
2015-08-09 00:00:00+00:00,2015-08-09 00:00:00+00:00,NGU5@2015-08-27,2169aab285b8871d9b3e,-1.0,False,False,-1.0,-1.0,0.0,0.0,0.0,0.0,-20.000000000002,-20.000000000002,105155.0,105455.0,20.0,0.002844815324071879,active,,,forecast_signal,False,NGU5@2015-08-27,2015
2015-08-10 00:00:00+00:00,2015-08-10 00:00:00+00:00,NGU5@2015-08-27,f555e1469147ace27ca7,-1.0,False,False,-1.0,-1.0,0.0,0.0,0.0,0.0,80.0,80.0,105235.0,105455.0,0.0,0.0020861979043193778,active,,,forecast_signal,False,NGU5@2015-08-27,2015
2015-08-11 00:00:00+00:00,2015-08-11 00:00:00+00:00,NGU5@2015-08-27,9d10b075c99329cfc646,-1.0,False,False,-1.0,-1.0,0.0,0.0,0.0,0.0,-249.999999999999,-249.999999999999,104985.0,105455.0,250.0,0.004456877341045944,active,,,forecast_signal,False,NGU5@2015-08-27,2015
2015-08-12 00:00:00+00:00,2015-08-12 00:00:00+00:00,NGU5@2015-08-27,5637cc19da368a74f644,0.0,True,False,-1.0,0.0,1.0,1.0,0.0,15.0,0.0,-15.0,104970.0,105455.0,15.0,0.0045991181072495375,active,,specialist_veto,specialist_veto,False,NGU5@2015-08-27,2015
2015-08-13 00:00:00+00:00,2015-08-13 00:00:00+00:00,NGU5@2015-08-27,72e0e9db4f984788e08f,-1.0,False,False,0.0,-1.0,-1.0,1.0,0.0,15.0,1160.0000000000011,1145.0000000000011,106115.0,106115.0,0.0,0.0,active,,,forecast_signal,False,NGU5@2015-08-27,2015
2015-08-14 00:00:00+00:00,2015-08-14 00:00:00+00:00,NGU5@2015-08-27,08bc0851acf96633c125,0.0,True,False,-1.0,0.0,1.0,1.0,0.0,15.0,-0.0,-15.0,106100.0,106115.0,15.0,0.00014135607595533147,active,,specialist_veto,specialist_veto,False,NGU5@2015-08-27,2015
2015-08-16 00:00:00+00:00,2015-08-16 00:00:00+00:00,NGU5@2015-08-27,08bc0851acf96633c125,0.0,True,False,0.0,0.0,0.0,0.0,0.0,0.0,-0.0,-0.0,106100.0,106115.0,0.0,0.00014135607595533147,active,,specialist_veto,specialist_veto,False,NGU5@2015-08-27,2015
2015-08-17 00:00:00+00:00,2015-08-17 00:00:00+00:00,NGU5@2015-08-27,cc6d8363b19f167b487d,0.0,True,False,0.0,0.0,0.0,0.0,0.0,0.0,-0.0,-0.0,106100.0,106115.0,0.0,0.00014135607595533147,active,,specialist_veto,specialist_veto,False,NGU5@2015-08-27,2015
2015-08-18 00:00:00+00:00,2015-08-18 00:00:00+00:00,NGU5@2015-08-27,089036919a698b229f0d,0.0,True,False,0.0,0.0,0.0,0.0,0.0,0.0,-0.0,-0.0,106100.0,106115.0,0.0,0.00014135607595533147,active,,specialist_veto,specialist_veto,False,NGU5@2015-08-27,2015
2015-08-19 00:00:00+00:00,2015-08-19 00:00:00+00:00,NGU5@2015-08-27,fd5fc25367269681b9a3,0.0,True,False,0.0,0.0,0.0,0.0,0.0,0.0,-0.0,-0.0,106100.0,106115.0,0.0,0.00014135607595533147,active,,predicted_gross_pnl_not_above_round_trip_cost,predicted_gross_pnl_not_above_round_trip_cost,False,NGU5@2015-08-27,2015
2015-08-20 00:00:00+00:00,2015-08-20 00:00:00+00:00,NGU5@2015-08-27,831802c5597f5a6861bb,0.0,True,False,0.0,0.0,0.0,0.0,0.0,0.0,0.0,0.0,106100.0,106115.0,0.0,0.00014135607595533147,active,,specialist_veto,specialist_veto,False,NGU5@2015-08-27,2015
2015-08-21 00:00:00+00:00,2015-08-21 00:00:00+00:00,NGU5@2015-08-27,c8c078f85ba511688116,0.0,True,False,0.0,0.0,0.0,0.0,0.0,0.0,-0.0,-0.0,106100.0,106115.0,0.0,0.00014135607595533147,active,,specialist_veto,specialist_veto,False,NGU5@2015-08-27,2015
2015-08-23 00:00:00+00:00,2015-08-23 00:00:00+00:00,NGU5@2015-08-27,c8c078f85ba511688116,0.0,True,False,0.0,0.0,0.0,0.0,0.0,0.0,-0.0,-0.0,106100.0,106115.0,0.0,0.00014135607595533147,active,,specialist_veto,specialist_veto,False,NGU5@2015-08-27,2015
2015-08-24 00:00:00+00:00,2015-08-24 00:00:00+00:00,NGU5@2015-08-27,f059fc1192ac31bd6051,0.0,True,False,0.0,0.0,0.0,0.0,0.0,0.0,0.0,0.0,106100.0,106115.0,0.0,0.00014135607595533147,active,,specialist_veto,specialist_veto,False,NGV5@2015-09-28,2015
2015-08-25 00:00:00+00:00,2015-08-25 00:00:00+00:00,NGV5@2015-09-28,a2b05d04d350a35104dd,0.0,True,False,0.0,0.0,0.0,0.0,0.0,0.0,0.0,0.0,106100.0,106115.0,0.0,0.00014135607595533147,active,,specialist_veto,specialist_veto,False,NGV5@2015-09-28,2015
2015-08-26 00:00:00+00:00,2015-08-26 00:00:00+00:00,NGV5@2015-09-28,707b701798aa627e561b,0.0,True,False,0.0,0.0,0.0,0.0,0.0,0.0,-0.0,-0.0,106100.0,106115.0,0.0,0.00014135607595533147,active,,specialist_veto,specialist_veto,False,NGV5@2015-09-28,2015
2015-08-27 00:00:00+00:00,2015-08-27 00:00:00+00:00,NGV5@2015-09-28,780c0307b785c689d073,0.0,True,False,0.0,0.0,0.0,0.0,0.0,0.0,-0.0,-0.0,106100.0,106115.0,0.0,0.00014135607595533147,active,,specialist_veto,specialist_veto,False,NGV5@2015-09-28,2015
2015-08-28 00:00:00+00:00,2015-08-28 00:00:00+00:00,NGV5@2015-09-28,0e4a0321f53cdb93585e,0.0,True,False,0.0,0.0,0.0,0.0,0.0,0.0,0.0,0.0,106100.0,106115.0,0.0,0.00014135607595533147,active,,specialist_veto,specialist_veto,False,NGV5@2015-09-28,2015
2015-08-30 00:00:00+00:00,2015-08-30 00:00:00+00:00,NGV5@2015-09-28,0e4a0321f53cdb93585e,0.0,True,False,0.0,0.0,0.0,0.0,0.0,0.0,-0.0,-0.0,106100.0,106115.0,0.0,0.00014135607595533147,active,,specialist_veto,specialist_veto,False,NGV5@2015-09-28,2015
2015-08-31 00:00:00+00:00,2015-08-31 00:00:00+00:00,NGV5@2015-09-28,bc9f447c6d2264b669ff,0.0,True,False,0.0,0.0,0.0,0.0,0.0,0.0,0.0,0.0,106100.0,106115.0,0.0,0.00014135607595533147,active,,specialist_veto,specialist_veto,False,NGV5@2015-09-28,2015
2015-09-01 00:00:00+00:00,2015-09-01 00:00:00+00:00,NGV5@2015-09-28,9f488090dc7228c3b612,0.0,True,False,0.0,0.0,0.0,0.0,0.0,0.0,-0.0,-0.0,106100.0,106115.0,0.0,0.00014135607595533147,active,,specialist_veto,specialist_veto,False,NGV5@2015-09-28,2015
2015-09-02 00:00:00+00:00,2015-09-02 00:00:00+00:00,NGV5@2015-09-28,b4faea71b29dda8edc1e,0.0,True,False,0.0,0.0,0.0,0.0,0.0,0.0,-0.0,-0.0,106100.0,106115.0,0.0,0.00014135607595533147,active,,specialist_veto,specialist_veto,False,NGV5@2015-09-28,2015
2015-09-03 00:00:00+00:00,2015-09-03 00:00:00+00:00,NGV5@2015-09-28,942fc3d36420fb5e7dd4,0.0,True,False,0.0,0.0,0.0,0.0,0.0,0.0,0.0,0.0,106100.0,106115.0,0.0,0.00014135607595533147,active,,specialist_veto,specialist_veto,False,NGV5@2015-09-28,2015
2015-09-04 00:00:00+00:00,2015-09-04 00:00:00+00:00,NGV5@2015-09-28,d736e7b57986d1558593,0.0,True,False,0.0,0.0,0.0,0.0,0.0,0.0,-0.0,-0.0,106100.0,106115.0,0.0,0.00014135607595533147,active,,specialist_veto,specialist_veto,False,NGV5@2015-09-28,2015
2015-09-06 00:00:00+00:00,2015-09-06 00:00:00+00:00,NGV5@2015-09-28,d736e7b57986d1558593,0.0,True,False,0.0,0.0,0.0,0.0,0.0,0.0,0.0,0.0,106100.0,106115.0,0.0,0.00014135607595533147,active,,specialist_veto,specialist_veto,False,NGV5@2015-09-28,2015
2015-09-07 00:00:00+00:00,2015-09-07 00:00:00+00:00,NGV5@2015-09-28,d7d4b4015b60bb458e62,0.0,True,False,0.0,0.0,0.0,0.0,0.0,0.0,0.0,0.0,106100.0,106115.0,0.0,0.00014135607595533147,active,,specialist_veto,specialist_veto,False,NGV5@2015-09-28,2015
2015-09-08 00:00:00+00:00,2015-09-08 00:00:00+00:00,NGV5@2015-09-28,d7d4b4015b60bb458e62,0.0,True,False,0.0,0.0,0.0,0.0,0.0,0.0,0.0,0.0,106100.0,106115.0,0.0,0.00014135607595533147,active,,specialist_veto,specialist_veto,False,NGV5@2015-09-28,2015
2015-09-09 00:00:00+00:00,2015-09-09 00:00:00+00:00,NGV5@2015-09-28,540e8f82cc02f16bd337,0.0,True,False,0.0,0.0,0.0,0.0,0.0,0.0,-0.0,-0.0,106100.0,106115.0,0.0,0.00014135607595533147,active,,specialist_veto,specialist_veto,False,NGV5@2015-09-28,2015
2015-09-10 00:00:00+00:00,2015-09-10 00:00:00+00:00,NGV5@2015-09-28,cd40daadb4a11e56d348,1.0,False,False,0.0,1.0,1.0,1.0,0.0,15.0,169.999999999999,154.999999999999,106255.0,106255.0,0.0,0.0,active,,,forecast_signal,False,NGV5@2015-09-28,2015
2015-09-11 00:00:00+00:00,2015-09-11 00:00:00+00:00,NGV5@2015-09-28,5150750ffaa38463b6a0,1.0,False,False,1.0,1.0,0.0,0.0,0.0,0.0,249.999999999999,249.999999999999,106505.0,106505.0,0.0,0.0,active,,,forecast_signal,False,NGV5@2015-09-28,2015
2015-09-13 00:00:00+00:00,2015-09-13 00:00:00+00:00,NGV5@2015-09-28,5150750ffaa38463b6a0,1.0,False,False,1.0,1.0,0.0,0.0,0.0,0.0,140.000000000002,140.000000000002,106645.0,106645.0,0.0,0.0,active,,,forecast_signal,False,NGV5@2015-09-28,2015
2015-09-14 00:00:00+00:00,2015-09-14 00:00:00+00:00,NGV5@2015-09-28,179bcb7c17d813f3dd29,1.0,False,False,1.0,1.0,0.0,0.0,0.0,0.0,469.99999999999704,469.99999999999704,107115.0,107115.0,0.0,0.0,active,,,forecast_signal,False,NGV5@2015-09-28,2015
2015-09-15 00:00:00+00:00,2015-09-15 00:00:00+00:00,NGV5@2015-09-28,179bcb7c17d813f3dd29,1.0,False,False,1.0,1.0,0.0,0.0,0.0,0.0,-289.99999999999903,-289.99999999999903,106825.0,107115.0,290.0,0.0027073705830182515,active,,,forecast_signal,False,NGV5@2015-09-28,2015
2015-09-16 00:00:00+00:00,2015-09-16 00:00:00+00:00,NGV5@2015-09-28,9f8ce7fcf2c09d73ddc2,0.0,True,False,1.0,0.0,-1.0,1.0,0.0,15.0,-0.0,-15.0,106810.0,107115.0,15.0,0.0028474069924847127,active,,specialist_veto,specialist_veto,False,NGV5@2015-09-28,2015
2015-09-17 00:00:00+00:00,2015-09-17 00:00:00+00:00,NGV5@2015-09-28,7b9354590dbf5fc276e4,0.0,True,False,0.0,0.0,0.0,0.0,0.0,0.0,-0.0,-0.0,106810.0,107115.0,0.0,0.0028474069924847127,active,,specialist_veto,specialist_veto,False,NGV5@2015-09-28,2015
2015-09-18 00:00:00+00:00,2015-09-18 00:00:00+00:00,NGV5@2015-09-28,d73462bf560e95d99382,0.0,True,False,0.0,0.0,0.0,0.0,0.0,0.0,-0.0,-0.0,106810.0,107115.0,0.0,0.0028474069924847127,active,,specialist_veto,specialist_veto,False,NGV5@2015-09-28,2015
2015-09-20 00:00:00+00:00,2015-09-20 00:00:00+00:00,NGV5@2015-09-28,d73462bf560e95d99382,0.0,True,False,0.0,0.0,0.0,0.0,0.0,0.0,-0.0,-0.0,106810.0,107115.0,0.0,0.0028474069924847127,active,,specialist_veto,specialist_veto,False,NGV5@2015-09-28,2015
2015-09-21 00:00:00+00:00,2015-09-21 00:00:00+00:00,NGV5@2015-09-28,a954299853fa5fab04e3,0.0,True,False,0.0,0.0,0.0,0.0,0.0,0.0,-0.0,-0.0,106810.0,107115.0,0.0,0.0028474069924847127,active,,specialist_veto,specialist_veto,False,NGV5@2015-09-28,2015
2015-09-22 00:00:00+00:00,2015-09-22 00:00:00+00:00,NGV5@2015-09-28,a9d48ad98ee63543fe63,0.0,True,False,0.0,0.0,0.0,0.0,0.0,0.0,0.0,0.0,106810.0,107115.0,0.0,0.0028474069924847127,active,,specialist_veto,specialist_veto,False,NGV5@2015-09-28,2015
2015-09-23 00:00:00+00:00,2015-09-23 00:00:00+00:00,NGV5@2015-09-28,69660d31533a52bb53fb,0.0,True,False,0.0,0.0,0.0,0.0,0.0,0.0,-0.0,-0.0,106810.0,107115.0,0.0,0.0028474069924847127,active,,specialist_veto,specialist_veto,False,NGV5@2015-09-28,2015
2015-09-24 00:00:00+00:00,2015-09-24 00:00:00+00:00,NGV5@2015-09-28,1728a00831d077df7acb,0.0,True,False,0.0,0.0,0.0,0.0,0.0,0.0,0.0,0.0,106810.0,107115.0,0.0,0.0028474069924847127,active,,specialist_veto,specialist_veto,False,NGV5@2015-09-28,2015
2015-09-25 00:00:00+00:00,2015-09-25 00:00:00+00:00,NGV5@2015-09-28,49c8acc8db9c18096fbb,0.0,True,False,0.0,0.0,0.0,0.0,0.0,0.0,0.0,0.0,106810.0,107115.0,0.0,0.0028474069924847127,active,,specialist_veto,specialist_veto,False,NGV5@2015-09-28,2015
2015-09-27 00:00:00+00:00,2015-09-27 00:00:00+00:00,NGV5@2015-09-28,49c8acc8db9c18096fbb,0.0,True,False,0.0,0.0,0.0,0.0,0.0,0.0,-0.0,-0.0,106810.0,107115.0,0.0,0.0028474069924847127,active,,specialist_veto,specialist_veto,False,NGX5@2015-10-28,2015
2015-09-28 00:00:00+00:00,2015-09-28 00:00:00+00:00,NGX5@2015-10-28,011e16273081bd804197,0.0,True,False,0.0,0.0,0.0,0.0,0.0,0.0,-0.0,-0.0,106810.0,107115.0,0.0,0.0028474069924847127,active,,specialist_veto,specialist_veto,False,NGX5@2015-10-28,2015
2015-09-29 00:00:00+00:00,2015-09-29 00:00:00+00:00,NGX5@2015-10-28,1633a6e81f7720de73cf,0.0,True,False,0.0,0.0,0.0,0.0,0.0,0.0,-0.0,-0.0,106810.0,107115.0,0.0,0.0028474069924847127,active,,predicted_gross_pnl_not_above_round_trip_cost,predicted_gross_pnl_not_above_round_trip_cost,False,NGX5@2015-10-28,2015
2015-09-30 00:00:00+00:00,2015-09-30 00:00:00+00:00,NGX5@2015-10-28,b46958c13ad1df374e45,0.0,True,False,0.0,0.0,0.0,0.0,0.0,0.0,-0.0,-0.0,106810.0,107115.0,0.0,0.0028474069924847127,active,,specialist_veto,specialist_veto,False,NGX5@2015-10-28,2015
2015-10-01 00:00:00+00:00,2015-10-01 00:00:00+00:00,NGX5@2015-10-28,e2bc27c26349a48b8191,-1.0,False,False,0.0,-1.0,-1.0,1.0,0.0,15.0,969.9999999999991,954.9999999999991,107765.0,107765.0,0.0,0.0,active,,,forecast_signal,False,NGX5@2015-10-28,2015
2015-10-02 00:00:00+00:00,2015-10-02 00:00:00+00:00,NGX5@2015-10-28,6d7b7ec50384865df154,0.0,True,False,-1.0,0.0,1.0,1.0,0.0,15.0,0.0,-15.0,107750.0,107765.0,15.0,0.000139191759847817,active,,specialist_veto,specialist_veto,False,NGX5@2015-10-28,2015
2015-10-04 00:00:00+00:00,2015-10-04 00:00:00+00:00,NGX5@2015-10-28,6d7b7ec50384865df154,0.0,True,False,0.0,0.0,0.0,0.0,0.0,0.0,0.0,0.0,107750.0,107765.0,0.0,0.000139191759847817,active,,specialist_veto,specialist_veto,False,NGX5@2015-10-28,2015
2015-10-05 00:00:00+00:00,2015-10-05 00:00:00+00:00,NGX5@2015-10-28,949521380a4642e74085,-1.0,False,False,0.0,-1.0,-1.0,1.0,0.0,15.0,-19.999999999996998,-34.999999999997,107715.0,107765.0,35.0,0.0004639725328260567,active,,,forecast_signal,False,NGX5@2015-10-28,2015
2015-10-06 00:00:00+00:00,2015-10-06 00:00:00+00:00,NGX5@2015-10-28,51abc83a7a6b7dd31bfa,0.0,True,False,-1.0,0.0,1.0,1.0,0.0,15.0,-0.0,-15.0,107700.0,107765.0,15.0,0.0006031642926738737,active,,specialist_veto,specialist_veto,False,NGX5@2015-10-28,2015
2015-10-07 00:00:00+00:00,2015-10-07 00:00:00+00:00,NGX5@2015-10-28,88babcb950e0aa3741fb,1.0,False,False,0.0,1.0,1.0,1.0,0.0,15.0,99.999999999997,84.999999999997,107785.0,107785.0,0.0,0.0,active,,,forecast_signal,False,NGX5@2015-10-28,2015
2015-10-08 00:00:00+00:00,2015-10-08 00:00:00+00:00,NGX5@2015-10-28,17d8f7a29190ac07fa16,1.0,False,False,1.0,1.0,0.0,0.0,0.0,0.0,140.000000000002,140.000000000002,107925.0,107925.0,0.0,0.0,active,,,forecast_signal,False,NGX5@2015-10-28,2015
2015-10-09 00:00:00+00:00,2015-10-09 00:00:00+00:00,NGX5@2015-10-28,0da893be4d41d47d6a5f,-1.0,False,False,1.0,-1.0,-2.0,2.0,0.0,30.0,-329.999999999999,-359.999999999999,107565.0,107925.0,360.0,0.0033356497567755385,active,,,forecast_signal,False,NGX5@2015-10-28,2015
2015-10-11 00:00:00+00:00,2015-10-11 00:00:00+00:00,NGX5@2015-10-28,0da893be4d41d47d6a5f,-1.0,False,False,-1.0,-1.0,0.0,0.0,0.0,0.0,-40.0,-40.0,107525.0,107925.0,40.0,0.003706277507528376,active,,,forecast_signal,False,NGX5@2015-10-28,2015
2015-10-12 00:00:00+00:00,2015-10-12 00:00:00+00:00,NGX5@2015-10-28,9334035f5d50881eb893,0.0,True,False,-1.0,0.0,1.0,1.0,0.0,15.0,0.0,-15.0,107510.0,107925.0,15.0,0.0038452629140606903,active,,specialist_veto,specialist_veto,False,NGX5@2015-10-28,2015
2015-10-13 00:00:00+00:00,2015-10-13 00:00:00+00:00,NGX5@2015-10-28,01904fd952460564f61a,-1.0,False,False,0.0,-1.0,-1.0,1.0,0.0,15.0,539.999999999998,524.999999999998,108035.0,108035.0,0.0,0.0,active,,,forecast_signal,False,NGX5@2015-10-28,2015
2015-10-14 00:00:00+00:00,2015-10-14 00:00:00+00:00,NGX5@2015-10-28,020165cf7243815e0ff3,0.0,True,False,-1.0,0.0,1.0,1.0,0.0,15.0,0.0,-15.0,108020.0,108035.0,15.0,0.00013884389318276485,active,,specialist_veto,specialist_veto,False,NGX5@2015-10-28,2015
2015-10-15 00:00:00+00:00,2015-10-15 00:00:00+00:00,NGX5@2015-10-28,82b3bae703434bce100c,-1.0,False,False,0.0,-1.0,-1.0,1.0,0.0,15.0,800.0,785.0,108805.0,108805.0,0.0,0.0,active,,,forecast_signal,False,NGX5@2015-10-28,2015
2015-10-16 00:00:00+00:00,2015-10-16 00:00:00+00:00,NGX5@2015-10-28,b1359470c31584563a93,0.0,True,False,-1.0,0.0,1.0,1.0,0.0,15.0,0.0,-15.0,108790.0,108805.0,15.0,0.00013786131152061028,active,,specialist_veto,specialist_veto,False,NGX5@2015-10-28,2015
2015-10-18 00:00:00+00:00,2015-10-18 00:00:00+00:00,NGX5@2015-10-28,b1359470c31584563a93,0.0,True,False,0.0,0.0,0.0,0.0,0.0,0.0,-0.0,-0.0,108790.0,108805.0,0.0,0.00013786131152061028,active,,specialist_veto,specialist_veto,False,NGX5@2015-10-28,2015
2015-10-19 00:00:00+00:00,2015-10-19 00:00:00+00:00,NGX5@2015-10-28,7782c4105728fa9590be,-1.0,False,False,0.0,-1.0,-1.0,1.0,0.0,15.0,20.000000000002,5.000000000002,108795.0,108805.0,0.0,9.190754101374018e-05,active,,,forecast_signal,False,NGX5@2015-10-28,2015
2015-10-20 00:00:00+00:00,2015-10-20 00:00:00+00:00,NGX5@2015-10-28,ef86e01b3c524469925a,0.0,True,False,-1.0,0.0,1.0,1.0,0.0,15.0,0.0,-15.0,108780.0,108805.0,15.0,0.00022976885253435045,active,,specialist_veto,specialist_veto,False,NGX5@2015-10-28,2015
2015-10-21 00:00:00+00:00,2015-10-21 00:00:00+00:00,NGX5@2015-10-28,0de0625c5bef6cd0509d,0.0,True,False,0.0,0.0,0.0,0.0,0.0,0.0,-0.0,-0.0,108780.0,108805.0,0.0,0.00022976885253435045,active,,specialist_veto,specialist_veto,False,NGX5@2015-10-28,2015
2015-10-22 00:00:00+00:00,2015-10-22 00:00:00+00:00,NGX5@2015-10-28,4d887132ee60259e51f2,1.0,False,False,0.0,1.0,1.0,1.0,0.0,15.0,-369.99999999999903,-384.99999999999903,108395.0,108805.0,385.0,0.0037682091815633475,active,,,forecast_signal,False,NGX5@2015-10-28,2015
2015-10-23 00:00:00+00:00,2015-10-23 00:00:00+00:00,NGX5@2015-10-28,2f957af8079ae4107822,1.0,False,False,1.0,1.0,0.0,0.0,0.0,0.0,-1429.999999999998,-1429.999999999998,106965.0,108805.0,1430.0,0.016910987546528193,active,,,forecast_signal,False,NGX5@2015-10-28,2015
2015-10-25 00:00:00+00:00,2015-10-25 00:00:00+00:00,NGX5@2015-10-28,2f957af8079ae4107822,1.0,False,False,1.0,1.0,0.0,0.0,0.0,0.0,89.999999999998,89.999999999998,107055.0,108805.0,0.0,0.01608381967740453,active,,,forecast_signal,False,NGX5@2015-10-28,2015
2015-10-26 00:00:00+00:00,2015-10-26 00:00:00+00:00,NGX5@2015-10-28,5e2a1626505757c80a3d,1.0,False,False,1.0,1.0,0.0,0.0,0.0,0.0,-1539.9999999999989,-1539.9999999999989,105515.0,108805.0,1540.0,0.03023758099352052,active,,,forecast_signal,False,NGZ5@2015-11-25,2015
2015-10-27 00:00:00+00:00,2015-10-27 00:00:00+00:00,NGZ5@2015-11-25,f9e570ccb16a3e2ae1d0,1.0,False,False,1.0,1.0,0.0,2.0,2.0,30.0,59.999999999997,29.999999999997,105545.0,108805.0,0.0,0.029961858370479297,active,,,forecast_signal,True,NGZ5@2015-11-25,2015
2015-10-28 00:00:00+00:00,2015-10-28 00:00:00+00:00,NGZ5@2015-11-25,313337a3f8d2b7b3458d,1.0,False,False,1.0,1.0,0.0,0.0,0.0,0.0,-709.999999999997,-709.999999999997,104835.0,108805.0,710.0,0.03648729378245485,active,,,forecast_signal,False,NGZ5@2015-11-25,2015
2015-10-29 00:00:00+00:00,2015-10-29 00:00:00+00:00,NGZ5@2015-11-25,5c7374c5abb3ce68ec24,1.0,False,False,1.0,1.0,0.0,0.0,0.0,0.0,-590.000000000001,-590.000000000001,104245.0,108805.0,590.0,0.04190983870226552,active,,,forecast_signal,False,NGZ5@2015-11-25,2015
2015-10-30 00:00:00+00:00,2015-10-30 00:00:00+00:00,NGZ5@2015-11-25,a7d98b832ec313cf5e14,1.0,False,False,1.0,1.0,0.0,0.0,0.0,0.0,259.999999999998,259.999999999998,104505.0,108805.0,0.0,0.039520242635908275,active,,,forecast_signal,False,NGZ5@2015-11-25,2015
2015-11-01 00:00:00+00:00,2015-11-01 00:00:00+00:00,NGZ5@2015-11-25,a7d98b832ec313cf5e14,1.0,False,False,1.0,1.0,0.0,0.0,0.0,0.0,-59.999999999997,-59.999999999997,104445.0,108805.0,60.0,0.04007168788199072,active,,,forecast_signal,False,NGZ5@2015-11-25,2015
2015-11-02 00:00:00+00:00,2015-11-02 00:00:00+00:00,NGZ5@2015-11-25,c13a8be19b24d1c5cd73,0.0,True,False,1.0,0.0,-1.0,1.0,0.0,15.0,-0.0,-15.0,104430.0,108805.0,15.0,0.04020954919351133,active,,specialist_veto,specialist_veto,False,NGZ5@2015-11-25,2015
2015-11-03 00:00:00+00:00,2015-11-03 00:00:00+00:00,NGZ5@2015-11-25,c13a8be19b24d1c5cd73,0.0,True,False,0.0,0.0,0.0,0.0,0.0,0.0,0.0,0.0,104430.0,108805.0,0.0,0.04020954919351133,active,,specialist_veto,specialist_veto,False,NGZ5@2015-11-25,2015
2015-11-04 00:00:00+00:00,2015-11-04 00:00:00+00:00,NGZ5@2015-11-25,638d739b27a2b9248d8d,0.0,True,False,0.0,0.0,0.0,0.0,0.0,0.0,-0.0,-0.0,104430.0,108805.0,0.0,0.04020954919351133,active,,specialist_veto,specialist_veto,False,NGZ5@2015-11-25,2015
2015-11-05 00:00:00+00:00,2015-11-05 00:00:00+00:00,NGZ5@2015-11-25,0122f413c77b39cba87f,0.0,True,False,0.0,0.0,0.0,0.0,0.0,0.0,0.0,0.0,104430.0,108805.0,0.0,0.04020954919351133,active,,specialist_veto,specialist_veto,False,NGZ5@2015-11-25,2015
2015-11-06 00:00:00+00:00,2015-11-06 00:00:00+00:00,NGZ5@2015-11-25,baa10369cb8cbbbf2641,0.0,True,False,0.0,0.0,0.0,0.0,0.0,0.0,0.0,0.0,104430.0,108805.0,0.0,0.04020954919351133,active,,specialist_veto,specialist_veto,False,NGZ5@2015-11-25,2015
2015-11-08 00:00:00+00:00,2015-11-08 00:00:00+00:00,NGZ5@2015-11-25,baa10369cb8cbbbf2641,0.0,True,False,0.0,0.0,0.0,0.0,0.0,0.0,0.0,0.0,104430.0,108805.0,0.0,0.04020954919351133,active,,specialist_veto,specialist_veto,False,NGZ5@2015-11-25,2015
2015-11-09 00:00:00+00:00,2015-11-09 00:00:00+00:00,NGZ5@2015-11-25,849996fadb69428e9eda,0.0,True,False,0.0,0.0,0.0,0.0,0.0,0.0,-0.0,-0.0,104430.0,108805.0,0.0,0.04020954919351133,active,,specialist_veto,specialist_veto,False,NGZ5@2015-11-25,2015
2015-11-10 00:00:00+00:00,2015-11-10 00:00:00+00:00,NGZ5@2015-11-25,849996fadb69428e9eda,0.0,True,False,0.0,0.0,0.0,0.0,0.0,0.0,0.0,0.0,104430.0,108805.0,0.0,0.04020954919351133,active,,specialist_veto,specialist_veto,False,NGZ5@2015-11-25,2015
2015-11-11 00:00:00+00:00,2015-11-11 00:00:00+00:00,NGZ5@2015-11-25,073749b0ad6f733b71dd,1.0,False,False,0.0,1.0,1.0,1.0,0.0,15.0,-600.0,-615.0,103815.0,108805.0,615.0,0.04586186296585635,active,,,forecast_signal,False,NGZ5@2015-11-25,2015
2015-11-12 00:00:00+00:00,2015-11-12 00:00:00+00:00,NGZ5@2015-11-25,073749b0ad6f733b71dd,1.0,False,False,1.0,1.0,0.0,0.0,0.0,0.0,180.000000000002,180.000000000002,103995.0,108805.0,0.0,0.044207527227609025,active,,,forecast_signal,False,NGZ5@2015-11-25,2015
2015-11-13 00:00:00+00:00,2015-11-13 00:00:00+00:00,NGZ5@2015-11-25,b48365f5489d8e6d0b6f,1.0,False,False,1.0,1.0,0.0,0.0,0.0,0.0,1589.9999999999982,1589.9999999999982,105585.0,108805.0,0.0,0.029594228206424336,active,,,forecast_signal,False,NGZ5@2015-11-25,2015
2015-11-15 00:00:00+00:00,2015-11-15 00:00:00+00:00,NGZ5@2015-11-25,25a134f94d76c77f8356,0.0,True,False,1.0,0.0,-1.0,1.0,0.0,15.0,0.0,-15.0,105570.0,108805.0,15.0,0.029732089517944947,active,,specialist_veto,specialist_veto,False,NGZ5@2015-11-25,2015
2015-11-16 00:00:00+00:00,2015-11-16 00:00:00+00:00,NGZ5@2015-11-25,eb185126a82eeca769ae,1.0,False,False,0.0,1.0,1.0,1.0,0.0,15.0,-1039.9999999999961,-1054.9999999999961,104515.0,108805.0,1055.0,0.03942833509489454,active,,,forecast_signal,False,NGZ5@2015-11-25,2015
2015-11-17 00:00:00+00:00,2015-11-17 00:00:00+00:00,NGZ5@2015-11-25,eb185126a82eeca769ae,1.0,False,False,1.0,1.0,0.0,0.0,0.0,0.0,489.999999999999,489.999999999999,105005.0,108805.0,0.0,0.03492486558522127,active,,,forecast_signal,False,NGZ5@2015-11-25,2015
2015-11-18 00:00:00+00:00,2015-11-18 00:00:00+00:00,NGZ5@2015-11-25,eddedf9c0e17152a979c,1.0,False,False,1.0,1.0,0.0,0.0,0.0,0.0,-590.000000000001,-590.000000000001,104415.0,108805.0,590.0,0.04034741050503194,active,,,forecast_signal,False,NGZ5@2015-11-25,2015
2015-11-19 00:00:00+00:00,2015-11-19 00:00:00+00:00,NGZ5@2015-11-25,18aabef98ed346d16070,1.0,False,False,1.0,1.0,0.0,0.0,0.0,0.0,-699.999999999998,-699.999999999998,103715.0,108805.0,700.0,0.04678093837599375,active,,,forecast_signal,False,NGZ5@2015-11-25,2015
2015-11-20 00:00:00+00:00,2015-11-20 00:00:00+00:00,NGZ5@2015-11-25,18aabef98ed346d16070,1.0,False,False,1.0,1.0,0.0,0.0,0.0,0.0,-1539.9999999999989,-1539.9999999999989,102175.0,108805.0,1540.0,0.06093469969210974,active,,,forecast_signal,False,NGZ5@2015-11-25,2015
2015-11-22 00:00:00+00:00,2015-11-22 00:00:00+00:00,NGZ5@2015-11-25,d4c9e5acd90755939ef9,1.0,False,False,1.0,1.0,0.0,0.0,0.0,0.0,-200.0,-200.0,101975.0,108805.0,200.0,0.06277285051238454,active,,,forecast_signal,False,NGZ5@2015-11-25,2015
2015-11-23 00:00:00+00:00,2015-11-23 00:00:00+00:00,NGZ5@2015-11-25,d4c9e5acd90755939ef9,1.0,False,False,1.0,1.0,0.0,0.0,0.0,0.0,779.9999999999981,779.9999999999981,102755.0,108805.0,0.0,0.05560406231331281,active,,,forecast_signal,False,NGZ5@2015-11-25,2015
2015-11-24 00:00:00+00:00,2015-11-24 00:00:00+00:00,NGZ5@2015-11-25,0f46742acce7c95998a4,1.0,False,False,1.0,1.0,0.0,0.0,0.0,0.0,209.999999999999,209.999999999999,102965.0,108805.0,0.0,0.05367400395202426,active,,,forecast_signal,False,NGF6@2015-12-29,2015
2015-11-25 00:00:00+00:00,2015-11-25 00:00:00+00:00,NGF6@2015-12-29,6604fbdec2beeee419ec,0.0,True,False,1.0,0.0,-1.0,1.0,1.0,15.0,-0.0,-15.0,102950.0,108805.0,15.0,0.053811865263544874,active,,specialist_veto,specialist_veto,True,NGF6@2015-12-29,2015
2015-11-26 00:00:00+00:00,2015-11-26 00:00:00+00:00,NGF6@2015-12-29,7a9cdb6c1e544fbf461e,-1.0,False,False,0.0,-1.0,-1.0,1.0,0.0,15.0,539.999999999998,524.999999999998,103475.0,108805.0,0.0,0.04898671936032351,active,,,forecast_signal,False,NGF6@2015-12-29,2015
2015-11-27 00:00:00+00:00,2015-11-27 00:00:00+00:00,NGF6@2015-12-29,7a9cdb6c1e544fbf461e,-1.0,False,False,-1.0,-1.0,0.0,0.0,0.0,0.0,710.000000000001,710.000000000001,104185.0,108805.0,0.0,0.042461283948347965,active,,,forecast_signal,False,NGF6@2015-12-29,2015
2015-11-29 00:00:00+00:00,2015-11-29 00:00:00+00:00,NGF6@2015-12-29,deae6901c0124df3012f,-1.0,False,False,-1.0,-1.0,0.0,0.0,0.0,0.0,-200.0,-200.0,103985.0,108805.0,200.0,0.04429943476862277,active,,,forecast_signal,False,NGF6@2015-12-29,2015
2015-11-30 00:00:00+00:00,2015-11-30 00:00:00+00:00,NGF6@2015-12-29,deae6901c0124df3012f,-1.0,False,False,-1.0,-1.0,0.0,0.0,0.0,0.0,-220.000000000002,-220.000000000002,103765.0,108805.0,220.0,0.04632140067092505,active,,,forecast_signal,False,NGF6@2015-12-29,2015
2015-12-01 00:00:00+00:00,2015-12-01 00:00:00+00:00,NGF6@2015-12-29,5092b2fb4fa65fefe639,0.0,True,False,-1.0,0.0,1.0,1.0,0.0,15.0,-0.0,-15.0,103750.0,108805.0,15.0,0.04645926198244566,active,,specialist_veto,specialist_veto,False,NGF6@2015-12-29,2015
2015-12-02 00:00:00+00:00,2015-12-02 00:00:00+00:00,NGF6@2015-12-29,2756cf196e38212f0fcf,0.0,True,False,0.0,0.0,0.0,0.0,0.0,0.0,-0.0,-0.0,103750.0,108805.0,0.0,0.04645926198244566,active,,specialist_veto,specialist_veto,False,NGF6@2015-12-29,2015
2015-12-03 00:00:00+00:00,2015-12-03 00:00:00+00:00,NGF6@2015-12-29,09c8623e5ccae6caa7f7,0.0,True,False,0.0,0.0,0.0,0.0,0.0,0.0,0.0,0.0,103750.0,108805.0,0.0,0.04645926198244566,active,,specialist_veto,specialist_veto,False,NGF6@2015-12-29,2015
2015-12-04 00:00:00+00:00,2015-12-04 00:00:00+00:00,NGF6@2015-12-29,f9054f6d28f553d24ef2,-1.0,False,False,0.0,-1.0,-1.0,1.0,0.0,15.0,330.000000000003,315.000000000003,104065.0,108805.0,0.0,0.043564174440512846,active,,,forecast_signal,False,NGF6@2015-12-29,2015
2015-12-06 00:00:00+00:00,2015-12-06 00:00:00+00:00,NGF6@2015-12-29,3167547dd3db1bb2f478,-1.0,False,False,-1.0,-1.0,0.0,0.0,0.0,0.0,419.999999999998,419.999999999998,104485.0,108805.0,0.0,0.03970405771793575,active,,,forecast_signal,False,NGF6@2015-12-29,2015
2015-12-07 00:00:00+00:00,2015-12-07 00:00:00+00:00,NGF6@2015-12-29,3167547dd3db1bb2f478,-1.0,False,False,-1.0,-1.0,0.0,0.0,0.0,0.0,409.999999999999,409.999999999999,104895.0,108805.0,0.0,0.03593584853637241,active,,,forecast_signal,False,NGF6@2015-12-29,2015
2015-12-08 00:00:00+00:00,2015-12-08 00:00:00+00:00,NGF6@2015-12-29,4429c8c5c5f8a1ff559a,-1.0,False,False,-1.0,-1.0,0.0,0.0,0.0,0.0,-49.999999999997996,-49.999999999997996,104845.0,108805.0,50.0,0.03639538624144111,active,,,forecast_signal,False,NGF6@2015-12-29,2015
2015-12-09 00:00:00+00:00,2015-12-09 00:00:00+00:00,NGF6@2015-12-29,1480ee21263287dc2614,0.0,True,False,-1.0,0.0,1.0,1.0,0.0,15.0,-0.0,-15.0,104830.0,108805.0,15.0,0.03653324755296172,active,,specialist_veto,specialist_veto,False,NGF6@2015-12-29,2015
2015-12-10 00:00:00+00:00,2015-12-10 00:00:00+00:00,NGF6@2015-12-29,75fd9435f649a4fe26ce,0.0,True,False,0.0,0.0,0.0,0.0,0.0,0.0,-0.0,-0.0,104830.0,108805.0,0.0,0.03653324755296172,active,,specialist_veto,specialist_veto,False,NGF6@2015-12-29,2015
2015-12-11 00:00:00+00:00,2015-12-11 00:00:00+00:00,NGF6@2015-12-29,a24a90171de29718174a,0.0,True,False,0.0,0.0,0.0,0.0,0.0,0.0,-0.0,-0.0,104830.0,108805.0,0.0,0.03653324755296172,active,,specialist_veto,specialist_veto,False,NGF6@2015-12-29,2015
2015-12-13 00:00:00+00:00,2015-12-13 00:00:00+00:00,NGF6@2015-12-29,121aadc9aee53d948cb1,-1.0,False,False,0.0,-1.0,-1.0,1.0,0.0,15.0,-9.999999999998002,-24.999999999998003,104805.0,108805.0,25.0,0.03676301640549607,active,,,forecast_signal,False,NGF6@2015-12-29,2015
2015-12-14 00:00:00+00:00,2015-12-14 00:00:00+00:00,NGF6@2015-12-29,121aadc9aee53d948cb1,-1.0,False,False,-1.0,-1.0,0.0,0.0,0.0,0.0,160.0,160.0,104965.0,108805.0,0.0,0.03529249574927623,active,,,forecast_signal,False,NGF6@2015-12-29,2015
2015-12-15 00:00:00+00:00,2015-12-15 00:00:00+00:00,NGF6@2015-12-29,cc1a72f398ed146e48fa,-1.0,False,False,-1.0,-1.0,0.0,0.0,0.0,0.0,949.9999999999991,949.9999999999991,105915.0,108805.0,0.0,0.02656127935297091,active,,,forecast_signal,False,NGF6@2015-12-29,2015
2015-12-16 00:00:00+00:00,2015-12-16 00:00:00+00:00,NGF6@2015-12-29,01329e98d4a6d1f2ebf4,-1.0,False,False,-1.0,-1.0,0.0,0.0,0.0,0.0,-220.0,-220.0,105695.0,108805.0,220.0,0.028583245255273195,active,,,forecast_signal,False,NGF6@2015-12-29,2015
2015-12-17 00:00:00+00:00,2015-12-17 00:00:00+00:00,NGF6@2015-12-29,0c2328a36686f8504cc7,-1.0,False,False,-1.0,-1.0,0.0,0.0,0.0,0.0,759.9999999999981,759.9999999999981,106455.0,108805.0,0.0,0.02159827213822894,active,,,forecast_signal,False,NGF6@2015-12-29,2015
2015-12-18 00:00:00+00:00,2015-12-18 00:00:00+00:00,NGF6@2015-12-29,12defd1b8e53fac506a0,-1.0,False,False,-1.0,-1.0,0.0,0.0,0.0,0.0,-869.999999999999,-869.999999999999,105585.0,108805.0,870.0,0.029594228206424336,active,,,forecast_signal,False,NGF6@2015-12-29,2015
2015-12-20 00:00:00+00:00,2015-12-20 00:00:00+00:00,NGF6@2015-12-29,267c95e65ef91597dc0f,-1.0,False,False,-1.0,-1.0,0.0,0.0,0.0,0.0,-129.999999999999,-129.999999999999,105455.0,108805.0,130.0,0.03078902623960296,active,,,forecast_signal,False,NGF6@2015-12-29,2015
2015-12-21 00:00:00+00:00,2015-12-21 00:00:00+00:00,NGF6@2015-12-29,267c95e65ef91597dc0f,-1.0,False,False,-1.0,-1.0,0.0,0.0,0.0,0.0,-749.999999999999,-749.999999999999,104705.0,108805.0,750.0,0.03768209181563347,active,,,forecast_signal,False,NGF6@2015-12-29,2015
2015-12-22 00:00:00+00:00,2015-12-22 00:00:00+00:00,NGF6@2015-12-29,e5c3db6d28c2977c1573,-1.0,False,False,-1.0,-1.0,0.0,0.0,0.0,0.0,169.999999999999,169.999999999999,104875.0,108805.0,0.0,0.03611966361839989,active,,,forecast_signal,False,NGF6@2015-12-29,2015
2015-12-23 00:00:00+00:00,2015-12-23 00:00:00+00:00,NGF6@2015-12-29,e5c3db6d28c2977c1573,-1.0,False,False,-1.0,-1.0,0.0,0.0,0.0,0.0,-849.999999999999,-849.999999999999,104025.0,108805.0,850.0,0.0439318046045678,active,,,forecast_signal,False,NGF6@2015-12-29,2015
2015-12-24 00:00:00+00:00,2015-12-24 00:00:00+00:00,NGF6@2015-12-29,e5c3db6d28c2977c1573,-1.0,False,False,-1.0,-1.0,0.0,0.0,0.0,0.0,-899.9999999999981,-899.9999999999981,103125.0,108805.0,900.0,0.05220348329580442,active,,,forecast_signal,False,NGF6@2015-12-29,2015
2015-12-27 00:00:00+00:00,2015-12-27 00:00:00+00:00,NGF6@2015-12-29,e5c3db6d28c2977c1573,-1.0,False,False,-1.0,-1.0,0.0,0.0,0.0,0.0,-230.000000000001,-230.000000000001,102895.0,108805.0,230.0,0.05431735673912044,active,,,forecast_signal,False,NGF6@2015-12-29,2015
2015-12-28 00:00:00+00:00,2015-12-28 00:00:00+00:00,NGF6@2015-12-29,e5c3db6d28c2977c1573,-1.0,False,False,-1.0,-1.0,0.0,0.0,0.0,0.0,-1409.9999999999998,-1409.9999999999998,101485.0,108805.0,1410.0,0.06727632002205781,active,,,forecast_signal,False,NGF6@2015-12-29,2015
2015-12-29 00:00:00+00:00,2015-12-29 00:00:00+00:00,NGF6@2015-12-29,,0.0,True,False,-1.0,0.0,1.0,1.0,0.0,15.0,0.0,-15.0,101470.0,108805.0,15.0,0.06741418133357842,active,,forecast_horizon_expired,forecast_horizon_expired,False,,2015
2015-12-30 00:00:00+00:00,2015-12-30 00:00:00+00:00,NGG6@2016-01-27,,0.0,True,False,0.0,0.0,0.0,0.0,0.0,0.0,-0.0,-0.0,101470.0,108805.0,0.0,0.06741418133357842,active,,forecast_horizon_expired,forecast_horizon_expired,False,NGG6@2016-01-27,2015
2015-12-31 00:00:00+00:00,2015-12-31 00:00:00+00:00,NGG6@2016-01-27,,0.0,True,False,0.0,0.0,0.0,0.0,0.0,0.0,0.0,0.0,101470.0,108805.0,0.0,0.06741418133357842,active,,end_of_sample_liquidation,forecast_horizon_expired,False,NGG6@2016-01-27,2015
2016-01-03 00:00:00+00:00,2016-01-03 00:00:00+00:00,NGG6@2016-01-27,82fca53d6c2ac8010c45,0.0,True,False,0.0,0.0,0.0,0.0,0.0,0.0,-0.0,-0.0,100000.0,100000.0,0.0,0.0,active,,specialist_veto,specialist_veto,False,NGG6@2016-01-27,2016
2016-01-04 00:00:00+00:00,2016-01-04 00:00:00+00:00,NGG6@2016-01-27,82fca53d6c2ac8010c45,0.0,True,False,0.0,0.0,0.0,0.0,0.0,0.0,-0.0,-0.0,100000.0,100000.0,0.0,0.0,active,,specialist_veto,specialist_veto,False,NGG6@2016-01-27,2016
2016-01-05 00:00:00+00:00,2016-01-05 00:00:00+00:00,NGG6@2016-01-27,d451dd85357beabdedbf,0.0,True,False,0.0,0.0,0.0,0.0,0.0,0.0,0.0,0.0,100000.0,100000.0,0.0,0.0,active,,specialist_veto,specialist_veto,False,NGG6@2016-01-27,2016
2016-01-06 00:00:00+00:00,2016-01-06 00:00:00+00:00,NGG6@2016-01-27,1f8dbf2311b7e56cbeba,0.0,True,False,0.0,0.0,0.0,0.0,0.0,0.0,-0.0,-0.0,100000.0,100000.0,0.0,0.0,active,,specialist_veto,specialist_veto,False,NGG6@2016-01-27,2016
2016-01-07 00:00:00+00:00,2016-01-07 00:00:00+00:00,NGG6@2016-01-27,1ac28a70492b3258f4ef,-1.0,False,False,0.0,-1.0,-1.0,1.0,0.0,15.0,-1179.999999999998,-1194.999999999998,98805.0,100000.0,1195.0,0.01195,active,,,forecast_signal,False,NGG6@2016-01-27,2016
2016-01-08 00:00:00+00:00,2016-01-08 00:00:00+00:00,NGG6@2016-01-27,ab7261b8994651e1b326,0.0,True,False,-1.0,0.0,1.0,1.0,0.0,15.0,0.0,-15.0,98790.0,100000.0,15.0,0.0121,active,,specialist_veto,specialist_veto,False,NGG6@2016-01-27,2016
2016-01-10 00:00:00+00:00,2016-01-10 00:00:00+00:00,NGG6@2016-01-27,3e6fb26ebd5a7f44c3ae,-1.0,False,False,0.0,-1.0,-1.0,1.0,0.0,15.0,-89.999999999998,-104.999999999998,98685.0,100000.0,105.0,0.01315,active,,,forecast_signal,False,NGG6@2016-01-27,2016
2016-01-11 00:00:00+00:00,2016-01-11 00:00:00+00:00,NGG6@2016-01-27,3e6fb26ebd5a7f44c3ae,-1.0,False,False,-1.0,-1.0,0.0,0.0,0.0,0.0,1120.000000000001,1120.000000000001,99805.0,100000.0,0.0,0.00195,active,,,forecast_signal,False,NGG6@2016-01-27,2016
2016-01-12 00:00:00+00:00,2016-01-12 00:00:00+00:00,NGG6@2016-01-27,e22332c49eaae995bef0,0.0,True,False,-1.0,0.0,1.0,1.0,0.0,15.0,-0.0,-15.0,99790.0,100000.0,15.0,0.0021,active,,specialist_veto,specialist_veto,False,NGG6@2016-01-27,2016
2016-01-13 00:00:00+00:00,2016-01-13 00:00:00+00:00,NGG6@2016-01-27,c3a9dfca3489ba910b1d,0.0,True,False,0.0,0.0,0.0,0.0,0.0,0.0,0.0,0.0,99790.0,100000.0,0.0,0.0021,active,,specialist_veto,specialist_veto,False,NGG6@2016-01-27,2016
2016-01-14 00:00:00+00:00,2016-01-14 00:00:00+00:00,NGG6@2016-01-27,01476243df81e474800a,0.0,True,False,0.0,0.0,0.0,0.0,0.0,0.0,-0.0,-0.0,99790.0,100000.0,0.0,0.0021,active,,predicted_gross_pnl_not_above_round_trip_cost,predicted_gross_pnl_not_above_round_trip_cost,False,NGG6@2016-01-27,2016
2016-01-15 00:00:00+00:00,2016-01-15 00:00:00+00:00,NGG6@2016-01-27,8f101694b53482c6b46b,-1.0,False,False,0.0,-1.0,-1.0,1.0,0.0,15.0,889.999999999999,874.999999999999,100665.0,100665.0,0.0,0.0,active,,,forecast_signal,False,NGG6@2016-01-27,2016
2016-01-17 00:00:00+00:00,2016-01-17 00:00:00+00:00,NGG6@2016-01-27,40fae9efe8a3b0a0d065,1.0,False,False,-1.0,1.0,2.0,2.0,0.0,30.0,-20.000000000002,-50.000000000002004,100615.0,100665.0,50.0,0.0004966969651815428,active,,,forecast_signal,False,NGG6@2016-01-27,2016
2016-01-18 00:00:00+00:00,2016-01-18 00:00:00+00:00,NGG6@2016-01-27,40fae9efe8a3b0a0d065,1.0,False,False,1.0,1.0,0.0,0.0,0.0,0.0,520.0,520.0,101135.0,101135.0,0.0,0.0,active,,,forecast_signal,False,NGG6@2016-01-27,2016
2016-01-19 00:00:00+00:00,2016-01-19 00:00:00+00:00,NGG6@2016-01-27,40fae9efe8a3b0a0d065,1.0,False,False,1.0,1.0,0.0,0.0,0.0,0.0,-129.999999999999,-129.999999999999,101005.0,101135.0,130.0,0.0012854105898057052,active,,,forecast_signal,False,NGG6@2016-01-27,2016
2016-01-20 00:00:00+00:00,2016-01-20 00:00:00+00:00,NGG6@2016-01-27,014883f1e1c33f1857c1,0.0,True,False,1.0,0.0,-1.0,1.0,0.0,15.0,0.0,-15.0,100990.0,101135.0,15.0,0.0014337271963217482,active,,predicted_gross_pnl_not_above_round_trip_cost,predicted_gross_pnl_not_above_round_trip_cost,False,NGG6@2016-01-27,2016
2016-01-21 00:00:00+00:00,2016-01-21 00:00:00+00:00,NGG6@2016-01-27,8e840d55f12ce9b1e0db,-1.0,False,False,0.0,-1.0,-1.0,1.0,0.0,15.0,-210.00000000000298,-225.00000000000298,100765.0,101135.0,225.0,0.003658476294062392,active,,,forecast_signal,False,NGG6@2016-01-27,2016
2016-01-22 00:00:00+00:00,2016-01-22 00:00:00+00:00,NGG6@2016-01-27,313c2465aace2686949c,-1.0,False,False,-1.0,-1.0,0.0,0.0,0.0,0.0,80.0,80.0,100845.0,101135.0,0.0,0.0028674543926434965,active,,,forecast_signal,False,NGG6@2016-01-27,2016
2016-01-24 00:00:00+00:00,2016-01-24 00:00:00+00:00,NGG6@2016-01-27,3181dbe1855435f4b6de,-1.0,False,False,-1.0,-1.0,0.0,0.0,0.0,0.0,60.000000000002,60.000000000002,100905.0,101135.0,0.0,0.002274187966579325,active,,,forecast_signal,False,NGG6@2016-01-27,2016
2016-01-25 00:00:00+00:00,2016-01-25 00:00:00+00:00,NGG6@2016-01-27,3181dbe1855435f4b6de,-1.0,False,False,-1.0,-1.0,0.0,0.0,0.0,0.0,80.0,80.0,100985.0,101135.0,0.0,0.001483166065160429,active,,,forecast_signal,False,NGG6@2016-01-27,2016
2016-01-26 00:00:00+00:00,2016-01-26 00:00:00+00:00,NGG6@2016-01-27,dcafdab883ede52af340,-1.0,False,False,-1.0,-1.0,0.0,0.0,0.0,0.0,-360.0,-360.0,100625.0,101135.0,360.0,0.005042764621545459,active,,,forecast_signal,False,NGH6@2016-02-25,2016
2016-01-27 00:00:00+00:00,2016-01-27 00:00:00+00:00,NGH6@2016-02-25,4830dc868ed6ed21cbef,-1.0,False,False,-1.0,-1.0,0.0,2.0,2.0,30.0,80.0,50.0,100675.0,101135.0,0.0,0.00454837593315865,active,,,forecast_signal,True,NGH6@2016-02-25,2016
2016-01-28 00:00:00+00:00,2016-01-28 00:00:00+00:00,NGH6@2016-02-25,358d82f2c732f3af78ca,-1.0,False,False,-1.0,-1.0,0.0,0.0,0.0,0.0,-889.999999999999,-889.999999999999,99785.0,101135.0,890.0,0.013348494586443863,active,,,forecast_signal,False,NGH6@2016-02-25,2016
2016-01-29 00:00:00+00:00,2016-01-29 00:00:00+00:00,NGH6@2016-02-25,4b6b31ed252a6e84734c,0.0,True,False,-1.0,0.0,1.0,1.0,0.0,15.0,-0.0,-15.0,99770.0,101135.0,15.0,0.013496811192959906,active,,specialist_veto,specialist_veto,False,NGH6@2016-02-25,2016
2016-01-31 00:00:00+00:00,2016-01-31 00:00:00+00:00,NGH6@2016-02-25,9777e96fdadc9cf8bd7d,-1.0,False,False,0.0,-1.0,-1.0,1.0,0.0,15.0,-0.0,-15.0,99755.0,101135.0,15.0,0.013645127799475947,active,,,forecast_signal,False,NGH6@2016-02-25,2016
2016-02-01 00:00:00+00:00,2016-02-01 00:00:00+00:00,NGH6@2016-02-25,9777e96fdadc9cf8bd7d,-1.0,False,False,-1.0,-1.0,0.0,0.0,0.0,0.0,760.0,760.0,100515.0,101135.0,0.0,0.006130419735996441,active,,,forecast_signal,False,NGH6@2016-02-25,2016
2016-02-02 00:00:00+00:00,2016-02-02 00:00:00+00:00,NGH6@2016-02-25,f94d77ab7b78f59c3f54,-1.0,False,False,-1.0,-1.0,0.0,0.0,0.0,0.0,1049.999999999999,1049.999999999999,101565.0,101565.0,0.0,0.0,active,,,forecast_signal,False,NGH6@2016-02-25,2016
2016-02-03 00:00:00+00:00,2016-02-03 00:00:00+00:00,NGH6@2016-02-25,4d56a51b043f74ca7d55,-1.0,False,False,-1.0,-1.0,0.0,0.0,0.0,0.0,49.999999999997996,49.999999999997996,101615.0,101615.0,0.0,0.0,active,,,forecast_signal,False,NGH6@2016-02-25,2016
2016-02-04 00:00:00+00:00,2016-02-04 00:00:00+00:00,NGH6@2016-02-25,c210023235fbc0c963b1,-1.0,False,False,-1.0,-1.0,0.0,0.0,0.0,0.0,390.00000000000097,390.00000000000097,102005.0,102005.0,0.0,0.0,active,,,forecast_signal,False,NGH6@2016-02-25,2016
2016-02-05 00:00:00+00:00,2016-02-05 00:00:00+00:00,NGH6@2016-02-25,cbf702ac64d873210d90,0.0,True,False,-1.0,0.0,1.0,1.0,0.0,15.0,0.0,-15.0,101990.0,102005.0,15.0,0.00014705161511690605,active,,specialist_veto,specialist_veto,False,NGH6@2016-02-25,2016
2016-02-07 00:00:00+00:00,2016-02-07 00:00:00+00:00,NGH6@2016-02-25,2a338e1e859cc4774b2e,0.0,True,False,0.0,0.0,0.0,0.0,0.0,0.0,0.0,0.0,101990.0,102005.0,0.0,0.00014705161511690605,active,,specialist_veto,specialist_veto,False,NGH6@2016-02-25,2016
2016-02-08 00:00:00+00:00,2016-02-08 00:00:00+00:00,NGH6@2016-02-25,2a338e1e859cc4774b2e,0.0,True,False,0.0,0.0,0.0,0.0,0.0,0.0,-0.0,-0.0,101990.0,102005.0,0.0,0.00014705161511690605,active,,specialist_veto,specialist_veto,False,NGH6@2016-02-25,2016
2016-02-09 00:00:00+00:00,2016-02-09 00:00:00+00:00,NGH6@2016-02-25,6b79fccf548064493013,-1.0,False,False,0.0,-1.0,-1.0,1.0,0.0,15.0,289.99999999999903,274.99999999999903,102265.0,102265.0,0.0,0.0,active,,,forecast_signal,False,NGH6@2016-02-25,2016
2016-02-10 00:00:00+00:00,2016-02-10 00:00:00+00:00,NGH6@2016-02-25,4a317663a900ae27c8b3,-1.0,False,False,-1.0,-1.0,0.0,0.0,0.0,0.0,360.0,360.0,102625.0,102625.0,0.0,0.0,active,,,forecast_signal,False,NGH6@2016-02-25,2016
2016-02-11 00:00:00+00:00,2016-02-11 00:00:00+00:00,NGH6@2016-02-25,61644af8db83882cda4c,-1.0,False,False,-1.0,-1.0,0.0,0.0,0.0,0.0,680.0,680.0,103305.0,103305.0,0.0,0.0,active,,,forecast_signal,False,NGH6@2016-02-25,2016
2016-02-12 00:00:00+00:00,2016-02-12 00:00:00+00:00,NGH6@2016-02-25,566d4d03d830f861ed1a,-1.0,False,False,-1.0,-1.0,0.0,0.0,0.0,0.0,390.00000000000097,390.00000000000097,103695.0,103695.0,0.0,0.0,active,,,forecast_signal,False,NGH6@2016-02-25,2016
2016-02-14 00:00:00+00:00,2016-02-14 00:00:00+00:00,NGH6@2016-02-25,b51b27a627a0671ab252,-1.0,False,False,-1.0,-1.0,0.0,0.0,0.0,0.0,149.999999999999,149.999999999999,103845.0,103845.0,0.0,0.0,active,,,forecast_signal,False,NGH6@2016-02-25,2016
2016-02-15 00:00:00+00:00,2016-02-15 00:00:00+00:00,NGH6@2016-02-25,b51b27a627a0671ab252,-1.0,False,False,-1.0,-1.0,0.0,0.0,0.0,0.0,200.0,200.0,104045.0,104045.0,0.0,0.0,active,,,forecast_signal,False,NGH6@2016-02-25,2016
2016-02-16 00:00:00+00:00,2016-02-16 00:00:00+00:00,NGH6@2016-02-25,b51b27a627a0671ab252,-1.0,False,False,-1.0,-1.0,0.0,0.0,0.0,0.0,20.0,20.0,104065.0,104065.0,0.0,0.0,active,,,forecast_signal,False,NGH6@2016-02-25,2016
2016-02-17 00:00:00+00:00,2016-02-17 00:00:00+00:00,NGH6@2016-02-25,7d370a6a6996b687d92d,-1.0,False,False,-1.0,-1.0,0.0,0.0,0.0,0.0,-220.0,-220.0,103845.0,104065.0,220.0,0.0021140633258059866,active,,,forecast_signal,False,NGH6@2016-02-25,2016
2016-02-18 00:00:00+00:00,2016-02-18 00:00:00+00:00,NGH6@2016-02-25,a6142c5dd86988350c31,-1.0,False,False,-1.0,-1.0,0.0,0.0,0.0,0.0,720.0,720.0,104565.0,104565.0,0.0,0.0,active,,,forecast_signal,False,NGH6@2016-02-25,2016
2016-02-19 00:00:00+00:00,2016-02-19 00:00:00+00:00,NGH6@2016-02-25,7aa2b1e45709c5398fe0,-1.0,False,False,-1.0,-1.0,0.0,0.0,0.0,0.0,809.9999999999991,809.9999999999991,105375.0,105375.0,0.0,0.0,active,,,forecast_signal,False,NGH6@2016-02-25,2016
2016-02-21 00:00:00+00:00,2016-02-21 00:00:00+00:00,NGH6@2016-02-25,00218f0f0a70ed71d534,-1.0,False,False,-1.0,-1.0,0.0,0.0,0.0,0.0,-49.999999999997996,-49.999999999997996,105325.0,105375.0,50.0,0.00047449584816132857,active,,,forecast_signal,False,NGH6@2016-02-25,2016
2016-02-22 00:00:00+00:00,2016-02-22 00:00:00+00:00,NGH6@2016-02-25,00218f0f0a70ed71d534,-1.0,False,False,-1.0,-1.0,0.0,0.0,0.0,0.0,-460.0,-460.0,104865.0,105375.0,460.0,0.004839857651245552,active,,,forecast_signal,False,NGH6@2016-02-25,2016
2016-02-23 00:00:00+00:00,2016-02-23 00:00:00+00:00,NGH6@2016-02-25,0b294dcf081aee67a194,-1.0,False,False,-1.0,-1.0,0.0,0.0,0.0,0.0,540.0,540.0,105405.0,105405.0,0.0,0.0,active,,,forecast_signal,False,NGJ6@2016-03-29,2016
2016-02-24 00:00:00+00:00,2016-02-24 00:00:00+00:00,NGJ6@2016-03-29,06ad346902dfc08664b9,0.0,True,False,-1.0,0.0,1.0,1.0,1.0,15.0,-0.0,-15.0,105390.0,105405.0,15.0,0.00014230823964707557,active,,specialist_veto,specialist_veto,True,NGJ6@2016-03-29,2016
2016-02-25 00:00:00+00:00,2016-02-25 00:00:00+00:00,NGJ6@2016-03-29,2c0fd65394ba8b72f0c3,-1.0,False,False,0.0,-1.0,-1.0,1.0,0.0,15.0,360.0,345.0,105735.0,105735.0,0.0,0.0,active,,,forecast_signal,False,NGJ6@2016-03-29,2016
2016-02-26 00:00:00+00:00,2016-02-26 00:00:00+00:00,NGJ6@2016-03-29,188dcdcc33fb790ae69f,-1.0,False,False,-1.0,-1.0,0.0,0.0,0.0,0.0,809.9999999999991,809.9999999999991,106545.0,106545.0,0.0,0.0,active,,,forecast_signal,False,NGJ6@2016-03-29,2016
2016-02-28 00:00:00+00:00,2016-02-28 00:00:00+00:00,NGJ6@2016-03-29,56978311efdecb64a8fc,-1.0,False,False,-1.0,-1.0,0.0,0.0,0.0,0.0,-80.0,-80.0,106465.0,106545.0,80.0,0.0007508564456333005,active,,,forecast_signal,False,NGJ6@2016-03-29,2016
2016-02-29 00:00:00+00:00,2016-02-29 00:00:00+00:00,NGJ6@2016-03-29,56978311efdecb64a8fc,-1.0,False,False,-1.0,-1.0,0.0,0.0,0.0,0.0,170.000000000001,170.000000000001,106635.0,106635.0,0.0,0.0,active,,,forecast_signal,False,NGJ6@2016-03-29,2016
2016-03-01 00:00:00+00:00,2016-03-01 00:00:00+00:00,NGJ6@2016-03-29,4c07e7ca09a1b728ab1e,-1.0,False,False,-1.0,-1.0,0.0,0.0,0.0,0.0,-410.00000000000097,-410.00000000000097,106225.0,106635.0,410.0,0.003844891452149857,active,,,forecast_signal,False,NGJ6@2016-03-29,2016
2016-03-02 00:00:00+00:00,2016-03-02 00:00:00+00:00,NGJ6@2016-03-29,ed490796c6f3c4411511,1.0,False,False,-1.0,1.0,2.0,2.0,0.0,30.0,-740.0,-770.0,105455.0,106635.0,770.0,0.01106578515496788,active,,,forecast_signal,False,NGJ6@2016-03-29,2016
2016-03-03 00:00:00+00:00,2016-03-03 00:00:00+00:00,NGJ6@2016-03-29,29fbe2aed2fb23c12e42,-1.0,False,False,1.0,-1.0,-2.0,2.0,0.0,30.0,390.00000000000097,360.00000000000097,105815.0,106635.0,0.0,0.007689782904299714,active,,,forecast_signal,False,NGJ6@2016-03-29,2016
2016-03-04 00:00:00+00:00,2016-03-04 00:00:00+00:00,NGJ6@2016-03-29,24a217f86bfa87daa556,1.0,False,False,-1.0,1.0,2.0,2.0,0.0,30.0,-20.0,-50.0,105765.0,106635.0,50.0,0.008158672105781403,active,,,forecast_signal,False,NGJ6@2016-03-29,2016
2016-03-06 00:00:00+00:00,2016-03-06 00:00:00+00:00,NGJ6@2016-03-29,aa25b83f9c8abe0f5f02,1.0,False,False,1.0,1.0,0.0,0.0,0.0,0.0,-79.999999999997,-79.999999999997,105685.0,106635.0,80.0,0.008908894828152108,active,,,forecast_signal,False,NGJ6@2016-03-29,2016
2016-03-07 00:00:00+00:00,2016-03-07 00:00:00+00:00,NGJ6@2016-03-29,aa25b83f9c8abe0f5f02,1.0,False,False,1.0,1.0,0.0,0.0,0.0,0.0,869.999999999999,869.999999999999,106555.0,106635.0,0.0,0.0007502227223707038,active,,,forecast_signal,False,NGJ6@2016-03-29,2016
2016-03-08 00:00:00+00:00,2016-03-08 00:00:00+00:00,NGJ6@2016-03-29,c8f869bd580631c21231,-1.0,False,False,1.0,-1.0,-2.0,2.0,0.0,30.0,-200.0,-230.0,106325.0,106635.0,230.0,0.002907113049186477,active,,,forecast_signal,False,NGJ6@2016-03-29,2016
2016-03-09 00:00:00+00:00,2016-03-09 00:00:00+00:00,NGJ6@2016-03-29,db43caa3584420b9ce0a,1.0,False,False,-1.0,1.0,2.0,2.0,0.0,30.0,409.999999999999,379.999999999999,106705.0,106705.0,0.0,0.0,active,,,forecast_signal,False,NGJ6@2016-03-29,2016
2016-03-10 00:00:00+00:00,2016-03-10 00:00:00+00:00,NGJ6@2016-03-29,b17cf208e44b737086b3,1.0,False,False,1.0,1.0,0.0,0.0,0.0,0.0,400.0,400.0,107105.0,107105.0,0.0,0.0,active,,,forecast_signal,False,NGJ6@2016-03-29,2016
2016-03-11 00:00:00+00:00,2016-03-11 00:00:00+00:00,NGJ6@2016-03-29,db65106e01ddad6e482a,1.0,False,False,1.0,1.0,0.0,0.0,0.0,0.0,100.0,100.0,107205.0,107205.0,0.0,0.0,active,,,forecast_signal,False,NGJ6@2016-03-29,2016
2016-03-13 00:00:00+00:00,2016-03-13 00:00:00+00:00,NGJ6@2016-03-29,8601a4a78dfbc44b2d92,1.0,False,False,1.0,1.0,0.0,0.0,0.0,0.0,-150.000000000001,-150.000000000001,107055.0,107205.0,150.0,0.0013991884706870015,active,,,forecast_signal,False,NGJ6@2016-03-29,2016
2016-03-14 00:00:00+00:00,2016-03-14 00:00:00+00:00,NGJ6@2016-03-29,8601a4a78dfbc44b2d92,1.0,False,False,1.0,1.0,0.0,0.0,0.0,0.0,260.0,260.0,107315.0,107315.0,0.0,0.0,active,,,forecast_signal,False,NGJ6@2016-03-29,2016
2016-03-15 00:00:00+00:00,2016-03-15 00:00:00+00:00,NGJ6@2016-03-29,71a0de81386007c1da73,0.0,True,False,1.0,0.0,-1.0,1.0,0.0,15.0,0.0,-15.0,107300.0,107315.0,15.0,0.00013977542747984904,active,,specialist_veto,specialist_veto,False,NGJ6@2016-03-29,2016
2016-03-16 00:00:00+00:00,2016-03-16 00:00:00+00:00,NGJ6@2016-03-29,3e808852bfcaf5c7cf0b,0.0,True,False,0.0,0.0,0.0,0.0,0.0,0.0,0.0,0.0,107300.0,107315.0,0.0,0.00013977542747984904,active,,specialist_veto,specialist_veto,False,NGJ6@2016-03-29,2016
2016-03-17 00:00:00+00:00,2016-03-17 00:00:00+00:00,NGJ6@2016-03-29,631c18f9aba84dbeb5db,0.0,True,False,0.0,0.0,0.0,0.0,0.0,0.0,0.0,0.0,107300.0,107315.0,0.0,0.00013977542747984904,active,,specialist_veto,specialist_veto,False,NGJ6@2016-03-29,2016
2016-03-18 00:00:00+00:00,2016-03-18 00:00:00+00:00,NGJ6@2016-03-29,a52a103d0ef99d0d46f1,1.0,False,False,0.0,1.0,1.0,1.0,0.0,15.0,-469.99999999999903,-484.99999999999903,106815.0,107315.0,485.0,0.004659180915994968,active,,,forecast_signal,False,NGJ6@2016-03-29,2016
2016-03-20 00:00:00+00:00,2016-03-20 00:00:00+00:00,NGJ6@2016-03-29,379c6dc8e3856fccdf4d,1.0,False,False,1.0,1.0,0.0,0.0,0.0,0.0,-30.000000000001,-30.000000000001,106785.0,107315.0,30.0,0.0049387317709546665,active,,,forecast_signal,False,NGJ6@2016-03-29,2016
2016-03-21 00:00:00+00:00,2016-03-21 00:00:00+00:00,NGJ6@2016-03-29,379c6dc8e3856fccdf4d,1.0,False,False,1.0,1.0,0.0,0.0,0.0,0.0,-869.999999999999,-869.999999999999,105915.0,107315.0,870.0,0.013045706564785911,active,,,forecast_signal,False,NGJ6@2016-03-29,2016
2016-03-22 00:00:00+00:00,2016-03-22 00:00:00+00:00,NGJ6@2016-03-29,379c6dc8e3856fccdf4d,1.0,False,False,1.0,1.0,0.0,0.0,0.0,0.0,610.000000000001,610.000000000001,106525.0,107315.0,0.0,0.007361505847272049,active,,,forecast_signal,False,NGJ6@2016-03-29,2016
2016-03-23 00:00:00+00:00,2016-03-23 00:00:00+00:00,NGJ6@2016-03-29,379c6dc8e3856fccdf4d,1.0,False,False,1.0,1.0,0.0,0.0,0.0,0.0,-859.9999999999999,-859.9999999999999,105665.0,107315.0,860.0,0.015375297022783395,active,,,forecast_signal,False,NGJ6@2016-03-29,2016
2016-03-24 00:00:00+00:00,2016-03-24 00:00:00+00:00,NGJ6@2016-03-29,379c6dc8e3856fccdf4d,1.0,False,False,1.0,1.0,0.0,0.0,0.0,0.0,69.999999999998,69.999999999998,105735.0,107315.0,0.0,0.014723011694544099,active,,,forecast_signal,False,NGJ6@2016-03-29,2016
2016-03-27 00:00:00+00:00,2016-03-27 00:00:00+00:00,NGJ6@2016-03-29,,0.0,True,False,1.0,0.0,-1.0,1.0,0.0,15.0,0.0,-15.0,105720.0,107315.0,15.0,0.014862787122023949,active,,forecast_horizon_expired,forecast_horizon_expired,False,NGJ6@2016-03-29,2016
2016-03-28 00:00:00+00:00,2016-03-28 00:00:00+00:00,NGJ6@2016-03-29,,0.0,True,False,0.0,0.0,0.0,0.0,0.0,0.0,0.0,0.0,105720.0,107315.0,0.0,0.014862787122023949,active,,forecast_horizon_expired,forecast_horizon_expired,False,NGJ6@2016-03-29,2016
2016-03-29 00:00:00+00:00,2016-03-29 00:00:00+00:00,NGJ6@2016-03-29,,0.0,True,False,0.0,0.0,0.0,0.0,0.0,0.0,0.0,0.0,105720.0,107315.0,0.0,0.014862787122023949,active,,forecast_horizon_expired,forecast_horizon_expired,False,,2016
2016-03-30 00:00:00+00:00,2016-03-30 00:00:00+00:00,NGK6@2016-04-27,,0.0,True,False,0.0,0.0,0.0,0.0,0.0,0.0,0.0,0.0,105720.0,107315.0,0.0,0.014862787122023949,active,,forecast_horizon_expired,forecast_horizon_expired,False,NGK6@2016-04-27,2016
2016-03-31 00:00:00+00:00,2016-03-31 00:00:00+00:00,NGK6@2016-04-27,,0.0,True,False,0.0,0.0,0.0,0.0,0.0,0.0,-0.0,-0.0,105720.0,107315.0,0.0,0.014862787122023949,active,,forecast_horizon_expired,forecast_horizon_expired,False,NGK6@2016-04-27,2016
2016-04-01 00:00:00+00:00,2016-04-01 00:00:00+00:00,NGK6@2016-04-27,3a6748a061fb29994cbe,0.0,True,False,0.0,0.0,0.0,0.0,0.0,0.0,0.0,0.0,105720.0,107315.0,0.0,0.014862787122023949,active,,specialist_veto,specialist_veto,False,NGK6@2016-04-27,2016
2016-04-03 00:00:00+00:00,2016-04-03 00:00:00+00:00,NGK6@2016-04-27,6ae4402def94f22b7b9c,0.0,True,False,0.0,0.0,0.0,0.0,0.0,0.0,-0.0,-0.0,105720.0,107315.0,0.0,0.014862787122023949,active,,specialist_veto,specialist_veto,False,NGK6@2016-04-27,2016
2016-04-04 00:00:00+00:00,2016-04-04 00:00:00+00:00,NGK6@2016-04-27,6ae4402def94f22b7b9c,0.0,True,False,0.0,0.0,0.0,0.0,0.0,0.0,0.0,0.0,105720.0,107315.0,0.0,0.014862787122023949,active,,specialist_veto,specialist_veto,False,NGK6@2016-04-27,2016
2016-04-05 00:00:00+00:00,2016-04-05 00:00:00+00:00,NGK6@2016-04-27,6fb02c004dc581776355,0.0,True,False,0.0,0.0,0.0,0.0,0.0,0.0,-0.0,-0.0,105720.0,107315.0,0.0,0.014862787122023949,active,,specialist_veto,specialist_veto,False,NGK6@2016-04-27,2016
2016-04-06 00:00:00+00:00,2016-04-06 00:00:00+00:00,NGK6@2016-04-27,129892ea53faefa41eee,1.0,False,False,0.0,1.0,1.0,1.0,0.0,15.0,-360.0,-375.0,105345.0,107315.0,375.0,0.018357172809020175,active,,,forecast_signal,False,NGK6@2016-04-27,2016
2016-04-07 00:00:00+00:00,2016-04-07 00:00:00+00:00,NGK6@2016-04-27,c36999e53602dbf72079,1.0,False,False,1.0,1.0,0.0,0.0,0.0,0.0,1149.999999999997,1149.999999999997,106495.0,107315.0,0.0,0.007641056702231748,active,,,forecast_signal,False,NGK6@2016-04-27,2016
2016-04-08 00:00:00+00:00,2016-04-08 00:00:00+00:00,NGK6@2016-04-27,df22b7ac6e6967454760,1.0,False,False,1.0,1.0,0.0,0.0,0.0,0.0,-629.9999999999969,-629.9999999999969,105865.0,107315.0,630.0,0.013511624656385408,active,,,forecast_signal,False,NGK6@2016-04-27,2016
2016-04-10 00:00:00+00:00,2016-04-10 00:00:00+00:00,NGK6@2016-04-27,c69980d8152b4922a68c,0.0,True,False,1.0,0.0,-1.0,1.0,0.0,15.0,-0.0,-15.0,105850.0,107315.0,15.0,0.013651400083865256,active,,predicted_gross_pnl_not_above_round_trip_cost,predicted_gross_pnl_not_above_round_trip_cost,False,NGK6@2016-04-27,2016
2016-04-11 00:00:00+00:00,2016-04-11 00:00:00+00:00,NGK6@2016-04-27,c69980d8152b4922a68c,0.0,True,False,0.0,0.0,0.0,0.0,0.0,0.0,-0.0,-0.0,105850.0,107315.0,0.0,0.013651400083865256,active,,predicted_gross_pnl_not_above_round_trip_cost,predicted_gross_pnl_not_above_round_trip_cost,False,NGK6@2016-04-27,2016
2016-04-12 00:00:00+00:00,2016-04-12 00:00:00+00:00,NGK6@2016-04-27,73dc1619dc70167ae6f8,0.0,True,False,0.0,0.0,0.0,0.0,0.0,0.0,0.0,0.0,105850.0,107315.0,0.0,0.013651400083865256,active,,specialist_veto,specialist_veto,False,NGK6@2016-04-27,2016
2016-04-13 00:00:00+00:00,2016-04-13 00:00:00+00:00,NGK6@2016-04-27,9534e67ee0b88be83be4,0.0,True,False,0.0,0.0,0.0,0.0,0.0,0.0,0.0,0.0,105850.0,107315.0,0.0,0.013651400083865256,active,,specialist_veto,specialist_veto,False,NGK6@2016-04-27,2016
2016-04-14 00:00:00+00:00,2016-04-14 00:00:00+00:00,NGK6@2016-04-27,57a13687411eba8aa1ee,-1.0,False,False,0.0,-1.0,-1.0,1.0,0.0,15.0,779.9999999999981,764.9999999999981,106615.0,107315.0,0.0,0.006522853282392956,active,,,forecast_signal,False,NGK6@2016-04-27,2016
2016-04-15 00:00:00+00:00,2016-04-15 00:00:00+00:00,NGK6@2016-04-27,aa87d53544d5427fd506,0.0,True,False,-1.0,0.0,1.0,1.0,0.0,15.0,-0.0,-15.0,106600.0,107315.0,15.0,0.006662628709872804,active,,specialist_veto,specialist_veto,False,NGK6@2016-04-27,2016
2016-04-17 00:00:00+00:00,2016-04-17 00:00:00+00:00,NGK6@2016-04-27,255db64aa7974e029c13,0.0,True,False,0.0,0.0,0.0,0.0,0.0,0.0,-0.0,-0.0,106600.0,107315.0,0.0,0.006662628709872804,active,,specialist_veto,specialist_veto,False,NGK6@2016-04-27,2016
2016-04-18 00:00:00+00:00,2016-04-18 00:00:00+00:00,NGK6@2016-04-27,255db64aa7974e029c13,0.0,True,False,0.0,0.0,0.0,0.0,0.0,0.0,0.0,0.0,106600.0,107315.0,0.0,0.006662628709872804,active,,specialist_veto,specialist_veto,False,NGK6@2016-04-27,2016
2016-04-19 00:00:00+00:00,2016-04-19 00:00:00+00:00,NGK6@2016-04-27,6d97b7b99b744da7dc0d,0.0,True,False,0.0,0.0,0.0,0.0,0.0,0.0,0.0,0.0,106600.0,107315.0,0.0,0.006662628709872804,active,,specialist_veto,specialist_veto,False,NGK6@2016-04-27,2016
2016-04-20 00:00:00+00:00,2016-04-20 00:00:00+00:00,NGK6@2016-04-27,b68936bee47d2e568a35,-1.0,False,False,0.0,-1.0,-1.0,1.0,0.0,15.0,-10.000000000002998,-25.000000000003,106575.0,107315.0,25.0,0.006895587755672553,active,,,forecast_signal,False,NGK6@2016-04-27,2016
2016-04-21 00:00:00+00:00,2016-04-21 00:00:00+00:00,NGK6@2016-04-27,2ed5465447613538f0fa,-1.0,False,False,-1.0,-1.0,0.0,0.0,0.0,0.0,180.000000000002,180.000000000002,106755.0,107315.0,0.0,0.005218282625914364,active,,,forecast_signal,False,NGK6@2016-04-27,2016
2016-04-22 00:00:00+00:00,2016-04-22 00:00:00+00:00,NGK6@2016-04-27,5969225b3c41090c1721,-1.0,False,False,-1.0,-1.0,0.0,0.0,0.0,0.0,-950.0000000000019,-950.0000000000019,105805.0,107315.0,950.0,0.014070726366304803,active,,,forecast_signal,False,NGK6@2016-04-27,2016
2016-04-24 00:00:00+00:00,2016-04-24 00:00:00+00:00,NGK6@2016-04-27,ceab3aca590636a0f873,-1.0,False,False,-1.0,-1.0,0.0,0.0,0.0,0.0,20.000000000002,20.000000000002,105825.0,107315.0,0.0,0.013884359129665005,active,,,forecast_signal,False,NGK6@2016-04-27,2016
2016-04-25 00:00:00+00:00,2016-04-25 00:00:00+00:00,NGK6@2016-04-27,ceab3aca590636a0f873,-1.0,False,False,-1.0,-1.0,0.0,0.0,0.0,0.0,800.0,800.0,106625.0,107315.0,0.0,0.006429669664073056,active,,,forecast_signal,False,NGK6@2016-04-27,2016
2016-04-26 00:00:00+00:00,2016-04-26 00:00:00+00:00,NGK6@2016-04-27,cf7fed5e0fbca12f5996,-1.0,False,False,-1.0,-1.0,0.0,0.0,0.0,0.0,360.0,360.0,106985.0,107315.0,0.0,0.0030750594045566787,active,,,forecast_signal,False,NGM6@2016-05-26,2016
2016-04-27 00:00:00+00:00,2016-04-27 00:00:00+00:00,NGM6@2016-05-26,2572ca24ddcd4f8c49e5,0.0,True,False,-1.0,0.0,1.0,1.0,1.0,15.0,-0.0,-15.0,106970.0,107315.0,15.0,0.003214834832036528,active,,specialist_veto,specialist_veto,True,NGM6@2016-05-26,2016
2016-04-28 00:00:00+00:00,2016-04-28 00:00:00+00:00,NGM6@2016-05-26,230047765db01a0be223,-1.0,False,False,0.0,-1.0,-1.0,1.0,0.0,15.0,919.9999999999959,904.9999999999959,107875.0,107875.0,0.0,0.0,active,,,forecast_signal,False,NGM6@2016-05-26,2016
2016-04-29 00:00:00+00:00,2016-04-29 00:00:00+00:00,NGM6@2016-05-26,eca85b4eb270ee05e471,-1.0,False,False,-1.0,-1.0,0.0,0.0,0.0,0.0,-689.999999999999,-689.999999999999,107185.0,107875.0,690.0,0.006396292004634994,active,,,forecast_signal,False,NGM6@2016-05-26,2016
2016-05-01 00:00:00+00:00,2016-05-01 00:00:00+00:00,NGM6@2016-05-26,6da0498b019df4c4cbfe,0.0,True,False,-1.0,0.0,1.0,1.0,0.0,15.0,0.0,-15.0,107170.0,107875.0,15.0,0.006535341830822711,active,,specialist_veto,specialist_veto,False,NGM6@2016-05-26,2016
2016-05-02 00:00:00+00:00,2016-05-02 00:00:00+00:00,NGM6@2016-05-26,6da0498b019df4c4cbfe,0.0,True,False,0.0,0.0,0.0,0.0,0.0,0.0,-0.0,-0.0,107170.0,107875.0,0.0,0.006535341830822711,active,,specialist_veto,specialist_veto,False,NGM6@2016-05-26,2016
2016-05-03 00:00:00+00:00,2016-05-03 00:00:00+00:00,NGM6@2016-05-26,bb95be44ee849c1add0a,-1.0,False,False,0.0,-1.0,-1.0,1.0,0.0,15.0,-329.999999999999,-344.999999999999,106825.0,107875.0,345.0,0.009733487833140209,active,,,forecast_signal,False,NGM6@2016-05-26,2016
2016-05-04 00:00:00+00:00,2016-05-04 00:00:00+00:00,NGM6@2016-05-26,4aebdedede508d80944e,0.0,True,False,-1.0,0.0,1.0,1.0,0.0,15.0,0.0,-15.0,106810.0,107875.0,15.0,0.009872537659327926,active,,specialist_veto,specialist_veto,False,NGM6@2016-05-26,2016
2016-05-05 00:00:00+00:00,2016-05-05 00:00:00+00:00,NGM6@2016-05-26,fdd3cc224e1d29506df5,-1.0,False,False,0.0,-1.0,-1.0,1.0,0.0,15.0,689.999999999999,674.999999999999,107485.0,107875.0,0.0,0.003615295480880649,active,,,forecast_signal,False,NGM6@2016-05-26,2016
2016-05-06 00:00:00+00:00,2016-05-06 00:00:00+00:00,NGM6@2016-05-26,57b79be6d2a7040b4258,-1.0,False,False,-1.0,-1.0,0.0,0.0,0.0,0.0,-320.0,-320.0,107165.0,107875.0,320.0,0.006581691772885284,active,,,forecast_signal,False,NGM6@2016-05-26,2016
2016-05-08 00:00:00+00:00,2016-05-08 00:00:00+00:00,NGM6@2016-05-26,ec67523868d3bc153326,0.0,True,False,-1.0,0.0,1.0,1.0,0.0,15.0,-0.0,-15.0,107150.0,107875.0,15.0,0.006720741599073001,active,,specialist_veto,specialist_veto,False,NGM6@2016-05-26,2016
2016-05-09 00:00:00+00:00,2016-05-09 00:00:00+00:00,NGM6@2016-05-26,ec67523868d3bc153326,0.0,True,False,0.0,0.0,0.0,0.0,0.0,0.0,0.0,0.0,107150.0,107875.0,0.0,0.006720741599073001,active,,specialist_veto,specialist_veto,False,NGM6@2016-05-26,2016
2016-05-10 00:00:00+00:00,2016-05-10 00:00:00+00:00,NGM6@2016-05-26,5399f3be73c0e345cf11,-1.0,False,False,0.0,-1.0,-1.0,1.0,0.0,15.0,-729.999999999999,-744.999999999999,106405.0,107875.0,745.0,0.013626882966396293,active,,,forecast_signal,False,NGM6@2016-05-26,2016
2016-05-11 00:00:00+00:00,2016-05-11 00:00:00+00:00,NGM6@2016-05-26,37f4c61b56499291debd,0.0,True,False,-1.0,0.0,1.0,1.0,0.0,15.0,-0.0,-15.0,106390.0,107875.0,15.0,0.013765932792584009,active,,specialist_veto,specialist_veto,False,NGM6@2016-05-26,2016
2016-05-12 00:00:00+00:00,2016-05-12 00:00:00+00:00,NGM6@2016-05-26,ca507a1baa60a31ca5bf,-1.0,False,False,0.0,-1.0,-1.0,1.0,0.0,15.0,360.0,345.0,106735.0,107875.0,0.0,0.010567786790266513,active,,,forecast_signal,False,NGM6@2016-05-26,2016
2016-05-13 00:00:00+00:00,2016-05-13 00:00:00+00:00,NGM6@2016-05-26,6fce91d1373fab174661,0.0,True,False,-1.0,0.0,1.0,1.0,0.0,15.0,-0.0,-15.0,106720.0,107875.0,15.0,0.010706836616454229,active,,specialist_veto,specialist_veto,False,NGM6@2016-05-26,2016
2016-05-15 00:00:00+00:00,2016-05-15 00:00:00+00:00,NGM6@2016-05-26,975d25d7b7cb783f31a1,-1.0,False,False,0.0,-1.0,-1.0,1.0,0.0,15.0,140.000000000002,125.00000000000199,106845.0,107875.0,0.0,0.00954808806488992,active,,,forecast_signal,False,NGM6@2016-05-26,2016
2016-05-16 00:00:00+00:00,2016-05-16 00:00:00+00:00,NGM6@2016-05-26,975d25d7b7cb783f31a1,-1.0,False,False,-1.0,-1.0,0.0,0.0,0.0,0.0,299.999999999998,299.999999999998,107145.0,107875.0,0.0,0.006767091541135573,active,,,forecast_signal,False,NGM6@2016-05-26,2016
2016-05-17 00:00:00+00:00,2016-05-17 00:00:00+00:00,NGM6@2016-05-26,e809be8fd3aaafd45278,0.0,True,False,-1.0,0.0,1.0,1.0,0.0,15.0,0.0,-15.0,107130.0,107875.0,15.0,0.006906141367323291,active,,specialist_veto,specialist_veto,False,NGM6@2016-05-26,2016
2016-05-18 00:00:00+00:00,2016-05-18 00:00:00+00:00,NGM6@2016-05-26,6cad43e67e5143bd479e,0.0,True,False,0.0,0.0,0.0,0.0,0.0,0.0,-0.0,-0.0,107130.0,107875.0,0.0,0.006906141367323291,active,,specialist_veto,specialist_veto,False,NGM6@2016-05-26,2016
2016-05-19 00:00:00+00:00,2016-05-19 00:00:00+00:00,NGM6@2016-05-26,48cba54bfd4aafb5de22,1.0,False,False,0.0,1.0,1.0,1.0,0.0,15.0,180.000000000002,165.000000000002,107295.0,107875.0,0.0,0.005376593279258401,active,,,forecast_signal,False,NGM6@2016-05-26,2016
2016-05-20 00:00:00+00:00,2016-05-20 00:00:00+00:00,NGM6@2016-05-26,6b699192878430fbff1f,0.0,True,False,1.0,0.0,-1.0,1.0,0.0,15.0,0.0,-15.0,107280.0,107875.0,15.0,0.005515643105446119,active,,predicted_gross_pnl_not_above_round_trip_cost,predicted_gross_pnl_not_above_round_trip_cost,False,NGM6@2016-05-26,2016
2016-05-22 00:00:00+00:00,2016-05-22 00:00:00+00:00,NGM6@2016-05-26,7c25259b058718bfbb6e,0.0,True,False,0.0,0.0,0.0,0.0,0.0,0.0,0.0,0.0,107280.0,107875.0,0.0,0.005515643105446119,active,,specialist_veto,specialist_veto,False,NGM6@2016-05-26,2016
2016-05-23 00:00:00+00:00,2016-05-23 00:00:00+00:00,NGM6@2016-05-26,7c25259b058718bfbb6e,0.0,True,False,0.0,0.0,0.0,0.0,0.0,0.0,-0.0,-0.0,107280.0,107875.0,0.0,0.005515643105446119,active,,specialist_veto,specialist_veto,False,NGM6@2016-05-26,2016
2016-05-24 00:00:00+00:00,2016-05-24 00:00:00+00:00,NGM6@2016-05-26,c32b7c342b5386c66776,0.0,True,False,0.0,0.0,0.0,0.0,0.0,0.0,-0.0,-0.0,107280.0,107875.0,0.0,0.005515643105446119,active,,specialist_veto,specialist_veto,False,NGN6@2016-06-28,2016
2016-05-25 00:00:00+00:00,2016-05-25 00:00:00+00:00,NGN6@2016-06-28,9cf01fd795a95b7f40c4,0.0,True,False,0.0,0.0,0.0,0.0,0.0,0.0,0.0,0.0,107280.0,107875.0,0.0,0.005515643105446119,active,,specialist_veto,specialist_veto,False,NGN6@2016-06-28,2016
2016-05-26 00:00:00+00:00,2016-05-26 00:00:00+00:00,NGN6@2016-06-28,f602d018e224bbd8795e,0.0,True,False,0.0,0.0,0.0,0.0,0.0,0.0,-0.0,-0.0,107280.0,107875.0,0.0,0.005515643105446119,active,,specialist_veto,specialist_veto,False,NGN6@2016-06-28,2016
2016-05-27 00:00:00+00:00,2016-05-27 00:00:00+00:00,NGN6@2016-06-28,951b57fb146dd49aaaaa,0.0,True,False,0.0,0.0,0.0,0.0,0.0,0.0,0.0,0.0,107280.0,107875.0,0.0,0.005515643105446119,active,,specialist_veto,specialist_veto,False,NGN6@2016-06-28,2016
2016-05-29 00:00:00+00:00,2016-05-29 00:00:00+00:00,NGN6@2016-06-28,927984567f9054f6ebaa,0.0,True,False,0.0,0.0,0.0,0.0,0.0,0.0,0.0,0.0,107280.0,107875.0,0.0,0.005515643105446119,active,,specialist_veto,specialist_veto,False,NGN6@2016-06-28,2016
2016-05-30 00:00:00+00:00,2016-05-30 00:00:00+00:00,NGN6@2016-06-28,927984567f9054f6ebaa,0.0,True,False,0.0,0.0,0.0,0.0,0.0,0.0,-0.0,-0.0,107280.0,107875.0,0.0,0.005515643105446119,active,,specialist_veto,specialist_veto,False,NGN6@2016-06-28,2016
2016-05-31 00:00:00+00:00,2016-05-31 00:00:00+00:00,NGN6@2016-06-28,927984567f9054f6ebaa,0.0,True,False,0.0,0.0,0.0,0.0,0.0,0.0,0.0,0.0,107280.0,107875.0,0.0,0.005515643105446119,active,,specialist_veto,specialist_veto,False,NGN6@2016-06-28,2016
2016-06-01 00:00:00+00:00,2016-06-01 00:00:00+00:00,NGN6@2016-06-28,c6751bdb8d350e0da14c,0.0,True,False,0.0,0.0,0.0,0.0,0.0,0.0,0.0,0.0,107280.0,107875.0,0.0,0.005515643105446119,active,,specialist_veto,specialist_veto,False,NGN6@2016-06-28,2016
2016-06-02 00:00:00+00:00,2016-06-02 00:00:00+00:00,NGN6@2016-06-28,dce8eff89983e14fa035,-1.0,False,False,0.0,-1.0,-1.0,1.0,0.0,15.0,-289.99999999999903,-304.99999999999903,106975.0,107875.0,305.0,0.008342989571263035,active,,,forecast_signal,False,NGN6@2016-06-28,2016
2016-06-03 00:00:00+00:00,2016-06-03 00:00:00+00:00,NGN6@2016-06-28,fef3c201a6bc2fa40eef,-1.0,False,False,-1.0,-1.0,0.0,0.0,0.0,0.0,-310.000000000001,-310.000000000001,106665.0,107875.0,310.0,0.011216685979142526,active,,,forecast_signal,False,NGN6@2016-06-28,2016
2016-06-05 00:00:00+00:00,2016-06-05 00:00:00+00:00,NGN6@2016-06-28,69864d33b8715743a5a5,-1.0,False,False,-1.0,-1.0,0.0,0.0,0.0,0.0,-200.0,-200.0,106465.0,107875.0,200.0,0.013070683661645422,active,,,forecast_signal,False,NGN6@2016-06-28,2016
2016-06-06 00:00:00+00:00,2016-06-06 00:00:00+00:00,NGN6@2016-06-28,69864d33b8715743a5a5,-1.0,False,False,-1.0,-1.0,0.0,0.0,0.0,0.0,160.0,160.0,106625.0,107875.0,0.0,0.011587485515643106,active,,,forecast_signal,False,NGN6@2016-06-28,2016
2016-06-07 00:00:00+00:00,2016-06-07 00:00:00+00:00,NGN6@2016-06-28,1afa15cdbae8db9340fb,-1.0,False,False,-1.0,-1.0,0.0,0.0,0.0,0.0,-390.00000000000097,-390.00000000000097,106235.0,107875.0,390.0,0.015202780996523755,active,,,forecast_signal,False,NGN6@2016-06-28,2016
2016-06-08 00:00:00+00:00,2016-06-08 00:00:00+00:00,NGN6@2016-06-28,24d6cc501b72dc66e3a1,-1.0,False,False,-1.0,-1.0,0.0,0.0,0.0,0.0,160.0,160.0,106395.0,107875.0,0.0,0.013719582850521437,active,,,forecast_signal,False,NGN6@2016-06-28,2016
2016-06-09 00:00:00+00:00,2016-06-09 00:00:00+00:00,NGN6@2016-06-28,78f811ea60049c438cc7,-1.0,False,False,-1.0,-1.0,0.0,0.0,0.0,0.0,-1269.999999999997,-1269.999999999997,105125.0,107875.0,1270.0,0.02549246813441483,active,,,forecast_signal,False,NGN6@2016-06-28,2016
2016-06-10 00:00:00+00:00,2016-06-10 00:00:00+00:00,NGN6@2016-06-28,9c01dcd50de46814ff44,0.0,True,False,-1.0,0.0,1.0,1.0,0.0,15.0,0.0,-15.0,105110.0,107875.0,15.0,0.02563151796060255,active,,specialist_veto,specialist_veto,False,NGN6@2016-06-28,2016
2016-06-12 00:00:00+00:00,2016-06-12 00:00:00+00:00,NGN6@2016-06-28,f2617ef69a1bd5b90e27,-1.0,False,False,0.0,-1.0,-1.0,1.0,0.0,15.0,20.000000000002,5.000000000002,105115.0,107875.0,0.0,0.025585168018539977,active,,,forecast_signal,False,NGN6@2016-06-28,2016
2016-06-13 00:00:00+00:00,2016-06-13 00:00:00+00:00,NGN6@2016-06-28,f2617ef69a1bd5b90e27,-1.0,False,False,-1.0,-1.0,0.0,0.0,0.0,0.0,160.0,160.0,105275.0,107875.0,0.0,0.02410196987253766,active,,,forecast_signal,False,NGN6@2016-06-28,2016
2016-06-14 00:00:00+00:00,2016-06-14 00:00:00+00:00,NGN6@2016-06-28,7aa41401c03069008169,-1.0,False,False,-1.0,-1.0,0.0,0.0,0.0,0.0,-260.000000000002,-260.000000000002,105015.0,107875.0,260.0,0.026512166859791426,active,,,forecast_signal,False,NGN6@2016-06-28,2016
2016-06-15 00:00:00+00:00,2016-06-15 00:00:00+00:00,NGN6@2016-06-28,a69dbd030f737cf746ed,-1.0,False,False,-1.0,-1.0,0.0,0.0,0.0,0.0,120.0,120.0,105135.0,107875.0,0.0,0.025399768250289688,active,,,forecast_signal,False,NGN6@2016-06-28,2016
2016-06-16 00:00:00+00:00,2016-06-16 00:00:00+00:00,NGN6@2016-06-28,97d28785236f85e9e31e,-1.0,False,False,-1.0,-1.0,0.0,0.0,0.0,0.0,70.000000000001,70.000000000001,105205.0,107875.0,0.0,0.024750869061413674,active,,,forecast_signal,False,NGN6@2016-06-28,2016
2016-06-17 00:00:00+00:00,2016-06-17 00:00:00+00:00,NGN6@2016-06-28,f6db1807e136fed61faf,-1.0,False,False,-1.0,-1.0,0.0,0.0,0.0,0.0,-680.0,-680.0,104525.0,107875.0,680.0,0.031054461181923523,active,,,forecast_signal,False,NGN6@2016-06-28,2016
2016-06-19 00:00:00+00:00,2016-06-19 00:00:00+00:00,NGN6@2016-06-28,396f4b44be7713df1780,0.0,True,False,-1.0,0.0,1.0,1.0,0.0,15.0,0.0,-15.0,104510.0,107875.0,15.0,0.03119351100811124,active,,specialist_veto,specialist_veto,False,NGN6@2016-06-28,2016
2016-06-20 00:00:00+00:00,2016-06-20 00:00:00+00:00,NGN6@2016-06-28,396f4b44be7713df1780,0.0,True,False,0.0,0.0,0.0,0.0,0.0,0.0,0.0,0.0,104510.0,107875.0,0.0,0.03119351100811124,active,,specialist_veto,specialist_veto,False,NGN6@2016-06-28,2016
2016-06-21 00:00:00+00:00,2016-06-21 00:00:00+00:00,NGN6@2016-06-28,6799222574e41b8e241f,-1.0,False,False,0.0,-1.0,-1.0,1.0,0.0,15.0,-129.999999999999,-144.999999999999,104365.0,107875.0,145.0,0.03253765932792584,active,,,forecast_signal,False,NGN6@2016-06-28,2016
2016-06-22 00:00:00+00:00,2016-06-22 00:00:00+00:00,NGN6@2016-06-28,1dc96c26e88e05476717,-1.0,False,False,-1.0,-1.0,0.0,0.0,0.0,0.0,739.9999999999981,739.9999999999981,105105.0,107875.0,0.0,0.025677867902665123,active,,,forecast_signal,False,NGN6@2016-06-28,2016
2016-06-23 00:00:00+00:00,2016-06-23 00:00:00+00:00,NGN6@2016-06-28,1dc96c26e88e05476717,-1.0,False,False,-1.0,-1.0,0.0,0.0,0.0,0.0,-120.0,-120.0,104985.0,107875.0,120.0,0.02679026651216686,active,,,forecast_signal,False,NGN6@2016-06-28,2016
2016-06-24 00:00:00+00:00,2016-06-24 00:00:00+00:00,NGN6@2016-06-28,1dc96c26e88e05476717,-1.0,False,False,-1.0,-1.0,0.0,0.0,0.0,0.0,520.0,520.0,105505.0,107875.0,0.0,0.021969872537659328,active,,,forecast_signal,False,NGN6@2016-06-28,2016
2016-06-26 00:00:00+00:00,2016-06-26 00:00:00+00:00,NGN6@2016-06-28,1dc96c26e88e05476717,-1.0,False,False,-1.0,-1.0,0.0,0.0,0.0,0.0,-80.0,-80.0,105425.0,107875.0,80.0,0.022711471610660488,active,,,forecast_signal,False,NGN6@2016-06-28,2016
2016-06-27 00:00:00+00:00,2016-06-27 00:00:00+00:00,NGN6@2016-06-28,1dc96c26e88e05476717,-1.0,False,False,-1.0,-1.0,0.0,0.0,0.0,0.0,-859.999999999998,-859.999999999998,104565.0,107875.0,860.0,0.030683661645422942,active,,,forecast_signal,False,NGN6@2016-06-28,2016
2016-06-28 00:00:00+00:00,2016-06-28 00:00:00+00:00,NGN6@2016-06-28,,0.0,True,False,-1.0,0.0,1.0,1.0,0.0,15.0,0.0,-15.0,104550.0,107875.0,15.0,0.03082271147161066,active,,forecast_horizon_expired,forecast_horizon_expired,False,,2016
2016-06-29 00:00:00+00:00,2016-06-29 00:00:00+00:00,NGQ6@2016-07-27,,0.0,True,False,0.0,0.0,0.0,0.0,0.0,0.0,0.0,0.0,104550.0,107875.0,0.0,0.03082271147161066,active,,forecast_horizon_expired,forecast_horizon_expired,False,NGQ6@2016-07-27,2016
2016-06-30 00:00:00+00:00,2016-06-30 00:00:00+00:00,NGQ6@2016-07-27,,0.0,True,False,0.0,0.0,0.0,0.0,0.0,0.0,0.0,0.0,104550.0,107875.0,0.0,0.03082271147161066,active,,forecast_horizon_expired,forecast_horizon_expired,False,NGQ6@2016-07-27,2016
2016-07-01 00:00:00+00:00,2016-07-01 00:00:00+00:00,NGQ6@2016-07-27,ab62224ac1ee4337a1ca,-1.0,False,False,0.0,-1.0,-1.0,1.0,0.0,15.0,190.000000000001,175.000000000001,104725.0,107875.0,0.0,0.029200463499420626,active,,,forecast_signal,False,NGQ6@2016-07-27,2016
2016-07-03 00:00:00+00:00,2016-07-03 00:00:00+00:00,NGQ6@2016-07-27,dafa7a614838cc94d700,0.0,True,False,-1.0,0.0,1.0,1.0,0.0,15.0,-0.0,-15.0,104710.0,107875.0,15.0,0.029339513325608343,active,,specialist_veto,specialist_veto,False,NGQ6@2016-07-27,2016
2016-07-04 00:00:00+00:00,2016-07-04 00:00:00+00:00,NGQ6@2016-07-27,dafa7a614838cc94d700,0.0,True,False,0.0,0.0,0.0,0.0,0.0,0.0,0.0,0.0,104710.0,107875.0,0.0,0.029339513325608343,active,,specialist_veto,specialist_veto,False,NGQ6@2016-07-27,2016
2016-07-05 00:00:00+00:00,2016-07-05 00:00:00+00:00,NGQ6@2016-07-27,dafa7a614838cc94d700,0.0,True,False,0.0,0.0,0.0,0.0,0.0,0.0,-0.0,-0.0,104710.0,107875.0,0.0,0.029339513325608343,active,,specialist_veto,specialist_veto,False,NGQ6@2016-07-27,2016
2016-07-06 00:00:00+00:00,2016-07-06 00:00:00+00:00,NGQ6@2016-07-27,8d4b4888429eb8174fe1,-1.0,False,False,0.0,-1.0,-1.0,1.0,0.0,15.0,-129.999999999999,-144.999999999999,104565.0,107875.0,145.0,0.030683661645422942,active,,,forecast_signal,False,NGQ6@2016-07-27,2016
2016-07-07 00:00:00+00:00,2016-07-07 00:00:00+00:00,NGQ6@2016-07-27,42359e07325f35631ff4,0.0,True,False,-1.0,0.0,1.0,1.0,0.0,15.0,-0.0,-15.0,104550.0,107875.0,15.0,0.03082271147161066,active,,specialist_veto,specialist_veto,False,NGQ6@2016-07-27,2016
2016-07-08 00:00:00+00:00,2016-07-08 00:00:00+00:00,NGQ6@2016-07-27,720833c4ef609baaa68e,0.0,True,False,0.0,0.0,0.0,0.0,0.0,0.0,0.0,0.0,104550.0,107875.0,0.0,0.03082271147161066,active,,specialist_veto,specialist_veto,False,NGQ6@2016-07-27,2016
2016-07-10 00:00:00+00:00,2016-07-10 00:00:00+00:00,NGQ6@2016-07-27,e9a7cf40b94ac7227374,0.0,True,False,0.0,0.0,0.0,0.0,0.0,0.0,0.0,0.0,104550.0,107875.0,0.0,0.03082271147161066,active,,specialist_veto,specialist_veto,False,NGQ6@2016-07-27,2016
2016-07-11 00:00:00+00:00,2016-07-11 00:00:00+00:00,NGQ6@2016-07-27,e9a7cf40b94ac7227374,0.0,True,False,0.0,0.0,0.0,0.0,0.0,0.0,-0.0,-0.0,104550.0,107875.0,0.0,0.03082271147161066,active,,specialist_veto,specialist_veto,False,NGQ6@2016-07-27,2016
2016-07-12 00:00:00+00:00,2016-07-12 00:00:00+00:00,NGQ6@2016-07-27,99fc6acd0a3c4608cce1,0.0,True,False,0.0,0.0,0.0,0.0,0.0,0.0,0.0,0.0,104550.0,107875.0,0.0,0.03082271147161066,active,,specialist_veto,specialist_veto,False,NGQ6@2016-07-27,2016
2016-07-13 00:00:00+00:00,2016-07-13 00:00:00+00:00,NGQ6@2016-07-27,59d7196887ebf5851939,0.0,True,False,0.0,0.0,0.0,0.0,0.0,0.0,0.0,0.0,104550.0,107875.0,0.0,0.03082271147161066,active,,specialist_veto,specialist_veto,False,NGQ6@2016-07-27,2016
2016-07-14 00:00:00+00:00,2016-07-14 00:00:00+00:00,NGQ6@2016-07-27,e3d767cae0de5cb40c28,0.0,True,False,0.0,0.0,0.0,0.0,0.0,0.0,-0.0,-0.0,104550.0,107875.0,0.0,0.03082271147161066,active,,specialist_veto,specialist_veto,False,NGQ6@2016-07-27,2016
2016-07-15 00:00:00+00:00,2016-07-15 00:00:00+00:00,NGQ6@2016-07-27,5afec9f97f69cc17d5ba,0.0,True,False,0.0,0.0,0.0,0.0,0.0,0.0,0.0,0.0,104550.0,107875.0,0.0,0.03082271147161066,active,,specialist_veto,specialist_veto,False,NGQ6@2016-07-27,2016
2016-07-17 00:00:00+00:00,2016-07-17 00:00:00+00:00,NGQ6@2016-07-27,85c7d666308bb86c2049,0.0,True,False,0.0,0.0,0.0,0.0,0.0,0.0,0.0,0.0,104550.0,107875.0,0.0,0.03082271147161066,active,,specialist_veto,specialist_veto,False,NGQ6@2016-07-27,2016
2016-07-18 00:00:00+00:00,2016-07-18 00:00:00+00:00,NGQ6@2016-07-27,85c7d666308bb86c2049,0.0,True,False,0.0,0.0,0.0,0.0,0.0,0.0,-0.0,-0.0,104550.0,107875.0,0.0,0.03082271147161066,active,,specialist_veto,specialist_veto,False,NGQ6@2016-07-27,2016
2016-07-19 00:00:00+00:00,2016-07-19 00:00:00+00:00,NGQ6@2016-07-27,4555b1c06ff567c1ee39,0.0,True,False,0.0,0.0,0.0,0.0,0.0,0.0,-0.0,-0.0,104550.0,107875.0,0.0,0.03082271147161066,active,,specialist_veto,specialist_veto,False,NGQ6@2016-07-27,2016
2016-07-20 00:00:00+00:00,2016-07-20 00:00:00+00:00,NGQ6@2016-07-27,df45aacc244a88e57cbd,0.0,True,False,0.0,0.0,0.0,0.0,0.0,0.0,-0.0,-0.0,104550.0,107875.0,0.0,0.03082271147161066,active,,specialist_veto,specialist_veto,False,NGQ6@2016-07-27,2016
2016-07-21 00:00:00+00:00,2016-07-21 00:00:00+00:00,NGQ6@2016-07-27,d769c19fbdd1641ce383,0.0,True,False,0.0,0.0,0.0,0.0,0.0,0.0,0.0,0.0,104550.0,107875.0,0.0,0.03082271147161066,active,,specialist_veto,specialist_veto,False,NGQ6@2016-07-27,2016
2016-07-22 00:00:00+00:00,2016-07-22 00:00:00+00:00,NGQ6@2016-07-27,1748e98b220f978019cb,0.0,True,False,0.0,0.0,0.0,0.0,0.0,0.0,0.0,0.0,104550.0,107875.0,0.0,0.03082271147161066,active,,specialist_veto,specialist_veto,False,NGQ6@2016-07-27,2016
2016-07-24 00:00:00+00:00,2016-07-24 00:00:00+00:00,NGQ6@2016-07-27,610f571263ebcbac99ab,0.0,True,False,0.0,0.0,0.0,0.0,0.0,0.0,0.0,0.0,104550.0,107875.0,0.0,0.03082271147161066,active,,specialist_veto,specialist_veto,False,NGQ6@2016-07-27,2016
2016-07-25 00:00:00+00:00,2016-07-25 00:00:00+00:00,NGQ6@2016-07-27,610f571263ebcbac99ab,0.0,True,False,0.0,0.0,0.0,0.0,0.0,0.0,-0.0,-0.0,104550.0,107875.0,0.0,0.03082271147161066,active,,specialist_veto,specialist_veto,False,NGQ6@2016-07-27,2016
2016-07-26 00:00:00+00:00,2016-07-26 00:00:00+00:00,NGQ6@2016-07-27,02d65fa8ce002395deda,-1.0,False,False,0.0,-1.0,-1.0,1.0,0.0,15.0,590.000000000001,575.000000000001,105125.0,107875.0,0.0,0.02549246813441483,active,,,forecast_signal,False,NGU6@2016-08-29,2016
2016-07-27 00:00:00+00:00,2016-07-27 00:00:00+00:00,NGU6@2016-08-29,1f1a247cb31d25de1f40,-1.0,False,False,-1.0,-1.0,0.0,2.0,2.0,30.0,-89.999999999998,-119.999999999998,105005.0,107875.0,120.0,0.02660486674391657,active,,,forecast_signal,True,NGU6@2016-08-29,2016
2016-07-28 00:00:00+00:00,2016-07-28 00:00:00+00:00,NGU6@2016-08-29,6f689a1691e423f0dc23,0.0,True,False,-1.0,0.0,1.0,1.0,0.0,15.0,0.0,-15.0,104990.0,107875.0,15.0,0.026743916570104286,active,,specialist_veto,specialist_veto,False,NGU6@2016-08-29,2016
2016-07-29 00:00:00+00:00,2016-07-29 00:00:00+00:00,NGU6@2016-08-29,41c1c2e3642c88e7f080,1.0,False,False,0.0,1.0,1.0,1.0,0.0,15.0,-140.000000000002,-155.000000000002,104835.0,107875.0,155.0,0.02818076477404403,active,,,forecast_signal,False,NGU6@2016-08-29,2016
2016-07-31 00:00:00+00:00,2016-07-31 00:00:00+00:00,NGU6@2016-08-29,bcea473f10135fdbf897,-1.0,False,False,1.0,-1.0,-2.0,2.0,0.0,30.0,-40.0,-70.0,104765.0,107875.0,70.0,0.028829663962920048,active,,,forecast_signal,False,NGU6@2016-08-29,2016
2016-08-01 00:00:00+00:00,2016-08-01 00:00:00+00:00,NGU6@2016-08-29,bcea473f10135fdbf897,-1.0,False,False,-1.0,-1.0,0.0,0.0,0.0,0.0,699.999999999998,699.999999999998,105465.0,107875.0,0.0,0.022340672074159906,active,,,forecast_signal,False,NGU6@2016-08-29,2016
2016-08-02 00:00:00+00:00,2016-08-02 00:00:00+00:00,NGU6@2016-08-29,80b3404c1af98d49638b,-1.0,False,False,-1.0,-1.0,0.0,0.0,0.0,0.0,440.0,440.0,105905.0,107875.0,0.0,0.018261877172653533,active,,,forecast_signal,False,NGU6@2016-08-29,2016
2016-08-03 00:00:00+00:00,2016-08-03 00:00:00+00:00,NGU6@2016-08-29,af8ccd28520bec0b8138,-1.0,False,False,-1.0,-1.0,0.0,0.0,0.0,0.0,-1040.0,-1040.0,104865.0,107875.0,1040.0,0.0279026651216686,active,,,forecast_signal,False,NGU6@2016-08-29,2016
2016-08-04 00:00:00+00:00,2016-08-04 00:00:00+00:00,NGU6@2016-08-29,57a16b4a825ad43f7b6a,-1.0,False,False,-1.0,-1.0,0.0,0.0,0.0,0.0,89.999999999998,89.999999999998,104955.0,107875.0,0.0,0.027068366164542293,active,,,forecast_signal,False,NGU6@2016-08-29,2016
2016-08-05 00:00:00+00:00,2016-08-05 00:00:00+00:00,NGU6@2016-08-29,2084475a2f957359a81d,-1.0,False,False,-1.0,-1.0,0.0,0.0,0.0,0.0,760.0,760.0,105715.0,107875.0,0.0,0.020023174971031288,active,,,forecast_signal,False,NGU6@2016-08-29,2016
2016-08-07 00:00:00+00:00,2016-08-07 00:00:00+00:00,NGU6@2016-08-29,dc2378521c07d4e0deb2,-1.0,False,False,-1.0,-1.0,0.0,0.0,0.0,0.0,129.999999999999,129.999999999999,105845.0,107875.0,0.0,0.018818076477404404,active,,,forecast_signal,False,NGU6@2016-08-29,2016
2016-08-08 00:00:00+00:00,2016-08-08 00:00:00+00:00,NGU6@2016-08-29,dc2378521c07d4e0deb2,-1.0,False,False,-1.0,-1.0,0.0,0.0,0.0,0.0,10.000000000002998,10.000000000002998,105855.0,107875.0,0.0,0.018725376593279257,active,,,forecast_signal,False,NGU6@2016-08-29,2016
2016-08-09 00:00:00+00:00,2016-08-09 00:00:00+00:00,NGU6@2016-08-29,e1ec703591ca7fc650f3,0.0,True,False,-1.0,0.0,1.0,1.0,0.0,15.0,-0.0,-15.0,105840.0,107875.0,15.0,0.018864426419466975,active,,specialist_veto,specialist_veto,False,NGU6@2016-08-29,2016
2016-08-10 00:00:00+00:00,2016-08-10 00:00:00+00:00,NGU6@2016-08-29,5058fcc4a702ba449fcd,0.0,True,False,0.0,0.0,0.0,0.0,0.0,0.0,-0.0,-0.0,105840.0,107875.0,0.0,0.018864426419466975,active,,specialist_veto,specialist_veto,False,NGU6@2016-08-29,2016
2016-08-11 00:00:00+00:00,2016-08-11 00:00:00+00:00,NGU6@2016-08-29,86a47daff14c8be9f826,0.0,True,False,0.0,0.0,0.0,0.0,0.0,0.0,-0.0,-0.0,105840.0,107875.0,0.0,0.018864426419466975,active,,specialist_veto,specialist_veto,False,NGU6@2016-08-29,2016
2016-08-12 00:00:00+00:00,2016-08-12 00:00:00+00:00,NGU6@2016-08-29,541900f535efda1ba9b8,-1.0,False,False,0.0,-1.0,-1.0,1.0,0.0,15.0,-400.0,-415.0,105425.0,107875.0,415.0,0.022711471610660488,active,,,forecast_signal,False,NGU6@2016-08-29,2016
2016-08-14 00:00:00+00:00,2016-08-14 00:00:00+00:00,NGU6@2016-08-29,923a5b2d3d0e89ecad3f,-1.0,False,False,-1.0,-1.0,0.0,0.0,0.0,0.0,-0.0,-0.0,105425.0,107875.0,0.0,0.022711471610660488,active,,,forecast_signal,False,NGU6@2016-08-29,2016
2016-08-15 00:00:00+00:00,2016-08-15 00:00:00+00:00,NGU6@2016-08-29,923a5b2d3d0e89ecad3f,-1.0,False,False,-1.0,-1.0,0.0,0.0,0.0,0.0,-230.000000000001,-230.000000000001,105195.0,107875.0,230.0,0.024843568945538817,active,,,forecast_signal,False,NGU6@2016-08-29,2016
2016-08-16 00:00:00+00:00,2016-08-16 00:00:00+00:00,NGU6@2016-08-29,e7d665063ff7cfcc0d9a,0.0,True,False,-1.0,0.0,1.0,1.0,0.0,15.0,0.0,-15.0,105180.0,107875.0,15.0,0.024982618771726535,active,,predicted_gross_pnl_not_above_round_trip_cost,predicted_gross_pnl_not_above_round_trip_cost,False,NGU6@2016-08-29,2016
2016-08-17 00:00:00+00:00,2016-08-17 00:00:00+00:00,NGU6@2016-08-29,b3315132d47c62fe4920,1.0,False,False,0.0,1.0,1.0,1.0,0.0,15.0,-60.000000000002,-75.00000000000199,105105.0,107875.0,75.0,0.025677867902665123,active,,,forecast_signal,False,NGU6@2016-08-29,2016
2016-08-18 00:00:00+00:00,2016-08-18 00:00:00+00:00,NGU6@2016-08-29,d0f8cb493a800475c16f,-1.0,False,False,1.0,-1.0,-2.0,2.0,0.0,30.0,-499.999999999998,-529.999999999998,104575.0,107875.0,530.0,0.0305909617612978,active,,,forecast_signal,False,NGU6@2016-08-29,2016
2016-08-19 00:00:00+00:00,2016-08-19 00:00:00+00:00,NGU6@2016-08-29,cec4bb85169e9904834b,0.0,True,False,-1.0,0.0,1.0,1.0,0.0,15.0,-0.0,-15.0,104560.0,107875.0,15.0,0.030730011587485517,active,,specialist_veto,specialist_veto,False,NGU6@2016-08-29,2016
2016-08-21 00:00:00+00:00,2016-08-21 00:00:00+00:00,NGU6@2016-08-29,f201605b7b2f700f3542,-1.0,False,False,0.0,-1.0,-1.0,1.0,0.0,15.0,-110.000000000001,-125.000000000001,104435.0,107875.0,125.0,0.03188876013904983,active,,,forecast_signal,False,NGU6@2016-08-29,2016
2016-08-22 00:00:00+00:00,2016-08-22 00:00:00+00:00,NGU6@2016-08-29,f201605b7b2f700f3542,-1.0,False,False,-1.0,-1.0,0.0,0.0,0.0,0.0,-619.999999999998,-619.999999999998,103815.0,107875.0,620.0,0.03763615295480881,active,,,forecast_signal,False,NGU6@2016-08-29,2016
2016-08-23 00:00:00+00:00,2016-08-23 00:00:00+00:00,NGU6@2016-08-29,8b99c740836e947bda78,1.0,False,False,-1.0,1.0,2.0,2.0,0.0,30.0,1000.0,970.0,104785.0,107875.0,0.0,0.028644264194669755,active,,,forecast_signal,False,NGU6@2016-08-29,2016
2016-08-24 00:00:00+00:00,2016-08-24 00:00:00+00:00,NGU6@2016-08-29,8b99c740836e947bda78,1.0,False,False,1.0,1.0,0.0,0.0,0.0,0.0,269.999999999996,269.999999999996,105055.0,107875.0,0.0,0.026141367323290844,active,,,forecast_signal,False,NGU6@2016-08-29,2016
2016-08-25 00:00:00+00:00,2016-08-25 00:00:00+00:00,NGU6@2016-08-29,8b99c740836e947bda78,1.0,False,False,1.0,1.0,0.0,0.0,0.0,0.0,480.0,480.0,105535.0,107875.0,0.0,0.021691772885283893,active,,,forecast_signal,False,NGU6@2016-08-29,2016
2016-08-26 00:00:00+00:00,2016-08-26 00:00:00+00:00,NGU6@2016-08-29,8b99c740836e947bda78,1.0,False,False,1.0,1.0,0.0,0.0,0.0,0.0,30.000000000001,30.000000000001,105565.0,107875.0,0.0,0.021413673232908458,active,,,forecast_signal,False,NGU6@2016-08-29,2016
2016-08-28 00:00:00+00:00,2016-08-28 00:00:00+00:00,NGU6@2016-08-29,8b99c740836e947bda78,1.0,False,False,1.0,1.0,0.0,0.0,0.0,0.0,80.0,80.0,105645.0,107875.0,0.0,0.0206720741599073,active,,,forecast_signal,False,NGU6@2016-08-29,2016
2016-08-29 00:00:00+00:00,2016-08-29 00:00:00+00:00,NGU6@2016-08-29,,0.0,True,False,1.0,0.0,-1.0,1.0,0.0,15.0,0.0,-15.0,105630.0,107875.0,15.0,0.02081112398609502,active,,forecast_horizon_expired,forecast_horizon_expired,False,,2016
2016-08-30 00:00:00+00:00,2016-08-30 00:00:00+00:00,NGV6@2016-09-28,,0.0,True,False,0.0,0.0,0.0,0.0,0.0,0.0,-0.0,-0.0,105630.0,107875.0,0.0,0.02081112398609502,active,,forecast_horizon_expired,forecast_horizon_expired,False,NGV6@2016-09-28,2016
2016-08-31 00:00:00+00:00,2016-08-31 00:00:00+00:00,NGV6@2016-09-28,,0.0,True,False,0.0,0.0,0.0,0.0,0.0,0.0,0.0,0.0,105630.0,107875.0,0.0,0.02081112398609502,active,,forecast_horizon_expired,forecast_horizon_expired,False,NGV6@2016-09-28,2016
2016-09-01 00:00:00+00:00,2016-09-01 00:00:00+00:00,NGV6@2016-09-28,1dc304f6410e1e334042,0.0,True,False,0.0,0.0,0.0,0.0,0.0,0.0,-0.0,-0.0,105630.0,107875.0,0.0,0.02081112398609502,active,,specialist_veto,specialist_veto,False,NGV6@2016-09-28,2016
2016-09-02 00:00:00+00:00,2016-09-02 00:00:00+00:00,NGV6@2016-09-28,23f15e300399ce2b5814,-1.0,False,False,0.0,-1.0,-1.0,1.0,0.0,15.0,390.00000000000097,375.00000000000097,106005.0,107875.0,0.0,0.017334878331402084,active,,,forecast_signal,False,NGV6@2016-09-28,2016
2016-09-04 00:00:00+00:00,2016-09-04 00:00:00+00:00,NGV6@2016-09-28,1f9e5ce01b9649e02f35,0.0,True,False,-1.0,0.0,1.0,1.0,0.0,15.0,-0.0,-15.0,105990.0,107875.0,15.0,0.017473928157589802,active,,specialist_veto,specialist_veto,False,NGV6@2016-09-28,2016
2016-09-05 00:00:00+00:00,2016-09-05 00:00:00+00:00,NGV6@2016-09-28,1f9e5ce01b9649e02f35,0.0,True,False,0.0,0.0,0.0,0.0,0.0,0.0,-0.0,-0.0,105990.0,107875.0,0.0,0.017473928157589802,active,,specialist_veto,specialist_veto,False,NGV6@2016-09-28,2016
2016-09-06 00:00:00+00:00,2016-09-06 00:00:00+00:00,NGV6@2016-09-28,1f9e5ce01b9649e02f35,0.0,True,False,0.0,0.0,0.0,0.0,0.0,0.0,-0.0,-0.0,105990.0,107875.0,0.0,0.017473928157589802,active,,specialist_veto,specialist_veto,False,NGV6@2016-09-28,2016
2016-09-07 00:00:00+00:00,2016-09-07 00:00:00+00:00,NGV6@2016-09-28,bb79028f0d5ef2adcc0c,0.0,True,False,0.0,0.0,0.0,0.0,0.0,0.0,-0.0,-0.0,105990.0,107875.0,0.0,0.017473928157589802,active,,specialist_veto,specialist_veto,False,NGV6@2016-09-28,2016
2016-09-08 00:00:00+00:00,2016-09-08 00:00:00+00:00,NGV6@2016-09-28,fa749464ff30da2a8fdb,0.0,True,False,0.0,0.0,0.0,0.0,0.0,0.0,0.0,0.0,105990.0,107875.0,0.0,0.017473928157589802,active,,specialist_veto,specialist_veto,False,NGV6@2016-09-28,2016
2016-09-09 00:00:00+00:00,2016-09-09 00:00:00+00:00,NGV6@2016-09-28,fa1cd67157c4027c331a,-1.0,False,False,0.0,-1.0,-1.0,1.0,0.0,15.0,-160.0,-175.0,105815.0,107875.0,175.0,0.01909617612977984,active,,,forecast_signal,False,NGV6@2016-09-28,2016
2016-09-11 00:00:00+00:00,2016-09-11 00:00:00+00:00,NGV6@2016-09-28,2b630432a11b374f2618,-1.0,False,False,-1.0,-1.0,0.0,0.0,0.0,0.0,-260.000000000002,-260.000000000002,105555.0,107875.0,260.0,0.021506373117033604,active,,,forecast_signal,False,NGV6@2016-09-28,2016
2016-09-12 00:00:00+00:00,2016-09-12 00:00:00+00:00,NGV6@2016-09-28,2b630432a11b374f2618,-1.0,False,False,-1.0,-1.0,0.0,0.0,0.0,0.0,-480.0,-480.0,105075.0,107875.0,480.0,0.025955967555040555,active,,,forecast_signal,False,NGV6@2016-09-28,2016
2016-09-13 00:00:00+00:00,2016-09-13 00:00:00+00:00,NGV6@2016-09-28,99b66968b7a4e1110b26,-1.0,False,False,-1.0,-1.0,0.0,0.0,0.0,0.0,-99.999999999997,-99.999999999997,104975.0,107875.0,100.0,0.026882966396292004,active,,,forecast_signal,False,NGV6@2016-09-28,2016
2016-09-14 00:00:00+00:00,2016-09-14 00:00:00+00:00,NGV6@2016-09-28,deeba32b7c479e0cfbc8,-1.0,False,False,-1.0,-1.0,0.0,0.0,0.0,0.0,120.0,120.0,105095.0,107875.0,0.0,0.025770567786790266,active,,,forecast_signal,False,NGV6@2016-09-28,2016
2016-09-15 00:00:00+00:00,2016-09-15 00:00:00+00:00,NGV6@2016-09-28,0d9f3732c084374c4021,-1.0,False,False,-1.0,-1.0,0.0,0.0,0.0,0.0,-230.000000000001,-230.000000000001,104865.0,107875.0,230.0,0.0279026651216686,active,,,forecast_signal,False,NGV6@2016-09-28,2016
2016-09-16 00:00:00+00:00,2016-09-16 00:00:00+00:00,NGV6@2016-09-28,43dab2946df5bc3adce4,-1.0,False,False,-1.0,-1.0,0.0,0.0,0.0,0.0,-409.999999999999,-409.999999999999,104455.0,107875.0,410.0,0.03170336037079954,active,,,forecast_signal,False,NGV6@2016-09-28,2016
2016-09-18 00:00:00+00:00,2016-09-18 00:00:00+00:00,NGV6@2016-09-28,688a7447def98efccf1f,-1.0,False,False,-1.0,-1.0,0.0,0.0,0.0,0.0,139.99999999999702,139.99999999999702,104595.0,107875.0,0.0,0.03040556199304751,active,,,forecast_signal,False,NGV6@2016-09-28,2016
2016-09-19 00:00:00+00:00,2016-09-19 00:00:00+00:00,NGV6@2016-09-28,688a7447def98efccf1f,-1.0,False,False,-1.0,-1.0,0.0,0.0,0.0,0.0,50.000000000003006,50.000000000003006,104645.0,107875.0,0.0,0.029942062572421786,active,,,forecast_signal,False,NGV6@2016-09-28,2016
2016-09-20 00:00:00+00:00,2016-09-20 00:00:00+00:00,NGV6@2016-09-28,93b3ec685d15404e3821,-1.0,False,False,-1.0,-1.0,0.0,0.0,0.0,0.0,-1310.000000000002,-1310.000000000002,103335.0,107875.0,1310.0,0.04208574739281576,active,,,forecast_signal,False,NGV6@2016-09-28,2016
2016-09-21 00:00:00+00:00,2016-09-21 00:00:00+00:00,NGV6@2016-09-28,f6bb43c0a85ce8d7d487,-1.0,False,False,-1.0,-1.0,0.0,0.0,0.0,0.0,-30.000000000001,-30.000000000001,103305.0,107875.0,30.0,0.042363847045191194,active,,,forecast_signal,False,NGV6@2016-09-28,2016
2016-09-22 00:00:00+00:00,2016-09-22 00:00:00+00:00,NGV6@2016-09-28,7901f835b9e843901d61,-1.0,False,False,-1.0,-1.0,0.0,0.0,0.0,0.0,690.000000000004,690.000000000004,103995.0,107875.0,0.0,0.0359675550405562,active,,,forecast_signal,False,NGV6@2016-09-28,2016
2016-09-23 00:00:00+00:00,2016-09-23 00:00:00+00:00,NGV6@2016-09-28,3f3c315169dc89f6af6d,-1.0,False,False,-1.0,-1.0,0.0,0.0,0.0,0.0,529.999999999999,529.999999999999,104525.0,107875.0,0.0,0.031054461181923523,active,,,forecast_signal,False,NGV6@2016-09-28,2016
2016-09-25 00:00:00+00:00,2016-09-25 00:00:00+00:00,NGV6@2016-09-28,50e7d06110c2826024bb,0.0,True,False,-1.0,0.0,1.0,1.0,0.0,15.0,0.0,-15.0,104510.0,107875.0,15.0,0.03119351100811124,active,,specialist_veto,specialist_veto,False,NGV6@2016-09-28,2016
2016-09-26 00:00:00+00:00,2016-09-26 00:00:00+00:00,NGV6@2016-09-28,50e7d06110c2826024bb,0.0,True,False,0.0,0.0,0.0,0.0,0.0,0.0,0.0,0.0,104510.0,107875.0,0.0,0.03119351100811124,active,,specialist_veto,specialist_veto,False,NGV6@2016-09-28,2016
2016-09-27 00:00:00+00:00,2016-09-27 00:00:00+00:00,NGV6@2016-09-28,a6b3af09473c8ccdce7c,0.0,True,False,0.0,0.0,0.0,0.0,0.0,0.0,-0.0,-0.0,104510.0,107875.0,0.0,0.03119351100811124,active,,specialist_veto,specialist_veto,False,NGX6@2016-10-27,2016
2016-09-28 00:00:00+00:00,2016-09-28 00:00:00+00:00,NGX6@2016-10-27,34cf5ee5143b17855435,0.0,True,False,0.0,0.0,0.0,0.0,0.0,0.0,0.0,0.0,104510.0,107875.0,0.0,0.03119351100811124,active,,specialist_veto,specialist_veto,False,NGX6@2016-10-27,2016
2016-09-29 00:00:00+00:00,2016-09-29 00:00:00+00:00,NGX6@2016-10-27,d8aa84149e427506a881,-1.0,False,False,0.0,-1.0,-1.0,1.0,0.0,15.0,579.9999999999981,564.9999999999981,105075.0,107875.0,0.0,0.025955967555040555,active,,,forecast_signal,False,NGX6@2016-10-27,2016
2016-09-30 00:00:00+00:00,2016-09-30 00:00:00+00:00,NGX6@2016-10-27,86d74635b55c27d04f6f,0.0,True,False,-1.0,0.0,1.0,1.0,0.0,15.0,-0.0,-15.0,105060.0,107875.0,15.0,0.026095017381228273,active,,specialist_veto,specialist_veto,False,NGX6@2016-10-27,2016
2016-10-02 00:00:00+00:00,2016-10-02 00:00:00+00:00,NGX6@2016-10-27,682e483d3a6d04abbb14,0.0,True,False,0.0,0.0,0.0,0.0,0.0,0.0,-0.0,-0.0,105060.0,107875.0,0.0,0.026095017381228273,active,,specialist_veto,specialist_veto,False,NGX6@2016-10-27,2016
2016-10-03 00:00:00+00:00,2016-10-03 00:00:00+00:00,NGX6@2016-10-27,682e483d3a6d04abbb14,0.0,True,False,0.0,0.0,0.0,0.0,0.0,0.0,0.0,0.0,105060.0,107875.0,0.0,0.026095017381228273,active,,specialist_veto,specialist_veto,False,NGX6@2016-10-27,2016
2016-10-04 00:00:00+00:00,2016-10-04 00:00:00+00:00,NGX6@2016-10-27,518d34dd8bc983782516,0.0,True,False,0.0,0.0,0.0,0.0,0.0,0.0,0.0,0.0,105060.0,107875.0,0.0,0.026095017381228273,active,,specialist_veto,specialist_veto,False,NGX6@2016-10-27,2016
2016-10-05 00:00:00+00:00,2016-10-05 00:00:00+00:00,NGX6@2016-10-27,372bb3e7cd2ca67c8504,0.0,True,False,0.0,0.0,0.0,0.0,0.0,0.0,0.0,0.0,105060.0,107875.0,0.0,0.026095017381228273,active,,specialist_veto,specialist_veto,False,NGX6@2016-10-27,2016
2016-10-06 00:00:00+00:00,2016-10-06 00:00:00+00:00,NGX6@2016-10-27,97bdc0dc76943fb076bf,0.0,True,False,0.0,0.0,0.0,0.0,0.0,0.0,0.0,0.0,105060.0,107875.0,0.0,0.026095017381228273,active,,specialist_veto,specialist_veto,False,NGX6@2016-10-27,2016
2016-10-07 00:00:00+00:00,2016-10-07 00:00:00+00:00,NGX6@2016-10-27,19b88dd12fee59d5c2ed,0.0,True,False,0.0,0.0,0.0,0.0,0.0,0.0,0.0,0.0,105060.0,107875.0,0.0,0.026095017381228273,active,,predicted_gross_pnl_not_above_round_trip_cost,predicted_gross_pnl_not_above_round_trip_cost,False,NGX6@2016-10-27,2016
2016-10-09 00:00:00+00:00,2016-10-09 00:00:00+00:00,NGX6@2016-10-27,9cfaea22ae890380093b,-1.0,False,False,0.0,-1.0,-1.0,1.0,0.0,15.0,310.000000000001,295.000000000001,105355.0,107875.0,0.0,0.0233603707995365,active,,,forecast_signal,False,NGX6@2016-10-27,2016
2016-10-10 00:00:00+00:00,2016-10-10 00:00:00+00:00,NGX6@2016-10-27,9cfaea22ae890380093b,-1.0,False,False,-1.0,-1.0,0.0,0.0,0.0,0.0,-1030.000000000002,-1030.000000000002,104325.0,107875.0,1030.0,0.03290845886442642,active,,,forecast_signal,False,NGX6@2016-10-27,2016
2016-10-11 00:00:00+00:00,2016-10-11 00:00:00+00:00,NGX6@2016-10-27,6e2571bec76f0ab1203c,-1.0,False,False,-1.0,-1.0,0.0,0.0,0.0,0.0,360.0,360.0,104685.0,107875.0,0.0,0.029571263035921204,active,,,forecast_signal,False,NGX6@2016-10-27,2016
2016-10-12 00:00:00+00:00,2016-10-12 00:00:00+00:00,NGX6@2016-10-27,791f3b6eebf3cd417469,-1.0,False,False,-1.0,-1.0,0.0,0.0,0.0,0.0,240.0,240.0,104925.0,107875.0,0.0,0.027346465816917728,active,,,forecast_signal,False,NGX6@2016-10-27,2016
2016-10-13 00:00:00+00:00,2016-10-13 00:00:00+00:00,NGX6@2016-10-27,0a41502647546aa9390e,-1.0,False,False,-1.0,-1.0,0.0,0.0,0.0,0.0,-1450.0,-1450.0,103475.0,107875.0,1450.0,0.04078794901506373,active,,,forecast_signal,False,NGX6@2016-10-27,2016
2016-10-14 00:00:00+00:00,2016-10-14 00:00:00+00:00,NGX6@2016-10-27,923fa689b30ab2bfe78c,-1.0,False,False,-1.0,-1.0,0.0,0.0,0.0,0.0,910.0000000000009,910.0000000000009,104385.0,107875.0,0.0,0.03235225955967555,active,,,forecast_signal,False,NGX6@2016-10-27,2016
2016-10-16 00:00:00+00:00,2016-10-16 00:00:00+00:00,NGX6@2016-10-27,798afc5e8264cc5e2a68,-1.0,False,False,-1.0,-1.0,0.0,0.0,0.0,0.0,149.999999999996,149.999999999996,104535.0,107875.0,0.0,0.030961761297798377,active,,,forecast_signal,False,NGX6@2016-10-27,2016
2016-10-17 00:00:00+00:00,2016-10-17 00:00:00+00:00,NGX6@2016-10-27,798afc5e8264cc5e2a68,-1.0,False,False,-1.0,-1.0,0.0,0.0,0.0,0.0,-69.999999999996,-69.999999999996,104465.0,107875.0,70.0,0.031610660486674394,active,,,forecast_signal,False,NGX6@2016-10-27,2016
2016-10-18 00:00:00+00:00,2016-10-18 00:00:00+00:00,NGX6@2016-10-27,4cb37824ee1a2685b439,0.0,True,False,-1.0,0.0,1.0,1.0,0.0,15.0,-0.0,-15.0,104450.0,107875.0,15.0,0.03174971031286211,active,,specialist_veto,specialist_veto,False,NGX6@2016-10-27,2016
2016-10-19 00:00:00+00:00,2016-10-19 00:00:00+00:00,NGX6@2016-10-27,1aafe69a7f741e4609f4,0.0,True,False,0.0,0.0,0.0,0.0,0.0,0.0,-0.0,-0.0,104450.0,107875.0,0.0,0.03174971031286211,active,,specialist_veto,specialist_veto,False,NGX6@2016-10-27,2016
2016-10-20 00:00:00+00:00,2016-10-20 00:00:00+00:00,NGX6@2016-10-27,a8501e83dd8e7834e54e,-1.0,False,False,0.0,-1.0,-1.0,1.0,0.0,15.0,720.0,705.0,105155.0,107875.0,0.0,0.0252143684820394,active,,,forecast_signal,False,NGX6@2016-10-27,2016
2016-10-21 00:00:00+00:00,2016-10-21 00:00:00+00:00,NGX6@2016-10-27,748ce738e3fdfbd6e78c,-1.0,False,False,-1.0,-1.0,0.0,0.0,0.0,0.0,969.9999999999991,969.9999999999991,106125.0,107875.0,0.0,0.016222479721900347,active,,,forecast_signal,False,NGX6@2016-10-27,2016
2016-10-23 00:00:00+00:00,2016-10-23 00:00:00+00:00,NGX6@2016-10-27,af57eee76c72fb4e392b,-1.0,False,False,-1.0,-1.0,0.0,0.0,0.0,0.0,-169.999999999999,-169.999999999999,105955.0,107875.0,170.0,0.01779837775202781,active,,,forecast_signal,False,NGX6@2016-10-27,2016
2016-10-24 00:00:00+00:00,2016-10-24 00:00:00+00:00,NGX6@2016-10-27,af57eee76c72fb4e392b,-1.0,False,False,-1.0,-1.0,0.0,0.0,0.0,0.0,1760.000000000001,1760.000000000001,107715.0,107875.0,0.0,0.0014831981460023175,active,,,forecast_signal,False,NGX6@2016-10-27,2016
2016-10-25 00:00:00+00:00,2016-10-25 00:00:00+00:00,NGX6@2016-10-27,5af1a26815889a61d583,-1.0,False,False,-1.0,-1.0,0.0,0.0,0.0,0.0,819.999999999998,819.999999999998,108535.0,108535.0,0.0,0.0,active,,,forecast_signal,False,NGZ6@2016-11-28,2016
2016-10-26 00:00:00+00:00,2016-10-26 00:00:00+00:00,NGZ6@2016-11-28,a983f5586e506d048c54,-1.0,False,False,-1.0,-1.0,0.0,2.0,2.0,30.0,670.000000000001,640.000000000001,109175.0,109175.0,0.0,0.0,active,,,forecast_signal,True,NGZ6@2016-11-28,2016
2016-10-27 00:00:00+00:00,2016-10-27 00:00:00+00:00,NGZ6@2016-11-28,764bfe04d1a7a0f4e9a9,0.0,True,False,-1.0,0.0,1.0,1.0,0.0,15.0,0.0,-15.0,109160.0,109175.0,15.0,0.00013739409205404168,active,,specialist_veto,specialist_veto,False,NGZ6@2016-11-28,2016
2016-10-28 00:00:00+00:00,2016-10-28 00:00:00+00:00,NGZ6@2016-11-28,8ccbc8fd015544d7b1f5,0.0,True,False,0.0,0.0,0.0,0.0,0.0,0.0,0.0,0.0,109160.0,109175.0,0.0,0.00013739409205404168,active,,specialist_veto,specialist_veto,False,NGZ6@2016-11-28,2016
2016-10-30 00:00:00+00:00,2016-10-30 00:00:00+00:00,NGZ6@2016-11-28,4337cdb582b9d88062bd,0.0,True,False,0.0,0.0,0.0,0.0,0.0,0.0,-0.0,-0.0,109160.0,109175.0,0.0,0.00013739409205404168,active,,specialist_veto,specialist_veto,False,NGZ6@2016-11-28,2016
2016-10-31 00:00:00+00:00,2016-10-31 00:00:00+00:00,NGZ6@2016-11-28,4337cdb582b9d88062bd,0.0,True,False,0.0,0.0,0.0,0.0,0.0,0.0,-0.0,-0.0,109160.0,109175.0,0.0,0.00013739409205404168,active,,specialist_veto,specialist_veto,False,NGZ6@2016-11-28,2016
2016-11-01 00:00:00+00:00,2016-11-01 00:00:00+00:00,NGZ6@2016-11-28,991b280e98e502bcb2fe,0.0,True,False,0.0,0.0,0.0,0.0,0.0,0.0,-0.0,-0.0,109160.0,109175.0,0.0,0.00013739409205404168,active,,specialist_veto,specialist_veto,False,NGZ6@2016-11-28,2016
2016-11-02 00:00:00+00:00,2016-11-02 00:00:00+00:00,NGZ6@2016-11-28,4cc40c0e63f65f10c553,-1.0,False,False,0.0,-1.0,-1.0,1.0,0.0,15.0,800.0,785.0,109945.0,109945.0,0.0,0.0,active,,,forecast_signal,False,NGZ6@2016-11-28,2016
2016-11-03 00:00:00+00:00,2016-11-03 00:00:00+00:00,NGZ6@2016-11-28,c883756071712c58cd48,0.0,True,False,-1.0,0.0,1.0,1.0,0.0,15.0,0.0,-15.0,109930.0,109945.0,15.0,0.00013643185228978127,active,,specialist_veto,specialist_veto,False,NGZ6@2016-11-28,2016
2016-11-04 00:00:00+00:00,2016-11-04 00:00:00+00:00,NGZ6@2016-11-28,2ba061e06e6ebd5e04cd,1.0,False,False,0.0,1.0,1.0,1.0,0.0,15.0,400.0,385.0,110315.0,110315.0,0.0,0.0,active,,,forecast_signal,False,NGZ6@2016-11-28,2016
2016-11-06 00:00:00+00:00,2016-11-06 00:00:00+00:00,NGZ6@2016-11-28,6082ea8f25cf30ef4798,1.0,False,False,1.0,1.0,0.0,0.0,0.0,0.0,0.0,0.0,110315.0,110315.0,0.0,0.0,active,,,forecast_signal,False,NGZ6@2016-11-28,2016
2016-11-07 00:00:00+00:00,2016-11-07 00:00:00+00:00,NGZ6@2016-11-28,6082ea8f25cf30ef4798,1.0,False,False,1.0,1.0,0.0,0.0,0.0,0.0,-129.999999999999,-129.999999999999,110185.0,110315.0,130.0,0.0011784435480215747,active,,,forecast_signal,False,NGZ6@2016-11-28,2016
2016-11-08 00:00:00+00:00,2016-11-08 00:00:00+00:00,NGZ6@2016-11-28,23a335f11562cf3c8629,1.0,False,False,1.0,1.0,0.0,0.0,0.0,0.0,-2189.999999999998,-2189.999999999998,107995.0,110315.0,2190.0,0.02103068485700041,killed,daily_loss_limit,,forecast_signal,False,NGZ6@2016-11-28,2016
2016-11-09 00:00:00+00:00,2016-11-09 00:00:00+00:00,NGZ6@2016-11-28,c39b004f8024f75b9ff0,1.0,False,True,1.0,0.0,-1.0,1.0,0.0,15.0,0.0,-15.0,107980.0,110315.0,15.0,0.02116665911254136,killed,daily_loss_limit,risk_killed_until_explicit_operator_restart,forecast_signal,False,NGZ6@2016-11-28,2016
2016-11-10 00:00:00+00:00,2016-11-10 00:00:00+00:00,NGZ6@2016-11-28,a76f1bc34a907e9a03c3,1.0,False,True,0.0,0.0,0.0,0.0,0.0,0.0,-0.0,-0.0,107980.0,110315.0,0.0,0.02116665911254136,killed,daily_loss_limit,risk_killed_until_explicit_operator_restart,forecast_signal,False,NGZ6@2016-11-28,2016
2016-11-11 00:00:00+00:00,2016-11-11 00:00:00+00:00,NGZ6@2016-11-28,5c454953c67a5a2c358c,1.0,False,True,0.0,0.0,0.0,0.0,0.0,0.0,0.0,0.0,107980.0,110315.0,0.0,0.02116665911254136,killed,daily_loss_limit,risk_killed_until_explicit_operator_restart,forecast_signal,False,NGZ6@2016-11-28,2016
2016-11-13 00:00:00+00:00,2016-11-13 00:00:00+00:00,NGZ6@2016-11-28,ea1eec7ec7d54971d1ef,1.0,False,True,0.0,0.0,0.0,0.0,0.0,0.0,-0.0,-0.0,107980.0,110315.0,0.0,0.02116665911254136,killed,daily_loss_limit,risk_killed_until_explicit_operator_restart,forecast_signal,False,NGZ6@2016-11-28,2016
2016-11-14 00:00:00+00:00,2016-11-14 00:00:00+00:00,NGZ6@2016-11-28,ea1eec7ec7d54971d1ef,1.0,False,True,0.0,0.0,0.0,0.0,0.0,0.0,0.0,0.0,107980.0,110315.0,0.0,0.02116665911254136,killed,daily_loss_limit,risk_killed_until_explicit_operator_restart,forecast_signal,False,NGZ6@2016-11-28,2016
2016-11-15 00:00:00+00:00,2016-11-15 00:00:00+00:00,NGZ6@2016-11-28,30bca88d0f190cd0217d,1.0,False,True,0.0,0.0,0.0,0.0,0.0,0.0,-0.0,-0.0,107980.0,110315.0,0.0,0.02116665911254136,killed,daily_loss_limit,risk_killed_until_explicit_operator_restart,forecast_signal,False,NGZ6@2016-11-28,2016
2016-11-16 00:00:00+00:00,2016-11-16 00:00:00+00:00,NGZ6@2016-11-28,1254502f5f5bb1aead8a,1.0,False,True,0.0,0.0,0.0,0.0,0.0,0.0,0.0,0.0,107980.0,110315.0,0.0,0.02116665911254136,killed,daily_loss_limit,risk_killed_until_explicit_operator_restart,forecast_signal,False,NGZ6@2016-11-28,2016
2016-11-17 00:00:00+00:00,2016-11-17 00:00:00+00:00,NGZ6@2016-11-28,df77027ecbbdccd1a587,1.0,False,True,0.0,0.0,0.0,0.0,0.0,0.0,-0.0,-0.0,107980.0,110315.0,0.0,0.02116665911254136,killed,daily_loss_limit,risk_killed_until_explicit_operator_restart,forecast_signal,False,NGZ6@2016-11-28,2016
2016-11-18 00:00:00+00:00,2016-11-18 00:00:00+00:00,NGZ6@2016-11-28,6c95fe38df9ae42e4a24,1.0,False,True,0.0,0.0,0.0,0.0,0.0,0.0,0.0,0.0,107980.0,110315.0,0.0,0.02116665911254136,killed,daily_loss_limit,risk_killed_until_explicit_operator_restart,forecast_signal,False,NGZ6@2016-11-28,2016
2016-11-20 00:00:00+00:00,2016-11-20 00:00:00+00:00,NGZ6@2016-11-28,7d36da62d115aa438fb4,-1.0,False,True,0.0,0.0,0.0,0.0,0.0,0.0,0.0,0.0,107980.0,110315.0,0.0,0.02116665911254136,killed,daily_loss_limit,risk_killed_until_explicit_operator_restart,forecast_signal,False,NGZ6@2016-11-28,2016
2016-11-21 00:00:00+00:00,2016-11-21 00:00:00+00:00,NGZ6@2016-11-28,7d36da62d115aa438fb4,-1.0,False,True,0.0,0.0,0.0,0.0,0.0,0.0,0.0,0.0,107980.0,110315.0,0.0,0.02116665911254136,killed,daily_loss_limit,risk_killed_until_explicit_operator_restart,forecast_signal,False,NGZ6@2016-11-28,2016
2016-11-22 00:00:00+00:00,2016-11-22 00:00:00+00:00,NGZ6@2016-11-28,773f06790b3a8c4121e3,-1.0,False,True,0.0,0.0,0.0,0.0,0.0,0.0,-0.0,-0.0,107980.0,110315.0,0.0,0.02116665911254136,killed,daily_loss_limit,risk_killed_until_explicit_operator_restart,forecast_signal,False,NGZ6@2016-11-28,2016
2016-11-23 00:00:00+00:00,2016-11-23 00:00:00+00:00,NGZ6@2016-11-28,773f06790b3a8c4121e3,-1.0,False,True,0.0,0.0,0.0,0.0,0.0,0.0,0.0,0.0,107980.0,110315.0,0.0,0.02116665911254136,killed,daily_loss_limit,risk_killed_until_explicit_operator_restart,forecast_signal,False,NGZ6@2016-11-28,2016
2016-11-24 00:00:00+00:00,2016-11-24 00:00:00+00:00,NGZ6@2016-11-28,773f06790b3a8c4121e3,-1.0,False,True,0.0,0.0,0.0,0.0,0.0,0.0,0.0,0.0,107980.0,110315.0,0.0,0.02116665911254136,killed,daily_loss_limit,risk_killed_until_explicit_operator_restart,forecast_signal,False,NGZ6@2016-11-28,2016
2016-11-25 00:00:00+00:00,2016-11-25 00:00:00+00:00,NGZ6@2016-11-28,773f06790b3a8c4121e3,-1.0,False,True,0.0,0.0,0.0,0.0,0.0,0.0,0.0,0.0,107980.0,110315.0,0.0,0.02116665911254136,killed,daily_loss_limit,risk_killed_until_explicit_operator_restart,forecast_signal,False,NGZ6@2016-11-28,2016
2016-11-27 00:00:00+00:00,2016-11-27 00:00:00+00:00,NGZ6@2016-11-28,773f06790b3a8c4121e3,-1.0,False,True,0.0,0.0,0.0,0.0,0.0,0.0,0.0,0.0,107980.0,110315.0,0.0,0.02116665911254136,killed,daily_loss_limit,risk_killed_until_explicit_operator_restart,forecast_signal,False,NGZ6@2016-11-28,2016
2016-11-28 00:00:00+00:00,2016-11-28 00:00:00+00:00,NGZ6@2016-11-28,,0.0,True,True,0.0,0.0,0.0,0.0,0.0,0.0,0.0,0.0,107980.0,110315.0,0.0,0.02116665911254136,killed,daily_loss_limit,risk_killed_until_explicit_operator_restart,forecast_horizon_expired,False,,2016
2016-11-29 00:00:00+00:00,2016-11-29 00:00:00+00:00,NGF7@2016-12-28,,0.0,True,True,0.0,0.0,0.0,0.0,0.0,0.0,-0.0,-0.0,107980.0,110315.0,0.0,0.02116665911254136,killed,daily_loss_limit,risk_killed_until_explicit_operator_restart,forecast_horizon_expired,False,NGF7@2016-12-28,2016
2016-11-30 00:00:00+00:00,2016-11-30 00:00:00+00:00,NGF7@2016-12-28,,0.0,True,True,0.0,0.0,0.0,0.0,0.0,0.0,0.0,0.0,107980.0,110315.0,0.0,0.02116665911254136,killed,daily_loss_limit,risk_killed_until_explicit_operator_restart,forecast_horizon_expired,False,NGF7@2016-12-28,2016
2016-12-01 00:00:00+00:00,2016-12-01 00:00:00+00:00,NGF7@2016-12-28,c5f19b0a0e530419a8ef,-1.0,False,True,0.0,0.0,0.0,0.0,0.0,0.0,0.0,0.0,107980.0,110315.0,0.0,0.02116665911254136,killed,daily_loss_limit,risk_killed_until_explicit_operator_restart,forecast_signal,False,NGF7@2016-12-28,2016
2016-12-02 00:00:00+00:00,2016-12-02 00:00:00+00:00,NGF7@2016-12-28,78095d0767a5673835ab,-1.0,False,True,0.0,0.0,0.0,0.0,0.0,0.0,-0.0,-0.0,107980.0,110315.0,0.0,0.02116665911254136,killed,daily_loss_limit,risk_killed_until_explicit_operator_restart,forecast_signal,False,NGF7@2016-12-28,2016
2016-12-04 00:00:00+00:00,2016-12-04 00:00:00+00:00,NGF7@2016-12-28,14aff00f1d5dd6d6b819,-1.0,False,True,0.0,0.0,0.0,0.0,0.0,0.0,0.0,0.0,107980.0,110315.0,0.0,0.02116665911254136,killed,daily_loss_limit,risk_killed_until_explicit_operator_restart,forecast_signal,False,NGF7@2016-12-28,2016
2016-12-05 00:00:00+00:00,2016-12-05 00:00:00+00:00,NGF7@2016-12-28,14aff00f1d5dd6d6b819,-1.0,False,True,0.0,0.0,0.0,0.0,0.0,0.0,0.0,0.0,107980.0,110315.0,0.0,0.02116665911254136,killed,daily_loss_limit,risk_killed_until_explicit_operator_restart,forecast_signal,False,NGF7@2016-12-28,2016
2016-12-06 00:00:00+00:00,2016-12-06 00:00:00+00:00,NGF7@2016-12-28,c869fd5c23014f023401,-1.0,False,True,0.0,0.0,0.0,0.0,0.0,0.0,0.0,0.0,107980.0,110315.0,0.0,0.02116665911254136,killed,daily_loss_limit,risk_killed_until_explicit_operator_restart,forecast_signal,False,NGF7@2016-12-28,2016
2016-12-07 00:00:00+00:00,2016-12-07 00:00:00+00:00,NGF7@2016-12-28,edd8e4fff89aa698e16f,-1.0,False,True,0.0,0.0,0.0,0.0,0.0,0.0,-0.0,-0.0,107980.0,110315.0,0.0,0.02116665911254136,killed,daily_loss_limit,risk_killed_until_explicit_operator_restart,forecast_signal,False,NGF7@2016-12-28,2016
2016-12-08 00:00:00+00:00,2016-12-08 00:00:00+00:00,NGF7@2016-12-28,9ad35303e3700b23a3d4,-1.0,False,True,0.0,0.0,0.0,0.0,0.0,0.0,0.0,0.0,107980.0,110315.0,0.0,0.02116665911254136,killed,daily_loss_limit,risk_killed_until_explicit_operator_restart,forecast_signal,False,NGF7@2016-12-28,2016
2016-12-09 00:00:00+00:00,2016-12-09 00:00:00+00:00,NGF7@2016-12-28,7ae132b82634bebbcafc,-1.0,False,True,0.0,0.0,0.0,0.0,0.0,0.0,-0.0,-0.0,107980.0,110315.0,0.0,0.02116665911254136,killed,daily_loss_limit,risk_killed_until_explicit_operator_restart,forecast_signal,False,NGF7@2016-12-28,2016
2016-12-11 00:00:00+00:00,2016-12-11 00:00:00+00:00,NGF7@2016-12-28,16557c2cdddc51cae4fd,-1.0,False,True,0.0,0.0,0.0,0.0,0.0,0.0,-0.0,-0.0,107980.0,110315.0,0.0,0.02116665911254136,killed,daily_loss_limit,risk_killed_until_explicit_operator_restart,forecast_signal,False,NGF7@2016-12-28,2016
2016-12-12 00:00:00+00:00,2016-12-12 00:00:00+00:00,NGF7@2016-12-28,16557c2cdddc51cae4fd,-1.0,False,True,0.0,0.0,0.0,0.0,0.0,0.0,-0.0,-0.0,107980.0,110315.0,0.0,0.02116665911254136,killed,daily_loss_limit,risk_killed_until_explicit_operator_restart,forecast_signal,False,NGF7@2016-12-28,2016
2016-12-13 00:00:00+00:00,2016-12-13 00:00:00+00:00,NGF7@2016-12-28,dc75867f5f17d25349ec,-1.0,False,True,0.0,0.0,0.0,0.0,0.0,0.0,-0.0,-0.0,107980.0,110315.0,0.0,0.02116665911254136,killed,daily_loss_limit,risk_killed_until_explicit_operator_restart,forecast_signal,False,NGF7@2016-12-28,2016
2016-12-14 00:00:00+00:00,2016-12-14 00:00:00+00:00,NGF7@2016-12-28,73a333940bce816618f2,1.0,False,True,0.0,0.0,0.0,0.0,0.0,0.0,0.0,0.0,107980.0,110315.0,0.0,0.02116665911254136,killed,daily_loss_limit,risk_killed_until_explicit_operator_restart,forecast_signal,False,NGF7@2016-12-28,2016
2016-12-15 00:00:00+00:00,2016-12-15 00:00:00+00:00,NGF7@2016-12-28,da9c883f7b94a5422708,-1.0,False,True,0.0,0.0,0.0,0.0,0.0,0.0,-0.0,-0.0,107980.0,110315.0,0.0,0.02116665911254136,killed,daily_loss_limit,risk_killed_until_explicit_operator_restart,forecast_signal,False,NGF7@2016-12-28,2016
2016-12-16 00:00:00+00:00,2016-12-16 00:00:00+00:00,NGF7@2016-12-28,c8c80bc122523a19aa74,1.0,False,True,0.0,0.0,0.0,0.0,0.0,0.0,-0.0,-0.0,107980.0,110315.0,0.0,0.02116665911254136,killed,daily_loss_limit,risk_killed_until_explicit_operator_restart,forecast_signal,False,NGF7@2016-12-28,2016
2016-12-18 00:00:00+00:00,2016-12-18 00:00:00+00:00,NGF7@2016-12-28,8a3196d87adebd0c014c,-1.0,False,True,0.0,0.0,0.0,0.0,0.0,0.0,0.0,0.0,107980.0,110315.0,0.0,0.02116665911254136,killed,daily_loss_limit,risk_killed_until_explicit_operator_restart,forecast_signal,False,NGF7@2016-12-28,2016
2016-12-19 00:00:00+00:00,2016-12-19 00:00:00+00:00,NGF7@2016-12-28,8a3196d87adebd0c014c,-1.0,False,True,0.0,0.0,0.0,0.0,0.0,0.0,0.0,0.0,107980.0,110315.0,0.0,0.02116665911254136,killed,daily_loss_limit,risk_killed_until_explicit_operator_restart,forecast_signal,False,NGF7@2016-12-28,2016
2016-12-20 00:00:00+00:00,2016-12-20 00:00:00+00:00,NGF7@2016-12-28,0bcd518754ed1e94f3ae,0.0,True,True,0.0,0.0,0.0,0.0,0.0,0.0,-0.0,-0.0,107980.0,110315.0,0.0,0.02116665911254136,killed,daily_loss_limit,risk_killed_until_explicit_operator_restart,predicted_gross_pnl_not_above_round_trip_cost,False,NGF7@2016-12-28,2016
2016-12-21 00:00:00+00:00,2016-12-21 00:00:00+00:00,NGF7@2016-12-28,431c02a95ffa01662c2c,-1.0,False,True,0.0,0.0,0.0,0.0,0.0,0.0,0.0,0.0,107980.0,110315.0,0.0,0.02116665911254136,killed,daily_loss_limit,risk_killed_until_explicit_operator_restart,forecast_signal,False,NGF7@2016-12-28,2016
2016-12-22 00:00:00+00:00,2016-12-22 00:00:00+00:00,NGF7@2016-12-28,431c02a95ffa01662c2c,-1.0,False,True,0.0,0.0,0.0,0.0,0.0,0.0,-0.0,-0.0,107980.0,110315.0,0.0,0.02116665911254136,killed,daily_loss_limit,risk_killed_until_explicit_operator_restart,forecast_signal,False,NGF7@2016-12-28,2016
2016-12-23 00:00:00+00:00,2016-12-23 00:00:00+00:00,NGF7@2016-12-28,431c02a95ffa01662c2c,-1.0,False,True,0.0,0.0,0.0,0.0,0.0,0.0,0.0,0.0,107980.0,110315.0,0.0,0.02116665911254136,killed,daily_loss_limit,risk_killed_until_explicit_operator_restart,forecast_signal,False,NGF7@2016-12-28,2016
2016-12-26 00:00:00+00:00,2016-12-26 00:00:00+00:00,NGF7@2016-12-28,431c02a95ffa01662c2c,-1.0,False,True,0.0,0.0,0.0,0.0,0.0,0.0,0.0,0.0,107980.0,110315.0,0.0,0.02116665911254136,killed,daily_loss_limit,risk_killed_until_explicit_operator_restart,forecast_signal,False,NGF7@2016-12-28,2016
2016-12-27 00:00:00+00:00,2016-12-27 00:00:00+00:00,NGF7@2016-12-28,431c02a95ffa01662c2c,-1.0,False,True,0.0,0.0,0.0,0.0,0.0,0.0,-0.0,-0.0,107980.0,110315.0,0.0,0.02116665911254136,killed,daily_loss_limit,risk_killed_until_explicit_operator_restart,forecast_signal,False,NGF7@2016-12-28,2016
2016-12-28 00:00:00+00:00,2016-12-28 00:00:00+00:00,NGF7@2016-12-28,,0.0,True,True,0.0,0.0,0.0,0.0,0.0,0.0,0.0,0.0,107980.0,110315.0,0.0,0.02116665911254136,killed,daily_loss_limit,risk_killed_until_explicit_operator_restart,forecast_horizon_expired,False,,2016
2016-12-29 00:00:00+00:00,2016-12-29 00:00:00+00:00,NGG7@2017-01-27,,0.0,True,True,0.0,0.0,0.0,0.0,0.0,0.0,-0.0,-0.0,107980.0,110315.0,0.0,0.02116665911254136,killed,daily_loss_limit,risk_killed_until_explicit_operator_restart,forecast_horizon_expired,False,NGG7@2017-01-27,2016
2016-12-30 00:00:00+00:00,2016-12-30 00:00:00+00:00,NGG7@2017-01-27,,0.0,True,True,0.0,0.0,0.0,0.0,0.0,0.0,-0.0,-0.0,107980.0,110315.0,0.0,0.02116665911254136,killed,daily_loss_limit,end_of_sample_liquidation,forecast_horizon_expired,False,NGG7@2017-01-27,2016
2017-01-02 00:00:00+00:00,2017-01-02 00:00:00+00:00,NGG7@2017-01-27,1b818c28f90e2ddf4df7,-1.0,False,False,0.0,-1.0,-1.0,1.0,0.0,15.0,689.999999999999,674.999999999999,100675.0,100675.0,0.0,0.0,active,,,forecast_signal,False,NGG7@2017-01-27,2017
2017-01-03 00:00:00+00:00,2017-01-03 00:00:00+00:00,NGG7@2017-01-27,1b818c28f90e2ddf4df7,-1.0,False,False,-1.0,-1.0,0.0,0.0,0.0,0.0,1819.999999999999,1819.999999999999,102495.0,102495.0,0.0,0.0,active,,,forecast_signal,False,NGG7@2017-01-27,2017
2017-01-04 00:00:00+00:00,2017-01-04 00:00:00+00:00,NGG7@2017-01-27,31e3be4f141b3b2c3744,-1.0,False,False,-1.0,-1.0,0.0,0.0,0.0,0.0,620.000000000002,620.000000000002,103115.0,103115.0,0.0,0.0,active,,,forecast_signal,False,NGG7@2017-01-27,2017
2017-01-05 00:00:00+00:00,2017-01-05 00:00:00+00:00,NGG7@2017-01-27,98294fde4c30399cc476,-1.0,False,False,-1.0,-1.0,0.0,0.0,0.0,0.0,-449.99999999999903,-449.99999999999903,102665.0,103115.0,450.0,0.004364059545168017,active,,,forecast_signal,False,NGG7@2017-01-27,2017
2017-01-06 00:00:00+00:00,2017-01-06 00:00:00+00:00,NGG7@2017-01-27,e15a5abc7de04daf03f3,-1.0,False,False,-1.0,-1.0,0.0,0.0,0.0,0.0,469.99999999999704,469.99999999999704,103135.0,103135.0,0.0,0.0,active,,,forecast_signal,False,NGG7@2017-01-27,2017
2017-01-08 00:00:00+00:00,2017-01-08 00:00:00+00:00,NGG7@2017-01-27,3bd4e74e9a2a03e5b547,-1.0,False,False,-1.0,-1.0,0.0,0.0,0.0,0.0,30.000000000001,30.000000000001,103165.0,103165.0,0.0,0.0,active,,,forecast_signal,False,NGG7@2017-01-27,2017
2017-01-09 00:00:00+00:00,2017-01-09 00:00:00+00:00,NGG7@2017-01-27,3bd4e74e9a2a03e5b547,-1.0,False,False,-1.0,-1.0,0.0,0.0,0.0,0.0,1320.000000000001,1320.000000000001,104485.0,104485.0,0.0,0.0,active,,,forecast_signal,False,NGG7@2017-01-27,2017
2017-01-10 00:00:00+00:00,2017-01-10 00:00:00+00:00,NGG7@2017-01-27,251025bacdc39527a96e,0.0,True,False,-1.0,0.0,1.0,1.0,0.0,15.0,0.0,-15.0,104470.0,104485.0,15.0,0.00014356127673828778,active,,specialist_veto,specialist_veto,False,NGG7@2017-01-27,2017
2017-01-11 00:00:00+00:00,2017-01-11 00:00:00+00:00,NGG7@2017-01-27,dec3c5e0d595d09cd3aa,-1.0,False,False,0.0,-1.0,-1.0,1.0,0.0,15.0,-329.999999999999,-344.999999999999,104125.0,104485.0,345.0,0.003445470641718907,active,,,forecast_signal,False,NGG7@2017-01-27,2017
2017-01-12 00:00:00+00:00,2017-01-12 00:00:00+00:00,NGG7@2017-01-27,80ab57a6a2c569992988,-1.0,False,False,-1.0,-1.0,0.0,0.0,0.0,0.0,-1100.000000000003,-1100.000000000003,103025.0,104485.0,1100.0,0.013973297602526679,active,,,forecast_signal,False,NGG7@2017-01-27,2017
2017-01-13 00:00:00+00:00,2017-01-13 00:00:00+00:00,NGG7@2017-01-27,6da304e6abca386e3c10,-1.0,False,False,-1.0,-1.0,0.0,0.0,0.0,0.0,-629.9999999999969,-629.9999999999969,102395.0,104485.0,630.0,0.020002871225534766,active,,,forecast_signal,False,NGG7@2017-01-27,2017
2017-01-15 00:00:00+00:00,2017-01-15 00:00:00+00:00,NGG7@2017-01-27,803fe52e30c3e0537b44,-1.0,False,False,-1.0,-1.0,0.0,0.0,0.0,0.0,69.999999999996,69.999999999996,102465.0,104485.0,0.0,0.019332918600756088,active,,,forecast_signal,False,NGG7@2017-01-27,2017
2017-01-16 00:00:00+00:00,2017-01-16 00:00:00+00:00,NGG7@2017-01-27,803fe52e30c3e0537b44,-1.0,False,False,-1.0,-1.0,0.0,0.0,0.0,0.0,-179.99999999999702,-179.99999999999702,102285.0,104485.0,180.0,0.02105565392161554,active,,,forecast_signal,False,NGG7@2017-01-27,2017
2017-01-17 00:00:00+00:00,2017-01-17 00:00:00+00:00,NGG7@2017-01-27,803fe52e30c3e0537b44,-1.0,False,False,-1.0,-1.0,0.0,0.0,0.0,0.0,929.999999999999,929.999999999999,103215.0,104485.0,0.0,0.0121548547638417,active,,,forecast_signal,False,NGG7@2017-01-27,2017
2017-01-18 00:00:00+00:00,2017-01-18 00:00:00+00:00,NGG7@2017-01-27,1c11b9b12522828a2262,-1.0,False,False,-1.0,-1.0,0.0,0.0,0.0,0.0,720.0,720.0,103935.0,104485.0,0.0,0.005263913480403885,active,,,forecast_signal,False,NGG7@2017-01-27,2017
2017-01-19 00:00:00+00:00,2017-01-19 00:00:00+00:00,NGG7@2017-01-27,f847e1a8383acad6e448,-1.0,False,False,-1.0,-1.0,0.0,0.0,0.0,0.0,120.0,120.0,104055.0,104485.0,0.0,0.0041154232664975835,active,,,forecast_signal,False,NGG7@2017-01-27,2017
2017-01-20 00:00:00+00:00,2017-01-20 00:00:00+00:00,NGG7@2017-01-27,23f1f3f434df67b70f3e,-1.0,False,False,-1.0,-1.0,0.0,0.0,0.0,0.0,1269.999999999997,1269.999999999997,105325.0,105325.0,0.0,0.0,active,,,forecast_signal,False,NGG7@2017-01-27,2017
2017-01-22 00:00:00+00:00,2017-01-22 00:00:00+00:00,NGG7@2017-01-27,861c71cf71822d2df052,-1.0,False,False,-1.0,-1.0,0.0,0.0,0.0,0.0,190.000000000001,190.000000000001,105515.0,105515.0,0.0,0.0,active,,,forecast_signal,False,NGG7@2017-01-27,2017
2017-01-23 00:00:00+00:00,2017-01-23 00:00:00+00:00,NGG7@2017-01-27,861c71cf71822d2df052,-1.0,False,False,-1.0,-1.0,0.0,0.0,0.0,0.0,-1160.0000000000011,-1160.0000000000011,104355.0,105515.0,1160.0,0.010993697578543335,active,,,forecast_signal,False,NGG7@2017-01-27,2017
2017-01-24 00:00:00+00:00,2017-01-24 00:00:00+00:00,NGG7@2017-01-27,07834b9b8a3694508d02,0.0,True,False,-1.0,0.0,1.0,1.0,0.0,15.0,0.0,-15.0,104340.0,105515.0,15.0,0.011135857461024499,active,,specialist_veto,specialist_veto,False,NGG7@2017-01-27,2017
2017-01-25 00:00:00+00:00,2017-01-25 00:00:00+00:00,NGG7@2017-01-27,5d88ca0275f55c81c4fe,-1.0,False,False,0.0,-1.0,-1.0,1.0,0.0,15.0,-689.999999999999,-704.999999999999,103635.0,105515.0,705.0,0.017817371937639197,active,,,forecast_signal,False,NGH7@2017-02-24,2017
2017-01-26 00:00:00+00:00,2017-01-26 00:00:00+00:00,NGH7@2017-02-24,e5804958da20a6181370,0.0,True,False,-1.0,0.0,1.0,1.0,1.0,15.0,-0.0,-15.0,103620.0,105515.0,15.0,0.01795953182012036,active,,specialist_veto,specialist_veto,True,NGH7@2017-02-24,2017
2017-01-27 00:00:00+00:00,2017-01-27 00:00:00+00:00,NGH7@2017-02-24,405f3550f8fe92fc0d02,-1.0,False,False,0.0,-1.0,-1.0,1.0,0.0,15.0,630.000000000001,615.000000000001,104235.0,105515.0,0.0,0.012130976638392646,active,,,forecast_signal,False,NGH7@2017-02-24,2017
2017-01-29 00:00:00+00:00,2017-01-29 00:00:00+00:00,NGH7@2017-02-24,3f2bb83eda9acfd750cb,-1.0,False,False,-1.0,-1.0,0.0,0.0,0.0,0.0,-120.0,-120.0,104115.0,105515.0,120.0,0.013268255698241957,active,,,forecast_signal,False,NGH7@2017-02-24,2017
2017-01-30 00:00:00+00:00,2017-01-30 00:00:00+00:00,NGH7@2017-02-24,3f2bb83eda9acfd750cb,-1.0,False,False,-1.0,-1.0,0.0,0.0,0.0,0.0,819.999999999998,819.999999999998,104935.0,105515.0,0.0,0.0054968487892716675,active,,,forecast_signal,False,NGH7@2017-02-24,2017
2017-01-31 00:00:00+00:00,2017-01-31 00:00:00+00:00,NGH7@2017-02-24,42397857b33b3be7b08d,-1.0,False,False,-1.0,-1.0,0.0,0.0,0.0,0.0,1129.999999999999,1129.999999999999,106065.0,106065.0,0.0,0.0,active,,,forecast_signal,False,NGH7@2017-02-24,2017
2017-02-01 00:00:00+00:00,2017-02-01 00:00:00+00:00,NGH7@2017-02-24,8ff72a3058ba8c6dcb11,-1.0,False,False,-1.0,-1.0,0.0,0.0,0.0,0.0,-449.99999999999903,-449.99999999999903,105615.0,106065.0,450.0,0.004242681374628765,active,,,forecast_signal,False,NGH7@2017-02-24,2017
2017-02-02 00:00:00+00:00,2017-02-02 00:00:00+00:00,NGH7@2017-02-24,d62c5996a6281c10fcd5,-1.0,False,False,-1.0,-1.0,0.0,0.0,0.0,0.0,-360.0,-360.0,105255.0,106065.0,360.0,0.007636826474331778,active,,,forecast_signal,False,NGH7@2017-02-24,2017
2017-02-03 00:00:00+00:00,2017-02-03 00:00:00+00:00,NGH7@2017-02-24,514531ecb5b90763d9ab,0.0,True,False,-1.0,0.0,1.0,1.0,0.0,15.0,-0.0,-15.0,105240.0,106065.0,15.0,0.007778249186819403,active,,specialist_veto,specialist_veto,False,NGH7@2017-02-24,2017
2017-02-05 00:00:00+00:00,2017-02-05 00:00:00+00:00,NGH7@2017-02-24,66971665a11d93bec65c,0.0,True,False,0.0,0.0,0.0,0.0,0.0,0.0,0.0,0.0,105240.0,106065.0,0.0,0.007778249186819403,active,,specialist_veto,specialist_veto,False,NGH7@2017-02-24,2017
2017-02-06 00:00:00+00:00,2017-02-06 00:00:00+00:00,NGH7@2017-02-24,66971665a11d93bec65c,0.0,True,False,0.0,0.0,0.0,0.0,0.0,0.0,0.0,0.0,105240.0,106065.0,0.0,0.007778249186819403,active,,specialist_veto,specialist_veto,False,NGH7@2017-02-24,2017
2017-02-07 00:00:00+00:00,2017-02-07 00:00:00+00:00,NGH7@2017-02-24,108bf4bc45627a801f2a,0.0,True,False,0.0,0.0,0.0,0.0,0.0,0.0,0.0,0.0,105240.0,106065.0,0.0,0.007778249186819403,active,,specialist_veto,specialist_veto,False,NGH7@2017-02-24,2017
2017-02-08 00:00:00+00:00,2017-02-08 00:00:00+00:00,NGH7@2017-02-24,7df6182f7c115caa9bce,0.0,True,False,0.0,0.0,0.0,0.0,0.0,0.0,0.0,0.0,105240.0,106065.0,0.0,0.007778249186819403,active,,specialist_veto,specialist_veto,False,NGH7@2017-02-24,2017
2017-02-09 00:00:00+00:00,2017-02-09 00:00:00+00:00,NGH7@2017-02-24,aa12bb6e8fa84dc71e26,0.0,True,False,0.0,0.0,0.0,0.0,0.0,0.0,-0.0,-0.0,105240.0,106065.0,0.0,0.007778249186819403,active,,specialist_veto,specialist_veto,False,NGH7@2017-02-24,2017
2017-02-10 00:00:00+00:00,2017-02-10 00:00:00+00:00,NGH7@2017-02-24,420582777574f0ce1c3b,-1.0,False,False,0.0,-1.0,-1.0,1.0,0.0,15.0,1370.0,1355.0,106595.0,106595.0,0.0,0.0,active,,,forecast_signal,False,NGH7@2017-02-24,2017
2017-02-12 00:00:00+00:00,2017-02-12 00:00:00+00:00,NGH7@2017-02-24,a4b0b29b9c28fb2dd520,-1.0,False,False,-1.0,-1.0,0.0,0.0,0.0,0.0,70.000000000001,70.000000000001,106665.0,106665.0,0.0,0.0,active,,,forecast_signal,False,NGH7@2017-02-24,2017
2017-02-13 00:00:00+00:00,2017-02-13 00:00:00+00:00,NGH7@2017-02-24,a4b0b29b9c28fb2dd520,-1.0,False,False,-1.0,-1.0,0.0,0.0,0.0,0.0,440.0,440.0,107105.0,107105.0,0.0,0.0,active,,,forecast_signal,False,NGH7@2017-02-24,2017
2017-02-14 00:00:00+00:00,2017-02-14 00:00:00+00:00,NGH7@2017-02-24,88aa263ca410510a81d3,-1.0,False,False,-1.0,-1.0,0.0,0.0,0.0,0.0,-89.999999999998,-89.999999999998,107015.0,107105.0,90.0,0.0008402969049064003,active,,,forecast_signal,False,NGH7@2017-02-24,2017
2017-02-15 00:00:00+00:00,2017-02-15 00:00:00+00:00,NGH7@2017-02-24,488cefa20678d3414638,-0.5,False,False,-1.0,-0.5,0.5,0.5,0.0,7.5,-4.999999999999001,-12.499999999999002,107002.5,107105.0,12.5,0.0009570048083656225,active,,,specialist_sizing_modifier,False,NGH7@2017-02-24,2017
2017-02-16 00:00:00+00:00,2017-02-16 00:00:00+00:00,NGH7@2017-02-24,79525a19d09e214292ec,-1.0,False,False,-0.5,-1.0,-0.5,0.5,0.0,7.5,869.999999999997,862.499999999997,107865.0,107865.0,0.0,0.0,active,,,forecast_signal,False,NGH7@2017-02-24,2017
2017-02-17 00:00:00+00:00,2017-02-17 00:00:00+00:00,NGH7@2017-02-24,9a93608f919070b69037,-1.0,False,False,-1.0,-1.0,0.0,0.0,0.0,0.0,590.000000000001,590.000000000001,108455.0,108455.0,0.0,0.0,active,,,forecast_signal,False,NGH7@2017-02-24,2017
2017-02-19 00:00:00+00:00,2017-02-19 00:00:00+00:00,NGH7@2017-02-24,f038192d581e1afcb0aa,-1.0,False,False,-1.0,-1.0,0.0,0.0,0.0,0.0,120.0,120.0,108575.0,108575.0,0.0,0.0,active,,,forecast_signal,False,NGH7@2017-02-24,2017
2017-02-20 00:00:00+00:00,2017-02-20 00:00:00+00:00,NGH7@2017-02-24,f038192d581e1afcb0aa,-1.0,False,False,-1.0,-1.0,0.0,0.0,0.0,0.0,89.999999999998,89.999999999998,108665.0,108665.0,0.0,0.0,active,,,forecast_signal,False,NGH7@2017-02-24,2017
2017-02-21 00:00:00+00:00,2017-02-21 00:00:00+00:00,NGH7@2017-02-24,f038192d581e1afcb0aa,-1.0,False,False,-1.0,-1.0,0.0,0.0,0.0,0.0,1920.000000000001,1920.000000000001,110585.0,110585.0,0.0,0.0,active,,,forecast_signal,False,NGH7@2017-02-24,2017
2017-02-22 00:00:00+00:00,2017-02-22 00:00:00+00:00,NGH7@2017-02-24,a2333708dc9d4be5594b,-1.0,False,False,-1.0,-1.0,0.0,0.0,0.0,0.0,-370.00000000000296,-370.00000000000296,110215.0,110585.0,370.0,0.003345842564543112,active,,,forecast_signal,False,NGJ7@2017-03-29,2017
2017-02-23 00:00:00+00:00,2017-02-23 00:00:00+00:00,NGJ7@2017-03-29,e63f7001f859757bf39b,1.0,False,False,-1.0,1.0,2.0,2.0,2.0,30.0,380.000000000002,350.000000000002,110565.0,110585.0,0.0,0.0001808563548401682,active,,,forecast_signal,True,NGJ7@2017-03-29,2017
2017-02-24 00:00:00+00:00,2017-02-24 00:00:00+00:00,NGJ7@2017-03-29,3ece619636921ee1e096,1.0,False,False,1.0,1.0,0.0,0.0,0.0,0.0,-420.000000000002,-420.000000000002,110145.0,110585.0,420.0,0.003978839806483701,active,,,forecast_signal,False,NGJ7@2017-03-29,2017
2017-02-26 00:00:00+00:00,2017-02-26 00:00:00+00:00,NGJ7@2017-03-29,43b0846553d87ea51523,0.0,True,False,1.0,0.0,-1.0,1.0,0.0,15.0,-0.0,-15.0,110130.0,110585.0,15.0,0.0041144820726138264,active,,specialist_veto,specialist_veto,False,NGJ7@2017-03-29,2017
2017-02-27 00:00:00+00:00,2017-02-27 00:00:00+00:00,NGJ7@2017-03-29,43b0846553d87ea51523,0.0,True,False,0.0,0.0,0.0,0.0,0.0,0.0,-0.0,-0.0,110130.0,110585.0,0.0,0.0041144820726138264,active,,specialist_veto,specialist_veto,False,NGJ7@2017-03-29,2017
2017-02-28 00:00:00+00:00,2017-02-28 00:00:00+00:00,NGJ7@2017-03-29,73e68e1bd34447cbffa0,0.0,True,False,0.0,0.0,0.0,0.0,0.0,0.0,0.0,0.0,110130.0,110585.0,0.0,0.0041144820726138264,active,,specialist_veto,specialist_veto,False,NGJ7@2017-03-29,2017
2017-03-01 00:00:00+00:00,2017-03-01 00:00:00+00:00,NGJ7@2017-03-29,4c002c1f79a49e2d47a3,1.0,False,False,0.0,1.0,1.0,1.0,0.0,15.0,360.0,345.0,110475.0,110585.0,0.0,0.0009947099516209252,active,,,forecast_signal,False,NGJ7@2017-03-29,2017
2017-03-02 00:00:00+00:00,2017-03-02 00:00:00+00:00,NGJ7@2017-03-29,60bd2ca8ccc9451f44a4,0.0,True,False,1.0,0.0,-1.0,1.0,0.0,15.0,0.0,-15.0,110460.0,110585.0,15.0,0.0011303522177510512,active,,specialist_veto,specialist_veto,False,NGJ7@2017-03-29,2017
2017-03-03 00:00:00+00:00,2017-03-03 00:00:00+00:00,NGJ7@2017-03-29,1c644f4f0ecb90f0045a,0.0,True,False,0.0,0.0,0.0,0.0,0.0,0.0,0.0,0.0,110460.0,110585.0,0.0,0.0011303522177510512,active,,specialist_veto,specialist_veto,False,NGJ7@2017-03-29,2017
2017-03-05 00:00:00+00:00,2017-03-05 00:00:00+00:00,NGJ7@2017-03-29,d836f55edf9d9b486c79,0.0,True,False,0.0,0.0,0.0,0.0,0.0,0.0,0.0,0.0,110460.0,110585.0,0.0,0.0011303522177510512,active,,specialist_veto,specialist_veto,False,NGJ7@2017-03-29,2017
2017-03-06 00:00:00+00:00,2017-03-06 00:00:00+00:00,NGJ7@2017-03-29,d836f55edf9d9b486c79,0.0,True,False,0.0,0.0,0.0,0.0,0.0,0.0,-0.0,-0.0,110460.0,110585.0,0.0,0.0011303522177510512,active,,specialist_veto,specialist_veto,False,NGJ7@2017-03-29,2017
2017-03-07 00:00:00+00:00,2017-03-07 00:00:00+00:00,NGJ7@2017-03-29,95a089391d358c3cb05d,0.0,True,False,0.0,0.0,0.0,0.0,0.0,0.0,-0.0,-0.0,110460.0,110585.0,0.0,0.0011303522177510512,active,,specialist_veto,specialist_veto,False,NGJ7@2017-03-29,2017
2017-03-08 00:00:00+00:00,2017-03-08 00:00:00+00:00,NGJ7@2017-03-29,6ad3f1b07e65f208685c,1.0,False,False,0.0,1.0,1.0,1.0,0.0,15.0,689.999999999999,674.999999999999,111135.0,111135.0,0.0,0.0,active,,,forecast_signal,False,NGJ7@2017-03-29,2017
2017-03-09 00:00:00+00:00,2017-03-09 00:00:00+00:00,NGJ7@2017-03-29,4ab3912e6f76654640c9,0.5,False,False,1.0,0.5,-0.5,0.5,0.0,7.5,360.0,352.5,111487.5,111487.5,0.0,0.0,active,,,specialist_sizing_modifier,False,NGJ7@2017-03-29,2017
2017-03-10 00:00:00+00:00,2017-03-10 00:00:00+00:00,NGJ7@2017-03-29,df5d290fd098798d0ddd,1.0,False,False,0.5,1.0,0.5,0.5,0.0,7.5,880.0,872.5,112360.0,112360.0,0.0,0.0,active,,,forecast_signal,False,NGJ7@2017-03-29,2017
2017-03-12 00:00:00+00:00,2017-03-12 00:00:00+00:00,NGJ7@2017-03-29,3616a1341a5ebbd3cc55,0.0,True,False,1.0,0.0,-1.0,1.0,0.0,15.0,0.0,-15.0,112345.0,112360.0,15.0,0.000133499466002136,active,,specialist_veto,specialist_veto,False,NGJ7@2017-03-29,2017
2017-03-13 00:00:00+00:00,2017-03-13 00:00:00+00:00,NGJ7@2017-03-29,3616a1341a5ebbd3cc55,0.0,True,False,0.0,0.0,0.0,0.0,0.0,0.0,-0.0,-0.0,112345.0,112360.0,0.0,0.000133499466002136,active,,specialist_veto,specialist_veto,False,NGJ7@2017-03-29,2017
2017-03-14 00:00:00+00:00,2017-03-14 00:00:00+00:00,NGJ7@2017-03-29,e5e3ab274c5107cf51eb,0.0,True,False,0.0,0.0,0.0,0.0,0.0,0.0,-0.0,-0.0,112345.0,112360.0,0.0,0.000133499466002136,active,,specialist_veto,specialist_veto,False,NGJ7@2017-03-29,2017
2017-03-15 00:00:00+00:00,2017-03-15 00:00:00+00:00,NGJ7@2017-03-29,42270cd9136e491fd234,0.0,True,False,0.0,0.0,0.0,0.0,0.0,0.0,0.0,0.0,112345.0,112360.0,0.0,0.000133499466002136,active,,specialist_veto,specialist_veto,False,NGJ7@2017-03-29,2017
2017-03-16 00:00:00+00:00,2017-03-16 00:00:00+00:00,NGJ7@2017-03-29,716676094fd55d638ec2,0.0,True,False,0.0,0.0,0.0,0.0,0.0,0.0,-0.0,-0.0,112345.0,112360.0,0.0,0.000133499466002136,active,,specialist_veto,specialist_veto,False,NGJ7@2017-03-29,2017
2017-03-17 00:00:00+00:00,2017-03-17 00:00:00+00:00,NGJ7@2017-03-29,8267039064d40c24f297,0.0,True,False,0.0,0.0,0.0,0.0,0.0,0.0,-0.0,-0.0,112345.0,112360.0,0.0,0.000133499466002136,active,,specialist_veto,specialist_veto,False,NGJ7@2017-03-29,2017
2017-03-19 00:00:00+00:00,2017-03-19 00:00:00+00:00,NGJ7@2017-03-29,36938f5acc5d22473173,1.0,False,False,0.0,1.0,1.0,1.0,0.0,15.0,-19.999999999996998,-34.999999999997,112310.0,112360.0,35.0,0.00044499822000712,active,,,forecast_signal,False,NGJ7@2017-03-29,2017
2017-03-20 00:00:00+00:00,2017-03-20 00:00:00+00:00,NGJ7@2017-03-29,36938f5acc5d22473173,1.0,False,False,1.0,1.0,0.0,0.0,0.0,0.0,1640.000000000001,1640.000000000001,113950.0,113950.0,0.0,0.0,active,,,forecast_signal,False,NGJ7@2017-03-29,2017
2017-03-21 00:00:00+00:00,2017-03-21 00:00:00+00:00,NGJ7@2017-03-29,218b974316c073916119,-1.0,False,False,1.0,-1.0,-2.0,2.0,0.0,30.0,-149.999999999996,-179.999999999996,113770.0,113950.0,180.0,0.0015796401930671348,active,,,forecast_signal,False,NGJ7@2017-03-29,2017
2017-03-22 00:00:00+00:00,2017-03-22 00:00:00+00:00,NGJ7@2017-03-29,d9bac830a20eda8c43a4,-1.0,False,False,-1.0,-1.0,0.0,0.0,0.0,0.0,699.999999999998,699.999999999998,114470.0,114470.0,0.0,0.0,active,,,forecast_signal,False,NGJ7@2017-03-29,2017
2017-03-23 00:00:00+00:00,2017-03-23 00:00:00+00:00,NGJ7@2017-03-29,75f2e50a0702467a80e8,0.0,True,False,-1.0,0.0,1.0,1.0,0.0,15.0,0.0,-15.0,114455.0,114470.0,15.0,0.00013103870009609504,active,,predicted_gross_pnl_not_above_round_trip_cost,predicted_gross_pnl_not_above_round_trip_cost,False,NGJ7@2017-03-29,2017
2017-03-24 00:00:00+00:00,2017-03-24 00:00:00+00:00,NGJ7@2017-03-29,62eea942e6bfd5d58069,0.0,True,False,0.0,0.0,0.0,0.0,0.0,0.0,0.0,0.0,114455.0,114470.0,0.0,0.00013103870009609504,active,,specialist_veto,specialist_veto,False,NGJ7@2017-03-29,2017
2017-03-26 00:00:00+00:00,2017-03-26 00:00:00+00:00,NGJ7@2017-03-29,bcff5084928c6cf51f74,0.0,True,False,0.0,0.0,0.0,0.0,0.0,0.0,0.0,0.0,114455.0,114470.0,0.0,0.00013103870009609504,active,,specialist_veto,specialist_veto,False,NGJ7@2017-03-29,2017
2017-03-27 00:00:00+00:00,2017-03-27 00:00:00+00:00,NGJ7@2017-03-29,bcff5084928c6cf51f74,0.0,True,False,0.0,0.0,0.0,0.0,0.0,0.0,-0.0,-0.0,114455.0,114470.0,0.0,0.00013103870009609504,active,,specialist_veto,specialist_veto,False,NGJ7@2017-03-29,2017
2017-03-28 00:00:00+00:00,2017-03-28 00:00:00+00:00,NGJ7@2017-03-29,09e36efa726a6b9d79de,0.0,True,False,0.0,0.0,0.0,0.0,0.0,0.0,0.0,0.0,114455.0,114470.0,0.0,0.00013103870009609504,active,,specialist_veto,specialist_veto,False,NGK7@2017-04-26,2017
2017-03-29 00:00:00+00:00,2017-03-29 00:00:00+00:00,NGK7@2017-04-26,4bb245263b1a2ae57f16,0.0,True,False,0.0,0.0,0.0,0.0,0.0,0.0,0.0,0.0,114455.0,114470.0,0.0,0.00013103870009609504,active,,predicted_gross_pnl_not_above_round_trip_cost,predicted_gross_pnl_not_above_round_trip_cost,False,NGK7@2017-04-26,2017
2017-03-30 00:00:00+00:00,2017-03-30 00:00:00+00:00,NGK7@2017-04-26,8f5197d246b590ddb1e2,0.0,True,False,0.0,0.0,0.0,0.0,0.0,0.0,0.0,0.0,114455.0,114470.0,0.0,0.00013103870009609504,active,,predicted_gross_pnl_not_above_round_trip_cost,predicted_gross_pnl_not_above_round_trip_cost,False,NGK7@2017-04-26,2017
2017-03-31 00:00:00+00:00,2017-03-31 00:00:00+00:00,NGK7@2017-04-26,e1f3204cd7b360648ba1,0.5,False,False,0.0,0.5,0.5,0.5,0.0,7.5,-4.999999999999001,-12.499999999999002,114442.5,114470.0,12.5,0.0002402376168428409,active,,,specialist_sizing_modifier,False,NGK7@2017-04-26,2017
2017-04-02 00:00:00+00:00,2017-04-02 00:00:00+00:00,NGK7@2017-04-26,5fec7cc65c5f49545cb6,1.0,False,False,0.5,1.0,0.5,0.5,0.0,7.5,9.999999999998002,2.4999999999980016,114445.0,114470.0,0.0,0.00021839783349349176,active,,,forecast_signal,False,NGK7@2017-04-26,2017
2017-04-03 00:00:00+00:00,2017-04-03 00:00:00+00:00,NGK7@2017-04-26,5fec7cc65c5f49545cb6,1.0,False,False,1.0,1.0,0.0,0.0,0.0,0.0,-729.999999999999,-729.999999999999,113715.0,114470.0,730.0,0.006595614571503451,active,,,forecast_signal,False,NGK7@2017-04-26,2017
2017-04-04 00:00:00+00:00,2017-04-04 00:00:00+00:00,NGK7@2017-04-26,5a0052e66d2774fa33b0,1.0,False,False,1.0,1.0,0.0,0.0,0.0,0.0,1490.0,1490.0,115205.0,115205.0,0.0,0.0,active,,,forecast_signal,False,NGK7@2017-04-26,2017
2017-04-05 00:00:00+00:00,2017-04-05 00:00:00+00:00,NGK7@2017-04-26,957b23e05d06e3202f75,0.0,True,False,1.0,0.0,-1.0,1.0,0.0,15.0,-0.0,-15.0,115190.0,115205.0,15.0,0.0001302026821752528,active,,specialist_veto,specialist_veto,False,NGK7@2017-04-26,2017
2017-04-06 00:00:00+00:00,2017-04-06 00:00:00+00:00,NGK7@2017-04-26,4fb7fa17a53c97d0cc33,1.0,False,False,0.0,1.0,1.0,1.0,0.0,15.0,310.000000000001,295.000000000001,115485.0,115485.0,0.0,0.0,active,,,forecast_signal,False,NGK7@2017-04-26,2017
2017-04-07 00:00:00+00:00,2017-04-07 00:00:00+00:00,NGK7@2017-04-26,6744045c81c72ae5e997,1.0,False,False,1.0,1.0,0.0,0.0,0.0,0.0,-629.9999999999969,-629.9999999999969,114855.0,115485.0,630.0,0.005455253929081699,active,,,forecast_signal,False,NGK7@2017-04-26,2017
2017-04-09 00:00:00+00:00,2017-04-09 00:00:00+00:00,NGK7@2017-04-26,2ba1554f8b792cbbd801,1.0,False,False,1.0,1.0,0.0,0.0,0.0,0.0,69.999999999996,69.999999999996,114925.0,115485.0,0.0,0.004849114603628177,active,,,forecast_signal,False,NGK7@2017-04-26,2017
2017-04-10 00:00:00+00:00,2017-04-10 00:00:00+00:00,NGK7@2017-04-26,2ba1554f8b792cbbd801,1.0,False,False,1.0,1.0,0.0,0.0,0.0,0.0,-29.999999999996003,-29.999999999996003,114895.0,115485.0,30.0,0.005108888600251115,active,,,forecast_signal,False,NGK7@2017-04-26,2017
2017-04-11 00:00:00+00:00,2017-04-11 00:00:00+00:00,NGK7@2017-04-26,aa01159911c5ef8edd68,0.0,True,False,1.0,0.0,-1.0,1.0,0.0,15.0,-0.0,-15.0,114880.0,115485.0,15.0,0.005238775598562584,active,,specialist_veto,specialist_veto,False,NGK7@2017-04-26,2017
2017-04-12 00:00:00+00:00,2017-04-12 00:00:00+00:00,NGK7@2017-04-26,f85d8f5672d3d3b566b1,-1.0,False,False,0.0,-1.0,-1.0,1.0,0.0,15.0,-19.999999999996998,-34.999999999997,114845.0,115485.0,35.0,0.005541845261289345,active,,,forecast_signal,False,NGK7@2017-04-26,2017
2017-04-13 00:00:00+00:00,2017-04-13 00:00:00+00:00,NGK7@2017-04-26,5da8e4fa69ac6a9214b3,0.0,True,False,-1.0,0.0,1.0,1.0,0.0,15.0,0.0,-15.0,114830.0,115485.0,15.0,0.005671732259600814,active,,predicted_gross_pnl_not_above_round_trip_cost,predicted_gross_pnl_not_above_round_trip_cost,False,NGK7@2017-04-26,2017
2017-04-16 00:00:00+00:00,2017-04-16 00:00:00+00:00,NGK7@2017-04-26,c8d3ca1d73a012487973,1.0,False,False,0.0,1.0,1.0,1.0,0.0,15.0,-329.999999999999,-344.999999999999,114485.0,115485.0,345.0,0.008659133220764602,active,,,forecast_signal,False,NGK7@2017-04-26,2017
2017-04-17 00:00:00+00:00,2017-04-17 00:00:00+00:00,NGK7@2017-04-26,c8d3ca1d73a012487973,1.0,False,False,1.0,1.0,0.0,0.0,0.0,0.0,-360.0,-360.0,114125.0,115485.0,360.0,0.011776421180239858,active,,,forecast_signal,False,NGK7@2017-04-26,2017
2017-04-18 00:00:00+00:00,2017-04-18 00:00:00+00:00,NGK7@2017-04-26,3b9d577d1de3d9bd7b85,1.0,False,False,1.0,1.0,0.0,0.0,0.0,0.0,-120.0,-120.0,114005.0,115485.0,120.0,0.01281551716673161,active,,,forecast_signal,False,NGK7@2017-04-26,2017
2017-04-19 00:00:00+00:00,2017-04-19 00:00:00+00:00,NGK7@2017-04-26,0ee38a63fdcbaf4570c2,0.0,True,False,1.0,0.0,-1.0,1.0,0.0,15.0,0.0,-15.0,113990.0,115485.0,15.0,0.012945404165043079,active,,specialist_veto,specialist_veto,False,NGK7@2017-04-26,2017
2017-04-20 00:00:00+00:00,2017-04-20 00:00:00+00:00,NGK7@2017-04-26,98f83556ab3400303b2e,0.0,True,False,0.0,0.0,0.0,0.0,0.0,0.0,-0.0,-0.0,113990.0,115485.0,0.0,0.012945404165043079,active,,specialist_veto,specialist_veto,False,NGK7@2017-04-26,2017
2017-04-21 00:00:00+00:00,2017-04-21 00:00:00+00:00,NGK7@2017-04-26,0fc09e9597f0353b66a6,-1.0,False,False,0.0,-1.0,-1.0,1.0,0.0,15.0,700.000000000002,685.000000000002,114675.0,115485.0,0.0,0.007013897908819327,active,,,forecast_signal,False,NGK7@2017-04-26,2017
2017-04-23 00:00:00+00:00,2017-04-23 00:00:00+00:00,NGK7@2017-04-26,a5c0fb644f491470d910,1.0,False,False,-1.0,1.0,2.0,2.0,0.0,30.0,240.0,210.0,114885.0,115485.0,0.0,0.005195479932458761,active,,,forecast_signal,False,NGK7@2017-04-26,2017
2017-04-24 00:00:00+00:00,2017-04-24 00:00:00+00:00,NGK7@2017-04-26,a5c0fb644f491470d910,1.0,False,False,1.0,1.0,0.0,0.0,0.0,0.0,-600.0,-600.0,114285.0,115485.0,600.0,0.010390959864917521,active,,,forecast_signal,False,NGK7@2017-04-26,2017
2017-04-25 00:00:00+00:00,2017-04-25 00:00:00+00:00,NGK7@2017-04-26,982020b003576f260adf,1.0,False,False,1.0,1.0,0.0,0.0,0.0,0.0,-219.99999999999702,-219.99999999999702,114065.0,115485.0,220.0,0.012295969173485735,active,,,forecast_signal,False,NGM7@2017-05-26,2017
2017-04-26 00:00:00+00:00,2017-04-26 00:00:00+00:00,NGM7@2017-05-26,9771b1743685bdbef804,1.0,False,False,1.0,1.0,0.0,2.0,2.0,30.0,979.999999999998,949.999999999998,115015.0,115485.0,0.0,0.004069792613759363,active,,,forecast_signal,True,NGM7@2017-05-26,2017
2017-04-27 00:00:00+00:00,2017-04-27 00:00:00+00:00,NGM7@2017-05-26,c2a7ffa894ed520b4099,1.0,False,False,1.0,1.0,0.0,0.0,0.0,0.0,-139.99999999999702,-139.99999999999702,114875.0,115485.0,140.0,0.005282071264666407,active,,,forecast_signal,False,NGM7@2017-05-26,2017
2017-04-28 00:00:00+00:00,2017-04-28 00:00:00+00:00,NGM7@2017-05-26,ef47b9243ab79c1ec801,1.0,False,False,1.0,1.0,0.0,0.0,0.0,0.0,30.000000000001,30.000000000001,114905.0,115485.0,0.0,0.005022297268043469,active,,,forecast_signal,False,NGM7@2017-05-26,2017
2017-04-30 00:00:00+00:00,2017-04-30 00:00:00+00:00,NGM7@2017-05-26,b6101654bcb62ce95feb,1.0,False,False,1.0,1.0,0.0,0.0,0.0,0.0,209.999999999999,209.999999999999,115115.0,115485.0,0.0,0.0032038792916829024,active,,,forecast_signal,False,NGM7@2017-05-26,2017
2017-05-01 00:00:00+00:00,2017-05-01 00:00:00+00:00,NGM7@2017-05-26,b6101654bcb62ce95feb,1.0,False,False,1.0,1.0,0.0,0.0,0.0,0.0,-430.000000000001,-430.000000000001,114685.0,115485.0,430.0,0.006927306576611681,active,,,forecast_signal,False,NGM7@2017-05-26,2017
2017-05-02 00:00:00+00:00,2017-05-02 00:00:00+00:00,NGM7@2017-05-26,cb7f2169259489186d87,0.0,True,False,1.0,0.0,-1.0,1.0,0.0,15.0,-0.0,-15.0,114670.0,115485.0,15.0,0.0070571935749231506,active,,predicted_gross_pnl_not_above_round_trip_cost,predicted_gross_pnl_not_above_round_trip_cost,False,NGM7@2017-05-26,2017
2017-05-03 00:00:00+00:00,2017-05-03 00:00:00+00:00,NGM7@2017-05-26,1dfbc4565be4faa159fb,0.0,True,False,0.0,0.0,0.0,0.0,0.0,0.0,0.0,0.0,114670.0,115485.0,0.0,0.0070571935749231506,active,,specialist_veto,specialist_veto,False,NGM7@2017-05-26,2017
2017-05-04 00:00:00+00:00,2017-05-04 00:00:00+00:00,NGM7@2017-05-26,93bc6fc0dcdfe35919e8,0.0,True,False,0.0,0.0,0.0,0.0,0.0,0.0,-0.0,-0.0,114670.0,115485.0,0.0,0.0070571935749231506,active,,specialist_veto,specialist_veto,False,NGM7@2017-05-26,2017
2017-05-05 00:00:00+00:00,2017-05-05 00:00:00+00:00,NGM7@2017-05-26,dcd259b5bf360563f73b,0.0,True,False,0.0,0.0,0.0,0.0,0.0,0.0,0.0,0.0,114670.0,115485.0,0.0,0.0070571935749231506,active,,specialist_veto,specialist_veto,False,NGM7@2017-05-26,2017
2017-05-07 00:00:00+00:00,2017-05-07 00:00:00+00:00,NGM7@2017-05-26,c7023913d4c431dec9b5,0.0,True,False,0.0,0.0,0.0,0.0,0.0,0.0,0.0,0.0,114670.0,115485.0,0.0,0.0070571935749231506,active,,predicted_gross_pnl_not_above_round_trip_cost,predicted_gross_pnl_not_above_round_trip_cost,False,NGM7@2017-05-26,2017
2017-05-08 00:00:00+00:00,2017-05-08 00:00:00+00:00,NGM7@2017-05-26,c7023913d4c431dec9b5,0.0,True,False,0.0,0.0,0.0,0.0,0.0,0.0,-0.0,-0.0,114670.0,115485.0,0.0,0.0070571935749231506,active,,predicted_gross_pnl_not_above_round_trip_cost,predicted_gross_pnl_not_above_round_trip_cost,False,NGM7@2017-05-26,2017
2017-05-09 00:00:00+00:00,2017-05-09 00:00:00+00:00,NGM7@2017-05-26,4f26aa0ee926c5804a68,1.0,False,False,0.0,1.0,1.0,1.0,0.0,15.0,320.0,305.0,114975.0,115485.0,0.0,0.004416157942589947,active,,,forecast_signal,False,NGM7@2017-05-26,2017
2017-05-10 00:00:00+00:00,2017-05-10 00:00:00+00:00,NGM7@2017-05-26,8c15e37a644932b25819,0.0,True,False,1.0,0.0,-1.0,1.0,0.0,15.0,0.0,-15.0,114960.0,115485.0,15.0,0.004546044940901416,active,,predicted_gross_pnl_not_above_round_trip_cost,predicted_gross_pnl_not_above_round_trip_cost,False,NGM7@2017-05-26,2017
2017-05-11 00:00:00+00:00,2017-05-11 00:00:00+00:00,NGM7@2017-05-26,5605d73da043d6826e82,1.0,False,False,0.0,1.0,1.0,1.0,0.0,15.0,859.999999999998,844.999999999998,115805.0,115805.0,0.0,0.0,active,,,forecast_signal,False,NGM7@2017-05-26,2017
2017-05-12 00:00:00+00:00,2017-05-12 00:00:00+00:00,NGM7@2017-05-26,c8b325fbf6f5941e1ffb,-1.0,False,False,1.0,-1.0,-2.0,2.0,0.0,30.0,-190.000000000001,-220.000000000001,115585.0,115805.0,220.0,0.0018997452614308535,active,,,forecast_signal,False,NGM7@2017-05-26,2017
2017-05-14 00:00:00+00:00,2017-05-14 00:00:00+00:00,NGM7@2017-05-26,3dcdc2e72c20c20a71cb,-1.0,False,False,-1.0,-1.0,0.0,0.0,0.0,0.0,30.000000000001,30.000000000001,115615.0,115805.0,0.0,0.0016406890894175555,active,,,forecast_signal,False,NGM7@2017-05-26,2017
2017-05-15 00:00:00+00:00,2017-05-15 00:00:00+00:00,NGM7@2017-05-26,3dcdc2e72c20c20a71cb,-1.0,False,False,-1.0,-1.0,0.0,0.0,0.0,0.0,320.0,320.0,115935.0,115935.0,0.0,0.0,active,,,forecast_signal,False,NGM7@2017-05-26,2017
2017-05-16 00:00:00+00:00,2017-05-16 00:00:00+00:00,NGM7@2017-05-26,4357cd30d6fbefb2aaf6,-1.0,False,False,-1.0,-1.0,0.0,0.0,0.0,0.0,1210.0,1210.0,117145.0,117145.0,0.0,0.0,active,,,forecast_signal,False,NGM7@2017-05-26,2017
2017-05-17 00:00:00+00:00,2017-05-17 00:00:00+00:00,NGM7@2017-05-26,08a2c76384d7de79f2a1,0.0,True,False,-1.0,0.0,1.0,1.0,0.0,15.0,-0.0,-15.0,117130.0,117145.0,15.0,0.00012804643817491143,active,,specialist_veto,specialist_veto,False,NGM7@2017-05-26,2017
2017-05-18 00:00:00+00:00,2017-05-18 00:00:00+00:00,NGM7@2017-05-26,43908b75e354d1077228,0.0,True,False,0.0,0.0,0.0,0.0,0.0,0.0,-0.0,-0.0,117130.0,117145.0,0.0,0.00012804643817491143,active,,specialist_veto,specialist_veto,False,NGM7@2017-05-26,2017
2017-05-19 00:00:00+00:00,2017-05-19 00:00:00+00:00,NGM7@2017-05-26,aee989cdd66c75c85335,0.0,True,False,0.0,0.0,0.0,0.0,0.0,0.0,0.0,0.0,117130.0,117145.0,0.0,0.00012804643817491143,active,,specialist_veto,specialist_veto,False,NGM7@2017-05-26,2017
2017-05-21 00:00:00+00:00,2017-05-21 00:00:00+00:00,NGM7@2017-05-26,256f16cdd4a22072c47a,0.0,True,False,0.0,0.0,0.0,0.0,0.0,0.0,-0.0,-0.0,117130.0,117145.0,0.0,0.00012804643817491143,active,,specialist_veto,specialist_veto,False,NGM7@2017-05-26,2017
2017-05-22 00:00:00+00:00,2017-05-22 00:00:00+00:00,NGM7@2017-05-26,256f16cdd4a22072c47a,0.0,True,False,0.0,0.0,0.0,0.0,0.0,0.0,0.0,0.0,117130.0,117145.0,0.0,0.00012804643817491143,active,,specialist_veto,specialist_veto,False,NGM7@2017-05-26,2017
2017-05-23 00:00:00+00:00,2017-05-23 00:00:00+00:00,NGM7@2017-05-26,0bfa5f82caa4b3d9ec18,-1.0,False,False,0.0,-1.0,-1.0,1.0,0.0,15.0,849.999999999999,834.999999999999,117965.0,117965.0,0.0,0.0,active,,,forecast_signal,False,NGM7@2017-05-26,2017
2017-05-24 00:00:00+00:00,2017-05-24 00:00:00+00:00,NGM7@2017-05-26,543aaebd0f5c41f52aac,-1.0,False,False,-1.0,-1.0,0.0,0.0,0.0,0.0,360.0,360.0,118325.0,118325.0,0.0,0.0,active,,,forecast_signal,False,NGN7@2017-06-28,2017
2017-05-25 00:00:00+00:00,2017-05-25 00:00:00+00:00,NGN7@2017-06-28,df103e08ccb0b60b1bd9,0.0,True,False,-1.0,0.0,1.0,1.0,1.0,15.0,-0.0,-15.0,118310.0,118325.0,15.0,0.00012676949080921192,active,,specialist_veto,specialist_veto,True,NGN7@2017-06-28,2017
2017-05-26 00:00:00+00:00,2017-05-26 00:00:00+00:00,NGN7@2017-06-28,0b0cd6bae0eaf311a10a,-1.0,False,False,0.0,-1.0,-1.0,1.0,0.0,15.0,350.000000000001,335.000000000001,118645.0,118645.0,0.0,0.0,active,,,forecast_signal,False,NGN7@2017-06-28,2017
2017-05-28 00:00:00+00:00,2017-05-28 00:00:00+00:00,NGN7@2017-06-28,da5f3dab140441c0695e,0.0,True,False,-1.0,0.0,1.0,1.0,0.0,15.0,-0.0,-15.0,118630.0,118645.0,15.0,0.00012642757806902947,active,,specialist_veto,specialist_veto,False,NGN7@2017-06-28,2017
2017-05-29 00:00:00+00:00,2017-05-29 00:00:00+00:00,NGN7@2017-06-28,da5f3dab140441c0695e,0.0,True,False,0.0,0.0,0.0,0.0,0.0,0.0,-0.0,-0.0,118630.0,118645.0,0.0,0.00012642757806902947,active,,specialist_veto,specialist_veto,False,NGN7@2017-06-28,2017
2017-05-30 00:00:00+00:00,2017-05-30 00:00:00+00:00,NGN7@2017-06-28,da5f3dab140441c0695e,0.0,True,False,0.0,0.0,0.0,0.0,0.0,0.0,-0.0,-0.0,118630.0,118645.0,0.0,0.00012642757806902947,active,,specialist_veto,specialist_veto,False,NGN7@2017-06-28,2017
2017-05-31 00:00:00+00:00,2017-05-31 00:00:00+00:00,NGN7@2017-06-28,d7ead36ba26c6f06cb54,0.0,True,False,0.0,0.0,0.0,0.0,0.0,0.0,-0.0,-0.0,118630.0,118645.0,0.0,0.00012642757806902947,active,,specialist_veto,specialist_veto,False,NGN7@2017-06-28,2017
2017-06-01 00:00:00+00:00,2017-06-01 00:00:00+00:00,NGN7@2017-06-28,67754879f9451b85cf92,0.0,True,False,0.0,0.0,0.0,0.0,0.0,0.0,-0.0,-0.0,118630.0,118645.0,0.0,0.00012642757806902947,active,,specialist_veto,specialist_veto,False,NGN7@2017-06-28,2017
2017-06-02 00:00:00+00:00,2017-06-02 00:00:00+00:00,NGN7@2017-06-28,4bb07b54108b50e14738,1.0,False,False,0.0,1.0,1.0,1.0,0.0,15.0,-120.0,-135.0,118495.0,118645.0,135.0,0.0012642757806902946,active,,,forecast_signal,False,NGN7@2017-06-28,2017
2017-06-04 00:00:00+00:00,2017-06-04 00:00:00+00:00,NGN7@2017-06-28,da0ccf8d3ec7cf299d9a,1.0,False,False,1.0,1.0,0.0,0.0,0.0,0.0,50.000000000003006,50.000000000003006,118545.0,118645.0,0.0,0.0008428505204601963,active,,,forecast_signal,False,NGN7@2017-06-28,2017
2017-06-05 00:00:00+00:00,2017-06-05 00:00:00+00:00,NGN7@2017-06-28,da0ccf8d3ec7cf299d9a,1.0,False,False,1.0,1.0,0.0,0.0,0.0,0.0,-489.999999999999,-489.999999999999,118055.0,118645.0,490.0,0.004972818070715159,active,,,forecast_signal,False,NGN7@2017-06-28,2017
2017-06-06 00:00:00+00:00,2017-06-06 00:00:00+00:00,NGN7@2017-06-28,93cd779cc6d61ed1499f,0.0,True,False,1.0,0.0,-1.0,1.0,0.0,15.0,0.0,-15.0,118040.0,118645.0,15.0,0.005099245648784188,active,,specialist_veto,specialist_veto,False,NGN7@2017-06-28,2017
2017-06-07 00:00:00+00:00,2017-06-07 00:00:00+00:00,NGN7@2017-06-28,4249e9f929b202d689b5,1.0,False,False,0.0,1.0,1.0,1.0,0.0,15.0,-379.99999999999795,-394.99999999999795,117645.0,118645.0,395.0,0.008428505204601963,active,,,forecast_signal,False,NGN7@2017-06-28,2017
2017-06-08 00:00:00+00:00,2017-06-08 00:00:00+00:00,NGN7@2017-06-28,9d3418453db3f225bd2a,1.0,False,False,1.0,1.0,0.0,0.0,0.0,0.0,200.0,200.0,117845.0,118645.0,0.0,0.006742804163681571,active,,,forecast_signal,False,NGN7@2017-06-28,2017
2017-06-09 00:00:00+00:00,2017-06-09 00:00:00+00:00,NGN7@2017-06-28,a0e0935c7dccbd0ebb65,0.0,True,False,1.0,0.0,-1.0,1.0,0.0,15.0,-0.0,-15.0,117830.0,118645.0,15.0,0.0068692317417506,active,,predicted_gross_pnl_not_above_round_trip_cost,predicted_gross_pnl_not_above_round_trip_cost,False,NGN7@2017-06-28,2017
2017-06-11 00:00:00+00:00,2017-06-11 00:00:00+00:00,NGN7@2017-06-28,5ebc07eaf550459be87c,1.0,False,False,0.0,1.0,1.0,1.0,0.0,15.0,-120.0,-135.0,117695.0,118645.0,135.0,0.008007079944371866,active,,,forecast_signal,False,NGN7@2017-06-28,2017
2017-06-12 00:00:00+00:00,2017-06-12 00:00:00+00:00,NGN7@2017-06-28,5ebc07eaf550459be87c,1.0,False,False,1.0,1.0,0.0,0.0,0.0,0.0,-40.0,-40.0,117655.0,118645.0,40.0,0.008344220152555945,active,,,forecast_signal,False,NGN7@2017-06-28,2017
2017-06-13 00:00:00+00:00,2017-06-13 00:00:00+00:00,NGN7@2017-06-28,a54e048ee6092659f43d,0.0,True,False,1.0,0.0,-1.0,1.0,0.0,15.0,-0.0,-15.0,117640.0,118645.0,15.0,0.008470647730624973,active,,specialist_veto,specialist_veto,False,NGN7@2017-06-28,2017
2017-06-14 00:00:00+00:00,2017-06-14 00:00:00+00:00,NGN7@2017-06-28,b7d8b7f5540f025e86e4,0.0,True,False,0.0,0.0,0.0,0.0,0.0,0.0,-0.0,-0.0,117640.0,118645.0,0.0,0.008470647730624973,active,,predicted_gross_pnl_not_above_round_trip_cost,predicted_gross_pnl_not_above_round_trip_cost,False,NGN7@2017-06-28,2017
2017-06-15 00:00:00+00:00,2017-06-15 00:00:00+00:00,NGN7@2017-06-28,5194826949fcfbacedbc,1.0,False,False,0.0,1.0,1.0,1.0,0.0,15.0,1110.000000000002,1095.000000000002,118735.0,118735.0,0.0,0.0,active,,,forecast_signal,False,NGN7@2017-06-28,2017
2017-06-16 00:00:00+00:00,2017-06-16 00:00:00+00:00,NGN7@2017-06-28,0120d962701660c08c3f,0.0,True,False,1.0,0.0,-1.0,1.0,0.0,15.0,-0.0,-15.0,118720.0,118735.0,15.0,0.00012633174716806332,active,,specialist_veto,specialist_veto,False,NGN7@2017-06-28,2017
2017-06-18 00:00:00+00:00,2017-06-18 00:00:00+00:00,NGN7@2017-06-28,527fabf7424e1dedd3f7,0.0,True,False,0.0,0.0,0.0,0.0,0.0,0.0,-0.0,-0.0,118720.0,118735.0,0.0,0.00012633174716806332,active,,predicted_gross_pnl_not_above_round_trip_cost,predicted_gross_pnl_not_above_round_trip_cost,False,NGN7@2017-06-28,2017
2017-06-19 00:00:00+00:00,2017-06-19 00:00:00+00:00,NGN7@2017-06-28,527fabf7424e1dedd3f7,0.0,True,False,0.0,0.0,0.0,0.0,0.0,0.0,-0.0,-0.0,118720.0,118735.0,0.0,0.00012633174716806332,active,,predicted_gross_pnl_not_above_round_trip_cost,predicted_gross_pnl_not_above_round_trip_cost,False,NGN7@2017-06-28,2017
2017-06-20 00:00:00+00:00,2017-06-20 00:00:00+00:00,NGN7@2017-06-28,862e88b8c90bff7dcf1c,0.0,True,False,0.0,0.0,0.0,0.0,0.0,0.0,-0.0,-0.0,118720.0,118735.0,0.0,0.00012633174716806332,active,,predicted_gross_pnl_not_above_round_trip_cost,predicted_gross_pnl_not_above_round_trip_cost,False,NGN7@2017-06-28,2017
2017-06-21 00:00:00+00:00,2017-06-21 00:00:00+00:00,NGN7@2017-06-28,810ec595f9693331a145,0.0,True,False,0.0,0.0,0.0,0.0,0.0,0.0,-0.0,-0.0,118720.0,118735.0,0.0,0.00012633174716806332,active,,specialist_veto,specialist_veto,False,NGN7@2017-06-28,2017
2017-06-22 00:00:00+00:00,2017-06-22 00:00:00+00:00,NGN7@2017-06-28,202c0fd9f535ee4078b1,0.0,True,False,0.0,0.0,0.0,0.0,0.0,0.0,0.0,0.0,118720.0,118735.0,0.0,0.00012633174716806332,active,,specialist_veto,specialist_veto,False,NGN7@2017-06-28,2017
2017-06-23 00:00:00+00:00,2017-06-23 00:00:00+00:00,NGN7@2017-06-28,720d42dd18ec77382bd3,0.0,True,False,0.0,0.0,0.0,0.0,0.0,0.0,0.0,0.0,118720.0,118735.0,0.0,0.00012633174716806332,active,,specialist_veto,specialist_veto,False,NGN7@2017-06-28,2017
2017-06-25 00:00:00+00:00,2017-06-25 00:00:00+00:00,NGN7@2017-06-28,0357872ce43d8bc9ef8f,-1.0,False,False,0.0,-1.0,-1.0,1.0,0.0,15.0,-49.999999999997996,-64.999999999998,118655.0,118735.0,65.0,0.0006737693182296711,active,,,forecast_signal,False,NGN7@2017-06-28,2017
2017-06-26 00:00:00+00:00,2017-06-26 00:00:00+00:00,NGN7@2017-06-28,0357872ce43d8bc9ef8f,-1.0,False,False,-1.0,-1.0,0.0,0.0,0.0,0.0,-449.99999999999903,-449.99999999999903,118205.0,118735.0,450.0,0.004463721733271571,active,,,forecast_signal,False,NGN7@2017-06-28,2017
2017-06-27 00:00:00+00:00,2017-06-27 00:00:00+00:00,NGN7@2017-06-28,4f457e02695eaa663e40,0.0,True,False,-1.0,0.0,1.0,1.0,0.0,15.0,-0.0,-15.0,118190.0,118735.0,15.0,0.0045900534804396344,active,,specialist_veto,specialist_veto,False,NGQ7@2017-07-27,2017
2017-06-28 00:00:00+00:00,2017-06-28 00:00:00+00:00,NGQ7@2017-07-27,9452250de09f89194af5,0.0,True,False,0.0,0.0,0.0,0.0,0.0,0.0,0.0,0.0,118190.0,118735.0,0.0,0.0045900534804396344,active,,specialist_veto,specialist_veto,False,NGQ7@2017-07-27,2017
2017-06-29 00:00:00+00:00,2017-06-29 00:00:00+00:00,NGQ7@2017-07-27,b79414931bd33883cc3f,-0.5,False,False,0.0,-0.5,-0.5,0.5,0.0,7.5,254.9999999999985,247.4999999999985,118437.5,118735.0,0.0,0.0025055796521665894,active,,,specialist_sizing_modifier,False,NGQ7@2017-07-27,2017
2017-06-30 00:00:00+00:00,2017-06-30 00:00:00+00:00,NGQ7@2017-07-27,046d47192bb902cfb259,-1.0,False,False,-0.5,-1.0,-0.5,0.5,0.0,7.5,900.0000000000031,892.5000000000031,119330.0,119330.0,0.0,0.0,active,,,forecast_signal,False,NGQ7@2017-07-27,2017
2017-07-02 00:00:00+00:00,2017-07-02 00:00:00+00:00,NGQ7@2017-07-27,ad37246d8e6b7ea0062a,0.0,True,False,-1.0,0.0,1.0,1.0,0.0,15.0,0.0,-15.0,119315.0,119330.0,15.0,0.00012570183524679462,active,,specialist_veto,specialist_veto,False,NGQ7@2017-07-27,2017
2017-07-03 00:00:00+00:00,2017-07-03 00:00:00+00:00,NGQ7@2017-07-27,ad37246d8e6b7ea0062a,0.0,True,False,0.0,0.0,0.0,0.0,0.0,0.0,0.0,0.0,119315.0,119330.0,0.0,0.00012570183524679462,active,,specialist_veto,specialist_veto,False,NGQ7@2017-07-27,2017
2017-07-04 00:00:00+00:00,2017-07-04 00:00:00+00:00,NGQ7@2017-07-27,458e2d86cd1d7aa5d8bf,0.0,True,False,0.0,0.0,0.0,0.0,0.0,0.0,0.0,0.0,119315.0,119330.0,0.0,0.00012570183524679462,active,,specialist_veto,specialist_veto,False,NGQ7@2017-07-27,2017
2017-07-05 00:00:00+00:00,2017-07-05 00:00:00+00:00,NGQ7@2017-07-27,458e2d86cd1d7aa5d8bf,0.0,True,False,0.0,0.0,0.0,0.0,0.0,0.0,-0.0,-0.0,119315.0,119330.0,0.0,0.00012570183524679462,active,,specialist_veto,specialist_veto,False,NGQ7@2017-07-27,2017
2017-07-06 00:00:00+00:00,2017-07-06 00:00:00+00:00,NGQ7@2017-07-27,4bd8b170371b5e506c79,0.0,True,False,0.0,0.0,0.0,0.0,0.0,0.0,0.0,0.0,119315.0,119330.0,0.0,0.00012570183524679462,active,,specialist_veto,specialist_veto,False,NGQ7@2017-07-27,2017
2017-07-07 00:00:00+00:00,2017-07-07 00:00:00+00:00,NGQ7@2017-07-27,5f5d62aa62c54e447f5e,0.0,True,False,0.0,0.0,0.0,0.0,0.0,0.0,0.0,0.0,119315.0,119330.0,0.0,0.00012570183524679462,active,,specialist_veto,specialist_veto,False,NGQ7@2017-07-27,2017
2017-07-09 00:00:00+00:00,2017-07-09 00:00:00+00:00,NGQ7@2017-07-27,c379a18a2b49fc3f74ef,0.0,True,False,0.0,0.0,0.0,0.0,0.0,0.0,-0.0,-0.0,119315.0,119330.0,0.0,0.00012570183524679462,active,,specialist_veto,specialist_veto,False,NGQ7@2017-07-27,2017
2017-07-10 00:00:00+00:00,2017-07-10 00:00:00+00:00,NGQ7@2017-07-27,c379a18a2b49fc3f74ef,0.0,True,False,0.0,0.0,0.0,0.0,0.0,0.0,0.0,0.0,119315.0,119330.0,0.0,0.00012570183524679462,active,,specialist_veto,specialist_veto,False,NGQ7@2017-07-27,2017
2017-07-11 00:00:00+00:00,2017-07-11 00:00:00+00:00,NGQ7@2017-07-27,3edff90b0f7afa418903,0.0,True,False,0.0,0.0,0.0,0.0,0.0,0.0,0.0,0.0,119315.0,119330.0,0.0,0.00012570183524679462,active,,predicted_gross_pnl_not_above_round_trip_cost,predicted_gross_pnl_not_above_round_trip_cost,False,NGQ7@2017-07-27,2017
2017-07-12 00:00:00+00:00,2017-07-12 00:00:00+00:00,NGQ7@2017-07-27,24ff182bb9698a543bf9,0.0,True,False,0.0,0.0,0.0,0.0,0.0,0.0,-0.0,-0.0,119315.0,119330.0,0.0,0.00012570183524679462,active,,specialist_veto,specialist_veto,False,NGQ7@2017-07-27,2017
2017-07-13 00:00:00+00:00,2017-07-13 00:00:00+00:00,NGQ7@2017-07-27,870d2ffdf49a7ff6476e,0.0,True,False,0.0,0.0,0.0,0.0,0.0,0.0,-0.0,-0.0,119315.0,119330.0,0.0,0.00012570183524679462,active,,specialist_veto,specialist_veto,False,NGQ7@2017-07-27,2017
2017-07-14 00:00:00+00:00,2017-07-14 00:00:00+00:00,NGQ7@2017-07-27,8dc71afee48b1c7832fb,1.0,False,False,0.0,1.0,1.0,1.0,0.0,15.0,170.00000000000298,155.00000000000298,119470.0,119470.0,0.0,0.0,active,,,forecast_signal,False,NGQ7@2017-07-27,2017
2017-07-16 00:00:00+00:00,2017-07-16 00:00:00+00:00,NGQ7@2017-07-27,59fe2c1c92588f36eb54,1.0,False,False,1.0,1.0,0.0,0.0,0.0,0.0,129.999999999999,129.999999999999,119600.0,119600.0,0.0,0.0,active,,,forecast_signal,False,NGQ7@2017-07-27,2017
2017-07-17 00:00:00+00:00,2017-07-17 00:00:00+00:00,NGQ7@2017-07-27,59fe2c1c92588f36eb54,1.0,False,False,1.0,1.0,0.0,0.0,0.0,0.0,280.0,280.0,119880.0,119880.0,0.0,0.0,active,,,forecast_signal,False,NGQ7@2017-07-27,2017
2017-07-18 00:00:00+00:00,2017-07-18 00:00:00+00:00,NGQ7@2017-07-27,0ce8db066ea3e6897e20,0.0,True,False,1.0,0.0,-1.0,1.0,0.0,15.0,0.0,-15.0,119865.0,119880.0,15.0,0.00012512512512512512,active,,specialist_veto,specialist_veto,False,NGQ7@2017-07-27,2017
2017-07-19 00:00:00+00:00,2017-07-19 00:00:00+00:00,NGQ7@2017-07-27,6715df90c31a2fe1ff2d,-1.0,False,False,0.0,-1.0,-1.0,1.0,0.0,15.0,80.0,65.0,119930.0,119930.0,0.0,0.0,active,,,forecast_signal,False,NGQ7@2017-07-27,2017
2017-07-20 00:00:00+00:00,2017-07-20 00:00:00+00:00,NGQ7@2017-07-27,c0582ed6fe6bc2ff7fa6,-1.0,False,False,-1.0,-1.0,0.0,0.0,0.0,0.0,400.0,400.0,120330.0,120330.0,0.0,0.0,active,,,forecast_signal,False,NGQ7@2017-07-27,2017
2017-07-21 00:00:00+00:00,2017-07-21 00:00:00+00:00,NGQ7@2017-07-27,24ea535ce1f8fe07bf75,-1.0,False,False,-1.0,-1.0,0.0,0.0,0.0,0.0,1159.9999999999961,1159.9999999999961,121490.0,121490.0,0.0,0.0,active,,,forecast_signal,False,NGQ7@2017-07-27,2017
2017-07-23 00:00:00+00:00,2017-07-23 00:00:00+00:00,NGQ7@2017-07-27,d3bc176b38b054828241,-1.0,False,False,-1.0,-1.0,0.0,0.0,0.0,0.0,-240.0,-240.0,121250.0,121490.0,240.0,0.001975471232200181,active,,,forecast_signal,False,NGQ7@2017-07-27,2017
2017-07-24 00:00:00+00:00,2017-07-24 00:00:00+00:00,NGQ7@2017-07-27,d3bc176b38b054828241,-1.0,False,False,-1.0,-1.0,0.0,0.0,0.0,0.0,290.000000000003,290.000000000003,121540.0,121540.0,0.0,0.0,active,,,forecast_signal,False,NGQ7@2017-07-27,2017
2017-07-25 00:00:00+00:00,2017-07-25 00:00:00+00:00,NGQ7@2017-07-27,215dfd3f7047611c480b,0.0,True,False,-1.0,0.0,1.0,1.0,0.0,15.0,0.0,-15.0,121525.0,121540.0,15.0,0.00012341615928912293,active,,specialist_veto,specialist_veto,False,NGU7@2017-08-29,2017
2017-07-26 00:00:00+00:00,2017-07-26 00:00:00+00:00,NGU7@2017-08-29,604c3794d608a95bcbef,0.0,True,False,0.0,0.0,0.0,0.0,0.0,0.0,-0.0,-0.0,121525.0,121540.0,0.0,0.00012341615928912293,active,,specialist_veto,specialist_veto,False,NGU7@2017-08-29,2017
2017-07-27 00:00:00+00:00,2017-07-27 00:00:00+00:00,NGU7@2017-08-29,61df084a9d04af44ece4,0.0,True,False,0.0,0.0,0.0,0.0,0.0,0.0,0.0,0.0,121525.0,121540.0,0.0,0.00012341615928912293,active,,specialist_veto,specialist_veto,False,NGU7@2017-08-29,2017
2017-07-28 00:00:00+00:00,2017-07-28 00:00:00+00:00,NGU7@2017-08-29,2c381e07ee90f14fb181,0.0,True,False,0.0,0.0,0.0,0.0,0.0,0.0,-0.0,-0.0,121525.0,121540.0,0.0,0.00012341615928912293,active,,specialist_veto,specialist_veto,False,NGU7@2017-08-29,2017
2017-07-30 00:00:00+00:00,2017-07-30 00:00:00+00:00,NGU7@2017-08-29,c5a107667b4b01340003,0.0,True,False,0.0,0.0,0.0,0.0,0.0,0.0,-0.0,-0.0,121525.0,121540.0,0.0,0.00012341615928912293,active,,specialist_veto,specialist_veto,False,NGU7@2017-08-29,2017
2017-07-31 00:00:00+00:00,2017-07-31 00:00:00+00:00,NGU7@2017-08-29,c5a107667b4b01340003,0.0,True,False,0.0,0.0,0.0,0.0,0.0,0.0,-0.0,-0.0,121525.0,121540.0,0.0,0.00012341615928912293,active,,specialist_veto,specialist_veto,False,NGU7@2017-08-29,2017
2017-08-01 00:00:00+00:00,2017-08-01 00:00:00+00:00,NGU7@2017-08-29,6d746fe622c07c17ded0,0.0,True,False,0.0,0.0,0.0,0.0,0.0,0.0,-0.0,-0.0,121525.0,121540.0,0.0,0.00012341615928912293,active,,specialist_veto,specialist_veto,False,NGU7@2017-08-29,2017
2017-08-02 00:00:00+00:00,2017-08-02 00:00:00+00:00,NGU7@2017-08-29,fb3dc03e77bff84d1cc9,0.0,True,False,0.0,0.0,0.0,0.0,0.0,0.0,0.0,0.0,121525.0,121540.0,0.0,0.00012341615928912293,active,,specialist_veto,specialist_veto,False,NGU7@2017-08-29,2017
2017-08-03 00:00:00+00:00,2017-08-03 00:00:00+00:00,NGU7@2017-08-29,a914b4b9ab7e93f89d4c,0.0,True,False,0.0,0.0,0.0,0.0,0.0,0.0,-0.0,-0.0,121525.0,121540.0,0.0,0.00012341615928912293,active,,specialist_veto,specialist_veto,False,NGU7@2017-08-29,2017
2017-08-04 00:00:00+00:00,2017-08-04 00:00:00+00:00,NGU7@2017-08-29,9eaf01b0af3156c766b4,0.0,True,False,0.0,0.0,0.0,0.0,0.0,0.0,-0.0,-0.0,121525.0,121540.0,0.0,0.00012341615928912293,active,,specialist_veto,specialist_veto,False,NGU7@2017-08-29,2017
2017-08-06 00:00:00+00:00,2017-08-06 00:00:00+00:00,NGU7@2017-08-29,2101534c69b862259b97,0.0,True,False,0.0,0.0,0.0,0.0,0.0,0.0,0.0,0.0,121525.0,121540.0,0.0,0.00012341615928912293,active,,specialist_veto,specialist_veto,False,NGU7@2017-08-29,2017
2017-08-07 00:00:00+00:00,2017-08-07 00:00:00+00:00,NGU7@2017-08-29,2101534c69b862259b97,0.0,True,False,0.0,0.0,0.0,0.0,0.0,0.0,0.0,0.0,121525.0,121540.0,0.0,0.00012341615928912293,active,,specialist_veto,specialist_veto,False,NGU7@2017-08-29,2017
2017-08-08 00:00:00+00:00,2017-08-08 00:00:00+00:00,NGU7@2017-08-29,ce5986aa429f732dd8ed,0.0,True,False,0.0,0.0,0.0,0.0,0.0,0.0,0.0,0.0,121525.0,121540.0,0.0,0.00012341615928912293,active,,specialist_veto,specialist_veto,False,NGU7@2017-08-29,2017
2017-08-09 00:00:00+00:00,2017-08-09 00:00:00+00:00,NGU7@2017-08-29,d3f92429670557ba5de7,0.0,True,False,0.0,0.0,0.0,0.0,0.0,0.0,0.0,0.0,121525.0,121540.0,0.0,0.00012341615928912293,active,,specialist_veto,specialist_veto,False,NGU7@2017-08-29,2017
2017-08-10 00:00:00+00:00,2017-08-10 00:00:00+00:00,NGU7@2017-08-29,f6688862dcf8a1b9c432,0.0,True,False,0.0,0.0,0.0,0.0,0.0,0.0,0.0,0.0,121525.0,121540.0,0.0,0.00012341615928912293,active,,specialist_veto,specialist_veto,False,NGU7@2017-08-29,2017
2017-08-11 00:00:00+00:00,2017-08-11 00:00:00+00:00,NGU7@2017-08-29,fdfd70378a422b358b10,0.0,True,False,0.0,0.0,0.0,0.0,0.0,0.0,0.0,0.0,121525.0,121540.0,0.0,0.00012341615928912293,active,,specialist_veto,specialist_veto,False,NGU7@2017-08-29,2017
2017-08-13 00:00:00+00:00,2017-08-13 00:00:00+00:00,NGU7@2017-08-29,18ec254319596c8fe224,-1.0,False,False,0.0,-1.0,-1.0,1.0,0.0,15.0,-70.000000000001,-85.000000000001,121440.0,121540.0,85.0,0.0008227743952608195,active,,,forecast_signal,False,NGU7@2017-08-29,2017
2017-08-14 00:00:00+00:00,2017-08-14 00:00:00+00:00,NGU7@2017-08-29,18ec254319596c8fe224,-1.0,False,False,-1.0,-1.0,0.0,0.0,0.0,0.0,510.000000000001,510.000000000001,121950.0,121950.0,0.0,0.0,active,,,forecast_signal,False,NGU7@2017-08-29,2017
2017-08-15 00:00:00+00:00,2017-08-15 00:00:00+00:00,NGU7@2017-08-29,ad850e59d2776d0ddc8f,0.0,True,False,-1.0,0.0,1.0,1.0,0.0,15.0,-0.0,-15.0,121935.0,121950.0,15.0,0.0001230012300123001,active,,specialist_veto,specialist_veto,False,NGU7@2017-08-29,2017
2017-08-16 00:00:00+00:00,2017-08-16 00:00:00+00:00,NGU7@2017-08-29,9fdad678dda479763042,0.0,True,False,0.0,0.0,0.0,0.0,0.0,0.0,-0.0,-0.0,121935.0,121950.0,0.0,0.0001230012300123001,active,,specialist_veto,specialist_veto,False,NGU7@2017-08-29,2017
2017-08-17 00:00:00+00:00,2017-08-17 00:00:00+00:00,NGU7@2017-08-29,763dcd04d7ff2c40a30d,1.0,False,False,0.0,1.0,1.0,1.0,0.0,15.0,320.0,305.0,122240.0,122240.0,0.0,0.0,active,,,forecast_signal,False,NGU7@2017-08-29,2017
2017-08-18 00:00:00+00:00,2017-08-18 00:00:00+00:00,NGU7@2017-08-29,fb5a35516b3338b640d3,0.0,True,False,1.0,0.0,-1.0,1.0,0.0,15.0,-0.0,-15.0,122225.0,122240.0,15.0,0.00012270942408376963,active,,predicted_gross_pnl_not_above_round_trip_cost,predicted_gross_pnl_not_above_round_trip_cost,False,NGU7@2017-08-29,2017
2017-08-20 00:00:00+00:00,2017-08-20 00:00:00+00:00,NGU7@2017-08-29,c0e4138634e4288b1ed1,0.0,True,False,0.0,0.0,0.0,0.0,0.0,0.0,0.0,0.0,122225.0,122240.0,0.0,0.00012270942408376963,active,,specialist_veto,specialist_veto,False,NGU7@2017-08-29,2017
2017-08-21 00:00:00+00:00,2017-08-21 00:00:00+00:00,NGU7@2017-08-29,c0e4138634e4288b1ed1,0.0,True,False,0.0,0.0,0.0,0.0,0.0,0.0,0.0,0.0,122225.0,122240.0,0.0,0.00012270942408376963,active,,specialist_veto,specialist_veto,False,NGU7@2017-08-29,2017
2017-08-22 00:00:00+00:00,2017-08-22 00:00:00+00:00,NGU7@2017-08-29,3a764bb7dad668e860ff,0.0,True,False,0.0,0.0,0.0,0.0,0.0,0.0,-0.0,-0.0,122225.0,122240.0,0.0,0.00012270942408376963,active,,specialist_veto,specialist_veto,False,NGU7@2017-08-29,2017
2017-08-23 00:00:00+00:00,2017-08-23 00:00:00+00:00,NGU7@2017-08-29,d39d7b3cd92afbdcf107,-1.0,False,False,0.0,-1.0,-1.0,1.0,0.0,15.0,110.000000000001,95.000000000001,122320.0,122320.0,0.0,0.0,active,,,forecast_signal,False,NGU7@2017-08-29,2017
2017-08-24 00:00:00+00:00,2017-08-24 00:00:00+00:00,NGU7@2017-08-29,d39d7b3cd92afbdcf107,-1.0,False,False,-1.0,-1.0,0.0,0.0,0.0,0.0,-220.000000000002,-220.000000000002,122100.0,122320.0,220.0,0.0017985611510791368,active,,,forecast_signal,False,NGU7@2017-08-29,2017
2017-08-25 00:00:00+00:00,2017-08-25 00:00:00+00:00,NGU7@2017-08-29,d39d7b3cd92afbdcf107,-1.0,False,False,-1.0,-1.0,0.0,0.0,0.0,0.0,220.000000000002,220.000000000002,122320.0,122320.0,0.0,0.0,active,,,forecast_signal,False,NGU7@2017-08-29,2017
2017-08-27 00:00:00+00:00,2017-08-27 00:00:00+00:00,NGU7@2017-08-29,d39d7b3cd92afbdcf107,-1.0,False,False,-1.0,-1.0,0.0,0.0,0.0,0.0,139.99999999999702,139.99999999999702,122460.0,122460.0,0.0,0.0,active,,,forecast_signal,False,NGU7@2017-08-29,2017
2017-08-28 00:00:00+00:00,2017-08-28 00:00:00+00:00,NGU7@2017-08-29,d39d7b3cd92afbdcf107,-1.0,False,False,-1.0,-1.0,0.0,0.0,0.0,0.0,-29.999999999996003,-29.999999999996003,122430.0,122460.0,30.0,0.0002449779519843214,active,,,forecast_signal,False,NGU7@2017-08-29,2017
2017-08-29 00:00:00+00:00,2017-08-29 00:00:00+00:00,NGU7@2017-08-29,,0.0,True,False,-1.0,0.0,1.0,1.0,0.0,15.0,0.0,-15.0,122415.0,122460.0,15.0,0.0003674669279764821,active,,forecast_horizon_expired,forecast_horizon_expired,False,,2017
2017-08-30 00:00:00+00:00,2017-08-30 00:00:00+00:00,NGV7@2017-09-27,,0.0,True,False,0.0,0.0,0.0,0.0,0.0,0.0,-0.0,-0.0,122415.0,122460.0,0.0,0.0003674669279764821,active,,forecast_horizon_expired,forecast_horizon_expired,False,NGV7@2017-09-27,2017
2017-08-31 00:00:00+00:00,2017-08-31 00:00:00+00:00,NGV7@2017-09-27,,0.0,True,False,0.0,0.0,0.0,0.0,0.0,0.0,0.0,0.0,122415.0,122460.0,0.0,0.0003674669279764821,active,,forecast_horizon_expired,forecast_horizon_expired,False,NGV7@2017-09-27,2017
2017-09-01 00:00:00+00:00,2017-09-01 00:00:00+00:00,NGV7@2017-09-27,92a0df072307983abd90,0.0,True,False,0.0,0.0,0.0,0.0,0.0,0.0,-0.0,-0.0,122415.0,122460.0,0.0,0.0003674669279764821,active,,specialist_veto,specialist_veto,False,NGV7@2017-09-27,2017
2017-09-03 00:00:00+00:00,2017-09-03 00:00:00+00:00,NGV7@2017-09-27,1aa71563a18d745e88aa,-1.0,False,False,0.0,-1.0,-1.0,1.0,0.0,15.0,-310.000000000001,-325.000000000001,122090.0,122460.0,325.0,0.0030213947411399642,active,,,forecast_signal,False,NGV7@2017-09-27,2017
2017-09-04 00:00:00+00:00,2017-09-04 00:00:00+00:00,NGV7@2017-09-27,1aa71563a18d745e88aa,-1.0,False,False,-1.0,-1.0,0.0,0.0,0.0,0.0,240.0,240.0,122330.0,122460.0,0.0,0.0010615711252653928,active,,,forecast_signal,False,NGV7@2017-09-27,2017
2017-09-05 00:00:00+00:00,2017-09-05 00:00:00+00:00,NGV7@2017-09-27,1aa71563a18d745e88aa,-1.0,False,False,-1.0,-1.0,0.0,0.0,0.0,0.0,499.999999999998,499.999999999998,122830.0,122830.0,0.0,0.0,active,,,forecast_signal,False,NGV7@2017-09-27,2017
2017-09-06 00:00:00+00:00,2017-09-06 00:00:00+00:00,NGV7@2017-09-27,86274da00dcfdea61090,-1.0,False,False,-1.0,-1.0,0.0,0.0,0.0,0.0,-369.99999999999903,-369.99999999999903,122460.0,122830.0,370.0,0.0030122934136611575,active,,,forecast_signal,False,NGV7@2017-09-27,2017
2017-09-07 00:00:00+00:00,2017-09-07 00:00:00+00:00,NGV7@2017-09-27,6c76b3643fd99281951d,-1.0,False,False,-1.0,-1.0,0.0,0.0,0.0,0.0,470.00000000000097,470.00000000000097,122930.0,122930.0,0.0,0.0,active,,,forecast_signal,False,NGV7@2017-09-27,2017
2017-09-08 00:00:00+00:00,2017-09-08 00:00:00+00:00,NGV7@2017-09-27,33c91c94232ce7185f8e,-0.5,False,False,-1.0,-0.5,0.5,0.5,0.0,7.5,249.999999999999,242.499999999999,123172.5,123172.5,0.0,0.0,active,,,specialist_sizing_modifier,False,NGV7@2017-09-27,2017
2017-09-10 00:00:00+00:00,2017-09-10 00:00:00+00:00,NGV7@2017-09-27,839d5312628b3e427802,1.0,False,False,-0.5,1.0,1.5,1.5,0.0,22.5,139.99999999999702,117.49999999999702,123290.0,123290.0,0.0,0.0,active,,,forecast_signal,False,NGV7@2017-09-27,2017
2017-09-11 00:00:00+00:00,2017-09-11 00:00:00+00:00,NGV7@2017-09-27,839d5312628b3e427802,1.0,False,False,1.0,1.0,0.0,0.0,0.0,0.0,280.0,280.0,123570.0,123570.0,0.0,0.0,active,,,forecast_signal,False,NGV7@2017-09-27,2017
2017-09-12 00:00:00+00:00,2017-09-12 00:00:00+00:00,NGV7@2017-09-27,953161f5ac0091aea86b,0.0,True,False,1.0,0.0,-1.0,1.0,0.0,15.0,0.0,-15.0,123555.0,123570.0,15.0,0.00012138868657441127,active,,specialist_veto,specialist_veto,False,NGV7@2017-09-27,2017
2017-09-13 00:00:00+00:00,2017-09-13 00:00:00+00:00,NGV7@2017-09-27,9635ec1aa46ecdd7d5fb,0.0,True,False,0.0,0.0,0.0,0.0,0.0,0.0,0.0,0.0,123555.0,123570.0,0.0,0.00012138868657441127,active,,specialist_veto,specialist_veto,False,NGV7@2017-09-27,2017
2017-09-14 00:00:00+00:00,2017-09-14 00:00:00+00:00,NGV7@2017-09-27,fc48aab074e346fdbd25,0.0,True,False,0.0,0.0,0.0,0.0,0.0,0.0,0.0,0.0,123555.0,123570.0,0.0,0.00012138868657441127,active,,specialist_veto,specialist_veto,False,NGV7@2017-09-27,2017
2017-09-15 00:00:00+00:00,2017-09-15 00:00:00+00:00,NGV7@2017-09-27,0015e59e813131eb7e41,0.0,True,False,0.0,0.0,0.0,0.0,0.0,0.0,-0.0,-0.0,123555.0,123570.0,0.0,0.00012138868657441127,active,,specialist_veto,specialist_veto,False,NGV7@2017-09-27,2017
2017-09-17 00:00:00+00:00,2017-09-17 00:00:00+00:00,NGV7@2017-09-27,a1afe519fef07528141e,-1.0,False,False,0.0,-1.0,-1.0,1.0,0.0,15.0,-160.0,-175.0,123380.0,123570.0,175.0,0.0015375900299425427,active,,,forecast_signal,False,NGV7@2017-09-27,2017
2017-09-18 00:00:00+00:00,2017-09-18 00:00:00+00:00,NGV7@2017-09-27,a1afe519fef07528141e,-1.0,False,False,-1.0,-1.0,0.0,0.0,0.0,0.0,-819.999999999998,-819.999999999998,122560.0,123570.0,820.0,0.008173504896010358,active,,,forecast_signal,False,NGV7@2017-09-27,2017
2017-09-19 00:00:00+00:00,2017-09-19 00:00:00+00:00,NGV7@2017-09-27,f196dfaa3e0f66e08a48,0.0,True,False,-1.0,0.0,1.0,1.0,0.0,15.0,-0.0,-15.0,122545.0,123570.0,15.0,0.00829489358258477,active,,predicted_gross_pnl_not_above_round_trip_cost,predicted_gross_pnl_not_above_round_trip_cost,False,NGV7@2017-09-27,2017
2017-09-20 00:00:00+00:00,2017-09-20 00:00:00+00:00,NGV7@2017-09-27,104f8ed9d010cc8531e3,-1.0,False,False,0.0,-1.0,-1.0,1.0,0.0,15.0,310.000000000001,295.000000000001,122840.0,123570.0,0.0,0.005907582746621348,active,,,forecast_signal,False,NGV7@2017-09-27,2017
2017-09-21 00:00:00+00:00,2017-09-21 00:00:00+00:00,NGV7@2017-09-27,6189ddc684f16b189121,-1.0,False,False,-1.0,-1.0,0.0,0.0,0.0,0.0,1320.000000000001,1320.000000000001,124160.0,124160.0,0.0,0.0,active,,,forecast_signal,False,NGV7@2017-09-27,2017
2017-09-22 00:00:00+00:00,2017-09-22 00:00:00+00:00,NGV7@2017-09-27,dc111fcf02a5ca55ed04,-1.0,False,False,-1.0,-1.0,0.0,0.0,0.0,0.0,249.999999999999,249.999999999999,124410.0,124410.0,0.0,0.0,active,,,forecast_signal,False,NGV7@2017-09-27,2017
2017-09-24 00:00:00+00:00,2017-09-24 00:00:00+00:00,NGV7@2017-09-27,1b198aa80370b14dcb5c,0.0,True,False,-1.0,0.0,1.0,1.0,0.0,15.0,0.0,-15.0,124395.0,124410.0,15.0,0.00012056908608632747,active,,specialist_veto,specialist_veto,False,NGV7@2017-09-27,2017
2017-09-25 00:00:00+00:00,2017-09-25 00:00:00+00:00,NGV7@2017-09-27,1b198aa80370b14dcb5c,0.0,True,False,0.0,0.0,0.0,0.0,0.0,0.0,-0.0,-0.0,124395.0,124410.0,0.0,0.00012056908608632747,active,,specialist_veto,specialist_veto,False,NGV7@2017-09-27,2017
2017-09-26 00:00:00+00:00,2017-09-26 00:00:00+00:00,NGV7@2017-09-27,93c393c08c4dd620b46c,0.0,True,False,0.0,0.0,0.0,0.0,0.0,0.0,0.0,0.0,124395.0,124410.0,0.0,0.00012056908608632747,active,,specialist_veto,specialist_veto,False,NGX7@2017-10-27,2017
2017-09-27 00:00:00+00:00,2017-09-27 00:00:00+00:00,NGX7@2017-10-27,695f509032fe567076bb,0.0,True,False,0.0,0.0,0.0,0.0,0.0,0.0,0.0,0.0,124395.0,124410.0,0.0,0.00012056908608632747,active,,specialist_veto,specialist_veto,False,NGX7@2017-10-27,2017
2017-09-28 00:00:00+00:00,2017-09-28 00:00:00+00:00,NGX7@2017-10-27,c14aa9e7706f62386fea,0.0,True,False,0.0,0.0,0.0,0.0,0.0,0.0,-0.0,-0.0,124395.0,124410.0,0.0,0.00012056908608632747,active,,specialist_veto,specialist_veto,False,NGX7@2017-10-27,2017
2017-09-29 00:00:00+00:00,2017-09-29 00:00:00+00:00,NGX7@2017-10-27,727a4e84ac70b9443db8,-1.0,False,False,0.0,-1.0,-1.0,1.0,0.0,15.0,-49.999999999997996,-64.999999999998,124330.0,124410.0,65.0,0.0006430351257937464,active,,,forecast_signal,False,NGX7@2017-10-27,2017
2017-10-01 00:00:00+00:00,2017-10-01 00:00:00+00:00,NGX7@2017-10-27,053b85063e4ff32f8240,0.0,True,False,-1.0,0.0,1.0,1.0,0.0,15.0,-0.0,-15.0,124315.0,124410.0,15.0,0.0007636042118800739,active,,specialist_veto,specialist_veto,False,NGX7@2017-10-27,2017
2017-10-02 00:00:00+00:00,2017-10-02 00:00:00+00:00,NGX7@2017-10-27,053b85063e4ff32f8240,0.0,True,False,0.0,0.0,0.0,0.0,0.0,0.0,-0.0,-0.0,124315.0,124410.0,0.0,0.0007636042118800739,active,,specialist_veto,specialist_veto,False,NGX7@2017-10-27,2017
2017-10-03 00:00:00+00:00,2017-10-03 00:00:00+00:00,NGX7@2017-10-27,d512660fb3792a191877,0.0,True,False,0.0,0.0,0.0,0.0,0.0,0.0,-0.0,-0.0,124315.0,124410.0,0.0,0.0007636042118800739,active,,specialist_veto,specialist_veto,False,NGX7@2017-10-27,2017
2017-10-04 00:00:00+00:00,2017-10-04 00:00:00+00:00,NGX7@2017-10-27,b394249fb3ba82a89f20,0.0,True,False,0.0,0.0,0.0,0.0,0.0,0.0,0.0,0.0,124315.0,124410.0,0.0,0.0007636042118800739,active,,specialist_veto,specialist_veto,False,NGX7@2017-10-27,2017
2017-10-05 00:00:00+00:00,2017-10-05 00:00:00+00:00,NGX7@2017-10-27,9627ef1d8e8030e733cb,0.0,True,False,0.0,0.0,0.0,0.0,0.0,0.0,-0.0,-0.0,124315.0,124410.0,0.0,0.0007636042118800739,active,,specialist_veto,specialist_veto,False,NGX7@2017-10-27,2017
2017-10-06 00:00:00+00:00,2017-10-06 00:00:00+00:00,NGX7@2017-10-27,148e61459989ad5c94a2,0.0,True,False,0.0,0.0,0.0,0.0,0.0,0.0,-0.0,-0.0,124315.0,124410.0,0.0,0.0007636042118800739,active,,specialist_veto,specialist_veto,False,NGX7@2017-10-27,2017
2017-10-08 00:00:00+00:00,2017-10-08 00:00:00+00:00,NGX7@2017-10-27,2cedfa6326f619b90a74,0.0,True,False,0.0,0.0,0.0,0.0,0.0,0.0,-0.0,-0.0,124315.0,124410.0,0.0,0.0007636042118800739,active,,specialist_veto,specialist_veto,False,NGX7@2017-10-27,2017
2017-10-09 00:00:00+00:00,2017-10-09 00:00:00+00:00,NGX7@2017-10-27,2cedfa6326f619b90a74,0.0,True,False,0.0,0.0,0.0,0.0,0.0,0.0,-0.0,-0.0,124315.0,124410.0,0.0,0.0007636042118800739,active,,specialist_veto,specialist_veto,False,NGX7@2017-10-27,2017
2017-10-10 00:00:00+00:00,2017-10-10 00:00:00+00:00,NGX7@2017-10-27,cf5d2f6520e5080f6bd9,0.0,True,False,0.0,0.0,0.0,0.0,0.0,0.0,0.0,0.0,124315.0,124410.0,0.0,0.0007636042118800739,active,,specialist_veto,specialist_veto,False,NGX7@2017-10-27,2017
2017-10-11 00:00:00+00:00,2017-10-11 00:00:00+00:00,NGX7@2017-10-27,b66b58c9dfbc303bf84f,0.0,True,False,0.0,0.0,0.0,0.0,0.0,0.0,0.0,0.0,124315.0,124410.0,0.0,0.0007636042118800739,active,,specialist_veto,specialist_veto,False,NGX7@2017-10-27,2017
2017-10-12 00:00:00+00:00,2017-10-12 00:00:00+00:00,NGX7@2017-10-27,e9271427eeb8b9389b0d,0.0,True,False,0.0,0.0,0.0,0.0,0.0,0.0,0.0,0.0,124315.0,124410.0,0.0,0.0007636042118800739,active,,specialist_veto,specialist_veto,False,NGX7@2017-10-27,2017
2017-10-13 00:00:00+00:00,2017-10-13 00:00:00+00:00,NGX7@2017-10-27,0d88ee538edc04bf5820,0.0,True,False,0.0,0.0,0.0,0.0,0.0,0.0,-0.0,-0.0,124315.0,124410.0,0.0,0.0007636042118800739,active,,specialist_veto,specialist_veto,False,NGX7@2017-10-27,2017
2017-10-15 00:00:00+00:00,2017-10-15 00:00:00+00:00,NGX7@2017-10-27,52a59b9384589316d169,0.0,True,False,0.0,0.0,0.0,0.0,0.0,0.0,0.0,0.0,124315.0,124410.0,0.0,0.0007636042118800739,active,,specialist_veto,specialist_veto,False,NGX7@2017-10-27,2017
2017-10-16 00:00:00+00:00,2017-10-16 00:00:00+00:00,NGX7@2017-10-27,52a59b9384589316d169,0.0,True,False,0.0,0.0,0.0,0.0,0.0,0.0,-0.0,-0.0,124315.0,124410.0,0.0,0.0007636042118800739,active,,specialist_veto,specialist_veto,False,NGX7@2017-10-27,2017
2017-10-17 00:00:00+00:00,2017-10-17 00:00:00+00:00,NGX7@2017-10-27,8bf6f1ad5a253302def2,-1.0,False,False,0.0,-1.0,-1.0,1.0,0.0,15.0,289.99999999999903,274.99999999999903,124590.0,124590.0,0.0,0.0,active,,,forecast_signal,False,NGX7@2017-10-27,2017
2017-10-18 00:00:00+00:00,2017-10-18 00:00:00+00:00,NGX7@2017-10-27,15ef4ddae848b3f2c1ae,0.0,True,False,-1.0,0.0,1.0,1.0,0.0,15.0,-0.0,-15.0,124575.0,124590.0,15.0,0.00012039489525644112,active,,predicted_gross_pnl_not_above_round_trip_cost,predicted_gross_pnl_not_above_round_trip_cost,False,NGX7@2017-10-27,2017
2017-10-19 00:00:00+00:00,2017-10-19 00:00:00+00:00,NGX7@2017-10-27,ea94d85e7146243eb255,0.0,True,False,0.0,0.0,0.0,0.0,0.0,0.0,0.0,0.0,124575.0,124590.0,0.0,0.00012039489525644112,active,,predicted_gross_pnl_not_above_round_trip_cost,predicted_gross_pnl_not_above_round_trip_cost,False,NGX7@2017-10-27,2017
2017-10-20 00:00:00+00:00,2017-10-20 00:00:00+00:00,NGX7@2017-10-27,8080276d45c2d70a9e9a,0.0,True,False,0.0,0.0,0.0,0.0,0.0,0.0,0.0,0.0,124575.0,124590.0,0.0,0.00012039489525644112,active,,specialist_veto,specialist_veto,False,NGX7@2017-10-27,2017
2017-10-22 00:00:00+00:00,2017-10-22 00:00:00+00:00,NGX7@2017-10-27,1ebe73659065c2685147,0.0,True,False,0.0,0.0,0.0,0.0,0.0,0.0,-0.0,-0.0,124575.0,124590.0,0.0,0.00012039489525644112,active,,specialist_veto,specialist_veto,False,NGX7@2017-10-27,2017
2017-10-23 00:00:00+00:00,2017-10-23 00:00:00+00:00,NGX7@2017-10-27,1ebe73659065c2685147,0.0,True,False,0.0,0.0,0.0,0.0,0.0,0.0,-0.0,-0.0,124575.0,124590.0,0.0,0.00012039489525644112,active,,specialist_veto,specialist_veto,False,NGX7@2017-10-27,2017
2017-10-24 00:00:00+00:00,2017-10-24 00:00:00+00:00,NGX7@2017-10-27,8ceb9a558cb95cdb11c0,0.0,True,False,0.0,0.0,0.0,0.0,0.0,0.0,0.0,0.0,124575.0,124590.0,0.0,0.00012039489525644112,active,,specialist_veto,specialist_veto,False,NGX7@2017-10-27,2017
2017-10-25 00:00:00+00:00,2017-10-25 00:00:00+00:00,NGX7@2017-10-27,99193212a9323e71646f,0.0,True,False,0.0,0.0,0.0,0.0,0.0,0.0,-0.0,-0.0,124575.0,124590.0,0.0,0.00012039489525644112,active,,specialist_veto,specialist_veto,False,NGZ7@2017-11-28,2017
2017-10-26 00:00:00+00:00,2017-10-26 00:00:00+00:00,NGZ7@2017-11-28,0921d65c02c54a70dace,-1.0,False,False,0.0,-1.0,-1.0,1.0,0.0,15.0,450.00000000000296,435.00000000000296,125010.0,125010.0,0.0,0.0,active,,,forecast_signal,False,NGZ7@2017-11-28,2017
2017-10-27 00:00:00+00:00,2017-10-27 00:00:00+00:00,NGZ7@2017-11-28,d88ff3b05f5b1def04e4,0.0,True,False,-1.0,0.0,1.0,1.0,0.0,15.0,-0.0,-15.0,124995.0,125010.0,15.0,0.00011999040076793856,active,,predicted_gross_pnl_not_above_round_trip_cost,predicted_gross_pnl_not_above_round_trip_cost,False,NGZ7@2017-11-28,2017
2017-10-29 00:00:00+00:00,2017-10-29 00:00:00+00:00,NGZ7@2017-11-28,61ebd5d653d1660b4df0,0.0,True,False,0.0,0.0,0.0,0.0,0.0,0.0,0.0,0.0,124995.0,125010.0,0.0,0.00011999040076793856,active,,specialist_veto,specialist_veto,False,NGZ7@2017-11-28,2017
2017-10-30 00:00:00+00:00,2017-10-30 00:00:00+00:00,NGZ7@2017-11-28,61ebd5d653d1660b4df0,0.0,True,False,0.0,0.0,0.0,0.0,0.0,0.0,0.0,0.0,124995.0,125010.0,0.0,0.00011999040076793856,active,,specialist_veto,specialist_veto,False,NGZ7@2017-11-28,2017
2017-10-31 00:00:00+00:00,2017-10-31 00:00:00+00:00,NGZ7@2017-11-28,08e7b2b10ba92534f14a,0.0,True,False,0.0,0.0,0.0,0.0,0.0,0.0,-0.0,-0.0,124995.0,125010.0,0.0,0.00011999040076793856,active,,specialist_veto,specialist_veto,False,NGZ7@2017-11-28,2017
2017-11-01 00:00:00+00:00,2017-11-01 00:00:00+00:00,NGZ7@2017-11-28,2eb68cf42c9e59dc3e39,0.0,True,False,0.0,0.0,0.0,0.0,0.0,0.0,0.0,0.0,124995.0,125010.0,0.0,0.00011999040076793856,active,,specialist_veto,specialist_veto,False,NGZ7@2017-11-28,2017
2017-11-02 00:00:00+00:00,2017-11-02 00:00:00+00:00,NGZ7@2017-11-28,b19c147b05b816e69e90,0.0,True,False,0.0,0.0,0.0,0.0,0.0,0.0,0.0,0.0,124995.0,125010.0,0.0,0.00011999040076793856,active,,specialist_veto,specialist_veto,False,NGZ7@2017-11-28,2017
2017-11-03 00:00:00+00:00,2017-11-03 00:00:00+00:00,NGZ7@2017-11-28,ef1b138e4917d866eca3,0.0,True,False,0.0,0.0,0.0,0.0,0.0,0.0,0.0,0.0,124995.0,125010.0,0.0,0.00011999040076793856,active,,predicted_gross_pnl_not_above_round_trip_cost,predicted_gross_pnl_not_above_round_trip_cost,False,NGZ7@2017-11-28,2017
2017-11-05 00:00:00+00:00,2017-11-05 00:00:00+00:00,NGZ7@2017-11-28,4f82e36c041018606167,0.0,True,False,0.0,0.0,0.0,0.0,0.0,0.0,-0.0,-0.0,124995.0,125010.0,0.0,0.00011999040076793856,active,,specialist_veto,specialist_veto,False,NGZ7@2017-11-28,2017
2017-11-06 00:00:00+00:00,2017-11-06 00:00:00+00:00,NGZ7@2017-11-28,4f82e36c041018606167,0.0,True,False,0.0,0.0,0.0,0.0,0.0,0.0,0.0,0.0,124995.0,125010.0,0.0,0.00011999040076793856,active,,specialist_veto,specialist_veto,False,NGZ7@2017-11-28,2017
2017-11-07 00:00:00+00:00,2017-11-07 00:00:00+00:00,NGZ7@2017-11-28,7d2fb834192992a836b3,0.0,True,False,0.0,0.0,0.0,0.0,0.0,0.0,0.0,0.0,124995.0,125010.0,0.0,0.00011999040076793856,active,,specialist_veto,specialist_veto,False,NGZ7@2017-11-28,2017
2017-11-08 00:00:00+00:00,2017-11-08 00:00:00+00:00,NGZ7@2017-11-28,f70e920a81e8e60d4d46,0.0,True,False,0.0,0.0,0.0,0.0,0.0,0.0,0.0,0.0,124995.0,125010.0,0.0,0.00011999040076793856,active,,specialist_veto,specialist_veto,False,NGZ7@2017-11-28,2017
2017-11-09 00:00:00+00:00,2017-11-09 00:00:00+00:00,NGZ7@2017-11-28,d92f40c97cad2dec896a,0.0,True,False,0.0,0.0,0.0,0.0,0.0,0.0,0.0,0.0,124995.0,125010.0,0.0,0.00011999040076793856,active,,specialist_veto,specialist_veto,False,NGZ7@2017-11-28,2017
2017-11-10 00:00:00+00:00,2017-11-10 00:00:00+00:00,NGZ7@2017-11-28,7eea800726b8f85f8c77,0.0,True,False,0.0,0.0,0.0,0.0,0.0,0.0,-0.0,-0.0,124995.0,125010.0,0.0,0.00011999040076793856,active,,specialist_veto,specialist_veto,False,NGZ7@2017-11-28,2017
2017-11-12 00:00:00+00:00,2017-11-12 00:00:00+00:00,NGZ7@2017-11-28,bcdd10fbb506401446d3,0.0,True,False,0.0,0.0,0.0,0.0,0.0,0.0,-0.0,-0.0,124995.0,125010.0,0.0,0.00011999040076793856,active,,specialist_veto,specialist_veto,False,NGZ7@2017-11-28,2017
2017-11-13 00:00:00+00:00,2017-11-13 00:00:00+00:00,NGZ7@2017-11-28,bcdd10fbb506401446d3,0.0,True,False,0.0,0.0,0.0,0.0,0.0,0.0,-0.0,-0.0,124995.0,125010.0,0.0,0.00011999040076793856,active,,specialist_veto,specialist_veto,False,NGZ7@2017-11-28,2017
2017-11-14 00:00:00+00:00,2017-11-14 00:00:00+00:00,NGZ7@2017-11-28,17489f6f0cf7f389820e,0.0,True,False,0.0,0.0,0.0,0.0,0.0,0.0,-0.0,-0.0,124995.0,125010.0,0.0,0.00011999040076793856,active,,specialist_veto,specialist_veto,False,NGZ7@2017-11-28,2017
2017-11-15 00:00:00+00:00,2017-11-15 00:00:00+00:00,NGZ7@2017-11-28,ec6a126848fd56e8802c,-1.0,False,False,0.0,-1.0,-1.0,1.0,0.0,15.0,-230.000000000001,-245.000000000001,124750.0,125010.0,245.0,0.002079833613310935,active,,,forecast_signal,False,NGZ7@2017-11-28,2017
2017-11-16 00:00:00+00:00,2017-11-16 00:00:00+00:00,NGZ7@2017-11-28,b1c8992b8e0b293e8a62,-1.0,False,False,-1.0,-1.0,0.0,0.0,0.0,0.0,250.00000000000298,250.00000000000298,125000.0,125010.0,0.0,7.999360051195904e-05,active,,,forecast_signal,False,NGZ7@2017-11-28,2017
2017-11-17 00:00:00+00:00,2017-11-17 00:00:00+00:00,NGZ7@2017-11-28,d7f2f5a0e93e001d6650,-1.0,False,False,-1.0,-1.0,0.0,0.0,0.0,0.0,-0.0,-0.0,125000.0,125010.0,0.0,7.999360051195904e-05,active,,,forecast_signal,False,NGZ7@2017-11-28,2017
2017-11-19 00:00:00+00:00,2017-11-19 00:00:00+00:00,NGZ7@2017-11-28,08b28bea31822ef1a209,0.0,True,False,-1.0,0.0,1.0,1.0,0.0,15.0,0.0,-15.0,124985.0,125010.0,15.0,0.0001999840012798976,active,,specialist_veto,specialist_veto,False,NGZ7@2017-11-28,2017
2017-11-20 00:00:00+00:00,2017-11-20 00:00:00+00:00,NGZ7@2017-11-28,08b28bea31822ef1a209,0.0,True,False,0.0,0.0,0.0,0.0,0.0,0.0,-0.0,-0.0,124985.0,125010.0,0.0,0.0001999840012798976,active,,specialist_veto,specialist_veto,False,NGZ7@2017-11-28,2017
2017-11-21 00:00:00+00:00,2017-11-21 00:00:00+00:00,NGZ7@2017-11-28,9c98d16c03a830155b13,0.0,True,False,0.0,0.0,0.0,0.0,0.0,0.0,-0.0,-0.0,124985.0,125010.0,0.0,0.0001999840012798976,active,,specialist_veto,specialist_veto,False,NGZ7@2017-11-28,2017
2017-11-22 00:00:00+00:00,2017-11-22 00:00:00+00:00,NGZ7@2017-11-28,02b322cc189b6ea4284b,-1.0,False,False,0.0,-1.0,-1.0,1.0,0.0,15.0,459.99999999999795,444.99999999999795,125430.0,125430.0,0.0,0.0,active,,,forecast_signal,False,NGZ7@2017-11-28,2017
2017-11-23 00:00:00+00:00,2017-11-23 00:00:00+00:00,NGZ7@2017-11-28,02b322cc189b6ea4284b,-1.0,False,False,-1.0,-1.0,0.0,0.0,0.0,0.0,610.000000000003,610.000000000003,126040.0,126040.0,0.0,0.0,active,,,forecast_signal,False,NGZ7@2017-11-28,2017
2017-11-24 00:00:00+00:00,2017-11-24 00:00:00+00:00,NGZ7@2017-11-28,02b322cc189b6ea4284b,-1.0,False,False,-1.0,-1.0,0.0,0.0,0.0,0.0,-180.000000000002,-180.000000000002,125860.0,126040.0,180.0,0.0014281180577594415,active,,,forecast_signal,False,NGZ7@2017-11-28,2017
2017-11-26 00:00:00+00:00,2017-11-26 00:00:00+00:00,NGZ7@2017-11-28,02b322cc189b6ea4284b,-1.0,False,False,-1.0,-1.0,0.0,0.0,0.0,0.0,60.000000000002,60.000000000002,125920.0,126040.0,0.0,0.000952078705172961,active,,,forecast_signal,False,NGZ7@2017-11-28,2017
2017-11-27 00:00:00+00:00,2017-11-27 00:00:00+00:00,NGZ7@2017-11-28,02b322cc189b6ea4284b,-1.0,False,False,-1.0,-1.0,0.0,0.0,0.0,0.0,-290.000000000003,-290.000000000003,125630.0,126040.0,290.0,0.003252935576007617,active,,,forecast_signal,False,NGZ7@2017-11-28,2017
2017-11-28 00:00:00+00:00,2017-11-28 00:00:00+00:00,NGZ7@2017-11-28,,0.0,True,False,-1.0,0.0,1.0,1.0,0.0,15.0,0.0,-15.0,125615.0,126040.0,15.0,0.003371945414154237,active,,forecast_horizon_expired,forecast_horizon_expired,False,,2017
2017-11-29 00:00:00+00:00,2017-11-29 00:00:00+00:00,NGF8@2017-12-27,,0.0,True,False,0.0,0.0,0.0,0.0,0.0,0.0,0.0,0.0,125615.0,126040.0,0.0,0.003371945414154237,active,,forecast_horizon_expired,forecast_horizon_expired,False,NGF8@2017-12-27,2017
2017-11-30 00:00:00+00:00,2017-11-30 00:00:00+00:00,NGF8@2017-12-27,,0.0,True,False,0.0,0.0,0.0,0.0,0.0,0.0,-0.0,-0.0,125615.0,126040.0,0.0,0.003371945414154237,active,,forecast_horizon_expired,forecast_horizon_expired,False,NGF8@2017-12-27,2017
2017-12-01 00:00:00+00:00,2017-12-01 00:00:00+00:00,NGF8@2017-12-27,33c23a36fe396137d70e,0.0,True,False,0.0,0.0,0.0,0.0,0.0,0.0,0.0,0.0,125615.0,126040.0,0.0,0.003371945414154237,active,,specialist_veto,specialist_veto,False,NGF8@2017-12-27,2017
2017-12-03 00:00:00+00:00,2017-12-03 00:00:00+00:00,NGF8@2017-12-27,ea4a6cdd1d4cdf73c13d,0.0,True,False,0.0,0.0,0.0,0.0,0.0,0.0,0.0,0.0,125615.0,126040.0,0.0,0.003371945414154237,active,,specialist_veto,specialist_veto,False,NGF8@2017-12-27,2017
2017-12-04 00:00:00+00:00,2017-12-04 00:00:00+00:00,NGF8@2017-12-27,ea4a6cdd1d4cdf73c13d,0.0,True,False,0.0,0.0,0.0,0.0,0.0,0.0,-0.0,-0.0,125615.0,126040.0,0.0,0.003371945414154237,active,,specialist_veto,specialist_veto,False,NGF8@2017-12-27,2017
2017-12-05 00:00:00+00:00,2017-12-05 00:00:00+00:00,NGF8@2017-12-27,8aad18aca0ade72d7371,0.0,True,False,0.0,0.0,0.0,0.0,0.0,0.0,-0.0,-0.0,125615.0,126040.0,0.0,0.003371945414154237,active,,specialist_veto,specialist_veto,False,NGF8@2017-12-27,2017
2017-12-06 00:00:00+00:00,2017-12-06 00:00:00+00:00,NGF8@2017-12-27,7bada8fc2e25e1b9b0f7,0.0,True,False,0.0,0.0,0.0,0.0,0.0,0.0,-0.0,-0.0,125615.0,126040.0,0.0,0.003371945414154237,active,,specialist_veto,specialist_veto,False,NGF8@2017-12-27,2017
2017-12-07 00:00:00+00:00,2017-12-07 00:00:00+00:00,NGF8@2017-12-27,e2c3d81596cd95880064,0.0,True,False,0.0,0.0,0.0,0.0,0.0,0.0,-0.0,-0.0,125615.0,126040.0,0.0,0.003371945414154237,active,,specialist_veto,specialist_veto,False,NGF8@2017-12-27,2017
2017-12-08 00:00:00+00:00,2017-12-08 00:00:00+00:00,NGF8@2017-12-27,c7d85c21d66e3e0d2d51,0.0,True,False,0.0,0.0,0.0,0.0,0.0,0.0,0.0,0.0,125615.0,126040.0,0.0,0.003371945414154237,active,,specialist_veto,specialist_veto,False,NGF8@2017-12-27,2017
2017-12-10 00:00:00+00:00,2017-12-10 00:00:00+00:00,NGF8@2017-12-27,d6bb769830a699a8bf78,0.0,True,False,0.0,0.0,0.0,0.0,0.0,0.0,0.0,0.0,125615.0,126040.0,0.0,0.003371945414154237,active,,specialist_veto,specialist_veto,False,NGF8@2017-12-27,2017
2017-12-11 00:00:00+00:00,2017-12-11 00:00:00+00:00,NGF8@2017-12-27,d6bb769830a699a8bf78,0.0,True,False,0.0,0.0,0.0,0.0,0.0,0.0,-0.0,-0.0,125615.0,126040.0,0.0,0.003371945414154237,active,,specialist_veto,specialist_veto,False,NGF8@2017-12-27,2017
2017-12-12 00:00:00+00:00,2017-12-12 00:00:00+00:00,NGF8@2017-12-27,de1f5c9619b7c160f9ca,0.0,True,False,0.0,0.0,0.0,0.0,0.0,0.0,-0.0,-0.0,125615.0,126040.0,0.0,0.003371945414154237,active,,specialist_veto,specialist_veto,False,NGF8@2017-12-27,2017
2017-12-13 00:00:00+00:00,2017-12-13 00:00:00+00:00,NGF8@2017-12-27,9e61e8b998e9ca38c2cc,0.0,True,False,0.0,0.0,0.0,0.0,0.0,0.0,0.0,0.0,125615.0,126040.0,0.0,0.003371945414154237,active,,specialist_veto,specialist_veto,False,NGF8@2017-12-27,2017
2017-12-14 00:00:00+00:00,2017-12-14 00:00:00+00:00,NGF8@2017-12-27,3a77771e0fe52ff54052,0.0,True,False,0.0,0.0,0.0,0.0,0.0,0.0,-0.0,-0.0,125615.0,126040.0,0.0,0.003371945414154237,active,,specialist_veto,specialist_veto,False,NGF8@2017-12-27,2017
2017-12-15 00:00:00+00:00,2017-12-15 00:00:00+00:00,NGF8@2017-12-27,63633430118231821736,0.0,True,False,0.0,0.0,0.0,0.0,0.0,0.0,-0.0,-0.0,125615.0,126040.0,0.0,0.003371945414154237,active,,specialist_veto,specialist_veto,False,NGF8@2017-12-27,2017
2017-12-17 00:00:00+00:00,2017-12-17 00:00:00+00:00,NGF8@2017-12-27,097d9afb868e6063ce70,0.0,True,False,0.0,0.0,0.0,0.0,0.0,0.0,-0.0,-0.0,125615.0,126040.0,0.0,0.003371945414154237,active,,specialist_veto,specialist_veto,False,NGF8@2017-12-27,2017
2017-12-18 00:00:00+00:00,2017-12-18 00:00:00+00:00,NGF8@2017-12-27,097d9afb868e6063ce70,0.0,True,False,0.0,0.0,0.0,0.0,0.0,0.0,0.0,0.0,125615.0,126040.0,0.0,0.003371945414154237,active,,specialist_veto,specialist_veto,False,NGF8@2017-12-27,2017
2017-12-19 00:00:00+00:00,2017-12-19 00:00:00+00:00,NGF8@2017-12-27,692619ead9fd81d84b7c,0.0,True,False,0.0,0.0,0.0,0.0,0.0,0.0,-0.0,-0.0,125615.0,126040.0,0.0,0.003371945414154237,active,,specialist_veto,specialist_veto,False,NGF8@2017-12-27,2017
2017-12-20 00:00:00+00:00,2017-12-20 00:00:00+00:00,NGF8@2017-12-27,012888e37af9f21cbf06,0.0,True,False,0.0,0.0,0.0,0.0,0.0,0.0,-0.0,-0.0,125615.0,126040.0,0.0,0.003371945414154237,active,,specialist_veto,specialist_veto,False,NGF8@2017-12-27,2017
2017-12-21 00:00:00+00:00,2017-12-21 00:00:00+00:00,NGF8@2017-12-27,012888e37af9f21cbf06,0.0,True,False,0.0,0.0,0.0,0.0,0.0,0.0,-0.0,-0.0,125615.0,126040.0,0.0,0.003371945414154237,active,,specialist_veto,specialist_veto,False,NGF8@2017-12-27,2017
2017-12-22 00:00:00+00:00,2017-12-22 00:00:00+00:00,NGF8@2017-12-27,012888e37af9f21cbf06,0.0,True,False,0.0,0.0,0.0,0.0,0.0,0.0,0.0,0.0,125615.0,126040.0,0.0,0.003371945414154237,active,,specialist_veto,specialist_veto,False,NGF8@2017-12-27,2017
2017-12-25 00:00:00+00:00,2017-12-25 00:00:00+00:00,NGF8@2017-12-27,012888e37af9f21cbf06,0.0,True,False,0.0,0.0,0.0,0.0,0.0,0.0,0.0,0.0,125615.0,126040.0,0.0,0.003371945414154237,active,,specialist_veto,specialist_veto,False,NGF8@2017-12-27,2017
2017-12-26 00:00:00+00:00,2017-12-26 00:00:00+00:00,NGF8@2017-12-27,012888e37af9f21cbf06,0.0,True,False,0.0,0.0,0.0,0.0,0.0,0.0,-0.0,-0.0,125615.0,126040.0,0.0,0.003371945414154237,active,,specialist_veto,specialist_veto,False,NGF8@2017-12-27,2017
2017-12-27 00:00:00+00:00,2017-12-27 00:00:00+00:00,NGF8@2017-12-27,,0.0,True,False,0.0,0.0,0.0,0.0,0.0,0.0,0.0,0.0,125615.0,126040.0,0.0,0.003371945414154237,active,,forecast_horizon_expired,forecast_horizon_expired,False,,2017
2017-12-28 00:00:00+00:00,2017-12-28 00:00:00+00:00,NGG8@2018-01-29,,0.0,True,False,0.0,0.0,0.0,0.0,0.0,0.0,0.0,0.0,125615.0,126040.0,0.0,0.003371945414154237,active,,forecast_horizon_expired,forecast_horizon_expired,False,NGG8@2018-01-29,2017
2017-12-29 00:00:00+00:00,2017-12-29 00:00:00+00:00,NGG8@2018-01-29,,0.0,True,False,0.0,0.0,0.0,0.0,0.0,0.0,0.0,0.0,125615.0,126040.0,0.0,0.003371945414154237,active,,end_of_sample_liquidation,forecast_horizon_expired,False,NGG8@2018-01-29,2017
2018-01-01 00:00:00+00:00,2018-01-01 00:00:00+00:00,NGG8@2018-01-29,c4a8f480d018f006ead9,-1.0,False,False,0.0,-1.0,-1.0,1.0,0.0,15.0,-520.0,-535.0,99465.0,100000.0,535.0,0.00535,active,,,forecast_signal,False,NGG8@2018-01-29,2018
2018-01-02 00:00:00+00:00,2018-01-02 00:00:00+00:00,NGG8@2018-01-29,c4a8f480d018f006ead9,-1.0,False,False,-1.0,-1.0,0.0,0.0,0.0,0.0,320.0,320.0,99785.0,100000.0,0.0,0.00215,active,,,forecast_signal,False,NGG8@2018-01-29,2018
2018-01-03 00:00:00+00:00,2018-01-03 00:00:00+00:00,NGG8@2018-01-29,c4a8f480d018f006ead9,-1.0,False,False,-1.0,-1.0,0.0,0.0,0.0,0.0,339.999999999998,339.999999999998,100125.0,100125.0,0.0,0.0,active,,,forecast_signal,False,NGG8@2018-01-29,2018
2018-01-04 00:00:00+00:00,2018-01-04 00:00:00+00:00,NGG8@2018-01-29,f32368bddb1862058f74,-1.0,False,False,-1.0,-1.0,0.0,0.0,0.0,0.0,1390.000000000002,1390.000000000002,101515.0,101515.0,0.0,0.0,active,,,forecast_signal,False,NGG8@2018-01-29,2018
2018-01-05 00:00:00+00:00,2018-01-05 00:00:00+00:00,NGG8@2018-01-29,4ba6b686fdcd8009a14a,-1.0,False,False,-1.0,-1.0,0.0,0.0,0.0,0.0,649.9999999999991,649.9999999999991,102165.0,102165.0,0.0,0.0,active,,,forecast_signal,False,NGG8@2018-01-29,2018
2018-01-07 00:00:00+00:00,2018-01-07 00:00:00+00:00,NGG8@2018-01-29,85698bcf23ee7a77ab5c,-1.0,False,False,-1.0,-1.0,0.0,0.0,0.0,0.0,-180.000000000002,-180.000000000002,101985.0,102165.0,180.0,0.0017618558214652768,active,,,forecast_signal,False,NGG8@2018-01-29,2018
2018-01-08 00:00:00+00:00,2018-01-08 00:00:00+00:00,NGG8@2018-01-29,85698bcf23ee7a77ab5c,-1.0,False,False,-1.0,-1.0,0.0,0.0,0.0,0.0,-30.000000000001,-30.000000000001,101955.0,102165.0,30.0,0.0020554984583761563,active,,,forecast_signal,False,NGG8@2018-01-29,2018
2018-01-09 00:00:00+00:00,2018-01-09 00:00:00+00:00,NGG8@2018-01-29,c15ecba8e2095b63dd25,-1.0,False,False,-1.0,-1.0,0.0,0.0,0.0,0.0,-1219.999999999998,-1219.999999999998,100735.0,102165.0,1220.0,0.01399696569275192,active,,,forecast_signal,False,NGG8@2018-01-29,2018
2018-01-10 00:00:00+00:00,2018-01-10 00:00:00+00:00,NGG8@2018-01-29,9d1b91e4419682d65599,-1.0,False,False,-1.0,-1.0,0.0,0.0,0.0,0.0,470.00000000000097,470.00000000000097,101205.0,102165.0,0.0,0.009396564381148142,active,,,forecast_signal,False,NGG8@2018-01-29,2018
2018-01-11 00:00:00+00:00,2018-01-11 00:00:00+00:00,NGG8@2018-01-29,3d1532658b43700ba848,-0.5,False,False,-1.0,-0.5,0.5,0.5,0.0,7.5,-1065.0,-1072.5,100132.5,102165.0,1072.5,0.019894288650712084,active,,,specialist_sizing_modifier,False,NGG8@2018-01-29,2018
2018-01-12 00:00:00+00:00,2018-01-12 00:00:00+00:00,NGG8@2018-01-29,623f0444eab2bcd1e445,-1.0,False,False,-0.5,-1.0,-0.5,0.5,0.0,7.5,-99.999999999997,-107.499999999997,100025.0,102165.0,107.5,0.020946508099642734,active,,,forecast_signal,False,NGG8@2018-01-29,2018
2018-01-14 00:00:00+00:00,2018-01-14 00:00:00+00:00,NGG8@2018-01-29,8558abbd450d52d0246b,0.0,True,False,-1.0,0.0,1.0,1.0,0.0,15.0,-0.0,-15.0,100010.0,102165.0,15.0,0.021093329418098175,active,,specialist_veto,specialist_veto,False,NGG8@2018-01-29,2018
2018-01-15 00:00:00+00:00,2018-01-15 00:00:00+00:00,NGG8@2018-01-29,8558abbd450d52d0246b,0.0,True,False,0.0,0.0,0.0,0.0,0.0,0.0,0.0,0.0,100010.0,102165.0,0.0,0.021093329418098175,active,,specialist_veto,specialist_veto,False,NGG8@2018-01-29,2018
2018-01-16 00:00:00+00:00,2018-01-16 00:00:00+00:00,NGG8@2018-01-29,dd0e016e2c1fcb466e08,-1.0,False,False,0.0,-1.0,-1.0,1.0,0.0,15.0,59.999999999997,44.999999999997,100055.0,102165.0,0.0,0.020652865462731856,active,,,forecast_signal,False,NGG8@2018-01-29,2018
2018-01-17 00:00:00+00:00,2018-01-17 00:00:00+00:00,NGG8@2018-01-29,dd0e016e2c1fcb466e08,-1.0,False,False,-1.0,-1.0,0.0,0.0,0.0,0.0,-1210.0,-1210.0,98845.0,102165.0,1210.0,0.032496451818137324,active,,,forecast_signal,False,NGG8@2018-01-29,2018
2018-01-18 00:00:00+00:00,2018-01-18 00:00:00+00:00,NGG8@2018-01-29,dcf133fb4daa448deec8,-1.0,False,False,-1.0,-1.0,0.0,0.0,0.0,0.0,600.0,600.0,99445.0,102165.0,0.0,0.02662359907991974,active,,,forecast_signal,False,NGG8@2018-01-29,2018
2018-01-19 00:00:00+00:00,2018-01-19 00:00:00+00:00,NGG8@2018-01-29,463e8d83626d41e7111f,0.0,True,False,-1.0,0.0,1.0,1.0,0.0,15.0,0.0,-15.0,99430.0,102165.0,15.0,0.026770420398375176,active,,specialist_veto,specialist_veto,False,NGG8@2018-01-29,2018
2018-01-21 00:00:00+00:00,2018-01-21 00:00:00+00:00,NGG8@2018-01-29,1a3c1273c313b64c6a7d,-1.0,False,False,0.0,-1.0,-1.0,1.0,0.0,15.0,-20.000000000002,-35.000000000002004,99395.0,102165.0,35.0,0.027113003474771205,active,,,forecast_signal,False,NGG8@2018-01-29,2018
2018-01-22 00:00:00+00:00,2018-01-22 00:00:00+00:00,NGG8@2018-01-29,1a3c1273c313b64c6a7d,-1.0,False,False,-1.0,-1.0,0.0,0.0,0.0,0.0,-0.0,-0.0,99395.0,102165.0,0.0,0.027113003474771205,active,,,forecast_signal,False,NGG8@2018-01-29,2018
2018-01-23 00:00:00+00:00,2018-01-23 00:00:00+00:00,NGG8@2018-01-29,4d4d68184fc794007b7d,0.0,True,False,-1.0,0.0,1.0,1.0,0.0,15.0,0.0,-15.0,99380.0,102165.0,15.0,0.027259824793226643,active,,predicted_gross_pnl_not_above_round_trip_cost,predicted_gross_pnl_not_above_round_trip_cost,False,NGG8@2018-01-29,2018
2018-01-24 00:00:00+00:00,2018-01-24 00:00:00+00:00,NGG8@2018-01-29,4d4d68184fc794007b7d,0.0,True,False,0.0,0.0,0.0,0.0,0.0,0.0,-0.0,-0.0,99380.0,102165.0,0.0,0.027259824793226643,active,,predicted_gross_pnl_not_above_round_trip_cost,predicted_gross_pnl_not_above_round_trip_cost,False,NGG8@2018-01-29,2018
2018-01-25 00:00:00+00:00,2018-01-25 00:00:00+00:00,NGG8@2018-01-29,4d4d68184fc794007b7d,0.0,True,False,0.0,0.0,0.0,0.0,0.0,0.0,-0.0,-0.0,99380.0,102165.0,0.0,0.027259824793226643,active,,predicted_gross_pnl_not_above_round_trip_cost,predicted_gross_pnl_not_above_round_trip_cost,False,NGG8@2018-01-29,2018
2018-01-26 00:00:00+00:00,2018-01-26 00:00:00+00:00,NGG8@2018-01-29,4d4d68184fc794007b7d,0.0,True,False,0.0,0.0,0.0,0.0,0.0,0.0,-0.0,-0.0,99380.0,102165.0,0.0,0.027259824793226643,active,,predicted_gross_pnl_not_above_round_trip_cost,predicted_gross_pnl_not_above_round_trip_cost,False,NGG8@2018-01-29,2018
2018-01-28 00:00:00+00:00,2018-01-28 00:00:00+00:00,NGG8@2018-01-29,4d4d68184fc794007b7d,0.0,True,False,0.0,0.0,0.0,0.0,0.0,0.0,-0.0,-0.0,99380.0,102165.0,0.0,0.027259824793226643,active,,predicted_gross_pnl_not_above_round_trip_cost,predicted_gross_pnl_not_above_round_trip_cost,False,NGG8@2018-01-29,2018
2018-01-29 00:00:00+00:00,2018-01-29 00:00:00+00:00,NGG8@2018-01-29,,0.0,True,False,0.0,0.0,0.0,0.0,0.0,0.0,0.0,0.0,99380.0,102165.0,0.0,0.027259824793226643,active,,forecast_horizon_expired,forecast_horizon_expired,False,,2018
2018-01-30 00:00:00+00:00,2018-01-30 00:00:00+00:00,NGH8@2018-02-26,,0.0,True,False,0.0,0.0,0.0,0.0,0.0,0.0,-0.0,-0.0,99380.0,102165.0,0.0,0.027259824793226643,active,,forecast_horizon_expired,forecast_horizon_expired,False,NGH8@2018-02-26,2018
2018-01-31 00:00:00+00:00,2018-01-31 00:00:00+00:00,NGH8@2018-02-26,,0.0,True,False,0.0,0.0,0.0,0.0,0.0,0.0,-0.0,-0.0,99380.0,102165.0,0.0,0.027259824793226643,active,,forecast_horizon_expired,forecast_horizon_expired,False,NGH8@2018-02-26,2018
2018-02-01 00:00:00+00:00,2018-02-01 00:00:00+00:00,NGH8@2018-02-26,7b6528b5f7c1a64a9132,0.0,True,False,0.0,0.0,0.0,0.0,0.0,0.0,-0.0,-0.0,99380.0,102165.0,0.0,0.027259824793226643,active,,specialist_veto,specialist_veto,False,NGH8@2018-02-26,2018
2018-02-02 00:00:00+00:00,2018-02-02 00:00:00+00:00,NGH8@2018-02-26,d8099c75193cfd68f9a8,-1.0,False,False,0.0,-1.0,-1.0,1.0,0.0,15.0,480.0,465.0,99845.0,102165.0,0.0,0.02270836392110801,active,,,forecast_signal,False,NGH8@2018-02-26,2018
2018-02-04 00:00:00+00:00,2018-02-04 00:00:00+00:00,NGH8@2018-02-26,e5a82d941c6d93961662,-1.0,False,False,-1.0,-1.0,0.0,0.0,0.0,0.0,-160.0,-160.0,99685.0,102165.0,160.0,0.0242744579846327,active,,,forecast_signal,False,NGH8@2018-02-26,2018
2018-02-05 00:00:00+00:00,2018-02-05 00:00:00+00:00,NGH8@2018-02-26,e5a82d941c6d93961662,-1.0,False,False,-1.0,-1.0,0.0,0.0,0.0,0.0,650.000000000003,650.000000000003,100335.0,102165.0,0.0,0.017912200851563646,active,,,forecast_signal,False,NGH8@2018-02-26,2018
2018-02-06 00:00:00+00:00,2018-02-06 00:00:00+00:00,NGH8@2018-02-26,5a00772bcf7375d69c7e,-1.0,False,False,-1.0,-1.0,0.0,0.0,0.0,0.0,200.0,200.0,100535.0,102165.0,0.0,0.015954583272157784,active,,,forecast_signal,False,NGH8@2018-02-26,2018
2018-02-07 00:00:00+00:00,2018-02-07 00:00:00+00:00,NGH8@2018-02-26,8c1bf33f46f4963b7336,0.0,True,False,-1.0,0.0,1.0,1.0,0.0,15.0,-0.0,-15.0,100520.0,102165.0,15.0,0.016101404590613225,active,,specialist_veto,specialist_veto,False,NGH8@2018-02-26,2018
2018-02-08 00:00:00+00:00,2018-02-08 00:00:00+00:00,NGH8@2018-02-26,e15d82f790f36e5dcc9f,0.0,True,False,0.0,0.0,0.0,0.0,0.0,0.0,-0.0,-0.0,100520.0,102165.0,0.0,0.016101404590613225,active,,specialist_veto,specialist_veto,False,NGH8@2018-02-26,2018
2018-02-09 00:00:00+00:00,2018-02-09 00:00:00+00:00,NGH8@2018-02-26,0b740ad851734833bad1,-0.5,False,False,0.0,-0.5,-0.5,0.5,0.0,7.5,725.0,717.5,101237.5,102165.0,0.0,0.00907845152449469,active,,,specialist_sizing_modifier,False,NGH8@2018-02-26,2018
2018-02-11 00:00:00+00:00,2018-02-11 00:00:00+00:00,NGH8@2018-02-26,b9b59d634c85b444689b,0.0,True,False,-0.5,0.0,0.5,0.5,0.0,7.5,0.0,-7.5,101230.0,102165.0,7.5,0.009151862183722409,active,,specialist_veto,specialist_veto,False,NGH8@2018-02-26,2018
2018-02-12 00:00:00+00:00,2018-02-12 00:00:00+00:00,NGH8@2018-02-26,b9b59d634c85b444689b,0.0,True,False,0.0,0.0,0.0,0.0,0.0,0.0,0.0,0.0,101230.0,102165.0,0.0,0.009151862183722409,active,,specialist_veto,specialist_veto,False,NGH8@2018-02-26,2018
2018-02-13 00:00:00+00:00,2018-02-13 00:00:00+00:00,NGH8@2018-02-26,bb9cdacbf5913cad4244,0.0,True,False,0.0,0.0,0.0,0.0,0.0,0.0,0.0,0.0,101230.0,102165.0,0.0,0.009151862183722409,active,,specialist_veto,specialist_veto,False,NGH8@2018-02-26,2018
2018-02-14 00:00:00+00:00,2018-02-14 00:00:00+00:00,NGH8@2018-02-26,a573186555b32b940d77,0.0,True,False,0.0,0.0,0.0,0.0,0.0,0.0,0.0,0.0,101230.0,102165.0,0.0,0.009151862183722409,active,,specialist_veto,specialist_veto,False,NGH8@2018-02-26,2018
2018-02-15 00:00:00+00:00,2018-02-15 00:00:00+00:00,NGH8@2018-02-26,fbd76c121d84b731b609,0.0,True,False,0.0,0.0,0.0,0.0,0.0,0.0,-0.0,-0.0,101230.0,102165.0,0.0,0.009151862183722409,active,,specialist_veto,specialist_veto,False,NGH8@2018-02-26,2018
2018-02-16 00:00:00+00:00,2018-02-16 00:00:00+00:00,NGH8@2018-02-26,cb71eb24bcb8d006ace5,0.0,True,False,0.0,0.0,0.0,0.0,0.0,0.0,-0.0,-0.0,101230.0,102165.0,0.0,0.009151862183722409,active,,specialist_veto,specialist_veto,False,NGH8@2018-02-26,2018
2018-02-18 00:00:00+00:00,2018-02-18 00:00:00+00:00,NGH8@2018-02-26,993c7d294ececa4b2373,0.0,True,False,0.0,0.0,0.0,0.0,0.0,0.0,0.0,0.0,101230.0,102165.0,0.0,0.009151862183722409,active,,specialist_veto,specialist_veto,False,NGH8@2018-02-26,2018
2018-02-19 00:00:00+00:00,2018-02-19 00:00:00+00:00,NGH8@2018-02-26,993c7d294ececa4b2373,0.0,True,False,0.0,0.0,0.0,0.0,0.0,0.0,0.0,0.0,101230.0,102165.0,0.0,0.009151862183722409,active,,specialist_veto,specialist_veto,False,NGH8@2018-02-26,2018
2018-02-20 00:00:00+00:00,2018-02-20 00:00:00+00:00,NGH8@2018-02-26,9c8c566680cc00426904,0.0,True,False,0.0,0.0,0.0,0.0,0.0,0.0,0.0,0.0,101230.0,102165.0,0.0,0.009151862183722409,active,,specialist_veto,specialist_veto,False,NGH8@2018-02-26,2018
2018-02-21 00:00:00+00:00,2018-02-21 00:00:00+00:00,NGH8@2018-02-26,9c8c566680cc00426904,0.0,True,False,0.0,0.0,0.0,0.0,0.0,0.0,0.0,0.0,101230.0,102165.0,0.0,0.009151862183722409,active,,specialist_veto,specialist_veto,False,NGH8@2018-02-26,2018
2018-02-22 00:00:00+00:00,2018-02-22 00:00:00+00:00,NGH8@2018-02-26,153a7cda8089082f9a2f,0.0,True,False,0.0,0.0,0.0,0.0,0.0,0.0,-0.0,-0.0,101230.0,102165.0,0.0,0.009151862183722409,active,,specialist_veto,specialist_veto,False,NGH8@2018-02-26,2018
2018-02-23 00:00:00+00:00,2018-02-23 00:00:00+00:00,NGH8@2018-02-26,d1ec1c74dd6cb72d5e9d,0.0,True,False,0.0,0.0,0.0,0.0,0.0,0.0,0.0,0.0,101230.0,102165.0,0.0,0.009151862183722409,active,,specialist_veto,specialist_veto,False,NGH8@2018-02-26,2018
2018-02-25 00:00:00+00:00,2018-02-25 00:00:00+00:00,NGH8@2018-02-26,f63196a24541f503866c,-1.0,False,False,0.0,-1.0,-1.0,1.0,0.0,15.0,-210.00000000000298,-225.00000000000298,101005.0,102165.0,225.0,0.011354181960554006,active,,,forecast_signal,False,NGJ8@2018-03-27,2018
2018-02-26 00:00:00+00:00,2018-02-26 00:00:00+00:00,NGJ8@2018-03-27,51b317a32120c91cb9ba,-1.0,False,False,-1.0,-1.0,0.0,2.0,2.0,30.0,70.000000000001,40.000000000000995,101045.0,102165.0,0.0,0.010962658444672833,active,,,forecast_signal,True,NGJ8@2018-03-27,2018
2018-02-27 00:00:00+00:00,2018-02-27 00:00:00+00:00,NGJ8@2018-03-27,51b317a32120c91cb9ba,-1.0,False,False,-1.0,-1.0,0.0,0.0,0.0,0.0,-140.000000000002,-140.000000000002,100905.0,102165.0,140.0,0.012332990750256937,active,,,forecast_signal,False,NGJ8@2018-03-27,2018
2018-02-28 00:00:00+00:00,2018-02-28 00:00:00+00:00,NGJ8@2018-03-27,f716805748d6b985622d,1.0,False,False,-1.0,1.0,2.0,2.0,0.0,30.0,-260.000000000002,-290.000000000002,100615.0,102165.0,290.0,0.015171536240395439,active,,,forecast_signal,False,NGJ8@2018-03-27,2018
2018-03-01 00:00:00+00:00,2018-03-01 00:00:00+00:00,NGJ8@2018-03-27,a2c5355e5cdbc399c9cf,1.0,False,False,1.0,1.0,0.0,0.0,0.0,0.0,260.000000000002,260.000000000002,100875.0,102165.0,0.0,0.012626633387167817,active,,,forecast_signal,False,NGJ8@2018-03-27,2018
2018-03-02 00:00:00+00:00,2018-03-02 00:00:00+00:00,NGJ8@2018-03-27,c5791b9f949d42695e40,1.0,False,False,1.0,1.0,0.0,0.0,0.0,0.0,209.999999999999,209.999999999999,101085.0,102165.0,0.0,0.010571134928791661,active,,,forecast_signal,False,NGJ8@2018-03-27,2018
2018-03-04 00:00:00+00:00,2018-03-04 00:00:00+00:00,NGJ8@2018-03-27,98965a957a49b3cbad5e,1.0,False,False,1.0,1.0,0.0,0.0,0.0,0.0,-89.999999999998,-89.999999999998,100995.0,102165.0,90.0,0.0114520628395243,active,,,forecast_signal,False,NGJ8@2018-03-27,2018
2018-03-05 00:00:00+00:00,2018-03-05 00:00:00+00:00,NGJ8@2018-03-27,98965a957a49b3cbad5e,1.0,False,False,1.0,1.0,0.0,0.0,0.0,0.0,49.999999999997996,49.999999999997996,101045.0,102165.0,0.0,0.010962658444672833,active,,,forecast_signal,False,NGJ8@2018-03-27,2018
2018-03-06 00:00:00+00:00,2018-03-06 00:00:00+00:00,NGJ8@2018-03-27,218868b5c128fcb18f90,1.0,False,False,1.0,1.0,0.0,0.0,0.0,0.0,440.0,440.0,101485.0,102165.0,0.0,0.006655899769979935,active,,,forecast_signal,False,NGJ8@2018-03-27,2018
2018-03-07 00:00:00+00:00,2018-03-07 00:00:00+00:00,NGJ8@2018-03-27,097e456092509fc8d88b,1.0,False,False,1.0,1.0,0.0,0.0,0.0,0.0,269.999999999996,269.999999999996,101755.0,102165.0,0.0,0.004013116037782019,active,,,forecast_signal,False,NGJ8@2018-03-27,2018
2018-03-08 00:00:00+00:00,2018-03-08 00:00:00+00:00,NGJ8@2018-03-27,4782c134e32d0455c104,1.0,False,False,1.0,1.0,0.0,0.0,0.0,0.0,-349.999999999997,-349.999999999997,101405.0,102165.0,350.0,0.0074389468017422794,active,,,forecast_signal,False,NGJ8@2018-03-27,2018
2018-03-09 00:00:00+00:00,2018-03-09 00:00:00+00:00,NGJ8@2018-03-27,fcf8906b1697632d4bb2,1.0,False,False,1.0,1.0,0.0,0.0,0.0,0.0,-180.000000000002,-180.000000000002,101225.0,102165.0,180.0,0.009200802623207556,active,,,forecast_signal,False,NGJ8@2018-03-27,2018
2018-03-11 00:00:00+00:00,2018-03-11 00:00:00+00:00,NGJ8@2018-03-27,96767dda26c7d9be65e9,1.0,False,False,1.0,1.0,0.0,0.0,0.0,0.0,20.000000000002,20.000000000002,101245.0,102165.0,0.0,0.00900504086526697,active,,,forecast_signal,False,NGJ8@2018-03-27,2018
2018-03-12 00:00:00+00:00,2018-03-12 00:00:00+00:00,NGJ8@2018-03-27,96767dda26c7d9be65e9,1.0,False,False,1.0,1.0,0.0,0.0,0.0,0.0,520.0,520.0,101765.0,102165.0,0.0,0.003915235158811726,active,,,forecast_signal,False,NGJ8@2018-03-27,2018
2018-03-13 00:00:00+00:00,2018-03-13 00:00:00+00:00,NGJ8@2018-03-27,ca16b88b58b7a7295c77,1.0,False,False,1.0,1.0,0.0,0.0,0.0,0.0,40.0,40.0,101805.0,102165.0,0.0,0.0035237116429305535,active,,,forecast_signal,False,NGJ8@2018-03-27,2018
2018-03-14 00:00:00+00:00,2018-03-14 00:00:00+00:00,NGJ8@2018-03-27,4ec63a67454f6212e172,1.0,False,False,1.0,1.0,0.0,0.0,0.0,0.0,-540.000000000002,-540.000000000002,101265.0,102165.0,540.0,0.008809279107326384,active,,,forecast_signal,False,NGJ8@2018-03-27,2018
2018-03-15 00:00:00+00:00,2018-03-15 00:00:00+00:00,NGJ8@2018-03-27,5134f6b2856bcc8194bb,1.0,False,False,1.0,1.0,0.0,0.0,0.0,0.0,-520.0,-520.0,100745.0,102165.0,520.0,0.013899084813781628,active,,,forecast_signal,False,NGJ8@2018-03-27,2018
2018-03-16 00:00:00+00:00,2018-03-16 00:00:00+00:00,NGJ8@2018-03-27,10257142d2798b60f362,1.0,False,False,1.0,1.0,0.0,0.0,0.0,0.0,0.0,0.0,100745.0,102165.0,0.0,0.013899084813781628,active,,,forecast_signal,False,NGJ8@2018-03-27,2018
2018-03-18 00:00:00+00:00,2018-03-18 00:00:00+00:00,NGJ8@2018-03-27,df964e57bb3108ed3838,1.0,False,False,1.0,1.0,0.0,0.0,0.0,0.0,0.0,0.0,100745.0,102165.0,0.0,0.013899084813781628,active,,,forecast_signal,False,NGJ8@2018-03-27,2018
2018-03-19 00:00:00+00:00,2018-03-19 00:00:00+00:00,NGJ8@2018-03-27,df964e57bb3108ed3838,1.0,False,False,1.0,1.0,0.0,0.0,0.0,0.0,-229.999999999996,-229.999999999996,100515.0,102165.0,230.0,0.01615034503009837,active,,,forecast_signal,False,NGJ8@2018-03-27,2018
2018-03-20 00:00:00+00:00,2018-03-20 00:00:00+00:00,NGJ8@2018-03-27,6c2257b78b3a0496f561,1.0,False,False,1.0,1.0,0.0,0.0,0.0,0.0,189.999999999996,189.999999999996,100705.0,102165.0,0.0,0.0142906083296628,active,,,forecast_signal,False,NGJ8@2018-03-27,2018
2018-03-21 00:00:00+00:00,2018-03-21 00:00:00+00:00,NGJ8@2018-03-27,f17fb672d5e990055a04,0.0,True,False,1.0,0.0,-1.0,1.0,0.0,15.0,-0.0,-15.0,100690.0,102165.0,15.0,0.01443742964811824,active,,predicted_gross_pnl_not_above_round_trip_cost,predicted_gross_pnl_not_above_round_trip_cost,False,NGJ8@2018-03-27,2018
2018-03-22 00:00:00+00:00,2018-03-22 00:00:00+00:00,NGJ8@2018-03-27,f17fb672d5e990055a04,0.0,True,False,0.0,0.0,0.0,0.0,0.0,0.0,-0.0,-0.0,100690.0,102165.0,0.0,0.01443742964811824,active,,predicted_gross_pnl_not_above_round_trip_cost,predicted_gross_pnl_not_above_round_trip_cost,False,NGJ8@2018-03-27,2018
2018-03-23 00:00:00+00:00,2018-03-23 00:00:00+00:00,NGJ8@2018-03-27,f17fb672d5e990055a04,0.0,True,False,0.0,0.0,0.0,0.0,0.0,0.0,-0.0,-0.0,100690.0,102165.0,0.0,0.01443742964811824,active,,predicted_gross_pnl_not_above_round_trip_cost,predicted_gross_pnl_not_above_round_trip_cost,False,NGJ8@2018-03-27,2018
2018-03-25 00:00:00+00:00,2018-03-25 00:00:00+00:00,NGJ8@2018-03-27,f17fb672d5e990055a04,0.0,True,False,0.0,0.0,0.0,0.0,0.0,0.0,-0.0,-0.0,100690.0,102165.0,0.0,0.01443742964811824,active,,predicted_gross_pnl_not_above_round_trip_cost,predicted_gross_pnl_not_above_round_trip_cost,False,NGJ8@2018-03-27,2018
2018-03-26 00:00:00+00:00,2018-03-26 00:00:00+00:00,NGJ8@2018-03-27,f17fb672d5e990055a04,0.0,True,False,0.0,0.0,0.0,0.0,0.0,0.0,0.0,0.0,100690.0,102165.0,0.0,0.01443742964811824,active,,predicted_gross_pnl_not_above_round_trip_cost,predicted_gross_pnl_not_above_round_trip_cost,False,NGJ8@2018-03-27,2018
2018-03-27 00:00:00+00:00,2018-03-27 00:00:00+00:00,NGJ8@2018-03-27,,0.0,True,False,0.0,0.0,0.0,0.0,0.0,0.0,0.0,0.0,100690.0,102165.0,0.0,0.01443742964811824,active,,forecast_horizon_expired,forecast_horizon_expired,False,,2018
2018-03-28 00:00:00+00:00,2018-03-28 00:00:00+00:00,NGK8@2018-04-26,,0.0,True,False,0.0,0.0,0.0,0.0,0.0,0.0,-0.0,-0.0,100690.0,102165.0,0.0,0.01443742964811824,active,,forecast_horizon_expired,forecast_horizon_expired,False,NGK8@2018-04-26,2018
2018-03-29 00:00:00+00:00,2018-03-29 00:00:00+00:00,NGK8@2018-04-26,,0.0,True,False,0.0,0.0,0.0,0.0,0.0,0.0,0.0,0.0,100690.0,102165.0,0.0,0.01443742964811824,active,,forecast_horizon_expired,forecast_horizon_expired,False,NGK8@2018-04-26,2018
2018-04-01 00:00:00+00:00,2018-04-01 00:00:00+00:00,NGK8@2018-04-26,cc50213f08618ff1f456,0.0,True,False,0.0,0.0,0.0,0.0,0.0,0.0,0.0,0.0,100690.0,102165.0,0.0,0.01443742964811824,active,,predicted_gross_pnl_not_above_round_trip_cost,predicted_gross_pnl_not_above_round_trip_cost,False,NGK8@2018-04-26,2018
2018-04-02 00:00:00+00:00,2018-04-02 00:00:00+00:00,NGK8@2018-04-26,a09923863c2634f7bf7f,0.0,True,False,0.0,0.0,0.0,0.0,0.0,0.0,-0.0,-0.0,100690.0,102165.0,0.0,0.01443742964811824,active,,specialist_veto,specialist_veto,False,NGK8@2018-04-26,2018
2018-04-03 00:00:00+00:00,2018-04-03 00:00:00+00:00,NGK8@2018-04-26,a09923863c2634f7bf7f,0.0,True,False,0.0,0.0,0.0,0.0,0.0,0.0,0.0,0.0,100690.0,102165.0,0.0,0.01443742964811824,active,,specialist_veto,specialist_veto,False,NGK8@2018-04-26,2018
2018-04-04 00:00:00+00:00,2018-04-04 00:00:00+00:00,NGK8@2018-04-26,04946e3941d87a9152c7,1.0,False,False,0.0,1.0,1.0,1.0,0.0,15.0,60.000000000002,45.000000000002,100735.0,102165.0,0.0,0.01399696569275192,active,,,forecast_signal,False,NGK8@2018-04-26,2018
2018-04-05 00:00:00+00:00,2018-04-05 00:00:00+00:00,NGK8@2018-04-26,85eb7c66a2410daf2c30,0.5,False,False,1.0,0.5,-0.5,0.5,0.0,7.5,-150.000000000001,-157.500000000001,100577.5,102165.0,157.5,0.015538589536534038,active,,,specialist_sizing_modifier,False,NGK8@2018-04-26,2018
2018-04-06 00:00:00+00:00,2018-04-06 00:00:00+00:00,NGK8@2018-04-26,fe8827705a770f10a6c3,1.0,False,False,0.5,1.0,0.5,0.5,0.0,7.5,0.0,-7.5,100570.0,102165.0,7.5,0.015612000195761758,active,,,forecast_signal,False,NGK8@2018-04-26,2018
2018-04-08 00:00:00+00:00,2018-04-08 00:00:00+00:00,NGK8@2018-04-26,82c29fdbda10b91c9101,1.0,False,False,1.0,1.0,0.0,0.0,0.0,0.0,40.0,40.0,100610.0,102165.0,0.0,0.015220476679880586,active,,,forecast_signal,False,NGK8@2018-04-26,2018
2018-04-09 00:00:00+00:00,2018-04-09 00:00:00+00:00,NGK8@2018-04-26,82c29fdbda10b91c9101,1.0,False,False,1.0,1.0,0.0,0.0,0.0,0.0,150.000000000001,150.000000000001,100760.0,102165.0,0.0,0.013752263495326189,active,,,forecast_signal,False,NGK8@2018-04-26,2018
2018-04-10 00:00:00+00:00,2018-04-10 00:00:00+00:00,NGK8@2018-04-26,21814f7cf6f9c18c81df,1.0,False,False,1.0,1.0,0.0,0.0,0.0,0.0,-350.000000000001,-350.000000000001,100410.0,102165.0,350.0,0.017178094259286448,active,,,forecast_signal,False,NGK8@2018-04-26,2018
2018-04-11 00:00:00+00:00,2018-04-11 00:00:00+00:00,NGK8@2018-04-26,0baddddb4292ef80e4ce,1.0,False,False,1.0,1.0,0.0,0.0,0.0,0.0,70.000000000001,70.000000000001,100480.0,102165.0,0.0,0.016492928106494397,active,,,forecast_signal,False,NGK8@2018-04-26,2018
2018-04-12 00:00:00+00:00,2018-04-12 00:00:00+00:00,NGK8@2018-04-26,67aaae049d902093e7e1,1.0,False,False,1.0,1.0,0.0,0.0,0.0,0.0,190.000000000001,190.000000000001,100670.0,102165.0,0.0,0.014633191406058826,active,,,forecast_signal,False,NGK8@2018-04-26,2018
2018-04-13 00:00:00+00:00,2018-04-13 00:00:00+00:00,NGK8@2018-04-26,d78a84b7f4aac34f8309,1.0,False,False,1.0,1.0,0.0,0.0,0.0,0.0,640.0,640.0,101310.0,102165.0,0.0,0.008368815151960064,active,,,forecast_signal,False,NGK8@2018-04-26,2018
2018-04-15 00:00:00+00:00,2018-04-15 00:00:00+00:00,NGK8@2018-04-26,7f3a2fe655859f0318cc,1.0,False,False,1.0,1.0,0.0,0.0,0.0,0.0,-20.000000000002,-20.000000000002,101290.0,102165.0,20.0,0.00856457690990065,active,,,forecast_signal,False,NGK8@2018-04-26,2018
2018-04-16 00:00:00+00:00,2018-04-16 00:00:00+00:00,NGK8@2018-04-26,7f3a2fe655859f0318cc,1.0,False,False,1.0,1.0,0.0,0.0,0.0,0.0,-59.999999999997,-59.999999999997,101230.0,102165.0,60.0,0.009151862183722409,active,,,forecast_signal,False,NGK8@2018-04-26,2018
2018-04-17 00:00:00+00:00,2018-04-17 00:00:00+00:00,NGK8@2018-04-26,8b9a43b87f8db7c98e3f,1.0,False,False,1.0,1.0,0.0,0.0,0.0,0.0,9.999999999998002,9.999999999998002,101240.0,102165.0,0.0,0.009053981304752117,active,,,forecast_signal,False,NGK8@2018-04-26,2018
2018-04-18 00:00:00+00:00,2018-04-18 00:00:00+00:00,NGK8@2018-04-26,18aa8e6b091cf0449b5b,1.0,False,False,1.0,1.0,0.0,0.0,0.0,0.0,-30.000000000001,-30.000000000001,101210.0,102165.0,30.0,0.009347623941662997,active,,,forecast_signal,False,NGK8@2018-04-26,2018
2018-04-19 00:00:00+00:00,2018-04-19 00:00:00+00:00,NGK8@2018-04-26,f7038b0362d82708c575,1.0,False,False,1.0,1.0,0.0,0.0,0.0,0.0,-659.999999999998,-659.999999999998,100550.0,102165.0,660.0,0.015807761953702343,active,,,forecast_signal,False,NGK8@2018-04-26,2018
2018-04-20 00:00:00+00:00,2018-04-20 00:00:00+00:00,NGK8@2018-04-26,619037b9356644c67c41,1.0,False,False,1.0,1.0,0.0,0.0,0.0,0.0,680.0,680.0,101230.0,102165.0,0.0,0.009151862183722409,active,,,forecast_signal,False,NGK8@2018-04-26,2018
2018-04-22 00:00:00+00:00,2018-04-22 00:00:00+00:00,NGK8@2018-04-26,f35ce2ddfb42194cadcf,1.0,False,False,1.0,1.0,0.0,0.0,0.0,0.0,-49.999999999997996,-49.999999999997996,101180.0,102165.0,50.0,0.009641266578573875,active,,,forecast_signal,False,NGK8@2018-04-26,2018
2018-04-23 00:00:00+00:00,2018-04-23 00:00:00+00:00,NGK8@2018-04-26,f35ce2ddfb42194cadcf,1.0,False,False,1.0,1.0,0.0,0.0,0.0,0.0,59.999999999997,59.999999999997,101240.0,102165.0,0.0,0.009053981304752117,active,,,forecast_signal,False,NGK8@2018-04-26,2018
2018-04-24 00:00:00+00:00,2018-04-24 00:00:00+00:00,NGK8@2018-04-26,c75860c350e51fb25c36,1.0,False,False,1.0,1.0,0.0,0.0,0.0,0.0,459.99999999999795,459.99999999999795,101700.0,102165.0,0.0,0.004551460872118632,active,,,forecast_signal,False,NGM8@2018-05-29,2018
2018-04-25 00:00:00+00:00,2018-04-25 00:00:00+00:00,NGM8@2018-05-29,182ae08d66c3d29d5546,0.0,True,False,1.0,0.0,-1.0,1.0,1.0,15.0,-0.0,-15.0,101685.0,102165.0,15.0,0.004698282190574071,active,,predicted_gross_pnl_not_above_round_trip_cost,predicted_gross_pnl_not_above_round_trip_cost,True,NGM8@2018-05-29,2018
2018-04-26 00:00:00+00:00,2018-04-26 00:00:00+00:00,NGM8@2018-05-29,752f79e4f69c5b930ccf,0.5,False,False,0.0,0.5,0.5,0.5,0.0,7.5,40.0,32.5,101717.5,102165.0,0.0,0.004380169333920618,active,,,specialist_sizing_modifier,False,NGM8@2018-05-29,2018
2018-04-27 00:00:00+00:00,2018-04-27 00:00:00+00:00,NGM8@2018-05-29,f078b88529413e8f0893,1.0,False,False,0.5,1.0,0.5,0.5,0.0,7.5,-600.0,-607.5,101110.0,102165.0,607.5,0.010326432731365928,active,,,forecast_signal,False,NGM8@2018-05-29,2018
2018-04-29 00:00:00+00:00,2018-04-29 00:00:00+00:00,NGM8@2018-05-29,3da5d6516dddadd538bd,0.0,True,False,1.0,0.0,-1.0,1.0,0.0,15.0,0.0,-15.0,101095.0,102165.0,15.0,0.010473254049821367,active,,predicted_gross_pnl_not_above_round_trip_cost,predicted_gross_pnl_not_above_round_trip_cost,False,NGM8@2018-05-29,2018
2018-04-30 00:00:00+00:00,2018-04-30 00:00:00+00:00,NGM8@2018-05-29,3da5d6516dddadd538bd,0.0,True,False,0.0,0.0,0.0,0.0,0.0,0.0,0.0,0.0,101095.0,102165.0,0.0,0.010473254049821367,active,,predicted_gross_pnl_not_above_round_trip_cost,predicted_gross_pnl_not_above_round_trip_cost,False,NGM8@2018-05-29,2018
2018-05-01 00:00:00+00:00,2018-05-01 00:00:00+00:00,NGM8@2018-05-29,70c6652b70293ddf5c53,0.0,True,False,0.0,0.0,0.0,0.0,0.0,0.0,0.0,0.0,101095.0,102165.0,0.0,0.010473254049821367,active,,specialist_veto,specialist_veto,False,NGM8@2018-05-29,2018
2018-05-02 00:00:00+00:00,2018-05-02 00:00:00+00:00,NGM8@2018-05-29,cfccc3117ef1ac515e3e,0.0,True,False,0.0,0.0,0.0,0.0,0.0,0.0,-0.0,-0.0,101095.0,102165.0,0.0,0.010473254049821367,active,,specialist_veto,specialist_veto,False,NGM8@2018-05-29,2018
2018-05-03 00:00:00+00:00,2018-05-03 00:00:00+00:00,NGM8@2018-05-29,f41047233eb0b2d77f21,-1.0,False,False,0.0,-1.0,-1.0,1.0,0.0,15.0,259.999999999998,244.999999999998,101340.0,102165.0,0.0,0.008075172515049186,active,,,forecast_signal,False,NGM8@2018-05-29,2018
2018-05-04 00:00:00+00:00,2018-05-04 00:00:00+00:00,NGM8@2018-05-29,3ca41817c5b6dce4f1ce,0.0,True,False,-1.0,0.0,1.0,1.0,0.0,15.0,-0.0,-15.0,101325.0,102165.0,15.0,0.008221993833504625,active,,specialist_veto,specialist_veto,False,NGM8@2018-05-29,2018
2018-05-06 00:00:00+00:00,2018-05-06 00:00:00+00:00,NGM8@2018-05-29,d99697a281d1b7ed962a,0.0,True,False,0.0,0.0,0.0,0.0,0.0,0.0,0.0,0.0,101325.0,102165.0,0.0,0.008221993833504625,active,,specialist_veto,specialist_veto,False,NGM8@2018-05-29,2018
2018-05-07 00:00:00+00:00,2018-05-07 00:00:00+00:00,NGM8@2018-05-29,d99697a281d1b7ed962a,0.0,True,False,0.0,0.0,0.0,0.0,0.0,0.0,0.0,0.0,101325.0,102165.0,0.0,0.008221993833504625,active,,specialist_veto,specialist_veto,False,NGM8@2018-05-29,2018
2018-05-08 00:00:00+00:00,2018-05-08 00:00:00+00:00,NGM8@2018-05-29,dea29c6f630a41bebac8,0.0,True,False,0.0,0.0,0.0,0.0,0.0,0.0,0.0,0.0,101325.0,102165.0,0.0,0.008221993833504625,active,,specialist_veto,specialist_veto,False,NGM8@2018-05-29,2018
2018-05-09 00:00:00+00:00,2018-05-09 00:00:00+00:00,NGM8@2018-05-29,bbbf74016a5cddca8a9b,0.0,True,False,0.0,0.0,0.0,0.0,0.0,0.0,-0.0,-0.0,101325.0,102165.0,0.0,0.008221993833504625,active,,specialist_veto,specialist_veto,False,NGM8@2018-05-29,2018
2018-05-10 00:00:00+00:00,2018-05-10 00:00:00+00:00,NGM8@2018-05-29,891e73b717abca71ba23,0.0,True,False,0.0,0.0,0.0,0.0,0.0,0.0,0.0,0.0,101325.0,102165.0,0.0,0.008221993833504625,active,,specialist_veto,specialist_veto,False,NGM8@2018-05-29,2018
2018-05-11 00:00:00+00:00,2018-05-11 00:00:00+00:00,NGM8@2018-05-29,fdf88166b99429cdd646,0.0,True,False,0.0,0.0,0.0,0.0,0.0,0.0,0.0,0.0,101325.0,102165.0,0.0,0.008221993833504625,active,,specialist_veto,specialist_veto,False,NGM8@2018-05-29,2018
2018-05-13 00:00:00+00:00,2018-05-13 00:00:00+00:00,NGM8@2018-05-29,4b7d94ea20ae80017bac,0.0,True,False,0.0,0.0,0.0,0.0,0.0,0.0,-0.0,-0.0,101325.0,102165.0,0.0,0.008221993833504625,active,,predicted_gross_pnl_not_above_round_trip_cost,predicted_gross_pnl_not_above_round_trip_cost,False,NGM8@2018-05-29,2018
2018-05-14 00:00:00+00:00,2018-05-14 00:00:00+00:00,NGM8@2018-05-29,4b7d94ea20ae80017bac,0.0,True,False,0.0,0.0,0.0,0.0,0.0,0.0,0.0,0.0,101325.0,102165.0,0.0,0.008221993833504625,active,,predicted_gross_pnl_not_above_round_trip_cost,predicted_gross_pnl_not_above_round_trip_cost,False,NGM8@2018-05-29,2018
2018-05-15 00:00:00+00:00,2018-05-15 00:00:00+00:00,NGM8@2018-05-29,5ffa24bdb8185fdbbca9,0.0,True,False,0.0,0.0,0.0,0.0,0.0,0.0,-0.0,-0.0,101325.0,102165.0,0.0,0.008221993833504625,active,,predicted_gross_pnl_not_above_round_trip_cost,predicted_gross_pnl_not_above_round_trip_cost,False,NGM8@2018-05-29,2018
2018-05-16 00:00:00+00:00,2018-05-16 00:00:00+00:00,NGM8@2018-05-29,125085cfa35bf5e360ba,0.0,True,False,0.0,0.0,0.0,0.0,0.0,0.0,-0.0,-0.0,101325.0,102165.0,0.0,0.008221993833504625,active,,specialist_veto,specialist_veto,False,NGM8@2018-05-29,2018
2018-05-17 00:00:00+00:00,2018-05-17 00:00:00+00:00,NGM8@2018-05-29,1e7586d6c1d00a7b0e1c,0.0,True,False,0.0,0.0,0.0,0.0,0.0,0.0,0.0,0.0,101325.0,102165.0,0.0,0.008221993833504625,active,,specialist_veto,specialist_veto,False,NGM8@2018-05-29,2018
2018-05-18 00:00:00+00:00,2018-05-18 00:00:00+00:00,NGM8@2018-05-29,cc2a933be7b6a8fc4db8,0.0,True,False,0.0,0.0,0.0,0.0,0.0,0.0,-0.0,-0.0,101325.0,102165.0,0.0,0.008221993833504625,active,,predicted_gross_pnl_not_above_round_trip_cost,predicted_gross_pnl_not_above_round_trip_cost,False,NGM8@2018-05-29,2018
2018-05-20 00:00:00+00:00,2018-05-20 00:00:00+00:00,NGM8@2018-05-29,c11502e72730dfa1b4ac,-1.0,False,False,0.0,-1.0,-1.0,1.0,0.0,15.0,-99.999999999997,-114.999999999997,101210.0,102165.0,115.0,0.009347623941662997,active,,,forecast_signal,False,NGM8@2018-05-29,2018
2018-05-21 00:00:00+00:00,2018-05-21 00:00:00+00:00,NGM8@2018-05-29,c11502e72730dfa1b4ac,-1.0,False,False,-1.0,-1.0,0.0,0.0,0.0,0.0,160.0,160.0,101370.0,102165.0,0.0,0.007781529878138306,active,,,forecast_signal,False,NGM8@2018-05-29,2018
2018-05-22 00:00:00+00:00,2018-05-22 00:00:00+00:00,NGM8@2018-05-29,fae6c8a744babd3c0b54,0.0,True,False,-1.0,0.0,1.0,1.0,0.0,15.0,0.0,-15.0,101355.0,102165.0,15.0,0.007928351196593745,active,,specialist_veto,specialist_veto,False,NGM8@2018-05-29,2018
2018-05-23 00:00:00+00:00,2018-05-23 00:00:00+00:00,NGM8@2018-05-29,b8951845109b3a05f3ad,0.0,True,False,0.0,0.0,0.0,0.0,0.0,0.0,0.0,0.0,101355.0,102165.0,0.0,0.007928351196593745,active,,specialist_veto,specialist_veto,False,NGM8@2018-05-29,2018
2018-05-24 00:00:00+00:00,2018-05-24 00:00:00+00:00,NGM8@2018-05-29,f13216849abe6358093e,-1.0,False,False,0.0,-1.0,-1.0,1.0,0.0,15.0,-160.0,-175.0,101180.0,102165.0,175.0,0.009641266578573875,active,,,forecast_signal,False,NGM8@2018-05-29,2018
2018-05-25 00:00:00+00:00,2018-05-25 00:00:00+00:00,NGM8@2018-05-29,1938469186e9298db72c,-1.0,False,False,-1.0,-1.0,0.0,0.0,0.0,0.0,-130.00000000000298,-130.00000000000298,101050.0,102165.0,130.0,0.010913718005187686,active,,,forecast_signal,False,NGM8@2018-05-29,2018
2018-05-27 00:00:00+00:00,2018-05-27 00:00:00+00:00,NGM8@2018-05-29,4a7066f72a2d61381158,-1.0,False,False,-1.0,-1.0,0.0,0.0,0.0,0.0,120.0,120.0,101170.0,102165.0,0.0,0.00973914745754417,active,,,forecast_signal,False,NGM8@2018-05-29,2018
2018-05-28 00:00:00+00:00,2018-05-28 00:00:00+00:00,NGM8@2018-05-29,4a7066f72a2d61381158,-1.0,False,False,-1.0,-1.0,0.0,0.0,0.0,0.0,-120.0,-120.0,101050.0,102165.0,120.0,0.010913718005187686,active,,,forecast_signal,False,NGN8@2018-06-27,2018
2018-05-29 00:00:00+00:00,2018-05-29 00:00:00+00:00,NGN8@2018-06-27,df70c254a9422edbf919,-1.0,False,False,-1.0,-1.0,0.0,2.0,2.0,30.0,750.0000000000009,720.0000000000009,101770.0,102165.0,0.0,0.0038662947193265794,active,,,forecast_signal,True,NGN8@2018-06-27,2018
2018-05-30 00:00:00+00:00,2018-05-30 00:00:00+00:00,NGN8@2018-06-27,df70c254a9422edbf919,-1.0,False,False,-1.0,-1.0,0.0,0.0,0.0,0.0,100.000000000002,100.000000000002,101870.0,102165.0,0.0,0.002887485929623648,active,,,forecast_signal,False,NGN8@2018-06-27,2018
2018-05-31 00:00:00+00:00,2018-05-31 00:00:00+00:00,NGN8@2018-06-27,9ee33a04e668b7925a73,-1.0,False,False,-1.0,-1.0,0.0,0.0,0.0,0.0,-600.0,-600.0,101270.0,102165.0,600.0,0.008760338667841237,active,,,forecast_signal,False,NGN8@2018-06-27,2018
2018-06-01 00:00:00+00:00,2018-06-01 00:00:00+00:00,NGN8@2018-06-27,af788b049d7775e3cdc4,-1.0,False,False,-1.0,-1.0,0.0,0.0,0.0,0.0,-250.00000000000298,-250.00000000000298,101020.0,102165.0,250.0,0.011207360642098567,active,,,forecast_signal,False,NGN8@2018-06-27,2018
2018-06-03 00:00:00+00:00,2018-06-03 00:00:00+00:00,NGN8@2018-06-27,374932c5277fc8d30b8c,-1.0,False,False,-1.0,-1.0,0.0,0.0,0.0,0.0,130.00000000000298,130.00000000000298,101150.0,102165.0,0.0,0.009934909215484755,active,,,forecast_signal,False,NGN8@2018-06-27,2018
2018-06-04 00:00:00+00:00,2018-06-04 00:00:00+00:00,NGN8@2018-06-27,374932c5277fc8d30b8c,-1.0,False,False,-1.0,-1.0,0.0,0.0,0.0,0.0,389.99999999999704,389.99999999999704,101540.0,102165.0,0.0,0.006117554935643322,active,,,forecast_signal,False,NGN8@2018-06-27,2018
2018-06-05 00:00:00+00:00,2018-06-05 00:00:00+00:00,NGN8@2018-06-27,f4bca19897f17438fcdf,-1.0,False,False,-1.0,-1.0,0.0,0.0,0.0,0.0,280.0,280.0,101820.0,102165.0,0.0,0.003376890324475114,active,,,forecast_signal,False,NGN8@2018-06-27,2018
2018-06-06 00:00:00+00:00,2018-06-06 00:00:00+00:00,NGN8@2018-06-27,bd3198eac1bdae091f80,-1.0,False,False,-1.0,-1.0,0.0,0.0,0.0,0.0,-59.999999999997,-59.999999999997,101760.0,102165.0,60.0,0.0039641755982968725,active,,,forecast_signal,False,NGN8@2018-06-27,2018
2018-06-07 00:00:00+00:00,2018-06-07 00:00:00+00:00,NGN8@2018-06-27,292e80738f4e3c6a0262,-1.0,False,False,-1.0,-1.0,0.0,0.0,0.0,0.0,-289.99999999999903,-289.99999999999903,101470.0,102165.0,290.0,0.006802721088435374,active,,,forecast_signal,False,NGN8@2018-06-27,2018
2018-06-08 00:00:00+00:00,2018-06-08 00:00:00+00:00,NGN8@2018-06-27,b2a5c245dd28d61c27fd,0.0,True,False,-1.0,0.0,1.0,1.0,0.0,15.0,-0.0,-15.0,101455.0,102165.0,15.0,0.006949542406890814,active,,specialist_veto,specialist_veto,False,NGN8@2018-06-27,2018
2018-06-10 00:00:00+00:00,2018-06-10 00:00:00+00:00,NGN8@2018-06-27,f3881dd74c3b0842177b,-1.0,False,False,0.0,-1.0,-1.0,1.0,0.0,15.0,-70.000000000001,-85.000000000001,101370.0,102165.0,85.0,0.007781529878138306,active,,,forecast_signal,False,NGN8@2018-06-27,2018
2018-06-11 00:00:00+00:00,2018-06-11 00:00:00+00:00,NGN8@2018-06-27,f3881dd74c3b0842177b,-1.0,False,False,-1.0,-1.0,0.0,0.0,0.0,0.0,-219.99999999999702,-219.99999999999702,101150.0,102165.0,220.0,0.009934909215484755,active,,,forecast_signal,False,NGN8@2018-06-27,2018
2018-06-12 00:00:00+00:00,2018-06-12 00:00:00+00:00,NGN8@2018-06-27,4776dec040f0aae3f06b,0.0,True,False,-1.0,0.0,1.0,1.0,0.0,15.0,-0.0,-15.0,101135.0,102165.0,15.0,0.010081730533940195,active,,specialist_veto,specialist_veto,False,NGN8@2018-06-27,2018
2018-06-13 00:00:00+00:00,2018-06-13 00:00:00+00:00,NGN8@2018-06-27,e2c1249f7938336f559f,-1.0,False,False,0.0,-1.0,-1.0,1.0,0.0,15.0,-240.0,-255.0,100880.0,102165.0,255.0,0.01257769294768267,active,,,forecast_signal,False,NGN8@2018-06-27,2018
2018-06-14 00:00:00+00:00,2018-06-14 00:00:00+00:00,NGN8@2018-06-27,b2fd545cfaa276ed9751,0.0,True,False,-1.0,0.0,1.0,1.0,0.0,15.0,0.0,-15.0,100865.0,102165.0,15.0,0.012724514266138109,active,,predicted_gross_pnl_not_above_round_trip_cost,predicted_gross_pnl_not_above_round_trip_cost,False,NGN8@2018-06-27,2018
2018-06-15 00:00:00+00:00,2018-06-15 00:00:00+00:00,NGN8@2018-06-27,a23ceaed3127bc3b6504,0.0,True,False,0.0,0.0,0.0,0.0,0.0,0.0,0.0,0.0,100865.0,102165.0,0.0,0.012724514266138109,active,,predicted_gross_pnl_not_above_round_trip_cost,predicted_gross_pnl_not_above_round_trip_cost,False,NGN8@2018-06-27,2018
2018-06-17 00:00:00+00:00,2018-06-17 00:00:00+00:00,NGN8@2018-06-27,89ebbc518aa22f8fd6c8,0.0,True,False,0.0,0.0,0.0,0.0,0.0,0.0,-0.0,-0.0,100865.0,102165.0,0.0,0.012724514266138109,active,,predicted_gross_pnl_not_above_round_trip_cost,predicted_gross_pnl_not_above_round_trip_cost,False,NGN8@2018-06-27,2018
2018-06-18 00:00:00+00:00,2018-06-18 00:00:00+00:00,NGN8@2018-06-27,89ebbc518aa22f8fd6c8,0.0,True,False,0.0,0.0,0.0,0.0,0.0,0.0,-0.0,-0.0,100865.0,102165.0,0.0,0.012724514266138109,active,,predicted_gross_pnl_not_above_round_trip_cost,predicted_gross_pnl_not_above_round_trip_cost,False,NGN8@2018-06-27,2018
2018-06-19 00:00:00+00:00,2018-06-19 00:00:00+00:00,NGN8@2018-06-27,0fd9e5ae86933370b29f,0.0,True,False,0.0,0.0,0.0,0.0,0.0,0.0,-0.0,-0.0,100865.0,102165.0,0.0,0.012724514266138109,active,,specialist_veto,specialist_veto,False,NGN8@2018-06-27,2018
2018-06-20 00:00:00+00:00,2018-06-20 00:00:00+00:00,NGN8@2018-06-27,56bfe75d3b3df498dd8a,0.0,True,False,0.0,0.0,0.0,0.0,0.0,0.0,0.0,0.0,100865.0,102165.0,0.0,0.012724514266138109,active,,specialist_veto,specialist_veto,False,NGN8@2018-06-27,2018
2018-06-21 00:00:00+00:00,2018-06-21 00:00:00+00:00,NGN8@2018-06-27,94f9b3f7a8e8e24cc2bb,-1.0,False,False,0.0,-1.0,-1.0,1.0,0.0,15.0,-110.000000000001,-125.000000000001,100740.0,102165.0,125.0,0.013948025253266775,active,,,forecast_signal,False,NGN8@2018-06-27,2018
2018-06-22 00:00:00+00:00,2018-06-22 00:00:00+00:00,NGN8@2018-06-27,6d4ec8f8595fd6c9ed7f,-1.0,False,False,-1.0,-1.0,0.0,0.0,0.0,0.0,539.999999999998,539.999999999998,101280.0,102165.0,0.0,0.008662457788870944,active,,,forecast_signal,False,NGN8@2018-06-27,2018
2018-06-24 00:00:00+00:00,2018-06-24 00:00:00+00:00,NGN8@2018-06-27,ae53449bc591db177c43,-1.0,False,False,-1.0,-1.0,0.0,0.0,0.0,0.0,50.000000000003006,50.000000000003006,101330.0,102165.0,0.0,0.008173053394019478,active,,,forecast_signal,False,NGN8@2018-06-27,2018
2018-06-25 00:00:00+00:00,2018-06-25 00:00:00+00:00,NGN8@2018-06-27,ae53449bc591db177c43,-1.0,False,False,-1.0,-1.0,0.0,0.0,0.0,0.0,-40.0,-40.0,101290.0,102165.0,40.0,0.00856457690990065,active,,,forecast_signal,False,NGN8@2018-06-27,2018
2018-06-26 00:00:00+00:00,2018-06-26 00:00:00+00:00,NGN8@2018-06-27,b65d6f099fcd53d78e8e,-1.0,False,False,-1.0,-1.0,0.0,0.0,0.0,0.0,-280.0,-280.0,101010.0,102165.0,280.0,0.011305241521068859,active,,,forecast_signal,False,NGQ8@2018-07-27,2018
2018-06-27 00:00:00+00:00,2018-06-27 00:00:00+00:00,NGQ8@2018-07-27,5580682d9226bea5a1ff,-1.0,False,False,-1.0,-1.0,0.0,2.0,2.0,30.0,-449.99999999999903,-479.99999999999903,100530.0,102165.0,480.0,0.01600352371164293,active,,,forecast_signal,True,NGQ8@2018-07-27,2018
2018-06-28 00:00:00+00:00,2018-06-28 00:00:00+00:00,NGQ8@2018-07-27,f439093053f083a94e04,-1.0,False,False,-1.0,-1.0,0.0,0.0,0.0,0.0,440.0,440.0,100970.0,102165.0,0.0,0.011696765036950031,active,,,forecast_signal,False,NGQ8@2018-07-27,2018
2018-06-29 00:00:00+00:00,2018-06-29 00:00:00+00:00,NGQ8@2018-07-27,82fb60e14392a26817d3,-1.0,False,False,-1.0,-1.0,0.0,0.0,0.0,0.0,270.000000000001,270.000000000001,101240.0,102165.0,0.0,0.009053981304752117,active,,,forecast_signal,False,NGQ8@2018-07-27,2018
2018-07-01 00:00:00+00:00,2018-07-01 00:00:00+00:00,NGQ8@2018-07-27,563846405a12e6acf06b,0.0,True,False,-1.0,0.0,1.0,1.0,0.0,15.0,-0.0,-15.0,101225.0,102165.0,15.0,0.009200802623207556,active,,specialist_veto,specialist_veto,False,NGQ8@2018-07-27,2018
2018-07-02 00:00:00+00:00,2018-07-02 00:00:00+00:00,NGQ8@2018-07-27,563846405a12e6acf06b,0.0,True,False,0.0,0.0,0.0,0.0,0.0,0.0,-0.0,-0.0,101225.0,102165.0,0.0,0.009200802623207556,active,,specialist_veto,specialist_veto,False,NGQ8@2018-07-27,2018
2018-07-03 00:00:00+00:00,2018-07-03 00:00:00+00:00,NGQ8@2018-07-27,44363bed8d808ade86c4,-1.0,False,False,0.0,-1.0,-1.0,1.0,0.0,15.0,120.0,105.0,101330.0,102165.0,0.0,0.008173053394019478,active,,,forecast_signal,False,NGQ8@2018-07-27,2018
2018-07-04 00:00:00+00:00,2018-07-04 00:00:00+00:00,NGQ8@2018-07-27,f085c7bc3389b7caf3a4,0.0,True,False,-1.0,0.0,1.0,1.0,0.0,15.0,-0.0,-15.0,101315.0,102165.0,15.0,0.008319874712474917,active,,specialist_veto,specialist_veto,False,NGQ8@2018-07-27,2018
2018-07-05 00:00:00+00:00,2018-07-05 00:00:00+00:00,NGQ8@2018-07-27,ff21bfefa66f20e96262,0.0,True,False,0.0,0.0,0.0,0.0,0.0,0.0,-0.0,-0.0,101315.0,102165.0,0.0,0.008319874712474917,active,,specialist_veto,specialist_veto,False,NGQ8@2018-07-27,2018
2018-07-06 00:00:00+00:00,2018-07-06 00:00:00+00:00,NGQ8@2018-07-27,ff21bfefa66f20e96262,0.0,True,False,0.0,0.0,0.0,0.0,0.0,0.0,0.0,0.0,101315.0,102165.0,0.0,0.008319874712474917,active,,specialist_veto,specialist_veto,False,NGQ8@2018-07-27,2018
2018-07-08 00:00:00+00:00,2018-07-08 00:00:00+00:00,NGQ8@2018-07-27,843426a7efb539fb23b9,-1.0,False,False,0.0,-1.0,-1.0,1.0,0.0,15.0,-9.999999999998002,-24.999999999998003,101290.0,102165.0,25.0,0.00856457690990065,active,,,forecast_signal,False,NGQ8@2018-07-27,2018
2018-07-09 00:00:00+00:00,2018-07-09 00:00:00+00:00,NGQ8@2018-07-27,843426a7efb539fb23b9,-1.0,False,False,-1.0,-1.0,0.0,0.0,0.0,0.0,80.0,80.0,101370.0,102165.0,0.0,0.007781529878138306,active,,,forecast_signal,False,NGQ8@2018-07-27,2018
2018-07-10 00:00:00+00:00,2018-07-10 00:00:00+00:00,NGQ8@2018-07-27,33cb5a51def921559c8c,-1.0,False,False,-1.0,-1.0,0.0,0.0,0.0,0.0,449.99999999999903,449.99999999999903,101820.0,102165.0,0.0,0.003376890324475114,active,,,forecast_signal,False,NGQ8@2018-07-27,2018
2018-07-11 00:00:00+00:00,2018-07-11 00:00:00+00:00,NGQ8@2018-07-27,500f76f6a840540fae07,-1.0,False,False,-1.0,-1.0,0.0,0.0,0.0,0.0,-380.000000000002,-380.000000000002,101440.0,102165.0,380.0,0.007096363725346253,active,,,forecast_signal,False,NGQ8@2018-07-27,2018
2018-07-12 00:00:00+00:00,2018-07-12 00:00:00+00:00,NGQ8@2018-07-27,4e81fc990533ea769b74,0.0,True,False,-1.0,0.0,1.0,1.0,0.0,15.0,-0.0,-15.0,101425.0,102165.0,15.0,0.007243185043801693,active,,specialist_veto,specialist_veto,False,NGQ8@2018-07-27,2018
2018-07-13 00:00:00+00:00,2018-07-13 00:00:00+00:00,NGQ8@2018-07-27,780ceec488d139aa7a9e,-1.0,False,False,0.0,-1.0,-1.0,1.0,0.0,15.0,339.999999999998,324.999999999998,101750.0,102165.0,0.0,0.0040620564772671655,active,,,forecast_signal,False,NGQ8@2018-07-27,2018
2018-07-15 00:00:00+00:00,2018-07-15 00:00:00+00:00,NGQ8@2018-07-27,c526f8cd5453e95ea963,0.0,True,False,-1.0,0.0,1.0,1.0,0.0,15.0,0.0,-15.0,101735.0,102165.0,15.0,0.004208877795722606,active,,specialist_veto,specialist_veto,False,NGQ8@2018-07-27,2018
2018-07-16 00:00:00+00:00,2018-07-16 00:00:00+00:00,NGQ8@2018-07-27,c526f8cd5453e95ea963,0.0,True,False,0.0,0.0,0.0,0.0,0.0,0.0,0.0,0.0,101735.0,102165.0,0.0,0.004208877795722606,active,,specialist_veto,specialist_veto,False,NGQ8@2018-07-27,2018
2018-07-17 00:00:00+00:00,2018-07-17 00:00:00+00:00,NGQ8@2018-07-27,307e0c4834cf0b4095aa,0.0,True,False,0.0,0.0,0.0,0.0,0.0,0.0,-0.0,-0.0,101735.0,102165.0,0.0,0.004208877795722606,active,,specialist_veto,specialist_veto,False,NGQ8@2018-07-27,2018
2018-07-18 00:00:00+00:00,2018-07-18 00:00:00+00:00,NGQ8@2018-07-27,8ae86b06856979dfcbc7,0.0,True,False,0.0,0.0,0.0,0.0,0.0,0.0,-0.0,-0.0,101735.0,102165.0,0.0,0.004208877795722606,active,,specialist_veto,specialist_veto,False,NGQ8@2018-07-27,2018
2018-07-19 00:00:00+00:00,2018-07-19 00:00:00+00:00,NGQ8@2018-07-27,1026cb76377481473d96,0.0,True,False,0.0,0.0,0.0,0.0,0.0,0.0,0.0,0.0,101735.0,102165.0,0.0,0.004208877795722606,active,,specialist_veto,specialist_veto,False,NGQ8@2018-07-27,2018
2018-07-20 00:00:00+00:00,2018-07-20 00:00:00+00:00,NGQ8@2018-07-27,9ec569b0036671c3cff8,0.0,True,False,0.0,0.0,0.0,0.0,0.0,0.0,-0.0,-0.0,101735.0,102165.0,0.0,0.004208877795722606,active,,specialist_veto,specialist_veto,False,NGQ8@2018-07-27,2018
2018-07-22 00:00:00+00:00,2018-07-22 00:00:00+00:00,NGQ8@2018-07-27,88ea58ed52197a3d85ef,0.0,True,False,0.0,0.0,0.0,0.0,0.0,0.0,-0.0,-0.0,101735.0,102165.0,0.0,0.004208877795722606,active,,specialist_veto,specialist_veto,False,NGQ8@2018-07-27,2018
2018-07-23 00:00:00+00:00,2018-07-23 00:00:00+00:00,NGQ8@2018-07-27,88ea58ed52197a3d85ef,0.0,True,False,0.0,0.0,0.0,0.0,0.0,0.0,-0.0,-0.0,101735.0,102165.0,0.0,0.004208877795722606,active,,specialist_veto,specialist_veto,False,NGQ8@2018-07-27,2018
2018-07-24 00:00:00+00:00,2018-07-24 00:00:00+00:00,NGQ8@2018-07-27,bdcc246e00e224abf005,0.0,True,False,0.0,0.0,0.0,0.0,0.0,0.0,0.0,0.0,101735.0,102165.0,0.0,0.004208877795722606,active,,specialist_veto,specialist_veto,False,NGQ8@2018-07-27,2018
2018-07-25 00:00:00+00:00,2018-07-25 00:00:00+00:00,NGQ8@2018-07-27,6ce145a3fe29e5a8e6a3,0.0,True,False,0.0,0.0,0.0,0.0,0.0,0.0,0.0,0.0,101735.0,102165.0,0.0,0.004208877795722606,active,,specialist_veto,specialist_veto,False,NGU8@2018-08-29,2018
2018-07-26 00:00:00+00:00,2018-07-26 00:00:00+00:00,NGU8@2018-08-29,d5012e2d6a057b3bf338,0.0,True,False,0.0,0.0,0.0,0.0,0.0,0.0,0.0,0.0,101735.0,102165.0,0.0,0.004208877795722606,active,,specialist_veto,specialist_veto,False,NGU8@2018-08-29,2018
2018-07-27 00:00:00+00:00,2018-07-27 00:00:00+00:00,NGU8@2018-08-29,81efc74b6956be8bcd60,0.0,True,False,0.0,0.0,0.0,0.0,0.0,0.0,0.0,0.0,101735.0,102165.0,0.0,0.004208877795722606,active,,specialist_veto,specialist_veto,False,NGU8@2018-08-29,2018
2018-07-29 00:00:00+00:00,2018-07-29 00:00:00+00:00,NGU8@2018-08-29,1b498ee3b387cb8ee9d3,0.0,True,False,0.0,0.0,0.0,0.0,0.0,0.0,-0.0,-0.0,101735.0,102165.0,0.0,0.004208877795722606,active,,specialist_veto,specialist_veto,False,NGU8@2018-08-29,2018
2018-07-30 00:00:00+00:00,2018-07-30 00:00:00+00:00,NGU8@2018-08-29,1b498ee3b387cb8ee9d3,0.0,True,False,0.0,0.0,0.0,0.0,0.0,0.0,0.0,0.0,101735.0,102165.0,0.0,0.004208877795722606,active,,specialist_veto,specialist_veto,False,NGU8@2018-08-29,2018
2018-07-31 00:00:00+00:00,2018-07-31 00:00:00+00:00,NGU8@2018-08-29,8ce51519cd340bb9a90c,0.0,True,False,0.0,0.0,0.0,0.0,0.0,0.0,-0.0,-0.0,101735.0,102165.0,0.0,0.004208877795722606,active,,specialist_veto,specialist_veto,False,NGU8@2018-08-29,2018
2018-08-01 00:00:00+00:00,2018-08-01 00:00:00+00:00,NGU8@2018-08-29,8bfd62cc918ec8d59232,0.0,True,False,0.0,0.0,0.0,0.0,0.0,0.0,-0.0,-0.0,101735.0,102165.0,0.0,0.004208877795722606,active,,specialist_veto,specialist_veto,False,NGU8@2018-08-29,2018
2018-08-02 00:00:00+00:00,2018-08-02 00:00:00+00:00,NGU8@2018-08-29,feb16257cb13a6f929ec,0.0,True,False,0.0,0.0,0.0,0.0,0.0,0.0,0.0,0.0,101735.0,102165.0,0.0,0.004208877795722606,active,,specialist_veto,specialist_veto,False,NGU8@2018-08-29,2018
2018-08-03 00:00:00+00:00,2018-08-03 00:00:00+00:00,NGU8@2018-08-29,8b0139a1fb3bb032e97a,0.0,True,False,0.0,0.0,0.0,0.0,0.0,0.0,0.0,0.0,101735.0,102165.0,0.0,0.004208877795722606,active,,specialist_veto,specialist_veto,False,NGU8@2018-08-29,2018
2018-08-05 00:00:00+00:00,2018-08-05 00:00:00+00:00,NGU8@2018-08-29,84a4200bc7dcf815e5c6,-1.0,False,False,0.0,-1.0,-1.0,1.0,0.0,15.0,-9.999999999998002,-24.999999999998003,101710.0,102165.0,25.0,0.004453579993148339,active,,,forecast_signal,False,NGU8@2018-08-29,2018
2018-08-06 00:00:00+00:00,2018-08-06 00:00:00+00:00,NGU8@2018-08-29,84a4200bc7dcf815e5c6,-1.0,False,False,-1.0,-1.0,0.0,0.0,0.0,0.0,-70.000000000001,-70.000000000001,101640.0,102165.0,70.0,0.0051387461459403904,active,,,forecast_signal,False,NGU8@2018-08-29,2018
2018-08-07 00:00:00+00:00,2018-08-07 00:00:00+00:00,NGU8@2018-08-29,91548ad030bd2f4366c0,-1.0,False,False,-1.0,-1.0,0.0,0.0,0.0,0.0,-320.0,-320.0,101320.0,102165.0,320.0,0.008270934272989772,active,,,forecast_signal,False,NGU8@2018-08-29,2018
2018-08-08 00:00:00+00:00,2018-08-08 00:00:00+00:00,NGU8@2018-08-29,03aba1c8d1e1e35ca448,-1.0,False,False,-1.0,-1.0,0.0,0.0,0.0,0.0,-579.9999999999981,-579.9999999999981,100740.0,102165.0,580.0,0.013948025253266775,active,,,forecast_signal,False,NGU8@2018-08-29,2018
2018-08-09 00:00:00+00:00,2018-08-09 00:00:00+00:00,NGU8@2018-08-29,7f9cb70fbff5f587b609,-1.0,False,False,-1.0,-1.0,0.0,0.0,0.0,0.0,49.999999999997996,49.999999999997996,100790.0,102165.0,0.0,0.013458620858415309,active,,,forecast_signal,False,NGU8@2018-08-29,2018
2018-08-10 00:00:00+00:00,2018-08-10 00:00:00+00:00,NGU8@2018-08-29,ee5d8fbf0ed7b13f7989,-1.0,False,False,-1.0,-1.0,0.0,0.0,0.0,0.0,80.0,80.0,100870.0,102165.0,0.0,0.012675573826652964,active,,,forecast_signal,False,NGU8@2018-08-29,2018
2018-08-12 00:00:00+00:00,2018-08-12 00:00:00+00:00,NGU8@2018-08-29,e6749dfbaf2c454e9e1f,-1.0,False,False,-1.0,-1.0,0.0,0.0,0.0,0.0,40.0,40.0,100910.0,102165.0,0.0,0.012284050310771791,active,,,forecast_signal,False,NGU8@2018-08-29,2018
2018-08-13 00:00:00+00:00,2018-08-13 00:00:00+00:00,NGU8@2018-08-29,e6749dfbaf2c454e9e1f,-1.0,False,False,-1.0,-1.0,0.0,0.0,0.0,0.0,30.000000000001,30.000000000001,100940.0,102165.0,0.0,0.011990407673860911,active,,,forecast_signal,False,NGU8@2018-08-29,2018
2018-08-14 00:00:00+00:00,2018-08-14 00:00:00+00:00,NGU8@2018-08-29,df901b32b9b8d35f3e10,-1.0,False,False,-1.0,-1.0,0.0,0.0,0.0,0.0,-200.0,-200.0,100740.0,102165.0,200.0,0.013948025253266775,active,,,forecast_signal,False,NGU8@2018-08-29,2018
2018-08-15 00:00:00+00:00,2018-08-15 00:00:00+00:00,NGU8@2018-08-29,10c80ea9ec8260197465,-1.0,False,False,-1.0,-1.0,0.0,0.0,0.0,0.0,139.99999999999702,139.99999999999702,100880.0,102165.0,0.0,0.01257769294768267,active,,,forecast_signal,False,NGU8@2018-08-29,2018
2018-08-16 00:00:00+00:00,2018-08-16 00:00:00+00:00,NGU8@2018-08-29,60b8990e2ddc120e61fd,-1.0,False,False,-1.0,-1.0,0.0,0.0,0.0,0.0,209.999999999999,209.999999999999,101090.0,102165.0,0.0,0.010522194489306514,active,,,forecast_signal,False,NGU8@2018-08-29,2018
2018-08-17 00:00:00+00:00,2018-08-17 00:00:00+00:00,NGU8@2018-08-29,3408065470670bcc6e31,-1.0,False,False,-1.0,-1.0,0.0,0.0,0.0,0.0,-259.999999999998,-259.999999999998,100830.0,102165.0,260.0,0.013067097342534136,active,,,forecast_signal,False,NGU8@2018-08-29,2018
2018-08-19 00:00:00+00:00,2018-08-19 00:00:00+00:00,NGU8@2018-08-29,9e7b0d7b0b2bc1df4835,-1.0,False,False,-1.0,-1.0,0.0,0.0,0.0,0.0,150.000000000001,150.000000000001,100980.0,102165.0,0.0,0.011598884157979739,active,,,forecast_signal,False,NGU8@2018-08-29,2018
2018-08-20 00:00:00+00:00,2018-08-20 00:00:00+00:00,NGU8@2018-08-29,9e7b0d7b0b2bc1df4835,-1.0,False,False,-1.0,-1.0,0.0,0.0,0.0,0.0,-350.000000000001,-350.000000000001,100630.0,102165.0,350.0,0.01502471492194,active,,,forecast_signal,False,NGU8@2018-08-29,2018
2018-08-21 00:00:00+00:00,2018-08-21 00:00:00+00:00,NGU8@2018-08-29,a437bdb5b0ecf6b519e0,-1.0,False,False,-1.0,-1.0,0.0,0.0,0.0,0.0,-260.000000000002,-260.000000000002,100370.0,102165.0,260.0,0.01756961777516762,active,,,forecast_signal,False,NGU8@2018-08-29,2018
2018-08-22 00:00:00+00:00,2018-08-22 00:00:00+00:00,NGU8@2018-08-29,f88bbd4f04f9870bbf13,-1.0,False,False,-1.0,-1.0,0.0,0.0,0.0,0.0,300.000000000002,300.000000000002,100670.0,102165.0,0.0,0.014633191406058826,active,,,forecast_signal,False,NGU8@2018-08-29,2018
2018-08-23 00:00:00+00:00,2018-08-23 00:00:00+00:00,NGU8@2018-08-29,8121984538db8363d98d,-1.0,False,False,-1.0,-1.0,0.0,0.0,0.0,0.0,-160.0,-160.0,100510.0,102165.0,160.0,0.016199285469583515,active,,,forecast_signal,False,NGU8@2018-08-29,2018
2018-08-24 00:00:00+00:00,2018-08-24 00:00:00+00:00,NGU8@2018-08-29,ee32dfb4c475182a9dc9,-1.0,False,False,-1.0,-1.0,0.0,0.0,0.0,0.0,640.0,640.0,101150.0,102165.0,0.0,0.009934909215484755,active,,,forecast_signal,False,NGU8@2018-08-29,2018
2018-08-26 00:00:00+00:00,2018-08-26 00:00:00+00:00,NGU8@2018-08-29,52fb41114140605fb110,-1.0,False,False,-1.0,-1.0,0.0,0.0,0.0,0.0,-9.999999999998002,-9.999999999998002,101140.0,102165.0,10.0,0.010032790094455048,active,,,forecast_signal,False,NGU8@2018-08-29,2018
2018-08-27 00:00:00+00:00,2018-08-27 00:00:00+00:00,NGU8@2018-08-29,52fb41114140605fb110,-1.0,False,False,-1.0,-1.0,0.0,0.0,0.0,0.0,349.999999999997,349.999999999997,101490.0,102165.0,0.0,0.006606959330494788,active,,,forecast_signal,False,NGU8@2018-08-29,2018
2018-08-28 00:00:00+00:00,2018-08-28 00:00:00+00:00,NGU8@2018-08-29,8d5ae505e4cf91ed2a1c,0.0,True,False,-1.0,0.0,1.0,1.0,0.0,15.0,-0.0,-15.0,101475.0,102165.0,15.0,0.006753780648950228,active,,specialist_veto,specialist_veto,False,NGV8@2018-09-26,2018
2018-08-29 00:00:00+00:00,2018-08-29 00:00:00+00:00,NGV8@2018-09-26,50dbb42e7c6ec9c1e539,0.0,True,False,0.0,0.0,0.0,0.0,0.0,0.0,0.0,0.0,101475.0,102165.0,0.0,0.006753780648950228,active,,specialist_veto,specialist_veto,False,NGV8@2018-09-26,2018
2018-08-30 00:00:00+00:00,2018-08-30 00:00:00+00:00,NGV8@2018-09-26,39e46b5e8e2e45557983,0.0,True,False,0.0,0.0,0.0,0.0,0.0,0.0,0.0,0.0,101475.0,102165.0,0.0,0.006753780648950228,active,,specialist_veto,specialist_veto,False,NGV8@2018-09-26,2018
2018-08-31 00:00:00+00:00,2018-08-31 00:00:00+00:00,NGV8@2018-09-26,325fbff92ec3b727190c,-1.0,False,False,0.0,-1.0,-1.0,1.0,0.0,15.0,-150.000000000001,-165.000000000001,101310.0,102165.0,165.0,0.008368815151960064,active,,,forecast_signal,False,NGV8@2018-09-26,2018
2018-09-02 00:00:00+00:00,2018-09-02 00:00:00+00:00,NGV8@2018-09-26,d5e3452ee64378141db9,-1.0,False,False,-1.0,-1.0,0.0,0.0,0.0,0.0,30.000000000001,30.000000000001,101340.0,102165.0,0.0,0.008075172515049186,active,,,forecast_signal,False,NGV8@2018-09-26,2018
2018-09-03 00:00:00+00:00,2018-09-03 00:00:00+00:00,NGV8@2018-09-26,d5e3452ee64378141db9,-1.0,False,False,-1.0,-1.0,0.0,0.0,0.0,0.0,329.999999999999,329.999999999999,101670.0,102165.0,0.0,0.004845103509029511,active,,,forecast_signal,False,NGV8@2018-09-26,2018
2018-09-04 00:00:00+00:00,2018-09-04 00:00:00+00:00,NGV8@2018-09-26,7ba3f8efffb7c3f99d3c,-1.0,False,False,-1.0,-1.0,0.0,0.0,0.0,0.0,480.0,480.0,102150.0,102165.0,0.0,0.00014682131845543972,active,,,forecast_signal,False,NGV8@2018-09-26,2018
2018-09-05 00:00:00+00:00,2018-09-05 00:00:00+00:00,NGV8@2018-09-26,7ba3f8efffb7c3f99d3c,-1.0,False,False,-1.0,-1.0,0.0,0.0,0.0,0.0,229.999999999996,229.999999999996,102380.0,102380.0,0.0,0.0,active,,,forecast_signal,False,NGV8@2018-09-26,2018
2018-09-06 00:00:00+00:00,2018-09-06 00:00:00+00:00,NGV8@2018-09-26,f78bef9648dbe4d1499a,0.0,True,False,-1.0,0.0,1.0,1.0,0.0,15.0,-0.0,-15.0,102365.0,102380.0,15.0,0.00014651299081851925,active,,specialist_veto,specialist_veto,False,NGV8@2018-09-26,2018
2018-09-07 00:00:00+00:00,2018-09-07 00:00:00+00:00,NGV8@2018-09-26,eb35047b8b1e8ed5dc6c,0.0,True,False,0.0,0.0,0.0,0.0,0.0,0.0,-0.0,-0.0,102365.0,102380.0,0.0,0.00014651299081851925,active,,predicted_gross_pnl_not_above_round_trip_cost,predicted_gross_pnl_not_above_round_trip_cost,False,NGV8@2018-09-26,2018
2018-09-09 00:00:00+00:00,2018-09-09 00:00:00+00:00,NGV8@2018-09-26,8ec699bf01af3264bd72,0.0,True,False,0.0,0.0,0.0,0.0,0.0,0.0,0.0,0.0,102365.0,102380.0,0.0,0.00014651299081851925,active,,predicted_gross_pnl_not_above_round_trip_cost,predicted_gross_pnl_not_above_round_trip_cost,False,NGV8@2018-09-26,2018
2018-09-10 00:00:00+00:00,2018-09-10 00:00:00+00:00,NGV8@2018-09-26,8ec699bf01af3264bd72,0.0,True,False,0.0,0.0,0.0,0.0,0.0,0.0,0.0,0.0,102365.0,102380.0,0.0,0.00014651299081851925,active,,predicted_gross_pnl_not_above_round_trip_cost,predicted_gross_pnl_not_above_round_trip_cost,False,NGV8@2018-09-26,2018
2018-09-11 00:00:00+00:00,2018-09-11 00:00:00+00:00,NGV8@2018-09-26,35e2afc6eaeef5a1f700,0.0,True,False,0.0,0.0,0.0,0.0,0.0,0.0,0.0,0.0,102365.0,102380.0,0.0,0.00014651299081851925,active,,predicted_gross_pnl_not_above_round_trip_cost,predicted_gross_pnl_not_above_round_trip_cost,False,NGV8@2018-09-26,2018
2018-09-12 00:00:00+00:00,2018-09-12 00:00:00+00:00,NGV8@2018-09-26,0e189e9aedebfbca3a21,0.0,True,False,0.0,0.0,0.0,0.0,0.0,0.0,-0.0,-0.0,102365.0,102380.0,0.0,0.00014651299081851925,active,,predicted_gross_pnl_not_above_round_trip_cost,predicted_gross_pnl_not_above_round_trip_cost,False,NGV8@2018-09-26,2018
2018-09-13 00:00:00+00:00,2018-09-13 00:00:00+00:00,NGV8@2018-09-26,31b15a02dd7bde1183d1,-1.0,False,False,0.0,-1.0,-1.0,1.0,0.0,15.0,70.000000000001,55.000000000000995,102420.0,102420.0,0.0,0.0,active,,,forecast_signal,False,NGV8@2018-09-26,2018
2018-09-14 00:00:00+00:00,2018-09-14 00:00:00+00:00,NGV8@2018-09-26,28e319412f4dbec9543d,-1.0,False,False,-1.0,-1.0,0.0,0.0,0.0,0.0,379.99999999999795,379.99999999999795,102800.0,102800.0,0.0,0.0,active,,,forecast_signal,False,NGV8@2018-09-26,2018
2018-09-16 00:00:00+00:00,2018-09-16 00:00:00+00:00,NGV8@2018-09-26,9390774eb3cdaceb21a2,0.0,True,False,-1.0,0.0,1.0,1.0,0.0,15.0,0.0,-15.0,102785.0,102800.0,15.0,0.00014591439688715953,active,,specialist_veto,specialist_veto,False,NGV8@2018-09-26,2018
2018-09-17 00:00:00+00:00,2018-09-17 00:00:00+00:00,NGV8@2018-09-26,9390774eb3cdaceb21a2,0.0,True,False,0.0,0.0,0.0,0.0,0.0,0.0,0.0,0.0,102785.0,102800.0,0.0,0.00014591439688715953,active,,specialist_veto,specialist_veto,False,NGV8@2018-09-26,2018
2018-09-18 00:00:00+00:00,2018-09-18 00:00:00+00:00,NGV8@2018-09-26,00129c3acbfac246d0e8,0.0,True,False,0.0,0.0,0.0,0.0,0.0,0.0,0.0,0.0,102785.0,102800.0,0.0,0.00014591439688715953,active,,specialist_veto,specialist_veto,False,NGV8@2018-09-26,2018
2018-09-19 00:00:00+00:00,2018-09-19 00:00:00+00:00,NGV8@2018-09-26,8bb614684eb5d66d1402,-1.0,False,False,0.0,-1.0,-1.0,1.0,0.0,15.0,200.0,185.0,102970.0,102970.0,0.0,0.0,active,,,forecast_signal,False,NGV8@2018-09-26,2018
2018-09-20 00:00:00+00:00,2018-09-20 00:00:00+00:00,NGV8@2018-09-26,b8b36ec52c21b6acf34d,-1.0,False,False,-1.0,-1.0,0.0,0.0,0.0,0.0,-500.000000000002,-500.000000000002,102470.0,102970.0,500.0,0.004855783237836263,active,,,forecast_signal,False,NGV8@2018-09-26,2018
2018-09-21 00:00:00+00:00,2018-09-21 00:00:00+00:00,NGV8@2018-09-26,96eb81c4e5321926bd58,-1.0,False,False,-1.0,-1.0,0.0,0.0,0.0,0.0,-139.99999999999702,-139.99999999999702,102330.0,102970.0,140.0,0.006215402544430417,active,,,forecast_signal,False,NGV8@2018-09-26,2018
2018-09-23 00:00:00+00:00,2018-09-23 00:00:00+00:00,NGV8@2018-09-26,bd20db72b4c56cc3c3ac,-1.0,False,False,-1.0,-1.0,0.0,0.0,0.0,0.0,139.99999999999702,139.99999999999702,102470.0,102970.0,0.0,0.004855783237836263,active,,,forecast_signal,False,NGV8@2018-09-26,2018
2018-09-24 00:00:00+00:00,2018-09-24 00:00:00+00:00,NGV8@2018-09-26,bd20db72b4c56cc3c3ac,-1.0,False,False,-1.0,-1.0,0.0,0.0,0.0,0.0,-939.9999999999981,-939.9999999999981,101530.0,102970.0,940.0,0.013984655724968438,active,,,forecast_signal,False,NGV8@2018-09-26,2018
2018-09-25 00:00:00+00:00,2018-09-25 00:00:00+00:00,NGV8@2018-09-26,15d3d184e23da29ccf91,-1.0,False,False,-1.0,-1.0,0.0,0.0,0.0,0.0,-249.999999999999,-249.999999999999,101280.0,102970.0,250.0,0.016412547343886568,active,,,forecast_signal,False,NGX8@2018-10-29,2018
2018-09-26 00:00:00+00:00,2018-09-26 00:00:00+00:00,NGX8@2018-10-29,72a3e38d051ede98dad5,-1.0,False,False,-1.0,-1.0,0.0,2.0,2.0,30.0,769.999999999999,739.999999999999,102020.0,102970.0,0.0,0.0092259881518889,active,,,forecast_signal,True,NGX8@2018-10-29,2018
2018-09-27 00:00:00+00:00,2018-09-27 00:00:00+00:00,NGX8@2018-10-29,8bf8d1e092c61bc8411b,-1.0,False,False,-1.0,-1.0,0.0,0.0,0.0,0.0,-849.999999999999,-849.999999999999,101170.0,102970.0,850.0,0.017480819656210546,active,,,forecast_signal,False,NGX8@2018-10-29,2018
2018-09-28 00:00:00+00:00,2018-09-28 00:00:00+00:00,NGX8@2018-10-29,bcd59a563fb93fc96d91,-1.0,False,False,-1.0,-1.0,0.0,0.0,0.0,0.0,480.0,480.0,101650.0,102970.0,0.0,0.012819267747887735,active,,,forecast_signal,False,NGX8@2018-10-29,2018
2018-09-30 00:00:00+00:00,2018-09-30 00:00:00+00:00,NGX8@2018-10-29,dc3d5a97b7c7a4ee0aff,-1.0,False,False,-1.0,-1.0,0.0,0.0,0.0,0.0,-169.999999999999,-169.999999999999,101480.0,102970.0,170.0,0.014470234048752063,active,,,forecast_signal,False,NGX8@2018-10-29,2018
2018-10-01 00:00:00+00:00,2018-10-01 00:00:00+00:00,NGX8@2018-10-29,dc3d5a97b7c7a4ee0aff,-1.0,False,False,-1.0,-1.0,0.0,0.0,0.0,0.0,-870.000000000001,-870.000000000001,100610.0,102970.0,870.0,0.022919296882587162,active,,,forecast_signal,False,NGX8@2018-10-29,2018
2018-10-02 00:00:00+00:00,2018-10-02 00:00:00+00:00,NGX8@2018-10-29,7d436654f104db564c6c,0.0,True,False,-1.0,0.0,1.0,1.0,0.0,15.0,0.0,-15.0,100595.0,102970.0,15.0,0.02306497037972225,active,,specialist_veto,specialist_veto,False,NGX8@2018-10-29,2018
2018-10-03 00:00:00+00:00,2018-10-03 00:00:00+00:00,NGX8@2018-10-29,3701c1bae3ba8196752c,-1.0,False,False,0.0,-1.0,-1.0,1.0,0.0,15.0,-709.999999999997,-724.999999999997,99870.0,102970.0,725.0,0.03010585607458483,active,,,forecast_signal,False,NGX8@2018-10-29,2018
2018-10-04 00:00:00+00:00,2018-10-04 00:00:00+00:00,NGX8@2018-10-29,f510fb5712660f3d3ba6,-1.0,False,False,-1.0,-1.0,0.0,0.0,0.0,0.0,569.999999999999,569.999999999999,100440.0,102970.0,0.0,0.024570263183451492,active,,,forecast_signal,False,NGX8@2018-10-29,2018
2018-10-05 00:00:00+00:00,2018-10-05 00:00:00+00:00,NGX8@2018-10-29,22bfdca8724d9f36f6c2,-1.0,False,False,-1.0,-1.0,0.0,0.0,0.0,0.0,-0.0,-0.0,100440.0,102970.0,0.0,0.024570263183451492,active,,,forecast_signal,False,NGX8@2018-10-29,2018
2018-10-07 00:00:00+00:00,2018-10-07 00:00:00+00:00,NGX8@2018-10-29,ba7931e3b27d9ae51d30,-1.0,False,False,-1.0,-1.0,0.0,0.0,0.0,0.0,-40.0,-40.0,100400.0,102970.0,40.0,0.02495872584247839,active,,,forecast_signal,False,NGX8@2018-10-29,2018
2018-10-08 00:00:00+00:00,2018-10-08 00:00:00+00:00,NGX8@2018-10-29,ba7931e3b27d9ae51d30,-1.0,False,False,-1.0,-1.0,0.0,0.0,0.0,0.0,-1019.999999999998,-1019.999999999998,99380.0,102970.0,1020.0,0.03486452364766437,active,,,forecast_signal,False,NGX8@2018-10-29,2018
2018-10-09 00:00:00+00:00,2018-10-09 00:00:00+00:00,NGX8@2018-10-29,c7fc2d19f341fb790847,0.0,True,False,-1.0,0.0,1.0,1.0,0.0,15.0,0.0,-15.0,99365.0,102970.0,15.0,0.03501019714479946,active,,specialist_veto,specialist_veto,False,NGX8@2018-10-29,2018
2018-10-10 00:00:00+00:00,2018-10-10 00:00:00+00:00,NGX8@2018-10-29,96d21d146814d57fe7ab,-1.0,False,False,0.0,-1.0,-1.0,1.0,0.0,15.0,369.99999999999903,354.99999999999903,99720.0,102970.0,0.0,0.03156259104593571,active,,,forecast_signal,False,NGX8@2018-10-29,2018
2018-10-11 00:00:00+00:00,2018-10-11 00:00:00+00:00,NGX8@2018-10-29,490b315db43df68a2511,0.0,True,False,-1.0,0.0,1.0,1.0,0.0,15.0,-0.0,-15.0,99705.0,102970.0,15.0,0.0317082645430708,active,,specialist_veto,specialist_veto,False,NGX8@2018-10-29,2018
2018-10-12 00:00:00+00:00,2018-10-12 00:00:00+00:00,NGX8@2018-10-29,e9de4b9fca9a41160081,0.0,True,False,0.0,0.0,0.0,0.0,0.0,0.0,-0.0,-0.0,99705.0,102970.0,0.0,0.0317082645430708,active,,specialist_veto,specialist_veto,False,NGX8@2018-10-29,2018
2018-10-14 00:00:00+00:00,2018-10-14 00:00:00+00:00,NGX8@2018-10-29,8cdfd28034dbccad44e4,0.0,True,False,0.0,0.0,0.0,0.0,0.0,0.0,-0.0,-0.0,99705.0,102970.0,0.0,0.0317082645430708,active,,specialist_veto,specialist_veto,False,NGX8@2018-10-29,2018
2018-10-15 00:00:00+00:00,2018-10-15 00:00:00+00:00,NGX8@2018-10-29,8cdfd28034dbccad44e4,0.0,True,False,0.0,0.0,0.0,0.0,0.0,0.0,0.0,0.0,99705.0,102970.0,0.0,0.0317082645430708,active,,specialist_veto,specialist_veto,False,NGX8@2018-10-29,2018
2018-10-16 00:00:00+00:00,2018-10-16 00:00:00+00:00,NGX8@2018-10-29,65c1d63ab76a0870e964,0.0,True,False,0.0,0.0,0.0,0.0,0.0,0.0,-0.0,-0.0,99705.0,102970.0,0.0,0.0317082645430708,active,,specialist_veto,specialist_veto,False,NGX8@2018-10-29,2018
2018-10-17 00:00:00+00:00,2018-10-17 00:00:00+00:00,NGX8@2018-10-29,17e542350189b18adb88,0.0,True,False,0.0,0.0,0.0,0.0,0.0,0.0,0.0,0.0,99705.0,102970.0,0.0,0.0317082645430708,active,,specialist_veto,specialist_veto,False,NGX8@2018-10-29,2018
2018-10-18 00:00:00+00:00,2018-10-18 00:00:00+00:00,NGX8@2018-10-29,63089816c112b4ea0e18,0.0,True,False,0.0,0.0,0.0,0.0,0.0,0.0,-0.0,-0.0,99705.0,102970.0,0.0,0.0317082645430708,active,,specialist_veto,specialist_veto,False,NGX8@2018-10-29,2018
2018-10-19 00:00:00+00:00,2018-10-19 00:00:00+00:00,NGX8@2018-10-29,7e9faff7d145cab7f149,0.0,True,False,0.0,0.0,0.0,0.0,0.0,0.0,-0.0,-0.0,99705.0,102970.0,0.0,0.0317082645430708,active,,specialist_veto,specialist_veto,False,NGX8@2018-10-29,2018
2018-10-21 00:00:00+00:00,2018-10-21 00:00:00+00:00,NGX8@2018-10-29,9844fb207fbed27bbcc5,0.0,True,False,0.0,0.0,0.0,0.0,0.0,0.0,-0.0,-0.0,99705.0,102970.0,0.0,0.0317082645430708,active,,specialist_veto,specialist_veto,False,NGX8@2018-10-29,2018
2018-10-22 00:00:00+00:00,2018-10-22 00:00:00+00:00,NGX8@2018-10-29,9844fb207fbed27bbcc5,0.0,True,False,0.0,0.0,0.0,0.0,0.0,0.0,-0.0,-0.0,99705.0,102970.0,0.0,0.0317082645430708,active,,specialist_veto,specialist_veto,False,NGX8@2018-10-29,2018
2018-10-23 00:00:00+00:00,2018-10-23 00:00:00+00:00,NGX8@2018-10-29,cad81fbebb0ede035f31,0.0,True,False,0.0,0.0,0.0,0.0,0.0,0.0,0.0,0.0,99705.0,102970.0,0.0,0.0317082645430708,active,,specialist_veto,specialist_veto,False,NGX8@2018-10-29,2018
2018-10-24 00:00:00+00:00,2018-10-24 00:00:00+00:00,NGX8@2018-10-29,cad81fbebb0ede035f31,0.0,True,False,0.0,0.0,0.0,0.0,0.0,0.0,-0.0,-0.0,99705.0,102970.0,0.0,0.0317082645430708,active,,specialist_veto,specialist_veto,False,NGX8@2018-10-29,2018
2018-10-25 00:00:00+00:00,2018-10-25 00:00:00+00:00,NGX8@2018-10-29,cad81fbebb0ede035f31,0.0,True,False,0.0,0.0,0.0,0.0,0.0,0.0,-0.0,-0.0,99705.0,102970.0,0.0,0.0317082645430708,active,,specialist_veto,specialist_veto,False,NGX8@2018-10-29,2018
2018-10-26 00:00:00+00:00,2018-10-26 00:00:00+00:00,NGX8@2018-10-29,cad81fbebb0ede035f31,0.0,True,False,0.0,0.0,0.0,0.0,0.0,0.0,-0.0,-0.0,99705.0,102970.0,0.0,0.0317082645430708,active,,specialist_veto,specialist_veto,False,NGX8@2018-10-29,2018
2018-10-28 00:00:00+00:00,2018-10-28 00:00:00+00:00,NGX8@2018-10-29,cad81fbebb0ede035f31,0.0,True,False,0.0,0.0,0.0,0.0,0.0,0.0,0.0,0.0,99705.0,102970.0,0.0,0.0317082645430708,active,,specialist_veto,specialist_veto,False,NGX8@2018-10-29,2018
2018-10-29 00:00:00+00:00,2018-10-29 00:00:00+00:00,NGX8@2018-10-29,,0.0,True,False,0.0,0.0,0.0,0.0,0.0,0.0,0.0,0.0,99705.0,102970.0,0.0,0.0317082645430708,active,,forecast_horizon_expired,forecast_horizon_expired,False,,2018
2018-10-30 00:00:00+00:00,2018-10-30 00:00:00+00:00,NGZ8@2018-11-28,,0.0,True,False,0.0,0.0,0.0,0.0,0.0,0.0,0.0,0.0,99705.0,102970.0,0.0,0.0317082645430708,active,,forecast_horizon_expired,forecast_horizon_expired,False,NGZ8@2018-11-28,2018
2018-10-31 00:00:00+00:00,2018-10-31 00:00:00+00:00,NGZ8@2018-11-28,,0.0,True,False,0.0,0.0,0.0,0.0,0.0,0.0,0.0,0.0,99705.0,102970.0,0.0,0.0317082645430708,active,,forecast_horizon_expired,forecast_horizon_expired,False,NGZ8@2018-11-28,2018
2018-11-01 00:00:00+00:00,2018-11-01 00:00:00+00:00,NGZ8@2018-11-28,cf15683ba8b06922f9da,0.0,True,False,0.0,0.0,0.0,0.0,0.0,0.0,-0.0,-0.0,99705.0,102970.0,0.0,0.0317082645430708,active,,specialist_veto,specialist_veto,False,NGZ8@2018-11-28,2018
2018-11-02 00:00:00+00:00,2018-11-02 00:00:00+00:00,NGZ8@2018-11-28,26e5fa7862e6058c8b2f,-1.0,False,False,0.0,-1.0,-1.0,1.0,0.0,15.0,-2299.999999999999,-2314.999999999999,97390.0,102970.0,2315.0,0.0541905409342527,killed,daily_loss_limit,,forecast_signal,False,NGZ8@2018-11-28,2018
2018-11-04 00:00:00+00:00,2018-11-04 00:00:00+00:00,NGZ8@2018-11-28,7bf2d9a796af7b802a0b,0.0,True,True,-1.0,0.0,1.0,1.0,0.0,15.0,-0.0,-15.0,97375.0,102970.0,15.0,0.05433621443138778,killed,daily_loss_limit,risk_killed_until_explicit_operator_restart,specialist_veto,False,NGZ8@2018-11-28,2018
2018-11-05 00:00:00+00:00,2018-11-05 00:00:00+00:00,NGZ8@2018-11-28,7bf2d9a796af7b802a0b,0.0,True,True,0.0,0.0,0.0,0.0,0.0,0.0,0.0,0.0,97375.0,102970.0,0.0,0.05433621443138778,killed,daily_loss_limit,risk_killed_until_explicit_operator_restart,specialist_veto,False,NGZ8@2018-11-28,2018
2018-11-06 00:00:00+00:00,2018-11-06 00:00:00+00:00,NGZ8@2018-11-28,0effad7de169c146dcd4,0.0,True,True,0.0,0.0,0.0,0.0,0.0,0.0,-0.0,-0.0,97375.0,102970.0,0.0,0.05433621443138778,killed,daily_loss_limit,risk_killed_until_explicit_operator_restart,predicted_gross_pnl_not_above_round_trip_cost,False,NGZ8@2018-11-28,2018
2018-11-07 00:00:00+00:00,2018-11-07 00:00:00+00:00,NGZ8@2018-11-28,79d93dc41e6f244c36f5,-1.0,False,True,0.0,0.0,0.0,0.0,0.0,0.0,0.0,0.0,97375.0,102970.0,0.0,0.05433621443138778,killed,daily_loss_limit,risk_killed_until_explicit_operator_restart,forecast_signal,False,NGZ8@2018-11-28,2018
2018-11-08 00:00:00+00:00,2018-11-08 00:00:00+00:00,NGZ8@2018-11-28,307ea25415c315e5b834,-1.0,False,True,0.0,0.0,0.0,0.0,0.0,0.0,0.0,0.0,97375.0,102970.0,0.0,0.05433621443138778,killed,daily_loss_limit,risk_killed_until_explicit_operator_restart,forecast_signal,False,NGZ8@2018-11-28,2018
2018-11-09 00:00:00+00:00,2018-11-09 00:00:00+00:00,NGZ8@2018-11-28,0455c5dc3c087f4d7a88,0.0,True,True,0.0,0.0,0.0,0.0,0.0,0.0,0.0,0.0,97375.0,102970.0,0.0,0.05433621443138778,killed,daily_loss_limit,risk_killed_until_explicit_operator_restart,specialist_veto,False,NGZ8@2018-11-28,2018
2018-11-11 00:00:00+00:00,2018-11-11 00:00:00+00:00,NGZ8@2018-11-28,9d59a01943e1805670d5,0.0,True,True,0.0,0.0,0.0,0.0,0.0,0.0,0.0,0.0,97375.0,102970.0,0.0,0.05433621443138778,killed,daily_loss_limit,risk_killed_until_explicit_operator_restart,specialist_veto,False,NGZ8@2018-11-28,2018
2018-11-12 00:00:00+00:00,2018-11-12 00:00:00+00:00,NGZ8@2018-11-28,9d59a01943e1805670d5,0.0,True,True,0.0,0.0,0.0,0.0,0.0,0.0,0.0,0.0,97375.0,102970.0,0.0,0.05433621443138778,killed,daily_loss_limit,risk_killed_until_explicit_operator_restart,specialist_veto,False,NGZ8@2018-11-28,2018
2018-11-13 00:00:00+00:00,2018-11-13 00:00:00+00:00,NGZ8@2018-11-28,89b4a1f25232ad51a881,-1.0,False,True,0.0,0.0,0.0,0.0,0.0,0.0,0.0,0.0,97375.0,102970.0,0.0,0.05433621443138778,killed,daily_loss_limit,risk_killed_until_explicit_operator_restart,forecast_signal,False,NGZ8@2018-11-28,2018
2018-11-14 00:00:00+00:00,2018-11-14 00:00:00+00:00,NGZ8@2018-11-28,a497d32752361edc1ed9,-1.0,False,True,0.0,0.0,0.0,0.0,0.0,0.0,0.0,0.0,97375.0,102970.0,0.0,0.05433621443138778,killed,daily_loss_limit,risk_killed_until_explicit_operator_restart,forecast_signal,False,NGZ8@2018-11-28,2018
2018-11-15 00:00:00+00:00,2018-11-15 00:00:00+00:00,NGZ8@2018-11-28,7507c9b98b305a22e8ba,-1.0,False,True,0.0,0.0,0.0,0.0,0.0,0.0,-0.0,-0.0,97375.0,102970.0,0.0,0.05433621443138778,killed,daily_loss_limit,risk_killed_until_explicit_operator_restart,forecast_signal,False,NGZ8@2018-11-28,2018
2018-11-16 00:00:00+00:00,2018-11-16 00:00:00+00:00,NGZ8@2018-11-28,7ec949b0dafaa0c51f20,-1.0,False,True,0.0,0.0,0.0,0.0,0.0,0.0,0.0,0.0,97375.0,102970.0,0.0,0.05433621443138778,killed,daily_loss_limit,risk_killed_until_explicit_operator_restart,forecast_signal,False,NGZ8@2018-11-28,2018
2018-11-18 00:00:00+00:00,2018-11-18 00:00:00+00:00,NGZ8@2018-11-28,3ba71ce9fa9adc4b472f,-1.0,False,True,0.0,0.0,0.0,0.0,0.0,0.0,-0.0,-0.0,97375.0,102970.0,0.0,0.05433621443138778,killed,daily_loss_limit,risk_killed_until_explicit_operator_restart,forecast_signal,False,NGZ8@2018-11-28,2018
2018-11-19 00:00:00+00:00,2018-11-19 00:00:00+00:00,NGZ8@2018-11-28,3ba71ce9fa9adc4b472f,-1.0,False,True,0.0,0.0,0.0,0.0,0.0,0.0,-0.0,-0.0,97375.0,102970.0,0.0,0.05433621443138778,killed,daily_loss_limit,risk_killed_until_explicit_operator_restart,forecast_signal,False,NGZ8@2018-11-28,2018
2018-11-20 00:00:00+00:00,2018-11-20 00:00:00+00:00,NGZ8@2018-11-28,881984a91adb2fa471f0,-1.0,False,True,0.0,0.0,0.0,0.0,0.0,0.0,0.0,0.0,97375.0,102970.0,0.0,0.05433621443138778,killed,daily_loss_limit,risk_killed_until_explicit_operator_restart,forecast_signal,False,NGZ8@2018-11-28,2018
2018-11-21 00:00:00+00:00,2018-11-21 00:00:00+00:00,NGZ8@2018-11-28,4983d85a68c35c341a93,-1.0,False,True,0.0,0.0,0.0,0.0,0.0,0.0,-0.0,-0.0,97375.0,102970.0,0.0,0.05433621443138778,killed,daily_loss_limit,risk_killed_until_explicit_operator_restart,forecast_signal,False,NGZ8@2018-11-28,2018
2018-11-22 00:00:00+00:00,2018-11-22 00:00:00+00:00,NGZ8@2018-11-28,4f23d5230bf459f3f4f2,-1.0,False,True,0.0,0.0,0.0,0.0,0.0,0.0,-0.0,-0.0,97375.0,102970.0,0.0,0.05433621443138778,killed,daily_loss_limit,risk_killed_until_explicit_operator_restart,forecast_signal,False,NGZ8@2018-11-28,2018
2018-11-23 00:00:00+00:00,2018-11-23 00:00:00+00:00,NGZ8@2018-11-28,26dca13fce4173d27f23,-1.0,False,True,0.0,0.0,0.0,0.0,0.0,0.0,-0.0,-0.0,97375.0,102970.0,0.0,0.05433621443138778,killed,daily_loss_limit,risk_killed_until_explicit_operator_restart,forecast_signal,False,NGZ8@2018-11-28,2018
2018-11-25 00:00:00+00:00,2018-11-25 00:00:00+00:00,NGZ8@2018-11-28,26dca13fce4173d27f23,-1.0,False,True,0.0,0.0,0.0,0.0,0.0,0.0,-0.0,-0.0,97375.0,102970.0,0.0,0.05433621443138778,killed,daily_loss_limit,risk_killed_until_explicit_operator_restart,forecast_signal,False,NGZ8@2018-11-28,2018
2018-11-26 00:00:00+00:00,2018-11-26 00:00:00+00:00,NGZ8@2018-11-28,26dca13fce4173d27f23,-1.0,False,True,0.0,0.0,0.0,0.0,0.0,0.0,0.0,0.0,97375.0,102970.0,0.0,0.05433621443138778,killed,daily_loss_limit,risk_killed_until_explicit_operator_restart,forecast_signal,False,NGZ8@2018-11-28,2018
2018-11-27 00:00:00+00:00,2018-11-27 00:00:00+00:00,NGZ8@2018-11-28,09cb9cede098a527ff76,0.0,True,True,0.0,0.0,0.0,0.0,0.0,0.0,0.0,0.0,97375.0,102970.0,0.0,0.05433621443138778,killed,daily_loss_limit,risk_killed_until_explicit_operator_restart,specialist_veto,False,NGF9@2018-12-27,2018
2018-11-28 00:00:00+00:00,2018-11-28 00:00:00+00:00,NGF9@2018-12-27,fe1495b29cdebf710437,0.0,True,True,0.0,0.0,0.0,0.0,0.0,0.0,0.0,0.0,97375.0,102970.0,0.0,0.05433621443138778,killed,daily_loss_limit,risk_killed_until_explicit_operator_restart,specialist_veto,False,NGF9@2018-12-27,2018
2018-11-29 00:00:00+00:00,2018-11-29 00:00:00+00:00,NGF9@2018-12-27,e11458394f9a1deb9bb9,0.0,True,True,0.0,0.0,0.0,0.0,0.0,0.0,-0.0,-0.0,97375.0,102970.0,0.0,0.05433621443138778,killed,daily_loss_limit,risk_killed_until_explicit_operator_restart,specialist_veto,False,NGF9@2018-12-27,2018
2018-11-30 00:00:00+00:00,2018-11-30 00:00:00+00:00,NGF9@2018-12-27,001095079167717da63e,-1.0,False,True,0.0,0.0,0.0,0.0,0.0,0.0,-0.0,-0.0,97375.0,102970.0,0.0,0.05433621443138778,killed,daily_loss_limit,risk_killed_until_explicit_operator_restart,forecast_signal,False,NGF9@2018-12-27,2018
2018-12-02 00:00:00+00:00,2018-12-02 00:00:00+00:00,NGF9@2018-12-27,73e77b58e239c9249853,-1.0,False,True,0.0,0.0,0.0,0.0,0.0,0.0,-0.0,-0.0,97375.0,102970.0,0.0,0.05433621443138778,killed,daily_loss_limit,risk_killed_until_explicit_operator_restart,forecast_signal,False,NGF9@2018-12-27,2018
2018-12-03 00:00:00+00:00,2018-12-03 00:00:00+00:00,NGF9@2018-12-27,73e77b58e239c9249853,-1.0,False,True,0.0,0.0,0.0,0.0,0.0,0.0,-0.0,-0.0,97375.0,102970.0,0.0,0.05433621443138778,killed,daily_loss_limit,risk_killed_until_explicit_operator_restart,forecast_signal,False,NGF9@2018-12-27,2018
2018-12-04 00:00:00+00:00,2018-12-04 00:00:00+00:00,NGF9@2018-12-27,5282b46cd3b707f33b85,0.0,True,True,0.0,0.0,0.0,0.0,0.0,0.0,0.0,0.0,97375.0,102970.0,0.0,0.05433621443138778,killed,daily_loss_limit,risk_killed_until_explicit_operator_restart,specialist_veto,False,NGF9@2018-12-27,2018
2018-12-05 00:00:00+00:00,2018-12-05 00:00:00+00:00,NGF9@2018-12-27,753aa4bdcb08806e1894,0.0,True,True,0.0,0.0,0.0,0.0,0.0,0.0,-0.0,-0.0,97375.0,102970.0,0.0,0.05433621443138778,killed,daily_loss_limit,risk_killed_until_explicit_operator_restart,specialist_veto,False,NGF9@2018-12-27,2018
2018-12-06 00:00:00+00:00,2018-12-06 00:00:00+00:00,NGF9@2018-12-27,f39ba52b9966156bd3b3,-1.0,False,True,0.0,0.0,0.0,0.0,0.0,0.0,-0.0,-0.0,97375.0,102970.0,0.0,0.05433621443138778,killed,daily_loss_limit,risk_killed_until_explicit_operator_restart,forecast_signal,False,NGF9@2018-12-27,2018
2018-12-07 00:00:00+00:00,2018-12-07 00:00:00+00:00,NGF9@2018-12-27,e4a2fddf4df53de357a0,0.0,True,True,0.0,0.0,0.0,0.0,0.0,0.0,0.0,0.0,97375.0,102970.0,0.0,0.05433621443138778,killed,daily_loss_limit,risk_killed_until_explicit_operator_restart,specialist_veto,False,NGF9@2018-12-27,2018
2018-12-09 00:00:00+00:00,2018-12-09 00:00:00+00:00,NGF9@2018-12-27,2169aa0faa1f2a7c57a7,0.0,True,True,0.0,0.0,0.0,0.0,0.0,0.0,0.0,0.0,97375.0,102970.0,0.0,0.05433621443138778,killed,daily_loss_limit,risk_killed_until_explicit_operator_restart,specialist_veto,False,NGF9@2018-12-27,2018
2018-12-10 00:00:00+00:00,2018-12-10 00:00:00+00:00,NGF9@2018-12-27,2169aa0faa1f2a7c57a7,0.0,True,True,0.0,0.0,0.0,0.0,0.0,0.0,-0.0,-0.0,97375.0,102970.0,0.0,0.05433621443138778,killed,daily_loss_limit,risk_killed_until_explicit_operator_restart,specialist_veto,False,NGF9@2018-12-27,2018
2018-12-11 00:00:00+00:00,2018-12-11 00:00:00+00:00,NGF9@2018-12-27,2c6ab503dca1874f3414,-1.0,False,True,0.0,0.0,0.0,0.0,0.0,0.0,-0.0,-0.0,97375.0,102970.0,0.0,0.05433621443138778,killed,daily_loss_limit,risk_killed_until_explicit_operator_restart,forecast_signal,False,NGF9@2018-12-27,2018
2018-12-12 00:00:00+00:00,2018-12-12 00:00:00+00:00,NGF9@2018-12-27,a027712e736fe7c0e3e3,-1.0,False,True,0.0,0.0,0.0,0.0,0.0,0.0,-0.0,-0.0,97375.0,102970.0,0.0,0.05433621443138778,killed,daily_loss_limit,risk_killed_until_explicit_operator_restart,forecast_signal,False,NGF9@2018-12-27,2018
2018-12-13 00:00:00+00:00,2018-12-13 00:00:00+00:00,NGF9@2018-12-27,0085e370e6f423fb4e75,-1.0,False,True,0.0,0.0,0.0,0.0,0.0,0.0,-0.0,-0.0,97375.0,102970.0,0.0,0.05433621443138778,killed,daily_loss_limit,risk_killed_until_explicit_operator_restart,forecast_signal,False,NGF9@2018-12-27,2018
2018-12-14 00:00:00+00:00,2018-12-14 00:00:00+00:00,NGF9@2018-12-27,423060ad79f33d77011e,0.0,True,True,0.0,0.0,0.0,0.0,0.0,0.0,-0.0,-0.0,97375.0,102970.0,0.0,0.05433621443138778,killed,daily_loss_limit,risk_killed_until_explicit_operator_restart,specialist_veto,False,NGF9@2018-12-27,2018
2018-12-16 00:00:00+00:00,2018-12-16 00:00:00+00:00,NGF9@2018-12-27,a23cec987945802b76be,0.0,True,True,0.0,0.0,0.0,0.0,0.0,0.0,0.0,0.0,97375.0,102970.0,0.0,0.05433621443138778,killed,daily_loss_limit,risk_killed_until_explicit_operator_restart,specialist_veto,False,NGF9@2018-12-27,2018
2018-12-17 00:00:00+00:00,2018-12-17 00:00:00+00:00,NGF9@2018-12-27,a23cec987945802b76be,0.0,True,True,0.0,0.0,0.0,0.0,0.0,0.0,-0.0,-0.0,97375.0,102970.0,0.0,0.05433621443138778,killed,daily_loss_limit,risk_killed_until_explicit_operator_restart,specialist_veto,False,NGF9@2018-12-27,2018
2018-12-18 00:00:00+00:00,2018-12-18 00:00:00+00:00,NGF9@2018-12-27,c72cdd9c21bc53adf30e,0.0,True,True,0.0,0.0,0.0,0.0,0.0,0.0,0.0,0.0,97375.0,102970.0,0.0,0.05433621443138778,killed,daily_loss_limit,risk_killed_until_explicit_operator_restart,predicted_gross_pnl_not_above_round_trip_cost,False,NGF9@2018-12-27,2018
2018-12-19 00:00:00+00:00,2018-12-19 00:00:00+00:00,NGF9@2018-12-27,9210a76f71ab5f515ad1,0.0,True,True,0.0,0.0,0.0,0.0,0.0,0.0,-0.0,-0.0,97375.0,102970.0,0.0,0.05433621443138778,killed,daily_loss_limit,risk_killed_until_explicit_operator_restart,specialist_veto,False,NGF9@2018-12-27,2018
2018-12-20 00:00:00+00:00,2018-12-20 00:00:00+00:00,NGF9@2018-12-27,99e3a126c2c129d401de,-1.0,False,True,0.0,0.0,0.0,0.0,0.0,0.0,-0.0,-0.0,97375.0,102970.0,0.0,0.05433621443138778,killed,daily_loss_limit,risk_killed_until_explicit_operator_restart,forecast_signal,False,NGF9@2018-12-27,2018
2018-12-21 00:00:00+00:00,2018-12-21 00:00:00+00:00,NGF9@2018-12-27,d61b854d791433d858e7,-1.0,False,True,0.0,0.0,0.0,0.0,0.0,0.0,0.0,0.0,97375.0,102970.0,0.0,0.05433621443138778,killed,daily_loss_limit,risk_killed_until_explicit_operator_restart,forecast_signal,False,NGF9@2018-12-27,2018
2018-12-23 00:00:00+00:00,2018-12-23 00:00:00+00:00,NGF9@2018-12-27,09599ea4e60b0c5a2d55,0.0,True,True,0.0,0.0,0.0,0.0,0.0,0.0,0.0,0.0,97375.0,102970.0,0.0,0.05433621443138778,killed,daily_loss_limit,risk_killed_until_explicit_operator_restart,specialist_veto,False,NGF9@2018-12-27,2018
2018-12-24 00:00:00+00:00,2018-12-24 00:00:00+00:00,NGF9@2018-12-27,09599ea4e60b0c5a2d55,0.0,True,True,0.0,0.0,0.0,0.0,0.0,0.0,-0.0,-0.0,97375.0,102970.0,0.0,0.05433621443138778,killed,daily_loss_limit,risk_killed_until_explicit_operator_restart,specialist_veto,False,NGF9@2018-12-27,2018
2018-12-25 00:00:00+00:00,2018-12-25 00:00:00+00:00,NGF9@2018-12-27,d7ab13299738c02e9e2a,-1.0,False,True,0.0,0.0,0.0,0.0,0.0,0.0,0.0,0.0,97375.0,102970.0,0.0,0.05433621443138778,killed,daily_loss_limit,risk_killed_until_explicit_operator_restart,forecast_signal,False,NGG9@2019-01-29,2018
2018-12-26 00:00:00+00:00,2018-12-26 00:00:00+00:00,NGG9@2019-01-29,d7ab13299738c02e9e2a,-1.0,False,True,0.0,0.0,0.0,0.0,0.0,0.0,-0.0,-0.0,97375.0,102970.0,0.0,0.05433621443138778,killed,daily_loss_limit,risk_killed_until_explicit_operator_restart,forecast_signal,False,NGG9@2019-01-29,2018
2018-12-27 00:00:00+00:00,2018-12-27 00:00:00+00:00,NGG9@2019-01-29,d7ab13299738c02e9e2a,-1.0,False,True,0.0,0.0,0.0,0.0,0.0,0.0,0.0,0.0,97375.0,102970.0,0.0,0.05433621443138778,killed,daily_loss_limit,risk_killed_until_explicit_operator_restart,forecast_signal,False,NGG9@2019-01-29,2018
2018-12-28 00:00:00+00:00,2018-12-28 00:00:00+00:00,NGG9@2019-01-29,d7ab13299738c02e9e2a,-1.0,False,True,0.0,0.0,0.0,0.0,0.0,0.0,-0.0,-0.0,97375.0,102970.0,0.0,0.05433621443138778,killed,daily_loss_limit,risk_killed_until_explicit_operator_restart,forecast_signal,False,NGG9@2019-01-29,2018
2018-12-30 00:00:00+00:00,2018-12-30 00:00:00+00:00,NGG9@2019-01-29,d7ab13299738c02e9e2a,-1.0,False,True,0.0,0.0,0.0,0.0,0.0,0.0,-0.0,-0.0,97375.0,102970.0,0.0,0.05433621443138778,killed,daily_loss_limit,risk_killed_until_explicit_operator_restart,forecast_signal,False,NGG9@2019-01-29,2018
2018-12-31 00:00:00+00:00,2018-12-31 00:00:00+00:00,NGG9@2019-01-29,,0.0,True,True,0.0,0.0,0.0,0.0,0.0,0.0,-0.0,-0.0,97375.0,102970.0,0.0,0.05433621443138778,killed,daily_loss_limit,end_of_sample_liquidation,forecast_horizon_expired,False,NGG9@2019-01-29,2018
2019-01-01 00:00:00+00:00,2019-01-01 00:00:00+00:00,NGG9@2019-01-29,616ec76926b474aea1e7,0.5,False,False,0.0,0.5,0.5,0.5,0.0,7.5,325.0000000000015,317.5000000000015,100317.5,100317.5,0.0,0.0,active,,,specialist_sizing_modifier,False,NGG9@2019-01-29,2019
2019-01-02 00:00:00+00:00,2019-01-02 00:00:00+00:00,NGG9@2019-01-29,6d163e3bf7e63598aad8,1.0,False,False,0.5,1.0,0.5,0.5,0.0,7.5,-250.00000000000298,-257.50000000000296,100060.0,100317.5,257.5,0.002566850250454806,active,,,forecast_signal,False,NGG9@2019-01-29,2019
2019-01-03 00:00:00+00:00,2019-01-03 00:00:00+00:00,NGG9@2019-01-29,6d163e3bf7e63598aad8,1.0,False,False,1.0,1.0,0.0,0.0,0.0,0.0,-419.999999999998,-419.999999999998,99640.0,100317.5,420.0,0.006753557455080121,active,,,forecast_signal,False,NGG9@2019-01-29,2019
2019-01-04 00:00:00+00:00,2019-01-04 00:00:00+00:00,NGG9@2019-01-29,2da12f0e31344e197a52,1.0,False,False,1.0,1.0,0.0,0.0,0.0,0.0,430.000000000001,430.000000000001,100070.0,100317.5,0.0,0.0024671667455827746,active,,,forecast_signal,False,NGG9@2019-01-29,2019
2019-01-06 00:00:00+00:00,2019-01-06 00:00:00+00:00,NGG9@2019-01-29,2ecf5e6f09a0484eb6f8,1.0,False,False,1.0,1.0,0.0,0.0,0.0,0.0,-230.000000000001,-230.000000000001,99840.0,100317.5,230.0,0.004759887357639494,active,,,forecast_signal,False,NGG9@2019-01-29,2019
2019-01-07 00:00:00+00:00,2019-01-07 00:00:00+00:00,NGG9@2019-01-29,2ecf5e6f09a0484eb6f8,1.0,False,False,1.0,1.0,0.0,0.0,0.0,0.0,169.999999999999,169.999999999999,100010.0,100317.5,0.0,0.0030652677748149626,active,,,forecast_signal,False,NGG9@2019-01-29,2019
2019-01-08 00:00:00+00:00,2019-01-08 00:00:00+00:00,NGG9@2019-01-29,fe931a2329f22c6d02bb,1.0,False,False,1.0,1.0,0.0,0.0,0.0,0.0,400.0,400.0,100410.0,100410.0,0.0,0.0,active,,,forecast_signal,False,NGG9@2019-01-29,2019
2019-01-09 00:00:00+00:00,2019-01-09 00:00:00+00:00,NGG9@2019-01-29,3b3caf777d6bf90c0c60,1.0,False,False,1.0,1.0,0.0,0.0,0.0,0.0,-30.000000000001,-30.000000000001,100380.0,100410.0,30.0,0.00029877502240812666,active,,,forecast_signal,False,NGG9@2019-01-29,2019
2019-01-10 00:00:00+00:00,2019-01-10 00:00:00+00:00,NGG9@2019-01-29,fd5f3a784bf5ffddad0f,1.0,False,False,1.0,1.0,0.0,0.0,0.0,0.0,140.000000000002,140.000000000002,100520.0,100520.0,0.0,0.0,active,,,forecast_signal,False,NGG9@2019-01-29,2019
2019-01-11 00:00:00+00:00,2019-01-11 00:00:00+00:00,NGG9@2019-01-29,02f04f7a4ba8e67afc46,1.0,False,False,1.0,1.0,0.0,0.0,0.0,0.0,3180.0,3180.0,103700.0,103700.0,0.0,0.0,active,,,forecast_signal,False,NGG9@2019-01-29,2019
2019-01-13 00:00:00+00:00,2019-01-13 00:00:00+00:00,NGG9@2019-01-29,3b0d10ee002c829c2736,1.0,False,False,1.0,1.0,0.0,0.0,0.0,0.0,169.999999999999,169.999999999999,103870.0,103870.0,0.0,0.0,active,,,forecast_signal,False,NGG9@2019-01-29,2019
2019-01-14 00:00:00+00:00,2019-01-14 00:00:00+00:00,NGG9@2019-01-29,3b0d10ee002c829c2736,1.0,False,False,1.0,1.0,0.0,0.0,0.0,0.0,2879.999999999998,2879.999999999998,106750.0,106750.0,0.0,0.0,active,,,forecast_signal,False,NGG9@2019-01-29,2019
2019-01-15 00:00:00+00:00,2019-01-15 00:00:00+00:00,NGG9@2019-01-29,50337eafbb78182324ce,1.0,False,False,1.0,1.0,0.0,0.0,0.0,0.0,-1650.0,-1650.0,105100.0,106750.0,1650.0,0.015456674473067917,active,,,forecast_signal,False,NGG9@2019-01-29,2019
2019-01-16 00:00:00+00:00,2019-01-16 00:00:00+00:00,NGG9@2019-01-29,91efb1c4d74d4ecfa1ae,-1.0,False,False,1.0,-1.0,-2.0,2.0,0.0,30.0,409.999999999999,379.999999999999,105480.0,106750.0,0.0,0.011896955503512881,active,,,forecast_signal,False,NGG9@2019-01-29,2019
2019-01-17 00:00:00+00:00,2019-01-17 00:00:00+00:00,NGG9@2019-01-29,a7aa788a70791aef65b4,0.0,True,False,-1.0,0.0,1.0,1.0,0.0,15.0,-0.0,-15.0,105465.0,106750.0,15.0,0.012037470725995316,active,,specialist_veto,specialist_veto,False,NGG9@2019-01-29,2019
2019-01-18 00:00:00+00:00,2019-01-18 00:00:00+00:00,NGG9@2019-01-29,d681a765a4e270a14f0f,1.0,False,False,0.0,1.0,1.0,1.0,0.0,15.0,-960.0,-975.0,104490.0,106750.0,975.0,0.02117096018735363,active,,,forecast_signal,False,NGG9@2019-01-29,2019
2019-01-20 00:00:00+00:00,2019-01-20 00:00:00+00:00,NGG9@2019-01-29,7cdde49fb6c4e4c96599,0.0,True,False,1.0,0.0,-1.0,1.0,0.0,15.0,-0.0,-15.0,104475.0,106750.0,15.0,0.021311475409836064,active,,specialist_veto,specialist_veto,False,NGG9@2019-01-29,2019
2019-01-21 00:00:00+00:00,2019-01-21 00:00:00+00:00,NGG9@2019-01-29,7cdde49fb6c4e4c96599,0.0,True,False,0.0,0.0,0.0,0.0,0.0,0.0,0.0,0.0,104475.0,106750.0,0.0,0.021311475409836064,active,,specialist_veto,specialist_veto,False,NGG9@2019-01-29,2019
2019-01-22 00:00:00+00:00,2019-01-22 00:00:00+00:00,NGG9@2019-01-29,7cdde49fb6c4e4c96599,0.0,True,False,0.0,0.0,0.0,0.0,0.0,0.0,-0.0,-0.0,104475.0,106750.0,0.0,0.021311475409836064,active,,specialist_veto,specialist_veto,False,NGG9@2019-01-29,2019
2019-01-23 00:00:00+00:00,2019-01-23 00:00:00+00:00,NGG9@2019-01-29,015dfff8f3a2a2c2d05f,0.5,False,False,0.0,0.5,0.5,0.5,0.0,7.5,-140.0,-147.5,104327.5,106750.0,147.5,0.02269320843091335,active,,,specialist_sizing_modifier,False,NGG9@2019-01-29,2019
2019-01-24 00:00:00+00:00,2019-01-24 00:00:00+00:00,NGG9@2019-01-29,2cc522e823d5c074f958,0.0,True,False,0.5,0.0,-0.5,0.5,0.0,7.5,0.0,-7.5,104320.0,106750.0,7.5,0.022763466042154568,active,,specialist_veto,specialist_veto,False,NGG9@2019-01-29,2019
2019-01-25 00:00:00+00:00,2019-01-25 00:00:00+00:00,NGG9@2019-01-29,55c9e3b0dbf171efa00c,1.0,False,False,0.0,1.0,1.0,1.0,0.0,15.0,-2339.999999999999,-2354.999999999999,101965.0,106750.0,2355.0,0.044824355971896955,killed,daily_loss_limit,,forecast_signal,False,NGG9@2019-01-29,2019
2019-01-27 00:00:00+00:00,2019-01-27 00:00:00+00:00,NGG9@2019-01-29,9fd7f3c558dd9aa1b3ce,-1.0,False,True,1.0,0.0,-1.0,1.0,0.0,15.0,-0.0,-15.0,101950.0,106750.0,15.0,0.04496487119437939,killed,daily_loss_limit,risk_killed_until_explicit_operator_restart,forecast_signal,False,NGG9@2019-01-29,2019
2019-01-28 00:00:00+00:00,2019-01-28 00:00:00+00:00,NGG9@2019-01-29,9fd7f3c558dd9aa1b3ce,-1.0,False,True,0.0,0.0,0.0,0.0,0.0,0.0,0.0,0.0,101950.0,106750.0,0.0,0.04496487119437939,killed,daily_loss_limit,risk_killed_until_explicit_operator_restart,forecast_signal,False,NGH9@2019-02-26,2019
2019-01-29 00:00:00+00:00,2019-01-29 00:00:00+00:00,NGH9@2019-02-26,0a5b19f48e2f22e13f13,-1.0,False,True,0.0,0.0,0.0,0.0,0.0,0.0,0.0,0.0,101950.0,106750.0,0.0,0.04496487119437939,killed,daily_loss_limit,risk_killed_until_explicit_operator_restart,forecast_signal,False,NGH9@2019-02-26,2019
2019-01-30 00:00:00+00:00,2019-01-30 00:00:00+00:00,NGH9@2019-02-26,97c1e116982cac17bedb,0.0,True,True,0.0,0.0,0.0,0.0,0.0,0.0,-0.0,-0.0,101950.0,106750.0,0.0,0.04496487119437939,killed,daily_loss_limit,risk_killed_until_explicit_operator_restart,specialist_veto,False,NGH9@2019-02-26,2019
2019-01-31 00:00:00+00:00,2019-01-31 00:00:00+00:00,NGH9@2019-02-26,ddfd37b656f657d5860e,0.0,True,True,0.0,0.0,0.0,0.0,0.0,0.0,-0.0,-0.0,101950.0,106750.0,0.0,0.04496487119437939,killed,daily_loss_limit,risk_killed_until_explicit_operator_restart,specialist_veto,False,NGH9@2019-02-26,2019
2019-02-01 00:00:00+00:00,2019-02-01 00:00:00+00:00,NGH9@2019-02-26,f8f12f43ce80412b2a31,0.0,True,True,0.0,0.0,0.0,0.0,0.0,0.0,-0.0,-0.0,101950.0,106750.0,0.0,0.04496487119437939,killed,daily_loss_limit,risk_killed_until_explicit_operator_restart,specialist_veto,False,NGH9@2019-02-26,2019
2019-02-03 00:00:00+00:00,2019-02-03 00:00:00+00:00,NGH9@2019-02-26,a8d9b0bf04f60f9c1a6b,0.0,True,True,0.0,0.0,0.0,0.0,0.0,0.0,0.0,0.0,101950.0,106750.0,0.0,0.04496487119437939,killed,daily_loss_limit,risk_killed_until_explicit_operator_restart,specialist_veto,False,NGH9@2019-02-26,2019
2019-02-04 00:00:00+00:00,2019-02-04 00:00:00+00:00,NGH9@2019-02-26,a8d9b0bf04f60f9c1a6b,0.0,True,True,0.0,0.0,0.0,0.0,0.0,0.0,-0.0,-0.0,101950.0,106750.0,0.0,0.04496487119437939,killed,daily_loss_limit,risk_killed_until_explicit_operator_restart,specialist_veto,False,NGH9@2019-02-26,2019
2019-02-05 00:00:00+00:00,2019-02-05 00:00:00+00:00,NGH9@2019-02-26,4bbd4a58d9ab978b7f7b,0.0,True,True,0.0,0.0,0.0,0.0,0.0,0.0,0.0,0.0,101950.0,106750.0,0.0,0.04496487119437939,killed,daily_loss_limit,risk_killed_until_explicit_operator_restart,specialist_veto,False,NGH9@2019-02-26,2019
2019-02-06 00:00:00+00:00,2019-02-06 00:00:00+00:00,NGH9@2019-02-26,085c7bcde7b87ea29504,0.0,True,True,0.0,0.0,0.0,0.0,0.0,0.0,-0.0,-0.0,101950.0,106750.0,0.0,0.04496487119437939,killed,daily_loss_limit,risk_killed_until_explicit_operator_restart,specialist_veto,False,NGH9@2019-02-26,2019
2019-02-07 00:00:00+00:00,2019-02-07 00:00:00+00:00,NGH9@2019-02-26,bf9bbcac12a8c083abe0,0.0,True,True,0.0,0.0,0.0,0.0,0.0,0.0,-0.0,-0.0,101950.0,106750.0,0.0,0.04496487119437939,killed,daily_loss_limit,risk_killed_until_explicit_operator_restart,specialist_veto,False,NGH9@2019-02-26,2019
2019-02-08 00:00:00+00:00,2019-02-08 00:00:00+00:00,NGH9@2019-02-26,44c3e6f15d76a1655317,0.0,True,True,0.0,0.0,0.0,0.0,0.0,0.0,0.0,0.0,101950.0,106750.0,0.0,0.04496487119437939,killed,daily_loss_limit,risk_killed_until_explicit_operator_restart,specialist_veto,False,NGH9@2019-02-26,2019
2019-02-10 00:00:00+00:00,2019-02-10 00:00:00+00:00,NGH9@2019-02-26,095a9bb02280e79ed2f4,0.0,True,True,0.0,0.0,0.0,0.0,0.0,0.0,0.0,0.0,101950.0,106750.0,0.0,0.04496487119437939,killed,daily_loss_limit,risk_killed_until_explicit_operator_restart,specialist_veto,False,NGH9@2019-02-26,2019
2019-02-11 00:00:00+00:00,2019-02-11 00:00:00+00:00,NGH9@2019-02-26,095a9bb02280e79ed2f4,0.0,True,True,0.0,0.0,0.0,0.0,0.0,0.0,-0.0,-0.0,101950.0,106750.0,0.0,0.04496487119437939,killed,daily_loss_limit,risk_killed_until_explicit_operator_restart,specialist_veto,False,NGH9@2019-02-26,2019
2019-02-12 00:00:00+00:00,2019-02-12 00:00:00+00:00,NGH9@2019-02-26,5f8afbc848142939af6d,0.0,True,True,0.0,0.0,0.0,0.0,0.0,0.0,-0.0,-0.0,101950.0,106750.0,0.0,0.04496487119437939,killed,daily_loss_limit,risk_killed_until_explicit_operator_restart,specialist_veto,False,NGH9@2019-02-26,2019
2019-02-13 00:00:00+00:00,2019-02-13 00:00:00+00:00,NGH9@2019-02-26,9dcacfd361350b31fd43,0.0,True,True,0.0,0.0,0.0,0.0,0.0,0.0,-0.0,-0.0,101950.0,106750.0,0.0,0.04496487119437939,killed,daily_loss_limit,risk_killed_until_explicit_operator_restart,specialist_veto,False,NGH9@2019-02-26,2019
2019-02-14 00:00:00+00:00,2019-02-14 00:00:00+00:00,NGH9@2019-02-26,79a008fa8a7f818d527b,-0.5,False,True,0.0,0.0,0.0,0.0,0.0,0.0,-0.0,-0.0,101950.0,106750.0,0.0,0.04496487119437939,killed,daily_loss_limit,risk_killed_until_explicit_operator_restart,specialist_sizing_modifier,False,NGH9@2019-02-26,2019
2019-02-15 00:00:00+00:00,2019-02-15 00:00:00+00:00,NGH9@2019-02-26,74acc0bf2951f73854b1,1.0,False,True,0.0,0.0,0.0,0.0,0.0,0.0,0.0,0.0,101950.0,106750.0,0.0,0.04496487119437939,killed,daily_loss_limit,risk_killed_until_explicit_operator_restart,forecast_signal,False,NGH9@2019-02-26,2019
2019-02-17 00:00:00+00:00,2019-02-17 00:00:00+00:00,NGH9@2019-02-26,73445b770cb51d366f0e,0.0,True,True,0.0,0.0,0.0,0.0,0.0,0.0,-0.0,-0.0,101950.0,106750.0,0.0,0.04496487119437939,killed,daily_loss_limit,risk_killed_until_explicit_operator_restart,specialist_veto,False,NGH9@2019-02-26,2019
2019-02-18 00:00:00+00:00,2019-02-18 00:00:00+00:00,NGH9@2019-02-26,73445b770cb51d366f0e,0.0,True,True,0.0,0.0,0.0,0.0,0.0,0.0,0.0,0.0,101950.0,106750.0,0.0,0.04496487119437939,killed,daily_loss_limit,risk_killed_until_explicit_operator_restart,specialist_veto,False,NGH9@2019-02-26,2019
2019-02-19 00:00:00+00:00,2019-02-19 00:00:00+00:00,NGH9@2019-02-26,73445b770cb51d366f0e,0.0,True,True,0.0,0.0,0.0,0.0,0.0,0.0,0.0,0.0,101950.0,106750.0,0.0,0.04496487119437939,killed,daily_loss_limit,risk_killed_until_explicit_operator_restart,specialist_veto,False,NGH9@2019-02-26,2019
2019-02-20 00:00:00+00:00,2019-02-20 00:00:00+00:00,NGH9@2019-02-26,13b8f0184239597d538e,0.0,True,True,0.0,0.0,0.0,0.0,0.0,0.0,-0.0,-0.0,101950.0,106750.0,0.0,0.04496487119437939,killed,daily_loss_limit,risk_killed_until_explicit_operator_restart,specialist_veto,False,NGH9@2019-02-26,2019
2019-02-21 00:00:00+00:00,2019-02-21 00:00:00+00:00,NGH9@2019-02-26,13b8f0184239597d538e,0.0,True,True,0.0,0.0,0.0,0.0,0.0,0.0,0.0,0.0,101950.0,106750.0,0.0,0.04496487119437939,killed,daily_loss_limit,risk_killed_until_explicit_operator_restart,specialist_veto,False,NGH9@2019-02-26,2019
2019-02-22 00:00:00+00:00,2019-02-22 00:00:00+00:00,NGH9@2019-02-26,13b8f0184239597d538e,0.0,True,True,0.0,0.0,0.0,0.0,0.0,0.0,0.0,0.0,101950.0,106750.0,0.0,0.04496487119437939,killed,daily_loss_limit,risk_killed_until_explicit_operator_restart,specialist_veto,False,NGH9@2019-02-26,2019
2019-02-24 00:00:00+00:00,2019-02-24 00:00:00+00:00,NGH9@2019-02-26,13b8f0184239597d538e,0.0,True,True,0.0,0.0,0.0,0.0,0.0,0.0,0.0,0.0,101950.0,106750.0,0.0,0.04496487119437939,killed,daily_loss_limit,risk_killed_until_explicit_operator_restart,specialist_veto,False,NGH9@2019-02-26,2019
2019-02-25 00:00:00+00:00,2019-02-25 00:00:00+00:00,NGH9@2019-02-26,13b8f0184239597d538e,0.0,True,True,0.0,0.0,0.0,0.0,0.0,0.0,0.0,0.0,101950.0,106750.0,0.0,0.04496487119437939,killed,daily_loss_limit,risk_killed_until_explicit_operator_restart,specialist_veto,False,NGH9@2019-02-26,2019
2019-02-26 00:00:00+00:00,2019-02-26 00:00:00+00:00,NGH9@2019-02-26,,0.0,True,True,0.0,0.0,0.0,0.0,0.0,0.0,0.0,0.0,101950.0,106750.0,0.0,0.04496487119437939,killed,daily_loss_limit,risk_killed_until_explicit_operator_restart,forecast_horizon_expired,False,,2019
2019-02-27 00:00:00+00:00,2019-02-27 00:00:00+00:00,NGJ9@2019-03-27,,0.0,True,True,0.0,0.0,0.0,0.0,0.0,0.0,0.0,0.0,101950.0,106750.0,0.0,0.04496487119437939,killed,daily_loss_limit,risk_killed_until_explicit_operator_restart,forecast_horizon_expired,False,NGJ9@2019-03-27,2019
2019-02-28 00:00:00+00:00,2019-02-28 00:00:00+00:00,NGJ9@2019-03-27,,0.0,True,True,0.0,0.0,0.0,0.0,0.0,0.0,-0.0,-0.0,101950.0,106750.0,0.0,0.04496487119437939,killed,daily_loss_limit,risk_killed_until_explicit_operator_restart,forecast_horizon_expired,False,NGJ9@2019-03-27,2019
2019-03-01 00:00:00+00:00,2019-03-01 00:00:00+00:00,NGJ9@2019-03-27,57c410110d66ccd1a7b5,0.0,True,True,0.0,0.0,0.0,0.0,0.0,0.0,0.0,0.0,101950.0,106750.0,0.0,0.04496487119437939,killed,daily_loss_limit,risk_killed_until_explicit_operator_restart,specialist_veto,False,NGJ9@2019-03-27,2019
2019-03-03 00:00:00+00:00,2019-03-03 00:00:00+00:00,NGJ9@2019-03-27,795853caf1127fcd5b26,0.0,True,True,0.0,0.0,0.0,0.0,0.0,0.0,0.0,0.0,101950.0,106750.0,0.0,0.04496487119437939,killed,daily_loss_limit,risk_killed_until_explicit_operator_restart,specialist_veto,False,NGJ9@2019-03-27,2019
2019-03-04 00:00:00+00:00,2019-03-04 00:00:00+00:00,NGJ9@2019-03-27,795853caf1127fcd5b26,0.0,True,True,0.0,0.0,0.0,0.0,0.0,0.0,0.0,0.0,101950.0,106750.0,0.0,0.04496487119437939,killed,daily_loss_limit,risk_killed_until_explicit_operator_restart,specialist_veto,False,NGJ9@2019-03-27,2019
2019-03-05 00:00:00+00:00,2019-03-05 00:00:00+00:00,NGJ9@2019-03-27,670d1981bac29ffe5de2,-1.0,False,True,0.0,0.0,0.0,0.0,0.0,0.0,0.0,0.0,101950.0,106750.0,0.0,0.04496487119437939,killed,daily_loss_limit,risk_killed_until_explicit_operator_restart,forecast_signal,False,NGJ9@2019-03-27,2019
2019-03-06 00:00:00+00:00,2019-03-06 00:00:00+00:00,NGJ9@2019-03-27,eb70081b848439011c06,-1.0,False,True,0.0,0.0,0.0,0.0,0.0,0.0,-0.0,-0.0,101950.0,106750.0,0.0,0.04496487119437939,killed,daily_loss_limit,risk_killed_until_explicit_operator_restart,forecast_signal,False,NGJ9@2019-03-27,2019
2019-03-07 00:00:00+00:00,2019-03-07 00:00:00+00:00,NGJ9@2019-03-27,53919504292147a6ea3c,1.0,False,True,0.0,0.0,0.0,0.0,0.0,0.0,0.0,0.0,101950.0,106750.0,0.0,0.04496487119437939,killed,daily_loss_limit,risk_killed_until_explicit_operator_restart,forecast_signal,False,NGJ9@2019-03-27,2019
2019-03-08 00:00:00+00:00,2019-03-08 00:00:00+00:00,NGJ9@2019-03-27,6babbebe8685df88dd7d,1.0,False,True,0.0,0.0,0.0,0.0,0.0,0.0,-0.0,-0.0,101950.0,106750.0,0.0,0.04496487119437939,killed,daily_loss_limit,risk_killed_until_explicit_operator_restart,forecast_signal,False,NGJ9@2019-03-27,2019
2019-03-10 00:00:00+00:00,2019-03-10 00:00:00+00:00,NGJ9@2019-03-27,108690808bda29153e27,1.0,False,True,0.0,0.0,0.0,0.0,0.0,0.0,-0.0,-0.0,101950.0,106750.0,0.0,0.04496487119437939,killed,daily_loss_limit,risk_killed_until_explicit_operator_restart,forecast_signal,False,NGJ9@2019-03-27,2019
2019-03-11 00:00:00+00:00,2019-03-11 00:00:00+00:00,NGJ9@2019-03-27,108690808bda29153e27,1.0,False,True,0.0,0.0,0.0,0.0,0.0,0.0,-0.0,-0.0,101950.0,106750.0,0.0,0.04496487119437939,killed,daily_loss_limit,risk_killed_until_explicit_operator_restart,forecast_signal,False,NGJ9@2019-03-27,2019
2019-03-12 00:00:00+00:00,2019-03-12 00:00:00+00:00,NGJ9@2019-03-27,c6ed444011b2d2d615ac,1.0,False,True,0.0,0.0,0.0,0.0,0.0,0.0,0.0,0.0,101950.0,106750.0,0.0,0.04496487119437939,killed,daily_loss_limit,risk_killed_until_explicit_operator_restart,forecast_signal,False,NGJ9@2019-03-27,2019
2019-03-13 00:00:00+00:00,2019-03-13 00:00:00+00:00,NGJ9@2019-03-27,4a4d4d53da8bc6aa3813,0.0,True,True,0.0,0.0,0.0,0.0,0.0,0.0,0.0,0.0,101950.0,106750.0,0.0,0.04496487119437939,killed,daily_loss_limit,risk_killed_until_explicit_operator_restart,predicted_gross_pnl_not_above_round_trip_cost,False,NGJ9@2019-03-27,2019
2019-03-14 00:00:00+00:00,2019-03-14 00:00:00+00:00,NGJ9@2019-03-27,c83020ab578772f328c4,0.0,True,True,0.0,0.0,0.0,0.0,0.0,0.0,0.0,0.0,101950.0,106750.0,0.0,0.04496487119437939,killed,daily_loss_limit,risk_killed_until_explicit_operator_restart,predicted_gross_pnl_not_above_round_trip_cost,False,NGJ9@2019-03-27,2019
2019-03-15 00:00:00+00:00,2019-03-15 00:00:00+00:00,NGJ9@2019-03-27,63899afdf19886b67cc6,0.0,True,True,0.0,0.0,0.0,0.0,0.0,0.0,-0.0,-0.0,101950.0,106750.0,0.0,0.04496487119437939,killed,daily_loss_limit,risk_killed_until_explicit_operator_restart,predicted_gross_pnl_not_above_round_trip_cost,False,NGJ9@2019-03-27,2019
2019-03-17 00:00:00+00:00,2019-03-17 00:00:00+00:00,NGJ9@2019-03-27,ca8d0597fdbf71a3addb,1.0,False,True,0.0,0.0,0.0,0.0,0.0,0.0,0.0,0.0,101950.0,106750.0,0.0,0.04496487119437939,killed,daily_loss_limit,risk_killed_until_explicit_operator_restart,forecast_signal,False,NGJ9@2019-03-27,2019
2019-03-18 00:00:00+00:00,2019-03-18 00:00:00+00:00,NGJ9@2019-03-27,ca8d0597fdbf71a3addb,1.0,False,True,0.0,0.0,0.0,0.0,0.0,0.0,0.0,0.0,101950.0,106750.0,0.0,0.04496487119437939,killed,daily_loss_limit,risk_killed_until_explicit_operator_restart,forecast_signal,False,NGJ9@2019-03-27,2019
2019-03-19 00:00:00+00:00,2019-03-19 00:00:00+00:00,NGJ9@2019-03-27,72d1b64a9706116ecd7e,0.0,True,True,0.0,0.0,0.0,0.0,0.0,0.0,0.0,0.0,101950.0,106750.0,0.0,0.04496487119437939,killed,daily_loss_limit,risk_killed_until_explicit_operator_restart,predicted_gross_pnl_not_above_round_trip_cost,False,NGJ9@2019-03-27,2019
2019-03-20 00:00:00+00:00,2019-03-20 00:00:00+00:00,NGJ9@2019-03-27,87bdcdfdcdc338db6b15,0.0,True,True,0.0,0.0,0.0,0.0,0.0,0.0,-0.0,-0.0,101950.0,106750.0,0.0,0.04496487119437939,killed,daily_loss_limit,risk_killed_until_explicit_operator_restart,predicted_gross_pnl_not_above_round_trip_cost,False,NGJ9@2019-03-27,2019
2019-03-21 00:00:00+00:00,2019-03-21 00:00:00+00:00,NGJ9@2019-03-27,cdd6668b9c31b152f657,-1.0,False,True,0.0,0.0,0.0,0.0,0.0,0.0,-0.0,-0.0,101950.0,106750.0,0.0,0.04496487119437939,killed,daily_loss_limit,risk_killed_until_explicit_operator_restart,forecast_signal,False,NGJ9@2019-03-27,2019
2019-03-22 00:00:00+00:00,2019-03-22 00:00:00+00:00,NGJ9@2019-03-27,df43a007227b6958df4d,0.0,True,True,0.0,0.0,0.0,0.0,0.0,0.0,-0.0,-0.0,101950.0,106750.0,0.0,0.04496487119437939,killed,daily_loss_limit,risk_killed_until_explicit_operator_restart,specialist_veto,False,NGJ9@2019-03-27,2019
2019-03-24 00:00:00+00:00,2019-03-24 00:00:00+00:00,NGJ9@2019-03-27,a768a7bf452f4225cefd,-1.0,False,True,0.0,0.0,0.0,0.0,0.0,0.0,-0.0,-0.0,101950.0,106750.0,0.0,0.04496487119437939,killed,daily_loss_limit,risk_killed_until_explicit_operator_restart,forecast_signal,False,NGJ9@2019-03-27,2019
2019-03-25 00:00:00+00:00,2019-03-25 00:00:00+00:00,NGJ9@2019-03-27,a768a7bf452f4225cefd,-1.0,False,True,0.0,0.0,0.0,0.0,0.0,0.0,0.0,0.0,101950.0,106750.0,0.0,0.04496487119437939,killed,daily_loss_limit,risk_killed_until_explicit_operator_restart,forecast_signal,False,NGJ9@2019-03-27,2019
2019-03-26 00:00:00+00:00,2019-03-26 00:00:00+00:00,NGJ9@2019-03-27,f31994e6f801885678dc,0.0,True,True,0.0,0.0,0.0,0.0,0.0,0.0,-0.0,-0.0,101950.0,106750.0,0.0,0.04496487119437939,killed,daily_loss_limit,risk_killed_until_explicit_operator_restart,specialist_veto,False,NGK9@2019-04-26,2019
2019-03-27 00:00:00+00:00,2019-03-27 00:00:00+00:00,NGK9@2019-04-26,448c09ad9338a263ec44,-1.0,False,True,0.0,0.0,0.0,0.0,0.0,0.0,-0.0,-0.0,101950.0,106750.0,0.0,0.04496487119437939,killed,daily_loss_limit,risk_killed_until_explicit_operator_restart,forecast_signal,False,NGK9@2019-04-26,2019
2019-03-28 00:00:00+00:00,2019-03-28 00:00:00+00:00,NGK9@2019-04-26,6c8efa9156d7c9173628,-1.0,False,True,0.0,0.0,0.0,0.0,0.0,0.0,-0.0,-0.0,101950.0,106750.0,0.0,0.04496487119437939,killed,daily_loss_limit,risk_killed_until_explicit_operator_restart,forecast_signal,False,NGK9@2019-04-26,2019
2019-03-29 00:00:00+00:00,2019-03-29 00:00:00+00:00,NGK9@2019-04-26,83556709d47e55107226,0.0,True,True,0.0,0.0,0.0,0.0,0.0,0.0,-0.0,-0.0,101950.0,106750.0,0.0,0.04496487119437939,killed,daily_loss_limit,risk_killed_until_explicit_operator_restart,specialist_veto,False,NGK9@2019-04-26,2019
2019-03-31 00:00:00+00:00,2019-03-31 00:00:00+00:00,NGK9@2019-04-26,fd133aeb01fe9f0266a7,0.0,True,True,0.0,0.0,0.0,0.0,0.0,0.0,0.0,0.0,101950.0,106750.0,0.0,0.04496487119437939,killed,daily_loss_limit,risk_killed_until_explicit_operator_restart,specialist_veto,False,NGK9@2019-04-26,2019
2019-04-01 00:00:00+00:00,2019-04-01 00:00:00+00:00,NGK9@2019-04-26,fd133aeb01fe9f0266a7,0.0,True,True,0.0,0.0,0.0,0.0,0.0,0.0,0.0,0.0,101950.0,106750.0,0.0,0.04496487119437939,killed,daily_loss_limit,risk_killed_until_explicit_operator_restart,specialist_veto,False,NGK9@2019-04-26,2019
2019-04-02 00:00:00+00:00,2019-04-02 00:00:00+00:00,NGK9@2019-04-26,b09c4594b89055c1fbff,0.0,True,True,0.0,0.0,0.0,0.0,0.0,0.0,-0.0,-0.0,101950.0,106750.0,0.0,0.04496487119437939,killed,daily_loss_limit,risk_killed_until_explicit_operator_restart,predicted_gross_pnl_not_above_round_trip_cost,False,NGK9@2019-04-26,2019
2019-04-03 00:00:00+00:00,2019-04-03 00:00:00+00:00,NGK9@2019-04-26,cb4c7e401e0dad0c056b,1.0,False,True,0.0,0.0,0.0,0.0,0.0,0.0,-0.0,-0.0,101950.0,106750.0,0.0,0.04496487119437939,killed,daily_loss_limit,risk_killed_until_explicit_operator_restart,forecast_signal,False,NGK9@2019-04-26,2019
2019-04-04 00:00:00+00:00,2019-04-04 00:00:00+00:00,NGK9@2019-04-26,3f0da7c419cbb89b117b,1.0,False,True,0.0,0.0,0.0,0.0,0.0,0.0,-0.0,-0.0,101950.0,106750.0,0.0,0.04496487119437939,killed,daily_loss_limit,risk_killed_until_explicit_operator_restart,forecast_signal,False,NGK9@2019-04-26,2019
2019-04-05 00:00:00+00:00,2019-04-05 00:00:00+00:00,NGK9@2019-04-26,d1b46f48f04ce97d9e1c,1.0,False,True,0.0,0.0,0.0,0.0,0.0,0.0,0.0,0.0,101950.0,106750.0,0.0,0.04496487119437939,killed,daily_loss_limit,risk_killed_until_explicit_operator_restart,forecast_signal,False,NGK9@2019-04-26,2019
2019-04-07 00:00:00+00:00,2019-04-07 00:00:00+00:00,NGK9@2019-04-26,1c579bbd768874109cc4,1.0,False,True,0.0,0.0,0.0,0.0,0.0,0.0,0.0,0.0,101950.0,106750.0,0.0,0.04496487119437939,killed,daily_loss_limit,risk_killed_until_explicit_operator_restart,forecast_signal,False,NGK9@2019-04-26,2019
2019-04-08 00:00:00+00:00,2019-04-08 00:00:00+00:00,NGK9@2019-04-26,1c579bbd768874109cc4,1.0,False,True,0.0,0.0,0.0,0.0,0.0,0.0,0.0,0.0,101950.0,106750.0,0.0,0.04496487119437939,killed,daily_loss_limit,risk_killed_until_explicit_operator_restart,forecast_signal,False,NGK9@2019-04-26,2019
2019-04-09 00:00:00+00:00,2019-04-09 00:00:00+00:00,NGK9@2019-04-26,c34c41001091829180e7,0.5,False,True,0.0,0.0,0.0,0.0,0.0,0.0,-0.0,-0.0,101950.0,106750.0,0.0,0.04496487119437939,killed,daily_loss_limit,risk_killed_until_explicit_operator_restart,specialist_sizing_modifier,False,NGK9@2019-04-26,2019
2019-04-10 00:00:00+00:00,2019-04-10 00:00:00+00:00,NGK9@2019-04-26,adcf680ed7e80169c57d,1.0,False,True,0.0,0.0,0.0,0.0,0.0,0.0,-0.0,-0.0,101950.0,106750.0,0.0,0.04496487119437939,killed,daily_loss_limit,risk_killed_until_explicit_operator_restart,forecast_signal,False,NGK9@2019-04-26,2019
2019-04-11 00:00:00+00:00,2019-04-11 00:00:00+00:00,NGK9@2019-04-26,f17b37db68dab1a427da,1.0,False,True,0.0,0.0,0.0,0.0,0.0,0.0,-0.0,-0.0,101950.0,106750.0,0.0,0.04496487119437939,killed,daily_loss_limit,risk_killed_until_explicit_operator_restart,forecast_signal,False,NGK9@2019-04-26,2019
2019-04-12 00:00:00+00:00,2019-04-12 00:00:00+00:00,NGK9@2019-04-26,23a41883abef20ddde56,1.0,False,True,0.0,0.0,0.0,0.0,0.0,0.0,-0.0,-0.0,101950.0,106750.0,0.0,0.04496487119437939,killed,daily_loss_limit,risk_killed_until_explicit_operator_restart,forecast_signal,False,NGK9@2019-04-26,2019
2019-04-14 00:00:00+00:00,2019-04-14 00:00:00+00:00,NGK9@2019-04-26,ac768b5b138161afa395,1.0,False,True,0.0,0.0,0.0,0.0,0.0,0.0,-0.0,-0.0,101950.0,106750.0,0.0,0.04496487119437939,killed,daily_loss_limit,risk_killed_until_explicit_operator_restart,forecast_signal,False,NGK9@2019-04-26,2019
2019-04-15 00:00:00+00:00,2019-04-15 00:00:00+00:00,NGK9@2019-04-26,ac768b5b138161afa395,1.0,False,True,0.0,0.0,0.0,0.0,0.0,0.0,-0.0,-0.0,101950.0,106750.0,0.0,0.04496487119437939,killed,daily_loss_limit,risk_killed_until_explicit_operator_restart,forecast_signal,False,NGK9@2019-04-26,2019
2019-04-16 00:00:00+00:00,2019-04-16 00:00:00+00:00,NGK9@2019-04-26,be21e882c5f4e7a6370e,1.0,False,True,0.0,0.0,0.0,0.0,0.0,0.0,-0.0,-0.0,101950.0,106750.0,0.0,0.04496487119437939,killed,daily_loss_limit,risk_killed_until_explicit_operator_restart,forecast_signal,False,NGK9@2019-04-26,2019
2019-04-17 00:00:00+00:00,2019-04-17 00:00:00+00:00,NGK9@2019-04-26,38839d7fe3170276e2d1,0.0,True,True,0.0,0.0,0.0,0.0,0.0,0.0,-0.0,-0.0,101950.0,106750.0,0.0,0.04496487119437939,killed,daily_loss_limit,risk_killed_until_explicit_operator_restart,predicted_gross_pnl_not_above_round_trip_cost,False,NGK9@2019-04-26,2019
2019-04-18 00:00:00+00:00,2019-04-18 00:00:00+00:00,NGK9@2019-04-26,5ed901e02734dcb43428,0.0,True,True,0.0,0.0,0.0,0.0,0.0,0.0,-0.0,-0.0,101950.0,106750.0,0.0,0.04496487119437939,killed,daily_loss_limit,risk_killed_until_explicit_operator_restart,specialist_veto,False,NGK9@2019-04-26,2019
2019-04-21 00:00:00+00:00,2019-04-21 00:00:00+00:00,NGK9@2019-04-26,6f4afa81a3b38f7d77bb,0.0,True,True,0.0,0.0,0.0,0.0,0.0,0.0,0.0,0.0,101950.0,106750.0,0.0,0.04496487119437939,killed,daily_loss_limit,risk_killed_until_explicit_operator_restart,specialist_veto,False,NGK9@2019-04-26,2019
2019-04-22 00:00:00+00:00,2019-04-22 00:00:00+00:00,NGK9@2019-04-26,6f4afa81a3b38f7d77bb,0.0,True,True,0.0,0.0,0.0,0.0,0.0,0.0,0.0,0.0,101950.0,106750.0,0.0,0.04496487119437939,killed,daily_loss_limit,risk_killed_until_explicit_operator_restart,specialist_veto,False,NGK9@2019-04-26,2019
2019-04-23 00:00:00+00:00,2019-04-23 00:00:00+00:00,NGK9@2019-04-26,9e8ab5cd4b0897f75ab6,0.0,True,True,0.0,0.0,0.0,0.0,0.0,0.0,-0.0,-0.0,101950.0,106750.0,0.0,0.04496487119437939,killed,daily_loss_limit,risk_killed_until_explicit_operator_restart,specialist_veto,False,NGK9@2019-04-26,2019
2019-04-24 00:00:00+00:00,2019-04-24 00:00:00+00:00,NGK9@2019-04-26,7099a88eb3e8f6eb808a,0.0,True,True,0.0,0.0,0.0,0.0,0.0,0.0,0.0,0.0,101950.0,106750.0,0.0,0.04496487119437939,killed,daily_loss_limit,risk_killed_until_explicit_operator_restart,specialist_veto,False,NGM9@2019-05-29,2019
2019-04-25 00:00:00+00:00,2019-04-25 00:00:00+00:00,NGM9@2019-05-29,409f015762dc9d481efd,0.0,True,True,0.0,0.0,0.0,0.0,0.0,0.0,0.0,0.0,101950.0,106750.0,0.0,0.04496487119437939,killed,daily_loss_limit,risk_killed_until_explicit_operator_restart,specialist_veto,False,NGM9@2019-05-29,2019
2019-04-26 00:00:00+00:00,2019-04-26 00:00:00+00:00,NGM9@2019-05-29,bb673689dc92450f33ad,0.0,True,True,0.0,0.0,0.0,0.0,0.0,0.0,0.0,0.0,101950.0,106750.0,0.0,0.04496487119437939,killed,daily_loss_limit,risk_killed_until_explicit_operator_restart,specialist_veto,False,NGM9@2019-05-29,2019
2019-04-28 00:00:00+00:00,2019-04-28 00:00:00+00:00,NGM9@2019-05-29,940077a40294ecabda0f,0.0,True,True,0.0,0.0,0.0,0.0,0.0,0.0,0.0,0.0,101950.0,106750.0,0.0,0.04496487119437939,killed,daily_loss_limit,risk_killed_until_explicit_operator_restart,predicted_gross_pnl_not_above_round_trip_cost,False,NGM9@2019-05-29,2019
2019-04-29 00:00:00+00:00,2019-04-29 00:00:00+00:00,NGM9@2019-05-29,940077a40294ecabda0f,0.0,True,True,0.0,0.0,0.0,0.0,0.0,0.0,0.0,0.0,101950.0,106750.0,0.0,0.04496487119437939,killed,daily_loss_limit,risk_killed_until_explicit_operator_restart,predicted_gross_pnl_not_above_round_trip_cost,False,NGM9@2019-05-29,2019
2019-04-30 00:00:00+00:00,2019-04-30 00:00:00+00:00,NGM9@2019-05-29,438191cd99f390b0d1f1,1.0,False,True,0.0,0.0,0.0,0.0,0.0,0.0,-0.0,-0.0,101950.0,106750.0,0.0,0.04496487119437939,killed,daily_loss_limit,risk_killed_until_explicit_operator_restart,forecast_signal,False,NGM9@2019-05-29,2019
2019-05-01 00:00:00+00:00,2019-05-01 00:00:00+00:00,NGM9@2019-05-29,62b9a3a9f6e3aa7eb56c,0.0,True,True,0.0,0.0,0.0,0.0,0.0,0.0,0.0,0.0,101950.0,106750.0,0.0,0.04496487119437939,killed,daily_loss_limit,risk_killed_until_explicit_operator_restart,specialist_veto,False,NGM9@2019-05-29,2019
2019-05-02 00:00:00+00:00,2019-05-02 00:00:00+00:00,NGM9@2019-05-29,19dc3f500ba5598147c3,0.0,True,True,0.0,0.0,0.0,0.0,0.0,0.0,-0.0,-0.0,101950.0,106750.0,0.0,0.04496487119437939,killed,daily_loss_limit,risk_killed_until_explicit_operator_restart,predicted_gross_pnl_not_above_round_trip_cost,False,NGM9@2019-05-29,2019
2019-05-03 00:00:00+00:00,2019-05-03 00:00:00+00:00,NGM9@2019-05-29,e1c613cc4395702ea42e,0.0,True,True,0.0,0.0,0.0,0.0,0.0,0.0,-0.0,-0.0,101950.0,106750.0,0.0,0.04496487119437939,killed,daily_loss_limit,risk_killed_until_explicit_operator_restart,specialist_veto,False,NGM9@2019-05-29,2019
2019-05-05 00:00:00+00:00,2019-05-05 00:00:00+00:00,NGM9@2019-05-29,d43220d7e86a2c337e64,0.0,True,True,0.0,0.0,0.0,0.0,0.0,0.0,0.0,0.0,101950.0,106750.0,0.0,0.04496487119437939,killed,daily_loss_limit,risk_killed_until_explicit_operator_restart,predicted_gross_pnl_not_above_round_trip_cost,False,NGM9@2019-05-29,2019
2019-05-06 00:00:00+00:00,2019-05-06 00:00:00+00:00,NGM9@2019-05-29,d43220d7e86a2c337e64,0.0,True,True,0.0,0.0,0.0,0.0,0.0,0.0,-0.0,-0.0,101950.0,106750.0,0.0,0.04496487119437939,killed,daily_loss_limit,risk_killed_until_explicit_operator_restart,predicted_gross_pnl_not_above_round_trip_cost,False,NGM9@2019-05-29,2019
2019-05-07 00:00:00+00:00,2019-05-07 00:00:00+00:00,NGM9@2019-05-29,2e3524af4cf0f056a10c,0.0,True,True,0.0,0.0,0.0,0.0,0.0,0.0,0.0,0.0,101950.0,106750.0,0.0,0.04496487119437939,killed,daily_loss_limit,risk_killed_until_explicit_operator_restart,predicted_gross_pnl_not_above_round_trip_cost,False,NGM9@2019-05-29,2019
2019-05-08 00:00:00+00:00,2019-05-08 00:00:00+00:00,NGM9@2019-05-29,aa0eafb7957fc1c3da66,0.0,True,True,0.0,0.0,0.0,0.0,0.0,0.0,0.0,0.0,101950.0,106750.0,0.0,0.04496487119437939,killed,daily_loss_limit,risk_killed_until_explicit_operator_restart,predicted_gross_pnl_not_above_round_trip_cost,False,NGM9@2019-05-29,2019
2019-05-09 00:00:00+00:00,2019-05-09 00:00:00+00:00,NGM9@2019-05-29,9222506f928ebfb16672,0.0,True,True,0.0,0.0,0.0,0.0,0.0,0.0,-0.0,-0.0,101950.0,106750.0,0.0,0.04496487119437939,killed,daily_loss_limit,risk_killed_until_explicit_operator_restart,predicted_gross_pnl_not_above_round_trip_cost,False,NGM9@2019-05-29,2019
2019-05-10 00:00:00+00:00,2019-05-10 00:00:00+00:00,NGM9@2019-05-29,567c98e9019f907ad6dd,0.0,True,True,0.0,0.0,0.0,0.0,0.0,0.0,0.0,0.0,101950.0,106750.0,0.0,0.04496487119437939,killed,daily_loss_limit,risk_killed_until_explicit_operator_restart,predicted_gross_pnl_not_above_round_trip_cost,False,NGM9@2019-05-29,2019
2019-05-12 00:00:00+00:00,2019-05-12 00:00:00+00:00,NGM9@2019-05-29,0de628af59753f0ca0ac,0.0,True,True,0.0,0.0,0.0,0.0,0.0,0.0,0.0,0.0,101950.0,106750.0,0.0,0.04496487119437939,killed,daily_loss_limit,risk_killed_until_explicit_operator_restart,predicted_gross_pnl_not_above_round_trip_cost,False,NGM9@2019-05-29,2019
2019-05-13 00:00:00+00:00,2019-05-13 00:00:00+00:00,NGM9@2019-05-29,0de628af59753f0ca0ac,0.0,True,True,0.0,0.0,0.0,0.0,0.0,0.0,0.0,0.0,101950.0,106750.0,0.0,0.04496487119437939,killed,daily_loss_limit,risk_killed_until_explicit_operator_restart,predicted_gross_pnl_not_above_round_trip_cost,False,NGM9@2019-05-29,2019
2019-05-14 00:00:00+00:00,2019-05-14 00:00:00+00:00,NGM9@2019-05-29,fbb3862c0d8f6f94cf3d,0.0,True,True,0.0,0.0,0.0,0.0,0.0,0.0,0.0,0.0,101950.0,106750.0,0.0,0.04496487119437939,killed,daily_loss_limit,risk_killed_until_explicit_operator_restart,predicted_gross_pnl_not_above_round_trip_cost,False,NGM9@2019-05-29,2019
2019-05-15 00:00:00+00:00,2019-05-15 00:00:00+00:00,NGM9@2019-05-29,767f6b62d7db9da51c8b,0.0,True,True,0.0,0.0,0.0,0.0,0.0,0.0,-0.0,-0.0,101950.0,106750.0,0.0,0.04496487119437939,killed,daily_loss_limit,risk_killed_until_explicit_operator_restart,specialist_veto,False,NGM9@2019-05-29,2019
2019-05-16 00:00:00+00:00,2019-05-16 00:00:00+00:00,NGM9@2019-05-29,d1f896591af038a4499e,-1.0,False,True,0.0,0.0,0.0,0.0,0.0,0.0,0.0,0.0,101950.0,106750.0,0.0,0.04496487119437939,killed,daily_loss_limit,risk_killed_until_explicit_operator_restart,forecast_signal,False,NGM9@2019-05-29,2019
2019-05-17 00:00:00+00:00,2019-05-17 00:00:00+00:00,NGM9@2019-05-29,bfd25f2a4733db3ea326,0.0,True,True,0.0,0.0,0.0,0.0,0.0,0.0,-0.0,-0.0,101950.0,106750.0,0.0,0.04496487119437939,killed,daily_loss_limit,risk_killed_until_explicit_operator_restart,predicted_gross_pnl_not_above_round_trip_cost,False,NGM9@2019-05-29,2019
2019-05-19 00:00:00+00:00,2019-05-19 00:00:00+00:00,NGM9@2019-05-29,47324b46dc33c1975d07,0.0,True,True,0.0,0.0,0.0,0.0,0.0,0.0,0.0,0.0,101950.0,106750.0,0.0,0.04496487119437939,killed,daily_loss_limit,risk_killed_until_explicit_operator_restart,specialist_veto,False,NGM9@2019-05-29,2019
2019-05-20 00:00:00+00:00,2019-05-20 00:00:00+00:00,NGM9@2019-05-29,47324b46dc33c1975d07,0.0,True,True,0.0,0.0,0.0,0.0,0.0,0.0,0.0,0.0,101950.0,106750.0,0.0,0.04496487119437939,killed,daily_loss_limit,risk_killed_until_explicit_operator_restart,specialist_veto,False,NGM9@2019-05-29,2019
2019-05-21 00:00:00+00:00,2019-05-21 00:00:00+00:00,NGM9@2019-05-29,5c938393b4b04ca51848,-1.0,False,True,0.0,0.0,0.0,0.0,0.0,0.0,-0.0,-0.0,101950.0,106750.0,0.0,0.04496487119437939,killed,daily_loss_limit,risk_killed_until_explicit_operator_restart,forecast_signal,False,NGM9@2019-05-29,2019
2019-05-22 00:00:00+00:00,2019-05-22 00:00:00+00:00,NGM9@2019-05-29,86a7ace698b4bcee273b,-0.5,False,True,0.0,0.0,0.0,0.0,0.0,0.0,-0.0,-0.0,101950.0,106750.0,0.0,0.04496487119437939,killed,daily_loss_limit,risk_killed_until_explicit_operator_restart,specialist_sizing_modifier,False,NGM9@2019-05-29,2019
2019-05-23 00:00:00+00:00,2019-05-23 00:00:00+00:00,NGM9@2019-05-29,f96d4fafaf855e06967a,0.0,True,True,0.0,0.0,0.0,0.0,0.0,0.0,0.0,0.0,101950.0,106750.0,0.0,0.04496487119437939,killed,daily_loss_limit,risk_killed_until_explicit_operator_restart,specialist_veto,False,NGM9@2019-05-29,2019
2019-05-24 00:00:00+00:00,2019-05-24 00:00:00+00:00,NGM9@2019-05-29,f96d4fafaf855e06967a,0.0,True,True,0.0,0.0,0.0,0.0,0.0,0.0,0.0,0.0,101950.0,106750.0,0.0,0.04496487119437939,killed,daily_loss_limit,risk_killed_until_explicit_operator_restart,specialist_veto,False,NGM9@2019-05-29,2019
2019-05-26 00:00:00+00:00,2019-05-26 00:00:00+00:00,NGM9@2019-05-29,f96d4fafaf855e06967a,0.0,True,True,0.0,0.0,0.0,0.0,0.0,0.0,0.0,0.0,101950.0,106750.0,0.0,0.04496487119437939,killed,daily_loss_limit,risk_killed_until_explicit_operator_restart,specialist_veto,False,NGM9@2019-05-29,2019
2019-05-27 00:00:00+00:00,2019-05-27 00:00:00+00:00,NGM9@2019-05-29,f96d4fafaf855e06967a,0.0,True,True,0.0,0.0,0.0,0.0,0.0,0.0,-0.0,-0.0,101950.0,106750.0,0.0,0.04496487119437939,killed,daily_loss_limit,risk_killed_until_explicit_operator_restart,specialist_veto,False,NGM9@2019-05-29,2019
2019-05-28 00:00:00+00:00,2019-05-28 00:00:00+00:00,NGM9@2019-05-29,f96d4fafaf855e06967a,0.0,True,True,0.0,0.0,0.0,0.0,0.0,0.0,0.0,0.0,101950.0,106750.0,0.0,0.04496487119437939,killed,daily_loss_limit,risk_killed_until_explicit_operator_restart,specialist_veto,False,NGM9@2019-05-29,2019
2019-05-29 00:00:00+00:00,2019-05-29 00:00:00+00:00,NGM9@2019-05-29,,0.0,True,True,0.0,0.0,0.0,0.0,0.0,0.0,0.0,0.0,101950.0,106750.0,0.0,0.04496487119437939,killed,daily_loss_limit,risk_killed_until_explicit_operator_restart,forecast_horizon_expired,False,,2019
2019-05-30 00:00:00+00:00,2019-05-30 00:00:00+00:00,NGN9@2019-06-26,,0.0,True,True,0.0,0.0,0.0,0.0,0.0,0.0,-0.0,-0.0,101950.0,106750.0,0.0,0.04496487119437939,killed,daily_loss_limit,risk_killed_until_explicit_operator_restart,forecast_horizon_expired,False,NGN9@2019-06-26,2019
2019-05-31 00:00:00+00:00,2019-05-31 00:00:00+00:00,NGN9@2019-06-26,,0.0,True,True,0.0,0.0,0.0,0.0,0.0,0.0,-0.0,-0.0,101950.0,106750.0,0.0,0.04496487119437939,killed,daily_loss_limit,risk_killed_until_explicit_operator_restart,forecast_horizon_expired,False,NGN9@2019-06-26,2019
2019-06-02 00:00:00+00:00,2019-06-02 00:00:00+00:00,NGN9@2019-06-26,23773658785711766592,0.0,True,True,0.0,0.0,0.0,0.0,0.0,0.0,0.0,0.0,101950.0,106750.0,0.0,0.04496487119437939,killed,daily_loss_limit,risk_killed_until_explicit_operator_restart,specialist_veto,False,NGN9@2019-06-26,2019
2019-06-03 00:00:00+00:00,2019-06-03 00:00:00+00:00,NGN9@2019-06-26,23773658785711766592,0.0,True,True,0.0,0.0,0.0,0.0,0.0,0.0,-0.0,-0.0,101950.0,106750.0,0.0,0.04496487119437939,killed,daily_loss_limit,risk_killed_until_explicit_operator_restart,specialist_veto,False,NGN9@2019-06-26,2019
2019-06-04 00:00:00+00:00,2019-06-04 00:00:00+00:00,NGN9@2019-06-26,de2504c9c4120cf70e4a,0.0,True,True,0.0,0.0,0.0,0.0,0.0,0.0,0.0,0.0,101950.0,106750.0,0.0,0.04496487119437939,killed,daily_loss_limit,risk_killed_until_explicit_operator_restart,specialist_veto,False,NGN9@2019-06-26,2019
2019-06-05 00:00:00+00:00,2019-06-05 00:00:00+00:00,NGN9@2019-06-26,2cb775e05714473dba45,0.0,True,True,0.0,0.0,0.0,0.0,0.0,0.0,-0.0,-0.0,101950.0,106750.0,0.0,0.04496487119437939,killed,daily_loss_limit,risk_killed_until_explicit_operator_restart,predicted_gross_pnl_not_above_round_trip_cost,False,NGN9@2019-06-26,2019
2019-06-06 00:00:00+00:00,2019-06-06 00:00:00+00:00,NGN9@2019-06-26,28da552fccfa635c4ad1,0.0,True,True,0.0,0.0,0.0,0.0,0.0,0.0,-0.0,-0.0,101950.0,106750.0,0.0,0.04496487119437939,killed,daily_loss_limit,risk_killed_until_explicit_operator_restart,predicted_gross_pnl_not_above_round_trip_cost,False,NGN9@2019-06-26,2019
2019-06-07 00:00:00+00:00,2019-06-07 00:00:00+00:00,NGN9@2019-06-26,1f5d47f58e5a8f38c0a4,0.0,True,True,0.0,0.0,0.0,0.0,0.0,0.0,-0.0,-0.0,101950.0,106750.0,0.0,0.04496487119437939,killed,daily_loss_limit,risk_killed_until_explicit_operator_restart,predicted_gross_pnl_not_above_round_trip_cost,False,NGN9@2019-06-26,2019
2019-06-09 00:00:00+00:00,2019-06-09 00:00:00+00:00,NGN9@2019-06-26,e1f253cff852b96e3207,0.0,True,True,0.0,0.0,0.0,0.0,0.0,0.0,-0.0,-0.0,101950.0,106750.0,0.0,0.04496487119437939,killed,daily_loss_limit,risk_killed_until_explicit_operator_restart,predicted_gross_pnl_not_above_round_trip_cost,False,NGN9@2019-06-26,2019
2019-06-10 00:00:00+00:00,2019-06-10 00:00:00+00:00,NGN9@2019-06-26,e1f253cff852b96e3207,0.0,True,True,0.0,0.0,0.0,0.0,0.0,0.0,0.0,0.0,101950.0,106750.0,0.0,0.04496487119437939,killed,daily_loss_limit,risk_killed_until_explicit_operator_restart,predicted_gross_pnl_not_above_round_trip_cost,False,NGN9@2019-06-26,2019
2019-06-11 00:00:00+00:00,2019-06-11 00:00:00+00:00,NGN9@2019-06-26,76948205328b5a826e04,0.0,True,True,0.0,0.0,0.0,0.0,0.0,0.0,0.0,0.0,101950.0,106750.0,0.0,0.04496487119437939,killed,daily_loss_limit,risk_killed_until_explicit_operator_restart,predicted_gross_pnl_not_above_round_trip_cost,False,NGN9@2019-06-26,2019
2019-06-12 00:00:00+00:00,2019-06-12 00:00:00+00:00,NGN9@2019-06-26,dd80b20c259a8659fef1,0.0,True,True,0.0,0.0,0.0,0.0,0.0,0.0,-0.0,-0.0,101950.0,106750.0,0.0,0.04496487119437939,killed,daily_loss_limit,risk_killed_until_explicit_operator_restart,specialist_veto,False,NGN9@2019-06-26,2019
2019-06-13 00:00:00+00:00,2019-06-13 00:00:00+00:00,NGN9@2019-06-26,c671d0635536d9d7ee6a,0.0,True,True,0.0,0.0,0.0,0.0,0.0,0.0,-0.0,-0.0,101950.0,106750.0,0.0,0.04496487119437939,killed,daily_loss_limit,risk_killed_until_explicit_operator_restart,specialist_veto,False,NGN9@2019-06-26,2019
2019-06-14 00:00:00+00:00,2019-06-14 00:00:00+00:00,NGN9@2019-06-26,a26184e614967be26528,0.0,True,True,0.0,0.0,0.0,0.0,0.0,0.0,0.0,0.0,101950.0,106750.0,0.0,0.04496487119437939,killed,daily_loss_limit,risk_killed_until_explicit_operator_restart,specialist_veto,False,NGN9@2019-06-26,2019
2019-06-16 00:00:00+00:00,2019-06-16 00:00:00+00:00,NGN9@2019-06-26,03a1bfd06eae0f14804a,0.0,True,True,0.0,0.0,0.0,0.0,0.0,0.0,0.0,0.0,101950.0,106750.0,0.0,0.04496487119437939,killed,daily_loss_limit,risk_killed_until_explicit_operator_restart,specialist_veto,False,NGN9@2019-06-26,2019
2019-06-17 00:00:00+00:00,2019-06-17 00:00:00+00:00,NGN9@2019-06-26,03a1bfd06eae0f14804a,0.0,True,True,0.0,0.0,0.0,0.0,0.0,0.0,-0.0,-0.0,101950.0,106750.0,0.0,0.04496487119437939,killed,daily_loss_limit,risk_killed_until_explicit_operator_restart,specialist_veto,False,NGN9@2019-06-26,2019
2019-06-18 00:00:00+00:00,2019-06-18 00:00:00+00:00,NGN9@2019-06-26,b848bad06b31b2925ef5,1.0,False,True,0.0,0.0,0.0,0.0,0.0,0.0,-0.0,-0.0,101950.0,106750.0,0.0,0.04496487119437939,killed,daily_loss_limit,risk_killed_until_explicit_operator_restart,forecast_signal,False,NGN9@2019-06-26,2019
2019-06-19 00:00:00+00:00,2019-06-19 00:00:00+00:00,NGN9@2019-06-26,506d3401721d89a2dae2,0.0,True,True,0.0,0.0,0.0,0.0,0.0,0.0,-0.0,-0.0,101950.0,106750.0,0.0,0.04496487119437939,killed,daily_loss_limit,risk_killed_until_explicit_operator_restart,specialist_veto,False,NGN9@2019-06-26,2019
2019-06-20 00:00:00+00:00,2019-06-20 00:00:00+00:00,NGN9@2019-06-26,d636f71e52da24047311,0.0,True,True,0.0,0.0,0.0,0.0,0.0,0.0,-0.0,-0.0,101950.0,106750.0,0.0,0.04496487119437939,killed,daily_loss_limit,risk_killed_until_explicit_operator_restart,specialist_veto,False,NGN9@2019-06-26,2019
2019-06-21 00:00:00+00:00,2019-06-21 00:00:00+00:00,NGN9@2019-06-26,b765a1728f517cc348ac,0.0,True,True,0.0,0.0,0.0,0.0,0.0,0.0,-0.0,-0.0,101950.0,106750.0,0.0,0.04496487119437939,killed,daily_loss_limit,risk_killed_until_explicit_operator_restart,specialist_veto,False,NGN9@2019-06-26,2019
2019-06-23 00:00:00+00:00,2019-06-23 00:00:00+00:00,NGN9@2019-06-26,057558791e6abfc65391,0.0,True,True,0.0,0.0,0.0,0.0,0.0,0.0,0.0,0.0,101950.0,106750.0,0.0,0.04496487119437939,killed,daily_loss_limit,risk_killed_until_explicit_operator_restart,specialist_veto,False,NGN9@2019-06-26,2019
2019-06-24 00:00:00+00:00,2019-06-24 00:00:00+00:00,NGN9@2019-06-26,057558791e6abfc65391,0.0,True,True,0.0,0.0,0.0,0.0,0.0,0.0,0.0,0.0,101950.0,106750.0,0.0,0.04496487119437939,killed,daily_loss_limit,risk_killed_until_explicit_operator_restart,specialist_veto,False,NGN9@2019-06-26,2019
2019-06-25 00:00:00+00:00,2019-06-25 00:00:00+00:00,NGN9@2019-06-26,cbc7509d567254889772,0.0,True,True,0.0,0.0,0.0,0.0,0.0,0.0,-0.0,-0.0,101950.0,106750.0,0.0,0.04496487119437939,killed,daily_loss_limit,risk_killed_until_explicit_operator_restart,specialist_veto,False,NGQ9@2019-07-29,2019
2019-06-26 00:00:00+00:00,2019-06-26 00:00:00+00:00,NGQ9@2019-07-29,ccab38c229a69fbca54f,0.0,True,True,0.0,0.0,0.0,0.0,0.0,0.0,0.0,0.0,101950.0,106750.0,0.0,0.04496487119437939,killed,daily_loss_limit,risk_killed_until_explicit_operator_restart,specialist_veto,False,NGQ9@2019-07-29,2019
2019-06-27 00:00:00+00:00,2019-06-27 00:00:00+00:00,NGQ9@2019-07-29,4b355b9c7ee0c6a1bc66,0.0,True,True,0.0,0.0,0.0,0.0,0.0,0.0,0.0,0.0,101950.0,106750.0,0.0,0.04496487119437939,killed,daily_loss_limit,risk_killed_until_explicit_operator_restart,specialist_veto,False,NGQ9@2019-07-29,2019
2019-06-28 00:00:00+00:00,2019-06-28 00:00:00+00:00,NGQ9@2019-07-29,a43ac912cd08250ca2f2,0.0,True,True,0.0,0.0,0.0,0.0,0.0,0.0,0.0,0.0,101950.0,106750.0,0.0,0.04496487119437939,killed,daily_loss_limit,risk_killed_until_explicit_operator_restart,specialist_veto,False,NGQ9@2019-07-29,2019
2019-06-30 00:00:00+00:00,2019-06-30 00:00:00+00:00,NGQ9@2019-07-29,c09ba818264ebaa0ad6f,0.0,True,True,0.0,0.0,0.0,0.0,0.0,0.0,-0.0,-0.0,101950.0,106750.0,0.0,0.04496487119437939,killed,daily_loss_limit,risk_killed_until_explicit_operator_restart,predicted_gross_pnl_not_above_round_trip_cost,False,NGQ9@2019-07-29,2019
2019-07-01 00:00:00+00:00,2019-07-01 00:00:00+00:00,NGQ9@2019-07-29,c09ba818264ebaa0ad6f,0.0,True,True,0.0,0.0,0.0,0.0,0.0,0.0,-0.0,-0.0,101950.0,106750.0,0.0,0.04496487119437939,killed,daily_loss_limit,risk_killed_until_explicit_operator_restart,predicted_gross_pnl_not_above_round_trip_cost,False,NGQ9@2019-07-29,2019
2019-07-02 00:00:00+00:00,2019-07-02 00:00:00+00:00,NGQ9@2019-07-29,a58756db3541cedceeaa,0.0,True,True,0.0,0.0,0.0,0.0,0.0,0.0,-0.0,-0.0,101950.0,106750.0,0.0,0.04496487119437939,killed,daily_loss_limit,risk_killed_until_explicit_operator_restart,specialist_veto,False,NGQ9@2019-07-29,2019
2019-07-03 00:00:00+00:00,2019-07-03 00:00:00+00:00,NGQ9@2019-07-29,5b176c2bcc952de7ab7a,0.0,True,True,0.0,0.0,0.0,0.0,0.0,0.0,0.0,0.0,101950.0,106750.0,0.0,0.04496487119437939,killed,daily_loss_limit,risk_killed_until_explicit_operator_restart,specialist_veto,False,NGQ9@2019-07-29,2019
2019-07-04 00:00:00+00:00,2019-07-04 00:00:00+00:00,NGQ9@2019-07-29,40ff1e4f2ae9f6a35e0e,0.0,True,True,0.0,0.0,0.0,0.0,0.0,0.0,-0.0,-0.0,101950.0,106750.0,0.0,0.04496487119437939,killed,daily_loss_limit,risk_killed_until_explicit_operator_restart,specialist_veto,False,NGQ9@2019-07-29,2019
2019-07-05 00:00:00+00:00,2019-07-05 00:00:00+00:00,NGQ9@2019-07-29,40ff1e4f2ae9f6a35e0e,0.0,True,True,0.0,0.0,0.0,0.0,0.0,0.0,0.0,0.0,101950.0,106750.0,0.0,0.04496487119437939,killed,daily_loss_limit,risk_killed_until_explicit_operator_restart,specialist_veto,False,NGQ9@2019-07-29,2019
2019-07-07 00:00:00+00:00,2019-07-07 00:00:00+00:00,NGQ9@2019-07-29,b6402713190dc382bc43,0.0,True,True,0.0,0.0,0.0,0.0,0.0,0.0,-0.0,-0.0,101950.0,106750.0,0.0,0.04496487119437939,killed,daily_loss_limit,risk_killed_until_explicit_operator_restart,specialist_veto,False,NGQ9@2019-07-29,2019
2019-07-08 00:00:00+00:00,2019-07-08 00:00:00+00:00,NGQ9@2019-07-29,b6402713190dc382bc43,0.0,True,True,0.0,0.0,0.0,0.0,0.0,0.0,-0.0,-0.0,101950.0,106750.0,0.0,0.04496487119437939,killed,daily_loss_limit,risk_killed_until_explicit_operator_restart,specialist_veto,False,NGQ9@2019-07-29,2019
2019-07-09 00:00:00+00:00,2019-07-09 00:00:00+00:00,NGQ9@2019-07-29,9cbe57a8b087019b0560,0.0,True,True,0.0,0.0,0.0,0.0,0.0,0.0,0.0,0.0,101950.0,106750.0,0.0,0.04496487119437939,killed,daily_loss_limit,risk_killed_until_explicit_operator_restart,specialist_veto,False,NGQ9@2019-07-29,2019
2019-07-10 00:00:00+00:00,2019-07-10 00:00:00+00:00,NGQ9@2019-07-29,acfe3391ae3c773640b4,-1.0,False,True,0.0,0.0,0.0,0.0,0.0,0.0,0.0,0.0,101950.0,106750.0,0.0,0.04496487119437939,killed,daily_loss_limit,risk_killed_until_explicit_operator_restart,forecast_signal,False,NGQ9@2019-07-29,2019
2019-07-11 00:00:00+00:00,2019-07-11 00:00:00+00:00,NGQ9@2019-07-29,bd4d28059fb8d23c3fcc,0.0,True,True,0.0,0.0,0.0,0.0,0.0,0.0,-0.0,-0.0,101950.0,106750.0,0.0,0.04496487119437939,killed,daily_loss_limit,risk_killed_until_explicit_operator_restart,specialist_veto,False,NGQ9@2019-07-29,2019
2019-07-12 00:00:00+00:00,2019-07-12 00:00:00+00:00,NGQ9@2019-07-29,a91c1a020789060c5a93,1.0,False,True,0.0,0.0,0.0,0.0,0.0,0.0,0.0,0.0,101950.0,106750.0,0.0,0.04496487119437939,killed,daily_loss_limit,risk_killed_until_explicit_operator_restart,forecast_signal,False,NGQ9@2019-07-29,2019
2019-07-14 00:00:00+00:00,2019-07-14 00:00:00+00:00,NGQ9@2019-07-29,6b9bbfa05f5fda4f2d13,0.0,True,True,0.0,0.0,0.0,0.0,0.0,0.0,-0.0,-0.0,101950.0,106750.0,0.0,0.04496487119437939,killed,daily_loss_limit,risk_killed_until_explicit_operator_restart,specialist_veto,False,NGQ9@2019-07-29,2019
2019-07-15 00:00:00+00:00,2019-07-15 00:00:00+00:00,NGQ9@2019-07-29,6b9bbfa05f5fda4f2d13,0.0,True,True,0.0,0.0,0.0,0.0,0.0,0.0,-0.0,-0.0,101950.0,106750.0,0.0,0.04496487119437939,killed,daily_loss_limit,risk_killed_until_explicit_operator_restart,specialist_veto,False,NGQ9@2019-07-29,2019
2019-07-16 00:00:00+00:00,2019-07-16 00:00:00+00:00,NGQ9@2019-07-29,9694a5893677b00f6419,0.0,True,True,0.0,0.0,0.0,0.0,0.0,0.0,-0.0,-0.0,101950.0,106750.0,0.0,0.04496487119437939,killed,daily_loss_limit,risk_killed_until_explicit_operator_restart,specialist_veto,False,NGQ9@2019-07-29,2019
2019-07-17 00:00:00+00:00,2019-07-17 00:00:00+00:00,NGQ9@2019-07-29,c934f555a0c4858c1845,0.0,True,True,0.0,0.0,0.0,0.0,0.0,0.0,-0.0,-0.0,101950.0,106750.0,0.0,0.04496487119437939,killed,daily_loss_limit,risk_killed_until_explicit_operator_restart,specialist_veto,False,NGQ9@2019-07-29,2019
2019-07-18 00:00:00+00:00,2019-07-18 00:00:00+00:00,NGQ9@2019-07-29,21b577593016d5680de7,0.0,True,True,0.0,0.0,0.0,0.0,0.0,0.0,-0.0,-0.0,101950.0,106750.0,0.0,0.04496487119437939,killed,daily_loss_limit,risk_killed_until_explicit_operator_restart,specialist_veto,False,NGQ9@2019-07-29,2019
2019-07-19 00:00:00+00:00,2019-07-19 00:00:00+00:00,NGQ9@2019-07-29,85f18513790c6a034afd,0.0,True,True,0.0,0.0,0.0,0.0,0.0,0.0,-0.0,-0.0,101950.0,106750.0,0.0,0.04496487119437939,killed,daily_loss_limit,risk_killed_until_explicit_operator_restart,specialist_veto,False,NGQ9@2019-07-29,2019
2019-07-21 00:00:00+00:00,2019-07-21 00:00:00+00:00,NGQ9@2019-07-29,b9add2d0ed041697b1a8,-1.0,False,True,0.0,0.0,0.0,0.0,0.0,0.0,0.0,0.0,101950.0,106750.0,0.0,0.04496487119437939,killed,daily_loss_limit,risk_killed_until_explicit_operator_restart,forecast_signal,False,NGQ9@2019-07-29,2019
2019-07-22 00:00:00+00:00,2019-07-22 00:00:00+00:00,NGQ9@2019-07-29,b9add2d0ed041697b1a8,-1.0,False,True,0.0,0.0,0.0,0.0,0.0,0.0,0.0,0.0,101950.0,106750.0,0.0,0.04496487119437939,killed,daily_loss_limit,risk_killed_until_explicit_operator_restart,forecast_signal,False,NGQ9@2019-07-29,2019
2019-07-23 00:00:00+00:00,2019-07-23 00:00:00+00:00,NGQ9@2019-07-29,77aa32e7352910b9a3f6,-1.0,False,True,0.0,0.0,0.0,0.0,0.0,0.0,-0.0,-0.0,101950.0,106750.0,0.0,0.04496487119437939,killed,daily_loss_limit,risk_killed_until_explicit_operator_restart,forecast_signal,False,NGQ9@2019-07-29,2019
2019-07-24 00:00:00+00:00,2019-07-24 00:00:00+00:00,NGQ9@2019-07-29,f07d607a779d14702057,-1.0,False,True,0.0,0.0,0.0,0.0,0.0,0.0,-0.0,-0.0,101950.0,106750.0,0.0,0.04496487119437939,killed,daily_loss_limit,risk_killed_until_explicit_operator_restart,forecast_signal,False,NGQ9@2019-07-29,2019
2019-07-25 00:00:00+00:00,2019-07-25 00:00:00+00:00,NGQ9@2019-07-29,ac61f4b3a195126aa6a3,-1.0,False,True,0.0,0.0,0.0,0.0,0.0,0.0,0.0,0.0,101950.0,106750.0,0.0,0.04496487119437939,killed,daily_loss_limit,risk_killed_until_explicit_operator_restart,forecast_signal,False,NGQ9@2019-07-29,2019
2019-07-26 00:00:00+00:00,2019-07-26 00:00:00+00:00,NGQ9@2019-07-29,faafee66a5191ecaace7,-1.0,False,True,0.0,0.0,0.0,0.0,0.0,0.0,-0.0,-0.0,101950.0,106750.0,0.0,0.04496487119437939,killed,daily_loss_limit,risk_killed_until_explicit_operator_restart,forecast_signal,False,NGU9@2019-08-28,2019
2019-07-28 00:00:00+00:00,2019-07-28 00:00:00+00:00,NGU9@2019-08-28,8fedda18ec65842bda8c,0.0,True,True,0.0,0.0,0.0,0.0,0.0,0.0,0.0,0.0,101950.0,106750.0,0.0,0.04496487119437939,killed,daily_loss_limit,risk_killed_until_explicit_operator_restart,specialist_veto,False,NGU9@2019-08-28,2019
2019-07-29 00:00:00+00:00,2019-07-29 00:00:00+00:00,NGU9@2019-08-28,8fedda18ec65842bda8c,0.0,True,True,0.0,0.0,0.0,0.0,0.0,0.0,-0.0,-0.0,101950.0,106750.0,0.0,0.04496487119437939,killed,daily_loss_limit,risk_killed_until_explicit_operator_restart,specialist_veto,False,NGU9@2019-08-28,2019
2019-07-30 00:00:00+00:00,2019-07-30 00:00:00+00:00,NGU9@2019-08-28,a5571dfad065483cb471,0.0,True,True,0.0,0.0,0.0,0.0,0.0,0.0,0.0,0.0,101950.0,106750.0,0.0,0.04496487119437939,killed,daily_loss_limit,risk_killed_until_explicit_operator_restart,specialist_veto,False,NGU9@2019-08-28,2019
2019-07-31 00:00:00+00:00,2019-07-31 00:00:00+00:00,NGU9@2019-08-28,8e56b2bc3094127fc5b6,0.0,True,True,0.0,0.0,0.0,0.0,0.0,0.0,0.0,0.0,101950.0,106750.0,0.0,0.04496487119437939,killed,daily_loss_limit,risk_killed_until_explicit_operator_restart,specialist_veto,False,NGU9@2019-08-28,2019
2019-08-01 00:00:00+00:00,2019-08-01 00:00:00+00:00,NGU9@2019-08-28,9fba7a9b9a8045858e3a,0.0,True,True,0.0,0.0,0.0,0.0,0.0,0.0,-0.0,-0.0,101950.0,106750.0,0.0,0.04496487119437939,killed,daily_loss_limit,risk_killed_until_explicit_operator_restart,specialist_veto,False,NGU9@2019-08-28,2019
2019-08-02 00:00:00+00:00,2019-08-02 00:00:00+00:00,NGU9@2019-08-28,368381575e4752906dfc,0.0,True,True,0.0,0.0,0.0,0.0,0.0,0.0,-0.0,-0.0,101950.0,106750.0,0.0,0.04496487119437939,killed,daily_loss_limit,risk_killed_until_explicit_operator_restart,specialist_veto,False,NGU9@2019-08-28,2019
2019-08-04 00:00:00+00:00,2019-08-04 00:00:00+00:00,NGU9@2019-08-28,4889297ee812fd117b6e,-1.0,False,True,0.0,0.0,0.0,0.0,0.0,0.0,0.0,0.0,101950.0,106750.0,0.0,0.04496487119437939,killed,daily_loss_limit,risk_killed_until_explicit_operator_restart,forecast_signal,False,NGU9@2019-08-28,2019
2019-08-05 00:00:00+00:00,2019-08-05 00:00:00+00:00,NGU9@2019-08-28,4889297ee812fd117b6e,-1.0,False,True,0.0,0.0,0.0,0.0,0.0,0.0,-0.0,-0.0,101950.0,106750.0,0.0,0.04496487119437939,killed,daily_loss_limit,risk_killed_until_explicit_operator_restart,forecast_signal,False,NGU9@2019-08-28,2019
2019-08-06 00:00:00+00:00,2019-08-06 00:00:00+00:00,NGU9@2019-08-28,3cdcce8fc4327bbdbea6,0.0,True,True,0.0,0.0,0.0,0.0,0.0,0.0,0.0,0.0,101950.0,106750.0,0.0,0.04496487119437939,killed,daily_loss_limit,risk_killed_until_explicit_operator_restart,specialist_veto,False,NGU9@2019-08-28,2019
2019-08-07 00:00:00+00:00,2019-08-07 00:00:00+00:00,NGU9@2019-08-28,97607a73eaad0c5bb240,0.0,True,True,0.0,0.0,0.0,0.0,0.0,0.0,-0.0,-0.0,101950.0,106750.0,0.0,0.04496487119437939,killed,daily_loss_limit,risk_killed_until_explicit_operator_restart,specialist_veto,False,NGU9@2019-08-28,2019
2019-08-08 00:00:00+00:00,2019-08-08 00:00:00+00:00,NGU9@2019-08-28,f146f3450c660a68a81d,0.0,True,True,0.0,0.0,0.0,0.0,0.0,0.0,0.0,0.0,101950.0,106750.0,0.0,0.04496487119437939,killed,daily_loss_limit,risk_killed_until_explicit_operator_restart,specialist_veto,False,NGU9@2019-08-28,2019
2019-08-09 00:00:00+00:00,2019-08-09 00:00:00+00:00,NGU9@2019-08-28,ea66a2faea3cf6143fed,-1.0,False,True,0.0,0.0,0.0,0.0,0.0,0.0,0.0,0.0,101950.0,106750.0,0.0,0.04496487119437939,killed,daily_loss_limit,risk_killed_until_explicit_operator_restart,forecast_signal,False,NGU9@2019-08-28,2019
2019-08-11 00:00:00+00:00,2019-08-11 00:00:00+00:00,NGU9@2019-08-28,8febcbe6e06aff4de012,0.0,True,True,0.0,0.0,0.0,0.0,0.0,0.0,0.0,0.0,101950.0,106750.0,0.0,0.04496487119437939,killed,daily_loss_limit,risk_killed_until_explicit_operator_restart,specialist_veto,False,NGU9@2019-08-28,2019
2019-08-12 00:00:00+00:00,2019-08-12 00:00:00+00:00,NGU9@2019-08-28,8febcbe6e06aff4de012,0.0,True,True,0.0,0.0,0.0,0.0,0.0,0.0,-0.0,-0.0,101950.0,106750.0,0.0,0.04496487119437939,killed,daily_loss_limit,risk_killed_until_explicit_operator_restart,specialist_veto,False,NGU9@2019-08-28,2019
2019-08-13 00:00:00+00:00,2019-08-13 00:00:00+00:00,NGU9@2019-08-28,964fad487ab666dc8519,0.0,True,True,0.0,0.0,0.0,0.0,0.0,0.0,0.0,0.0,101950.0,106750.0,0.0,0.04496487119437939,killed,daily_loss_limit,risk_killed_until_explicit_operator_restart,predicted_gross_pnl_not_above_round_trip_cost,False,NGU9@2019-08-28,2019
2019-08-14 00:00:00+00:00,2019-08-14 00:00:00+00:00,NGU9@2019-08-28,24660b33704cffe2c35c,1.0,False,True,0.0,0.0,0.0,0.0,0.0,0.0,0.0,0.0,101950.0,106750.0,0.0,0.04496487119437939,killed,daily_loss_limit,risk_killed_until_explicit_operator_restart,forecast_signal,False,NGU9@2019-08-28,2019
2019-08-15 00:00:00+00:00,2019-08-15 00:00:00+00:00,NGU9@2019-08-28,9da151c7e2389892d518,0.0,True,True,0.0,0.0,0.0,0.0,0.0,0.0,0.0,0.0,101950.0,106750.0,0.0,0.04496487119437939,killed,daily_loss_limit,risk_killed_until_explicit_operator_restart,predicted_gross_pnl_not_above_round_trip_cost,False,NGU9@2019-08-28,2019
2019-08-16 00:00:00+00:00,2019-08-16 00:00:00+00:00,NGU9@2019-08-28,86a92f59b4e95c13ca40,0.0,True,True,0.0,0.0,0.0,0.0,0.0,0.0,-0.0,-0.0,101950.0,106750.0,0.0,0.04496487119437939,killed,daily_loss_limit,risk_killed_until_explicit_operator_restart,predicted_gross_pnl_not_above_round_trip_cost,False,NGU9@2019-08-28,2019
2019-08-18 00:00:00+00:00,2019-08-18 00:00:00+00:00,NGU9@2019-08-28,e0713051c2a2106d3635,-1.0,False,True,0.0,0.0,0.0,0.0,0.0,0.0,0.0,0.0,101950.0,106750.0,0.0,0.04496487119437939,killed,daily_loss_limit,risk_killed_until_explicit_operator_restart,forecast_signal,False,NGU9@2019-08-28,2019
2019-08-19 00:00:00+00:00,2019-08-19 00:00:00+00:00,NGU9@2019-08-28,e0713051c2a2106d3635,-1.0,False,True,0.0,0.0,0.0,0.0,0.0,0.0,0.0,0.0,101950.0,106750.0,0.0,0.04496487119437939,killed,daily_loss_limit,risk_killed_until_explicit_operator_restart,forecast_signal,False,NGU9@2019-08-28,2019
2019-08-20 00:00:00+00:00,2019-08-20 00:00:00+00:00,NGU9@2019-08-28,0f0df8a2538a6fa59338,1.0,False,True,0.0,0.0,0.0,0.0,0.0,0.0,0.0,0.0,101950.0,106750.0,0.0,0.04496487119437939,killed,daily_loss_limit,risk_killed_until_explicit_operator_restart,forecast_signal,False,NGU9@2019-08-28,2019
2019-08-21 00:00:00+00:00,2019-08-21 00:00:00+00:00,NGU9@2019-08-28,c4868e9bd86a403d88c2,-1.0,False,True,0.0,0.0,0.0,0.0,0.0,0.0,-0.0,-0.0,101950.0,106750.0,0.0,0.04496487119437939,killed,daily_loss_limit,risk_killed_until_explicit_operator_restart,forecast_signal,False,NGU9@2019-08-28,2019
2019-08-22 00:00:00+00:00,2019-08-22 00:00:00+00:00,NGU9@2019-08-28,5716a6335f039f217732,-1.0,False,True,0.0,0.0,0.0,0.0,0.0,0.0,-0.0,-0.0,101950.0,106750.0,0.0,0.04496487119437939,killed,daily_loss_limit,risk_killed_until_explicit_operator_restart,forecast_signal,False,NGU9@2019-08-28,2019
2019-08-23 00:00:00+00:00,2019-08-23 00:00:00+00:00,NGU9@2019-08-28,642e277e71b726ec5a13,-1.0,False,True,0.0,0.0,0.0,0.0,0.0,0.0,0.0,0.0,101950.0,106750.0,0.0,0.04496487119437939,killed,daily_loss_limit,risk_killed_until_explicit_operator_restart,forecast_signal,False,NGU9@2019-08-28,2019
2019-08-25 00:00:00+00:00,2019-08-25 00:00:00+00:00,NGU9@2019-08-28,d67921b8c4857eaae0a2,-1.0,False,True,0.0,0.0,0.0,0.0,0.0,0.0,0.0,0.0,101950.0,106750.0,0.0,0.04496487119437939,killed,daily_loss_limit,risk_killed_until_explicit_operator_restart,forecast_signal,False,NGU9@2019-08-28,2019
2019-08-26 00:00:00+00:00,2019-08-26 00:00:00+00:00,NGU9@2019-08-28,d67921b8c4857eaae0a2,-1.0,False,True,0.0,0.0,0.0,0.0,0.0,0.0,0.0,0.0,101950.0,106750.0,0.0,0.04496487119437939,killed,daily_loss_limit,risk_killed_until_explicit_operator_restart,forecast_signal,False,NGU9@2019-08-28,2019
2019-08-27 00:00:00+00:00,2019-08-27 00:00:00+00:00,NGU9@2019-08-28,c5af5518b881040d7152,-1.0,False,True,0.0,0.0,0.0,0.0,0.0,0.0,-0.0,-0.0,101950.0,106750.0,0.0,0.04496487119437939,killed,daily_loss_limit,risk_killed_until_explicit_operator_restart,forecast_signal,False,NGV9@2019-09-26,2019
2019-08-28 00:00:00+00:00,2019-08-28 00:00:00+00:00,NGV9@2019-09-26,e01d903b33e12f277cf9,-0.5,False,True,0.0,0.0,0.0,0.0,0.0,0.0,0.0,0.0,101950.0,106750.0,0.0,0.04496487119437939,killed,daily_loss_limit,risk_killed_until_explicit_operator_restart,specialist_sizing_modifier,False,NGV9@2019-09-26,2019
2019-08-29 00:00:00+00:00,2019-08-29 00:00:00+00:00,NGV9@2019-09-26,852bba06417037cb5308,-1.0,False,True,0.0,0.0,0.0,0.0,0.0,0.0,0.0,0.0,101950.0,106750.0,0.0,0.04496487119437939,killed,daily_loss_limit,risk_killed_until_explicit_operator_restart,forecast_signal,False,NGV9@2019-09-26,2019
2019-08-30 00:00:00+00:00,2019-08-30 00:00:00+00:00,NGV9@2019-09-26,283fa876920a32b095bf,0.0,True,True,0.0,0.0,0.0,0.0,0.0,0.0,0.0,0.0,101950.0,106750.0,0.0,0.04496487119437939,killed,daily_loss_limit,risk_killed_until_explicit_operator_restart,specialist_veto,False,NGV9@2019-09-26,2019
2019-09-01 00:00:00+00:00,2019-09-01 00:00:00+00:00,NGV9@2019-09-26,1ad755c45b3eeccf3d26,-1.0,False,True,0.0,0.0,0.0,0.0,0.0,0.0,-0.0,-0.0,101950.0,106750.0,0.0,0.04496487119437939,killed,daily_loss_limit,risk_killed_until_explicit_operator_restart,forecast_signal,False,NGV9@2019-09-26,2019
2019-09-02 00:00:00+00:00,2019-09-02 00:00:00+00:00,NGV9@2019-09-26,1ad755c45b3eeccf3d26,-1.0,False,True,0.0,0.0,0.0,0.0,0.0,0.0,0.0,0.0,101950.0,106750.0,0.0,0.04496487119437939,killed,daily_loss_limit,risk_killed_until_explicit_operator_restart,forecast_signal,False,NGV9@2019-09-26,2019
2019-09-03 00:00:00+00:00,2019-09-03 00:00:00+00:00,NGV9@2019-09-26,1ad755c45b3eeccf3d26,-1.0,False,True,0.0,0.0,0.0,0.0,0.0,0.0,0.0,0.0,101950.0,106750.0,0.0,0.04496487119437939,killed,daily_loss_limit,risk_killed_until_explicit_operator_restart,forecast_signal,False,NGV9@2019-09-26,2019
2019-09-04 00:00:00+00:00,2019-09-04 00:00:00+00:00,NGV9@2019-09-26,5cc6ba6c0964469a2c48,0.0,True,True,0.0,0.0,0.0,0.0,0.0,0.0,0.0,0.0,101950.0,106750.0,0.0,0.04496487119437939,killed,daily_loss_limit,risk_killed_until_explicit_operator_restart,specialist_veto,False,NGV9@2019-09-26,2019
2019-09-05 00:00:00+00:00,2019-09-05 00:00:00+00:00,NGV9@2019-09-26,c3e3e3f4a2c2c2e26a61,0.0,True,True,0.0,0.0,0.0,0.0,0.0,0.0,-0.0,-0.0,101950.0,106750.0,0.0,0.04496487119437939,killed,daily_loss_limit,risk_killed_until_explicit_operator_restart,specialist_veto,False,NGV9@2019-09-26,2019
2019-09-06 00:00:00+00:00,2019-09-06 00:00:00+00:00,NGV9@2019-09-26,4c9fd29ae99cd670d83a,1.0,False,True,0.0,0.0,0.0,0.0,0.0,0.0,0.0,0.0,101950.0,106750.0,0.0,0.04496487119437939,killed,daily_loss_limit,risk_killed_until_explicit_operator_restart,forecast_signal,False,NGV9@2019-09-26,2019
2019-09-08 00:00:00+00:00,2019-09-08 00:00:00+00:00,NGV9@2019-09-26,dd2ddaac70133f018a35,1.0,False,True,0.0,0.0,0.0,0.0,0.0,0.0,-0.0,-0.0,101950.0,106750.0,0.0,0.04496487119437939,killed,daily_loss_limit,risk_killed_until_explicit_operator_restart,forecast_signal,False,NGV9@2019-09-26,2019
2019-09-09 00:00:00+00:00,2019-09-09 00:00:00+00:00,NGV9@2019-09-26,dd2ddaac70133f018a35,1.0,False,True,0.0,0.0,0.0,0.0,0.0,0.0,0.0,0.0,101950.0,106750.0,0.0,0.04496487119437939,killed,daily_loss_limit,risk_killed_until_explicit_operator_restart,forecast_signal,False,NGV9@2019-09-26,2019
2019-09-10 00:00:00+00:00,2019-09-10 00:00:00+00:00,NGV9@2019-09-26,b2344ca084191cea4bc8,0.0,True,True,0.0,0.0,0.0,0.0,0.0,0.0,-0.0,-0.0,101950.0,106750.0,0.0,0.04496487119437939,killed,daily_loss_limit,risk_killed_until_explicit_operator_restart,specialist_veto,False,NGV9@2019-09-26,2019
2019-09-11 00:00:00+00:00,2019-09-11 00:00:00+00:00,NGV9@2019-09-26,63d5f515a9ae66514746,0.0,True,True,0.0,0.0,0.0,0.0,0.0,0.0,-0.0,-0.0,101950.0,106750.0,0.0,0.04496487119437939,killed,daily_loss_limit,risk_killed_until_explicit_operator_restart,specialist_veto,False,NGV9@2019-09-26,2019
2019-09-12 00:00:00+00:00,2019-09-12 00:00:00+00:00,NGV9@2019-09-26,5edc9af7a761dbbd66b8,1.0,False,True,0.0,0.0,0.0,0.0,0.0,0.0,0.0,0.0,101950.0,106750.0,0.0,0.04496487119437939,killed,daily_loss_limit,risk_killed_until_explicit_operator_restart,forecast_signal,False,NGV9@2019-09-26,2019
2019-09-13 00:00:00+00:00,2019-09-13 00:00:00+00:00,NGV9@2019-09-26,a822fdf37f3a3e4da54b,0.0,True,True,0.0,0.0,0.0,0.0,0.0,0.0,0.0,0.0,101950.0,106750.0,0.0,0.04496487119437939,killed,daily_loss_limit,risk_killed_until_explicit_operator_restart,specialist_veto,False,NGV9@2019-09-26,2019
2019-09-15 00:00:00+00:00,2019-09-15 00:00:00+00:00,NGV9@2019-09-26,e5f57fa897dd6a86f7d5,0.0,True,True,0.0,0.0,0.0,0.0,0.0,0.0,-0.0,-0.0,101950.0,106750.0,0.0,0.04496487119437939,killed,daily_loss_limit,risk_killed_until_explicit_operator_restart,predicted_gross_pnl_not_above_round_trip_cost,False,NGV9@2019-09-26,2019
2019-09-16 00:00:00+00:00,2019-09-16 00:00:00+00:00,NGV9@2019-09-26,e5f57fa897dd6a86f7d5,0.0,True,True,0.0,0.0,0.0,0.0,0.0,0.0,0.0,0.0,101950.0,106750.0,0.0,0.04496487119437939,killed,daily_loss_limit,risk_killed_until_explicit_operator_restart,predicted_gross_pnl_not_above_round_trip_cost,False,NGV9@2019-09-26,2019
2019-09-17 00:00:00+00:00,2019-09-17 00:00:00+00:00,NGV9@2019-09-26,112f38b796424c2f89ca,0.0,True,True,0.0,0.0,0.0,0.0,0.0,0.0,-0.0,-0.0,101950.0,106750.0,0.0,0.04496487119437939,killed,daily_loss_limit,risk_killed_until_explicit_operator_restart,specialist_veto,False,NGV9@2019-09-26,2019
2019-09-18 00:00:00+00:00,2019-09-18 00:00:00+00:00,NGV9@2019-09-26,267eda067346692d4709,0.0,True,True,0.0,0.0,0.0,0.0,0.0,0.0,-0.0,-0.0,101950.0,106750.0,0.0,0.04496487119437939,killed,daily_loss_limit,risk_killed_until_explicit_operator_restart,specialist_veto,False,NGV9@2019-09-26,2019
2019-09-19 00:00:00+00:00,2019-09-19 00:00:00+00:00,NGV9@2019-09-26,39a56a378463ae3151dd,0.0,True,True,0.0,0.0,0.0,0.0,0.0,0.0,-0.0,-0.0,101950.0,106750.0,0.0,0.04496487119437939,killed,daily_loss_limit,risk_killed_until_explicit_operator_restart,specialist_veto,False,NGV9@2019-09-26,2019
2019-09-20 00:00:00+00:00,2019-09-20 00:00:00+00:00,NGV9@2019-09-26,c19e335378c37ed7c87a,0.0,True,True,0.0,0.0,0.0,0.0,0.0,0.0,-0.0,-0.0,101950.0,106750.0,0.0,0.04496487119437939,killed,daily_loss_limit,risk_killed_until_explicit_operator_restart,specialist_veto,False,NGV9@2019-09-26,2019
2019-09-22 00:00:00+00:00,2019-09-22 00:00:00+00:00,NGV9@2019-09-26,2c5a444ec218d6f0c562,-1.0,False,True,0.0,0.0,0.0,0.0,0.0,0.0,-0.0,-0.0,101950.0,106750.0,0.0,0.04496487119437939,killed,daily_loss_limit,risk_killed_until_explicit_operator_restart,forecast_signal,False,NGV9@2019-09-26,2019
2019-09-23 00:00:00+00:00,2019-09-23 00:00:00+00:00,NGV9@2019-09-26,2c5a444ec218d6f0c562,-1.0,False,True,0.0,0.0,0.0,0.0,0.0,0.0,0.0,0.0,101950.0,106750.0,0.0,0.04496487119437939,killed,daily_loss_limit,risk_killed_until_explicit_operator_restart,forecast_signal,False,NGV9@2019-09-26,2019
2019-09-24 00:00:00+00:00,2019-09-24 00:00:00+00:00,NGV9@2019-09-26,d5faea95108884593d30,0.0,True,True,0.0,0.0,0.0,0.0,0.0,0.0,-0.0,-0.0,101950.0,106750.0,0.0,0.04496487119437939,killed,daily_loss_limit,risk_killed_until_explicit_operator_restart,specialist_veto,False,NGX9@2019-10-29,2019
2019-09-25 00:00:00+00:00,2019-09-25 00:00:00+00:00,NGX9@2019-10-29,e815011fb275c929c8cd,-1.0,False,True,0.0,0.0,0.0,0.0,0.0,0.0,0.0,0.0,101950.0,106750.0,0.0,0.04496487119437939,killed,daily_loss_limit,risk_killed_until_explicit_operator_restart,forecast_signal,False,NGX9@2019-10-29,2019
2019-09-26 00:00:00+00:00,2019-09-26 00:00:00+00:00,NGX9@2019-10-29,40c521aa2b4d11f2a4f9,-1.0,False,True,0.0,0.0,0.0,0.0,0.0,0.0,-0.0,-0.0,101950.0,106750.0,0.0,0.04496487119437939,killed,daily_loss_limit,risk_killed_until_explicit_operator_restart,forecast_signal,False,NGX9@2019-10-29,2019
2019-09-27 00:00:00+00:00,2019-09-27 00:00:00+00:00,NGX9@2019-10-29,447a8d10cd0bacbddc48,-1.0,False,True,0.0,0.0,0.0,0.0,0.0,0.0,-0.0,-0.0,101950.0,106750.0,0.0,0.04496487119437939,killed,daily_loss_limit,risk_killed_until_explicit_operator_restart,forecast_signal,False,NGX9@2019-10-29,2019
2019-09-29 00:00:00+00:00,2019-09-29 00:00:00+00:00,NGX9@2019-10-29,9064beaf35af6b3c2baa,-1.0,False,True,0.0,0.0,0.0,0.0,0.0,0.0,0.0,0.0,101950.0,106750.0,0.0,0.04496487119437939,killed,daily_loss_limit,risk_killed_until_explicit_operator_restart,forecast_signal,False,NGX9@2019-10-29,2019
2019-09-30 00:00:00+00:00,2019-09-30 00:00:00+00:00,NGX9@2019-10-29,9064beaf35af6b3c2baa,-1.0,False,True,0.0,0.0,0.0,0.0,0.0,0.0,-0.0,-0.0,101950.0,106750.0,0.0,0.04496487119437939,killed,daily_loss_limit,risk_killed_until_explicit_operator_restart,forecast_signal,False,NGX9@2019-10-29,2019
2019-10-01 00:00:00+00:00,2019-10-01 00:00:00+00:00,NGX9@2019-10-29,85043faf26fc41577d73,-1.0,False,True,0.0,0.0,0.0,0.0,0.0,0.0,-0.0,-0.0,101950.0,106750.0,0.0,0.04496487119437939,killed,daily_loss_limit,risk_killed_until_explicit_operator_restart,forecast_signal,False,NGX9@2019-10-29,2019
2019-10-02 00:00:00+00:00,2019-10-02 00:00:00+00:00,NGX9@2019-10-29,a62fec8cd4502662eb62,-1.0,False,True,0.0,0.0,0.0,0.0,0.0,0.0,-0.0,-0.0,101950.0,106750.0,0.0,0.04496487119437939,killed,daily_loss_limit,risk_killed_until_explicit_operator_restart,forecast_signal,False,NGX9@2019-10-29,2019
2019-10-03 00:00:00+00:00,2019-10-03 00:00:00+00:00,NGX9@2019-10-29,8923ba7741d401be3e8a,-1.0,False,True,0.0,0.0,0.0,0.0,0.0,0.0,0.0,0.0,101950.0,106750.0,0.0,0.04496487119437939,killed,daily_loss_limit,risk_killed_until_explicit_operator_restart,forecast_signal,False,NGX9@2019-10-29,2019
2019-10-04 00:00:00+00:00,2019-10-04 00:00:00+00:00,NGX9@2019-10-29,7d2d47929c6a2022dc9a,-1.0,False,True,0.0,0.0,0.0,0.0,0.0,0.0,-0.0,-0.0,101950.0,106750.0,0.0,0.04496487119437939,killed,daily_loss_limit,risk_killed_until_explicit_operator_restart,forecast_signal,False,NGX9@2019-10-29,2019
2019-10-06 00:00:00+00:00,2019-10-06 00:00:00+00:00,NGX9@2019-10-29,68a8b6beadf43474e00f,0.0,True,True,0.0,0.0,0.0,0.0,0.0,0.0,-0.0,-0.0,101950.0,106750.0,0.0,0.04496487119437939,killed,daily_loss_limit,risk_killed_until_explicit_operator_restart,specialist_veto,False,NGX9@2019-10-29,2019
2019-10-07 00:00:00+00:00,2019-10-07 00:00:00+00:00,NGX9@2019-10-29,68a8b6beadf43474e00f,0.0,True,True,0.0,0.0,0.0,0.0,0.0,0.0,-0.0,-0.0,101950.0,106750.0,0.0,0.04496487119437939,killed,daily_loss_limit,risk_killed_until_explicit_operator_restart,specialist_veto,False,NGX9@2019-10-29,2019
2019-10-08 00:00:00+00:00,2019-10-08 00:00:00+00:00,NGX9@2019-10-29,7f7a5c6f24a71a155aec,-1.0,False,True,0.0,0.0,0.0,0.0,0.0,0.0,0.0,0.0,101950.0,106750.0,0.0,0.04496487119437939,killed,daily_loss_limit,risk_killed_until_explicit_operator_restart,forecast_signal,False,NGX9@2019-10-29,2019
2019-10-09 00:00:00+00:00,2019-10-09 00:00:00+00:00,NGX9@2019-10-29,feafe9cdf4b7bf9cdc6c,0.0,True,True,0.0,0.0,0.0,0.0,0.0,0.0,-0.0,-0.0,101950.0,106750.0,0.0,0.04496487119437939,killed,daily_loss_limit,risk_killed_until_explicit_operator_restart,predicted_gross_pnl_not_above_round_trip_cost,False,NGX9@2019-10-29,2019
2019-10-10 00:00:00+00:00,2019-10-10 00:00:00+00:00,NGX9@2019-10-29,b025abcb34c0a888f256,-0.5,False,True,0.0,0.0,0.0,0.0,0.0,0.0,-0.0,-0.0,101950.0,106750.0,0.0,0.04496487119437939,killed,daily_loss_limit,risk_killed_until_explicit_operator_restart,specialist_sizing_modifier,False,NGX9@2019-10-29,2019
2019-10-11 00:00:00+00:00,2019-10-11 00:00:00+00:00,NGX9@2019-10-29,f9db94755532abd18bf8,-1.0,False,True,0.0,0.0,0.0,0.0,0.0,0.0,0.0,0.0,101950.0,106750.0,0.0,0.04496487119437939,killed,daily_loss_limit,risk_killed_until_explicit_operator_restart,forecast_signal,False,NGX9@2019-10-29,2019
2019-10-13 00:00:00+00:00,2019-10-13 00:00:00+00:00,NGX9@2019-10-29,10947dee48b6a7b49c2d,0.0,True,True,0.0,0.0,0.0,0.0,0.0,0.0,0.0,0.0,101950.0,106750.0,0.0,0.04496487119437939,killed,daily_loss_limit,risk_killed_until_explicit_operator_restart,specialist_veto,False,NGX9@2019-10-29,2019
2019-10-14 00:00:00+00:00,2019-10-14 00:00:00+00:00,NGX9@2019-10-29,10947dee48b6a7b49c2d,0.0,True,True,0.0,0.0,0.0,0.0,0.0,0.0,0.0,0.0,101950.0,106750.0,0.0,0.04496487119437939,killed,daily_loss_limit,risk_killed_until_explicit_operator_restart,specialist_veto,False,NGX9@2019-10-29,2019
2019-10-15 00:00:00+00:00,2019-10-15 00:00:00+00:00,NGX9@2019-10-29,2bcc2d5f5857ec693dba,-1.0,False,True,0.0,0.0,0.0,0.0,0.0,0.0,0.0,0.0,101950.0,106750.0,0.0,0.04496487119437939,killed,daily_loss_limit,risk_killed_until_explicit_operator_restart,forecast_signal,False,NGX9@2019-10-29,2019
2019-10-16 00:00:00+00:00,2019-10-16 00:00:00+00:00,NGX9@2019-10-29,9777fba990358c29f45f,0.0,True,True,0.0,0.0,0.0,0.0,0.0,0.0,-0.0,-0.0,101950.0,106750.0,0.0,0.04496487119437939,killed,daily_loss_limit,risk_killed_until_explicit_operator_restart,specialist_veto,False,NGX9@2019-10-29,2019
2019-10-17 00:00:00+00:00,2019-10-17 00:00:00+00:00,NGX9@2019-10-29,b5e172b0f785e2ceed26,0.0,True,True,0.0,0.0,0.0,0.0,0.0,0.0,0.0,0.0,101950.0,106750.0,0.0,0.04496487119437939,killed,daily_loss_limit,risk_killed_until_explicit_operator_restart,predicted_gross_pnl_not_above_round_trip_cost,False,NGX9@2019-10-29,2019
2019-10-18 00:00:00+00:00,2019-10-18 00:00:00+00:00,NGX9@2019-10-29,7952fbab38a3743da13c,0.0,True,True,0.0,0.0,0.0,0.0,0.0,0.0,0.0,0.0,101950.0,106750.0,0.0,0.04496487119437939,killed,daily_loss_limit,risk_killed_until_explicit_operator_restart,predicted_gross_pnl_not_above_round_trip_cost,False,NGX9@2019-10-29,2019
2019-10-20 00:00:00+00:00,2019-10-20 00:00:00+00:00,NGX9@2019-10-29,6fd9c05dcb62a206f021,0.0,True,True,0.0,0.0,0.0,0.0,0.0,0.0,-0.0,-0.0,101950.0,106750.0,0.0,0.04496487119437939,killed,daily_loss_limit,risk_killed_until_explicit_operator_restart,predicted_gross_pnl_not_above_round_trip_cost,False,NGX9@2019-10-29,2019
2019-10-21 00:00:00+00:00,2019-10-21 00:00:00+00:00,NGX9@2019-10-29,6fd9c05dcb62a206f021,0.0,True,True,0.0,0.0,0.0,0.0,0.0,0.0,-0.0,-0.0,101950.0,106750.0,0.0,0.04496487119437939,killed,daily_loss_limit,risk_killed_until_explicit_operator_restart,predicted_gross_pnl_not_above_round_trip_cost,False,NGX9@2019-10-29,2019
2019-10-22 00:00:00+00:00,2019-10-22 00:00:00+00:00,NGX9@2019-10-29,d4f4ac856638d8a124a1,-1.0,False,True,0.0,0.0,0.0,0.0,0.0,0.0,0.0,0.0,101950.0,106750.0,0.0,0.04496487119437939,killed,daily_loss_limit,risk_killed_until_explicit_operator_restart,forecast_signal,False,NGX9@2019-10-29,2019
2019-10-23 00:00:00+00:00,2019-10-23 00:00:00+00:00,NGX9@2019-10-29,c6a9df9c0c226916b05d,-1.0,False,True,0.0,0.0,0.0,0.0,0.0,0.0,0.0,0.0,101950.0,106750.0,0.0,0.04496487119437939,killed,daily_loss_limit,risk_killed_until_explicit_operator_restart,forecast_signal,False,NGX9@2019-10-29,2019
2019-10-24 00:00:00+00:00,2019-10-24 00:00:00+00:00,NGX9@2019-10-29,c6a9df9c0c226916b05d,-1.0,False,True,0.0,0.0,0.0,0.0,0.0,0.0,0.0,0.0,101950.0,106750.0,0.0,0.04496487119437939,killed,daily_loss_limit,risk_killed_until_explicit_operator_restart,forecast_signal,False,NGX9@2019-10-29,2019
2019-10-25 00:00:00+00:00,2019-10-25 00:00:00+00:00,NGX9@2019-10-29,c6a9df9c0c226916b05d,-1.0,False,True,0.0,0.0,0.0,0.0,0.0,0.0,0.0,0.0,101950.0,106750.0,0.0,0.04496487119437939,killed,daily_loss_limit,risk_killed_until_explicit_operator_restart,forecast_signal,False,NGX9@2019-10-29,2019
2019-10-27 00:00:00+00:00,2019-10-27 00:00:00+00:00,NGX9@2019-10-29,c6a9df9c0c226916b05d,-1.0,False,True,0.0,0.0,0.0,0.0,0.0,0.0,0.0,0.0,101950.0,106750.0,0.0,0.04496487119437939,killed,daily_loss_limit,risk_killed_until_explicit_operator_restart,forecast_signal,False,NGX9@2019-10-29,2019
2019-10-28 00:00:00+00:00,2019-10-28 00:00:00+00:00,NGX9@2019-10-29,c6a9df9c0c226916b05d,-1.0,False,True,0.0,0.0,0.0,0.0,0.0,0.0,0.0,0.0,101950.0,106750.0,0.0,0.04496487119437939,killed,daily_loss_limit,risk_killed_until_explicit_operator_restart,forecast_signal,False,NGX9@2019-10-29,2019
2019-10-29 00:00:00+00:00,2019-10-29 00:00:00+00:00,NGX9@2019-10-29,,0.0,True,True,0.0,0.0,0.0,0.0,0.0,0.0,0.0,0.0,101950.0,106750.0,0.0,0.04496487119437939,killed,daily_loss_limit,risk_killed_until_explicit_operator_restart,forecast_horizon_expired,False,,2019
2019-10-30 00:00:00+00:00,2019-10-30 00:00:00+00:00,NGZ9@2019-11-26,,0.0,True,True,0.0,0.0,0.0,0.0,0.0,0.0,0.0,0.0,101950.0,106750.0,0.0,0.04496487119437939,killed,daily_loss_limit,risk_killed_until_explicit_operator_restart,forecast_horizon_expired,False,NGZ9@2019-11-26,2019
2019-10-31 00:00:00+00:00,2019-10-31 00:00:00+00:00,NGZ9@2019-11-26,,0.0,True,True,0.0,0.0,0.0,0.0,0.0,0.0,-0.0,-0.0,101950.0,106750.0,0.0,0.04496487119437939,killed,daily_loss_limit,risk_killed_until_explicit_operator_restart,forecast_horizon_expired,False,NGZ9@2019-11-26,2019
2019-11-01 00:00:00+00:00,2019-11-01 00:00:00+00:00,NGZ9@2019-11-26,3d8d07b91a3added6f13,1.0,False,True,0.0,0.0,0.0,0.0,0.0,0.0,0.0,0.0,101950.0,106750.0,0.0,0.04496487119437939,killed,daily_loss_limit,risk_killed_until_explicit_operator_restart,forecast_signal,False,NGZ9@2019-11-26,2019
2019-11-03 00:00:00+00:00,2019-11-03 00:00:00+00:00,NGZ9@2019-11-26,0a647f866bdb230e522f,0.0,True,True,0.0,0.0,0.0,0.0,0.0,0.0,0.0,0.0,101950.0,106750.0,0.0,0.04496487119437939,killed,daily_loss_limit,risk_killed_until_explicit_operator_restart,specialist_veto,False,NGZ9@2019-11-26,2019
2019-11-04 00:00:00+00:00,2019-11-04 00:00:00+00:00,NGZ9@2019-11-26,0a647f866bdb230e522f,0.0,True,True,0.0,0.0,0.0,0.0,0.0,0.0,0.0,0.0,101950.0,106750.0,0.0,0.04496487119437939,killed,daily_loss_limit,risk_killed_until_explicit_operator_restart,specialist_veto,False,NGZ9@2019-11-26,2019
2019-11-05 00:00:00+00:00,2019-11-05 00:00:00+00:00,NGZ9@2019-11-26,ac1e8cddaf1c10c89ff9,1.0,False,True,0.0,0.0,0.0,0.0,0.0,0.0,0.0,0.0,101950.0,106750.0,0.0,0.04496487119437939,killed,daily_loss_limit,risk_killed_until_explicit_operator_restart,forecast_signal,False,NGZ9@2019-11-26,2019
2019-11-06 00:00:00+00:00,2019-11-06 00:00:00+00:00,NGZ9@2019-11-26,6b191bfd0a408b1c598f,1.0,False,True,0.0,0.0,0.0,0.0,0.0,0.0,-0.0,-0.0,101950.0,106750.0,0.0,0.04496487119437939,killed,daily_loss_limit,risk_killed_until_explicit_operator_restart,forecast_signal,False,NGZ9@2019-11-26,2019
2019-11-07 00:00:00+00:00,2019-11-07 00:00:00+00:00,NGZ9@2019-11-26,05dab66d5e365811398a,0.0,True,True,0.0,0.0,0.0,0.0,0.0,0.0,-0.0,-0.0,101950.0,106750.0,0.0,0.04496487119437939,killed,daily_loss_limit,risk_killed_until_explicit_operator_restart,specialist_veto,False,NGZ9@2019-11-26,2019
2019-11-08 00:00:00+00:00,2019-11-08 00:00:00+00:00,NGZ9@2019-11-26,77a58d79cfb39d103b26,1.0,False,True,0.0,0.0,0.0,0.0,0.0,0.0,-0.0,-0.0,101950.0,106750.0,0.0,0.04496487119437939,killed,daily_loss_limit,risk_killed_until_explicit_operator_restart,forecast_signal,False,NGZ9@2019-11-26,2019
2019-11-10 00:00:00+00:00,2019-11-10 00:00:00+00:00,NGZ9@2019-11-26,b84f9406b3d6fa514621,-1.0,False,True,0.0,0.0,0.0,0.0,0.0,0.0,-0.0,-0.0,101950.0,106750.0,0.0,0.04496487119437939,killed,daily_loss_limit,risk_killed_until_explicit_operator_restart,forecast_signal,False,NGZ9@2019-11-26,2019
2019-11-11 00:00:00+00:00,2019-11-11 00:00:00+00:00,NGZ9@2019-11-26,b84f9406b3d6fa514621,-1.0,False,True,0.0,0.0,0.0,0.0,0.0,0.0,-0.0,-0.0,101950.0,106750.0,0.0,0.04496487119437939,killed,daily_loss_limit,risk_killed_until_explicit_operator_restart,forecast_signal,False,NGZ9@2019-11-26,2019
2019-11-12 00:00:00+00:00,2019-11-12 00:00:00+00:00,NGZ9@2019-11-26,8069b72141e67a0a6497,-1.0,False,True,0.0,0.0,0.0,0.0,0.0,0.0,-0.0,-0.0,101950.0,106750.0,0.0,0.04496487119437939,killed,daily_loss_limit,risk_killed_until_explicit_operator_restart,forecast_signal,False,NGZ9@2019-11-26,2019
2019-11-13 00:00:00+00:00,2019-11-13 00:00:00+00:00,NGZ9@2019-11-26,62d8cbddca073f32a989,0.0,True,True,0.0,0.0,0.0,0.0,0.0,0.0,0.0,0.0,101950.0,106750.0,0.0,0.04496487119437939,killed,daily_loss_limit,risk_killed_until_explicit_operator_restart,predicted_gross_pnl_not_above_round_trip_cost,False,NGZ9@2019-11-26,2019
2019-11-14 00:00:00+00:00,2019-11-14 00:00:00+00:00,NGZ9@2019-11-26,3d2eb82cc63e4d53ec50,-1.0,False,True,0.0,0.0,0.0,0.0,0.0,0.0,-0.0,-0.0,101950.0,106750.0,0.0,0.04496487119437939,killed,daily_loss_limit,risk_killed_until_explicit_operator_restart,forecast_signal,False,NGZ9@2019-11-26,2019
2019-11-15 00:00:00+00:00,2019-11-15 00:00:00+00:00,NGZ9@2019-11-26,3c6642fa5708d768e81a,-1.0,False,True,0.0,0.0,0.0,0.0,0.0,0.0,0.0,0.0,101950.0,106750.0,0.0,0.04496487119437939,killed,daily_loss_limit,risk_killed_until_explicit_operator_restart,forecast_signal,False,NGZ9@2019-11-26,2019
2019-11-17 00:00:00+00:00,2019-11-17 00:00:00+00:00,NGZ9@2019-11-26,3edfe9c23e04953f3046,0.0,True,True,0.0,0.0,0.0,0.0,0.0,0.0,-0.0,-0.0,101950.0,106750.0,0.0,0.04496487119437939,killed,daily_loss_limit,risk_killed_until_explicit_operator_restart,predicted_gross_pnl_not_above_round_trip_cost,False,NGZ9@2019-11-26,2019
2019-11-18 00:00:00+00:00,2019-11-18 00:00:00+00:00,NGZ9@2019-11-26,3edfe9c23e04953f3046,0.0,True,True,0.0,0.0,0.0,0.0,0.0,0.0,-0.0,-0.0,101950.0,106750.0,0.0,0.04496487119437939,killed,daily_loss_limit,risk_killed_until_explicit_operator_restart,predicted_gross_pnl_not_above_round_trip_cost,False,NGZ9@2019-11-26,2019
2019-11-19 00:00:00+00:00,2019-11-19 00:00:00+00:00,NGZ9@2019-11-26,d689de466ce0bc9f77fe,-1.0,False,True,0.0,0.0,0.0,0.0,0.0,0.0,-0.0,-0.0,101950.0,106750.0,0.0,0.04496487119437939,killed,daily_loss_limit,risk_killed_until_explicit_operator_restart,forecast_signal,False,NGZ9@2019-11-26,2019
2019-11-20 00:00:00+00:00,2019-11-20 00:00:00+00:00,NGZ9@2019-11-26,25bd0214c646e79d7353,-1.0,False,True,0.0,0.0,0.0,0.0,0.0,0.0,0.0,0.0,101950.0,106750.0,0.0,0.04496487119437939,killed,daily_loss_limit,risk_killed_until_explicit_operator_restart,forecast_signal,False,NGZ9@2019-11-26,2019
2019-11-21 00:00:00+00:00,2019-11-21 00:00:00+00:00,NGZ9@2019-11-26,6a817dd7aeec0af17752,-1.0,False,True,0.0,0.0,0.0,0.0,0.0,0.0,0.0,0.0,101950.0,106750.0,0.0,0.04496487119437939,killed,daily_loss_limit,risk_killed_until_explicit_operator_restart,forecast_signal,False,NGZ9@2019-11-26,2019
2019-11-22 00:00:00+00:00,2019-11-22 00:00:00+00:00,NGZ9@2019-11-26,2405c2f58371c0bfc4db,0.0,True,True,0.0,0.0,0.0,0.0,0.0,0.0,0.0,0.0,101950.0,106750.0,0.0,0.04496487119437939,killed,daily_loss_limit,risk_killed_until_explicit_operator_restart,specialist_veto,False,NGZ9@2019-11-26,2019
2019-11-24 00:00:00+00:00,2019-11-24 00:00:00+00:00,NGZ9@2019-11-26,426e7d7a3a71b9c87b55,-1.0,False,True,0.0,0.0,0.0,0.0,0.0,0.0,-0.0,-0.0,101950.0,106750.0,0.0,0.04496487119437939,killed,daily_loss_limit,risk_killed_until_explicit_operator_restart,forecast_signal,False,NGZ9@2019-11-26,2019
2019-11-25 00:00:00+00:00,2019-11-25 00:00:00+00:00,NGZ9@2019-11-26,426e7d7a3a71b9c87b55,-1.0,False,True,0.0,0.0,0.0,0.0,0.0,0.0,-0.0,-0.0,101950.0,106750.0,0.0,0.04496487119437939,killed,daily_loss_limit,risk_killed_until_explicit_operator_restart,forecast_signal,False,NGF0@2019-12-27,2019
2019-11-26 00:00:00+00:00,2019-11-26 00:00:00+00:00,NGF0@2019-12-27,bf0a856e000c193939dd,-1.0,False,True,0.0,0.0,0.0,0.0,0.0,0.0,-0.0,-0.0,101950.0,106750.0,0.0,0.04496487119437939,killed,daily_loss_limit,risk_killed_until_explicit_operator_restart,forecast_signal,False,NGF0@2019-12-27,2019
2019-11-27 00:00:00+00:00,2019-11-27 00:00:00+00:00,NGF0@2019-12-27,7b34056c3aa78cc68ed1,-1.0,False,True,0.0,0.0,0.0,0.0,0.0,0.0,-0.0,-0.0,101950.0,106750.0,0.0,0.04496487119437939,killed,daily_loss_limit,risk_killed_until_explicit_operator_restart,forecast_signal,False,NGF0@2019-12-27,2019
2019-11-28 00:00:00+00:00,2019-11-28 00:00:00+00:00,NGF0@2019-12-27,53479c285abf52c998e4,0.0,True,True,0.0,0.0,0.0,0.0,0.0,0.0,-0.0,-0.0,101950.0,106750.0,0.0,0.04496487119437939,killed,daily_loss_limit,risk_killed_until_explicit_operator_restart,specialist_veto,False,NGF0@2019-12-27,2019
2019-11-29 00:00:00+00:00,2019-11-29 00:00:00+00:00,NGF0@2019-12-27,53479c285abf52c998e4,0.0,True,True,0.0,0.0,0.0,0.0,0.0,0.0,-0.0,-0.0,101950.0,106750.0,0.0,0.04496487119437939,killed,daily_loss_limit,risk_killed_until_explicit_operator_restart,specialist_veto,False,NGF0@2019-12-27,2019
2019-12-01 00:00:00+00:00,2019-12-01 00:00:00+00:00,NGF0@2019-12-27,b36912fd4c39752db570,0.0,True,True,0.0,0.0,0.0,0.0,0.0,0.0,0.0,0.0,101950.0,106750.0,0.0,0.04496487119437939,killed,daily_loss_limit,risk_killed_until_explicit_operator_restart,specialist_veto,False,NGF0@2019-12-27,2019
2019-12-02 00:00:00+00:00,2019-12-02 00:00:00+00:00,NGF0@2019-12-27,b36912fd4c39752db570,0.0,True,True,0.0,0.0,0.0,0.0,0.0,0.0,0.0,0.0,101950.0,106750.0,0.0,0.04496487119437939,killed,daily_loss_limit,risk_killed_until_explicit_operator_restart,specialist_veto,False,NGF0@2019-12-27,2019
2019-12-03 00:00:00+00:00,2019-12-03 00:00:00+00:00,NGF0@2019-12-27,ba4455c523636f472d4b,0.0,True,True,0.0,0.0,0.0,0.0,0.0,0.0,0.0,0.0,101950.0,106750.0,0.0,0.04496487119437939,killed,daily_loss_limit,risk_killed_until_explicit_operator_restart,specialist_veto,False,NGF0@2019-12-27,2019
2019-12-04 00:00:00+00:00,2019-12-04 00:00:00+00:00,NGF0@2019-12-27,8c94e3ebd4cb175a9eeb,0.0,True,True,0.0,0.0,0.0,0.0,0.0,0.0,-0.0,-0.0,101950.0,106750.0,0.0,0.04496487119437939,killed,daily_loss_limit,risk_killed_until_explicit_operator_restart,specialist_veto,False,NGF0@2019-12-27,2019
2019-12-05 00:00:00+00:00,2019-12-05 00:00:00+00:00,NGF0@2019-12-27,5fca0a121fbf3b7fa138,0.0,True,True,0.0,0.0,0.0,0.0,0.0,0.0,0.0,0.0,101950.0,106750.0,0.0,0.04496487119437939,killed,daily_loss_limit,risk_killed_until_explicit_operator_restart,specialist_veto,False,NGF0@2019-12-27,2019
2019-12-06 00:00:00+00:00,2019-12-06 00:00:00+00:00,NGF0@2019-12-27,a4079305c8b6d9f1bf33,0.0,True,True,0.0,0.0,0.0,0.0,0.0,0.0,-0.0,-0.0,101950.0,106750.0,0.0,0.04496487119437939,killed,daily_loss_limit,risk_killed_until_explicit_operator_restart,specialist_veto,False,NGF0@2019-12-27,2019
2019-12-08 00:00:00+00:00,2019-12-08 00:00:00+00:00,NGF0@2019-12-27,c5ba3b51b73af3572b07,0.0,True,True,0.0,0.0,0.0,0.0,0.0,0.0,0.0,0.0,101950.0,106750.0,0.0,0.04496487119437939,killed,daily_loss_limit,risk_killed_until_explicit_operator_restart,specialist_veto,False,NGF0@2019-12-27,2019
2019-12-09 00:00:00+00:00,2019-12-09 00:00:00+00:00,NGF0@2019-12-27,c5ba3b51b73af3572b07,0.0,True,True,0.0,0.0,0.0,0.0,0.0,0.0,0.0,0.0,101950.0,106750.0,0.0,0.04496487119437939,killed,daily_loss_limit,risk_killed_until_explicit_operator_restart,specialist_veto,False,NGF0@2019-12-27,2019
2019-12-10 00:00:00+00:00,2019-12-10 00:00:00+00:00,NGF0@2019-12-27,6efaa546503844afcb78,-1.0,False,True,0.0,0.0,0.0,0.0,0.0,0.0,0.0,0.0,101950.0,106750.0,0.0,0.04496487119437939,killed,daily_loss_limit,risk_killed_until_explicit_operator_restart,forecast_signal,False,NGF0@2019-12-27,2019
2019-12-11 00:00:00+00:00,2019-12-11 00:00:00+00:00,NGF0@2019-12-27,a791a6c4ce05d0ad1b29,1.0,False,True,0.0,0.0,0.0,0.0,0.0,0.0,-0.0,-0.0,101950.0,106750.0,0.0,0.04496487119437939,killed,daily_loss_limit,risk_killed_until_explicit_operator_restart,forecast_signal,False,NGF0@2019-12-27,2019
2019-12-12 00:00:00+00:00,2019-12-12 00:00:00+00:00,NGF0@2019-12-27,ad8be5a739f17cd46518,0.0,True,True,0.0,0.0,0.0,0.0,0.0,0.0,0.0,0.0,101950.0,106750.0,0.0,0.04496487119437939,killed,daily_loss_limit,risk_killed_until_explicit_operator_restart,specialist_veto,False,NGF0@2019-12-27,2019
2019-12-13 00:00:00+00:00,2019-12-13 00:00:00+00:00,NGF0@2019-12-27,0aed2d784800ab6b2cc2,0.0,True,True,0.0,0.0,0.0,0.0,0.0,0.0,-0.0,-0.0,101950.0,106750.0,0.0,0.04496487119437939,killed,daily_loss_limit,risk_killed_until_explicit_operator_restart,specialist_veto,False,NGF0@2019-12-27,2019
2019-12-15 00:00:00+00:00,2019-12-15 00:00:00+00:00,NGF0@2019-12-27,d2ae9413bd3e909d4e3e,0.0,True,True,0.0,0.0,0.0,0.0,0.0,0.0,0.0,0.0,101950.0,106750.0,0.0,0.04496487119437939,killed,daily_loss_limit,risk_killed_until_explicit_operator_restart,specialist_veto,False,NGF0@2019-12-27,2019
2019-12-16 00:00:00+00:00,2019-12-16 00:00:00+00:00,NGF0@2019-12-27,d2ae9413bd3e909d4e3e,0.0,True,True,0.0,0.0,0.0,0.0,0.0,0.0,0.0,0.0,101950.0,106750.0,0.0,0.04496487119437939,killed,daily_loss_limit,risk_killed_until_explicit_operator_restart,specialist_veto,False,NGF0@2019-12-27,2019
2019-12-17 00:00:00+00:00,2019-12-17 00:00:00+00:00,NGF0@2019-12-27,8f313a69a1d04f7e181f,-1.0,False,True,0.0,0.0,0.0,0.0,0.0,0.0,-0.0,-0.0,101950.0,106750.0,0.0,0.04496487119437939,killed,daily_loss_limit,risk_killed_until_explicit_operator_restart,forecast_signal,False,NGF0@2019-12-27,2019
2019-12-18 00:00:00+00:00,2019-12-18 00:00:00+00:00,NGF0@2019-12-27,39bf0ee2c6d67c51ffab,0.0,True,True,0.0,0.0,0.0,0.0,0.0,0.0,-0.0,-0.0,101950.0,106750.0,0.0,0.04496487119437939,killed,daily_loss_limit,risk_killed_until_explicit_operator_restart,specialist_veto,False,NGF0@2019-12-27,2019
2019-12-19 00:00:00+00:00,2019-12-19 00:00:00+00:00,NGF0@2019-12-27,f682f5b0263fbd242a93,-1.0,False,True,0.0,0.0,0.0,0.0,0.0,0.0,-0.0,-0.0,101950.0,106750.0,0.0,0.04496487119437939,killed,daily_loss_limit,risk_killed_until_explicit_operator_restart,forecast_signal,False,NGF0@2019-12-27,2019
2019-12-20 00:00:00+00:00,2019-12-20 00:00:00+00:00,NGF0@2019-12-27,f44a924a20c6bd5bc583,-0.5,False,True,0.0,0.0,0.0,0.0,0.0,0.0,-0.0,-0.0,101950.0,106750.0,0.0,0.04496487119437939,killed,daily_loss_limit,risk_killed_until_explicit_operator_restart,specialist_sizing_modifier,False,NGF0@2019-12-27,2019
2019-12-22 00:00:00+00:00,2019-12-22 00:00:00+00:00,NGF0@2019-12-27,1ce423b9fb1694f85cd2,0.0,True,True,0.0,0.0,0.0,0.0,0.0,0.0,0.0,0.0,101950.0,106750.0,0.0,0.04496487119437939,killed,daily_loss_limit,risk_killed_until_explicit_operator_restart,specialist_veto,False,NGF0@2019-12-27,2019
2019-12-23 00:00:00+00:00,2019-12-23 00:00:00+00:00,NGF0@2019-12-27,1ce423b9fb1694f85cd2,0.0,True,True,0.0,0.0,0.0,0.0,0.0,0.0,-0.0,-0.0,101950.0,106750.0,0.0,0.04496487119437939,killed,daily_loss_limit,risk_killed_until_explicit_operator_restart,specialist_veto,False,NGF0@2019-12-27,2019
2019-12-24 00:00:00+00:00,2019-12-24 00:00:00+00:00,NGF0@2019-12-27,3b385601d3d5b0aa2273,0.0,True,True,0.0,0.0,0.0,0.0,0.0,0.0,-0.0,-0.0,101950.0,106750.0,0.0,0.04496487119437939,killed,daily_loss_limit,risk_killed_until_explicit_operator_restart,specialist_veto,False,NGF0@2019-12-27,2019
2019-12-25 00:00:00+00:00,2019-12-25 00:00:00+00:00,NGF0@2019-12-27,ccc4a4f51946e19bdd39,0.0,True,True,0.0,0.0,0.0,0.0,0.0,0.0,0.0,0.0,101950.0,106750.0,0.0,0.04496487119437939,killed,daily_loss_limit,risk_killed_until_explicit_operator_restart,specialist_veto,False,NGF0@2019-12-27,2019
2019-12-26 00:00:00+00:00,2019-12-26 00:00:00+00:00,NGF0@2019-12-27,ccc4a4f51946e19bdd39,0.0,True,True,0.0,0.0,0.0,0.0,0.0,0.0,0.0,0.0,101950.0,106750.0,0.0,0.04496487119437939,killed,daily_loss_limit,risk_killed_until_explicit_operator_restart,specialist_veto,False,NGG0@2020-01-29,2019
2019-12-27 00:00:00+00:00,2019-12-27 00:00:00+00:00,NGG0@2020-01-29,ccc4a4f51946e19bdd39,0.0,True,True,0.0,0.0,0.0,0.0,0.0,0.0,-0.0,-0.0,101950.0,106750.0,0.0,0.04496487119437939,killed,daily_loss_limit,risk_killed_until_explicit_operator_restart,specialist_veto,False,NGG0@2020-01-29,2019
2019-12-29 00:00:00+00:00,2019-12-29 00:00:00+00:00,NGG0@2020-01-29,ccc4a4f51946e19bdd39,0.0,True,True,0.0,0.0,0.0,0.0,0.0,0.0,0.0,0.0,101950.0,106750.0,0.0,0.04496487119437939,killed,daily_loss_limit,risk_killed_until_explicit_operator_restart,specialist_veto,False,NGG0@2020-01-29,2019
2019-12-30 00:00:00+00:00,2019-12-30 00:00:00+00:00,NGG0@2020-01-29,ccc4a4f51946e19bdd39,0.0,True,True,0.0,0.0,0.0,0.0,0.0,0.0,-0.0,-0.0,101950.0,106750.0,0.0,0.04496487119437939,killed,daily_loss_limit,risk_killed_until_explicit_operator_restart,specialist_veto,False,NGG0@2020-01-29,2019
2019-12-31 00:00:00+00:00,2019-12-31 00:00:00+00:00,NGG0@2020-01-29,,0.0,True,True,0.0,0.0,0.0,0.0,0.0,0.0,-0.0,-0.0,101950.0,106750.0,0.0,0.04496487119437939,killed,daily_loss_limit,end_of_sample_liquidation,forecast_horizon_expired,False,NGG0@2020-01-29,2019
2020-01-01 00:00:00+00:00,2020-01-01 00:00:00+00:00,NGG0@2020-01-29,32a43cda4d804fdd36c0,0.0,True,False,0.0,0.0,0.0,0.0,0.0,0.0,-0.0,-0.0,100000.0,100000.0,0.0,0.0,active,,specialist_veto,specialist_veto,False,NGG0@2020-01-29,2020
2020-01-02 00:00:00+00:00,2020-01-02 00:00:00+00:00,NGG0@2020-01-29,32a43cda4d804fdd36c0,0.0,True,False,0.0,0.0,0.0,0.0,0.0,0.0,-0.0,-0.0,100000.0,100000.0,0.0,0.0,active,,specialist_veto,specialist_veto,False,NGG0@2020-01-29,2020
2020-01-03 00:00:00+00:00,2020-01-03 00:00:00+00:00,NGG0@2020-01-29,667668144a43f4998fb0,0.0,True,False,0.0,0.0,0.0,0.0,0.0,0.0,-0.0,-0.0,100000.0,100000.0,0.0,0.0,active,,specialist_veto,specialist_veto,False,NGG0@2020-01-29,2020
2020-01-05 00:00:00+00:00,2020-01-05 00:00:00+00:00,NGG0@2020-01-29,4a142286ef8fa25c3564,0.0,True,False,0.0,0.0,0.0,0.0,0.0,0.0,0.0,0.0,100000.0,100000.0,0.0,0.0,active,,specialist_veto,specialist_veto,False,NGG0@2020-01-29,2020
2020-01-06 00:00:00+00:00,2020-01-06 00:00:00+00:00,NGG0@2020-01-29,4a142286ef8fa25c3564,0.0,True,False,0.0,0.0,0.0,0.0,0.0,0.0,0.0,0.0,100000.0,100000.0,0.0,0.0,active,,specialist_veto,specialist_veto,False,NGG0@2020-01-29,2020
2020-01-07 00:00:00+00:00,2020-01-07 00:00:00+00:00,NGG0@2020-01-29,5f18247534f6c7dccfeb,0.0,True,False,0.0,0.0,0.0,0.0,0.0,0.0,-0.0,-0.0,100000.0,100000.0,0.0,0.0,active,,specialist_veto,specialist_veto,False,NGG0@2020-01-29,2020
2020-01-08 00:00:00+00:00,2020-01-08 00:00:00+00:00,NGG0@2020-01-29,ca5cde75782540263e20,0.0,True,False,0.0,0.0,0.0,0.0,0.0,0.0,0.0,0.0,100000.0,100000.0,0.0,0.0,active,,specialist_veto,specialist_veto,False,NGG0@2020-01-29,2020
2020-01-09 00:00:00+00:00,2020-01-09 00:00:00+00:00,NGG0@2020-01-29,60e8ad5001069bea2686,0.0,True,False,0.0,0.0,0.0,0.0,0.0,0.0,0.0,0.0,100000.0,100000.0,0.0,0.0,active,,specialist_veto,specialist_veto,False,NGG0@2020-01-29,2020
2020-01-10 00:00:00+00:00,2020-01-10 00:00:00+00:00,NGG0@2020-01-29,252304ddd485acab09fb,0.0,True,False,0.0,0.0,0.0,0.0,0.0,0.0,0.0,0.0,100000.0,100000.0,0.0,0.0,active,,specialist_veto,specialist_veto,False,NGG0@2020-01-29,2020
2020-01-12 00:00:00+00:00,2020-01-12 00:00:00+00:00,NGG0@2020-01-29,5ae166452a7909a6a3b5,-1.0,False,False,0.0,-1.0,-1.0,1.0,0.0,15.0,219.99999999999702,204.99999999999702,100205.0,100205.0,0.0,0.0,active,,,forecast_signal,False,NGG0@2020-01-29,2020
2020-01-13 00:00:00+00:00,2020-01-13 00:00:00+00:00,NGG0@2020-01-29,5ae166452a7909a6a3b5,-1.0,False,False,-1.0,-1.0,0.0,0.0,0.0,0.0,-19.999999999996998,-19.999999999996998,100185.0,100205.0,20.0,0.00019959083878049998,active,,,forecast_signal,False,NGG0@2020-01-29,2020
2020-01-14 00:00:00+00:00,2020-01-14 00:00:00+00:00,NGG0@2020-01-29,6a4ad05069a697310c5a,1.0,False,False,-1.0,1.0,2.0,2.0,0.0,30.0,-40.0,-70.0,100115.0,100205.0,70.0,0.0008981587745122499,active,,,forecast_signal,False,NGG0@2020-01-29,2020
2020-01-15 00:00:00+00:00,2020-01-15 00:00:00+00:00,NGG0@2020-01-29,a8a7dd74fc22828b88e9,0.0,True,False,1.0,0.0,-1.0,1.0,0.0,15.0,-0.0,-15.0,100100.0,100205.0,15.0,0.001047851903597625,active,,specialist_veto,specialist_veto,False,NGG0@2020-01-29,2020
2020-01-16 00:00:00+00:00,2020-01-16 00:00:00+00:00,NGG0@2020-01-29,24ff40f0e1f2c0655a33,1.0,False,False,0.0,1.0,1.0,1.0,0.0,15.0,-689.999999999999,-704.999999999999,99395.0,100205.0,705.0,0.008083428970610249,active,,,forecast_signal,False,NGG0@2020-01-29,2020
2020-01-17 00:00:00+00:00,2020-01-17 00:00:00+00:00,NGG0@2020-01-29,394922e24bb94a0bfab2,0.0,True,False,1.0,0.0,-1.0,1.0,0.0,15.0,-0.0,-15.0,99380.0,100205.0,15.0,0.008233122099695624,active,,specialist_veto,specialist_veto,False,NGG0@2020-01-29,2020
2020-01-19 00:00:00+00:00,2020-01-19 00:00:00+00:00,NGG0@2020-01-29,9925ea697d8161b450c0,0.0,True,False,0.0,0.0,0.0,0.0,0.0,0.0,-0.0,-0.0,99380.0,100205.0,0.0,0.008233122099695624,active,,specialist_veto,specialist_veto,False,NGG0@2020-01-29,2020
2020-01-20 00:00:00+00:00,2020-01-20 00:00:00+00:00,NGG0@2020-01-29,9925ea697d8161b450c0,0.0,True,False,0.0,0.0,0.0,0.0,0.0,0.0,0.0,0.0,99380.0,100205.0,0.0,0.008233122099695624,active,,specialist_veto,specialist_veto,False,NGG0@2020-01-29,2020
2020-01-21 00:00:00+00:00,2020-01-21 00:00:00+00:00,NGG0@2020-01-29,9925ea697d8161b450c0,0.0,True,False,0.0,0.0,0.0,0.0,0.0,0.0,-0.0,-0.0,99380.0,100205.0,0.0,0.008233122099695624,active,,specialist_veto,specialist_veto,False,NGG0@2020-01-29,2020
2020-01-22 00:00:00+00:00,2020-01-22 00:00:00+00:00,NGG0@2020-01-29,a7acfb1ec86597a734c6,0.0,True,False,0.0,0.0,0.0,0.0,0.0,0.0,0.0,0.0,99380.0,100205.0,0.0,0.008233122099695624,active,,specialist_veto,specialist_veto,False,NGG0@2020-01-29,2020
2020-01-23 00:00:00+00:00,2020-01-23 00:00:00+00:00,NGG0@2020-01-29,0ee8c42c1bd3c3a96715,-1.0,False,False,0.0,-1.0,-1.0,1.0,0.0,15.0,-220.0,-235.0,99145.0,100205.0,235.0,0.010578314455366498,active,,,forecast_signal,False,NGG0@2020-01-29,2020
2020-01-24 00:00:00+00:00,2020-01-24 00:00:00+00:00,NGG0@2020-01-29,1b705d1d03d876c5b54a,-1.0,False,False,-1.0,-1.0,0.0,0.0,0.0,0.0,49.999999999997996,49.999999999997996,99195.0,100205.0,0.0,0.01007933735841525,active,,,forecast_signal,False,NGG0@2020-01-29,2020
2020-01-26 00:00:00+00:00,2020-01-26 00:00:00+00:00,NGG0@2020-01-29,b810a33ff26c5f4e3e2a,-1.0,False,False,-1.0,-1.0,0.0,0.0,0.0,0.0,-280.0,-280.0,98915.0,100205.0,280.0,0.012873609101342248,active,,,forecast_signal,False,NGG0@2020-01-29,2020
2020-01-27 00:00:00+00:00,2020-01-27 00:00:00+00:00,NGG0@2020-01-29,b810a33ff26c5f4e3e2a,-1.0,False,False,-1.0,-1.0,0.0,0.0,0.0,0.0,530.000000000001,530.000000000001,99445.0,100205.0,0.0,0.007584451873658999,active,,,forecast_signal,False,NGG0@2020-01-29,2020
2020-01-28 00:00:00+00:00,2020-01-28 00:00:00+00:00,NGG0@2020-01-29,7afc71f591c69695f30f,-1.0,False,False,-1.0,-1.0,0.0,0.0,0.0,0.0,-220.0,-220.0,99225.0,100205.0,220.0,0.009779951100244499,active,,,forecast_signal,False,NGH0@2020-02-26,2020
2020-01-29 00:00:00+00:00,2020-01-29 00:00:00+00:00,NGH0@2020-02-26,fbcdf38a229de33c9fa2,-1.0,False,False,-1.0,-1.0,0.0,2.0,2.0,30.0,380.0,350.0,99575.0,100205.0,0.0,0.0062871114215857496,active,,,forecast_signal,True,NGH0@2020-02-26,2020
2020-01-30 00:00:00+00:00,2020-01-30 00:00:00+00:00,NGH0@2020-02-26,d5210aa5a0a653a4b83b,-1.0,False,False,-1.0,-1.0,0.0,0.0,0.0,0.0,529.999999999999,529.999999999999,100105.0,100205.0,0.0,0.0009979541939024999,active,,,forecast_signal,False,NGH0@2020-02-26,2020
2020-01-31 00:00:00+00:00,2020-01-31 00:00:00+00:00,NGH0@2020-02-26,1c23f3f33aec257291ce,-1.0,False,False,-1.0,-1.0,0.0,0.0,0.0,0.0,-260.0,-260.0,99845.0,100205.0,260.0,0.0035926350980489997,active,,,forecast_signal,False,NGH0@2020-02-26,2020
2020-02-02 00:00:00+00:00,2020-02-02 00:00:00+00:00,NGH0@2020-02-26,d1815e96e689a6dfbbb1,0.0,True,False,-1.0,0.0,1.0,1.0,0.0,15.0,0.0,-15.0,99830.0,100205.0,15.0,0.0037423282271343747,active,,specialist_veto,specialist_veto,False,NGH0@2020-02-26,2020
2020-02-03 00:00:00+00:00,2020-02-03 00:00:00+00:00,NGH0@2020-02-26,d1815e96e689a6dfbbb1,0.0,True,False,0.0,0.0,0.0,0.0,0.0,0.0,-0.0,-0.0,99830.0,100205.0,0.0,0.0037423282271343747,active,,specialist_veto,specialist_veto,False,NGH0@2020-02-26,2020
2020-02-04 00:00:00+00:00,2020-02-04 00:00:00+00:00,NGH0@2020-02-26,f421f722f1ba4069f630,0.0,True,False,0.0,0.0,0.0,0.0,0.0,0.0,0.0,0.0,99830.0,100205.0,0.0,0.0037423282271343747,active,,specialist_veto,specialist_veto,False,NGH0@2020-02-26,2020
2020-02-05 00:00:00+00:00,2020-02-05 00:00:00+00:00,NGH0@2020-02-26,195f203da34ea4ba14e3,-1.0,False,False,0.0,-1.0,-1.0,1.0,0.0,15.0,39.999999999997,24.999999999997,99855.0,100205.0,0.0,0.0034928396786587496,active,,,forecast_signal,False,NGH0@2020-02-26,2020
2020-02-06 00:00:00+00:00,2020-02-06 00:00:00+00:00,NGH0@2020-02-26,0c620f004f11ba038ed6,0.0,True,False,-1.0,0.0,1.0,1.0,0.0,15.0,-0.0,-15.0,99840.0,100205.0,15.0,0.0036425328077441246,active,,specialist_veto,specialist_veto,False,NGH0@2020-02-26,2020
2020-02-07 00:00:00+00:00,2020-02-07 00:00:00+00:00,NGH0@2020-02-26,911d0e7a21eefabe8a4f,0.0,True,False,0.0,0.0,0.0,0.0,0.0,0.0,-0.0,-0.0,99840.0,100205.0,0.0,0.0036425328077441246,active,,specialist_veto,specialist_veto,False,NGH0@2020-02-26,2020
2020-02-09 00:00:00+00:00,2020-02-09 00:00:00+00:00,NGH0@2020-02-26,64ccef1750cd8b785009,-0.5,False,False,0.0,-0.5,-0.5,0.5,0.0,7.5,94.99999999999949,87.49999999999949,99927.5,100205.0,0.0,0.002769322888079437,active,,,specialist_sizing_modifier,False,NGH0@2020-02-26,2020
2020-02-10 00:00:00+00:00,2020-02-10 00:00:00+00:00,NGH0@2020-02-26,64ccef1750cd8b785009,-0.5,False,False,-0.5,-0.5,0.0,0.0,0.0,0.0,100.0,100.0,100027.5,100205.0,0.0,0.0017713686941769372,active,,,specialist_sizing_modifier,False,NGH0@2020-02-26,2020
2020-02-11 00:00:00+00:00,2020-02-11 00:00:00+00:00,NGH0@2020-02-26,7e3f712ec0cfb3f933e5,-1.0,False,False,-0.5,-1.0,-0.5,0.5,0.0,7.5,-209.999999999999,-217.499999999999,99810.0,100205.0,217.5,0.003941919065914875,active,,,forecast_signal,False,NGH0@2020-02-26,2020
2020-02-12 00:00:00+00:00,2020-02-12 00:00:00+00:00,NGH0@2020-02-26,242c9cc37b92c3d5fa2b,0.0,True,False,-1.0,0.0,1.0,1.0,0.0,15.0,0.0,-15.0,99795.0,100205.0,15.0,0.004091612195000249,active,,specialist_veto,specialist_veto,False,NGH0@2020-02-26,2020
2020-02-13 00:00:00+00:00,2020-02-13 00:00:00+00:00,NGH0@2020-02-26,1ed40a2c24bab7a441c7,0.0,True,False,0.0,0.0,0.0,0.0,0.0,0.0,-0.0,-0.0,99795.0,100205.0,0.0,0.004091612195000249,active,,specialist_veto,specialist_veto,False,NGH0@2020-02-26,2020
2020-02-14 00:00:00+00:00,2020-02-14 00:00:00+00:00,NGH0@2020-02-26,13893f1a30602b214a98,0.0,True,False,0.0,0.0,0.0,0.0,0.0,0.0,0.0,0.0,99795.0,100205.0,0.0,0.004091612195000249,active,,specialist_veto,specialist_veto,False,NGH0@2020-02-26,2020
2020-02-16 00:00:00+00:00,2020-02-16 00:00:00+00:00,NGH0@2020-02-26,b16cc52fc738471f0fb9,-1.0,False,False,0.0,-1.0,-1.0,1.0,0.0,15.0,-220.0,-235.0,99560.0,100205.0,235.0,0.006436804550671124,active,,,forecast_signal,False,NGH0@2020-02-26,2020
2020-02-17 00:00:00+00:00,2020-02-17 00:00:00+00:00,NGH0@2020-02-26,b16cc52fc738471f0fb9,-1.0,False,False,-1.0,-1.0,0.0,0.0,0.0,0.0,-280.0,-280.0,99280.0,100205.0,280.0,0.009231076293598124,active,,,forecast_signal,False,NGH0@2020-02-26,2020
2020-02-18 00:00:00+00:00,2020-02-18 00:00:00+00:00,NGH0@2020-02-26,b16cc52fc738471f0fb9,-1.0,False,False,-1.0,-1.0,0.0,0.0,0.0,0.0,-360.0,-360.0,98920.0,100205.0,360.0,0.012823711391647124,active,,,forecast_signal,False,NGH0@2020-02-26,2020
2020-02-19 00:00:00+00:00,2020-02-19 00:00:00+00:00,NGH0@2020-02-26,eb5c3400399421a431ca,1.0,False,False,-1.0,1.0,2.0,2.0,0.0,30.0,-9.999999999998002,-39.999999999998,98880.0,100205.0,40.0,0.013222893069208123,active,,,forecast_signal,False,NGH0@2020-02-26,2020
2020-02-20 00:00:00+00:00,2020-02-20 00:00:00+00:00,NGH0@2020-02-26,fc300ce65431260e58fa,1.0,False,False,1.0,1.0,0.0,0.0,0.0,0.0,-760.0,-760.0,98120.0,100205.0,760.0,0.020807344942867123,active,,,forecast_signal,False,NGH0@2020-02-26,2020
2020-02-21 00:00:00+00:00,2020-02-21 00:00:00+00:00,NGH0@2020-02-26,de4d6421eb91e877031b,-1.0,False,False,1.0,-1.0,-2.0,2.0,0.0,30.0,50.000000000001,20.000000000001002,98140.0,100205.0,0.0,0.020607754104086624,active,,,forecast_signal,False,NGH0@2020-02-26,2020
2020-02-23 00:00:00+00:00,2020-02-23 00:00:00+00:00,NGH0@2020-02-26,c176202bf223ede1a3d5,0.0,True,False,-1.0,0.0,1.0,1.0,0.0,15.0,-0.0,-15.0,98125.0,100205.0,15.0,0.020757447233171997,active,,specialist_veto,specialist_veto,False,NGH0@2020-02-26,2020
2020-02-24 00:00:00+00:00,2020-02-24 00:00:00+00:00,NGH0@2020-02-26,c176202bf223ede1a3d5,0.0,True,False,0.0,0.0,0.0,0.0,0.0,0.0,-0.0,-0.0,98125.0,100205.0,0.0,0.020757447233171997,active,,specialist_veto,specialist_veto,False,NGH0@2020-02-26,2020
2020-02-25 00:00:00+00:00,2020-02-25 00:00:00+00:00,NGH0@2020-02-26,411c4a8dab45a633b7ec,0.0,True,False,0.0,0.0,0.0,0.0,0.0,0.0,-0.0,-0.0,98125.0,100205.0,0.0,0.020757447233171997,active,,specialist_veto,specialist_veto,False,NGJ0@2020-03-27,2020
2020-02-26 00:00:00+00:00,2020-02-26 00:00:00+00:00,NGJ0@2020-03-27,52741ac42458629369bc,0.0,True,False,0.0,0.0,0.0,0.0,0.0,0.0,-0.0,-0.0,98125.0,100205.0,0.0,0.020757447233171997,active,,specialist_veto,specialist_veto,False,NGJ0@2020-03-27,2020
2020-02-27 00:00:00+00:00,2020-02-27 00:00:00+00:00,NGJ0@2020-03-27,ed23a455c748d3b0e33a,0.0,True,False,0.0,0.0,0.0,0.0,0.0,0.0,-0.0,-0.0,98125.0,100205.0,0.0,0.020757447233171997,active,,specialist_veto,specialist_veto,False,NGJ0@2020-03-27,2020
2020-02-28 00:00:00+00:00,2020-02-28 00:00:00+00:00,NGJ0@2020-03-27,aa16cfd5fdb887d08a8e,0.0,True,False,0.0,0.0,0.0,0.0,0.0,0.0,-0.0,-0.0,98125.0,100205.0,0.0,0.020757447233171997,active,,specialist_veto,specialist_veto,False,NGJ0@2020-03-27,2020
2020-03-01 00:00:00+00:00,2020-03-01 00:00:00+00:00,NGJ0@2020-03-27,aa16cfd5fdb887d08a8e,0.0,True,False,0.0,0.0,0.0,0.0,0.0,0.0,-0.0,-0.0,98125.0,100205.0,0.0,0.020757447233171997,active,,specialist_veto,specialist_veto,False,NGJ0@2020-03-27,2020
2020-03-02 00:00:00+00:00,2020-03-02 00:00:00+00:00,NGJ0@2020-03-27,aa16cfd5fdb887d08a8e,0.0,True,False,0.0,0.0,0.0,0.0,0.0,0.0,0.0,0.0,98125.0,100205.0,0.0,0.020757447233171997,active,,specialist_veto,specialist_veto,False,NGJ0@2020-03-27,2020
2020-03-03 00:00:00+00:00,2020-03-03 00:00:00+00:00,NGJ0@2020-03-27,3711dd5d844583099097,0.0,True,False,0.0,0.0,0.0,0.0,0.0,0.0,0.0,0.0,98125.0,100205.0,0.0,0.020757447233171997,active,,predicted_gross_pnl_not_above_round_trip_cost,predicted_gross_pnl_not_above_round_trip_cost,False,NGJ0@2020-03-27,2020
2020-03-04 00:00:00+00:00,2020-03-04 00:00:00+00:00,NGJ0@2020-03-27,2c28ccc1b402d02a33db,0.0,True,False,0.0,0.0,0.0,0.0,0.0,0.0,0.0,0.0,98125.0,100205.0,0.0,0.020757447233171997,active,,predicted_gross_pnl_not_above_round_trip_cost,predicted_gross_pnl_not_above_round_trip_cost,False,NGJ0@2020-03-27,2020
2020-03-05 00:00:00+00:00,2020-03-05 00:00:00+00:00,NGJ0@2020-03-27,9c884c7a7ef89e481401,0.0,True,False,0.0,0.0,0.0,0.0,0.0,0.0,-0.0,-0.0,98125.0,100205.0,0.0,0.020757447233171997,active,,specialist_veto,specialist_veto,False,NGJ0@2020-03-27,2020
2020-03-06 00:00:00+00:00,2020-03-06 00:00:00+00:00,NGJ0@2020-03-27,ae7fe183360a0c8fc782,-1.0,False,False,0.0,-1.0,-1.0,1.0,0.0,15.0,859.9999999999999,844.9999999999999,98970.0,100205.0,0.0,0.012324734294695874,active,,,forecast_signal,False,NGJ0@2020-03-27,2020
2020-03-08 00:00:00+00:00,2020-03-08 00:00:00+00:00,NGJ0@2020-03-27,61cb5a2e56091d8234bc,0.0,True,False,-1.0,0.0,1.0,1.0,0.0,15.0,-0.0,-15.0,98955.0,100205.0,15.0,0.012474427423781248,active,,predicted_gross_pnl_not_above_round_trip_cost,predicted_gross_pnl_not_above_round_trip_cost,False,NGJ0@2020-03-27,2020
2020-03-09 00:00:00+00:00,2020-03-09 00:00:00+00:00,NGJ0@2020-03-27,61cb5a2e56091d8234bc,0.0,True,False,0.0,0.0,0.0,0.0,0.0,0.0,0.0,0.0,98955.0,100205.0,0.0,0.012474427423781248,active,,predicted_gross_pnl_not_above_round_trip_cost,predicted_gross_pnl_not_above_round_trip_cost,False,NGJ0@2020-03-27,2020
2020-03-10 00:00:00+00:00,2020-03-10 00:00:00+00:00,NGJ0@2020-03-27,02095b26d828986ca485,0.0,True,False,0.0,0.0,0.0,0.0,0.0,0.0,0.0,0.0,98955.0,100205.0,0.0,0.012474427423781248,active,,predicted_gross_pnl_not_above_round_trip_cost,predicted_gross_pnl_not_above_round_trip_cost,False,NGJ0@2020-03-27,2020
2020-03-11 00:00:00+00:00,2020-03-11 00:00:00+00:00,NGJ0@2020-03-27,d909077814608576069c,0.0,True,False,0.0,0.0,0.0,0.0,0.0,0.0,-0.0,-0.0,98955.0,100205.0,0.0,0.012474427423781248,active,,predicted_gross_pnl_not_above_round_trip_cost,predicted_gross_pnl_not_above_round_trip_cost,False,NGJ0@2020-03-27,2020
2020-03-12 00:00:00+00:00,2020-03-12 00:00:00+00:00,NGJ0@2020-03-27,dc0287158898269404a8,0.0,True,False,0.0,0.0,0.0,0.0,0.0,0.0,-0.0,-0.0,98955.0,100205.0,0.0,0.012474427423781248,active,,specialist_veto,specialist_veto,False,NGJ0@2020-03-27,2020
2020-03-13 00:00:00+00:00,2020-03-13 00:00:00+00:00,NGJ0@2020-03-27,9eebe0b23ffcd62c1232,-1.0,False,False,0.0,-1.0,-1.0,1.0,0.0,15.0,-300.0,-315.0,98640.0,100205.0,315.0,0.015617983134574123,active,,,forecast_signal,False,NGJ0@2020-03-27,2020
2020-03-15 00:00:00+00:00,2020-03-15 00:00:00+00:00,NGJ0@2020-03-27,1fc285716f2d919876db,0.0,True,False,-1.0,0.0,1.0,1.0,0.0,15.0,-0.0,-15.0,98625.0,100205.0,15.0,0.0157676762636595,active,,specialist_veto,specialist_veto,False,NGJ0@2020-03-27,2020
2020-03-16 00:00:00+00:00,2020-03-16 00:00:00+00:00,NGJ0@2020-03-27,1fc285716f2d919876db,0.0,True,False,0.0,0.0,0.0,0.0,0.0,0.0,-0.0,-0.0,98625.0,100205.0,0.0,0.0157676762636595,active,,specialist_veto,specialist_veto,False,NGJ0@2020-03-27,2020
2020-03-17 00:00:00+00:00,2020-03-17 00:00:00+00:00,NGJ0@2020-03-27,1435ad9e4687ede83c8e,0.0,True,False,0.0,0.0,0.0,0.0,0.0,0.0,-0.0,-0.0,98625.0,100205.0,0.0,0.0157676762636595,active,,specialist_veto,specialist_veto,False,NGJ0@2020-03-27,2020
2020-03-18 00:00:00+00:00,2020-03-18 00:00:00+00:00,NGJ0@2020-03-27,46ef512cb42c26453287,0.0,True,False,0.0,0.0,0.0,0.0,0.0,0.0,-0.0,-0.0,98625.0,100205.0,0.0,0.0157676762636595,active,,predicted_gross_pnl_not_above_round_trip_cost,predicted_gross_pnl_not_above_round_trip_cost,False,NGJ0@2020-03-27,2020
2020-03-19 00:00:00+00:00,2020-03-19 00:00:00+00:00,NGJ0@2020-03-27,38389a59848a68c575d7,0.0,True,False,0.0,0.0,0.0,0.0,0.0,0.0,-0.0,-0.0,98625.0,100205.0,0.0,0.0157676762636595,active,,specialist_veto,specialist_veto,False,NGJ0@2020-03-27,2020
2020-03-20 00:00:00+00:00,2020-03-20 00:00:00+00:00,NGJ0@2020-03-27,da2f00c75e6acc27c538,0.0,True,False,0.0,0.0,0.0,0.0,0.0,0.0,-0.0,-0.0,98625.0,100205.0,0.0,0.0157676762636595,active,,specialist_veto,specialist_veto,False,NGJ0@2020-03-27,2020
2020-03-22 00:00:00+00:00,2020-03-22 00:00:00+00:00,NGJ0@2020-03-27,ec6cb199372d16feee32,1.0,False,False,0.0,1.0,1.0,1.0,0.0,15.0,70.000000000001,55.000000000000995,98680.0,100205.0,0.0,0.015218801457013122,active,,,forecast_signal,False,NGJ0@2020-03-27,2020
2020-03-23 00:00:00+00:00,2020-03-23 00:00:00+00:00,NGJ0@2020-03-27,ec6cb199372d16feee32,1.0,False,False,1.0,1.0,0.0,0.0,0.0,0.0,660.0,660.0,99340.0,100205.0,0.0,0.008632303777256625,active,,,forecast_signal,False,NGJ0@2020-03-27,2020
2020-03-24 00:00:00+00:00,2020-03-24 00:00:00+00:00,NGJ0@2020-03-27,10ae3a4e12841d905100,1.0,False,False,1.0,1.0,0.0,0.0,0.0,0.0,719.999999999998,719.999999999998,100060.0,100205.0,0.0,0.0014470335811586248,active,,,forecast_signal,False,NGJ0@2020-03-27,2020
2020-03-25 00:00:00+00:00,2020-03-25 00:00:00+00:00,NGJ0@2020-03-27,f7d5bae1d1c354fb168b,1.0,False,False,1.0,1.0,0.0,0.0,0.0,0.0,-120.0,-120.0,99940.0,100205.0,120.0,0.0026445786138416245,active,,,forecast_signal,False,NGK0@2020-04-28,2020
2020-03-26 00:00:00+00:00,2020-03-26 00:00:00+00:00,NGK0@2020-04-28,e83a375ba90ddb5686e1,1.0,False,False,1.0,1.0,0.0,2.0,2.0,30.0,-250.000000000001,-280.000000000001,99660.0,100205.0,280.0,0.0054388503567686245,active,,,forecast_signal,True,NGK0@2020-04-28,2020
2020-03-27 00:00:00+00:00,2020-03-27 00:00:00+00:00,NGK0@2020-04-28,ef84d5d675393153a22c,1.0,False,False,1.0,1.0,0.0,0.0,0.0,0.0,-680.0,-680.0,98980.0,100205.0,680.0,0.012224938875305624,active,,,forecast_signal,False,NGK0@2020-04-28,2020
2020-03-29 00:00:00+00:00,2020-03-29 00:00:00+00:00,NGK0@2020-04-28,d2038697c2034bb04bd6,1.0,False,False,1.0,1.0,0.0,0.0,0.0,0.0,-149.999999999999,-149.999999999999,98830.0,100205.0,150.0,0.013721870166159373,active,,,forecast_signal,False,NGK0@2020-04-28,2020
2020-03-30 00:00:00+00:00,2020-03-30 00:00:00+00:00,NGK0@2020-04-28,d2038697c2034bb04bd6,1.0,False,False,1.0,1.0,0.0,0.0,0.0,0.0,849.999999999999,849.999999999999,99680.0,100205.0,0.0,0.005239259517988124,active,,,forecast_signal,False,NGK0@2020-04-28,2020
2020-03-31 00:00:00+00:00,2020-03-31 00:00:00+00:00,NGK0@2020-04-28,726ccf47a02833beb694,0.0,True,False,1.0,0.0,-1.0,1.0,0.0,15.0,-0.0,-15.0,99665.0,100205.0,15.0,0.0053889526470735,active,,specialist_veto,specialist_veto,False,NGK0@2020-04-28,2020
2020-04-01 00:00:00+00:00,2020-04-01 00:00:00+00:00,NGK0@2020-04-28,98be1cfd3cffb275a77f,0.0,True,False,0.0,0.0,0.0,0.0,0.0,0.0,-0.0,-0.0,99665.0,100205.0,0.0,0.0053889526470735,active,,specialist_veto,specialist_veto,False,NGK0@2020-04-28,2020
2020-04-02 00:00:00+00:00,2020-04-02 00:00:00+00:00,NGK0@2020-04-28,01b269c7ece9c134d788,0.0,True,False,0.0,0.0,0.0,0.0,0.0,0.0,-0.0,-0.0,99665.0,100205.0,0.0,0.0053889526470735,active,,specialist_veto,specialist_veto,False,NGK0@2020-04-28,2020
2020-04-03 00:00:00+00:00,2020-04-03 00:00:00+00:00,NGK0@2020-04-28,c4d6f23bdd18ec3e3d4c,0.0,True,False,0.0,0.0,0.0,0.0,0.0,0.0,0.0,0.0,99665.0,100205.0,0.0,0.0053889526470735,active,,predicted_gross_pnl_not_above_round_trip_cost,predicted_gross_pnl_not_above_round_trip_cost,False,NGK0@2020-04-28,2020
2020-04-05 00:00:00+00:00,2020-04-05 00:00:00+00:00,NGK0@2020-04-28,27bc314b04e5196fe890,0.0,True,False,0.0,0.0,0.0,0.0,0.0,0.0,-0.0,-0.0,99665.0,100205.0,0.0,0.0053889526470735,active,,predicted_gross_pnl_not_above_round_trip_cost,predicted_gross_pnl_not_above_round_trip_cost,False,NGK0@2020-04-28,2020
2020-04-06 00:00:00+00:00,2020-04-06 00:00:00+00:00,NGK0@2020-04-28,27bc314b04e5196fe890,0.0,True,False,0.0,0.0,0.0,0.0,0.0,0.0,0.0,0.0,99665.0,100205.0,0.0,0.0053889526470735,active,,predicted_gross_pnl_not_above_round_trip_cost,predicted_gross_pnl_not_above_round_trip_cost,False,NGK0@2020-04-28,2020
2020-04-07 00:00:00+00:00,2020-04-07 00:00:00+00:00,NGK0@2020-04-28,719f32168676c99ac03f,0.0,True,False,0.0,0.0,0.0,0.0,0.0,0.0,0.0,0.0,99665.0,100205.0,0.0,0.0053889526470735,active,,predicted_gross_pnl_not_above_round_trip_cost,predicted_gross_pnl_not_above_round_trip_cost,False,NGK0@2020-04-28,2020
2020-04-08 00:00:00+00:00,2020-04-08 00:00:00+00:00,NGK0@2020-04-28,485c1a1304c8c13ea2a4,-1.0,False,False,0.0,-1.0,-1.0,1.0,0.0,15.0,909.999999999999,894.999999999999,100560.0,100560.0,0.0,0.0,active,,,forecast_signal,False,NGK0@2020-04-28,2020
2020-04-09 00:00:00+00:00,2020-04-09 00:00:00+00:00,NGK0@2020-04-28,3d23f0819eac069fccfa,0.0,True,False,-1.0,0.0,1.0,1.0,0.0,15.0,-0.0,-15.0,100545.0,100560.0,15.0,0.00014916467780429595,active,,predicted_gross_pnl_not_above_round_trip_cost,predicted_gross_pnl_not_above_round_trip_cost,False,NGK0@2020-04-28,2020
2020-04-12 00:00:00+00:00,2020-04-12 00:00:00+00:00,NGK0@2020-04-28,65ec58e57fbc9aa2b82f,1.0,False,False,0.0,1.0,1.0,1.0,0.0,15.0,120.0,105.0,100650.0,100650.0,0.0,0.0,active,,,forecast_signal,False,NGK0@2020-04-28,2020
2020-04-13 00:00:00+00:00,2020-04-13 00:00:00+00:00,NGK0@2020-04-28,65ec58e57fbc9aa2b82f,1.0,False,False,1.0,1.0,0.0,0.0,0.0,0.0,-320.0,-320.0,100330.0,100650.0,320.0,0.0031793343268753105,active,,,forecast_signal,False,NGK0@2020-04-28,2020
2020-04-14 00:00:00+00:00,2020-04-14 00:00:00+00:00,NGK0@2020-04-28,09388b3994018f1eacf8,1.0,False,False,1.0,1.0,0.0,0.0,0.0,0.0,-949.9999999999991,-949.9999999999991,99380.0,100650.0,950.0,0.01261798310978639,active,,,forecast_signal,False,NGK0@2020-04-28,2020
2020-04-15 00:00:00+00:00,2020-04-15 00:00:00+00:00,NGK0@2020-04-28,0a8d38dc514b11cd3b4c,0.0,True,False,1.0,0.0,-1.0,1.0,0.0,15.0,-0.0,-15.0,99365.0,100650.0,15.0,0.012767014406358669,active,,predicted_gross_pnl_not_above_round_trip_cost,predicted_gross_pnl_not_above_round_trip_cost,False,NGK0@2020-04-28,2020
2020-04-16 00:00:00+00:00,2020-04-16 00:00:00+00:00,NGK0@2020-04-28,4287869a98ca2ebe6c33,0.0,True,False,0.0,0.0,0.0,0.0,0.0,0.0,0.0,0.0,99365.0,100650.0,0.0,0.012767014406358669,active,,predicted_gross_pnl_not_above_round_trip_cost,predicted_gross_pnl_not_above_round_trip_cost,False,NGK0@2020-04-28,2020
2020-04-17 00:00:00+00:00,2020-04-17 00:00:00+00:00,NGK0@2020-04-28,84781421cf53f14c41bb,0.0,True,False,0.0,0.0,0.0,0.0,0.0,0.0,0.0,0.0,99365.0,100650.0,0.0,0.012767014406358669,active,,predicted_gross_pnl_not_above_round_trip_cost,predicted_gross_pnl_not_above_round_trip_cost,False,NGK0@2020-04-28,2020
2020-04-19 00:00:00+00:00,2020-04-19 00:00:00+00:00,NGK0@2020-04-28,d6e3142614968b687353,0.0,True,False,0.0,0.0,0.0,0.0,0.0,0.0,0.0,0.0,99365.0,100650.0,0.0,0.012767014406358669,active,,specialist_veto,specialist_veto,False,NGK0@2020-04-28,2020
2020-04-20 00:00:00+00:00,2020-04-20 00:00:00+00:00,NGK0@2020-04-28,d6e3142614968b687353,0.0,True,False,0.0,0.0,0.0,0.0,0.0,0.0,0.0,0.0,99365.0,100650.0,0.0,0.012767014406358669,active,,specialist_veto,specialist_veto,False,NGK0@2020-04-28,2020
2020-04-21 00:00:00+00:00,2020-04-21 00:00:00+00:00,NGK0@2020-04-28,6ce608fea9f8a11bbc5b,-1.0,False,False,0.0,-1.0,-1.0,1.0,0.0,15.0,1179.999999999998,1164.999999999998,100530.0,100650.0,0.0,0.0011922503725782414,active,,,forecast_signal,False,NGK0@2020-04-28,2020
2020-04-22 00:00:00+00:00,2020-04-22 00:00:00+00:00,NGK0@2020-04-28,08d700a4e727bf233707,-1.0,False,False,-1.0,-1.0,0.0,0.0,0.0,0.0,-1029.9999999999989,-1029.9999999999989,99500.0,100650.0,1030.0,0.011425732737208148,active,,,forecast_signal,False,NGK0@2020-04-28,2020
2020-04-23 00:00:00+00:00,2020-04-23 00:00:00+00:00,NGK0@2020-04-28,93a8208ec904568f3d64,1.0,False,False,-1.0,1.0,2.0,2.0,0.0,30.0,-1360.000000000001,-1390.000000000001,98110.0,100650.0,1390.0,0.02523596621957278,active,,,forecast_signal,False,NGK0@2020-04-28,2020
2020-04-24 00:00:00+00:00,2020-04-24 00:00:00+00:00,NGK0@2020-04-28,8bd24f84ea88e5118c6b,1.0,False,False,1.0,1.0,0.0,0.0,0.0,0.0,-999.999999999998,-999.999999999998,97110.0,100650.0,1000.0,0.035171385991058124,active,,,forecast_signal,False,NGK0@2020-04-28,2020
2020-04-26 00:00:00+00:00,2020-04-26 00:00:00+00:00,NGK0@2020-04-28,09f9371f7622ab0d4982,1.0,False,False,1.0,1.0,0.0,0.0,0.0,0.0,240.0,240.0,97350.0,100650.0,0.0,0.03278688524590164,active,,,forecast_signal,False,NGK0@2020-04-28,2020
2020-04-27 00:00:00+00:00,2020-04-27 00:00:00+00:00,NGK0@2020-04-28,09f9371f7622ab0d4982,1.0,False,False,1.0,1.0,0.0,0.0,0.0,0.0,1450.0,1450.0,98800.0,100650.0,0.0,0.01838052657724789,active,,,forecast_signal,False,NGM0@2020-05-27,2020
2020-04-28 00:00:00+00:00,2020-04-28 00:00:00+00:00,NGM0@2020-05-27,592f2f511b4dacb760d3,1.0,False,False,1.0,1.0,0.0,2.0,2.0,30.0,290.00000000000097,260.00000000000097,99060.0,100650.0,0.0,0.015797317436661698,active,,,forecast_signal,True,NGM0@2020-05-27,2020
2020-04-29 00:00:00+00:00,2020-04-29 00:00:00+00:00,NGM0@2020-05-27,25ca37f255fc8d33eda9,1.0,False,False,1.0,1.0,0.0,0.0,0.0,0.0,-780.0,-780.0,98280.0,100650.0,780.0,0.02354694485842027,active,,,forecast_signal,False,NGM0@2020-05-27,2020
2020-04-30 00:00:00+00:00,2020-04-30 00:00:00+00:00,NGM0@2020-05-27,b661f8f22c5eba361af6,-1.0,False,False,1.0,-1.0,-2.0,2.0,0.0,30.0,-620.0,-650.0,97630.0,100650.0,650.0,0.030004967709885744,active,,,forecast_signal,False,NGM0@2020-05-27,2020
2020-05-01 00:00:00+00:00,2020-05-01 00:00:00+00:00,NGM0@2020-05-27,d2193380a2f30c5162cd,-1.0,False,False,-1.0,-1.0,0.0,0.0,0.0,0.0,-240.0,-240.0,97390.0,100650.0,240.0,0.032389468455042224,active,,,forecast_signal,False,NGM0@2020-05-27,2020
2020-05-03 00:00:00+00:00,2020-05-03 00:00:00+00:00,NGM0@2020-05-27,3802511bba7186c40b83,-1.0,False,False,-1.0,-1.0,0.0,0.0,0.0,0.0,170.000000000001,170.000000000001,97560.0,100650.0,0.0,0.030700447093889718,active,,,forecast_signal,False,NGM0@2020-05-27,2020
2020-05-04 00:00:00+00:00,2020-05-04 00:00:00+00:00,NGM0@2020-05-27,3802511bba7186c40b83,-1.0,False,False,-1.0,-1.0,0.0,0.0,0.0,0.0,-1150.000000000002,-1150.000000000002,96410.0,100650.0,1150.0,0.042126179831097864,active,,,forecast_signal,False,NGM0@2020-05-27,2020
2020-05-05 00:00:00+00:00,2020-05-05 00:00:00+00:00,NGM0@2020-05-27,e1bb63c07b72134b9e6c,-1.0,False,False,-1.0,-1.0,0.0,0.0,0.0,0.0,-400.0,-400.0,96010.0,100650.0,400.0,0.046100347739692,active,,,forecast_signal,False,NGM0@2020-05-27,2020
2020-05-06 00:00:00+00:00,2020-05-06 00:00:00+00:00,NGM0@2020-05-27,a4bb2cd5987cfd5ac857,-1.0,False,False,-1.0,-1.0,0.0,0.0,0.0,0.0,1530.0000000000018,1530.0000000000018,97540.0,100650.0,0.0,0.030899155489319423,active,,,forecast_signal,False,NGM0@2020-05-27,2020
2020-05-07 00:00:00+00:00,2020-05-07 00:00:00+00:00,NGM0@2020-05-27,5ad104975de4ef7723c0,1.0,False,False,-1.0,1.0,2.0,2.0,0.0,30.0,-300.0,-330.0,97210.0,100650.0,330.0,0.03417784401390959,active,,,forecast_signal,False,NGM0@2020-05-27,2020
2020-05-08 00:00:00+00:00,2020-05-08 00:00:00+00:00,NGM0@2020-05-27,b76d024e8f6c1f9e65e8,1.0,False,False,1.0,1.0,0.0,0.0,0.0,0.0,-779.9999999999981,-779.9999999999981,96430.0,100650.0,780.0,0.041927471435668155,active,,,forecast_signal,False,NGM0@2020-05-27,2020
2020-05-10 00:00:00+00:00,2020-05-10 00:00:00+00:00,NGM0@2020-05-27,e9d63250833fdc00399c,1.0,False,False,1.0,1.0,0.0,0.0,0.0,0.0,9.999999999998002,9.999999999998002,96440.0,100650.0,0.0,0.0418281172379533,active,,,forecast_signal,False,NGM0@2020-05-27,2020
2020-05-11 00:00:00+00:00,2020-05-11 00:00:00+00:00,NGM0@2020-05-27,e9d63250833fdc00399c,1.0,False,False,1.0,1.0,0.0,0.0,0.0,0.0,-109.999999999998,-109.999999999998,96330.0,100650.0,110.0,0.04292101341281669,active,,,forecast_signal,False,NGM0@2020-05-27,2020
2020-05-12 00:00:00+00:00,2020-05-12 00:00:00+00:00,NGM0@2020-05-27,b394ae0998609fc69bee,1.0,False,False,1.0,1.0,0.0,0.0,0.0,0.0,-1270.0,-1270.0,95060.0,100650.0,1270.0,0.05553899652260308,active,,,forecast_signal,False,NGM0@2020-05-27,2020
2020-05-13 00:00:00+00:00,2020-05-13 00:00:00+00:00,NGM0@2020-05-27,63419ebd06cc28039358,1.0,False,False,1.0,1.0,0.0,0.0,0.0,0.0,-680.0,-680.0,94380.0,100650.0,680.0,0.06229508196721312,active,,,forecast_signal,False,NGM0@2020-05-27,2020
2020-05-14 00:00:00+00:00,2020-05-14 00:00:00+00:00,NGM0@2020-05-27,3fc9a2068a4a63c630ce,1.0,False,False,1.0,1.0,0.0,0.0,0.0,0.0,649.9999999999991,649.9999999999991,95030.0,100650.0,0.0,0.05583705911574764,active,,,forecast_signal,False,NGM0@2020-05-27,2020
2020-05-15 00:00:00+00:00,2020-05-15 00:00:00+00:00,NGM0@2020-05-27,98da18bce4700df0d23d,1.0,False,False,1.0,1.0,0.0,0.0,0.0,0.0,270.000000000001,270.000000000001,95300.0,100650.0,0.0,0.053154495777446596,active,,,forecast_signal,False,NGM0@2020-05-27,2020
2020-05-17 00:00:00+00:00,2020-05-17 00:00:00+00:00,NGM0@2020-05-27,bbf06adb82b2a6c13bdc,1.0,False,False,1.0,1.0,0.0,0.0,0.0,0.0,-120.0,-120.0,95180.0,100650.0,120.0,0.05434674615002484,active,,,forecast_signal,False,NGM0@2020-05-27,2020
2020-05-18 00:00:00+00:00,2020-05-18 00:00:00+00:00,NGM0@2020-05-27,bbf06adb82b2a6c13bdc,1.0,False,False,1.0,1.0,0.0,0.0,0.0,0.0,739.9999999999981,739.9999999999981,95920.0,100650.0,0.0,0.046994535519125684,active,,,forecast_signal,False,NGM0@2020-05-27,2020
2020-05-19 00:00:00+00:00,2020-05-19 00:00:00+00:00,NGM0@2020-05-27,33bbee90a3b6d2b77c7b,1.0,False,False,1.0,1.0,0.0,0.0,0.0,0.0,320.0,320.0,96240.0,100650.0,0.0,0.04381520119225037,active,,,forecast_signal,False,NGM0@2020-05-27,2020
2020-05-20 00:00:00+00:00,2020-05-20 00:00:00+00:00,NGM0@2020-05-27,8973d6edcb8dae88628f,1.0,False,False,1.0,1.0,0.0,0.0,0.0,0.0,-489.999999999999,-489.999999999999,95750.0,100650.0,490.0,0.04868355688027819,active,,,forecast_signal,False,NGM0@2020-05-27,2020
2020-05-21 00:00:00+00:00,2020-05-21 00:00:00+00:00,NGM0@2020-05-27,b0653643e2462e1962ac,1.0,False,False,1.0,1.0,0.0,0.0,0.0,0.0,-509.999999999999,-509.999999999999,95240.0,100650.0,510.0,0.053750620963735715,active,,,forecast_signal,False,NGM0@2020-05-27,2020
2020-05-22 00:00:00+00:00,2020-05-22 00:00:00+00:00,NGM0@2020-05-27,ec2164da69fc3d14dd42,1.0,False,False,1.0,1.0,0.0,0.0,0.0,0.0,269.999999999999,269.999999999999,95510.0,100650.0,0.0,0.051068057625434676,active,,,forecast_signal,False,NGM0@2020-05-27,2020
2020-05-24 00:00:00+00:00,2020-05-24 00:00:00+00:00,NGM0@2020-05-27,45bb947f7811f8a7fbb1,1.0,False,False,1.0,1.0,0.0,0.0,0.0,0.0,-349.999999999999,-349.999999999999,95160.0,100650.0,350.0,0.05454545454545454,active,,,forecast_signal,False,NGM0@2020-05-27,2020
2020-05-25 00:00:00+00:00,2020-05-25 00:00:00+00:00,NGM0@2020-05-27,45bb947f7811f8a7fbb1,1.0,False,False,1.0,1.0,0.0,0.0,0.0,0.0,100.0,100.0,95260.0,100650.0,0.0,0.053551912568306013,active,,,forecast_signal,False,NGM0@2020-05-27,2020
2020-05-26 00:00:00+00:00,2020-05-26 00:00:00+00:00,NGM0@2020-05-27,45bb947f7811f8a7fbb1,1.0,False,False,1.0,1.0,0.0,0.0,0.0,0.0,529.999999999999,529.999999999999,95790.0,100650.0,0.0,0.048286140089418776,active,,,forecast_signal,False,NGN0@2020-06-26,2020
2020-05-27 00:00:00+00:00,2020-05-27 00:00:00+00:00,NGN0@2020-06-26,a498a08e134a05c29126,1.0,False,False,1.0,1.0,0.0,2.0,2.0,30.0,-599.999999999998,-629.999999999998,95160.0,100650.0,630.0,0.05454545454545454,active,,,forecast_signal,True,NGN0@2020-06-26,2020
2020-05-28 00:00:00+00:00,2020-05-28 00:00:00+00:00,NGN0@2020-06-26,a15b5e3945c22dc7ed4c,1.0,False,False,1.0,1.0,0.0,0.0,0.0,0.0,-420.0,-420.0,94740.0,100650.0,420.0,0.05871833084947839,active,,,forecast_signal,False,NGN0@2020-06-26,2020
2020-05-29 00:00:00+00:00,2020-05-29 00:00:00+00:00,NGN0@2020-06-26,e7b7c0a303927c4394e7,0.0,True,False,1.0,0.0,-1.0,1.0,0.0,15.0,0.0,-15.0,94725.0,100650.0,15.0,0.05886736214605067,active,,specialist_veto,specialist_veto,False,NGN0@2020-06-26,2020
2020-05-31 00:00:00+00:00,2020-05-31 00:00:00+00:00,NGN0@2020-06-26,7cd2e79509bcdfbc4c3b,0.0,True,False,0.0,0.0,0.0,0.0,0.0,0.0,-0.0,-0.0,94725.0,100650.0,0.0,0.05886736214605067,active,,specialist_veto,specialist_veto,False,NGN0@2020-06-26,2020
2020-06-01 00:00:00+00:00,2020-06-01 00:00:00+00:00,NGN0@2020-06-26,7cd2e79509bcdfbc4c3b,0.0,True,False,0.0,0.0,0.0,0.0,0.0,0.0,-0.0,-0.0,94725.0,100650.0,0.0,0.05886736214605067,active,,specialist_veto,specialist_veto,False,NGN0@2020-06-26,2020
2020-06-02 00:00:00+00:00,2020-06-02 00:00:00+00:00,NGN0@2020-06-26,32af7e7f7f782dccd10e,0.0,True,False,0.0,0.0,0.0,0.0,0.0,0.0,-0.0,-0.0,94725.0,100650.0,0.0,0.05886736214605067,active,,specialist_veto,specialist_veto,False,NGN0@2020-06-26,2020
2020-06-03 00:00:00+00:00,2020-06-03 00:00:00+00:00,NGN0@2020-06-26,4630578fe0282bd7fde0,0.0,True,False,0.0,0.0,0.0,0.0,0.0,0.0,0.0,0.0,94725.0,100650.0,0.0,0.05886736214605067,active,,predicted_gross_pnl_not_above_round_trip_cost,predicted_gross_pnl_not_above_round_trip_cost,False,NGN0@2020-06-26,2020
2020-06-04 00:00:00+00:00,2020-06-04 00:00:00+00:00,NGN0@2020-06-26,afb700cba695e5139826,1.0,False,False,0.0,1.0,1.0,1.0,0.0,15.0,60.0,45.0,94770.0,100650.0,0.0,0.058420268256333834,active,,,forecast_signal,False,NGN0@2020-06-26,2020
2020-06-05 00:00:00+00:00,2020-06-05 00:00:00+00:00,NGN0@2020-06-26,d8704bfed9e342e13821,1.0,False,False,1.0,1.0,0.0,0.0,0.0,0.0,-149.999999999999,-149.999999999999,94620.0,100650.0,150.0,0.059910581222056634,active,,,forecast_signal,False,NGN0@2020-06-26,2020
2020-06-07 00:00:00+00:00,2020-06-07 00:00:00+00:00,NGN0@2020-06-26,8e1bb67b6d73b471a096,0.0,True,False,1.0,0.0,-1.0,1.0,0.0,15.0,-0.0,-15.0,94605.0,100650.0,15.0,0.06005961251862891,active,,predicted_gross_pnl_not_above_round_trip_cost,predicted_gross_pnl_not_above_round_trip_cost,False,NGN0@2020-06-26,2020
2020-06-08 00:00:00+00:00,2020-06-08 00:00:00+00:00,NGN0@2020-06-26,8e1bb67b6d73b471a096,0.0,True,False,0.0,0.0,0.0,0.0,0.0,0.0,0.0,0.0,94605.0,100650.0,0.0,0.06005961251862891,active,,predicted_gross_pnl_not_above_round_trip_cost,predicted_gross_pnl_not_above_round_trip_cost,False,NGN0@2020-06-26,2020
2020-06-09 00:00:00+00:00,2020-06-09 00:00:00+00:00,NGN0@2020-06-26,e56022db13512b20a403,0.0,True,False,0.0,0.0,0.0,0.0,0.0,0.0,-0.0,-0.0,94605.0,100650.0,0.0,0.06005961251862891,active,,predicted_gross_pnl_not_above_round_trip_cost,predicted_gross_pnl_not_above_round_trip_cost,False,NGN0@2020-06-26,2020
2020-06-10 00:00:00+00:00,2020-06-10 00:00:00+00:00,NGN0@2020-06-26,2988da82ff2d802cb4b7,0.0,True,False,0.0,0.0,0.0,0.0,0.0,0.0,0.0,0.0,94605.0,100650.0,0.0,0.06005961251862891,active,,predicted_gross_pnl_not_above_round_trip_cost,predicted_gross_pnl_not_above_round_trip_cost,False,NGN0@2020-06-26,2020
2020-06-11 00:00:00+00:00,2020-06-11 00:00:00+00:00,NGN0@2020-06-26,214e55695061e700c368,0.0,True,False,0.0,0.0,0.0,0.0,0.0,0.0,0.0,0.0,94605.0,100650.0,0.0,0.06005961251862891,active,,predicted_gross_pnl_not_above_round_trip_cost,predicted_gross_pnl_not_above_round_trip_cost,False,NGN0@2020-06-26,2020
2020-06-12 00:00:00+00:00,2020-06-12 00:00:00+00:00,NGN0@2020-06-26,2e5d5067df2b7c40a3b1,0.0,True,False,0.0,0.0,0.0,0.0,0.0,0.0,-0.0,-0.0,94605.0,100650.0,0.0,0.06005961251862891,active,,predicted_gross_pnl_not_above_round_trip_cost,predicted_gross_pnl_not_above_round_trip_cost,False,NGN0@2020-06-26,2020
2020-06-14 00:00:00+00:00,2020-06-14 00:00:00+00:00,NGN0@2020-06-26,3152a45e527fd884c151,0.0,True,False,0.0,0.0,0.0,0.0,0.0,0.0,-0.0,-0.0,94605.0,100650.0,0.0,0.06005961251862891,active,,predicted_gross_pnl_not_above_round_trip_cost,predicted_gross_pnl_not_above_round_trip_cost,False,NGN0@2020-06-26,2020
2020-06-15 00:00:00+00:00,2020-06-15 00:00:00+00:00,NGN0@2020-06-26,3152a45e527fd884c151,0.0,True,False,0.0,0.0,0.0,0.0,0.0,0.0,-0.0,-0.0,94605.0,100650.0,0.0,0.06005961251862891,active,,predicted_gross_pnl_not_above_round_trip_cost,predicted_gross_pnl_not_above_round_trip_cost,False,NGN0@2020-06-26,2020
2020-06-16 00:00:00+00:00,2020-06-16 00:00:00+00:00,NGN0@2020-06-26,92f0c79bccad5a475416,0.0,True,False,0.0,0.0,0.0,0.0,0.0,0.0,-0.0,-0.0,94605.0,100650.0,0.0,0.06005961251862891,active,,predicted_gross_pnl_not_above_round_trip_cost,predicted_gross_pnl_not_above_round_trip_cost,False,NGN0@2020-06-26,2020
2020-06-17 00:00:00+00:00,2020-06-17 00:00:00+00:00,NGN0@2020-06-26,83fa3a7b95d5cdc78233,0.0,True,False,0.0,0.0,0.0,0.0,0.0,0.0,0.0,0.0,94605.0,100650.0,0.0,0.06005961251862891,active,,predicted_gross_pnl_not_above_round_trip_cost,predicted_gross_pnl_not_above_round_trip_cost,False,NGN0@2020-06-26,2020
2020-06-18 00:00:00+00:00,2020-06-18 00:00:00+00:00,NGN0@2020-06-26,62afc7b024f6a8663cf5,0.0,True,False,0.0,0.0,0.0,0.0,0.0,0.0,0.0,0.0,94605.0,100650.0,0.0,0.06005961251862891,active,,specialist_veto,specialist_veto,False,NGN0@2020-06-26,2020
2020-06-19 00:00:00+00:00,2020-06-19 00:00:00+00:00,NGN0@2020-06-26,56f7f04cbefb2e82e2f5,0.0,True,False,0.0,0.0,0.0,0.0,0.0,0.0,0.0,0.0,94605.0,100650.0,0.0,0.06005961251862891,active,,specialist_veto,specialist_veto,False,NGN0@2020-06-26,2020
2020-06-21 00:00:00+00:00,2020-06-21 00:00:00+00:00,NGN0@2020-06-26,2fbc28f8b5f0c2bfc7cd,0.0,True,False,0.0,0.0,0.0,0.0,0.0,0.0,0.0,0.0,94605.0,100650.0,0.0,0.06005961251862891,active,,specialist_veto,specialist_veto,False,NGN0@2020-06-26,2020
2020-06-22 00:00:00+00:00,2020-06-22 00:00:00+00:00,NGN0@2020-06-26,2fbc28f8b5f0c2bfc7cd,0.0,True,False,0.0,0.0,0.0,0.0,0.0,0.0,-0.0,-0.0,94605.0,100650.0,0.0,0.06005961251862891,active,,specialist_veto,specialist_veto,False,NGN0@2020-06-26,2020
2020-06-23 00:00:00+00:00,2020-06-23 00:00:00+00:00,NGN0@2020-06-26,ec55152c8108b2d6e7b9,0.0,True,False,0.0,0.0,0.0,0.0,0.0,0.0,-0.0,-0.0,94605.0,100650.0,0.0,0.06005961251862891,active,,specialist_veto,specialist_veto,False,NGN0@2020-06-26,2020
2020-06-24 00:00:00+00:00,2020-06-24 00:00:00+00:00,NGN0@2020-06-26,ddad34bb63573535d501,-1.0,False,False,0.0,-1.0,-1.0,1.0,0.0,15.0,449.99999999999903,434.99999999999903,95040.0,100650.0,0.0,0.05573770491803279,active,,,forecast_signal,False,NGQ0@2020-07-29,2020
2020-06-25 00:00:00+00:00,2020-06-25 00:00:00+00:00,NGQ0@2020-07-29,bcafc4a951b9ae88d5ef,-0.5,False,False,-1.0,-0.5,0.5,1.5,1.5,22.5,600.0000000000006,577.5000000000006,95617.5,100650.0,0.0,0.05,active,,,specialist_sizing_modifier,True,NGQ0@2020-07-29,2020
2020-06-26 00:00:00+00:00,2020-06-26 00:00:00+00:00,NGQ0@2020-07-29,73a26706a5a6b8b17988,-1.0,False,False,-0.5,-1.0,-0.5,0.5,0.0,7.5,-340.0,-347.5,95270.0,100650.0,347.5,0.05345255837059116,active,,,forecast_signal,False,NGQ0@2020-07-29,2020
2020-06-28 00:00:00+00:00,2020-06-28 00:00:00+00:00,NGQ0@2020-07-29,6ea3cac4444240363135,0.0,True,False,-1.0,0.0,1.0,1.0,0.0,15.0,0.0,-15.0,95255.0,100650.0,15.0,0.05360158966716344,active,,predicted_gross_pnl_not_above_round_trip_cost,predicted_gross_pnl_not_above_round_trip_cost,False,NGQ0@2020-07-29,2020
2020-06-29 00:00:00+00:00,2020-06-29 00:00:00+00:00,NGQ0@2020-07-29,6ea3cac4444240363135,0.0,True,False,0.0,0.0,0.0,0.0,0.0,0.0,0.0,0.0,95255.0,100650.0,0.0,0.05360158966716344,active,,predicted_gross_pnl_not_above_round_trip_cost,predicted_gross_pnl_not_above_round_trip_cost,False,NGQ0@2020-07-29,2020
2020-06-30 00:00:00+00:00,2020-06-30 00:00:00+00:00,NGQ0@2020-07-29,bcc08262366bf79292a5,0.0,True,False,0.0,0.0,0.0,0.0,0.0,0.0,0.0,0.0,95255.0,100650.0,0.0,0.05360158966716344,active,,predicted_gross_pnl_not_above_round_trip_cost,predicted_gross_pnl_not_above_round_trip_cost,False,NGQ0@2020-07-29,2020
2020-07-01 00:00:00+00:00,2020-07-01 00:00:00+00:00,NGQ0@2020-07-29,683435a278b7ea4c1f32,-1.0,False,False,0.0,-1.0,-1.0,1.0,0.0,15.0,320.0,305.0,95560.0,100650.0,0.0,0.050571286636860405,active,,,forecast_signal,False,NGQ0@2020-07-29,2020
2020-07-02 00:00:00+00:00,2020-07-02 00:00:00+00:00,NGQ0@2020-07-29,683435a278b7ea4c1f32,-1.0,False,False,-1.0,-1.0,0.0,0.0,0.0,0.0,-320.0,-320.0,95240.0,100650.0,320.0,0.053750620963735715,active,,,forecast_signal,False,NGQ0@2020-07-29,2020
2020-07-03 00:00:00+00:00,2020-07-03 00:00:00+00:00,NGQ0@2020-07-29,fc0903f3648df990d307,-1.0,False,False,-1.0,-1.0,0.0,0.0,0.0,0.0,-149.999999999999,-149.999999999999,95090.0,100650.0,150.0,0.05524093392945852,active,,,forecast_signal,False,NGQ0@2020-07-29,2020
2020-07-05 00:00:00+00:00,2020-07-05 00:00:00+00:00,NGQ0@2020-07-29,fc0903f3648df990d307,-1.0,False,False,-1.0,-1.0,0.0,0.0,0.0,0.0,-160.0,-160.0,94930.0,100650.0,160.0,0.05683060109289618,active,,,forecast_signal,False,NGQ0@2020-07-29,2020
2020-07-06 00:00:00+00:00,2020-07-06 00:00:00+00:00,NGQ0@2020-07-29,fc0903f3648df990d307,-1.0,False,False,-1.0,-1.0,0.0,0.0,0.0,0.0,-1169.9999999999989,-1169.9999999999989,93760.0,100650.0,1170.0,0.06845504222553403,active,,,forecast_signal,False,NGQ0@2020-07-29,2020
2020-07-07 00:00:00+00:00,2020-07-07 00:00:00+00:00,NGQ0@2020-07-29,98ba59ae3f2de0c7fcc7,-1.0,False,False,-1.0,-1.0,0.0,0.0,0.0,0.0,-69.999999999998,-69.999999999998,93690.0,100650.0,70.0,0.06915052160953801,active,,,forecast_signal,False,NGQ0@2020-07-29,2020
2020-07-08 00:00:00+00:00,2020-07-08 00:00:00+00:00,NGQ0@2020-07-29,d4d144b333569180143b,-1.0,False,False,-1.0,-1.0,0.0,0.0,0.0,0.0,489.999999999999,489.999999999999,94180.0,100650.0,0.0,0.06428216592151019,active,,,forecast_signal,False,NGQ0@2020-07-29,2020
2020-07-09 00:00:00+00:00,2020-07-09 00:00:00+00:00,NGQ0@2020-07-29,9e6aa3178407c589dc79,-1.0,False,False,-1.0,-1.0,0.0,0.0,0.0,0.0,449.99999999999903,449.99999999999903,94630.0,100650.0,0.0,0.05981122702434178,active,,,forecast_signal,False,NGQ0@2020-07-29,2020
2020-07-10 00:00:00+00:00,2020-07-10 00:00:00+00:00,NGQ0@2020-07-29,210ba4e1f60d453afe98,-1.0,False,False,-1.0,-1.0,0.0,0.0,0.0,0.0,-9.999999999998002,-9.999999999998002,94620.0,100650.0,10.0,0.059910581222056634,active,,,forecast_signal,False,NGQ0@2020-07-29,2020
2020-07-12 00:00:00+00:00,2020-07-12 00:00:00+00:00,NGQ0@2020-07-29,aefee81a2ded9a1e89f0,-1.0,False,False,-1.0,-1.0,0.0,0.0,0.0,0.0,89.999999999998,89.999999999998,94710.0,100650.0,0.0,0.05901639344262295,active,,,forecast_signal,False,NGQ0@2020-07-29,2020
2020-07-13 00:00:00+00:00,2020-07-13 00:00:00+00:00,NGQ0@2020-07-29,aefee81a2ded9a1e89f0,-1.0,False,False,-1.0,-1.0,0.0,0.0,0.0,0.0,529.999999999999,529.999999999999,95240.0,100650.0,0.0,0.053750620963735715,active,,,forecast_signal,False,NGQ0@2020-07-29,2020
2020-07-14 00:00:00+00:00,2020-07-14 00:00:00+00:00,NGQ0@2020-07-29,4aadc58ecd278bf11d54,-1.0,False,False,-1.0,-1.0,0.0,0.0,0.0,0.0,-299.999999999998,-299.999999999998,94940.0,100650.0,300.0,0.056731246895181324,active,,,forecast_signal,False,NGQ0@2020-07-29,2020
2020-07-15 00:00:00+00:00,2020-07-15 00:00:00+00:00,NGQ0@2020-07-29,416c21a4d02cda4a250a,0.0,True,False,-1.0,0.0,1.0,1.0,0.0,15.0,0.0,-15.0,94925.0,100650.0,15.0,0.0568802781917536,active,,predicted_gross_pnl_not_above_round_trip_cost,predicted_gross_pnl_not_above_round_trip_cost,False,NGQ0@2020-07-29,2020
2020-07-16 00:00:00+00:00,2020-07-16 00:00:00+00:00,NGQ0@2020-07-29,5331f2e3a40f68a03a17,0.0,True,False,0.0,0.0,0.0,0.0,0.0,0.0,-0.0,-0.0,94925.0,100650.0,0.0,0.0568802781917536,active,,predicted_gross_pnl_not_above_round_trip_cost,predicted_gross_pnl_not_above_round_trip_cost,False,NGQ0@2020-07-29,2020
2020-07-17 00:00:00+00:00,2020-07-17 00:00:00+00:00,NGQ0@2020-07-29,3ca14c85cc0ac3e25f9d,-1.0,False,False,0.0,-1.0,-1.0,1.0,0.0,15.0,230.000000000001,215.000000000001,95140.0,100650.0,0.0,0.05474416294088425,active,,,forecast_signal,False,NGQ0@2020-07-29,2020
2020-07-19 00:00:00+00:00,2020-07-19 00:00:00+00:00,NGQ0@2020-07-29,c148c6ce3a59afc972ce,0.0,True,False,-1.0,0.0,1.0,1.0,0.0,15.0,-0.0,-15.0,95125.0,100650.0,15.0,0.05489319423745653,active,,specialist_veto,specialist_veto,False,NGQ0@2020-07-29,2020
2020-07-20 00:00:00+00:00,2020-07-20 00:00:00+00:00,NGQ0@2020-07-29,c148c6ce3a59afc972ce,0.0,True,False,0.0,0.0,0.0,0.0,0.0,0.0,-0.0,-0.0,95125.0,100650.0,0.0,0.05489319423745653,active,,specialist_veto,specialist_veto,False,NGQ0@2020-07-29,2020
2020-07-21 00:00:00+00:00,2020-07-21 00:00:00+00:00,NGQ0@2020-07-29,a4c5783f82235d1df60f,0.0,True,False,0.0,0.0,0.0,0.0,0.0,0.0,0.0,0.0,95125.0,100650.0,0.0,0.05489319423745653,active,,specialist_veto,specialist_veto,False,NGQ0@2020-07-29,2020
2020-07-22 00:00:00+00:00,2020-07-22 00:00:00+00:00,NGQ0@2020-07-29,a68960101b51a414b372,0.0,True,False,0.0,0.0,0.0,0.0,0.0,0.0,0.0,0.0,95125.0,100650.0,0.0,0.05489319423745653,active,,specialist_veto,specialist_veto,False,NGQ0@2020-07-29,2020
2020-07-23 00:00:00+00:00,2020-07-23 00:00:00+00:00,NGQ0@2020-07-29,a08ef7e670fd1c9a3dbf,0.0,True,False,0.0,0.0,0.0,0.0,0.0,0.0,0.0,0.0,95125.0,100650.0,0.0,0.05489319423745653,active,,specialist_veto,specialist_veto,False,NGQ0@2020-07-29,2020
2020-07-24 00:00:00+00:00,2020-07-24 00:00:00+00:00,NGQ0@2020-07-29,311cf7c62dcf783317e3,-1.0,False,False,0.0,-1.0,-1.0,1.0,0.0,15.0,-160.0,-175.0,94950.0,100650.0,175.0,0.05663189269746647,active,,,forecast_signal,False,NGQ0@2020-07-29,2020
2020-07-26 00:00:00+00:00,2020-07-26 00:00:00+00:00,NGQ0@2020-07-29,2665e83f52167eca4380,-1.0,False,False,-1.0,-1.0,0.0,0.0,0.0,0.0,190.000000000001,190.000000000001,95140.0,100650.0,0.0,0.05474416294088425,active,,,forecast_signal,False,NGQ0@2020-07-29,2020
2020-07-27 00:00:00+00:00,2020-07-27 00:00:00+00:00,NGQ0@2020-07-29,2665e83f52167eca4380,-1.0,False,False,-1.0,-1.0,0.0,0.0,0.0,0.0,449.99999999999903,449.99999999999903,95590.0,100650.0,0.0,0.05027322404371585,active,,,forecast_signal,False,NGQ0@2020-07-29,2020
2020-07-28 00:00:00+00:00,2020-07-28 00:00:00+00:00,NGQ0@2020-07-29,5fc12fdfd47d395f2a7a,-1.0,False,False,-1.0,-1.0,0.0,0.0,0.0,0.0,-600.0,-600.0,94990.0,100650.0,600.0,0.05623447590660705,active,,,forecast_signal,False,NGU0@2020-08-27,2020
2020-07-29 00:00:00+00:00,2020-07-29 00:00:00+00:00,NGU0@2020-08-27,42f677be06b126aed8b4,-1.0,False,False,-1.0,-1.0,0.0,2.0,2.0,30.0,-620.0,-650.0,94340.0,100650.0,650.0,0.06269249875807253,active,,,forecast_signal,True,NGU0@2020-08-27,2020
2020-07-30 00:00:00+00:00,2020-07-30 00:00:00+00:00,NGU0@2020-08-27,fd846b812b9758a785e7,-1.0,False,False,-1.0,-1.0,0.0,0.0,0.0,0.0,740.0,740.0,95080.0,100650.0,0.0,0.05534028812717337,active,,,forecast_signal,False,NGU0@2020-08-27,2020
2020-07-31 00:00:00+00:00,2020-07-31 00:00:00+00:00,NGU0@2020-08-27,7601e8b4eaa9370a2c0e,-1.0,False,False,-1.0,-1.0,0.0,0.0,0.0,0.0,-140.0,-140.0,94940.0,100650.0,140.0,0.056731246895181324,active,,,forecast_signal,False,NGU0@2020-08-27,2020
2020-08-02 00:00:00+00:00,2020-08-02 00:00:00+00:00,NGU0@2020-08-27,4752b36b3214c592114f,0.0,True,False,-1.0,0.0,1.0,1.0,0.0,15.0,-0.0,-15.0,94925.0,100650.0,15.0,0.0568802781917536,active,,specialist_veto,specialist_veto,False,NGU0@2020-08-27,2020
2020-08-03 00:00:00+00:00,2020-08-03 00:00:00+00:00,NGU0@2020-08-27,4752b36b3214c592114f,0.0,True,False,0.0,0.0,0.0,0.0,0.0,0.0,0.0,0.0,94925.0,100650.0,0.0,0.0568802781917536,active,,specialist_veto,specialist_veto,False,NGU0@2020-08-27,2020
2020-08-04 00:00:00+00:00,2020-08-04 00:00:00+00:00,NGU0@2020-08-27,1af5c16f470042b6785d,0.0,True,False,0.0,0.0,0.0,0.0,0.0,0.0,0.0,0.0,94925.0,100650.0,0.0,0.0568802781917536,active,,specialist_veto,specialist_veto,False,NGU0@2020-08-27,2020
2020-08-05 00:00:00+00:00,2020-08-05 00:00:00+00:00,NGU0@2020-08-27,e27b2159185322517e9c,1.0,False,False,0.0,1.0,1.0,1.0,0.0,15.0,380.000000000002,365.000000000002,95290.0,100650.0,0.0,0.05325384997516145,active,,,forecast_signal,False,NGU0@2020-08-27,2020
2020-08-06 00:00:00+00:00,2020-08-06 00:00:00+00:00,NGU0@2020-08-27,611ee779d774aaf63264,1.0,False,False,1.0,1.0,0.0,0.0,0.0,0.0,-600.0,-600.0,94690.0,100650.0,600.0,0.05921510183805266,active,,,forecast_signal,False,NGU0@2020-08-27,2020
2020-08-07 00:00:00+00:00,2020-08-07 00:00:00+00:00,NGU0@2020-08-27,18ee3df362dc4479eaca,1.0,False,False,1.0,1.0,0.0,0.0,0.0,0.0,1000.0,1000.0,95690.0,100650.0,0.0,0.04927968206656731,active,,,forecast_signal,False,NGU0@2020-08-27,2020
2020-08-09 00:00:00+00:00,2020-08-09 00:00:00+00:00,NGU0@2020-08-27,daafcfe46405164d901f,1.0,False,False,1.0,1.0,0.0,0.0,0.0,0.0,-60.000000000002,-60.000000000002,95630.0,100650.0,60.0,0.04987580725285643,active,,,forecast_signal,False,NGU0@2020-08-27,2020
2020-08-10 00:00:00+00:00,2020-08-10 00:00:00+00:00,NGU0@2020-08-27,daafcfe46405164d901f,1.0,False,False,1.0,1.0,0.0,0.0,0.0,0.0,-939.9999999999981,-939.9999999999981,94690.0,100650.0,940.0,0.05921510183805266,active,,,forecast_signal,False,NGU0@2020-08-27,2020
2020-08-11 00:00:00+00:00,2020-08-11 00:00:00+00:00,NGU0@2020-08-27,78e8dd112fcb1944f2e4,0.5,False,False,1.0,0.5,-0.5,0.5,0.0,7.5,-70.000000000001,-77.500000000001,94612.5,100650.0,77.5,0.05998509687034277,active,,,specialist_sizing_modifier,False,NGU0@2020-08-27,2020
2020-08-12 00:00:00+00:00,2020-08-12 00:00:00+00:00,NGU0@2020-08-27,bd7007ab33beff8418fe,1.0,False,False,0.5,1.0,0.5,0.5,0.0,7.5,130.00000000000298,122.50000000000298,94735.0,100650.0,0.0,0.05876800794833582,active,,,forecast_signal,False,NGU0@2020-08-27,2020
2020-08-13 00:00:00+00:00,2020-08-13 00:00:00+00:00,NGU0@2020-08-27,ff63361cbeeec45be3be,1.0,False,False,1.0,1.0,0.0,0.0,0.0,0.0,189.999999999996,189.999999999996,94925.0,100650.0,0.0,0.0568802781917536,active,,,forecast_signal,False,NGU0@2020-08-27,2020
2020-08-14 00:00:00+00:00,2020-08-14 00:00:00+00:00,NGU0@2020-08-27,8b5dd81409d3de47b79b,1.0,False,False,1.0,1.0,0.0,0.0,0.0,0.0,2170.0,2170.0,97095.0,100650.0,0.0,0.035320417287630405,active,,,forecast_signal,False,NGU0@2020-08-27,2020
2020-08-16 00:00:00+00:00,2020-08-16 00:00:00+00:00,NGU0@2020-08-27,f30ba549397bd2c25843,1.0,False,False,1.0,1.0,0.0,0.0,0.0,0.0,-259.999999999998,-259.999999999998,96835.0,100650.0,260.0,0.03790362642821659,active,,,forecast_signal,False,NGU0@2020-08-27,2020
2020-08-17 00:00:00+00:00,2020-08-17 00:00:00+00:00,NGU0@2020-08-27,f30ba549397bd2c25843,1.0,False,False,1.0,1.0,0.0,0.0,0.0,0.0,-209.999999999999,-209.999999999999,96625.0,100650.0,210.0,0.03999006458022852,active,,,forecast_signal,False,NGU0@2020-08-27,2020
2020-08-18 00:00:00+00:00,2020-08-18 00:00:00+00:00,NGU0@2020-08-27,46205fcf79420978d638,1.0,False,False,1.0,1.0,0.0,0.0,0.0,0.0,839.999999999996,839.999999999996,97465.0,100650.0,0.0,0.03164431197218082,active,,,forecast_signal,False,NGU0@2020-08-27,2020
2020-08-19 00:00:00+00:00,2020-08-19 00:00:00+00:00,NGU0@2020-08-27,c3dd07628bbbe91b6804,1.0,False,False,1.0,1.0,0.0,0.0,0.0,0.0,20.000000000002,20.000000000002,97485.0,100650.0,0.0,0.031445603576751115,active,,,forecast_signal,False,NGU0@2020-08-27,2020
2020-08-20 00:00:00+00:00,2020-08-20 00:00:00+00:00,NGU0@2020-08-27,8e6a683c82654e58ca4f,1.0,False,False,1.0,1.0,0.0,0.0,0.0,0.0,-630.000000000001,-630.000000000001,96855.0,100650.0,630.0,0.03770491803278689,active,,,forecast_signal,False,NGU0@2020-08-27,2020
2020-08-21 00:00:00+00:00,2020-08-21 00:00:00+00:00,NGU0@2020-08-27,ca0096527d1ad93c2bba,1.0,False,False,1.0,1.0,0.0,0.0,0.0,0.0,920.0,920.0,97775.0,100650.0,0.0,0.028564331843020367,active,,,forecast_signal,False,NGU0@2020-08-27,2020
2020-08-23 00:00:00+00:00,2020-08-23 00:00:00+00:00,NGU0@2020-08-27,2eaf27bf96d625227633,1.0,False,False,1.0,1.0,0.0,0.0,0.0,0.0,-609.999999999999,-609.999999999999,97165.0,100650.0,610.0,0.034624937903626425,active,,,forecast_signal,False,NGU0@2020-08-27,2020
2020-08-24 00:00:00+00:00,2020-08-24 00:00:00+00:00,NGU0@2020-08-27,2eaf27bf96d625227633,1.0,False,False,1.0,1.0,0.0,0.0,0.0,0.0,1229.999999999997,1229.999999999997,98395.0,100650.0,0.0,0.022404371584699455,active,,,forecast_signal,False,NGU0@2020-08-27,2020
2020-08-25 00:00:00+00:00,2020-08-25 00:00:00+00:00,NGU0@2020-08-27,81a7d683959b31ec33a2,1.0,False,False,1.0,1.0,0.0,0.0,0.0,0.0,-449.99999999999903,-449.99999999999903,97945.0,100650.0,450.0,0.026875310481867858,active,,,forecast_signal,False,NGV0@2020-09-28,2020
2020-08-26 00:00:00+00:00,2020-08-26 00:00:00+00:00,NGV0@2020-09-28,d36058fd93a6679a8636,1.0,False,False,1.0,1.0,0.0,2.0,2.0,30.0,-480.0,-510.0,97435.0,100650.0,510.0,0.031942374565325386,active,,,forecast_signal,True,NGV0@2020-09-28,2020
2020-08-27 00:00:00+00:00,2020-08-27 00:00:00+00:00,NGV0@2020-09-28,ae1eb6f5a38f24623fef,1.0,False,False,1.0,1.0,0.0,0.0,0.0,0.0,1629.9999999999982,1629.9999999999982,99065.0,100650.0,0.0,0.01574764033780427,active,,,forecast_signal,False,NGV0@2020-09-28,2020
2020-08-28 00:00:00+00:00,2020-08-28 00:00:00+00:00,NGV0@2020-09-28,7ff418e5f7ff25e21e83,0.0,True,False,1.0,0.0,-1.0,1.0,0.0,15.0,-0.0,-15.0,99050.0,100650.0,15.0,0.015896671634376552,active,,specialist_veto,specialist_veto,False,NGV0@2020-09-28,2020
2020-08-30 00:00:00+00:00,2020-08-30 00:00:00+00:00,NGV0@2020-09-28,50ba2967a5a00eaf4896,-1.0,False,False,0.0,-1.0,-1.0,1.0,0.0,15.0,-89.999999999998,-104.999999999998,98945.0,100650.0,105.0,0.016939890710382512,active,,,forecast_signal,False,NGV0@2020-09-28,2020
2020-08-31 00:00:00+00:00,2020-08-31 00:00:00+00:00,NGV0@2020-09-28,50ba2967a5a00eaf4896,-1.0,False,False,-1.0,-1.0,0.0,0.0,0.0,0.0,-49.999999999997996,-49.999999999997996,98895.0,100650.0,50.0,0.01743666169895678,active,,,forecast_signal,False,NGV0@2020-09-28,2020
2020-09-01 00:00:00+00:00,2020-09-01 00:00:00+00:00,NGV0@2020-09-28,7c81dc557054d6d72286,-1.0,False,False,-1.0,-1.0,0.0,0.0,0.0,0.0,1269.999999999997,1269.999999999997,100165.0,100650.0,0.0,0.004818678589170393,active,,,forecast_signal,False,NGV0@2020-09-28,2020
2020-09-02 00:00:00+00:00,2020-09-02 00:00:00+00:00,NGV0@2020-09-28,02eb4250053c015807ff,1.0,False,False,-1.0,1.0,2.0,2.0,0.0,30.0,-339.999999999998,-369.999999999998,99795.0,100650.0,370.0,0.00849478390461997,active,,,forecast_signal,False,NGV0@2020-09-28,2020
2020-09-03 00:00:00+00:00,2020-09-03 00:00:00+00:00,NGV0@2020-09-28,7d5ce33600bfc242ea7e,1.0,False,False,1.0,1.0,0.0,0.0,0.0,0.0,-50.000000000003006,-50.000000000003006,99745.0,100650.0,50.0,0.008991554893194238,active,,,forecast_signal,False,NGV0@2020-09-28,2020
2020-09-04 00:00:00+00:00,2020-09-04 00:00:00+00:00,NGV0@2020-09-28,0bac5875e6f9b3df17ce,1.0,False,False,1.0,1.0,0.0,0.0,0.0,0.0,1089.999999999999,1089.999999999999,100835.0,100835.0,0.0,0.0,active,,,forecast_signal,False,NGV0@2020-09-28,2020
2020-09-06 00:00:00+00:00,2020-09-06 00:00:00+00:00,NGV0@2020-09-28,38eecff522128fae5183,1.0,False,False,1.0,1.0,0.0,0.0,0.0,0.0,-240.0,-240.0,100595.0,100835.0,240.0,0.0023801259483314323,active,,,forecast_signal,False,NGV0@2020-09-28,2020
2020-09-07 00:00:00+00:00,2020-09-07 00:00:00+00:00,NGV0@2020-09-28,38eecff522128fae5183,1.0,False,False,1.0,1.0,0.0,0.0,0.0,0.0,-209.999999999999,-209.999999999999,100385.0,100835.0,210.0,0.004462736153121436,active,,,forecast_signal,False,NGV0@2020-09-28,2020
2020-09-08 00:00:00+00:00,2020-09-08 00:00:00+00:00,NGV0@2020-09-28,38eecff522128fae5183,1.0,False,False,1.0,1.0,0.0,0.0,0.0,0.0,-1759.999999999997,-1759.999999999997,98625.0,100835.0,1760.0,0.021916993107551942,active,,,forecast_signal,False,NGV0@2020-09-28,2020
2020-09-09 00:00:00+00:00,2020-09-09 00:00:00+00:00,NGV0@2020-09-28,3c1485b125947980eeeb,1.0,False,False,1.0,1.0,0.0,0.0,0.0,0.0,239.999999999995,239.999999999995,98865.0,100835.0,0.0,0.019536867159220508,active,,,forecast_signal,False,NGV0@2020-09-28,2020
2020-09-10 00:00:00+00:00,2020-09-10 00:00:00+00:00,NGV0@2020-09-28,9d64fbf01c0ec77cb61f,0.0,True,False,1.0,0.0,-1.0,1.0,0.0,15.0,-0.0,-15.0,98850.0,100835.0,15.0,0.019685625030991222,active,,predicted_gross_pnl_not_above_round_trip_cost,predicted_gross_pnl_not_above_round_trip_cost,False,NGV0@2020-09-28,2020
2020-09-11 00:00:00+00:00,2020-09-11 00:00:00+00:00,NGV0@2020-09-28,558790e0c087504b5cdc,0.0,True,False,0.0,0.0,0.0,0.0,0.0,0.0,-0.0,-0.0,98850.0,100835.0,0.0,0.019685625030991222,active,,predicted_gross_pnl_not_above_round_trip_cost,predicted_gross_pnl_not_above_round_trip_cost,False,NGV0@2020-09-28,2020
2020-09-13 00:00:00+00:00,2020-09-13 00:00:00+00:00,NGV0@2020-09-28,4a1efb943a6bdf64af26,0.0,True,False,0.0,0.0,0.0,0.0,0.0,0.0,0.0,0.0,98850.0,100835.0,0.0,0.019685625030991222,active,,predicted_gross_pnl_not_above_round_trip_cost,predicted_gross_pnl_not_above_round_trip_cost,False,NGV0@2020-09-28,2020
2020-09-14 00:00:00+00:00,2020-09-14 00:00:00+00:00,NGV0@2020-09-28,4a1efb943a6bdf64af26,0.0,True,False,0.0,0.0,0.0,0.0,0.0,0.0,-0.0,-0.0,98850.0,100835.0,0.0,0.019685625030991222,active,,predicted_gross_pnl_not_above_round_trip_cost,predicted_gross_pnl_not_above_round_trip_cost,False,NGV0@2020-09-28,2020
2020-09-15 00:00:00+00:00,2020-09-15 00:00:00+00:00,NGV0@2020-09-28,5a41ef3d96ed112825f6,0.0,True,False,0.0,0.0,0.0,0.0,0.0,0.0,0.0,0.0,98850.0,100835.0,0.0,0.019685625030991222,active,,predicted_gross_pnl_not_above_round_trip_cost,predicted_gross_pnl_not_above_round_trip_cost,False,NGV0@2020-09-28,2020
2020-09-16 00:00:00+00:00,2020-09-16 00:00:00+00:00,NGV0@2020-09-28,48ad97ca6349590ca7b0,0.0,True,False,0.0,0.0,0.0,0.0,0.0,0.0,-0.0,-0.0,98850.0,100835.0,0.0,0.019685625030991222,active,,predicted_gross_pnl_not_above_round_trip_cost,predicted_gross_pnl_not_above_round_trip_cost,False,NGV0@2020-09-28,2020
2020-09-17 00:00:00+00:00,2020-09-17 00:00:00+00:00,NGV0@2020-09-28,527c6ae72a39d81291a8,0.0,True,False,0.0,0.0,0.0,0.0,0.0,0.0,-0.0,-0.0,98850.0,100835.0,0.0,0.019685625030991222,active,,predicted_gross_pnl_not_above_round_trip_cost,predicted_gross_pnl_not_above_round_trip_cost,False,NGV0@2020-09-28,2020
2020-09-18 00:00:00+00:00,2020-09-18 00:00:00+00:00,NGV0@2020-09-28,b3455d5c6570b00004af,0.0,True,False,0.0,0.0,0.0,0.0,0.0,0.0,0.0,0.0,98850.0,100835.0,0.0,0.019685625030991222,active,,predicted_gross_pnl_not_above_round_trip_cost,predicted_gross_pnl_not_above_round_trip_cost,False,NGV0@2020-09-28,2020
2020-09-20 00:00:00+00:00,2020-09-20 00:00:00+00:00,NGV0@2020-09-28,fe08beb0cd1afc2311ee,1.0,False,False,0.0,1.0,1.0,1.0,0.0,15.0,369.99999999999903,354.99999999999903,99205.0,100835.0,0.0,0.01616502206575098,active,,,forecast_signal,False,NGV0@2020-09-28,2020
2020-09-21 00:00:00+00:00,2020-09-21 00:00:00+00:00,NGV0@2020-09-28,fe08beb0cd1afc2311ee,1.0,False,False,1.0,1.0,0.0,0.0,0.0,0.0,-1550.0,-1550.0,97655.0,100835.0,1550.0,0.03153666881539148,active,,,forecast_signal,False,NGV0@2020-09-28,2020
2020-09-22 00:00:00+00:00,2020-09-22 00:00:00+00:00,NGV0@2020-09-28,14a473a31e56e147207c,0.0,True,False,1.0,0.0,-1.0,1.0,0.0,15.0,-0.0,-15.0,97640.0,100835.0,15.0,0.0316854266871622,active,,specialist_veto,specialist_veto,False,NGV0@2020-09-28,2020
2020-09-23 00:00:00+00:00,2020-09-23 00:00:00+00:00,NGV0@2020-09-28,f7dd62d3783f9e59dad4,1.0,False,False,0.0,1.0,1.0,1.0,0.0,15.0,3489.9999999999995,3474.9999999999995,101115.0,101115.0,0.0,0.0,active,,,forecast_signal,False,NGV0@2020-09-28,2020
2020-09-24 00:00:00+00:00,2020-09-24 00:00:00+00:00,NGV0@2020-09-28,cfff574093c8fd918ad2,1.0,False,False,1.0,1.0,0.0,0.0,0.0,0.0,160.0,160.0,101275.0,101275.0,0.0,0.0,active,,,forecast_signal,False,NGV0@2020-09-28,2020
2020-09-25 00:00:00+00:00,2020-09-25 00:00:00+00:00,NGV0@2020-09-28,bedf1ca1a7e91ad78528,1.0,False,False,1.0,1.0,0.0,0.0,0.0,0.0,-1009.999999999999,-1009.999999999999,100265.0,101275.0,1010.0,0.009972846210812146,active,,,forecast_signal,False,NGX0@2020-10-28,2020
2020-09-27 00:00:00+00:00,2020-09-27 00:00:00+00:00,NGX0@2020-10-28,8d12eee2c1ab5c09d29e,-1.0,False,False,1.0,-1.0,-2.0,2.0,2.0,30.0,-80.0,-110.0,100155.0,101275.0,110.0,0.011058997778326338,active,,,forecast_signal,True,NGX0@2020-10-28,2020
2020-09-28 00:00:00+00:00,2020-09-28 00:00:00+00:00,NGX0@2020-10-28,8d12eee2c1ab5c09d29e,-1.0,False,False,-1.0,-1.0,0.0,0.0,0.0,0.0,100.000000000002,100.000000000002,100255.0,101275.0,0.0,0.010071587262404345,active,,,forecast_signal,False,NGX0@2020-10-28,2020
2020-09-29 00:00:00+00:00,2020-09-29 00:00:00+00:00,NGX0@2020-10-28,b5590d5262c41adbdc88,0.0,True,False,-1.0,0.0,1.0,1.0,0.0,15.0,-0.0,-15.0,100240.0,101275.0,15.0,0.010219698839792644,active,,specialist_veto,specialist_veto,False,NGX0@2020-10-28,2020
2020-09-30 00:00:00+00:00,2020-09-30 00:00:00+00:00,NGX0@2020-10-28,cd57f22d9f7fc7db0e8b,0.0,True,False,0.0,0.0,0.0,0.0,0.0,0.0,0.0,0.0,100240.0,101275.0,0.0,0.010219698839792644,active,,predicted_gross_pnl_not_above_round_trip_cost,predicted_gross_pnl_not_above_round_trip_cost,False,NGX0@2020-10-28,2020
2020-10-01 00:00:00+00:00,2020-10-01 00:00:00+00:00,NGX0@2020-10-28,06e7a142e8bb905c533b,0.0,True,False,0.0,0.0,0.0,0.0,0.0,0.0,-0.0,-0.0,100240.0,101275.0,0.0,0.010219698839792644,active,,specialist_veto,specialist_veto,False,NGX0@2020-10-28,2020
2020-10-02 00:00:00+00:00,2020-10-02 00:00:00+00:00,NGX0@2020-10-28,cda76d803cc815de7e23,0.0,True,False,0.0,0.0,0.0,0.0,0.0,0.0,-0.0,-0.0,100240.0,101275.0,0.0,0.010219698839792644,active,,specialist_veto,specialist_veto,False,NGX0@2020-10-28,2020
2020-10-04 00:00:00+00:00,2020-10-04 00:00:00+00:00,NGX0@2020-10-28,1b2c7bc55a7b5a0a2fa3,0.0,True,False,0.0,0.0,0.0,0.0,0.0,0.0,0.0,0.0,100240.0,101275.0,0.0,0.010219698839792644,active,,specialist_veto,specialist_veto,False,NGX0@2020-10-28,2020
2020-10-05 00:00:00+00:00,2020-10-05 00:00:00+00:00,NGX0@2020-10-28,1b2c7bc55a7b5a0a2fa3,0.0,True,False,0.0,0.0,0.0,0.0,0.0,0.0,0.0,0.0,100240.0,101275.0,0.0,0.010219698839792644,active,,specialist_veto,specialist_veto,False,NGX0@2020-10-28,2020
2020-10-06 00:00:00+00:00,2020-10-06 00:00:00+00:00,NGX0@2020-10-28,a4c71575eaceefc1c165,-1.0,False,False,0.0,-1.0,-1.0,1.0,0.0,15.0,1290.0,1275.0,101515.0,101515.0,0.0,0.0,active,,,forecast_signal,False,NGX0@2020-10-28,2020
2020-10-07 00:00:00+00:00,2020-10-07 00:00:00+00:00,NGX0@2020-10-28,3b03774f475fa0611574,0.0,True,False,-1.0,0.0,1.0,1.0,0.0,15.0,0.0,-15.0,101500.0,101515.0,15.0,0.00014776141456927547,active,,specialist_veto,specialist_veto,False,NGX0@2020-10-28,2020
2020-10-08 00:00:00+00:00,2020-10-08 00:00:00+00:00,NGX0@2020-10-28,55d1d4034dcecaa8eaca,-1.0,False,False,0.0,-1.0,-1.0,1.0,0.0,15.0,-149.999999999996,-164.999999999996,101335.0,101515.0,165.0,0.0017731369748313058,active,,,forecast_signal,False,NGX0@2020-10-28,2020
2020-10-09 00:00:00+00:00,2020-10-09 00:00:00+00:00,NGX0@2020-10-28,d9f464af8e027e906b9d,0.0,True,False,-1.0,0.0,1.0,1.0,0.0,15.0,0.0,-15.0,101320.0,101515.0,15.0,0.001920898389400581,active,,specialist_veto,specialist_veto,False,NGX0@2020-10-28,2020
2020-10-11 00:00:00+00:00,2020-10-11 00:00:00+00:00,NGX0@2020-10-28,bfdd7993bc9934cad1e4,0.0,True,False,0.0,0.0,0.0,0.0,0.0,0.0,0.0,0.0,101320.0,101515.0,0.0,0.001920898389400581,active,,specialist_veto,specialist_veto,False,NGX0@2020-10-28,2020
2020-10-12 00:00:00+00:00,2020-10-12 00:00:00+00:00,NGX0@2020-10-28,bfdd7993bc9934cad1e4,0.0,True,False,0.0,0.0,0.0,0.0,0.0,0.0,-0.0,-0.0,101320.0,101515.0,0.0,0.001920898389400581,active,,specialist_veto,specialist_veto,False,NGX0@2020-10-28,2020
2020-10-13 00:00:00+00:00,2020-10-13 00:00:00+00:00,NGX0@2020-10-28,be2dc3ba2053319dbd8a,1.0,False,False,0.0,1.0,1.0,1.0,0.0,15.0,-950.0000000000019,-965.0000000000019,100355.0,101515.0,965.0,0.011426882726690638,active,,,forecast_signal,False,NGX0@2020-10-28,2020
2020-10-14 00:00:00+00:00,2020-10-14 00:00:00+00:00,NGX0@2020-10-28,caf2784841a88ed11f00,1.0,False,False,1.0,1.0,0.0,0.0,0.0,0.0,-589.9999999999969,-589.9999999999969,99765.0,101515.0,590.0,0.017238831699748807,active,,,forecast_signal,False,NGX0@2020-10-28,2020
2020-10-15 00:00:00+00:00,2020-10-15 00:00:00+00:00,NGX0@2020-10-28,cafc2d5dc5a846d89665,0.5,False,False,1.0,0.5,-0.5,0.5,0.0,7.5,645.0,637.5,100402.5,101515.0,0.0,0.010958971580554597,active,,,specialist_sizing_modifier,False,NGX0@2020-10-28,2020
2020-10-16 00:00:00+00:00,2020-10-16 00:00:00+00:00,NGX0@2020-10-28,f76249e260b24b56e8ec,1.0,False,False,0.5,1.0,0.5,0.5,0.0,7.5,-1480.0000000000011,-1487.5000000000011,98915.0,101515.0,1487.5,0.025611978525341084,active,,,forecast_signal,False,NGX0@2020-10-28,2020
2020-10-18 00:00:00+00:00,2020-10-18 00:00:00+00:00,NGX0@2020-10-28,899cf64b36e31000c4b4,1.0,False,False,1.0,1.0,0.0,0.0,0.0,0.0,579.9999999999981,579.9999999999981,99495.0,101515.0,0.0,0.019898537161995765,active,,,forecast_signal,False,NGX0@2020-10-28,2020
2020-10-19 00:00:00+00:00,2020-10-19 00:00:00+00:00,NGX0@2020-10-28,899cf64b36e31000c4b4,1.0,False,False,1.0,1.0,0.0,0.0,0.0,0.0,1460.000000000003,1460.000000000003,100955.0,101515.0,0.0,0.005516426143919618,active,,,forecast_signal,False,NGX0@2020-10-28,2020
2020-10-20 00:00:00+00:00,2020-10-20 00:00:00+00:00,NGX0@2020-10-28,51cacaaea13ef21ae56e,1.0,False,False,1.0,1.0,0.0,0.0,0.0,0.0,669.9999999999969,669.9999999999969,101625.0,101625.0,0.0,0.0,active,,,forecast_signal,False,NGX0@2020-10-28,2020
2020-10-21 00:00:00+00:00,2020-10-21 00:00:00+00:00,NGX0@2020-10-28,541adb216589f6d9b2b3,1.0,False,False,1.0,1.0,0.0,0.0,0.0,0.0,1040.0,1040.0,102665.0,102665.0,0.0,0.0,active,,,forecast_signal,False,NGX0@2020-10-28,2020
2020-10-22 00:00:00+00:00,2020-10-22 00:00:00+00:00,NGX0@2020-10-28,ecfa0dd0a9a946dbb141,1.0,False,False,1.0,1.0,0.0,0.0,0.0,0.0,-379.99999999999795,-379.99999999999795,102285.0,102665.0,380.0,0.0037013587882920177,active,,,forecast_signal,False,NGX0@2020-10-28,2020
2020-10-23 00:00:00+00:00,2020-10-23 00:00:00+00:00,NGX0@2020-10-28,2b8da1e884bc95559baf,1.0,False,False,1.0,1.0,0.0,0.0,0.0,0.0,-370.00000000000296,-370.00000000000296,101915.0,102665.0,370.0,0.007305313397944772,active,,,forecast_signal,False,NGX0@2020-10-28,2020
2020-10-25 00:00:00+00:00,2020-10-25 00:00:00+00:00,NGX0@2020-10-28,0a55520ef9c03f46a3d9,1.0,False,False,1.0,1.0,0.0,0.0,0.0,0.0,210.00000000000298,210.00000000000298,102125.0,102665.0,0.0,0.005259825646520236,active,,,forecast_signal,False,NGX0@2020-10-28,2020
2020-10-26 00:00:00+00:00,2020-10-26 00:00:00+00:00,NGX0@2020-10-28,0a55520ef9c03f46a3d9,1.0,False,False,1.0,1.0,0.0,0.0,0.0,0.0,679.999999999996,679.999999999996,102805.0,102805.0,0.0,0.0,active,,,forecast_signal,False,NGX0@2020-10-28,2020
2020-10-27 00:00:00+00:00,2020-10-27 00:00:00+00:00,NGX0@2020-10-28,f96e16b6e7ed7828e4e6,1.0,False,False,1.0,1.0,0.0,0.0,0.0,0.0,-99.999999999997,-99.999999999997,102705.0,102805.0,100.0,0.000972715334857254,active,,,forecast_signal,False,NGZ0@2020-11-25,2020
2020-10-28 00:00:00+00:00,2020-10-28 00:00:00+00:00,NGZ0@2020-11-25,2551c5d43f9a5366ef75,1.0,False,False,1.0,1.0,0.0,2.0,2.0,30.0,-180.000000000002,-210.000000000002,102495.0,102805.0,210.0,0.0030154175380574873,active,,,forecast_signal,True,NGZ0@2020-11-25,2020
2020-10-29 00:00:00+00:00,2020-10-29 00:00:00+00:00,NGZ0@2020-11-25,cfec13e749ca7a7e704c,-1.0,False,False,1.0,-1.0,-2.0,2.0,0.0,30.0,-380.000000000002,-410.000000000002,102085.0,102805.0,410.0,0.007003550410972229,active,,,forecast_signal,False,NGZ0@2020-11-25,2020
2020-10-30 00:00:00+00:00,2020-10-30 00:00:00+00:00,NGZ0@2020-11-25,fee86e4d3ed7889d01e2,-1.0,False,False,-1.0,-1.0,0.0,0.0,0.0,0.0,-520.0,-520.0,101565.0,102805.0,520.0,0.01206167015222995,active,,,forecast_signal,False,NGZ0@2020-11-25,2020
2020-11-01 00:00:00+00:00,2020-11-01 00:00:00+00:00,NGZ0@2020-11-25,833865296d0ad63ff459,0.0,True,False,-1.0,0.0,1.0,1.0,0.0,15.0,-0.0,-15.0,101550.0,102805.0,15.0,0.012207577452458538,active,,specialist_veto,specialist_veto,False,NGZ0@2020-11-25,2020
2020-11-02 00:00:00+00:00,2020-11-02 00:00:00+00:00,NGZ0@2020-11-25,833865296d0ad63ff459,0.0,True,False,0.0,0.0,0.0,0.0,0.0,0.0,-0.0,-0.0,101550.0,102805.0,0.0,0.012207577452458538,active,,specialist_veto,specialist_veto,False,NGZ0@2020-11-25,2020
2020-11-03 00:00:00+00:00,2020-11-03 00:00:00+00:00,NGZ0@2020-11-25,067c1b8044d72080fae7,-1.0,False,False,0.0,-1.0,-1.0,1.0,0.0,15.0,1660.000000000003,1645.000000000003,103195.0,103195.0,0.0,0.0,active,,,forecast_signal,False,NGZ0@2020-11-25,2020
2020-11-04 00:00:00+00:00,2020-11-04 00:00:00+00:00,NGZ0@2020-11-25,6c27d86b028dd56a8a80,0.0,True,False,-1.0,0.0,1.0,1.0,0.0,15.0,0.0,-15.0,103180.0,103195.0,15.0,0.00014535587964533165,active,,specialist_veto,specialist_veto,False,NGZ0@2020-11-25,2020
2020-11-05 00:00:00+00:00,2020-11-05 00:00:00+00:00,NGZ0@2020-11-25,7b9421bfe6e3506721ff,0.0,True,False,0.0,0.0,0.0,0.0,0.0,0.0,-0.0,-0.0,103180.0,103195.0,0.0,0.00014535587964533165,active,,specialist_veto,specialist_veto,False,NGZ0@2020-11-25,2020
2020-11-06 00:00:00+00:00,2020-11-06 00:00:00+00:00,NGZ0@2020-11-25,187a72deab3e1339b00d,0.0,True,False,0.0,0.0,0.0,0.0,0.0,0.0,-0.0,-0.0,103180.0,103195.0,0.0,0.00014535587964533165,active,,predicted_gross_pnl_not_above_round_trip_cost,predicted_gross_pnl_not_above_round_trip_cost,False,NGZ0@2020-11-25,2020
2020-11-08 00:00:00+00:00,2020-11-08 00:00:00+00:00,NGZ0@2020-11-25,9d794c61e794174f1fd5,0.0,True,False,0.0,0.0,0.0,0.0,0.0,0.0,-0.0,-0.0,103180.0,103195.0,0.0,0.00014535587964533165,active,,specialist_veto,specialist_veto,False,NGZ0@2020-11-25,2020
2020-11-09 00:00:00+00:00,2020-11-09 00:00:00+00:00,NGZ0@2020-11-25,9d794c61e794174f1fd5,0.0,True,False,0.0,0.0,0.0,0.0,0.0,0.0,0.0,0.0,103180.0,103195.0,0.0,0.00014535587964533165,active,,specialist_veto,specialist_veto,False,NGZ0@2020-11-25,2020
2020-11-10 00:00:00+00:00,2020-11-10 00:00:00+00:00,NGZ0@2020-11-25,2916cad9cd9d390eec54,-1.0,False,False,0.0,-1.0,-1.0,1.0,0.0,15.0,-789.9999999999969,-804.9999999999969,102375.0,103195.0,805.0,0.007946121420611464,active,,,forecast_signal,False,NGZ0@2020-11-25,2020
2020-11-11 00:00:00+00:00,2020-11-11 00:00:00+00:00,NGZ0@2020-11-25,fa1e5ec90971644d57b6,0.0,True,False,-1.0,0.0,1.0,1.0,0.0,15.0,0.0,-15.0,102360.0,103195.0,15.0,0.008091477300256795,active,,specialist_veto,specialist_veto,False,NGZ0@2020-11-25,2020
2020-11-12 00:00:00+00:00,2020-11-12 00:00:00+00:00,NGZ0@2020-11-25,14205cc8ac2694e8c4f9,0.0,True,False,0.0,0.0,0.0,0.0,0.0,0.0,-0.0,-0.0,102360.0,103195.0,0.0,0.008091477300256795,active,,predicted_gross_pnl_not_above_round_trip_cost,predicted_gross_pnl_not_above_round_trip_cost,False,NGZ0@2020-11-25,2020
2020-11-13 00:00:00+00:00,2020-11-13 00:00:00+00:00,NGZ0@2020-11-25,d5da34ad711d9090e0a5,0.0,True,False,0.0,0.0,0.0,0.0,0.0,0.0,-0.0,-0.0,102360.0,103195.0,0.0,0.008091477300256795,active,,specialist_veto,specialist_veto,False,NGZ0@2020-11-25,2020
2020-11-15 00:00:00+00:00,2020-11-15 00:00:00+00:00,NGZ0@2020-11-25,833aea25df484c52000a,0.0,True,False,0.0,0.0,0.0,0.0,0.0,0.0,0.0,0.0,102360.0,103195.0,0.0,0.008091477300256795,active,,specialist_veto,specialist_veto,False,NGZ0@2020-11-25,2020
2020-11-16 00:00:00+00:00,2020-11-16 00:00:00+00:00,NGZ0@2020-11-25,833aea25df484c52000a,0.0,True,False,0.0,0.0,0.0,0.0,0.0,0.0,-0.0,-0.0,102360.0,103195.0,0.0,0.008091477300256795,active,,specialist_veto,specialist_veto,False,NGZ0@2020-11-25,2020
2020-11-17 00:00:00+00:00,2020-11-17 00:00:00+00:00,NGZ0@2020-11-25,34ecd76bfab5206473b1,1.0,False,False,0.0,1.0,1.0,1.0,0.0,15.0,40.0,25.0,102385.0,103195.0,0.0,0.007849217500847909,active,,,forecast_signal,False,NGZ0@2020-11-25,2020
2020-11-18 00:00:00+00:00,2020-11-18 00:00:00+00:00,NGZ0@2020-11-25,7840c8842993019e1293,0.0,True,False,1.0,0.0,-1.0,1.0,0.0,15.0,0.0,-15.0,102370.0,103195.0,15.0,0.00799457338049324,active,,specialist_veto,specialist_veto,False,NGZ0@2020-11-25,2020
2020-11-19 00:00:00+00:00,2020-11-19 00:00:00+00:00,NGZ0@2020-11-25,ee455f61d8c18cc7c999,0.0,True,False,0.0,0.0,0.0,0.0,0.0,0.0,-0.0,-0.0,102370.0,103195.0,0.0,0.00799457338049324,active,,specialist_veto,specialist_veto,False,NGZ0@2020-11-25,2020
2020-11-20 00:00:00+00:00,2020-11-20 00:00:00+00:00,NGZ0@2020-11-25,b45fde96361631c96738,0.0,True,False,0.0,0.0,0.0,0.0,0.0,0.0,0.0,0.0,102370.0,103195.0,0.0,0.00799457338049324,active,,specialist_veto,specialist_veto,False,NGZ0@2020-11-25,2020
2020-11-22 00:00:00+00:00,2020-11-22 00:00:00+00:00,NGZ0@2020-11-25,0d13aa977819f6c97693,1.0,False,False,0.0,1.0,1.0,1.0,0.0,15.0,-120.0,-135.0,102235.0,103195.0,135.0,0.009302776297301226,active,,,forecast_signal,False,NGZ0@2020-11-25,2020
2020-11-23 00:00:00+00:00,2020-11-23 00:00:00+00:00,NGZ0@2020-11-25,0d13aa977819f6c97693,1.0,False,False,1.0,1.0,0.0,0.0,0.0,0.0,200.0,200.0,102435.0,103195.0,0.0,0.007364697902030137,active,,,forecast_signal,False,NGZ0@2020-11-25,2020
2020-11-24 00:00:00+00:00,2020-11-24 00:00:00+00:00,NGZ0@2020-11-25,dc4cf1505c76cf3e19e6,0.0,True,False,1.0,0.0,-1.0,1.0,0.0,15.0,0.0,-15.0,102420.0,103195.0,15.0,0.007510053781675469,active,,specialist_veto,specialist_veto,False,NGF1@2020-12-29,2020
2020-11-25 00:00:00+00:00,2020-11-25 00:00:00+00:00,NGF1@2020-12-29,1d7eac88677e9a1120d6,0.0,True,False,0.0,0.0,0.0,0.0,0.0,0.0,0.0,0.0,102420.0,103195.0,0.0,0.007510053781675469,active,,specialist_veto,specialist_veto,False,NGF1@2020-12-29,2020
2020-11-26 00:00:00+00:00,2020-11-26 00:00:00+00:00,NGF1@2020-12-29,e489ed1b986ef9129ac4,-1.0,False,False,0.0,-1.0,-1.0,1.0,0.0,15.0,-49.999999999997996,-64.999999999998,102355.0,103195.0,65.0,0.008139929260138573,active,,,forecast_signal,False,NGF1@2020-12-29,2020
2020-11-27 00:00:00+00:00,2020-11-27 00:00:00+00:00,NGF1@2020-12-29,e489ed1b986ef9129ac4,-1.0,False,False,-1.0,-1.0,0.0,0.0,0.0,0.0,1000.0,1000.0,103355.0,103355.0,0.0,0.0,active,,,forecast_signal,False,NGF1@2020-12-29,2020
2020-11-29 00:00:00+00:00,2020-11-29 00:00:00+00:00,NGF1@2020-12-29,b81f7772feea3fe070c1,0.0,True,False,-1.0,0.0,1.0,1.0,0.0,15.0,0.0,-15.0,103340.0,103355.0,15.0,0.00014513085965845872,active,,specialist_veto,specialist_veto,False,NGF1@2020-12-29,2020
2020-11-30 00:00:00+00:00,2020-11-30 00:00:00+00:00,NGF1@2020-12-29,b81f7772feea3fe070c1,0.0,True,False,0.0,0.0,0.0,0.0,0.0,0.0,0.0,0.0,103340.0,103355.0,0.0,0.00014513085965845872,active,,specialist_veto,specialist_veto,False,NGF1@2020-12-29,2020
2020-12-01 00:00:00+00:00,2020-12-01 00:00:00+00:00,NGF1@2020-12-29,57c72fc9469809982d3b,0.0,True,False,0.0,0.0,0.0,0.0,0.0,0.0,-0.0,-0.0,103340.0,103355.0,0.0,0.00014513085965845872,active,,specialist_veto,specialist_veto,False,NGF1@2020-12-29,2020
2020-12-02 00:00:00+00:00,2020-12-02 00:00:00+00:00,NGF1@2020-12-29,d2684514548419dd697f,0.0,True,False,0.0,0.0,0.0,0.0,0.0,0.0,-0.0,-0.0,103340.0,103355.0,0.0,0.00014513085965845872,active,,specialist_veto,specialist_veto,False,NGF1@2020-12-29,2020
2020-12-03 00:00:00+00:00,2020-12-03 00:00:00+00:00,NGF1@2020-12-29,74cc5b017e4e99e6192b,0.0,True,False,0.0,0.0,0.0,0.0,0.0,0.0,-0.0,-0.0,103340.0,103355.0,0.0,0.00014513085965845872,active,,specialist_veto,specialist_veto,False,NGF1@2020-12-29,2020
2020-12-04 00:00:00+00:00,2020-12-04 00:00:00+00:00,NGF1@2020-12-29,2dd69f42d98f6747c4f4,0.0,True,False,0.0,0.0,0.0,0.0,0.0,0.0,-0.0,-0.0,103340.0,103355.0,0.0,0.00014513085965845872,active,,specialist_veto,specialist_veto,False,NGF1@2020-12-29,2020
2020-12-06 00:00:00+00:00,2020-12-06 00:00:00+00:00,NGF1@2020-12-29,b6c5e1abe2eec7570a77,1.0,False,False,0.0,1.0,1.0,1.0,0.0,15.0,40.0,25.0,103365.0,103365.0,0.0,0.0,active,,,forecast_signal,False,NGF1@2020-12-29,2020
2020-12-07 00:00:00+00:00,2020-12-07 00:00:00+00:00,NGF1@2020-12-29,b6c5e1abe2eec7570a77,1.0,False,False,1.0,1.0,0.0,0.0,0.0,0.0,-99.999999999997,-99.999999999997,103265.0,103365.0,100.0,0.0009674454602621777,active,,,forecast_signal,False,NGF1@2020-12-29,2020
2020-12-08 00:00:00+00:00,2020-12-08 00:00:00+00:00,NGF1@2020-12-29,9bb77336f2bb8d7ec7b4,0.0,True,False,1.0,0.0,-1.0,1.0,0.0,15.0,0.0,-15.0,103250.0,103365.0,15.0,0.0011125622793015043,active,,specialist_veto,specialist_veto,False,NGF1@2020-12-29,2020
2020-12-09 00:00:00+00:00,2020-12-09 00:00:00+00:00,NGF1@2020-12-29,483ab83915b0dc9bd111,0.0,True,False,0.0,0.0,0.0,0.0,0.0,0.0,-0.0,-0.0,103250.0,103365.0,0.0,0.0011125622793015043,active,,specialist_veto,specialist_veto,False,NGF1@2020-12-29,2020
2020-12-10 00:00:00+00:00,2020-12-10 00:00:00+00:00,NGF1@2020-12-29,51dbc64508ee5f0f5eaa,0.0,True,False,0.0,0.0,0.0,0.0,0.0,0.0,0.0,0.0,103250.0,103365.0,0.0,0.0011125622793015043,active,,specialist_veto,specialist_veto,False,NGF1@2020-12-29,2020
2020-12-11 00:00:00+00:00,2020-12-11 00:00:00+00:00,NGF1@2020-12-29,8ceb9613dde943af3ef8,0.0,True,False,0.0,0.0,0.0,0.0,0.0,0.0,0.0,0.0,103250.0,103365.0,0.0,0.0011125622793015043,active,,specialist_veto,specialist_veto,False,NGF1@2020-12-29,2020
2020-12-13 00:00:00+00:00,2020-12-13 00:00:00+00:00,NGF1@2020-12-29,a778abae43f11b922092,0.0,True,False,0.0,0.0,0.0,0.0,0.0,0.0,0.0,0.0,103250.0,103365.0,0.0,0.0011125622793015043,active,,specialist_veto,specialist_veto,False,NGF1@2020-12-29,2020
2020-12-14 00:00:00+00:00,2020-12-14 00:00:00+00:00,NGF1@2020-12-29,a778abae43f11b922092,0.0,True,False,0.0,0.0,0.0,0.0,0.0,0.0,0.0,0.0,103250.0,103365.0,0.0,0.0011125622793015043,active,,specialist_veto,specialist_veto,False,NGF1@2020-12-29,2020
2020-12-15 00:00:00+00:00,2020-12-15 00:00:00+00:00,NGF1@2020-12-29,50fce588b051c42e6002,0.0,True,False,0.0,0.0,0.0,0.0,0.0,0.0,-0.0,-0.0,103250.0,103365.0,0.0,0.0011125622793015043,active,,specialist_veto,specialist_veto,False,NGF1@2020-12-29,2020
2020-12-16 00:00:00+00:00,2020-12-16 00:00:00+00:00,NGF1@2020-12-29,ae10b401f0386544422a,0.0,True,False,0.0,0.0,0.0,0.0,0.0,0.0,0.0,0.0,103250.0,103365.0,0.0,0.0011125622793015043,active,,specialist_veto,specialist_veto,False,NGF1@2020-12-29,2020
2020-12-17 00:00:00+00:00,2020-12-17 00:00:00+00:00,NGF1@2020-12-29,701375f335bb0c31b294,0.0,True,False,0.0,0.0,0.0,0.0,0.0,0.0,-0.0,-0.0,103250.0,103365.0,0.0,0.0011125622793015043,active,,specialist_veto,specialist_veto,False,NGF1@2020-12-29,2020
2020-12-18 00:00:00+00:00,2020-12-18 00:00:00+00:00,NGF1@2020-12-29,1a85978540a0b485f618,-1.0,False,False,0.0,-1.0,-1.0,1.0,0.0,15.0,-600.0,-615.0,102635.0,103365.0,615.0,0.007062351859913898,active,,,forecast_signal,False,NGF1@2020-12-29,2020
2020-12-20 00:00:00+00:00,2020-12-20 00:00:00+00:00,NGF1@2020-12-29,57ca47392eab3fad77ac,-1.0,False,False,-1.0,-1.0,0.0,0.0,0.0,0.0,240.0,240.0,102875.0,103365.0,0.0,0.004740482755284671,active,,,forecast_signal,False,NGF1@2020-12-29,2020
2020-12-21 00:00:00+00:00,2020-12-21 00:00:00+00:00,NGF1@2020-12-29,57ca47392eab3fad77ac,-1.0,False,False,-1.0,-1.0,0.0,0.0,0.0,0.0,-9.999999999998002,-9.999999999998002,102865.0,103365.0,10.0,0.004837227301310889,active,,,forecast_signal,False,NGF1@2020-12-29,2020
2020-12-22 00:00:00+00:00,2020-12-22 00:00:00+00:00,NGF1@2020-12-29,5034a229a6e6e9f57e72,0.5,False,False,-1.0,0.5,1.5,1.5,0.0,22.5,310.000000000001,287.500000000001,103152.5,103365.0,0.0,0.0020558216030571274,active,,,specialist_sizing_modifier,False,NGF1@2020-12-29,2020
2020-12-23 00:00:00+00:00,2020-12-23 00:00:00+00:00,NGF1@2020-12-29,5034a229a6e6e9f57e72,0.5,False,False,0.5,0.5,0.0,0.0,0.0,0.0,-875.000000000001,-875.000000000001,102277.5,103365.0,875.0,0.010520969380351183,active,,,specialist_sizing_modifier,False,NGF1@2020-12-29,2020
2020-12-24 00:00:00+00:00,2020-12-24 00:00:00+00:00,NGF1@2020-12-29,5034a229a6e6e9f57e72,0.5,False,False,0.5,0.5,0.0,0.0,0.0,0.0,-1414.9999999999995,-1414.9999999999995,100862.5,103365.0,1415.0,0.024210322643060996,active,,,specialist_sizing_modifier,False,NGF1@2020-12-29,2020
2020-12-27 00:00:00+00:00,2020-12-27 00:00:00+00:00,NGF1@2020-12-29,5034a229a6e6e9f57e72,0.5,False,False,0.5,0.5,0.0,0.0,0.0,0.0,-84.9999999999995,-84.9999999999995,100777.5,103365.0,85.0,0.02503265128428385,active,,,specialist_sizing_modifier,False,NGF1@2020-12-29,2020
2020-12-28 00:00:00+00:00,2020-12-28 00:00:00+00:00,NGF1@2020-12-29,5034a229a6e6e9f57e72,0.5,False,False,0.5,0.5,0.0,0.0,0.0,0.0,124.9999999999995,124.9999999999995,100902.5,103365.0,0.0,0.023823344458956126,active,,,specialist_sizing_modifier,False,NGF1@2020-12-29,2020
2020-12-29 00:00:00+00:00,2020-12-29 00:00:00+00:00,NGF1@2020-12-29,,0.0,True,False,0.5,0.0,-0.5,0.5,0.0,7.5,0.0,-7.5,100895.0,103365.0,7.5,0.02389590286847579,active,,forecast_horizon_expired,forecast_horizon_expired,False,,2020
2020-12-30 00:00:00+00:00,2020-12-30 00:00:00+00:00,NGG1@2021-01-27,,0.0,True,False,0.0,0.0,0.0,0.0,0.0,0.0,0.0,0.0,100895.0,103365.0,0.0,0.02389590286847579,active,,forecast_horizon_expired,forecast_horizon_expired,False,NGG1@2021-01-27,2020
2020-12-31 00:00:00+00:00,2020-12-31 00:00:00+00:00,NGG1@2021-01-27,,0.0,True,False,0.0,0.0,0.0,0.0,0.0,0.0,0.0,0.0,100895.0,103365.0,0.0,0.02389590286847579,active,,end_of_sample_liquidation,forecast_horizon_expired,False,NGG1@2021-01-27,2020
2021-01-03 00:00:00+00:00,2021-01-03 00:00:00+00:00,NGG1@2021-01-27,b81248080f6f2667fc87,0.0,True,False,0.0,0.0,0.0,0.0,0.0,0.0,0.0,0.0,100000.0,100000.0,0.0,0.0,active,,specialist_veto,specialist_veto,False,NGG1@2021-01-27,2021
2021-01-04 00:00:00+00:00,2021-01-04 00:00:00+00:00,NGG1@2021-01-27,b81248080f6f2667fc87,0.0,True,False,0.0,0.0,0.0,0.0,0.0,0.0,-0.0,-0.0,100000.0,100000.0,0.0,0.0,active,,specialist_veto,specialist_veto,False,NGG1@2021-01-27,2021
2021-01-05 00:00:00+00:00,2021-01-05 00:00:00+00:00,NGG1@2021-01-27,daf3f2dd20100e5cf337,0.0,True,False,0.0,0.0,0.0,0.0,0.0,0.0,0.0,0.0,100000.0,100000.0,0.0,0.0,active,,specialist_veto,specialist_veto,False,NGG1@2021-01-27,2021
2021-01-06 00:00:00+00:00,2021-01-06 00:00:00+00:00,NGG1@2021-01-27,3adc5f4b3f82e702e471,1.0,False,False,0.0,1.0,1.0,1.0,0.0,15.0,30.000000000001,15.000000000000998,100015.0,100015.0,0.0,0.0,active,,,forecast_signal,False,NGG1@2021-01-27,2021
2021-01-07 00:00:00+00:00,2021-01-07 00:00:00+00:00,NGG1@2021-01-27,5f5d815fd41c1f44c2f8,1.0,False,False,1.0,1.0,0.0,0.0,0.0,0.0,-60.000000000002,-60.000000000002,99955.0,100015.0,60.0,0.0005999100134979754,active,,,forecast_signal,False,NGG1@2021-01-27,2021
2021-01-08 00:00:00+00:00,2021-01-08 00:00:00+00:00,NGG1@2021-01-27,f0f879bbd0f2b8d85e25,0.0,True,False,1.0,0.0,-1.0,1.0,0.0,15.0,-0.0,-15.0,99940.0,100015.0,15.0,0.0007498875168724692,active,,predicted_gross_pnl_not_above_round_trip_cost,predicted_gross_pnl_not_above_round_trip_cost,False,NGG1@2021-01-27,2021
2021-01-10 00:00:00+00:00,2021-01-10 00:00:00+00:00,NGG1@2021-01-27,4ea85bf191f4b3788ec2,0.0,True,False,0.0,0.0,0.0,0.0,0.0,0.0,0.0,0.0,99940.0,100015.0,0.0,0.0007498875168724692,active,,predicted_gross_pnl_not_above_round_trip_cost,predicted_gross_pnl_not_above_round_trip_cost,False,NGG1@2021-01-27,2021
2021-01-11 00:00:00+00:00,2021-01-11 00:00:00+00:00,NGG1@2021-01-27,4ea85bf191f4b3788ec2,0.0,True,False,0.0,0.0,0.0,0.0,0.0,0.0,0.0,0.0,99940.0,100015.0,0.0,0.0007498875168724692,active,,predicted_gross_pnl_not_above_round_trip_cost,predicted_gross_pnl_not_above_round_trip_cost,False,NGG1@2021-01-27,2021
2021-01-12 00:00:00+00:00,2021-01-12 00:00:00+00:00,NGG1@2021-01-27,98480696026f3dc97dd2,0.0,True,False,0.0,0.0,0.0,0.0,0.0,0.0,-0.0,-0.0,99940.0,100015.0,0.0,0.0007498875168724692,active,,predicted_gross_pnl_not_above_round_trip_cost,predicted_gross_pnl_not_above_round_trip_cost,False,NGG1@2021-01-27,2021
2021-01-13 00:00:00+00:00,2021-01-13 00:00:00+00:00,NGG1@2021-01-27,b0a9366f779dba58c30a,1.0,False,False,0.0,1.0,1.0,1.0,0.0,15.0,169.999999999999,154.999999999999,100095.0,100095.0,0.0,0.0,active,,,forecast_signal,False,NGG1@2021-01-27,2021
2021-01-14 00:00:00+00:00,2021-01-14 00:00:00+00:00,NGG1@2021-01-27,2322cd709bb1dbb2c3cb,1.0,False,False,1.0,1.0,0.0,0.0,0.0,0.0,-989.999999999997,-989.999999999997,99105.0,100095.0,990.0,0.009890603926270043,active,,,forecast_signal,False,NGG1@2021-01-27,2021
2021-01-15 00:00:00+00:00,2021-01-15 00:00:00+00:00,NGG1@2021-01-27,1f3d609a28566ae71bb7,1.0,False,False,1.0,1.0,0.0,0.0,0.0,0.0,-40.0,-40.0,99065.0,100095.0,40.0,0.010290224286927418,active,,,forecast_signal,False,NGG1@2021-01-27,2021
2021-01-17 00:00:00+00:00,2021-01-17 00:00:00+00:00,NGG1@2021-01-27,ea84e210abbd56042a30,1.0,False,False,1.0,1.0,0.0,0.0,0.0,0.0,-120.0,-120.0,98945.0,100095.0,120.0,0.011489085368899546,active,,,forecast_signal,False,NGG1@2021-01-27,2021
2021-01-18 00:00:00+00:00,2021-01-18 00:00:00+00:00,NGG1@2021-01-27,ea84e210abbd56042a30,1.0,False,False,1.0,1.0,0.0,0.0,0.0,0.0,-40.0,-40.0,98905.0,100095.0,40.0,0.011888705729556921,active,,,forecast_signal,False,NGG1@2021-01-27,2021
2021-01-19 00:00:00+00:00,2021-01-19 00:00:00+00:00,NGG1@2021-01-27,ea84e210abbd56042a30,1.0,False,False,1.0,1.0,0.0,0.0,0.0,0.0,-820.000000000003,-820.000000000003,98085.0,100095.0,820.0,0.02008092312303312,active,,,forecast_signal,False,NGG1@2021-01-27,2021
2021-01-20 00:00:00+00:00,2021-01-20 00:00:00+00:00,NGG1@2021-01-27,b44c23d6e2be64276074,1.0,False,False,1.0,1.0,0.0,0.0,0.0,0.0,-200.0,-200.0,97885.0,100095.0,200.0,0.022079024926319996,active,,,forecast_signal,False,NGG1@2021-01-27,2021
2021-01-21 00:00:00+00:00,2021-01-21 00:00:00+00:00,NGG1@2021-01-27,785014c0a80e20644c17,0.0,True,False,1.0,0.0,-1.0,1.0,0.0,15.0,-0.0,-15.0,97870.0,100095.0,15.0,0.02222888256156651,active,,predicted_gross_pnl_not_above_round_trip_cost,predicted_gross_pnl_not_above_round_trip_cost,False,NGG1@2021-01-27,2021
2021-01-22 00:00:00+00:00,2021-01-22 00:00:00+00:00,NGG1@2021-01-27,c2c27ac4440bd0327506,0.0,True,False,0.0,0.0,0.0,0.0,0.0,0.0,0.0,0.0,97870.0,100095.0,0.0,0.02222888256156651,active,,predicted_gross_pnl_not_above_round_trip_cost,predicted_gross_pnl_not_above_round_trip_cost,False,NGG1@2021-01-27,2021
2021-01-24 00:00:00+00:00,2021-01-24 00:00:00+00:00,NGG1@2021-01-27,1a627279f562035d29bf,0.0,True,False,0.0,0.0,0.0,0.0,0.0,0.0,-0.0,-0.0,97870.0,100095.0,0.0,0.02222888256156651,active,,specialist_veto,specialist_veto,False,NGG1@2021-01-27,2021
2021-01-25 00:00:00+00:00,2021-01-25 00:00:00+00:00,NGG1@2021-01-27,1a627279f562035d29bf,0.0,True,False,0.0,0.0,0.0,0.0,0.0,0.0,0.0,0.0,97870.0,100095.0,0.0,0.02222888256156651,active,,specialist_veto,specialist_veto,False,NGG1@2021-01-27,2021
2021-01-26 00:00:00+00:00,2021-01-26 00:00:00+00:00,NGG1@2021-01-27,206a662271ce8093802f,0.0,True,False,0.0,0.0,0.0,0.0,0.0,0.0,0.0,0.0,97870.0,100095.0,0.0,0.02222888256156651,active,,specialist_veto,specialist_veto,False,NGH1@2021-02-24,2021
2021-01-27 00:00:00+00:00,2021-01-27 00:00:00+00:00,NGH1@2021-02-24,9353706591e6f0229b12,0.0,True,False,0.0,0.0,0.0,0.0,0.0,0.0,0.0,0.0,97870.0,100095.0,0.0,0.02222888256156651,active,,specialist_veto,specialist_veto,False,NGH1@2021-02-24,2021
2021-01-28 00:00:00+00:00,2021-01-28 00:00:00+00:00,NGH1@2021-02-24,e65ed53d051b7dd3e1a4,0.0,True,False,0.0,0.0,0.0,0.0,0.0,0.0,0.0,0.0,97870.0,100095.0,0.0,0.02222888256156651,active,,specialist_veto,specialist_veto,False,NGH1@2021-02-24,2021
2021-01-29 00:00:00+00:00,2021-01-29 00:00:00+00:00,NGH1@2021-02-24,7b5d860b19eefe2874ac,0.0,True,False,0.0,0.0,0.0,0.0,0.0,0.0,0.0,0.0,97870.0,100095.0,0.0,0.02222888256156651,active,,specialist_veto,specialist_veto,False,NGH1@2021-02-24,2021
2021-01-31 00:00:00+00:00,2021-01-31 00:00:00+00:00,NGH1@2021-02-24,f471ce2494882e23b23d,0.0,True,False,0.0,0.0,0.0,0.0,0.0,0.0,-0.0,-0.0,97870.0,100095.0,0.0,0.02222888256156651,active,,specialist_veto,specialist_veto,False,NGH1@2021-02-24,2021
2021-02-01 00:00:00+00:00,2021-02-01 00:00:00+00:00,NGH1@2021-02-24,f471ce2494882e23b23d,0.0,True,False,0.0,0.0,0.0,0.0,0.0,0.0,0.0,0.0,97870.0,100095.0,0.0,0.02222888256156651,active,,specialist_veto,specialist_veto,False,NGH1@2021-02-24,2021
2021-02-02 00:00:00+00:00,2021-02-02 00:00:00+00:00,NGH1@2021-02-24,79d2f0b7c23992f70dea,0.0,True,False,0.0,0.0,0.0,0.0,0.0,0.0,-0.0,-0.0,97870.0,100095.0,0.0,0.02222888256156651,active,,specialist_veto,specialist_veto,False,NGH1@2021-02-24,2021
2021-02-03 00:00:00+00:00,2021-02-03 00:00:00+00:00,NGH1@2021-02-24,6121be847a203f9e2566,-1.0,False,False,0.0,-1.0,-1.0,1.0,0.0,15.0,609.999999999999,594.999999999999,98465.0,100095.0,0.0,0.01628452969678805,active,,,forecast_signal,False,NGH1@2021-02-24,2021
2021-02-04 00:00:00+00:00,2021-02-04 00:00:00+00:00,NGH1@2021-02-24,277fc56d8e1996e90852,0.0,True,False,-1.0,0.0,1.0,1.0,0.0,15.0,0.0,-15.0,98450.0,100095.0,15.0,0.016434387332034568,active,,specialist_veto,specialist_veto,False,NGH1@2021-02-24,2021
2021-02-05 00:00:00+00:00,2021-02-05 00:00:00+00:00,NGH1@2021-02-24,18fdca758c3d38346d8e,-1.0,False,False,0.0,-1.0,-1.0,1.0,0.0,15.0,590.000000000001,575.000000000001,99025.0,100095.0,0.0,0.010689844647584795,active,,,forecast_signal,False,NGH1@2021-02-24,2021
2021-02-07 00:00:00+00:00,2021-02-07 00:00:00+00:00,NGH1@2021-02-24,204454ada1ed0ea86943,-1.0,False,False,-1.0,-1.0,0.0,0.0,0.0,0.0,19.999999999996998,19.999999999996998,99045.0,100095.0,0.0,0.010490034467256106,active,,,forecast_signal,False,NGH1@2021-02-24,2021
2021-02-08 00:00:00+00:00,2021-02-08 00:00:00+00:00,NGH1@2021-02-24,204454ada1ed0ea86943,-1.0,False,False,-1.0,-1.0,0.0,0.0,0.0,0.0,-70.000000000001,-70.000000000001,98975.0,100095.0,70.0,0.011189370098406514,active,,,forecast_signal,False,NGH1@2021-02-24,2021
2021-02-09 00:00:00+00:00,2021-02-09 00:00:00+00:00,NGH1@2021-02-24,8ae05ac12d631cab57a1,-1.0,False,False,-1.0,-1.0,0.0,0.0,0.0,0.0,960.0,960.0,99935.0,100095.0,0.0,0.001598481442629502,active,,,forecast_signal,False,NGH1@2021-02-24,2021
2021-02-10 00:00:00+00:00,2021-02-10 00:00:00+00:00,NGH1@2021-02-24,9f1f1be59204f296d3a0,-1.0,False,False,-1.0,-1.0,0.0,0.0,0.0,0.0,-1680.000000000001,-1680.000000000001,98255.0,100095.0,1680.0,0.018382536590239272,active,,,forecast_signal,False,NGH1@2021-02-24,2021
2021-02-11 00:00:00+00:00,2021-02-11 00:00:00+00:00,NGH1@2021-02-24,d4aea3f5e5460fcb993a,0.0,True,False,-1.0,0.0,1.0,1.0,0.0,15.0,-0.0,-15.0,98240.0,100095.0,15.0,0.018532394225485787,active,,specialist_veto,specialist_veto,False,NGH1@2021-02-24,2021
2021-02-12 00:00:00+00:00,2021-02-12 00:00:00+00:00,NGH1@2021-02-24,592c920a28d631baa8da,-1.0,False,False,0.0,-1.0,-1.0,1.0,0.0,15.0,-1839.9999999999968,-1854.9999999999968,96385.0,100095.0,1855.0,0.037064788450971574,active,,,forecast_signal,False,NGH1@2021-02-24,2021
2021-02-14 00:00:00+00:00,2021-02-14 00:00:00+00:00,NGH1@2021-02-24,25e1430d988afb0855c6,0.0,True,False,-1.0,0.0,1.0,1.0,0.0,15.0,-0.0,-15.0,96370.0,100095.0,15.0,0.03721464608621809,active,,specialist_veto,specialist_veto,False,NGH1@2021-02-24,2021
2021-02-15 00:00:00+00:00,2021-02-15 00:00:00+00:00,NGH1@2021-02-24,25e1430d988afb0855c6,0.0,True,False,0.0,0.0,0.0,0.0,0.0,0.0,0.0,0.0,96370.0,100095.0,0.0,0.03721464608621809,active,,specialist_veto,specialist_veto,False,NGH1@2021-02-24,2021
2021-02-16 00:00:00+00:00,2021-02-16 00:00:00+00:00,NGH1@2021-02-24,25e1430d988afb0855c6,0.0,True,False,0.0,0.0,0.0,0.0,0.0,0.0,0.0,0.0,96370.0,100095.0,0.0,0.03721464608621809,active,,specialist_veto,specialist_veto,False,NGH1@2021-02-24,2021
2021-02-17 00:00:00+00:00,2021-02-17 00:00:00+00:00,NGH1@2021-02-24,1c710cadbcdcaf3ae829,-1.0,False,False,0.0,-1.0,-1.0,1.0,0.0,15.0,-1680.000000000001,-1695.000000000001,94675.0,100095.0,1695.0,0.05414855886907438,active,,,forecast_signal,False,NGH1@2021-02-24,2021
2021-02-18 00:00:00+00:00,2021-02-18 00:00:00+00:00,NGH1@2021-02-24,20e9873a4b841b83eb55,0.0,True,False,-1.0,0.0,1.0,1.0,0.0,15.0,-0.0,-15.0,94660.0,100095.0,15.0,0.05429841650432089,active,,predicted_gross_pnl_not_above_round_trip_cost,predicted_gross_pnl_not_above_round_trip_cost,False,NGH1@2021-02-24,2021
2021-02-19 00:00:00+00:00,2021-02-19 00:00:00+00:00,NGH1@2021-02-24,7a7243dff98e6ef81d1c,0.0,True,False,0.0,0.0,0.0,0.0,0.0,0.0,0.0,0.0,94660.0,100095.0,0.0,0.05429841650432089,active,,specialist_veto,specialist_veto,False,NGH1@2021-02-24,2021
2021-02-21 00:00:00+00:00,2021-02-21 00:00:00+00:00,NGH1@2021-02-24,44b58f24da35a3c2dc1e,0.0,True,False,0.0,0.0,0.0,0.0,0.0,0.0,-0.0,-0.0,94660.0,100095.0,0.0,0.05429841650432089,active,,predicted_gross_pnl_not_above_round_trip_cost,predicted_gross_pnl_not_above_round_trip_cost,False,NGH1@2021-02-24,2021
2021-02-22 00:00:00+00:00,2021-02-22 00:00:00+00:00,NGH1@2021-02-24,44b58f24da35a3c2dc1e,0.0,True,False,0.0,0.0,0.0,0.0,0.0,0.0,-0.0,-0.0,94660.0,100095.0,0.0,0.05429841650432089,active,,predicted_gross_pnl_not_above_round_trip_cost,predicted_gross_pnl_not_above_round_trip_cost,False,NGH1@2021-02-24,2021
2021-02-23 00:00:00+00:00,2021-02-23 00:00:00+00:00,NGH1@2021-02-24,8ca6a4389496fd7421cd,0.0,True,False,0.0,0.0,0.0,0.0,0.0,0.0,-0.0,-0.0,94660.0,100095.0,0.0,0.05429841650432089,active,,predicted_gross_pnl_not_above_round_trip_cost,predicted_gross_pnl_not_above_round_trip_cost,False,NGJ1@2021-03-29,2021
2021-02-24 00:00:00+00:00,2021-02-24 00:00:00+00:00,NGJ1@2021-03-29,2fc761efeb1b0e30a65a,-1.0,False,False,0.0,-1.0,-1.0,1.0,0.0,15.0,569.999999999999,554.999999999999,95215.0,100095.0,0.0,0.04875368400019981,active,,,forecast_signal,False,NGJ1@2021-03-29,2021
2021-02-25 00:00:00+00:00,2021-02-25 00:00:00+00:00,NGJ1@2021-03-29,abf7604a373d8f62003e,-1.0,False,False,-1.0,-1.0,0.0,0.0,0.0,0.0,400.0,400.0,95615.0,100095.0,0.0,0.04475748039362606,active,,,forecast_signal,False,NGJ1@2021-03-29,2021
2021-02-26 00:00:00+00:00,2021-02-26 00:00:00+00:00,NGJ1@2021-03-29,4d236bd1b26bcaa2b3cf,0.0,True,False,-1.0,0.0,1.0,1.0,0.0,15.0,0.0,-15.0,95600.0,100095.0,15.0,0.04490733802887257,active,,specialist_veto,specialist_veto,False,NGJ1@2021-03-29,2021
2021-02-28 00:00:00+00:00,2021-02-28 00:00:00+00:00,NGJ1@2021-03-29,2e1509a732151fee5a7d,0.0,True,False,0.0,0.0,0.0,0.0,0.0,0.0,-0.0,-0.0,95600.0,100095.0,0.0,0.04490733802887257,active,,specialist_veto,specialist_veto,False,NGJ1@2021-03-29,2021
2021-03-01 00:00:00+00:00,2021-03-01 00:00:00+00:00,NGJ1@2021-03-29,2e1509a732151fee5a7d,0.0,True,False,0.0,0.0,0.0,0.0,0.0,0.0,-0.0,-0.0,95600.0,100095.0,0.0,0.04490733802887257,active,,specialist_veto,specialist_veto,False,NGJ1@2021-03-29,2021
2021-03-02 00:00:00+00:00,2021-03-02 00:00:00+00:00,NGJ1@2021-03-29,cfdcd957e46556643b2d,0.0,True,False,0.0,0.0,0.0,0.0,0.0,0.0,0.0,0.0,95600.0,100095.0,0.0,0.04490733802887257,active,,specialist_veto,specialist_veto,False,NGJ1@2021-03-29,2021
2021-03-03 00:00:00+00:00,2021-03-03 00:00:00+00:00,NGJ1@2021-03-29,846139085fcc7d77fe0b,-1.0,False,False,0.0,-1.0,-1.0,1.0,0.0,15.0,499.999999999998,484.999999999998,96085.0,100095.0,0.0,0.04006194115590189,active,,,forecast_signal,False,NGJ1@2021-03-29,2021
2021-03-04 00:00:00+00:00,2021-03-04 00:00:00+00:00,NGJ1@2021-03-29,7aa13f4d3244f4b56c42,0.0,True,False,-1.0,0.0,1.0,1.0,0.0,15.0,-0.0,-15.0,96070.0,100095.0,15.0,0.04021179879114841,active,,specialist_veto,specialist_veto,False,NGJ1@2021-03-29,2021
2021-03-05 00:00:00+00:00,2021-03-05 00:00:00+00:00,NGJ1@2021-03-29,5ba055000196f2970465,-1.0,False,False,0.0,-1.0,-1.0,1.0,0.0,15.0,510.000000000001,495.000000000001,96565.0,100095.0,0.0,0.03526649682801339,active,,,forecast_signal,False,NGJ1@2021-03-29,2021
2021-03-07 00:00:00+00:00,2021-03-07 00:00:00+00:00,NGJ1@2021-03-29,21da4a95dfcd48851d5e,0.0,True,False,-1.0,0.0,1.0,1.0,0.0,15.0,0.0,-15.0,96550.0,100095.0,15.0,0.0354163544632599,active,,specialist_veto,specialist_veto,False,NGJ1@2021-03-29,2021
2021-03-08 00:00:00+00:00,2021-03-08 00:00:00+00:00,NGJ1@2021-03-29,21da4a95dfcd48851d5e,0.0,True,False,0.0,0.0,0.0,0.0,0.0,0.0,-0.0,-0.0,96550.0,100095.0,0.0,0.0354163544632599,active,,specialist_veto,specialist_veto,False,NGJ1@2021-03-29,2021
2021-03-09 00:00:00+00:00,2021-03-09 00:00:00+00:00,NGJ1@2021-03-29,17faefed0e66c027b4f1,0.0,True,False,0.0,0.0,0.0,0.0,0.0,0.0,-0.0,-0.0,96550.0,100095.0,0.0,0.0354163544632599,active,,predicted_gross_pnl_not_above_round_trip_cost,predicted_gross_pnl_not_above_round_trip_cost,False,NGJ1@2021-03-29,2021
2021-03-10 00:00:00+00:00,2021-03-10 00:00:00+00:00,NGJ1@2021-03-29,41fac51e34f93299268e,0.0,True,False,0.0,0.0,0.0,0.0,0.0,0.0,0.0,0.0,96550.0,100095.0,0.0,0.0354163544632599,active,,predicted_gross_pnl_not_above_round_trip_cost,predicted_gross_pnl_not_above_round_trip_cost,False,NGJ1@2021-03-29,2021
2021-03-11 00:00:00+00:00,2021-03-11 00:00:00+00:00,NGJ1@2021-03-29,055d16d60df15c4e429b,0.0,True,False,0.0,0.0,0.0,0.0,0.0,0.0,-0.0,-0.0,96550.0,100095.0,0.0,0.0354163544632599,active,,predicted_gross_pnl_not_above_round_trip_cost,predicted_gross_pnl_not_above_round_trip_cost,False,NGJ1@2021-03-29,2021
2021-03-12 00:00:00+00:00,2021-03-12 00:00:00+00:00,NGJ1@2021-03-29,5e160d749686689ae3c7,0.0,True,False,0.0,0.0,0.0,0.0,0.0,0.0,-0.0,-0.0,96550.0,100095.0,0.0,0.0354163544632599,active,,predicted_gross_pnl_not_above_round_trip_cost,predicted_gross_pnl_not_above_round_trip_cost,False,NGJ1@2021-03-29,2021
2021-03-14 00:00:00+00:00,2021-03-14 00:00:00+00:00,NGJ1@2021-03-29,4d7d1b55257485da7b6f,0.0,True,False,0.0,0.0,0.0,0.0,0.0,0.0,-0.0,-0.0,96550.0,100095.0,0.0,0.0354163544632599,active,,predicted_gross_pnl_not_above_round_trip_cost,predicted_gross_pnl_not_above_round_trip_cost,False,NGJ1@2021-03-29,2021
2021-03-15 00:00:00+00:00,2021-03-15 00:00:00+00:00,NGJ1@2021-03-29,4d7d1b55257485da7b6f,0.0,True,False,0.0,0.0,0.0,0.0,0.0,0.0,-0.0,-0.0,96550.0,100095.0,0.0,0.0354163544632599,active,,predicted_gross_pnl_not_above_round_trip_cost,predicted_gross_pnl_not_above_round_trip_cost,False,NGJ1@2021-03-29,2021
2021-03-16 00:00:00+00:00,2021-03-16 00:00:00+00:00,NGJ1@2021-03-29,2a81e48630ec7f7e6cdc,0.0,True,False,0.0,0.0,0.0,0.0,0.0,0.0,0.0,0.0,96550.0,100095.0,0.0,0.0354163544632599,active,,predicted_gross_pnl_not_above_round_trip_cost,predicted_gross_pnl_not_above_round_trip_cost,False,NGJ1@2021-03-29,2021
2021-03-17 00:00:00+00:00,2021-03-17 00:00:00+00:00,NGJ1@2021-03-29,62a978737eb1675ea322,0.0,True,False,0.0,0.0,0.0,0.0,0.0,0.0,-0.0,-0.0,96550.0,100095.0,0.0,0.0354163544632599,active,,predicted_gross_pnl_not_above_round_trip_cost,predicted_gross_pnl_not_above_round_trip_cost,False,NGJ1@2021-03-29,2021
2021-03-18 00:00:00+00:00,2021-03-18 00:00:00+00:00,NGJ1@2021-03-29,e049f6098d6f0f376ed5,0.0,True,False,0.0,0.0,0.0,0.0,0.0,0.0,-0.0,-0.0,96550.0,100095.0,0.0,0.0354163544632599,active,,specialist_veto,specialist_veto,False,NGJ1@2021-03-29,2021
2021-03-19 00:00:00+00:00,2021-03-19 00:00:00+00:00,NGJ1@2021-03-29,5e1b09c1d44e6350af8e,0.0,True,False,0.0,0.0,0.0,0.0,0.0,0.0,0.0,0.0,96550.0,100095.0,0.0,0.0354163544632599,active,,predicted_gross_pnl_not_above_round_trip_cost,predicted_gross_pnl_not_above_round_trip_cost,False,NGJ1@2021-03-29,2021
2021-03-21 00:00:00+00:00,2021-03-21 00:00:00+00:00,NGJ1@2021-03-29,e2c13d4a73ce1d93a177,0.0,True,False,0.0,0.0,0.0,0.0,0.0,0.0,0.0,0.0,96550.0,100095.0,0.0,0.0354163544632599,active,,predicted_gross_pnl_not_above_round_trip_cost,predicted_gross_pnl_not_above_round_trip_cost,False,NGJ1@2021-03-29,2021
2021-03-22 00:00:00+00:00,2021-03-22 00:00:00+00:00,NGJ1@2021-03-29,e2c13d4a73ce1d93a177,0.0,True,False,0.0,0.0,0.0,0.0,0.0,0.0,0.0,0.0,96550.0,100095.0,0.0,0.0354163544632599,active,,predicted_gross_pnl_not_above_round_trip_cost,predicted_gross_pnl_not_above_round_trip_cost,False,NGJ1@2021-03-29,2021
2021-03-23 00:00:00+00:00,2021-03-23 00:00:00+00:00,NGJ1@2021-03-29,56ea80bd1d0dca09145a,0.0,True,False,0.0,0.0,0.0,0.0,0.0,0.0,-0.0,-0.0,96550.0,100095.0,0.0,0.0354163544632599,active,,specialist_veto,specialist_veto,False,NGJ1@2021-03-29,2021
2021-03-24 00:00:00+00:00,2021-03-24 00:00:00+00:00,NGJ1@2021-03-29,77b1968d4b57d4d394aa,0.0,True,False,0.0,0.0,0.0,0.0,0.0,0.0,-0.0,-0.0,96550.0,100095.0,0.0,0.0354163544632599,active,,specialist_veto,specialist_veto,False,NGJ1@2021-03-29,2021
2021-03-25 00:00:00+00:00,2021-03-25 00:00:00+00:00,NGJ1@2021-03-29,899dd81fc4b0c3562bf0,0.0,True,False,0.0,0.0,0.0,0.0,0.0,0.0,0.0,0.0,96550.0,100095.0,0.0,0.0354163544632599,active,,specialist_veto,specialist_veto,False,NGJ1@2021-03-29,2021
2021-03-26 00:00:00+00:00,2021-03-26 00:00:00+00:00,NGJ1@2021-03-29,517ba2029f98c5d0d38d,0.0,True,False,0.0,0.0,0.0,0.0,0.0,0.0,-0.0,-0.0,96550.0,100095.0,0.0,0.0354163544632599,active,,specialist_veto,specialist_veto,False,NGK1@2021-04-28,2021
2021-03-28 00:00:00+00:00,2021-03-28 00:00:00+00:00,NGK1@2021-04-28,ef7f8bf82995254e81e4,0.0,True,False,0.0,0.0,0.0,0.0,0.0,0.0,0.0,0.0,96550.0,100095.0,0.0,0.0354163544632599,active,,specialist_veto,specialist_veto,False,NGK1@2021-04-28,2021
2021-03-29 00:00:00+00:00,2021-03-29 00:00:00+00:00,NGK1@2021-04-28,ef7f8bf82995254e81e4,0.0,True,False,0.0,0.0,0.0,0.0,0.0,0.0,0.0,0.0,96550.0,100095.0,0.0,0.0354163544632599,active,,specialist_veto,specialist_veto,False,NGK1@2021-04-28,2021
2021-03-30 00:00:00+00:00,2021-03-30 00:00:00+00:00,NGK1@2021-04-28,7ea7a48e2c3fc6564b47,0.0,True,False,0.0,0.0,0.0,0.0,0.0,0.0,-0.0,-0.0,96550.0,100095.0,0.0,0.0354163544632599,active,,specialist_veto,specialist_veto,False,NGK1@2021-04-28,2021
2021-03-31 00:00:00+00:00,2021-03-31 00:00:00+00:00,NGK1@2021-04-28,47f952b0709781f8f9f2,-1.0,False,False,0.0,-1.0,-1.0,1.0,0.0,15.0,190.000000000001,175.000000000001,96725.0,100095.0,0.0,0.03366801538538389,active,,,forecast_signal,False,NGK1@2021-04-28,2021
2021-04-01 00:00:00+00:00,2021-04-01 00:00:00+00:00,NGK1@2021-04-28,4bcf853fc7f73a6a84a3,0.0,True,False,-1.0,0.0,1.0,1.0,0.0,15.0,-0.0,-15.0,96710.0,100095.0,15.0,0.0338178730206304,active,,predicted_gross_pnl_not_above_round_trip_cost,predicted_gross_pnl_not_above_round_trip_cost,False,NGK1@2021-04-28,2021
2021-04-04 00:00:00+00:00,2021-04-04 00:00:00+00:00,NGK1@2021-04-28,d0014ed1d87d9d576564,0.0,True,False,0.0,0.0,0.0,0.0,0.0,0.0,0.0,0.0,96710.0,100095.0,0.0,0.0338178730206304,active,,predicted_gross_pnl_not_above_round_trip_cost,predicted_gross_pnl_not_above_round_trip_cost,False,NGK1@2021-04-28,2021
2021-04-05 00:00:00+00:00,2021-04-05 00:00:00+00:00,NGK1@2021-04-28,d0014ed1d87d9d576564,0.0,True,False,0.0,0.0,0.0,0.0,0.0,0.0,-0.0,-0.0,96710.0,100095.0,0.0,0.0338178730206304,active,,predicted_gross_pnl_not_above_round_trip_cost,predicted_gross_pnl_not_above_round_trip_cost,False,NGK1@2021-04-28,2021
2021-04-06 00:00:00+00:00,2021-04-06 00:00:00+00:00,NGK1@2021-04-28,d0014ed1d87d9d576564,0.0,True,False,0.0,0.0,0.0,0.0,0.0,0.0,-0.0,-0.0,96710.0,100095.0,0.0,0.0338178730206304,active,,predicted_gross_pnl_not_above_round_trip_cost,predicted_gross_pnl_not_above_round_trip_cost,False,NGK1@2021-04-28,2021
2021-04-07 00:00:00+00:00,2021-04-07 00:00:00+00:00,NGK1@2021-04-28,4e4c03f4fa0664130acb,0.0,True,False,0.0,0.0,0.0,0.0,0.0,0.0,0.0,0.0,96710.0,100095.0,0.0,0.0338178730206304,active,,predicted_gross_pnl_not_above_round_trip_cost,predicted_gross_pnl_not_above_round_trip_cost,False,NGK1@2021-04-28,2021
2021-04-08 00:00:00+00:00,2021-04-08 00:00:00+00:00,NGK1@2021-04-28,4cb2e733b2e91fd7c481,0.0,True,False,0.0,0.0,0.0,0.0,0.0,0.0,0.0,0.0,96710.0,100095.0,0.0,0.0338178730206304,active,,predicted_gross_pnl_not_above_round_trip_cost,predicted_gross_pnl_not_above_round_trip_cost,False,NGK1@2021-04-28,2021
2021-04-09 00:00:00+00:00,2021-04-09 00:00:00+00:00,NGK1@2021-04-28,0b6eae46fad244bf1059,0.0,True,False,0.0,0.0,0.0,0.0,0.0,0.0,0.0,0.0,96710.0,100095.0,0.0,0.0338178730206304,active,,specialist_veto,specialist_veto,False,NGK1@2021-04-28,2021
2021-04-11 00:00:00+00:00,2021-04-11 00:00:00+00:00,NGK1@2021-04-28,5f4d652eeb18286ab383,0.0,True,False,0.0,0.0,0.0,0.0,0.0,0.0,0.0,0.0,96710.0,100095.0,0.0,0.0338178730206304,active,,predicted_gross_pnl_not_above_round_trip_cost,predicted_gross_pnl_not_above_round_trip_cost,False,NGK1@2021-04-28,2021
2021-04-12 00:00:00+00:00,2021-04-12 00:00:00+00:00,NGK1@2021-04-28,5f4d652eeb18286ab383,0.0,True,False,0.0,0.0,0.0,0.0,0.0,0.0,-0.0,-0.0,96710.0,100095.0,0.0,0.0338178730206304,active,,predicted_gross_pnl_not_above_round_trip_cost,predicted_gross_pnl_not_above_round_trip_cost,False,NGK1@2021-04-28,2021
2021-04-13 00:00:00+00:00,2021-04-13 00:00:00+00:00,NGK1@2021-04-28,877844e143c34e3991e3,0.0,True,False,0.0,0.0,0.0,0.0,0.0,0.0,0.0,0.0,96710.0,100095.0,0.0,0.0338178730206304,active,,predicted_gross_pnl_not_above_round_trip_cost,predicted_gross_pnl_not_above_round_trip_cost,False,NGK1@2021-04-28,2021
2021-04-14 00:00:00+00:00,2021-04-14 00:00:00+00:00,NGK1@2021-04-28,fc0706f03de02beaf3e0,0.0,True,False,0.0,0.0,0.0,0.0,0.0,0.0,-0.0,-0.0,96710.0,100095.0,0.0,0.0338178730206304,active,,predicted_gross_pnl_not_above_round_trip_cost,predicted_gross_pnl_not_above_round_trip_cost,False,NGK1@2021-04-28,2021
2021-04-15 00:00:00+00:00,2021-04-15 00:00:00+00:00,NGK1@2021-04-28,18d3a73fe7417a174587,0.0,True,False,0.0,0.0,0.0,0.0,0.0,0.0,0.0,0.0,96710.0,100095.0,0.0,0.0338178730206304,active,,specialist_veto,specialist_veto,False,NGK1@2021-04-28,2021
2021-04-16 00:00:00+00:00,2021-04-16 00:00:00+00:00,NGK1@2021-04-28,6135002997d13f72bef0,0.0,True,False,0.0,0.0,0.0,0.0,0.0,0.0,0.0,0.0,96710.0,100095.0,0.0,0.0338178730206304,active,,specialist_veto,specialist_veto,False,NGK1@2021-04-28,2021
2021-04-18 00:00:00+00:00,2021-04-18 00:00:00+00:00,NGK1@2021-04-28,884fef87a28cc7518a38,0.0,True,False,0.0,0.0,0.0,0.0,0.0,0.0,-0.0,-0.0,96710.0,100095.0,0.0,0.0338178730206304,active,,specialist_veto,specialist_veto,False,NGK1@2021-04-28,2021
2021-04-19 00:00:00+00:00,2021-04-19 00:00:00+00:00,NGK1@2021-04-28,884fef87a28cc7518a38,0.0,True,False,0.0,0.0,0.0,0.0,0.0,0.0,0.0,0.0,96710.0,100095.0,0.0,0.0338178730206304,active,,specialist_veto,specialist_veto,False,NGK1@2021-04-28,2021
2021-04-20 00:00:00+00:00,2021-04-20 00:00:00+00:00,NGK1@2021-04-28,dd050053f301d5da6d2d,1.0,False,False,0.0,1.0,1.0,1.0,0.0,15.0,-209.999999999999,-224.999999999999,96485.0,100095.0,225.0,0.03606573754932814,active,,,forecast_signal,False,NGK1@2021-04-28,2021
2021-04-21 00:00:00+00:00,2021-04-21 00:00:00+00:00,NGK1@2021-04-28,1d456c2d4f43b12c8179,1.0,False,False,1.0,1.0,0.0,0.0,0.0,0.0,-209.999999999999,-209.999999999999,96275.0,100095.0,210.0,0.03816374444277936,active,,,forecast_signal,False,NGK1@2021-04-28,2021
2021-04-22 00:00:00+00:00,2021-04-22 00:00:00+00:00,NGK1@2021-04-28,e1c7d26e28b37a0e0cd2,-1.0,False,False,1.0,-1.0,-2.0,2.0,0.0,30.0,-489.999999999999,-519.999999999999,95755.0,100095.0,520.0,0.04335880913132524,active,,,forecast_signal,False,NGK1@2021-04-28,2021
2021-04-23 00:00:00+00:00,2021-04-23 00:00:00+00:00,NGK1@2021-04-28,be4a236b25e40bcb86ba,0.0,True,False,-1.0,0.0,1.0,1.0,0.0,15.0,-0.0,-15.0,95740.0,100095.0,15.0,0.04350866676657176,active,,specialist_veto,specialist_veto,False,NGK1@2021-04-28,2021
2021-04-25 00:00:00+00:00,2021-04-25 00:00:00+00:00,NGK1@2021-04-28,dbef414f20e5fcd78799,0.0,True,False,0.0,0.0,0.0,0.0,0.0,0.0,0.0,0.0,95740.0,100095.0,0.0,0.04350866676657176,active,,specialist_veto,specialist_veto,False,NGK1@2021-04-28,2021
2021-04-26 00:00:00+00:00,2021-04-26 00:00:00+00:00,NGK1@2021-04-28,dbef414f20e5fcd78799,0.0,True,False,0.0,0.0,0.0,0.0,0.0,0.0,0.0,0.0,95740.0,100095.0,0.0,0.04350866676657176,active,,specialist_veto,specialist_veto,False,NGK1@2021-04-28,2021
2021-04-27 00:00:00+00:00,2021-04-27 00:00:00+00:00,NGK1@2021-04-28,168fd281c56634e48916,-1.0,False,False,0.0,-1.0,-1.0,1.0,0.0,15.0,-789.9999999999969,-804.9999999999969,94935.0,100095.0,805.0,0.05155102652480144,active,,,forecast_signal,False,NGM1@2021-05-26,2021
2021-04-28 00:00:00+00:00,2021-04-28 00:00:00+00:00,NGM1@2021-05-26,317abded99b4adc54873,-1.0,False,False,-1.0,-1.0,0.0,2.0,2.0,30.0,-120.0,-150.0,94785.0,100095.0,150.0,0.053049602877266594,active,,,forecast_signal,True,NGM1@2021-05-26,2021
2021-04-29 00:00:00+00:00,2021-04-29 00:00:00+00:00,NGM1@2021-05-26,3a992cddb91f8312fa8a,-1.0,False,False,-1.0,-1.0,0.0,0.0,0.0,0.0,450.00000000000296,450.00000000000296,95235.0,100095.0,0.0,0.04855387381987112,active,,,forecast_signal,False,NGM1@2021-05-26,2021
2021-04-30 00:00:00+00:00,2021-04-30 00:00:00+00:00,NGM1@2021-05-26,e180c668d656bff27613,0.0,True,False,-1.0,0.0,1.0,1.0,0.0,15.0,0.0,-15.0,95220.0,100095.0,15.0,0.04870373145511764,active,,predicted_gross_pnl_not_above_round_trip_cost,predicted_gross_pnl_not_above_round_trip_cost,False,NGM1@2021-05-26,2021
2021-05-02 00:00:00+00:00,2021-05-02 00:00:00+00:00,NGM1@2021-05-26,e76933f357d7b0b770e9,-1.0,False,False,0.0,-1.0,-1.0,1.0,0.0,15.0,-40.0,-55.0,95165.0,100095.0,55.0,0.04925320945102153,active,,,forecast_signal,False,NGM1@2021-05-26,2021
2021-05-03 00:00:00+00:00,2021-05-03 00:00:00+00:00,NGM1@2021-05-26,e76933f357d7b0b770e9,-1.0,False,False,-1.0,-1.0,0.0,0.0,0.0,0.0,-189.999999999996,-189.999999999996,94975.0,100095.0,190.0,0.05115140616414406,active,,,forecast_signal,False,NGM1@2021-05-26,2021
2021-05-04 00:00:00+00:00,2021-05-04 00:00:00+00:00,NGM1@2021-05-26,2ca7752f054d4d7a4e16,-1.0,False,False,-1.0,-1.0,0.0,0.0,0.0,0.0,-150.000000000001,-150.000000000001,94825.0,100095.0,150.0,0.05264998251660922,active,,,forecast_signal,False,NGM1@2021-05-26,2021
2021-05-05 00:00:00+00:00,2021-05-05 00:00:00+00:00,NGM1@2021-05-26,917befacca355e25acde,-1.0,False,False,-1.0,-1.0,0.0,0.0,0.0,0.0,299.999999999998,299.999999999998,95125.0,100095.0,0.0,0.04965282981167891,active,,,forecast_signal,False,NGM1@2021-05-26,2021
2021-05-06 00:00:00+00:00,2021-05-06 00:00:00+00:00,NGM1@2021-05-26,9a40fe6e986867dff5d4,-1.0,False,False,-1.0,-1.0,0.0,0.0,0.0,0.0,160.0,160.0,95285.0,100095.0,0.0,0.048054348369049406,active,,,forecast_signal,False,NGM1@2021-05-26,2021
2021-05-07 00:00:00+00:00,2021-05-07 00:00:00+00:00,NGM1@2021-05-26,66d419bc801c93c396f2,-1.0,False,False,-1.0,-1.0,0.0,0.0,0.0,0.0,-400.0,-400.0,94885.0,100095.0,400.0,0.05205055197562316,active,,,forecast_signal,False,NGM1@2021-05-26,2021
2021-05-09 00:00:00+00:00,2021-05-09 00:00:00+00:00,NGM1@2021-05-26,81ad2a5a88092dd2ed8c,-1.0,False,False,-1.0,-1.0,0.0,0.0,0.0,0.0,110.000000000001,110.000000000001,94995.0,100095.0,0.0,0.05095159598381538,active,,,forecast_signal,False,NGM1@2021-05-26,2021
2021-05-10 00:00:00+00:00,2021-05-10 00:00:00+00:00,NGM1@2021-05-26,81ad2a5a88092dd2ed8c,-1.0,False,False,-1.0,-1.0,0.0,0.0,0.0,0.0,440.0,440.0,95435.0,100095.0,0.0,0.04655577201658424,active,,,forecast_signal,False,NGM1@2021-05-26,2021
2021-05-11 00:00:00+00:00,2021-05-11 00:00:00+00:00,NGM1@2021-05-26,a3cf48475c6233d73ef4,-1.0,False,False,-1.0,-1.0,0.0,0.0,0.0,0.0,-329.999999999999,-329.999999999999,95105.0,100095.0,330.0,0.04985263999200759,active,,,forecast_signal,False,NGM1@2021-05-26,2021
2021-05-12 00:00:00+00:00,2021-05-12 00:00:00+00:00,NGM1@2021-05-26,1ae3483ef32ec0b1fa23,-1.0,False,False,-1.0,-1.0,0.0,0.0,0.0,0.0,-360.0,-360.0,94745.0,100095.0,360.0,0.05344922323792397,active,,,forecast_signal,False,NGM1@2021-05-26,2021
2021-05-13 00:00:00+00:00,2021-05-13 00:00:00+00:00,NGM1@2021-05-26,a5942b1fbe076a199e0e,-1.0,False,False,-1.0,-1.0,0.0,0.0,0.0,0.0,30.000000000001,30.000000000001,94775.0,100095.0,0.0,0.05314950796743094,active,,,forecast_signal,False,NGM1@2021-05-26,2021
2021-05-14 00:00:00+00:00,2021-05-14 00:00:00+00:00,NGM1@2021-05-26,bdbbdc1774057f14aaaf,-1.0,False,False,-1.0,-1.0,0.0,0.0,0.0,0.0,-380.000000000002,-380.000000000002,94395.0,100095.0,380.0,0.05694590139367601,active,,,forecast_signal,False,NGM1@2021-05-26,2021
2021-05-16 00:00:00+00:00,2021-05-16 00:00:00+00:00,NGM1@2021-05-26,ad582e080c4594f97404,0.0,True,False,-1.0,0.0,1.0,1.0,0.0,15.0,0.0,-15.0,94380.0,100095.0,15.0,0.05709575902892253,active,,specialist_veto,specialist_veto,False,NGM1@2021-05-26,2021
2021-05-17 00:00:00+00:00,2021-05-17 00:00:00+00:00,NGM1@2021-05-26,ad582e080c4594f97404,0.0,True,False,0.0,0.0,0.0,0.0,0.0,0.0,0.0,0.0,94380.0,100095.0,0.0,0.05709575902892253,active,,specialist_veto,specialist_veto,False,NGM1@2021-05-26,2021
2021-05-18 00:00:00+00:00,2021-05-18 00:00:00+00:00,NGM1@2021-05-26,d98af692b078ff0bb918,0.0,True,False,0.0,0.0,0.0,0.0,0.0,0.0,-0.0,-0.0,94380.0,100095.0,0.0,0.05709575902892253,active,,specialist_veto,specialist_veto,False,NGM1@2021-05-26,2021
2021-05-19 00:00:00+00:00,2021-05-19 00:00:00+00:00,NGM1@2021-05-26,1a288157862d8a92079b,-1.0,False,False,0.0,-1.0,-1.0,1.0,0.0,15.0,499.999999999998,484.999999999998,94865.0,100095.0,0.0,0.05225036215595184,active,,,forecast_signal,False,NGM1@2021-05-26,2021
2021-05-20 00:00:00+00:00,2021-05-20 00:00:00+00:00,NGM1@2021-05-26,430289e48c7fef490e96,-1.0,False,False,-1.0,-1.0,0.0,0.0,0.0,0.0,-19.999999999996998,-19.999999999996998,94845.0,100095.0,20.0,0.052450172336280534,active,,,forecast_signal,False,NGM1@2021-05-26,2021
2021-05-21 00:00:00+00:00,2021-05-21 00:00:00+00:00,NGM1@2021-05-26,836aae9227526b117660,0.0,True,False,-1.0,0.0,1.0,1.0,0.0,15.0,-0.0,-15.0,94830.0,100095.0,15.0,0.052600029971527046,active,,specialist_veto,specialist_veto,False,NGM1@2021-05-26,2021
2021-05-23 00:00:00+00:00,2021-05-23 00:00:00+00:00,NGM1@2021-05-26,779588eea4e76faf0406,0.0,True,False,0.0,0.0,0.0,0.0,0.0,0.0,0.0,0.0,94830.0,100095.0,0.0,0.052600029971527046,active,,specialist_veto,specialist_veto,False,NGM1@2021-05-26,2021
2021-05-24 00:00:00+00:00,2021-05-24 00:00:00+00:00,NGM1@2021-05-26,779588eea4e76faf0406,0.0,True,False,0.0,0.0,0.0,0.0,0.0,0.0,0.0,0.0,94830.0,100095.0,0.0,0.052600029971527046,active,,specialist_veto,specialist_veto,False,NGM1@2021-05-26,2021
2021-05-25 00:00:00+00:00,2021-05-25 00:00:00+00:00,NGM1@2021-05-26,a9977aeacaebf0efb1da,-1.0,False,False,0.0,-1.0,-1.0,1.0,0.0,15.0,-560.0,-575.0,94255.0,100095.0,575.0,0.05834457265597682,active,,,forecast_signal,False,NGN1@2021-06-28,2021
2021-05-26 00:00:00+00:00,2021-05-26 00:00:00+00:00,NGN1@2021-06-28,a84390f78c570be782c8,-1.0,False,False,-1.0,-1.0,0.0,2.0,2.0,30.0,-270.000000000001,-300.000000000001,93955.0,100095.0,300.0,0.06134172536090714,active,,,forecast_signal,True,NGN1@2021-06-28,2021
2021-05-27 00:00:00+00:00,2021-05-27 00:00:00+00:00,NGN1@2021-06-28,49aef1f96a9cbf8841b5,-1.0,False,False,-1.0,-1.0,0.0,0.0,0.0,0.0,550.000000000001,550.000000000001,94505.0,100095.0,0.0,0.05584694540186823,active,,,forecast_signal,False,NGN1@2021-06-28,2021
2021-05-28 00:00:00+00:00,2021-05-28 00:00:00+00:00,NGN1@2021-06-28,fb1b27194ffafd1e419f,-1.0,False,False,-1.0,-1.0,0.0,0.0,0.0,0.0,-720.0,-720.0,93785.0,100095.0,720.0,0.06304011189370098,active,,,forecast_signal,False,NGN1@2021-06-28,2021
2021-05-30 00:00:00+00:00,2021-05-30 00:00:00+00:00,NGN1@2021-06-28,0cca72d90bd33b2c9955,-1.0,False,False,-1.0,-1.0,0.0,0.0,0.0,0.0,-19.999999999996998,-19.999999999996998,93765.0,100095.0,20.0,0.06323992207402968,active,,,forecast_signal,False,NGN1@2021-06-28,2021
2021-05-31 00:00:00+00:00,2021-05-31 00:00:00+00:00,NGN1@2021-06-28,0cca72d90bd33b2c9955,-1.0,False,False,-1.0,-1.0,0.0,0.0,0.0,0.0,-160.0,-160.0,93605.0,100095.0,160.0,0.06483840351665918,active,,,forecast_signal,False,NGN1@2021-06-28,2021
2021-06-01 00:00:00+00:00,2021-06-01 00:00:00+00:00,NGN1@2021-06-28,0cca72d90bd33b2c9955,-1.0,False,False,-1.0,-1.0,0.0,0.0,0.0,0.0,-350.000000000001,-350.000000000001,93255.0,100095.0,350.0,0.06833508167241122,active,,,forecast_signal,False,NGN1@2021-06-28,2021
2021-06-02 00:00:00+00:00,2021-06-02 00:00:00+00:00,NGN1@2021-06-28,fcc4c9bbf369200a0127,-1.0,False,False,-1.0,-1.0,0.0,0.0,0.0,0.0,129.999999999999,129.999999999999,93385.0,100095.0,0.0,0.06703631550027474,active,,,forecast_signal,False,NGN1@2021-06-28,2021
2021-06-03 00:00:00+00:00,2021-06-03 00:00:00+00:00,NGN1@2021-06-28,c1b7cde7d242e5fbe658,-1.0,False,False,-1.0,-1.0,0.0,0.0,0.0,0.0,100.000000000002,100.000000000002,93485.0,100095.0,0.0,0.0660372645986313,active,,,forecast_signal,False,NGN1@2021-06-28,2021
2021-06-04 00:00:00+00:00,2021-06-04 00:00:00+00:00,NGN1@2021-06-28,a45cfd5fe4794f27883a,-1.0,False,False,-1.0,-1.0,0.0,0.0,0.0,0.0,-430.000000000001,-430.000000000001,93055.0,100095.0,430.0,0.07033318347569809,active,,,forecast_signal,False,NGN1@2021-06-28,2021
2021-06-06 00:00:00+00:00,2021-06-06 00:00:00+00:00,NGN1@2021-06-28,34aee13f677586b3eab5,-1.0,False,False,-1.0,-1.0,0.0,0.0,0.0,0.0,-9.999999999998002,-9.999999999998002,93045.0,100095.0,10.0,0.07043308856586243,active,,,forecast_signal,False,NGN1@2021-06-28,2021
2021-06-07 00:00:00+00:00,2021-06-07 00:00:00+00:00,NGN1@2021-06-28,34aee13f677586b3eab5,-1.0,False,False,-1.0,-1.0,0.0,0.0,0.0,0.0,9.999999999998002,9.999999999998002,93055.0,100095.0,0.0,0.07033318347569809,active,,,forecast_signal,False,NGN1@2021-06-28,2021
2021-06-08 00:00:00+00:00,2021-06-08 00:00:00+00:00,NGN1@2021-06-28,af85a9108fba039858f0,-1.0,False,False,-1.0,-1.0,0.0,0.0,0.0,0.0,-160.0,-160.0,92895.0,100095.0,160.0,0.07193166491832759,active,,,forecast_signal,False,NGN1@2021-06-28,2021
2021-06-09 00:00:00+00:00,2021-06-09 00:00:00+00:00,NGN1@2021-06-28,706cca746209dcf82dc8,-1.0,False,False,-1.0,-1.0,0.0,0.0,0.0,0.0,-320.0,-320.0,92575.0,100095.0,320.0,0.07512862780358659,active,,,forecast_signal,False,NGN1@2021-06-28,2021
2021-06-10 00:00:00+00:00,2021-06-10 00:00:00+00:00,NGN1@2021-06-28,761d0576ab3988f415fd,-1.0,False,False,-1.0,-1.0,0.0,0.0,0.0,0.0,-699.999999999998,-699.999999999998,91875.0,100095.0,700.0,0.08212198411509067,active,,,forecast_signal,False,NGN1@2021-06-28,2021
2021-06-11 00:00:00+00:00,2021-06-11 00:00:00+00:00,NGN1@2021-06-28,53f19d21eb1f9cc83e13,-1.0,False,False,-1.0,-1.0,0.0,0.0,0.0,0.0,-880.0,-880.0,90995.0,100095.0,880.0,0.09091363204955293,active,,,forecast_signal,False,NGN1@2021-06-28,2021
2021-06-13 00:00:00+00:00,2021-06-13 00:00:00+00:00,NGN1@2021-06-28,7cbfdd735909f01742ed,-1.0,False,False,-1.0,-1.0,0.0,0.0,0.0,0.0,169.999999999999,169.999999999999,91165.0,100095.0,0.0,0.08921524551675908,active,,,forecast_signal,False,NGN1@2021-06-28,2021
2021-06-14 00:00:00+00:00,2021-06-14 00:00:00+00:00,NGN1@2021-06-28,7cbfdd735909f01742ed,-1.0,False,False,-1.0,-1.0,0.0,0.0,0.0,0.0,-550.000000000001,-550.000000000001,90615.0,100095.0,550.0,0.09471002547579799,active,,,forecast_signal,False,NGN1@2021-06-28,2021
2021-06-15 00:00:00+00:00,2021-06-15 00:00:00+00:00,NGN1@2021-06-28,b5d1af7d0bbf658d6207,-1.0,False,False,-1.0,-1.0,0.0,0.0,0.0,0.0,1440.000000000001,1440.000000000001,92055.0,100095.0,0.0,0.08032369249213248,active,,,forecast_signal,False,NGN1@2021-06-28,2021
2021-06-16 00:00:00+00:00,2021-06-16 00:00:00+00:00,NGN1@2021-06-28,dbb14bbe1a1183608adc,0.0,True,False,-1.0,0.0,1.0,1.0,0.0,15.0,0.0,-15.0,92040.0,100095.0,15.0,0.08047355012737899,active,,predicted_gross_pnl_not_above_round_trip_cost,predicted_gross_pnl_not_above_round_trip_cost,False,NGN1@2021-06-28,2021
2021-06-17 00:00:00+00:00,2021-06-17 00:00:00+00:00,NGN1@2021-06-28,72dc67b59973341df869,-1.0,False,False,0.0,-1.0,-1.0,1.0,0.0,15.0,520.0,505.0,92545.0,100095.0,0.0,0.07542834307407963,active,,,forecast_signal,False,NGN1@2021-06-28,2021
2021-06-18 00:00:00+00:00,2021-06-18 00:00:00+00:00,NGN1@2021-06-28,aff456e84d49d22e86a1,-1.0,False,False,-1.0,-1.0,0.0,0.0,0.0,0.0,-80.0,-80.0,92465.0,100095.0,80.0,0.07622758379539438,active,,,forecast_signal,False,NGN1@2021-06-28,2021
2021-06-20 00:00:00+00:00,2021-06-20 00:00:00+00:00,NGN1@2021-06-28,b7676511f05bb0455032,-1.0,False,False,-1.0,-1.0,0.0,0.0,0.0,0.0,70.000000000001,70.000000000001,92535.0,100095.0,0.0,0.07552824816424397,active,,,forecast_signal,False,NGN1@2021-06-28,2021
2021-06-21 00:00:00+00:00,2021-06-21 00:00:00+00:00,NGN1@2021-06-28,b7676511f05bb0455032,-1.0,False,False,-1.0,-1.0,0.0,0.0,0.0,0.0,-10.000000000002998,-10.000000000002998,92525.0,100095.0,10.0,0.07562815325440832,active,,,forecast_signal,False,NGN1@2021-06-28,2021
2021-06-22 00:00:00+00:00,2021-06-22 00:00:00+00:00,NGN1@2021-06-28,50e4831d28f4ff92220e,-1.0,False,False,-1.0,-1.0,0.0,0.0,0.0,0.0,-659.999999999998,-659.999999999998,91865.0,100095.0,660.0,0.08222188920525501,active,,,forecast_signal,False,NGN1@2021-06-28,2021
2021-06-23 00:00:00+00:00,2021-06-23 00:00:00+00:00,NGN1@2021-06-28,50e4831d28f4ff92220e,-1.0,False,False,-1.0,-1.0,0.0,0.0,0.0,0.0,-499.999999999998,-499.999999999998,91365.0,100095.0,500.0,0.0872171437134722,active,,,forecast_signal,False,NGN1@2021-06-28,2021
2021-06-24 00:00:00+00:00,2021-06-24 00:00:00+00:00,NGN1@2021-06-28,50e4831d28f4ff92220e,-1.0,False,False,-1.0,-1.0,0.0,0.0,0.0,0.0,-1140.000000000003,-1140.000000000003,90225.0,100095.0,1140.0,0.09860632399220741,active,,,forecast_signal,False,NGN1@2021-06-28,2021
2021-06-25 00:00:00+00:00,2021-06-25 00:00:00+00:00,NGN1@2021-06-28,50e4831d28f4ff92220e,-1.0,False,False,-1.0,-1.0,0.0,0.0,0.0,0.0,-719.999999999996,-719.999999999996,89505.0,100095.0,720.0,0.10579949048404017,killed,peak_drawdown_kill,,forecast_signal,False,NGN1@2021-06-28,2021
2021-06-27 00:00:00+00:00,2021-06-27 00:00:00+00:00,NGN1@2021-06-28,50e4831d28f4ff92220e,-1.0,False,True,-1.0,0.0,1.0,1.0,0.0,15.0,-0.0,-15.0,89490.0,100095.0,15.0,0.10594934811928668,killed,peak_drawdown_kill,risk_killed_until_explicit_operator_restart,forecast_signal,False,NGN1@2021-06-28,2021
2021-06-28 00:00:00+00:00,2021-06-28 00:00:00+00:00,NGN1@2021-06-28,,0.0,True,True,0.0,0.0,0.0,0.0,0.0,0.0,0.0,0.0,89490.0,100095.0,0.0,0.10594934811928668,killed,peak_drawdown_kill,risk_killed_until_explicit_operator_restart,forecast_horizon_expired,False,,2021
2021-06-29 00:00:00+00:00,2021-06-29 00:00:00+00:00,NGQ1@2021-07-28,,0.0,True,True,0.0,0.0,0.0,0.0,0.0,0.0,0.0,0.0,89490.0,100095.0,0.0,0.10594934811928668,killed,peak_drawdown_kill,risk_killed_until_explicit_operator_restart,forecast_horizon_expired,False,NGQ1@2021-07-28,2021
2021-06-30 00:00:00+00:00,2021-06-30 00:00:00+00:00,NGQ1@2021-07-28,,0.0,True,True,0.0,0.0,0.0,0.0,0.0,0.0,0.0,0.0,89490.0,100095.0,0.0,0.10594934811928668,killed,peak_drawdown_kill,risk_killed_until_explicit_operator_restart,forecast_horizon_expired,False,NGQ1@2021-07-28,2021
2021-07-01 00:00:00+00:00,2021-07-01 00:00:00+00:00,NGQ1@2021-07-28,0a2dc06589db41a82096,0.0,True,True,0.0,0.0,0.0,0.0,0.0,0.0,-0.0,-0.0,89490.0,100095.0,0.0,0.10594934811928668,killed,peak_drawdown_kill,risk_killed_until_explicit_operator_restart,specialist_veto,False,NGQ1@2021-07-28,2021
2021-07-02 00:00:00+00:00,2021-07-02 00:00:00+00:00,NGQ1@2021-07-28,b13e249d79ed28641649,0.0,True,True,0.0,0.0,0.0,0.0,0.0,0.0,0.0,0.0,89490.0,100095.0,0.0,0.10594934811928668,killed,peak_drawdown_kill,risk_killed_until_explicit_operator_restart,specialist_veto,False,NGQ1@2021-07-28,2021
2021-07-04 00:00:00+00:00,2021-07-04 00:00:00+00:00,NGQ1@2021-07-28,2610cbabdd6df3ee204b,0.0,True,True,0.0,0.0,0.0,0.0,0.0,0.0,0.0,0.0,89490.0,100095.0,0.0,0.10594934811928668,killed,peak_drawdown_kill,risk_killed_until_explicit_operator_restart,specialist_veto,False,NGQ1@2021-07-28,2021
2021-07-05 00:00:00+00:00,2021-07-05 00:00:00+00:00,NGQ1@2021-07-28,2610cbabdd6df3ee204b,0.0,True,True,0.0,0.0,0.0,0.0,0.0,0.0,0.0,0.0,89490.0,100095.0,0.0,0.10594934811928668,killed,peak_drawdown_kill,risk_killed_until_explicit_operator_restart,specialist_veto,False,NGQ1@2021-07-28,2021
2021-07-06 00:00:00+00:00,2021-07-06 00:00:00+00:00,NGQ1@2021-07-28,2610cbabdd6df3ee204b,0.0,True,True,0.0,0.0,0.0,0.0,0.0,0.0,-0.0,-0.0,89490.0,100095.0,0.0,0.10594934811928668,killed,peak_drawdown_kill,risk_killed_until_explicit_operator_restart,specialist_veto,False,NGQ1@2021-07-28,2021
2021-07-07 00:00:00+00:00,2021-07-07 00:00:00+00:00,NGQ1@2021-07-28,43b1c687f85fa88eeb31,0.0,True,True,0.0,0.0,0.0,0.0,0.0,0.0,-0.0,-0.0,89490.0,100095.0,0.0,0.10594934811928668,killed,peak_drawdown_kill,risk_killed_until_explicit_operator_restart,specialist_veto,False,NGQ1@2021-07-28,2021
2021-07-08 00:00:00+00:00,2021-07-08 00:00:00+00:00,NGQ1@2021-07-28,17a549a0bba2216a6146,0.0,True,True,0.0,0.0,0.0,0.0,0.0,0.0,0.0,0.0,89490.0,100095.0,0.0,0.10594934811928668,killed,peak_drawdown_kill,risk_killed_until_explicit_operator_restart,specialist_veto,False,NGQ1@2021-07-28,2021
2021-07-09 00:00:00+00:00,2021-07-09 00:00:00+00:00,NGQ1@2021-07-28,80abd26f0a85a3ef433b,0.0,True,True,0.0,0.0,0.0,0.0,0.0,0.0,-0.0,-0.0,89490.0,100095.0,0.0,0.10594934811928668,killed,peak_drawdown_kill,risk_killed_until_explicit_operator_restart,specialist_veto,False,NGQ1@2021-07-28,2021
2021-07-11 00:00:00+00:00,2021-07-11 00:00:00+00:00,NGQ1@2021-07-28,10406a6640232fa46b31,0.0,True,True,0.0,0.0,0.0,0.0,0.0,0.0,-0.0,-0.0,89490.0,100095.0,0.0,0.10594934811928668,killed,peak_drawdown_kill,risk_killed_until_explicit_operator_restart,specialist_veto,False,NGQ1@2021-07-28,2021
2021-07-12 00:00:00+00:00,2021-07-12 00:00:00+00:00,NGQ1@2021-07-28,10406a6640232fa46b31,0.0,True,True,0.0,0.0,0.0,0.0,0.0,0.0,0.0,0.0,89490.0,100095.0,0.0,0.10594934811928668,killed,peak_drawdown_kill,risk_killed_until_explicit_operator_restart,specialist_veto,False,NGQ1@2021-07-28,2021
2021-07-13 00:00:00+00:00,2021-07-13 00:00:00+00:00,NGQ1@2021-07-28,f941fc563c4dfda76267,0.0,True,True,0.0,0.0,0.0,0.0,0.0,0.0,-0.0,-0.0,89490.0,100095.0,0.0,0.10594934811928668,killed,peak_drawdown_kill,risk_killed_until_explicit_operator_restart,specialist_veto,False,NGQ1@2021-07-28,2021
2021-07-14 00:00:00+00:00,2021-07-14 00:00:00+00:00,NGQ1@2021-07-28,3162d8100a4ee6d479ea,0.0,True,True,0.0,0.0,0.0,0.0,0.0,0.0,-0.0,-0.0,89490.0,100095.0,0.0,0.10594934811928668,killed,peak_drawdown_kill,risk_killed_until_explicit_operator_restart,specialist_veto,False,NGQ1@2021-07-28,2021
2021-07-15 00:00:00+00:00,2021-07-15 00:00:00+00:00,NGQ1@2021-07-28,6e2ef6cbfb0fdf7b4944,0.0,True,True,0.0,0.0,0.0,0.0,0.0,0.0,-0.0,-0.0,89490.0,100095.0,0.0,0.10594934811928668,killed,peak_drawdown_kill,risk_killed_until_explicit_operator_restart,specialist_veto,False,NGQ1@2021-07-28,2021
2021-07-16 00:00:00+00:00,2021-07-16 00:00:00+00:00,NGQ1@2021-07-28,5a58c9f215f62b506da3,0.0,True,True,0.0,0.0,0.0,0.0,0.0,0.0,0.0,0.0,89490.0,100095.0,0.0,0.10594934811928668,killed,peak_drawdown_kill,risk_killed_until_explicit_operator_restart,specialist_veto,False,NGQ1@2021-07-28,2021
2021-07-18 00:00:00+00:00,2021-07-18 00:00:00+00:00,NGQ1@2021-07-28,f3cbb06d717b51143eea,0.0,True,True,0.0,0.0,0.0,0.0,0.0,0.0,0.0,0.0,89490.0,100095.0,0.0,0.10594934811928668,killed,peak_drawdown_kill,risk_killed_until_explicit_operator_restart,specialist_veto,False,NGQ1@2021-07-28,2021
2021-07-19 00:00:00+00:00,2021-07-19 00:00:00+00:00,NGQ1@2021-07-28,f3cbb06d717b51143eea,0.0,True,True,0.0,0.0,0.0,0.0,0.0,0.0,0.0,0.0,89490.0,100095.0,0.0,0.10594934811928668,killed,peak_drawdown_kill,risk_killed_until_explicit_operator_restart,specialist_veto,False,NGQ1@2021-07-28,2021
2021-07-20 00:00:00+00:00,2021-07-20 00:00:00+00:00,NGQ1@2021-07-28,0c947ac0e6381b209dad,0.0,True,True,0.0,0.0,0.0,0.0,0.0,0.0,0.0,0.0,89490.0,100095.0,0.0,0.10594934811928668,killed,peak_drawdown_kill,risk_killed_until_explicit_operator_restart,specialist_veto,False,NGQ1@2021-07-28,2021
2021-07-21 00:00:00+00:00,2021-07-21 00:00:00+00:00,NGQ1@2021-07-28,18a7af2e8c403d61d1b0,0.0,True,True,0.0,0.0,0.0,0.0,0.0,0.0,-0.0,-0.0,89490.0,100095.0,0.0,0.10594934811928668,killed,peak_drawdown_kill,risk_killed_until_explicit_operator_restart,specialist_veto,False,NGQ1@2021-07-28,2021
2021-07-22 00:00:00+00:00,2021-07-22 00:00:00+00:00,NGQ1@2021-07-28,8ef63e5097ba913701ac,0.0,True,True,0.0,0.0,0.0,0.0,0.0,0.0,0.0,0.0,89490.0,100095.0,0.0,0.10594934811928668,killed,peak_drawdown_kill,risk_killed_until_explicit_operator_restart,specialist_veto,False,NGQ1@2021-07-28,2021
2021-07-23 00:00:00+00:00,2021-07-23 00:00:00+00:00,NGQ1@2021-07-28,893b63d770e035905b7d,0.0,True,True,0.0,0.0,0.0,0.0,0.0,0.0,0.0,0.0,89490.0,100095.0,0.0,0.10594934811928668,killed,peak_drawdown_kill,risk_killed_until_explicit_operator_restart,specialist_veto,False,NGQ1@2021-07-28,2021
2021-07-25 00:00:00+00:00,2021-07-25 00:00:00+00:00,NGQ1@2021-07-28,aacd836ac31b3ae691fe,0.0,True,True,0.0,0.0,0.0,0.0,0.0,0.0,0.0,0.0,89490.0,100095.0,0.0,0.10594934811928668,killed,peak_drawdown_kill,risk_killed_until_explicit_operator_restart,specialist_veto,False,NGQ1@2021-07-28,2021
2021-07-26 00:00:00+00:00,2021-07-26 00:00:00+00:00,NGQ1@2021-07-28,aacd836ac31b3ae691fe,0.0,True,True,0.0,0.0,0.0,0.0,0.0,0.0,0.0,0.0,89490.0,100095.0,0.0,0.10594934811928668,killed,peak_drawdown_kill,risk_killed_until_explicit_operator_restart,specialist_veto,False,NGQ1@2021-07-28,2021
2021-07-27 00:00:00+00:00,2021-07-27 00:00:00+00:00,NGQ1@2021-07-28,1169e63b2b0240370107,0.0,True,True,0.0,0.0,0.0,0.0,0.0,0.0,-0.0,-0.0,89490.0,100095.0,0.0,0.10594934811928668,killed,peak_drawdown_kill,risk_killed_until_explicit_operator_restart,specialist_veto,False,NGU1@2021-08-27,2021
2021-07-28 00:00:00+00:00,2021-07-28 00:00:00+00:00,NGU1@2021-08-27,ca58d618110a6e1d9317,0.0,True,True,0.0,0.0,0.0,0.0,0.0,0.0,0.0,0.0,89490.0,100095.0,0.0,0.10594934811928668,killed,peak_drawdown_kill,risk_killed_until_explicit_operator_restart,specialist_veto,False,NGU1@2021-08-27,2021
2021-07-29 00:00:00+00:00,2021-07-29 00:00:00+00:00,NGU1@2021-08-27,7e867ecabaf2e1a1765d,0.0,True,True,0.0,0.0,0.0,0.0,0.0,0.0,0.0,0.0,89490.0,100095.0,0.0,0.10594934811928668,killed,peak_drawdown_kill,risk_killed_until_explicit_operator_restart,specialist_veto,False,NGU1@2021-08-27,2021
2021-07-30 00:00:00+00:00,2021-07-30 00:00:00+00:00,NGU1@2021-08-27,998d1f9de9f533d0afd1,0.0,True,True,0.0,0.0,0.0,0.0,0.0,0.0,-0.0,-0.0,89490.0,100095.0,0.0,0.10594934811928668,killed,peak_drawdown_kill,risk_killed_until_explicit_operator_restart,specialist_veto,False,NGU1@2021-08-27,2021
2021-08-01 00:00:00+00:00,2021-08-01 00:00:00+00:00,NGU1@2021-08-27,6bcd7ca8b64ed0ab9ad8,0.0,True,True,0.0,0.0,0.0,0.0,0.0,0.0,-0.0,-0.0,89490.0,100095.0,0.0,0.10594934811928668,killed,peak_drawdown_kill,risk_killed_until_explicit_operator_restart,specialist_veto,False,NGU1@2021-08-27,2021
2021-08-02 00:00:00+00:00,2021-08-02 00:00:00+00:00,NGU1@2021-08-27,6bcd7ca8b64ed0ab9ad8,0.0,True,True,0.0,0.0,0.0,0.0,0.0,0.0,0.0,0.0,89490.0,100095.0,0.0,0.10594934811928668,killed,peak_drawdown_kill,risk_killed_until_explicit_operator_restart,specialist_veto,False,NGU1@2021-08-27,2021
2021-08-03 00:00:00+00:00,2021-08-03 00:00:00+00:00,NGU1@2021-08-27,7a93ca029415f6cf8ce3,0.0,True,True,0.0,0.0,0.0,0.0,0.0,0.0,0.0,0.0,89490.0,100095.0,0.0,0.10594934811928668,killed,peak_drawdown_kill,risk_killed_until_explicit_operator_restart,specialist_veto,False,NGU1@2021-08-27,2021
2021-08-04 00:00:00+00:00,2021-08-04 00:00:00+00:00,NGU1@2021-08-27,bd20d6219b15abac836e,0.0,True,True,0.0,0.0,0.0,0.0,0.0,0.0,0.0,0.0,89490.0,100095.0,0.0,0.10594934811928668,killed,peak_drawdown_kill,risk_killed_until_explicit_operator_restart,specialist_veto,False,NGU1@2021-08-27,2021
2021-08-05 00:00:00+00:00,2021-08-05 00:00:00+00:00,NGU1@2021-08-27,d8706042bb3e06bba46a,0.0,True,True,0.0,0.0,0.0,0.0,0.0,0.0,0.0,0.0,89490.0,100095.0,0.0,0.10594934811928668,killed,peak_drawdown_kill,risk_killed_until_explicit_operator_restart,specialist_veto,False,NGU1@2021-08-27,2021
2021-08-06 00:00:00+00:00,2021-08-06 00:00:00+00:00,NGU1@2021-08-27,8a39a9143294160edc44,0.0,True,True,0.0,0.0,0.0,0.0,0.0,0.0,0.0,0.0,89490.0,100095.0,0.0,0.10594934811928668,killed,peak_drawdown_kill,risk_killed_until_explicit_operator_restart,specialist_veto,False,NGU1@2021-08-27,2021
2021-08-08 00:00:00+00:00,2021-08-08 00:00:00+00:00,NGU1@2021-08-27,1088eb6e805582800b28,0.0,True,True,0.0,0.0,0.0,0.0,0.0,0.0,0.0,0.0,89490.0,100095.0,0.0,0.10594934811928668,killed,peak_drawdown_kill,risk_killed_until_explicit_operator_restart,specialist_veto,False,NGU1@2021-08-27,2021
2021-08-09 00:00:00+00:00,2021-08-09 00:00:00+00:00,NGU1@2021-08-27,1088eb6e805582800b28,0.0,True,True,0.0,0.0,0.0,0.0,0.0,0.0,-0.0,-0.0,89490.0,100095.0,0.0,0.10594934811928668,killed,peak_drawdown_kill,risk_killed_until_explicit_operator_restart,specialist_veto,False,NGU1@2021-08-27,2021
2021-08-10 00:00:00+00:00,2021-08-10 00:00:00+00:00,NGU1@2021-08-27,214ae7783896abf33369,0.0,True,True,0.0,0.0,0.0,0.0,0.0,0.0,0.0,0.0,89490.0,100095.0,0.0,0.10594934811928668,killed,peak_drawdown_kill,risk_killed_until_explicit_operator_restart,specialist_veto,False,NGU1@2021-08-27,2021
2021-08-11 00:00:00+00:00,2021-08-11 00:00:00+00:00,NGU1@2021-08-27,2f367b466984f9451579,0.0,True,True,0.0,0.0,0.0,0.0,0.0,0.0,-0.0,-0.0,89490.0,100095.0,0.0,0.10594934811928668,killed,peak_drawdown_kill,risk_killed_until_explicit_operator_restart,specialist_veto,False,NGU1@2021-08-27,2021
2021-08-12 00:00:00+00:00,2021-08-12 00:00:00+00:00,NGU1@2021-08-27,3506b7572ee87ed842aa,0.0,True,True,0.0,0.0,0.0,0.0,0.0,0.0,-0.0,-0.0,89490.0,100095.0,0.0,0.10594934811928668,killed,peak_drawdown_kill,risk_killed_until_explicit_operator_restart,specialist_veto,False,NGU1@2021-08-27,2021
2021-08-13 00:00:00+00:00,2021-08-13 00:00:00+00:00,NGU1@2021-08-27,c081351eac22bc2f09aa,0.0,True,True,0.0,0.0,0.0,0.0,0.0,0.0,-0.0,-0.0,89490.0,100095.0,0.0,0.10594934811928668,killed,peak_drawdown_kill,risk_killed_until_explicit_operator_restart,specialist_veto,False,NGU1@2021-08-27,2021
2021-08-15 00:00:00+00:00,2021-08-15 00:00:00+00:00,NGU1@2021-08-27,4f576014ccedb70298e2,0.0,True,True,0.0,0.0,0.0,0.0,0.0,0.0,-0.0,-0.0,89490.0,100095.0,0.0,0.10594934811928668,killed,peak_drawdown_kill,risk_killed_until_explicit_operator_restart,specialist_veto,False,NGU1@2021-08-27,2021
2021-08-16 00:00:00+00:00,2021-08-16 00:00:00+00:00,NGU1@2021-08-27,4f576014ccedb70298e2,0.0,True,True,0.0,0.0,0.0,0.0,0.0,0.0,0.0,0.0,89490.0,100095.0,0.0,0.10594934811928668,killed,peak_drawdown_kill,risk_killed_until_explicit_operator_restart,specialist_veto,False,NGU1@2021-08-27,2021
2021-08-17 00:00:00+00:00,2021-08-17 00:00:00+00:00,NGU1@2021-08-27,f4a29341aacc0429b36b,0.0,True,True,0.0,0.0,0.0,0.0,0.0,0.0,-0.0,-0.0,89490.0,100095.0,0.0,0.10594934811928668,killed,peak_drawdown_kill,risk_killed_until_explicit_operator_restart,specialist_veto,False,NGU1@2021-08-27,2021
2021-08-18 00:00:00+00:00,2021-08-18 00:00:00+00:00,NGU1@2021-08-27,c2ad1daffb9402f2129c,0.0,True,True,0.0,0.0,0.0,0.0,0.0,0.0,-0.0,-0.0,89490.0,100095.0,0.0,0.10594934811928668,killed,peak_drawdown_kill,risk_killed_until_explicit_operator_restart,specialist_veto,False,NGU1@2021-08-27,2021
2021-08-19 00:00:00+00:00,2021-08-19 00:00:00+00:00,NGU1@2021-08-27,af4589f6ebc2b09381ae,-1.0,False,True,0.0,0.0,0.0,0.0,0.0,0.0,0.0,0.0,89490.0,100095.0,0.0,0.10594934811928668,killed,peak_drawdown_kill,risk_killed_until_explicit_operator_restart,forecast_signal,False,NGU1@2021-08-27,2021
2021-08-20 00:00:00+00:00,2021-08-20 00:00:00+00:00,NGU1@2021-08-27,60ccf8c16aa371d10504,0.0,True,True,0.0,0.0,0.0,0.0,0.0,0.0,-0.0,-0.0,89490.0,100095.0,0.0,0.10594934811928668,killed,peak_drawdown_kill,risk_killed_until_explicit_operator_restart,specialist_veto,False,NGU1@2021-08-27,2021
2021-08-22 00:00:00+00:00,2021-08-22 00:00:00+00:00,NGU1@2021-08-27,44101e8b164141d2620f,-1.0,False,True,0.0,0.0,0.0,0.0,0.0,0.0,-0.0,-0.0,89490.0,100095.0,0.0,0.10594934811928668,killed,peak_drawdown_kill,risk_killed_until_explicit_operator_restart,forecast_signal,False,NGU1@2021-08-27,2021
2021-08-23 00:00:00+00:00,2021-08-23 00:00:00+00:00,NGU1@2021-08-27,44101e8b164141d2620f,-1.0,False,True,0.0,0.0,0.0,0.0,0.0,0.0,0.0,0.0,89490.0,100095.0,0.0,0.10594934811928668,killed,peak_drawdown_kill,risk_killed_until_explicit_operator_restart,forecast_signal,False,NGU1@2021-08-27,2021
2021-08-24 00:00:00+00:00,2021-08-24 00:00:00+00:00,NGU1@2021-08-27,7de5819b6b91e3f6bac2,-1.0,False,True,0.0,0.0,0.0,0.0,0.0,0.0,-0.0,-0.0,89490.0,100095.0,0.0,0.10594934811928668,killed,peak_drawdown_kill,risk_killed_until_explicit_operator_restart,forecast_signal,False,NGU1@2021-08-27,2021
2021-08-25 00:00:00+00:00,2021-08-25 00:00:00+00:00,NGU1@2021-08-27,aa2529877480c745aa32,0.0,True,True,0.0,0.0,0.0,0.0,0.0,0.0,0.0,0.0,89490.0,100095.0,0.0,0.10594934811928668,killed,peak_drawdown_kill,risk_killed_until_explicit_operator_restart,specialist_veto,False,NGV1@2021-09-28,2021
2021-08-26 00:00:00+00:00,2021-08-26 00:00:00+00:00,NGV1@2021-09-28,67d43dbc2c84b312a577,0.0,True,True,0.0,0.0,0.0,0.0,0.0,0.0,0.0,0.0,89490.0,100095.0,0.0,0.10594934811928668,killed,peak_drawdown_kill,risk_killed_until_explicit_operator_restart,specialist_veto,False,NGV1@2021-09-28,2021
2021-08-27 00:00:00+00:00,2021-08-27 00:00:00+00:00,NGV1@2021-09-28,f117ec1d3e43fa69443b,0.0,True,True,0.0,0.0,0.0,0.0,0.0,0.0,0.0,0.0,89490.0,100095.0,0.0,0.10594934811928668,killed,peak_drawdown_kill,risk_killed_until_explicit_operator_restart,specialist_veto,False,NGV1@2021-09-28,2021
2021-08-29 00:00:00+00:00,2021-08-29 00:00:00+00:00,NGV1@2021-09-28,f48650d46bcfb89a7b64,0.0,True,True,0.0,0.0,0.0,0.0,0.0,0.0,-0.0,-0.0,89490.0,100095.0,0.0,0.10594934811928668,killed,peak_drawdown_kill,risk_killed_until_explicit_operator_restart,predicted_gross_pnl_not_above_round_trip_cost,False,NGV1@2021-09-28,2021
2021-08-30 00:00:00+00:00,2021-08-30 00:00:00+00:00,NGV1@2021-09-28,f48650d46bcfb89a7b64,0.0,True,True,0.0,0.0,0.0,0.0,0.0,0.0,-0.0,-0.0,89490.0,100095.0,0.0,0.10594934811928668,killed,peak_drawdown_kill,risk_killed_until_explicit_operator_restart,predicted_gross_pnl_not_above_round_trip_cost,False,NGV1@2021-09-28,2021
2021-08-31 00:00:00+00:00,2021-08-31 00:00:00+00:00,NGV1@2021-09-28,e0701a6a1ba6f8ba7b17,1.0,False,True,0.0,0.0,0.0,0.0,0.0,0.0,0.0,0.0,89490.0,100095.0,0.0,0.10594934811928668,killed,peak_drawdown_kill,risk_killed_until_explicit_operator_restart,forecast_signal,False,NGV1@2021-09-28,2021
2021-09-01 00:00:00+00:00,2021-09-01 00:00:00+00:00,NGV1@2021-09-28,eba500abaf310bf29dc3,0.0,True,True,0.0,0.0,0.0,0.0,0.0,0.0,0.0,0.0,89490.0,100095.0,0.0,0.10594934811928668,killed,peak_drawdown_kill,risk_killed_until_explicit_operator_restart,predicted_gross_pnl_not_above_round_trip_cost,False,NGV1@2021-09-28,2021
2021-09-02 00:00:00+00:00,2021-09-02 00:00:00+00:00,NGV1@2021-09-28,85f3809eab72acf502c4,1.0,False,True,0.0,0.0,0.0,0.0,0.0,0.0,-0.0,-0.0,89490.0,100095.0,0.0,0.10594934811928668,killed,peak_drawdown_kill,risk_killed_until_explicit_operator_restart,forecast_signal,False,NGV1@2021-09-28,2021
2021-09-03 00:00:00+00:00,2021-09-03 00:00:00+00:00,NGV1@2021-09-28,ea3de3b45af3eb386d91,1.0,False,True,0.0,0.0,0.0,0.0,0.0,0.0,0.0,0.0,89490.0,100095.0,0.0,0.10594934811928668,killed,peak_drawdown_kill,risk_killed_until_explicit_operator_restart,forecast_signal,False,NGV1@2021-09-28,2021
2021-09-05 00:00:00+00:00,2021-09-05 00:00:00+00:00,NGV1@2021-09-28,3ba9788d3f03c09cb326,1.0,False,True,0.0,0.0,0.0,0.0,0.0,0.0,0.0,0.0,89490.0,100095.0,0.0,0.10594934811928668,killed,peak_drawdown_kill,risk_killed_until_explicit_operator_restart,forecast_signal,False,NGV1@2021-09-28,2021
2021-09-06 00:00:00+00:00,2021-09-06 00:00:00+00:00,NGV1@2021-09-28,3ba9788d3f03c09cb326,1.0,False,True,0.0,0.0,0.0,0.0,0.0,0.0,-0.0,-0.0,89490.0,100095.0,0.0,0.10594934811928668,killed,peak_drawdown_kill,risk_killed_until_explicit_operator_restart,forecast_signal,False,NGV1@2021-09-28,2021
2021-09-07 00:00:00+00:00,2021-09-07 00:00:00+00:00,NGV1@2021-09-28,3ba9788d3f03c09cb326,1.0,False,True,0.0,0.0,0.0,0.0,0.0,0.0,-0.0,-0.0,89490.0,100095.0,0.0,0.10594934811928668,killed,peak_drawdown_kill,risk_killed_until_explicit_operator_restart,forecast_signal,False,NGV1@2021-09-28,2021
2021-09-08 00:00:00+00:00,2021-09-08 00:00:00+00:00,NGV1@2021-09-28,b585a8faabab24da31be,1.0,False,True,0.0,0.0,0.0,0.0,0.0,0.0,0.0,0.0,89490.0,100095.0,0.0,0.10594934811928668,killed,peak_drawdown_kill,risk_killed_until_explicit_operator_restart,forecast_signal,False,NGV1@2021-09-28,2021
2021-09-09 00:00:00+00:00,2021-09-09 00:00:00+00:00,NGV1@2021-09-28,169bfca64e5d1bcbb98b,0.0,True,True,0.0,0.0,0.0,0.0,0.0,0.0,0.0,0.0,89490.0,100095.0,0.0,0.10594934811928668,killed,peak_drawdown_kill,risk_killed_until_explicit_operator_restart,predicted_gross_pnl_not_above_round_trip_cost,False,NGV1@2021-09-28,2021
2021-09-10 00:00:00+00:00,2021-09-10 00:00:00+00:00,NGV1@2021-09-28,262499535b56fadad128,0.0,True,True,0.0,0.0,0.0,0.0,0.0,0.0,-0.0,-0.0,89490.0,100095.0,0.0,0.10594934811928668,killed,peak_drawdown_kill,risk_killed_until_explicit_operator_restart,specialist_veto,False,NGV1@2021-09-28,2021
2021-09-12 00:00:00+00:00,2021-09-12 00:00:00+00:00,NGV1@2021-09-28,5231df1543e22a608def,0.0,True,True,0.0,0.0,0.0,0.0,0.0,0.0,-0.0,-0.0,89490.0,100095.0,0.0,0.10594934811928668,killed,peak_drawdown_kill,risk_killed_until_explicit_operator_restart,specialist_veto,False,NGV1@2021-09-28,2021
2021-09-13 00:00:00+00:00,2021-09-13 00:00:00+00:00,NGV1@2021-09-28,5231df1543e22a608def,0.0,True,True,0.0,0.0,0.0,0.0,0.0,0.0,0.0,0.0,89490.0,100095.0,0.0,0.10594934811928668,killed,peak_drawdown_kill,risk_killed_until_explicit_operator_restart,specialist_veto,False,NGV1@2021-09-28,2021
2021-09-14 00:00:00+00:00,2021-09-14 00:00:00+00:00,NGV1@2021-09-28,327bd36a7df40246d255,0.0,True,True,0.0,0.0,0.0,0.0,0.0,0.0,0.0,0.0,89490.0,100095.0,0.0,0.10594934811928668,killed,peak_drawdown_kill,risk_killed_until_explicit_operator_restart,specialist_veto,False,NGV1@2021-09-28,2021
2021-09-15 00:00:00+00:00,2021-09-15 00:00:00+00:00,NGV1@2021-09-28,68edef9aad45daa9b7f6,-1.0,False,True,0.0,0.0,0.0,0.0,0.0,0.0,0.0,0.0,89490.0,100095.0,0.0,0.10594934811928668,killed,peak_drawdown_kill,risk_killed_until_explicit_operator_restart,forecast_signal,False,NGV1@2021-09-28,2021
2021-09-16 00:00:00+00:00,2021-09-16 00:00:00+00:00,NGV1@2021-09-28,692724f3ae411dfc8d97,-1.0,False,True,0.0,0.0,0.0,0.0,0.0,0.0,-0.0,-0.0,89490.0,100095.0,0.0,0.10594934811928668,killed,peak_drawdown_kill,risk_killed_until_explicit_operator_restart,forecast_signal,False,NGV1@2021-09-28,2021
2021-09-17 00:00:00+00:00,2021-09-17 00:00:00+00:00,NGV1@2021-09-28,02154852d2211ff49b15,0.0,True,True,0.0,0.0,0.0,0.0,0.0,0.0,-0.0,-0.0,89490.0,100095.0,0.0,0.10594934811928668,killed,peak_drawdown_kill,risk_killed_until_explicit_operator_restart,specialist_veto,False,NGV1@2021-09-28,2021
2021-09-19 00:00:00+00:00,2021-09-19 00:00:00+00:00,NGV1@2021-09-28,36934848735d3c2c996a,-1.0,False,True,0.0,0.0,0.0,0.0,0.0,0.0,-0.0,-0.0,89490.0,100095.0,0.0,0.10594934811928668,killed,peak_drawdown_kill,risk_killed_until_explicit_operator_restart,forecast_signal,False,NGV1@2021-09-28,2021
2021-09-20 00:00:00+00:00,2021-09-20 00:00:00+00:00,NGV1@2021-09-28,36934848735d3c2c996a,-1.0,False,True,0.0,0.0,0.0,0.0,0.0,0.0,-0.0,-0.0,89490.0,100095.0,0.0,0.10594934811928668,killed,peak_drawdown_kill,risk_killed_until_explicit_operator_restart,forecast_signal,False,NGV1@2021-09-28,2021
2021-09-21 00:00:00+00:00,2021-09-21 00:00:00+00:00,NGV1@2021-09-28,4cf1b0a5571d0c4eff6b,-1.0,False,True,0.0,0.0,0.0,0.0,0.0,0.0,-0.0,-0.0,89490.0,100095.0,0.0,0.10594934811928668,killed,peak_drawdown_kill,risk_killed_until_explicit_operator_restart,forecast_signal,False,NGV1@2021-09-28,2021
2021-09-22 00:00:00+00:00,2021-09-22 00:00:00+00:00,NGV1@2021-09-28,d1c58793f197f121ba10,-1.0,False,True,0.0,0.0,0.0,0.0,0.0,0.0,-0.0,-0.0,89490.0,100095.0,0.0,0.10594934811928668,killed,peak_drawdown_kill,risk_killed_until_explicit_operator_restart,forecast_signal,False,NGV1@2021-09-28,2021
2021-09-23 00:00:00+00:00,2021-09-23 00:00:00+00:00,NGV1@2021-09-28,d1c58793f197f121ba10,-1.0,False,True,0.0,0.0,0.0,0.0,0.0,0.0,0.0,0.0,89490.0,100095.0,0.0,0.10594934811928668,killed,peak_drawdown_kill,risk_killed_until_explicit_operator_restart,forecast_signal,False,NGV1@2021-09-28,2021
2021-09-24 00:00:00+00:00,2021-09-24 00:00:00+00:00,NGV1@2021-09-28,d1c58793f197f121ba10,-1.0,False,True,0.0,0.0,0.0,0.0,0.0,0.0,0.0,0.0,89490.0,100095.0,0.0,0.10594934811928668,killed,peak_drawdown_kill,risk_killed_until_explicit_operator_restart,forecast_signal,False,NGV1@2021-09-28,2021
2021-09-26 00:00:00+00:00,2021-09-26 00:00:00+00:00,NGV1@2021-09-28,d1c58793f197f121ba10,-1.0,False,True,0.0,0.0,0.0,0.0,0.0,0.0,0.0,0.0,89490.0,100095.0,0.0,0.10594934811928668,killed,peak_drawdown_kill,risk_killed_until_explicit_operator_restart,forecast_signal,False,NGV1@2021-09-28,2021
2021-09-27 00:00:00+00:00,2021-09-27 00:00:00+00:00,NGV1@2021-09-28,d1c58793f197f121ba10,-1.0,False,True,0.0,0.0,0.0,0.0,0.0,0.0,0.0,0.0,89490.0,100095.0,0.0,0.10594934811928668,killed,peak_drawdown_kill,risk_killed_until_explicit_operator_restart,forecast_signal,False,NGV1@2021-09-28,2021
2021-09-28 00:00:00+00:00,2021-09-28 00:00:00+00:00,NGV1@2021-09-28,,0.0,True,True,0.0,0.0,0.0,0.0,0.0,0.0,0.0,0.0,89490.0,100095.0,0.0,0.10594934811928668,killed,peak_drawdown_kill,risk_killed_until_explicit_operator_restart,forecast_horizon_expired,False,,2021
2021-09-29 00:00:00+00:00,2021-09-29 00:00:00+00:00,NGX1@2021-10-27,,0.0,True,True,0.0,0.0,0.0,0.0,0.0,0.0,-0.0,-0.0,89490.0,100095.0,0.0,0.10594934811928668,killed,peak_drawdown_kill,risk_killed_until_explicit_operator_restart,forecast_horizon_expired,False,NGX1@2021-10-27,2021
2021-09-30 00:00:00+00:00,2021-09-30 00:00:00+00:00,NGX1@2021-10-27,,0.0,True,True,0.0,0.0,0.0,0.0,0.0,0.0,0.0,0.0,89490.0,100095.0,0.0,0.10594934811928668,killed,peak_drawdown_kill,risk_killed_until_explicit_operator_restart,forecast_horizon_expired,False,NGX1@2021-10-27,2021
2021-10-01 00:00:00+00:00,2021-10-01 00:00:00+00:00,NGX1@2021-10-27,fed2ac4ce5d24e3dc379,1.0,False,True,0.0,0.0,0.0,0.0,0.0,0.0,-0.0,-0.0,89490.0,100095.0,0.0,0.10594934811928668,killed,peak_drawdown_kill,risk_killed_until_explicit_operator_restart,forecast_signal,False,NGX1@2021-10-27,2021
2021-10-03 00:00:00+00:00,2021-10-03 00:00:00+00:00,NGX1@2021-10-27,34c23eb8473c0da8931c,1.0,False,True,0.0,0.0,0.0,0.0,0.0,0.0,0.0,0.0,89490.0,100095.0,0.0,0.10594934811928668,killed,peak_drawdown_kill,risk_killed_until_explicit_operator_restart,forecast_signal,False,NGX1@2021-10-27,2021
2021-10-04 00:00:00+00:00,2021-10-04 00:00:00+00:00,NGX1@2021-10-27,34c23eb8473c0da8931c,1.0,False,True,0.0,0.0,0.0,0.0,0.0,0.0,0.0,0.0,89490.0,100095.0,0.0,0.10594934811928668,killed,peak_drawdown_kill,risk_killed_until_explicit_operator_restart,forecast_signal,False,NGX1@2021-10-27,2021
2021-10-05 00:00:00+00:00,2021-10-05 00:00:00+00:00,NGX1@2021-10-27,54644cd095d60e9103cd,1.0,False,True,0.0,0.0,0.0,0.0,0.0,0.0,0.0,0.0,89490.0,100095.0,0.0,0.10594934811928668,killed,peak_drawdown_kill,risk_killed_until_explicit_operator_restart,forecast_signal,False,NGX1@2021-10-27,2021
2021-10-06 00:00:00+00:00,2021-10-06 00:00:00+00:00,NGX1@2021-10-27,1d951cf44035cfe2177e,1.0,False,True,0.0,0.0,0.0,0.0,0.0,0.0,-0.0,-0.0,89490.0,100095.0,0.0,0.10594934811928668,killed,peak_drawdown_kill,risk_killed_until_explicit_operator_restart,forecast_signal,False,NGX1@2021-10-27,2021
2021-10-07 00:00:00+00:00,2021-10-07 00:00:00+00:00,NGX1@2021-10-27,9c8ff656f8a90ad8c01a,1.0,False,True,0.0,0.0,0.0,0.0,0.0,0.0,-0.0,-0.0,89490.0,100095.0,0.0,0.10594934811928668,killed,peak_drawdown_kill,risk_killed_until_explicit_operator_restart,forecast_signal,False,NGX1@2021-10-27,2021
2021-10-08 00:00:00+00:00,2021-10-08 00:00:00+00:00,NGX1@2021-10-27,cbc22fa642b62d330b52,0.5,False,True,0.0,0.0,0.0,0.0,0.0,0.0,-0.0,-0.0,89490.0,100095.0,0.0,0.10594934811928668,killed,peak_drawdown_kill,risk_killed_until_explicit_operator_restart,specialist_sizing_modifier,False,NGX1@2021-10-27,2021
2021-10-10 00:00:00+00:00,2021-10-10 00:00:00+00:00,NGX1@2021-10-27,18677e827b5f9ee37955,1.0,False,True,0.0,0.0,0.0,0.0,0.0,0.0,-0.0,-0.0,89490.0,100095.0,0.0,0.10594934811928668,killed,peak_drawdown_kill,risk_killed_until_explicit_operator_restart,forecast_signal,False,NGX1@2021-10-27,2021
2021-10-11 00:00:00+00:00,2021-10-11 00:00:00+00:00,NGX1@2021-10-27,18677e827b5f9ee37955,1.0,False,True,0.0,0.0,0.0,0.0,0.0,0.0,-0.0,-0.0,89490.0,100095.0,0.0,0.10594934811928668,killed,peak_drawdown_kill,risk_killed_until_explicit_operator_restart,forecast_signal,False,NGX1@2021-10-27,2021
2021-10-12 00:00:00+00:00,2021-10-12 00:00:00+00:00,NGX1@2021-10-27,58e8eecd7eb2b9a3f4f4,1.0,False,True,0.0,0.0,0.0,0.0,0.0,0.0,0.0,0.0,89490.0,100095.0,0.0,0.10594934811928668,killed,peak_drawdown_kill,risk_killed_until_explicit_operator_restart,forecast_signal,False,NGX1@2021-10-27,2021
2021-10-13 00:00:00+00:00,2021-10-13 00:00:00+00:00,NGX1@2021-10-27,2172aca96b34cd14ecb9,1.0,False,True,0.0,0.0,0.0,0.0,0.0,0.0,0.0,0.0,89490.0,100095.0,0.0,0.10594934811928668,killed,peak_drawdown_kill,risk_killed_until_explicit_operator_restart,forecast_signal,False,NGX1@2021-10-27,2021
2021-10-14 00:00:00+00:00,2021-10-14 00:00:00+00:00,NGX1@2021-10-27,c218deb15c6085f8931b,1.0,False,True,0.0,0.0,0.0,0.0,0.0,0.0,-0.0,-0.0,89490.0,100095.0,0.0,0.10594934811928668,killed,peak_drawdown_kill,risk_killed_until_explicit_operator_restart,forecast_signal,False,NGX1@2021-10-27,2021
2021-10-15 00:00:00+00:00,2021-10-15 00:00:00+00:00,NGX1@2021-10-27,916280ee9adb9cdf5931,1.0,False,True,0.0,0.0,0.0,0.0,0.0,0.0,-0.0,-0.0,89490.0,100095.0,0.0,0.10594934811928668,killed,peak_drawdown_kill,risk_killed_until_explicit_operator_restart,forecast_signal,False,NGX1@2021-10-27,2021
2021-10-17 00:00:00+00:00,2021-10-17 00:00:00+00:00,NGX1@2021-10-27,88957cbbd5ea521adf5b,1.0,False,True,0.0,0.0,0.0,0.0,0.0,0.0,-0.0,-0.0,89490.0,100095.0,0.0,0.10594934811928668,killed,peak_drawdown_kill,risk_killed_until_explicit_operator_restart,forecast_signal,False,NGX1@2021-10-27,2021
2021-10-18 00:00:00+00:00,2021-10-18 00:00:00+00:00,NGX1@2021-10-27,88957cbbd5ea521adf5b,1.0,False,True,0.0,0.0,0.0,0.0,0.0,0.0,-0.0,-0.0,89490.0,100095.0,0.0,0.10594934811928668,killed,peak_drawdown_kill,risk_killed_until_explicit_operator_restart,forecast_signal,False,NGX1@2021-10-27,2021
2021-10-19 00:00:00+00:00,2021-10-19 00:00:00+00:00,NGX1@2021-10-27,4bf8a0bb62c78a6efe6f,1.0,False,True,0.0,0.0,0.0,0.0,0.0,0.0,0.0,0.0,89490.0,100095.0,0.0,0.10594934811928668,killed,peak_drawdown_kill,risk_killed_until_explicit_operator_restart,forecast_signal,False,NGX1@2021-10-27,2021
2021-10-20 00:00:00+00:00,2021-10-20 00:00:00+00:00,NGX1@2021-10-27,76da57d875c0b23a5753,1.0,False,True,0.0,0.0,0.0,0.0,0.0,0.0,0.0,0.0,89490.0,100095.0,0.0,0.10594934811928668,killed,peak_drawdown_kill,risk_killed_until_explicit_operator_restart,forecast_signal,False,NGX1@2021-10-27,2021
2021-10-21 00:00:00+00:00,2021-10-21 00:00:00+00:00,NGX1@2021-10-27,c6ca6cb9814c574b6e19,1.0,False,True,0.0,0.0,0.0,0.0,0.0,0.0,-0.0,-0.0,89490.0,100095.0,0.0,0.10594934811928668,killed,peak_drawdown_kill,risk_killed_until_explicit_operator_restart,forecast_signal,False,NGX1@2021-10-27,2021
2021-10-22 00:00:00+00:00,2021-10-22 00:00:00+00:00,NGX1@2021-10-27,b3b162b5ed4ebcc8f62a,1.0,False,True,0.0,0.0,0.0,0.0,0.0,0.0,0.0,0.0,89490.0,100095.0,0.0,0.10594934811928668,killed,peak_drawdown_kill,risk_killed_until_explicit_operator_restart,forecast_signal,False,NGX1@2021-10-27,2021
2021-10-24 00:00:00+00:00,2021-10-24 00:00:00+00:00,NGX1@2021-10-27,e56c5d9acba630c99e41,1.0,False,True,0.0,0.0,0.0,0.0,0.0,0.0,0.0,0.0,89490.0,100095.0,0.0,0.10594934811928668,killed,peak_drawdown_kill,risk_killed_until_explicit_operator_restart,forecast_signal,False,NGX1@2021-10-27,2021
2021-10-25 00:00:00+00:00,2021-10-25 00:00:00+00:00,NGX1@2021-10-27,e56c5d9acba630c99e41,1.0,False,True,0.0,0.0,0.0,0.0,0.0,0.0,0.0,0.0,89490.0,100095.0,0.0,0.10594934811928668,killed,peak_drawdown_kill,risk_killed_until_explicit_operator_restart,forecast_signal,False,NGX1@2021-10-27,2021
2021-10-26 00:00:00+00:00,2021-10-26 00:00:00+00:00,NGX1@2021-10-27,a7b63cb1845024550a06,1.0,False,True,0.0,0.0,0.0,0.0,0.0,0.0,-0.0,-0.0,89490.0,100095.0,0.0,0.10594934811928668,killed,peak_drawdown_kill,risk_killed_until_explicit_operator_restart,forecast_signal,False,NGZ1@2021-11-26,2021
2021-10-27 00:00:00+00:00,2021-10-27 00:00:00+00:00,NGZ1@2021-11-26,197d1fbeb1ca6e608ac1,1.0,False,True,0.0,0.0,0.0,0.0,0.0,0.0,0.0,0.0,89490.0,100095.0,0.0,0.10594934811928668,killed,peak_drawdown_kill,risk_killed_until_explicit_operator_restart,forecast_signal,False,NGZ1@2021-11-26,2021
2021-10-28 00:00:00+00:00,2021-10-28 00:00:00+00:00,NGZ1@2021-11-26,d26a3304b74b0dd70b81,1.0,False,True,0.0,0.0,0.0,0.0,0.0,0.0,-0.0,-0.0,89490.0,100095.0,0.0,0.10594934811928668,killed,peak_drawdown_kill,risk_killed_until_explicit_operator_restart,forecast_signal,False,NGZ1@2021-11-26,2021
2021-10-29 00:00:00+00:00,2021-10-29 00:00:00+00:00,NGZ1@2021-11-26,3588405de523d270b173,0.5,False,True,0.0,0.0,0.0,0.0,0.0,0.0,-0.0,-0.0,89490.0,100095.0,0.0,0.10594934811928668,killed,peak_drawdown_kill,risk_killed_until_explicit_operator_restart,specialist_sizing_modifier,False,NGZ1@2021-11-26,2021
2021-10-31 00:00:00+00:00,2021-10-31 00:00:00+00:00,NGZ1@2021-11-26,3ab3a7261b5124c2837f,1.0,False,True,0.0,0.0,0.0,0.0,0.0,0.0,0.0,0.0,89490.0,100095.0,0.0,0.10594934811928668,killed,peak_drawdown_kill,risk_killed_until_explicit_operator_restart,forecast_signal,False,NGZ1@2021-11-26,2021
2021-11-01 00:00:00+00:00,2021-11-01 00:00:00+00:00,NGZ1@2021-11-26,3ab3a7261b5124c2837f,1.0,False,True,0.0,0.0,0.0,0.0,0.0,0.0,-0.0,-0.0,89490.0,100095.0,0.0,0.10594934811928668,killed,peak_drawdown_kill,risk_killed_until_explicit_operator_restart,forecast_signal,False,NGZ1@2021-11-26,2021
2021-11-02 00:00:00+00:00,2021-11-02 00:00:00+00:00,NGZ1@2021-11-26,3c548dd6905c88de7a54,1.0,False,True,0.0,0.0,0.0,0.0,0.0,0.0,0.0,0.0,89490.0,100095.0,0.0,0.10594934811928668,killed,peak_drawdown_kill,risk_killed_until_explicit_operator_restart,forecast_signal,False,NGZ1@2021-11-26,2021
2021-11-03 00:00:00+00:00,2021-11-03 00:00:00+00:00,NGZ1@2021-11-26,6a30c7b28323217a14f0,1.0,False,True,0.0,0.0,0.0,0.0,0.0,0.0,0.0,0.0,89490.0,100095.0,0.0,0.10594934811928668,killed,peak_drawdown_kill,risk_killed_until_explicit_operator_restart,forecast_signal,False,NGZ1@2021-11-26,2021
2021-11-04 00:00:00+00:00,2021-11-04 00:00:00+00:00,NGZ1@2021-11-26,44e42b4a7eeda980bbcd,1.0,False,True,0.0,0.0,0.0,0.0,0.0,0.0,-0.0,-0.0,89490.0,100095.0,0.0,0.10594934811928668,killed,peak_drawdown_kill,risk_killed_until_explicit_operator_restart,forecast_signal,False,NGZ1@2021-11-26,2021
2021-11-05 00:00:00+00:00,2021-11-05 00:00:00+00:00,NGZ1@2021-11-26,035a7ceb0351ae3dc9d4,1.0,False,True,0.0,0.0,0.0,0.0,0.0,0.0,-0.0,-0.0,89490.0,100095.0,0.0,0.10594934811928668,killed,peak_drawdown_kill,risk_killed_until_explicit_operator_restart,forecast_signal,False,NGZ1@2021-11-26,2021
2021-11-07 00:00:00+00:00,2021-11-07 00:00:00+00:00,NGZ1@2021-11-26,16740c3f036c8186c4c9,1.0,False,True,0.0,0.0,0.0,0.0,0.0,0.0,-0.0,-0.0,89490.0,100095.0,0.0,0.10594934811928668,killed,peak_drawdown_kill,risk_killed_until_explicit_operator_restart,forecast_signal,False,NGZ1@2021-11-26,2021
2021-11-08 00:00:00+00:00,2021-11-08 00:00:00+00:00,NGZ1@2021-11-26,16740c3f036c8186c4c9,1.0,False,True,0.0,0.0,0.0,0.0,0.0,0.0,-0.0,-0.0,89490.0,100095.0,0.0,0.10594934811928668,killed,peak_drawdown_kill,risk_killed_until_explicit_operator_restart,forecast_signal,False,NGZ1@2021-11-26,2021
2021-11-09 00:00:00+00:00,2021-11-09 00:00:00+00:00,NGZ1@2021-11-26,164c6896291655b32f89,1.0,False,True,0.0,0.0,0.0,0.0,0.0,0.0,-0.0,-0.0,89490.0,100095.0,0.0,0.10594934811928668,killed,peak_drawdown_kill,risk_killed_until_explicit_operator_restart,forecast_signal,False,NGZ1@2021-11-26,2021
2021-11-10 00:00:00+00:00,2021-11-10 00:00:00+00:00,NGZ1@2021-11-26,adc7d9a5c64c65b149fa,1.0,False,True,0.0,0.0,0.0,0.0,0.0,0.0,-0.0,-0.0,89490.0,100095.0,0.0,0.10594934811928668,killed,peak_drawdown_kill,risk_killed_until_explicit_operator_restart,forecast_signal,False,NGZ1@2021-11-26,2021
2021-11-11 00:00:00+00:00,2021-11-11 00:00:00+00:00,NGZ1@2021-11-26,1a6fdd60bd5f77fa602d,1.0,False,True,0.0,0.0,0.0,0.0,0.0,0.0,0.0,0.0,89490.0,100095.0,0.0,0.10594934811928668,killed,peak_drawdown_kill,risk_killed_until_explicit_operator_restart,forecast_signal,False,NGZ1@2021-11-26,2021
2021-11-12 00:00:00+00:00,2021-11-12 00:00:00+00:00,NGZ1@2021-11-26,8b037026a79fb27ded3b,1.0,False,True,0.0,0.0,0.0,0.0,0.0,0.0,-0.0,-0.0,89490.0,100095.0,0.0,0.10594934811928668,killed,peak_drawdown_kill,risk_killed_until_explicit_operator_restart,forecast_signal,False,NGZ1@2021-11-26,2021
2021-11-14 00:00:00+00:00,2021-11-14 00:00:00+00:00,NGZ1@2021-11-26,09c36374fe7a1c4a4ca2,1.0,False,True,0.0,0.0,0.0,0.0,0.0,0.0,-0.0,-0.0,89490.0,100095.0,0.0,0.10594934811928668,killed,peak_drawdown_kill,risk_killed_until_explicit_operator_restart,forecast_signal,False,NGZ1@2021-11-26,2021
2021-11-15 00:00:00+00:00,2021-11-15 00:00:00+00:00,NGZ1@2021-11-26,09c36374fe7a1c4a4ca2,1.0,False,True,0.0,0.0,0.0,0.0,0.0,0.0,0.0,0.0,89490.0,100095.0,0.0,0.10594934811928668,killed,peak_drawdown_kill,risk_killed_until_explicit_operator_restart,forecast_signal,False,NGZ1@2021-11-26,2021
2021-11-16 00:00:00+00:00,2021-11-16 00:00:00+00:00,NGZ1@2021-11-26,6ec61b895a07c2c25be1,1.0,False,True,0.0,0.0,0.0,0.0,0.0,0.0,0.0,0.0,89490.0,100095.0,0.0,0.10594934811928668,killed,peak_drawdown_kill,risk_killed_until_explicit_operator_restart,forecast_signal,False,NGZ1@2021-11-26,2021
2021-11-17 00:00:00+00:00,2021-11-17 00:00:00+00:00,NGZ1@2021-11-26,7b474882b38679f9d7bc,1.0,False,True,0.0,0.0,0.0,0.0,0.0,0.0,-0.0,-0.0,89490.0,100095.0,0.0,0.10594934811928668,killed,peak_drawdown_kill,risk_killed_until_explicit_operator_restart,forecast_signal,False,NGZ1@2021-11-26,2021
2021-11-18 00:00:00+00:00,2021-11-18 00:00:00+00:00,NGZ1@2021-11-26,b456f117a76ea5843228,0.5,False,True,0.0,0.0,0.0,0.0,0.0,0.0,0.0,0.0,89490.0,100095.0,0.0,0.10594934811928668,killed,peak_drawdown_kill,risk_killed_until_explicit_operator_restart,specialist_sizing_modifier,False,NGZ1@2021-11-26,2021
2021-11-19 00:00:00+00:00,2021-11-19 00:00:00+00:00,NGZ1@2021-11-26,c4135f9bd91d4de62f4d,1.0,False,True,0.0,0.0,0.0,0.0,0.0,0.0,-0.0,-0.0,89490.0,100095.0,0.0,0.10594934811928668,killed,peak_drawdown_kill,risk_killed_until_explicit_operator_restart,forecast_signal,False,NGZ1@2021-11-26,2021
2021-11-21 00:00:00+00:00,2021-11-21 00:00:00+00:00,NGZ1@2021-11-26,2d51479e4639735ef74e,1.0,False,True,0.0,0.0,0.0,0.0,0.0,0.0,0.0,0.0,89490.0,100095.0,0.0,0.10594934811928668,killed,peak_drawdown_kill,risk_killed_until_explicit_operator_restart,forecast_signal,False,NGZ1@2021-11-26,2021
2021-11-22 00:00:00+00:00,2021-11-22 00:00:00+00:00,NGZ1@2021-11-26,2d51479e4639735ef74e,1.0,False,True,0.0,0.0,0.0,0.0,0.0,0.0,-0.0,-0.0,89490.0,100095.0,0.0,0.10594934811928668,killed,peak_drawdown_kill,risk_killed_until_explicit_operator_restart,forecast_signal,False,NGZ1@2021-11-26,2021
2021-11-23 00:00:00+00:00,2021-11-23 00:00:00+00:00,NGZ1@2021-11-26,2d51479e4639735ef74e,1.0,False,True,0.0,0.0,0.0,0.0,0.0,0.0,0.0,0.0,89490.0,100095.0,0.0,0.10594934811928668,killed,peak_drawdown_kill,risk_killed_until_explicit_operator_restart,forecast_signal,False,NGZ1@2021-11-26,2021
2021-11-24 00:00:00+00:00,2021-11-24 00:00:00+00:00,NGZ1@2021-11-26,2d51479e4639735ef74e,1.0,False,True,0.0,0.0,0.0,0.0,0.0,0.0,0.0,0.0,89490.0,100095.0,0.0,0.10594934811928668,killed,peak_drawdown_kill,risk_killed_until_explicit_operator_restart,forecast_signal,False,NGF2@2021-12-29,2021
2021-11-25 00:00:00+00:00,2021-11-25 00:00:00+00:00,NGF2@2021-12-29,94db84d70606467fd38a,1.0,False,True,0.0,0.0,0.0,0.0,0.0,0.0,-0.0,-0.0,89490.0,100095.0,0.0,0.10594934811928668,killed,peak_drawdown_kill,risk_killed_until_explicit_operator_restart,forecast_signal,False,NGF2@2021-12-29,2021
2021-11-26 00:00:00+00:00,2021-11-26 00:00:00+00:00,NGF2@2021-12-29,94db84d70606467fd38a,1.0,False,True,0.0,0.0,0.0,0.0,0.0,0.0,0.0,0.0,89490.0,100095.0,0.0,0.10594934811928668,killed,peak_drawdown_kill,risk_killed_until_explicit_operator_restart,forecast_signal,False,NGF2@2021-12-29,2021
2021-11-28 00:00:00+00:00,2021-11-28 00:00:00+00:00,NGF2@2021-12-29,ce0cb403edaa876ece9b,1.0,False,True,0.0,0.0,0.0,0.0,0.0,0.0,-0.0,-0.0,89490.0,100095.0,0.0,0.10594934811928668,killed,peak_drawdown_kill,risk_killed_until_explicit_operator_restart,forecast_signal,False,NGF2@2021-12-29,2021
2021-11-29 00:00:00+00:00,2021-11-29 00:00:00+00:00,NGF2@2021-12-29,ce0cb403edaa876ece9b,1.0,False,True,0.0,0.0,0.0,0.0,0.0,0.0,-0.0,-0.0,89490.0,100095.0,0.0,0.10594934811928668,killed,peak_drawdown_kill,risk_killed_until_explicit_operator_restart,forecast_signal,False,NGF2@2021-12-29,2021
2021-11-30 00:00:00+00:00,2021-11-30 00:00:00+00:00,NGF2@2021-12-29,2f0f6b1276986879a196,-1.0,False,True,0.0,0.0,0.0,0.0,0.0,0.0,-0.0,-0.0,89490.0,100095.0,0.0,0.10594934811928668,killed,peak_drawdown_kill,risk_killed_until_explicit_operator_restart,forecast_signal,False,NGF2@2021-12-29,2021
2021-12-01 00:00:00+00:00,2021-12-01 00:00:00+00:00,NGF2@2021-12-29,6f60f63b2cccefc31e36,0.0,True,True,0.0,0.0,0.0,0.0,0.0,0.0,-0.0,-0.0,89490.0,100095.0,0.0,0.10594934811928668,killed,peak_drawdown_kill,risk_killed_until_explicit_operator_restart,specialist_veto,False,NGF2@2021-12-29,2021
2021-12-02 00:00:00+00:00,2021-12-02 00:00:00+00:00,NGF2@2021-12-29,c3dae976d7c631ee8028,0.0,True,True,0.0,0.0,0.0,0.0,0.0,0.0,-0.0,-0.0,89490.0,100095.0,0.0,0.10594934811928668,killed,peak_drawdown_kill,risk_killed_until_explicit_operator_restart,specialist_veto,False,NGF2@2021-12-29,2021
2021-12-03 00:00:00+00:00,2021-12-03 00:00:00+00:00,NGF2@2021-12-29,28fcee67365f515a167f,1.0,False,True,0.0,0.0,0.0,0.0,0.0,0.0,-0.0,-0.0,89490.0,100095.0,0.0,0.10594934811928668,killed,peak_drawdown_kill,risk_killed_until_explicit_operator_restart,forecast_signal,False,NGF2@2021-12-29,2021
2021-12-05 00:00:00+00:00,2021-12-05 00:00:00+00:00,NGF2@2021-12-29,6b74f2003214b3f0ca39,1.0,False,True,0.0,0.0,0.0,0.0,0.0,0.0,0.0,0.0,89490.0,100095.0,0.0,0.10594934811928668,killed,peak_drawdown_kill,risk_killed_until_explicit_operator_restart,forecast_signal,False,NGF2@2021-12-29,2021
2021-12-06 00:00:00+00:00,2021-12-06 00:00:00+00:00,NGF2@2021-12-29,6b74f2003214b3f0ca39,1.0,False,True,0.0,0.0,0.0,0.0,0.0,0.0,-0.0,-0.0,89490.0,100095.0,0.0,0.10594934811928668,killed,peak_drawdown_kill,risk_killed_until_explicit_operator_restart,forecast_signal,False,NGF2@2021-12-29,2021
2021-12-07 00:00:00+00:00,2021-12-07 00:00:00+00:00,NGF2@2021-12-29,9437127c1d0cc39b4d34,1.0,False,True,0.0,0.0,0.0,0.0,0.0,0.0,0.0,0.0,89490.0,100095.0,0.0,0.10594934811928668,killed,peak_drawdown_kill,risk_killed_until_explicit_operator_restart,forecast_signal,False,NGF2@2021-12-29,2021
2021-12-08 00:00:00+00:00,2021-12-08 00:00:00+00:00,NGF2@2021-12-29,cba3e73c913c5c2e10e8,0.0,True,True,0.0,0.0,0.0,0.0,0.0,0.0,0.0,0.0,89490.0,100095.0,0.0,0.10594934811928668,killed,peak_drawdown_kill,risk_killed_until_explicit_operator_restart,specialist_veto,False,NGF2@2021-12-29,2021
2021-12-09 00:00:00+00:00,2021-12-09 00:00:00+00:00,NGF2@2021-12-29,220cf951e8567c64f937,0.0,True,True,0.0,0.0,0.0,0.0,0.0,0.0,-0.0,-0.0,89490.0,100095.0,0.0,0.10594934811928668,killed,peak_drawdown_kill,risk_killed_until_explicit_operator_restart,specialist_veto,False,NGF2@2021-12-29,2021
2021-12-10 00:00:00+00:00,2021-12-10 00:00:00+00:00,NGF2@2021-12-29,6c2582601bcb5a1c6177,0.0,True,True,0.0,0.0,0.0,0.0,0.0,0.0,0.0,0.0,89490.0,100095.0,0.0,0.10594934811928668,killed,peak_drawdown_kill,risk_killed_until_explicit_operator_restart,specialist_veto,False,NGF2@2021-12-29,2021
2021-12-12 00:00:00+00:00,2021-12-12 00:00:00+00:00,NGF2@2021-12-29,70c80521b2c70108e50f,0.0,True,True,0.0,0.0,0.0,0.0,0.0,0.0,0.0,0.0,89490.0,100095.0,0.0,0.10594934811928668,killed,peak_drawdown_kill,risk_killed_until_explicit_operator_restart,specialist_veto,False,NGF2@2021-12-29,2021
2021-12-13 00:00:00+00:00,2021-12-13 00:00:00+00:00,NGF2@2021-12-29,70c80521b2c70108e50f,0.0,True,True,0.0,0.0,0.0,0.0,0.0,0.0,-0.0,-0.0,89490.0,100095.0,0.0,0.10594934811928668,killed,peak_drawdown_kill,risk_killed_until_explicit_operator_restart,specialist_veto,False,NGF2@2021-12-29,2021
2021-12-14 00:00:00+00:00,2021-12-14 00:00:00+00:00,NGF2@2021-12-29,109b1bd2d811e1968474,0.0,True,True,0.0,0.0,0.0,0.0,0.0,0.0,-0.0,-0.0,89490.0,100095.0,0.0,0.10594934811928668,killed,peak_drawdown_kill,risk_killed_until_explicit_operator_restart,specialist_veto,False,NGF2@2021-12-29,2021
2021-12-15 00:00:00+00:00,2021-12-15 00:00:00+00:00,NGF2@2021-12-29,c6a388d16e1d47efa3c2,1.0,False,True,0.0,0.0,0.0,0.0,0.0,0.0,0.0,0.0,89490.0,100095.0,0.0,0.10594934811928668,killed,peak_drawdown_kill,risk_killed_until_explicit_operator_restart,forecast_signal,False,NGF2@2021-12-29,2021
2021-12-16 00:00:00+00:00,2021-12-16 00:00:00+00:00,NGF2@2021-12-29,fc30d33fde289876c0e6,1.0,False,True,0.0,0.0,0.0,0.0,0.0,0.0,-0.0,-0.0,89490.0,100095.0,0.0,0.10594934811928668,killed,peak_drawdown_kill,risk_killed_until_explicit_operator_restart,forecast_signal,False,NGF2@2021-12-29,2021
2021-12-17 00:00:00+00:00,2021-12-17 00:00:00+00:00,NGF2@2021-12-29,61d8c3619637a70193f2,1.0,False,True,0.0,0.0,0.0,0.0,0.0,0.0,-0.0,-0.0,89490.0,100095.0,0.0,0.10594934811928668,killed,peak_drawdown_kill,risk_killed_until_explicit_operator_restart,forecast_signal,False,NGF2@2021-12-29,2021
2021-12-19 00:00:00+00:00,2021-12-19 00:00:00+00:00,NGF2@2021-12-29,a66bf31c69e72e8c4956,1.0,False,True,0.0,0.0,0.0,0.0,0.0,0.0,0.0,0.0,89490.0,100095.0,0.0,0.10594934811928668,killed,peak_drawdown_kill,risk_killed_until_explicit_operator_restart,forecast_signal,False,NGF2@2021-12-29,2021
2021-12-20 00:00:00+00:00,2021-12-20 00:00:00+00:00,NGF2@2021-12-29,a66bf31c69e72e8c4956,1.0,False,True,0.0,0.0,0.0,0.0,0.0,0.0,0.0,0.0,89490.0,100095.0,0.0,0.10594934811928668,killed,peak_drawdown_kill,risk_killed_until_explicit_operator_restart,forecast_signal,False,NGF2@2021-12-29,2021
2021-12-21 00:00:00+00:00,2021-12-21 00:00:00+00:00,NGF2@2021-12-29,4052ce66ec038030ea9c,1.0,False,True,0.0,0.0,0.0,0.0,0.0,0.0,0.0,0.0,89490.0,100095.0,0.0,0.10594934811928668,killed,peak_drawdown_kill,risk_killed_until_explicit_operator_restart,forecast_signal,False,NGF2@2021-12-29,2021
2021-12-22 00:00:00+00:00,2021-12-22 00:00:00+00:00,NGF2@2021-12-29,80aad0115fd3d0aa3678,1.0,False,True,0.0,0.0,0.0,0.0,0.0,0.0,0.0,0.0,89490.0,100095.0,0.0,0.10594934811928668,killed,peak_drawdown_kill,risk_killed_until_explicit_operator_restart,forecast_signal,False,NGF2@2021-12-29,2021
2021-12-23 00:00:00+00:00,2021-12-23 00:00:00+00:00,NGF2@2021-12-29,54d9efaa7807e5457cef,-1.0,False,True,0.0,0.0,0.0,0.0,0.0,0.0,-0.0,-0.0,89490.0,100095.0,0.0,0.10594934811928668,killed,peak_drawdown_kill,risk_killed_until_explicit_operator_restart,forecast_signal,False,NGF2@2021-12-29,2021
2021-12-26 00:00:00+00:00,2021-12-26 00:00:00+00:00,NGF2@2021-12-29,d729e19063f3e00f07d4,1.0,False,True,0.0,0.0,0.0,0.0,0.0,0.0,0.0,0.0,89490.0,100095.0,0.0,0.10594934811928668,killed,peak_drawdown_kill,risk_killed_until_explicit_operator_restart,forecast_signal,False,NGF2@2021-12-29,2021
2021-12-27 00:00:00+00:00,2021-12-27 00:00:00+00:00,NGF2@2021-12-29,d729e19063f3e00f07d4,1.0,False,True,0.0,0.0,0.0,0.0,0.0,0.0,0.0,0.0,89490.0,100095.0,0.0,0.10594934811928668,killed,peak_drawdown_kill,risk_killed_until_explicit_operator_restart,forecast_signal,False,NGF2@2021-12-29,2021
2021-12-28 00:00:00+00:00,2021-12-28 00:00:00+00:00,NGF2@2021-12-29,d729e19063f3e00f07d4,1.0,False,True,0.0,0.0,0.0,0.0,0.0,0.0,0.0,0.0,89490.0,100095.0,0.0,0.10594934811928668,killed,peak_drawdown_kill,risk_killed_until_explicit_operator_restart,forecast_signal,False,NGG2@2022-01-27,2021
2021-12-29 00:00:00+00:00,2021-12-29 00:00:00+00:00,NGG2@2022-01-27,d729e19063f3e00f07d4,1.0,False,True,0.0,0.0,0.0,0.0,0.0,0.0,-0.0,-0.0,89490.0,100095.0,0.0,0.10594934811928668,killed,peak_drawdown_kill,risk_killed_until_explicit_operator_restart,forecast_signal,False,NGG2@2022-01-27,2021
2021-12-30 00:00:00+00:00,2021-12-30 00:00:00+00:00,NGG2@2022-01-27,d729e19063f3e00f07d4,1.0,False,True,0.0,0.0,0.0,0.0,0.0,0.0,-0.0,-0.0,89490.0,100095.0,0.0,0.10594934811928668,killed,peak_drawdown_kill,risk_killed_until_explicit_operator_restart,forecast_signal,False,NGG2@2022-01-27,2021
2021-12-31 00:00:00+00:00,2021-12-31 00:00:00+00:00,NGG2@2022-01-27,,0.0,True,True,0.0,0.0,0.0,0.0,0.0,0.0,0.0,0.0,89490.0,100095.0,0.0,0.10594934811928668,killed,peak_drawdown_kill,end_of_sample_liquidation,forecast_horizon_expired,False,NGG2@2022-01-27,2021
2022-01-02 00:00:00+00:00,2022-01-02 00:00:00+00:00,NGG2@2022-01-27,a316e20114e7f2e62e49,0.0,True,False,0.0,0.0,0.0,0.0,0.0,0.0,-0.0,-0.0,100000.0,100000.0,0.0,0.0,active,,specialist_veto,specialist_veto,False,NGG2@2022-01-27,2022
2022-01-03 00:00:00+00:00,2022-01-03 00:00:00+00:00,NGG2@2022-01-27,a316e20114e7f2e62e49,0.0,True,False,0.0,0.0,0.0,0.0,0.0,0.0,0.0,0.0,100000.0,100000.0,0.0,0.0,active,,specialist_veto,specialist_veto,False,NGG2@2022-01-27,2022
2022-01-04 00:00:00+00:00,2022-01-04 00:00:00+00:00,NGG2@2022-01-27,e1c6cc4aa38ea404f43b,-1.0,False,False,0.0,-1.0,-1.0,1.0,0.0,15.0,1009.999999999999,994.999999999999,100995.0,100995.0,0.0,0.0,active,,,forecast_signal,False,NGG2@2022-01-27,2022
2022-01-05 00:00:00+00:00,2022-01-05 00:00:00+00:00,NGG2@2022-01-27,fd3cb99a501f2251d2f9,-1.0,False,False,-1.0,-1.0,0.0,0.0,0.0,0.0,-1190.000000000002,-1190.000000000002,99805.0,100995.0,1190.0,0.011782761522847665,active,,,forecast_signal,False,NGG2@2022-01-27,2022
2022-01-06 00:00:00+00:00,2022-01-06 00:00:00+00:00,NGG2@2022-01-27,afeee871c73368bc9cc7,0.0,True,False,-1.0,0.0,1.0,1.0,0.0,15.0,0.0,-15.0,99790.0,100995.0,15.0,0.011931283726917175,active,,predicted_gross_pnl_not_above_round_trip_cost,predicted_gross_pnl_not_above_round_trip_cost,False,NGG2@2022-01-27,2022
2022-01-07 00:00:00+00:00,2022-01-07 00:00:00+00:00,NGG2@2022-01-27,df65727140aa7ec6e022,-1.0,False,False,0.0,-1.0,-1.0,1.0,0.0,15.0,-2829.999999999999,-2844.999999999999,96945.0,100995.0,2845.0,0.040100995098767266,killed,daily_loss_limit,,forecast_signal,False,NGG2@2022-01-27,2022
2022-01-09 00:00:00+00:00,2022-01-09 00:00:00+00:00,NGG2@2022-01-27,7cc9644ce1cd60c32c9d,0.0,True,True,-1.0,0.0,1.0,1.0,0.0,15.0,-0.0,-15.0,96930.0,100995.0,15.0,0.040249517302836775,killed,daily_loss_limit,risk_killed_until_explicit_operator_restart,predicted_gross_pnl_not_above_round_trip_cost,False,NGG2@2022-01-27,2022
2022-01-10 00:00:00+00:00,2022-01-10 00:00:00+00:00,NGG2@2022-01-27,7cc9644ce1cd60c32c9d,0.0,True,True,0.0,0.0,0.0,0.0,0.0,0.0,-0.0,-0.0,96930.0,100995.0,0.0,0.040249517302836775,killed,daily_loss_limit,risk_killed_until_explicit_operator_restart,predicted_gross_pnl_not_above_round_trip_cost,False,NGG2@2022-01-27,2022
2022-01-11 00:00:00+00:00,2022-01-11 00:00:00+00:00,NGG2@2022-01-27,c557a4ed42e39e2860a5,-1.0,False,True,0.0,0.0,0.0,0.0,0.0,0.0,0.0,0.0,96930.0,100995.0,0.0,0.040249517302836775,killed,daily_loss_limit,risk_killed_until_explicit_operator_restart,forecast_signal,False,NGG2@2022-01-27,2022
2022-01-12 00:00:00+00:00,2022-01-12 00:00:00+00:00,NGG2@2022-01-27,f70f4ae78042f112b341,-1.0,False,True,0.0,0.0,0.0,0.0,0.0,0.0,0.0,0.0,96930.0,100995.0,0.0,0.040249517302836775,killed,daily_loss_limit,risk_killed_until_explicit_operator_restart,forecast_signal,False,NGG2@2022-01-27,2022
2022-01-13 00:00:00+00:00,2022-01-13 00:00:00+00:00,NGG2@2022-01-27,8b7c9152368e406f191d,-1.0,False,True,0.0,0.0,0.0,0.0,0.0,0.0,-0.0,-0.0,96930.0,100995.0,0.0,0.040249517302836775,killed,daily_loss_limit,risk_killed_until_explicit_operator_restart,forecast_signal,False,NGG2@2022-01-27,2022
2022-01-14 00:00:00+00:00,2022-01-14 00:00:00+00:00,NGG2@2022-01-27,cac9678fea2f00ecc3b2,-1.0,False,True,0.0,0.0,0.0,0.0,0.0,0.0,0.0,0.0,96930.0,100995.0,0.0,0.040249517302836775,killed,daily_loss_limit,risk_killed_until_explicit_operator_restart,forecast_signal,False,NGG2@2022-01-27,2022
2022-01-16 00:00:00+00:00,2022-01-16 00:00:00+00:00,NGG2@2022-01-27,ad829f642cea97a2019c,-1.0,False,True,0.0,0.0,0.0,0.0,0.0,0.0,-0.0,-0.0,96930.0,100995.0,0.0,0.040249517302836775,killed,daily_loss_limit,risk_killed_until_explicit_operator_restart,forecast_signal,False,NGG2@2022-01-27,2022
2022-01-17 00:00:00+00:00,2022-01-17 00:00:00+00:00,NGG2@2022-01-27,ad829f642cea97a2019c,-1.0,False,True,0.0,0.0,0.0,0.0,0.0,0.0,-0.0,-0.0,96930.0,100995.0,0.0,0.040249517302836775,killed,daily_loss_limit,risk_killed_until_explicit_operator_restart,forecast_signal,False,NGG2@2022-01-27,2022
2022-01-18 00:00:00+00:00,2022-01-18 00:00:00+00:00,NGG2@2022-01-27,ad829f642cea97a2019c,-1.0,False,True,0.0,0.0,0.0,0.0,0.0,0.0,0.0,0.0,96930.0,100995.0,0.0,0.040249517302836775,killed,daily_loss_limit,risk_killed_until_explicit_operator_restart,forecast_signal,False,NGG2@2022-01-27,2022
2022-01-19 00:00:00+00:00,2022-01-19 00:00:00+00:00,NGG2@2022-01-27,efa88797785e28a20fd4,-1.0,False,True,0.0,0.0,0.0,0.0,0.0,0.0,-0.0,-0.0,96930.0,100995.0,0.0,0.040249517302836775,killed,daily_loss_limit,risk_killed_until_explicit_operator_restart,forecast_signal,False,NGG2@2022-01-27,2022
2022-01-20 00:00:00+00:00,2022-01-20 00:00:00+00:00,NGG2@2022-01-27,db992a42be40660005d1,-1.0,False,True,0.0,0.0,0.0,0.0,0.0,0.0,-0.0,-0.0,96930.0,100995.0,0.0,0.040249517302836775,killed,daily_loss_limit,risk_killed_until_explicit_operator_restart,forecast_signal,False,NGG2@2022-01-27,2022
2022-01-21 00:00:00+00:00,2022-01-21 00:00:00+00:00,NGG2@2022-01-27,28837aecef5aee25ea41,0.0,True,True,0.0,0.0,0.0,0.0,0.0,0.0,0.0,0.0,96930.0,100995.0,0.0,0.040249517302836775,killed,daily_loss_limit,risk_killed_until_explicit_operator_restart,specialist_veto,False,NGG2@2022-01-27,2022
2022-01-23 00:00:00+00:00,2022-01-23 00:00:00+00:00,NGG2@2022-01-27,1a49fa09a9a70a98f6f7,-1.0,False,True,0.0,0.0,0.0,0.0,0.0,0.0,0.0,0.0,96930.0,100995.0,0.0,0.040249517302836775,killed,daily_loss_limit,risk_killed_until_explicit_operator_restart,forecast_signal,False,NGG2@2022-01-27,2022
2022-01-24 00:00:00+00:00,2022-01-24 00:00:00+00:00,NGG2@2022-01-27,1a49fa09a9a70a98f6f7,-1.0,False,True,0.0,0.0,0.0,0.0,0.0,0.0,0.0,0.0,96930.0,100995.0,0.0,0.040249517302836775,killed,daily_loss_limit,risk_killed_until_explicit_operator_restart,forecast_signal,False,NGG2@2022-01-27,2022
2022-01-25 00:00:00+00:00,2022-01-25 00:00:00+00:00,NGG2@2022-01-27,1a49fa09a9a70a98f6f7,-1.0,False,True,0.0,0.0,0.0,0.0,0.0,0.0,0.0,0.0,96930.0,100995.0,0.0,0.040249517302836775,killed,daily_loss_limit,risk_killed_until_explicit_operator_restart,forecast_signal,False,NGH2@2022-02-24,2022
2022-01-26 00:00:00+00:00,2022-01-26 00:00:00+00:00,NGH2@2022-02-24,79844f3b6ee5e5eefe13,-1.0,False,True,0.0,0.0,0.0,0.0,0.0,0.0,0.0,0.0,96930.0,100995.0,0.0,0.040249517302836775,killed,daily_loss_limit,risk_killed_until_explicit_operator_restart,forecast_signal,False,NGH2@2022-02-24,2022
2022-01-27 00:00:00+00:00,2022-01-27 00:00:00+00:00,NGH2@2022-02-24,fa241a9db2f2a20d3581,0.5,False,True,0.0,0.0,0.0,0.0,0.0,0.0,0.0,0.0,96930.0,100995.0,0.0,0.040249517302836775,killed,daily_loss_limit,risk_killed_until_explicit_operator_restart,specialist_sizing_modifier,False,NGH2@2022-02-24,2022
2022-01-28 00:00:00+00:00,2022-01-28 00:00:00+00:00,NGH2@2022-02-24,d25e89a272a5724c0627,-1.0,False,True,0.0,0.0,0.0,0.0,0.0,0.0,0.0,0.0,96930.0,100995.0,0.0,0.040249517302836775,killed,daily_loss_limit,risk_killed_until_explicit_operator_restart,forecast_signal,False,NGH2@2022-02-24,2022
2022-01-30 00:00:00+00:00,2022-01-30 00:00:00+00:00,NGH2@2022-02-24,321c65ae351a282a79a5,-1.0,False,True,0.0,0.0,0.0,0.0,0.0,0.0,0.0,0.0,96930.0,100995.0,0.0,0.040249517302836775,killed,daily_loss_limit,risk_killed_until_explicit_operator_restart,forecast_signal,False,NGH2@2022-02-24,2022
2022-01-31 00:00:00+00:00,2022-01-31 00:00:00+00:00,NGH2@2022-02-24,321c65ae351a282a79a5,-1.0,False,True,0.0,0.0,0.0,0.0,0.0,0.0,-0.0,-0.0,96930.0,100995.0,0.0,0.040249517302836775,killed,daily_loss_limit,risk_killed_until_explicit_operator_restart,forecast_signal,False,NGH2@2022-02-24,2022
2022-02-01 00:00:00+00:00,2022-02-01 00:00:00+00:00,NGH2@2022-02-24,a9603ffbf136f14be825,-1.0,False,True,0.0,0.0,0.0,0.0,0.0,0.0,-0.0,-0.0,96930.0,100995.0,0.0,0.040249517302836775,killed,daily_loss_limit,risk_killed_until_explicit_operator_restart,forecast_signal,False,NGH2@2022-02-24,2022
2022-02-02 00:00:00+00:00,2022-02-02 00:00:00+00:00,NGH2@2022-02-24,091a8e653c04334c4ade,0.0,True,True,0.0,0.0,0.0,0.0,0.0,0.0,0.0,0.0,96930.0,100995.0,0.0,0.040249517302836775,killed,daily_loss_limit,risk_killed_until_explicit_operator_restart,specialist_veto,False,NGH2@2022-02-24,2022
2022-02-03 00:00:00+00:00,2022-02-03 00:00:00+00:00,NGH2@2022-02-24,5fa1fe6e16418c4c2773,0.0,True,True,0.0,0.0,0.0,0.0,0.0,0.0,-0.0,-0.0,96930.0,100995.0,0.0,0.040249517302836775,killed,daily_loss_limit,risk_killed_until_explicit_operator_restart,specialist_veto,False,NGH2@2022-02-24,2022
2022-02-04 00:00:00+00:00,2022-02-04 00:00:00+00:00,NGH2@2022-02-24,9aa5ef05f13986a7fe93,-1.0,False,True,0.0,0.0,0.0,0.0,0.0,0.0,-0.0,-0.0,96930.0,100995.0,0.0,0.040249517302836775,killed,daily_loss_limit,risk_killed_until_explicit_operator_restart,forecast_signal,False,NGH2@2022-02-24,2022
2022-02-06 00:00:00+00:00,2022-02-06 00:00:00+00:00,NGH2@2022-02-24,09ec79c569f84183b2ee,0.0,True,True,0.0,0.0,0.0,0.0,0.0,0.0,-0.0,-0.0,96930.0,100995.0,0.0,0.040249517302836775,killed,daily_loss_limit,risk_killed_until_explicit_operator_restart,specialist_veto,False,NGH2@2022-02-24,2022
2022-02-07 00:00:00+00:00,2022-02-07 00:00:00+00:00,NGH2@2022-02-24,09ec79c569f84183b2ee,0.0,True,True,0.0,0.0,0.0,0.0,0.0,0.0,-0.0,-0.0,96930.0,100995.0,0.0,0.040249517302836775,killed,daily_loss_limit,risk_killed_until_explicit_operator_restart,specialist_veto,False,NGH2@2022-02-24,2022
2022-02-08 00:00:00+00:00,2022-02-08 00:00:00+00:00,NGH2@2022-02-24,c50c2328d8b4bc686347,0.0,True,True,0.0,0.0,0.0,0.0,0.0,0.0,-0.0,-0.0,96930.0,100995.0,0.0,0.040249517302836775,killed,daily_loss_limit,risk_killed_until_explicit_operator_restart,specialist_veto,False,NGH2@2022-02-24,2022
2022-02-09 00:00:00+00:00,2022-02-09 00:00:00+00:00,NGH2@2022-02-24,cad1ea9adb47e98a6a93,-1.0,False,True,0.0,0.0,0.0,0.0,0.0,0.0,-0.0,-0.0,96930.0,100995.0,0.0,0.040249517302836775,killed,daily_loss_limit,risk_killed_until_explicit_operator_restart,forecast_signal,False,NGH2@2022-02-24,2022
2022-02-10 00:00:00+00:00,2022-02-10 00:00:00+00:00,NGH2@2022-02-24,0156ca0caaaa7364ada0,-1.0,False,True,0.0,0.0,0.0,0.0,0.0,0.0,-0.0,-0.0,96930.0,100995.0,0.0,0.040249517302836775,killed,daily_loss_limit,risk_killed_until_explicit_operator_restart,forecast_signal,False,NGH2@2022-02-24,2022
2022-02-11 00:00:00+00:00,2022-02-11 00:00:00+00:00,NGH2@2022-02-24,e87ae5c037672e60a6d8,-1.0,False,True,0.0,0.0,0.0,0.0,0.0,0.0,0.0,0.0,96930.0,100995.0,0.0,0.040249517302836775,killed,daily_loss_limit,risk_killed_until_explicit_operator_restart,forecast_signal,False,NGH2@2022-02-24,2022
2022-02-13 00:00:00+00:00,2022-02-13 00:00:00+00:00,NGH2@2022-02-24,4b961a73886394f24b23,-1.0,False,True,0.0,0.0,0.0,0.0,0.0,0.0,-0.0,-0.0,96930.0,100995.0,0.0,0.040249517302836775,killed,daily_loss_limit,risk_killed_until_explicit_operator_restart,forecast_signal,False,NGH2@2022-02-24,2022
2022-02-14 00:00:00+00:00,2022-02-14 00:00:00+00:00,NGH2@2022-02-24,4b961a73886394f24b23,-1.0,False,True,0.0,0.0,0.0,0.0,0.0,0.0,0.0,0.0,96930.0,100995.0,0.0,0.040249517302836775,killed,daily_loss_limit,risk_killed_until_explicit_operator_restart,forecast_signal,False,NGH2@2022-02-24,2022
2022-02-15 00:00:00+00:00,2022-02-15 00:00:00+00:00,NGH2@2022-02-24,63d164e55304373c1524,-1.0,False,True,0.0,0.0,0.0,0.0,0.0,0.0,0.0,0.0,96930.0,100995.0,0.0,0.040249517302836775,killed,daily_loss_limit,risk_killed_until_explicit_operator_restart,forecast_signal,False,NGH2@2022-02-24,2022
2022-02-16 00:00:00+00:00,2022-02-16 00:00:00+00:00,NGH2@2022-02-24,ac97f1a4c96ce41c70d5,-1.0,False,True,0.0,0.0,0.0,0.0,0.0,0.0,0.0,0.0,96930.0,100995.0,0.0,0.040249517302836775,killed,daily_loss_limit,risk_killed_until_explicit_operator_restart,forecast_signal,False,NGH2@2022-02-24,2022
2022-02-17 00:00:00+00:00,2022-02-17 00:00:00+00:00,NGH2@2022-02-24,48de90a40abc5e814676,0.0,True,True,0.0,0.0,0.0,0.0,0.0,0.0,-0.0,-0.0,96930.0,100995.0,0.0,0.040249517302836775,killed,daily_loss_limit,risk_killed_until_explicit_operator_restart,specialist_veto,False,NGH2@2022-02-24,2022
2022-02-18 00:00:00+00:00,2022-02-18 00:00:00+00:00,NGH2@2022-02-24,98fe6ff6620db95079a0,0.0,True,True,0.0,0.0,0.0,0.0,0.0,0.0,0.0,0.0,96930.0,100995.0,0.0,0.040249517302836775,killed,daily_loss_limit,risk_killed_until_explicit_operator_restart,specialist_veto,False,NGH2@2022-02-24,2022
2022-02-20 00:00:00+00:00,2022-02-20 00:00:00+00:00,NGH2@2022-02-24,ad17b8759697645151d5,-1.0,False,True,0.0,0.0,0.0,0.0,0.0,0.0,0.0,0.0,96930.0,100995.0,0.0,0.040249517302836775,killed,daily_loss_limit,risk_killed_until_explicit_operator_restart,forecast_signal,False,NGH2@2022-02-24,2022
2022-02-21 00:00:00+00:00,2022-02-21 00:00:00+00:00,NGH2@2022-02-24,ad17b8759697645151d5,-1.0,False,True,0.0,0.0,0.0,0.0,0.0,0.0,0.0,0.0,96930.0,100995.0,0.0,0.040249517302836775,killed,daily_loss_limit,risk_killed_until_explicit_operator_restart,forecast_signal,False,NGH2@2022-02-24,2022
2022-02-22 00:00:00+00:00,2022-02-22 00:00:00+00:00,NGH2@2022-02-24,ad17b8759697645151d5,-1.0,False,True,0.0,0.0,0.0,0.0,0.0,0.0,-0.0,-0.0,96930.0,100995.0,0.0,0.040249517302836775,killed,daily_loss_limit,risk_killed_until_explicit_operator_restart,forecast_signal,False,NGH2@2022-02-24,2022
2022-02-23 00:00:00+00:00,2022-02-23 00:00:00+00:00,NGH2@2022-02-24,67a117e5b636188daf4b,-1.0,False,True,0.0,0.0,0.0,0.0,0.0,0.0,0.0,0.0,96930.0,100995.0,0.0,0.040249517302836775,killed,daily_loss_limit,risk_killed_until_explicit_operator_restart,forecast_signal,False,NGJ2@2022-03-29,2022
2022-02-24 00:00:00+00:00,2022-02-24 00:00:00+00:00,NGJ2@2022-03-29,3b9eccfd7b72217c8f4c,-1.0,False,True,0.0,0.0,0.0,0.0,0.0,0.0,-0.0,-0.0,96930.0,100995.0,0.0,0.040249517302836775,killed,daily_loss_limit,risk_killed_until_explicit_operator_restart,forecast_signal,False,NGJ2@2022-03-29,2022
2022-02-25 00:00:00+00:00,2022-02-25 00:00:00+00:00,NGJ2@2022-03-29,4ce2b033018c5c53f3d0,-1.0,False,True,0.0,0.0,0.0,0.0,0.0,0.0,-0.0,-0.0,96930.0,100995.0,0.0,0.040249517302836775,killed,daily_loss_limit,risk_killed_until_explicit_operator_restart,forecast_signal,False,NGJ2@2022-03-29,2022
2022-02-27 00:00:00+00:00,2022-02-27 00:00:00+00:00,NGJ2@2022-03-29,7878ab2854af976abed2,-1.0,False,True,0.0,0.0,0.0,0.0,0.0,0.0,-0.0,-0.0,96930.0,100995.0,0.0,0.040249517302836775,killed,daily_loss_limit,risk_killed_until_explicit_operator_restart,forecast_signal,False,NGJ2@2022-03-29,2022
2022-02-28 00:00:00+00:00,2022-02-28 00:00:00+00:00,NGJ2@2022-03-29,7878ab2854af976abed2,-1.0,False,True,0.0,0.0,0.0,0.0,0.0,0.0,-0.0,-0.0,96930.0,100995.0,0.0,0.040249517302836775,killed,daily_loss_limit,risk_killed_until_explicit_operator_restart,forecast_signal,False,NGJ2@2022-03-29,2022
2022-03-01 00:00:00+00:00,2022-03-01 00:00:00+00:00,NGJ2@2022-03-29,1060e3fc5635a4f664c9,1.0,False,True,0.0,0.0,0.0,0.0,0.0,0.0,0.0,0.0,96930.0,100995.0,0.0,0.040249517302836775,killed,daily_loss_limit,risk_killed_until_explicit_operator_restart,forecast_signal,False,NGJ2@2022-03-29,2022
2022-03-02 00:00:00+00:00,2022-03-02 00:00:00+00:00,NGJ2@2022-03-29,f255a8243da16ba6ba69,-1.0,False,True,0.0,0.0,0.0,0.0,0.0,0.0,0.0,0.0,96930.0,100995.0,0.0,0.040249517302836775,killed,daily_loss_limit,risk_killed_until_explicit_operator_restart,forecast_signal,False,NGJ2@2022-03-29,2022
2022-03-03 00:00:00+00:00,2022-03-03 00:00:00+00:00,NGJ2@2022-03-29,9795c3d1a206b113d21b,-1.0,False,True,0.0,0.0,0.0,0.0,0.0,0.0,-0.0,-0.0,96930.0,100995.0,0.0,0.040249517302836775,killed,daily_loss_limit,risk_killed_until_explicit_operator_restart,forecast_signal,False,NGJ2@2022-03-29,2022
2022-03-04 00:00:00+00:00,2022-03-04 00:00:00+00:00,NGJ2@2022-03-29,13cf9bfbcb31af169b52,-1.0,False,True,0.0,0.0,0.0,0.0,0.0,0.0,0.0,0.0,96930.0,100995.0,0.0,0.040249517302836775,killed,daily_loss_limit,risk_killed_until_explicit_operator_restart,forecast_signal,False,NGJ2@2022-03-29,2022
2022-03-06 00:00:00+00:00,2022-03-06 00:00:00+00:00,NGJ2@2022-03-29,d273e45fe1998bac73a0,-1.0,False,True,0.0,0.0,0.0,0.0,0.0,0.0,0.0,0.0,96930.0,100995.0,0.0,0.040249517302836775,killed,daily_loss_limit,risk_killed_until_explicit_operator_restart,forecast_signal,False,NGJ2@2022-03-29,2022
2022-03-07 00:00:00+00:00,2022-03-07 00:00:00+00:00,NGJ2@2022-03-29,d273e45fe1998bac73a0,-1.0,False,True,0.0,0.0,0.0,0.0,0.0,0.0,-0.0,-0.0,96930.0,100995.0,0.0,0.040249517302836775,killed,daily_loss_limit,risk_killed_until_explicit_operator_restart,forecast_signal,False,NGJ2@2022-03-29,2022
2022-03-08 00:00:00+00:00,2022-03-08 00:00:00+00:00,NGJ2@2022-03-29,fcd12bffc42d751a8237,-1.0,False,True,0.0,0.0,0.0,0.0,0.0,0.0,-0.0,-0.0,96930.0,100995.0,0.0,0.040249517302836775,killed,daily_loss_limit,risk_killed_until_explicit_operator_restart,forecast_signal,False,NGJ2@2022-03-29,2022
2022-03-09 00:00:00+00:00,2022-03-09 00:00:00+00:00,NGJ2@2022-03-29,7c785f02e559e51428f8,-1.0,False,True,0.0,0.0,0.0,0.0,0.0,0.0,-0.0,-0.0,96930.0,100995.0,0.0,0.040249517302836775,killed,daily_loss_limit,risk_killed_until_explicit_operator_restart,forecast_signal,False,NGJ2@2022-03-29,2022
2022-03-10 00:00:00+00:00,2022-03-10 00:00:00+00:00,NGJ2@2022-03-29,7c785f02e559e51428f8,-1.0,False,True,0.0,0.0,0.0,0.0,0.0,0.0,0.0,0.0,96930.0,100995.0,0.0,0.040249517302836775,killed,daily_loss_limit,risk_killed_until_explicit_operator_restart,forecast_signal,False,NGJ2@2022-03-29,2022
2022-03-11 00:00:00+00:00,2022-03-11 00:00:00+00:00,NGJ2@2022-03-29,7f12b1e937224596b558,0.0,True,True,0.0,0.0,0.0,0.0,0.0,0.0,0.0,0.0,96930.0,100995.0,0.0,0.040249517302836775,killed,daily_loss_limit,risk_killed_until_explicit_operator_restart,predicted_gross_pnl_not_above_round_trip_cost,False,NGJ2@2022-03-29,2022
2022-03-13 00:00:00+00:00,2022-03-13 00:00:00+00:00,NGJ2@2022-03-29,49a1d16e26cb2aea2f95,-1.0,False,True,0.0,0.0,0.0,0.0,0.0,0.0,0.0,0.0,96930.0,100995.0,0.0,0.040249517302836775,killed,daily_loss_limit,risk_killed_until_explicit_operator_restart,forecast_signal,False,NGJ2@2022-03-29,2022
2022-03-14 00:00:00+00:00,2022-03-14 00:00:00+00:00,NGJ2@2022-03-29,49a1d16e26cb2aea2f95,-1.0,False,True,0.0,0.0,0.0,0.0,0.0,0.0,-0.0,-0.0,96930.0,100995.0,0.0,0.040249517302836775,killed,daily_loss_limit,risk_killed_until_explicit_operator_restart,forecast_signal,False,NGJ2@2022-03-29,2022
2022-03-15 00:00:00+00:00,2022-03-15 00:00:00+00:00,NGJ2@2022-03-29,4188a73bfaafa847e754,-1.0,False,True,0.0,0.0,0.0,0.0,0.0,0.0,-0.0,-0.0,96930.0,100995.0,0.0,0.040249517302836775,killed,daily_loss_limit,risk_killed_until_explicit_operator_restart,forecast_signal,False,NGJ2@2022-03-29,2022
2022-03-16 00:00:00+00:00,2022-03-16 00:00:00+00:00,NGJ2@2022-03-29,cf65e0bcff21538cf3c5,-1.0,False,True,0.0,0.0,0.0,0.0,0.0,0.0,0.0,0.0,96930.0,100995.0,0.0,0.040249517302836775,killed,daily_loss_limit,risk_killed_until_explicit_operator_restart,forecast_signal,False,NGJ2@2022-03-29,2022
2022-03-17 00:00:00+00:00,2022-03-17 00:00:00+00:00,NGJ2@2022-03-29,9d4b7308c199fed8b87c,0.0,True,True,0.0,0.0,0.0,0.0,0.0,0.0,0.0,0.0,96930.0,100995.0,0.0,0.040249517302836775,killed,daily_loss_limit,risk_killed_until_explicit_operator_restart,specialist_veto,False,NGJ2@2022-03-29,2022
2022-03-18 00:00:00+00:00,2022-03-18 00:00:00+00:00,NGJ2@2022-03-29,4fca6de1481339afba7f,-1.0,False,True,0.0,0.0,0.0,0.0,0.0,0.0,-0.0,-0.0,96930.0,100995.0,0.0,0.040249517302836775,killed,daily_loss_limit,risk_killed_until_explicit_operator_restart,forecast_signal,False,NGJ2@2022-03-29,2022
2022-03-20 00:00:00+00:00,2022-03-20 00:00:00+00:00,NGJ2@2022-03-29,d3d6ec2a1e8fbe8b9939,-1.0,False,True,0.0,0.0,0.0,0.0,0.0,0.0,0.0,0.0,96930.0,100995.0,0.0,0.040249517302836775,killed,daily_loss_limit,risk_killed_until_explicit_operator_restart,forecast_signal,False,NGJ2@2022-03-29,2022
2022-03-21 00:00:00+00:00,2022-03-21 00:00:00+00:00,NGJ2@2022-03-29,d3d6ec2a1e8fbe8b9939,-1.0,False,True,0.0,0.0,0.0,0.0,0.0,0.0,0.0,0.0,96930.0,100995.0,0.0,0.040249517302836775,killed,daily_loss_limit,risk_killed_until_explicit_operator_restart,forecast_signal,False,NGJ2@2022-03-29,2022
2022-03-22 00:00:00+00:00,2022-03-22 00:00:00+00:00,NGJ2@2022-03-29,39909f5aeb13dd64cba2,-1.0,False,True,0.0,0.0,0.0,0.0,0.0,0.0,0.0,0.0,96930.0,100995.0,0.0,0.040249517302836775,killed,daily_loss_limit,risk_killed_until_explicit_operator_restart,forecast_signal,False,NGJ2@2022-03-29,2022
2022-03-23 00:00:00+00:00,2022-03-23 00:00:00+00:00,NGJ2@2022-03-29,2e11cd81c1a0364b4227,-1.0,False,True,0.0,0.0,0.0,0.0,0.0,0.0,-0.0,-0.0,96930.0,100995.0,0.0,0.040249517302836775,killed,daily_loss_limit,risk_killed_until_explicit_operator_restart,forecast_signal,False,NGJ2@2022-03-29,2022
2022-03-24 00:00:00+00:00,2022-03-24 00:00:00+00:00,NGJ2@2022-03-29,2e11cd81c1a0364b4227,-1.0,False,True,0.0,0.0,0.0,0.0,0.0,0.0,0.0,0.0,96930.0,100995.0,0.0,0.040249517302836775,killed,daily_loss_limit,risk_killed_until_explicit_operator_restart,forecast_signal,False,NGJ2@2022-03-29,2022
2022-03-25 00:00:00+00:00,2022-03-25 00:00:00+00:00,NGJ2@2022-03-29,2e11cd81c1a0364b4227,-1.0,False,True,0.0,0.0,0.0,0.0,0.0,0.0,0.0,0.0,96930.0,100995.0,0.0,0.040249517302836775,killed,daily_loss_limit,risk_killed_until_explicit_operator_restart,forecast_signal,False,NGJ2@2022-03-29,2022
2022-03-27 00:00:00+00:00,2022-03-27 00:00:00+00:00,NGJ2@2022-03-29,2e11cd81c1a0364b4227,-1.0,False,True,0.0,0.0,0.0,0.0,0.0,0.0,0.0,0.0,96930.0,100995.0,0.0,0.040249517302836775,killed,daily_loss_limit,risk_killed_until_explicit_operator_restart,forecast_signal,False,NGJ2@2022-03-29,2022
2022-03-28 00:00:00+00:00,2022-03-28 00:00:00+00:00,NGJ2@2022-03-29,2e11cd81c1a0364b4227,-1.0,False,True,0.0,0.0,0.0,0.0,0.0,0.0,-0.0,-0.0,96930.0,100995.0,0.0,0.040249517302836775,killed,daily_loss_limit,risk_killed_until_explicit_operator_restart,forecast_signal,False,NGJ2@2022-03-29,2022
2022-03-29 00:00:00+00:00,2022-03-29 00:00:00+00:00,NGJ2@2022-03-29,,0.0,True,True,0.0,0.0,0.0,0.0,0.0,0.0,0.0,0.0,96930.0,100995.0,0.0,0.040249517302836775,killed,daily_loss_limit,risk_killed_until_explicit_operator_restart,forecast_horizon_expired,False,,2022
2022-03-30 00:00:00+00:00,2022-03-30 00:00:00+00:00,NGK2@2022-04-27,,0.0,True,True,0.0,0.0,0.0,0.0,0.0,0.0,0.0,0.0,96930.0,100995.0,0.0,0.040249517302836775,killed,daily_loss_limit,risk_killed_until_explicit_operator_restart,forecast_horizon_expired,False,NGK2@2022-04-27,2022
2022-03-31 00:00:00+00:00,2022-03-31 00:00:00+00:00,NGK2@2022-04-27,,0.0,True,True,0.0,0.0,0.0,0.0,0.0,0.0,0.0,0.0,96930.0,100995.0,0.0,0.040249517302836775,killed,daily_loss_limit,risk_killed_until_explicit_operator_restart,forecast_horizon_expired,False,NGK2@2022-04-27,2022
2022-04-01 00:00:00+00:00,2022-04-01 00:00:00+00:00,NGK2@2022-04-27,88bee9ccac03209c0864,-1.0,False,True,0.0,0.0,0.0,0.0,0.0,0.0,0.0,0.0,96930.0,100995.0,0.0,0.040249517302836775,killed,daily_loss_limit,risk_killed_until_explicit_operator_restart,forecast_signal,False,NGK2@2022-04-27,2022
2022-04-03 00:00:00+00:00,2022-04-03 00:00:00+00:00,NGK2@2022-04-27,e13645d972360a8deda2,0.0,True,True,0.0,0.0,0.0,0.0,0.0,0.0,-0.0,-0.0,96930.0,100995.0,0.0,0.040249517302836775,killed,daily_loss_limit,risk_killed_until_explicit_operator_restart,predicted_gross_pnl_not_above_round_trip_cost,False,NGK2@2022-04-27,2022
2022-04-04 00:00:00+00:00,2022-04-04 00:00:00+00:00,NGK2@2022-04-27,e13645d972360a8deda2,0.0,True,True,0.0,0.0,0.0,0.0,0.0,0.0,0.0,0.0,96930.0,100995.0,0.0,0.040249517302836775,killed,daily_loss_limit,risk_killed_until_explicit_operator_restart,predicted_gross_pnl_not_above_round_trip_cost,False,NGK2@2022-04-27,2022
2022-04-05 00:00:00+00:00,2022-04-05 00:00:00+00:00,NGK2@2022-04-27,b089e973b23052a8f8cf,-1.0,False,True,0.0,0.0,0.0,0.0,0.0,0.0,0.0,0.0,96930.0,100995.0,0.0,0.040249517302836775,killed,daily_loss_limit,risk_killed_until_explicit_operator_restart,forecast_signal,False,NGK2@2022-04-27,2022
2022-04-06 00:00:00+00:00,2022-04-06 00:00:00+00:00,NGK2@2022-04-27,de92bfe7abd9ad6e1b46,-1.0,False,True,0.0,0.0,0.0,0.0,0.0,0.0,0.0,0.0,96930.0,100995.0,0.0,0.040249517302836775,killed,daily_loss_limit,risk_killed_until_explicit_operator_restart,forecast_signal,False,NGK2@2022-04-27,2022
2022-04-07 00:00:00+00:00,2022-04-07 00:00:00+00:00,NGK2@2022-04-27,b2db48528ce5b09a8b7e,0.0,True,True,0.0,0.0,0.0,0.0,0.0,0.0,0.0,0.0,96930.0,100995.0,0.0,0.040249517302836775,killed,daily_loss_limit,risk_killed_until_explicit_operator_restart,predicted_gross_pnl_not_above_round_trip_cost,False,NGK2@2022-04-27,2022
2022-04-08 00:00:00+00:00,2022-04-08 00:00:00+00:00,NGK2@2022-04-27,91a24486dd35496bcb1d,1.0,False,True,0.0,0.0,0.0,0.0,0.0,0.0,0.0,0.0,96930.0,100995.0,0.0,0.040249517302836775,killed,daily_loss_limit,risk_killed_until_explicit_operator_restart,forecast_signal,False,NGK2@2022-04-27,2022
2022-04-10 00:00:00+00:00,2022-04-10 00:00:00+00:00,NGK2@2022-04-27,783f7eed9db81b8ca21c,0.0,True,True,0.0,0.0,0.0,0.0,0.0,0.0,-0.0,-0.0,96930.0,100995.0,0.0,0.040249517302836775,killed,daily_loss_limit,risk_killed_until_explicit_operator_restart,specialist_veto,False,NGK2@2022-04-27,2022
2022-04-11 00:00:00+00:00,2022-04-11 00:00:00+00:00,NGK2@2022-04-27,783f7eed9db81b8ca21c,0.0,True,True,0.0,0.0,0.0,0.0,0.0,0.0,0.0,0.0,96930.0,100995.0,0.0,0.040249517302836775,killed,daily_loss_limit,risk_killed_until_explicit_operator_restart,specialist_veto,False,NGK2@2022-04-27,2022
2022-04-12 00:00:00+00:00,2022-04-12 00:00:00+00:00,NGK2@2022-04-27,0aeee8f85b4ab02ba155,1.0,False,True,0.0,0.0,0.0,0.0,0.0,0.0,-0.0,-0.0,96930.0,100995.0,0.0,0.040249517302836775,killed,daily_loss_limit,risk_killed_until_explicit_operator_restart,forecast_signal,False,NGK2@2022-04-27,2022
2022-04-13 00:00:00+00:00,2022-04-13 00:00:00+00:00,NGK2@2022-04-27,0f5240889de1f20faa7f,-1.0,False,True,0.0,0.0,0.0,0.0,0.0,0.0,0.0,0.0,96930.0,100995.0,0.0,0.040249517302836775,killed,daily_loss_limit,risk_killed_until_explicit_operator_restart,forecast_signal,False,NGK2@2022-04-27,2022
2022-04-14 00:00:00+00:00,2022-04-14 00:00:00+00:00,NGK2@2022-04-27,5be6ac876a64c0c21c57,0.0,True,True,0.0,0.0,0.0,0.0,0.0,0.0,0.0,0.0,96930.0,100995.0,0.0,0.040249517302836775,killed,daily_loss_limit,risk_killed_until_explicit_operator_restart,specialist_veto,False,NGK2@2022-04-27,2022
2022-04-17 00:00:00+00:00,2022-04-17 00:00:00+00:00,NGK2@2022-04-27,bfe94094873e9b0b96ff,0.0,True,True,0.0,0.0,0.0,0.0,0.0,0.0,0.0,0.0,96930.0,100995.0,0.0,0.040249517302836775,killed,daily_loss_limit,risk_killed_until_explicit_operator_restart,specialist_veto,False,NGK2@2022-04-27,2022
2022-04-18 00:00:00+00:00,2022-04-18 00:00:00+00:00,NGK2@2022-04-27,bfe94094873e9b0b96ff,0.0,True,True,0.0,0.0,0.0,0.0,0.0,0.0,0.0,0.0,96930.0,100995.0,0.0,0.040249517302836775,killed,daily_loss_limit,risk_killed_until_explicit_operator_restart,specialist_veto,False,NGK2@2022-04-27,2022
2022-04-19 00:00:00+00:00,2022-04-19 00:00:00+00:00,NGK2@2022-04-27,6b0cba09dfefef1ba839,0.0,True,True,0.0,0.0,0.0,0.0,0.0,0.0,-0.0,-0.0,96930.0,100995.0,0.0,0.040249517302836775,killed,daily_loss_limit,risk_killed_until_explicit_operator_restart,specialist_veto,False,NGK2@2022-04-27,2022
2022-04-20 00:00:00+00:00,2022-04-20 00:00:00+00:00,NGK2@2022-04-27,087993b8c1ab420ed9be,0.0,True,True,0.0,0.0,0.0,0.0,0.0,0.0,-0.0,-0.0,96930.0,100995.0,0.0,0.040249517302836775,killed,daily_loss_limit,risk_killed_until_explicit_operator_restart,specialist_veto,False,NGK2@2022-04-27,2022
2022-04-21 00:00:00+00:00,2022-04-21 00:00:00+00:00,NGK2@2022-04-27,b3a39ca82006d0b22de5,1.0,False,True,0.0,0.0,0.0,0.0,0.0,0.0,0.0,0.0,96930.0,100995.0,0.0,0.040249517302836775,killed,daily_loss_limit,risk_killed_until_explicit_operator_restart,forecast_signal,False,NGK2@2022-04-27,2022
2022-04-22 00:00:00+00:00,2022-04-22 00:00:00+00:00,NGK2@2022-04-27,a57180450e4a5dcf636d,0.0,True,True,0.0,0.0,0.0,0.0,0.0,0.0,-0.0,-0.0,96930.0,100995.0,0.0,0.040249517302836775,killed,daily_loss_limit,risk_killed_until_explicit_operator_restart,predicted_gross_pnl_not_above_round_trip_cost,False,NGK2@2022-04-27,2022
2022-04-24 00:00:00+00:00,2022-04-24 00:00:00+00:00,NGK2@2022-04-27,8cf862b7c543dee2e8d3,0.0,True,True,0.0,0.0,0.0,0.0,0.0,0.0,-0.0,-0.0,96930.0,100995.0,0.0,0.040249517302836775,killed,daily_loss_limit,risk_killed_until_explicit_operator_restart,specialist_veto,False,NGK2@2022-04-27,2022
2022-04-25 00:00:00+00:00,2022-04-25 00:00:00+00:00,NGK2@2022-04-27,8cf862b7c543dee2e8d3,0.0,True,True,0.0,0.0,0.0,0.0,0.0,0.0,0.0,0.0,96930.0,100995.0,0.0,0.040249517302836775,killed,daily_loss_limit,risk_killed_until_explicit_operator_restart,specialist_veto,False,NGK2@2022-04-27,2022
2022-04-26 00:00:00+00:00,2022-04-26 00:00:00+00:00,NGK2@2022-04-27,96b3e4c1164383b92659,-1.0,False,True,0.0,0.0,0.0,0.0,0.0,0.0,-0.0,-0.0,96930.0,100995.0,0.0,0.040249517302836775,killed,daily_loss_limit,risk_killed_until_explicit_operator_restart,forecast_signal,False,NGM2@2022-05-26,2022
2022-04-27 00:00:00+00:00,2022-04-27 00:00:00+00:00,NGM2@2022-05-26,f82e97c8559af5904702,1.0,False,True,0.0,0.0,0.0,0.0,0.0,0.0,0.0,0.0,96930.0,100995.0,0.0,0.040249517302836775,killed,daily_loss_limit,risk_killed_until_explicit_operator_restart,forecast_signal,False,NGM2@2022-05-26,2022
2022-04-28 00:00:00+00:00,2022-04-28 00:00:00+00:00,NGM2@2022-05-26,d0205556866d38a3fc58,0.0,True,True,0.0,0.0,0.0,0.0,0.0,0.0,-0.0,-0.0,96930.0,100995.0,0.0,0.040249517302836775,killed,daily_loss_limit,risk_killed_until_explicit_operator_restart,predicted_gross_pnl_not_above_round_trip_cost,False,NGM2@2022-05-26,2022
2022-04-29 00:00:00+00:00,2022-04-29 00:00:00+00:00,NGM2@2022-05-26,8e552020387c7f197883,0.0,True,True,0.0,0.0,0.0,0.0,0.0,0.0,0.0,0.0,96930.0,100995.0,0.0,0.040249517302836775,killed,daily_loss_limit,risk_killed_until_explicit_operator_restart,specialist_veto,False,NGM2@2022-05-26,2022
2022-05-01 00:00:00+00:00,2022-05-01 00:00:00+00:00,NGM2@2022-05-26,82f35bf9123d5e9b0510,0.5,False,True,0.0,0.0,0.0,0.0,0.0,0.0,0.0,0.0,96930.0,100995.0,0.0,0.040249517302836775,killed,daily_loss_limit,risk_killed_until_explicit_operator_restart,specialist_sizing_modifier,False,NGM2@2022-05-26,2022
2022-05-02 00:00:00+00:00,2022-05-02 00:00:00+00:00,NGM2@2022-05-26,82f35bf9123d5e9b0510,0.5,False,True,0.0,0.0,0.0,0.0,0.0,0.0,0.0,0.0,96930.0,100995.0,0.0,0.040249517302836775,killed,daily_loss_limit,risk_killed_until_explicit_operator_restart,specialist_sizing_modifier,False,NGM2@2022-05-26,2022
2022-05-03 00:00:00+00:00,2022-05-03 00:00:00+00:00,NGM2@2022-05-26,f6959726784cf254ef00,0.0,True,True,0.0,0.0,0.0,0.0,0.0,0.0,0.0,0.0,96930.0,100995.0,0.0,0.040249517302836775,killed,daily_loss_limit,risk_killed_until_explicit_operator_restart,specialist_veto,False,NGM2@2022-05-26,2022
2022-05-04 00:00:00+00:00,2022-05-04 00:00:00+00:00,NGM2@2022-05-26,981b4d092abca9016837,0.0,True,True,0.0,0.0,0.0,0.0,0.0,0.0,0.0,0.0,96930.0,100995.0,0.0,0.040249517302836775,killed,daily_loss_limit,risk_killed_until_explicit_operator_restart,specialist_veto,False,NGM2@2022-05-26,2022
2022-05-05 00:00:00+00:00,2022-05-05 00:00:00+00:00,NGM2@2022-05-26,c94b97fbe7b98adf4062,0.0,True,True,0.0,0.0,0.0,0.0,0.0,0.0,0.0,0.0,96930.0,100995.0,0.0,0.040249517302836775,killed,daily_loss_limit,risk_killed_until_explicit_operator_restart,predicted_gross_pnl_not_above_round_trip_cost,False,NGM2@2022-05-26,2022
2022-05-06 00:00:00+00:00,2022-05-06 00:00:00+00:00,NGM2@2022-05-26,bf7a9931afd61c7fcede,0.0,True,True,0.0,0.0,0.0,0.0,0.0,0.0,-0.0,-0.0,96930.0,100995.0,0.0,0.040249517302836775,killed,daily_loss_limit,risk_killed_until_explicit_operator_restart,specialist_veto,False,NGM2@2022-05-26,2022
2022-05-08 00:00:00+00:00,2022-05-08 00:00:00+00:00,NGM2@2022-05-26,5feebcccba33a25a2b3d,0.0,True,True,0.0,0.0,0.0,0.0,0.0,0.0,0.0,0.0,96930.0,100995.0,0.0,0.040249517302836775,killed,daily_loss_limit,risk_killed_until_explicit_operator_restart,specialist_veto,False,NGM2@2022-05-26,2022
2022-05-09 00:00:00+00:00,2022-05-09 00:00:00+00:00,NGM2@2022-05-26,5feebcccba33a25a2b3d,0.0,True,True,0.0,0.0,0.0,0.0,0.0,0.0,-0.0,-0.0,96930.0,100995.0,0.0,0.040249517302836775,killed,daily_loss_limit,risk_killed_until_explicit_operator_restart,specialist_veto,False,NGM2@2022-05-26,2022
2022-05-10 00:00:00+00:00,2022-05-10 00:00:00+00:00,NGM2@2022-05-26,a6baeac69d2e0b08f203,1.0,False,True,0.0,0.0,0.0,0.0,0.0,0.0,0.0,0.0,96930.0,100995.0,0.0,0.040249517302836775,killed,daily_loss_limit,risk_killed_until_explicit_operator_restart,forecast_signal,False,NGM2@2022-05-26,2022
2022-05-11 00:00:00+00:00,2022-05-11 00:00:00+00:00,NGM2@2022-05-26,d2d39cc083f13b11b0be,-1.0,False,True,0.0,0.0,0.0,0.0,0.0,0.0,0.0,0.0,96930.0,100995.0,0.0,0.040249517302836775,killed,daily_loss_limit,risk_killed_until_explicit_operator_restart,forecast_signal,False,NGM2@2022-05-26,2022
2022-05-12 00:00:00+00:00,2022-05-12 00:00:00+00:00,NGM2@2022-05-26,12e2b623850c088629ab,0.0,True,True,0.0,0.0,0.0,0.0,0.0,0.0,0.0,0.0,96930.0,100995.0,0.0,0.040249517302836775,killed,daily_loss_limit,risk_killed_until_explicit_operator_restart,specialist_veto,False,NGM2@2022-05-26,2022
2022-05-13 00:00:00+00:00,2022-05-13 00:00:00+00:00,NGM2@2022-05-26,5f6d4013dc5e658a4071,-1.0,False,True,0.0,0.0,0.0,0.0,0.0,0.0,-0.0,-0.0,96930.0,100995.0,0.0,0.040249517302836775,killed,daily_loss_limit,risk_killed_until_explicit_operator_restart,forecast_signal,False,NGM2@2022-05-26,2022
2022-05-15 00:00:00+00:00,2022-05-15 00:00:00+00:00,NGM2@2022-05-26,acfc7d0ff70d1bd1c882,-1.0,False,True,0.0,0.0,0.0,0.0,0.0,0.0,0.0,0.0,96930.0,100995.0,0.0,0.040249517302836775,killed,daily_loss_limit,risk_killed_until_explicit_operator_restart,forecast_signal,False,NGM2@2022-05-26,2022
2022-05-16 00:00:00+00:00,2022-05-16 00:00:00+00:00,NGM2@2022-05-26,acfc7d0ff70d1bd1c882,-1.0,False,True,0.0,0.0,0.0,0.0,0.0,0.0,0.0,0.0,96930.0,100995.0,0.0,0.040249517302836775,killed,daily_loss_limit,risk_killed_until_explicit_operator_restart,forecast_signal,False,NGM2@2022-05-26,2022
2022-05-17 00:00:00+00:00,2022-05-17 00:00:00+00:00,NGM2@2022-05-26,4742a664ffd706678fd1,-1.0,False,True,0.0,0.0,0.0,0.0,0.0,0.0,0.0,0.0,96930.0,100995.0,0.0,0.040249517302836775,killed,daily_loss_limit,risk_killed_until_explicit_operator_restart,forecast_signal,False,NGM2@2022-05-26,2022
2022-05-18 00:00:00+00:00,2022-05-18 00:00:00+00:00,NGM2@2022-05-26,98cf0f6d1cf956cd9e2c,1.0,False,True,0.0,0.0,0.0,0.0,0.0,0.0,-0.0,-0.0,96930.0,100995.0,0.0,0.040249517302836775,killed,daily_loss_limit,risk_killed_until_explicit_operator_restart,forecast_signal,False,NGM2@2022-05-26,2022
2022-05-19 00:00:00+00:00,2022-05-19 00:00:00+00:00,NGM2@2022-05-26,5be3b3dbfb89a9463f05,1.0,False,True,0.0,0.0,0.0,0.0,0.0,0.0,-0.0,-0.0,96930.0,100995.0,0.0,0.040249517302836775,killed,daily_loss_limit,risk_killed_until_explicit_operator_restart,forecast_signal,False,NGM2@2022-05-26,2022
2022-05-20 00:00:00+00:00,2022-05-20 00:00:00+00:00,NGM2@2022-05-26,419933866dc5d9eb9bc7,0.5,False,True,0.0,0.0,0.0,0.0,0.0,0.0,-0.0,-0.0,96930.0,100995.0,0.0,0.040249517302836775,killed,daily_loss_limit,risk_killed_until_explicit_operator_restart,specialist_sizing_modifier,False,NGM2@2022-05-26,2022
2022-05-22 00:00:00+00:00,2022-05-22 00:00:00+00:00,NGM2@2022-05-26,e2fecdd581c4c470f84f,1.0,False,True,0.0,0.0,0.0,0.0,0.0,0.0,-0.0,-0.0,96930.0,100995.0,0.0,0.040249517302836775,killed,daily_loss_limit,risk_killed_until_explicit_operator_restart,forecast_signal,False,NGM2@2022-05-26,2022
2022-05-23 00:00:00+00:00,2022-05-23 00:00:00+00:00,NGM2@2022-05-26,e2fecdd581c4c470f84f,1.0,False,True,0.0,0.0,0.0,0.0,0.0,0.0,0.0,0.0,96930.0,100995.0,0.0,0.040249517302836775,killed,daily_loss_limit,risk_killed_until_explicit_operator_restart,forecast_signal,False,NGM2@2022-05-26,2022
2022-05-24 00:00:00+00:00,2022-05-24 00:00:00+00:00,NGM2@2022-05-26,1c8e12ac70e4623ec011,1.0,False,True,0.0,0.0,0.0,0.0,0.0,0.0,0.0,0.0,96930.0,100995.0,0.0,0.040249517302836775,killed,daily_loss_limit,risk_killed_until_explicit_operator_restart,forecast_signal,False,NGN2@2022-06-28,2022
2022-05-25 00:00:00+00:00,2022-05-25 00:00:00+00:00,NGN2@2022-06-28,fceef8b14131e87bce2f,1.0,False,True,0.0,0.0,0.0,0.0,0.0,0.0,0.0,0.0,96930.0,100995.0,0.0,0.040249517302836775,killed,daily_loss_limit,risk_killed_until_explicit_operator_restart,forecast_signal,False,NGN2@2022-06-28,2022
2022-05-26 00:00:00+00:00,2022-05-26 00:00:00+00:00,NGN2@2022-06-28,0d1b0d129bc1e5efeb44,1.0,False,True,0.0,0.0,0.0,0.0,0.0,0.0,-0.0,-0.0,96930.0,100995.0,0.0,0.040249517302836775,killed,daily_loss_limit,risk_killed_until_explicit_operator_restart,forecast_signal,False,NGN2@2022-06-28,2022
2022-05-27 00:00:00+00:00,2022-05-27 00:00:00+00:00,NGN2@2022-06-28,9158b578d8623065c283,1.0,False,True,0.0,0.0,0.0,0.0,0.0,0.0,0.0,0.0,96930.0,100995.0,0.0,0.040249517302836775,killed,daily_loss_limit,risk_killed_until_explicit_operator_restart,forecast_signal,False,NGN2@2022-06-28,2022
2022-05-29 00:00:00+00:00,2022-05-29 00:00:00+00:00,NGN2@2022-06-28,63240c4e43f20508b844,1.0,False,True,0.0,0.0,0.0,0.0,0.0,0.0,-0.0,-0.0,96930.0,100995.0,0.0,0.040249517302836775,killed,daily_loss_limit,risk_killed_until_explicit_operator_restart,forecast_signal,False,NGN2@2022-06-28,2022
2022-05-30 00:00:00+00:00,2022-05-30 00:00:00+00:00,NGN2@2022-06-28,63240c4e43f20508b844,1.0,False,True,0.0,0.0,0.0,0.0,0.0,0.0,-0.0,-0.0,96930.0,100995.0,0.0,0.040249517302836775,killed,daily_loss_limit,risk_killed_until_explicit_operator_restart,forecast_signal,False,NGN2@2022-06-28,2022
2022-05-31 00:00:00+00:00,2022-05-31 00:00:00+00:00,NGN2@2022-06-28,63240c4e43f20508b844,1.0,False,True,0.0,0.0,0.0,0.0,0.0,0.0,-0.0,-0.0,96930.0,100995.0,0.0,0.040249517302836775,killed,daily_loss_limit,risk_killed_until_explicit_operator_restart,forecast_signal,False,NGN2@2022-06-28,2022
2022-06-01 00:00:00+00:00,2022-06-01 00:00:00+00:00,NGN2@2022-06-28,bc3a2e0f4fa08c0f9b51,1.0,False,True,0.0,0.0,0.0,0.0,0.0,0.0,0.0,0.0,96930.0,100995.0,0.0,0.040249517302836775,killed,daily_loss_limit,risk_killed_until_explicit_operator_restart,forecast_signal,False,NGN2@2022-06-28,2022
2022-06-02 00:00:00+00:00,2022-06-02 00:00:00+00:00,NGN2@2022-06-28,9a4804b632bfd8370ab6,1.0,False,True,0.0,0.0,0.0,0.0,0.0,0.0,-0.0,-0.0,96930.0,100995.0,0.0,0.040249517302836775,killed,daily_loss_limit,risk_killed_until_explicit_operator_restart,forecast_signal,False,NGN2@2022-06-28,2022
2022-06-03 00:00:00+00:00,2022-06-03 00:00:00+00:00,NGN2@2022-06-28,7da1b4f22e3d4ea0cc35,1.0,False,True,0.0,0.0,0.0,0.0,0.0,0.0,0.0,0.0,96930.0,100995.0,0.0,0.040249517302836775,killed,daily_loss_limit,risk_killed_until_explicit_operator_restart,forecast_signal,False,NGN2@2022-06-28,2022
2022-06-05 00:00:00+00:00,2022-06-05 00:00:00+00:00,NGN2@2022-06-28,4484253313dd50a6a9c5,1.0,False,True,0.0,0.0,0.0,0.0,0.0,0.0,0.0,0.0,96930.0,100995.0,0.0,0.040249517302836775,killed,daily_loss_limit,risk_killed_until_explicit_operator_restart,forecast_signal,False,NGN2@2022-06-28,2022
2022-06-06 00:00:00+00:00,2022-06-06 00:00:00+00:00,NGN2@2022-06-28,4484253313dd50a6a9c5,1.0,False,True,0.0,0.0,0.0,0.0,0.0,0.0,0.0,0.0,96930.0,100995.0,0.0,0.040249517302836775,killed,daily_loss_limit,risk_killed_until_explicit_operator_restart,forecast_signal,False,NGN2@2022-06-28,2022
2022-06-07 00:00:00+00:00,2022-06-07 00:00:00+00:00,NGN2@2022-06-28,a2a451aa5762cb335700,1.0,False,True,0.0,0.0,0.0,0.0,0.0,0.0,0.0,0.0,96930.0,100995.0,0.0,0.040249517302836775,killed,daily_loss_limit,risk_killed_until_explicit_operator_restart,forecast_signal,False,NGN2@2022-06-28,2022
2022-06-08 00:00:00+00:00,2022-06-08 00:00:00+00:00,NGN2@2022-06-28,0c3cc202444c99bceb5b,-1.0,False,True,0.0,0.0,0.0,0.0,0.0,0.0,-0.0,-0.0,96930.0,100995.0,0.0,0.040249517302836775,killed,daily_loss_limit,risk_killed_until_explicit_operator_restart,forecast_signal,False,NGN2@2022-06-28,2022
2022-06-09 00:00:00+00:00,2022-06-09 00:00:00+00:00,NGN2@2022-06-28,e27e308bac6678b0856d,1.0,False,True,0.0,0.0,0.0,0.0,0.0,0.0,0.0,0.0,96930.0,100995.0,0.0,0.040249517302836775,killed,daily_loss_limit,risk_killed_until_explicit_operator_restart,forecast_signal,False,NGN2@2022-06-28,2022
2022-06-10 00:00:00+00:00,2022-06-10 00:00:00+00:00,NGN2@2022-06-28,768ed79e8d88642cb43f,0.0,True,True,0.0,0.0,0.0,0.0,0.0,0.0,-0.0,-0.0,96930.0,100995.0,0.0,0.040249517302836775,killed,daily_loss_limit,risk_killed_until_explicit_operator_restart,specialist_veto,False,NGN2@2022-06-28,2022
2022-06-12 00:00:00+00:00,2022-06-12 00:00:00+00:00,NGN2@2022-06-28,dfae5f40554e5144cea0,-1.0,False,True,0.0,0.0,0.0,0.0,0.0,0.0,-0.0,-0.0,96930.0,100995.0,0.0,0.040249517302836775,killed,daily_loss_limit,risk_killed_until_explicit_operator_restart,forecast_signal,False,NGN2@2022-06-28,2022
2022-06-13 00:00:00+00:00,2022-06-13 00:00:00+00:00,NGN2@2022-06-28,dfae5f40554e5144cea0,-1.0,False,True,0.0,0.0,0.0,0.0,0.0,0.0,0.0,0.0,96930.0,100995.0,0.0,0.040249517302836775,killed,daily_loss_limit,risk_killed_until_explicit_operator_restart,forecast_signal,False,NGN2@2022-06-28,2022
2022-06-14 00:00:00+00:00,2022-06-14 00:00:00+00:00,NGN2@2022-06-28,79d990a77a0156726203,-1.0,False,True,0.0,0.0,0.0,0.0,0.0,0.0,-0.0,-0.0,96930.0,100995.0,0.0,0.040249517302836775,killed,daily_loss_limit,risk_killed_until_explicit_operator_restart,forecast_signal,False,NGN2@2022-06-28,2022
2022-06-15 00:00:00+00:00,2022-06-15 00:00:00+00:00,NGN2@2022-06-28,bdf16d235e2ad306d1d8,0.0,True,True,0.0,0.0,0.0,0.0,0.0,0.0,0.0,0.0,96930.0,100995.0,0.0,0.040249517302836775,killed,daily_loss_limit,risk_killed_until_explicit_operator_restart,predicted_gross_pnl_not_above_round_trip_cost,False,NGN2@2022-06-28,2022
2022-06-16 00:00:00+00:00,2022-06-16 00:00:00+00:00,NGN2@2022-06-28,5741bdd15ba59bcaddc2,0.0,True,True,0.0,0.0,0.0,0.0,0.0,0.0,-0.0,-0.0,96930.0,100995.0,0.0,0.040249517302836775,killed,daily_loss_limit,risk_killed_until_explicit_operator_restart,specialist_veto,False,NGN2@2022-06-28,2022
2022-06-17 00:00:00+00:00,2022-06-17 00:00:00+00:00,NGN2@2022-06-28,0b18588a1a39c4500e70,0.0,True,True,0.0,0.0,0.0,0.0,0.0,0.0,-0.0,-0.0,96930.0,100995.0,0.0,0.040249517302836775,killed,daily_loss_limit,risk_killed_until_explicit_operator_restart,specialist_veto,False,NGN2@2022-06-28,2022
2022-06-19 00:00:00+00:00,2022-06-19 00:00:00+00:00,NGN2@2022-06-28,3fa99b529e651be63abf,-1.0,False,True,0.0,0.0,0.0,0.0,0.0,0.0,-0.0,-0.0,96930.0,100995.0,0.0,0.040249517302836775,killed,daily_loss_limit,risk_killed_until_explicit_operator_restart,forecast_signal,False,NGN2@2022-06-28,2022
2022-06-20 00:00:00+00:00,2022-06-20 00:00:00+00:00,NGN2@2022-06-28,3fa99b529e651be63abf,-1.0,False,True,0.0,0.0,0.0,0.0,0.0,0.0,0.0,0.0,96930.0,100995.0,0.0,0.040249517302836775,killed,daily_loss_limit,risk_killed_until_explicit_operator_restart,forecast_signal,False,NGN2@2022-06-28,2022
2022-06-21 00:00:00+00:00,2022-06-21 00:00:00+00:00,NGN2@2022-06-28,3fa99b529e651be63abf,-1.0,False,True,0.0,0.0,0.0,0.0,0.0,0.0,0.0,0.0,96930.0,100995.0,0.0,0.040249517302836775,killed,daily_loss_limit,risk_killed_until_explicit_operator_restart,forecast_signal,False,NGN2@2022-06-28,2022
2022-06-22 00:00:00+00:00,2022-06-22 00:00:00+00:00,NGN2@2022-06-28,020bb48b3c45aa761be1,0.0,True,True,0.0,0.0,0.0,0.0,0.0,0.0,-0.0,-0.0,96930.0,100995.0,0.0,0.040249517302836775,killed,daily_loss_limit,risk_killed_until_explicit_operator_restart,specialist_veto,False,NGN2@2022-06-28,2022
2022-06-23 00:00:00+00:00,2022-06-23 00:00:00+00:00,NGN2@2022-06-28,020bb48b3c45aa761be1,0.0,True,True,0.0,0.0,0.0,0.0,0.0,0.0,-0.0,-0.0,96930.0,100995.0,0.0,0.040249517302836775,killed,daily_loss_limit,risk_killed_until_explicit_operator_restart,specialist_veto,False,NGN2@2022-06-28,2022
2022-06-24 00:00:00+00:00,2022-06-24 00:00:00+00:00,NGN2@2022-06-28,020bb48b3c45aa761be1,0.0,True,True,0.0,0.0,0.0,0.0,0.0,0.0,-0.0,-0.0,96930.0,100995.0,0.0,0.040249517302836775,killed,daily_loss_limit,risk_killed_until_explicit_operator_restart,specialist_veto,False,NGN2@2022-06-28,2022
2022-06-26 00:00:00+00:00,2022-06-26 00:00:00+00:00,NGN2@2022-06-28,020bb48b3c45aa761be1,0.0,True,True,0.0,0.0,0.0,0.0,0.0,0.0,0.0,0.0,96930.0,100995.0,0.0,0.040249517302836775,killed,daily_loss_limit,risk_killed_until_explicit_operator_restart,specialist_veto,False,NGN2@2022-06-28,2022
2022-06-27 00:00:00+00:00,2022-06-27 00:00:00+00:00,NGN2@2022-06-28,020bb48b3c45aa761be1,0.0,True,True,0.0,0.0,0.0,0.0,0.0,0.0,0.0,0.0,96930.0,100995.0,0.0,0.040249517302836775,killed,daily_loss_limit,risk_killed_until_explicit_operator_restart,specialist_veto,False,NGN2@2022-06-28,2022
2022-06-28 00:00:00+00:00,2022-06-28 00:00:00+00:00,NGN2@2022-06-28,,0.0,True,True,0.0,0.0,0.0,0.0,0.0,0.0,0.0,0.0,96930.0,100995.0,0.0,0.040249517302836775,killed,daily_loss_limit,risk_killed_until_explicit_operator_restart,forecast_horizon_expired,False,,2022
2022-06-29 00:00:00+00:00,2022-06-29 00:00:00+00:00,NGQ2@2022-07-27,,0.0,True,True,0.0,0.0,0.0,0.0,0.0,0.0,-0.0,-0.0,96930.0,100995.0,0.0,0.040249517302836775,killed,daily_loss_limit,risk_killed_until_explicit_operator_restart,forecast_horizon_expired,False,NGQ2@2022-07-27,2022
2022-06-30 00:00:00+00:00,2022-06-30 00:00:00+00:00,NGQ2@2022-07-27,,0.0,True,True,0.0,0.0,0.0,0.0,0.0,0.0,-0.0,-0.0,96930.0,100995.0,0.0,0.040249517302836775,killed,daily_loss_limit,risk_killed_until_explicit_operator_restart,forecast_horizon_expired,False,NGQ2@2022-07-27,2022
2022-07-01 00:00:00+00:00,2022-07-01 00:00:00+00:00,NGQ2@2022-07-27,553d26d0572062cdf4d6,1.0,False,True,0.0,0.0,0.0,0.0,0.0,0.0,0.0,0.0,96930.0,100995.0,0.0,0.040249517302836775,killed,daily_loss_limit,risk_killed_until_explicit_operator_restart,forecast_signal,False,NGQ2@2022-07-27,2022
2022-07-03 00:00:00+00:00,2022-07-03 00:00:00+00:00,NGQ2@2022-07-27,df1b70881f73da386320,0.0,True,True,0.0,0.0,0.0,0.0,0.0,0.0,0.0,0.0,96930.0,100995.0,0.0,0.040249517302836775,killed,daily_loss_limit,risk_killed_until_explicit_operator_restart,specialist_veto,False,NGQ2@2022-07-27,2022
2022-07-04 00:00:00+00:00,2022-07-04 00:00:00+00:00,NGQ2@2022-07-27,df1b70881f73da386320,0.0,True,True,0.0,0.0,0.0,0.0,0.0,0.0,0.0,0.0,96930.0,100995.0,0.0,0.040249517302836775,killed,daily_loss_limit,risk_killed_until_explicit_operator_restart,specialist_veto,False,NGQ2@2022-07-27,2022
2022-07-05 00:00:00+00:00,2022-07-05 00:00:00+00:00,NGQ2@2022-07-27,df1b70881f73da386320,0.0,True,True,0.0,0.0,0.0,0.0,0.0,0.0,-0.0,-0.0,96930.0,100995.0,0.0,0.040249517302836775,killed,daily_loss_limit,risk_killed_until_explicit_operator_restart,specialist_veto,False,NGQ2@2022-07-27,2022
2022-07-06 00:00:00+00:00,2022-07-06 00:00:00+00:00,NGQ2@2022-07-27,04ebd8168c58495a676d,-1.0,False,True,0.0,0.0,0.0,0.0,0.0,0.0,-0.0,-0.0,96930.0,100995.0,0.0,0.040249517302836775,killed,daily_loss_limit,risk_killed_until_explicit_operator_restart,forecast_signal,False,NGQ2@2022-07-27,2022
2022-07-07 00:00:00+00:00,2022-07-07 00:00:00+00:00,NGQ2@2022-07-27,a51f86e2c332897f9482,-1.0,False,True,0.0,0.0,0.0,0.0,0.0,0.0,0.0,0.0,96930.0,100995.0,0.0,0.040249517302836775,killed,daily_loss_limit,risk_killed_until_explicit_operator_restart,forecast_signal,False,NGQ2@2022-07-27,2022
2022-07-08 00:00:00+00:00,2022-07-08 00:00:00+00:00,NGQ2@2022-07-27,c5ff5a0b48e180c635a1,-1.0,False,True,0.0,0.0,0.0,0.0,0.0,0.0,0.0,0.0,96930.0,100995.0,0.0,0.040249517302836775,killed,daily_loss_limit,risk_killed_until_explicit_operator_restart,forecast_signal,False,NGQ2@2022-07-27,2022
2022-07-10 00:00:00+00:00,2022-07-10 00:00:00+00:00,NGQ2@2022-07-27,172602d9db48cbef1e46,-1.0,False,True,0.0,0.0,0.0,0.0,0.0,0.0,-0.0,-0.0,96930.0,100995.0,0.0,0.040249517302836775,killed,daily_loss_limit,risk_killed_until_explicit_operator_restart,forecast_signal,False,NGQ2@2022-07-27,2022
2022-07-11 00:00:00+00:00,2022-07-11 00:00:00+00:00,NGQ2@2022-07-27,172602d9db48cbef1e46,-1.0,False,True,0.0,0.0,0.0,0.0,0.0,0.0,0.0,0.0,96930.0,100995.0,0.0,0.040249517302836775,killed,daily_loss_limit,risk_killed_until_explicit_operator_restart,forecast_signal,False,NGQ2@2022-07-27,2022
2022-07-12 00:00:00+00:00,2022-07-12 00:00:00+00:00,NGQ2@2022-07-27,814f1134e266562535f7,-1.0,False,True,0.0,0.0,0.0,0.0,0.0,0.0,-0.0,-0.0,96930.0,100995.0,0.0,0.040249517302836775,killed,daily_loss_limit,risk_killed_until_explicit_operator_restart,forecast_signal,False,NGQ2@2022-07-27,2022
2022-07-13 00:00:00+00:00,2022-07-13 00:00:00+00:00,NGQ2@2022-07-27,fc4aa8b4a5d58936ec9a,-1.0,False,True,0.0,0.0,0.0,0.0,0.0,0.0,0.0,0.0,96930.0,100995.0,0.0,0.040249517302836775,killed,daily_loss_limit,risk_killed_until_explicit_operator_restart,forecast_signal,False,NGQ2@2022-07-27,2022
2022-07-14 00:00:00+00:00,2022-07-14 00:00:00+00:00,NGQ2@2022-07-27,a366a1f33bcd22afca39,-1.0,False,True,0.0,0.0,0.0,0.0,0.0,0.0,0.0,0.0,96930.0,100995.0,0.0,0.040249517302836775,killed,daily_loss_limit,risk_killed_until_explicit_operator_restart,forecast_signal,False,NGQ2@2022-07-27,2022
2022-07-15 00:00:00+00:00,2022-07-15 00:00:00+00:00,NGQ2@2022-07-27,f9e10901274b3d8496bc,-1.0,False,True,0.0,0.0,0.0,0.0,0.0,0.0,0.0,0.0,96930.0,100995.0,0.0,0.040249517302836775,killed,daily_loss_limit,risk_killed_until_explicit_operator_restart,forecast_signal,False,NGQ2@2022-07-27,2022
2022-07-17 00:00:00+00:00,2022-07-17 00:00:00+00:00,NGQ2@2022-07-27,749557f0f4f3951a3fac,-1.0,False,True,0.0,0.0,0.0,0.0,0.0,0.0,-0.0,-0.0,96930.0,100995.0,0.0,0.040249517302836775,killed,daily_loss_limit,risk_killed_until_explicit_operator_restart,forecast_signal,False,NGQ2@2022-07-27,2022
2022-07-18 00:00:00+00:00,2022-07-18 00:00:00+00:00,NGQ2@2022-07-27,749557f0f4f3951a3fac,-1.0,False,True,0.0,0.0,0.0,0.0,0.0,0.0,0.0,0.0,96930.0,100995.0,0.0,0.040249517302836775,killed,daily_loss_limit,risk_killed_until_explicit_operator_restart,forecast_signal,False,NGQ2@2022-07-27,2022
2022-07-19 00:00:00+00:00,2022-07-19 00:00:00+00:00,NGQ2@2022-07-27,316bde6afaad2c15c0c7,-1.0,False,True,0.0,0.0,0.0,0.0,0.0,0.0,-0.0,-0.0,96930.0,100995.0,0.0,0.040249517302836775,killed,daily_loss_limit,risk_killed_until_explicit_operator_restart,forecast_signal,False,NGQ2@2022-07-27,2022
2022-07-20 00:00:00+00:00,2022-07-20 00:00:00+00:00,NGQ2@2022-07-27,2a9ea8791c8ad2b2a41d,-1.0,False,True,0.0,0.0,0.0,0.0,0.0,0.0,0.0,0.0,96930.0,100995.0,0.0,0.040249517302836775,killed,daily_loss_limit,risk_killed_until_explicit_operator_restart,forecast_signal,False,NGQ2@2022-07-27,2022
2022-07-21 00:00:00+00:00,2022-07-21 00:00:00+00:00,NGQ2@2022-07-27,7fdbac99652ad3f62000,-1.0,False,True,0.0,0.0,0.0,0.0,0.0,0.0,-0.0,-0.0,96930.0,100995.0,0.0,0.040249517302836775,killed,daily_loss_limit,risk_killed_until_explicit_operator_restart,forecast_signal,False,NGQ2@2022-07-27,2022
2022-07-22 00:00:00+00:00,2022-07-22 00:00:00+00:00,NGQ2@2022-07-27,b757f24d3bdc551b4a0a,-1.0,False,True,0.0,0.0,0.0,0.0,0.0,0.0,0.0,0.0,96930.0,100995.0,0.0,0.040249517302836775,killed,daily_loss_limit,risk_killed_until_explicit_operator_restart,forecast_signal,False,NGQ2@2022-07-27,2022
2022-07-24 00:00:00+00:00,2022-07-24 00:00:00+00:00,NGQ2@2022-07-27,88f571d370fe332e44e1,-1.0,False,True,0.0,0.0,0.0,0.0,0.0,0.0,0.0,0.0,96930.0,100995.0,0.0,0.040249517302836775,killed,daily_loss_limit,risk_killed_until_explicit_operator_restart,forecast_signal,False,NGQ2@2022-07-27,2022
2022-07-25 00:00:00+00:00,2022-07-25 00:00:00+00:00,NGQ2@2022-07-27,88f571d370fe332e44e1,-1.0,False,True,0.0,0.0,0.0,0.0,0.0,0.0,0.0,0.0,96930.0,100995.0,0.0,0.040249517302836775,killed,daily_loss_limit,risk_killed_until_explicit_operator_restart,forecast_signal,False,NGQ2@2022-07-27,2022
2022-07-26 00:00:00+00:00,2022-07-26 00:00:00+00:00,NGQ2@2022-07-27,759c4b6b53189efabe87,-1.0,False,True,0.0,0.0,0.0,0.0,0.0,0.0,0.0,0.0,96930.0,100995.0,0.0,0.040249517302836775,killed,daily_loss_limit,risk_killed_until_explicit_operator_restart,forecast_signal,False,NGU2@2022-08-29,2022
2022-07-27 00:00:00+00:00,2022-07-27 00:00:00+00:00,NGU2@2022-08-29,a03f963f5023bf828b97,-1.0,False,True,0.0,0.0,0.0,0.0,0.0,0.0,-0.0,-0.0,96930.0,100995.0,0.0,0.040249517302836775,killed,daily_loss_limit,risk_killed_until_explicit_operator_restart,forecast_signal,False,NGU2@2022-08-29,2022
2022-07-28 00:00:00+00:00,2022-07-28 00:00:00+00:00,NGU2@2022-08-29,78c224d40ad04e9320a3,0.0,True,True,0.0,0.0,0.0,0.0,0.0,0.0,-0.0,-0.0,96930.0,100995.0,0.0,0.040249517302836775,killed,daily_loss_limit,risk_killed_until_explicit_operator_restart,specialist_veto,False,NGU2@2022-08-29,2022
2022-07-29 00:00:00+00:00,2022-07-29 00:00:00+00:00,NGU2@2022-08-29,21d21133e20cba486ae6,0.0,True,True,0.0,0.0,0.0,0.0,0.0,0.0,-0.0,-0.0,96930.0,100995.0,0.0,0.040249517302836775,killed,daily_loss_limit,risk_killed_until_explicit_operator_restart,specialist_veto,False,NGU2@2022-08-29,2022
2022-07-31 00:00:00+00:00,2022-07-31 00:00:00+00:00,NGU2@2022-08-29,08f40e4e195903f53baf,0.0,True,True,0.0,0.0,0.0,0.0,0.0,0.0,0.0,0.0,96930.0,100995.0,0.0,0.040249517302836775,killed,daily_loss_limit,risk_killed_until_explicit_operator_restart,specialist_veto,False,NGU2@2022-08-29,2022
2022-08-01 00:00:00+00:00,2022-08-01 00:00:00+00:00,NGU2@2022-08-29,08f40e4e195903f53baf,0.0,True,True,0.0,0.0,0.0,0.0,0.0,0.0,0.0,0.0,96930.0,100995.0,0.0,0.040249517302836775,killed,daily_loss_limit,risk_killed_until_explicit_operator_restart,specialist_veto,False,NGU2@2022-08-29,2022
2022-08-02 00:00:00+00:00,2022-08-02 00:00:00+00:00,NGU2@2022-08-29,6fdc3f65eed537319649,1.0,False,True,0.0,0.0,0.0,0.0,0.0,0.0,-0.0,-0.0,96930.0,100995.0,0.0,0.040249517302836775,killed,daily_loss_limit,risk_killed_until_explicit_operator_restart,forecast_signal,False,NGU2@2022-08-29,2022
2022-08-03 00:00:00+00:00,2022-08-03 00:00:00+00:00,NGU2@2022-08-29,15b184681362c008ec17,0.5,False,True,0.0,0.0,0.0,0.0,0.0,0.0,0.0,0.0,96930.0,100995.0,0.0,0.040249517302836775,killed,daily_loss_limit,risk_killed_until_explicit_operator_restart,specialist_sizing_modifier,False,NGU2@2022-08-29,2022
2022-08-04 00:00:00+00:00,2022-08-04 00:00:00+00:00,NGU2@2022-08-29,6f78bcffcd6415dbbb26,1.0,False,True,0.0,0.0,0.0,0.0,0.0,0.0,-0.0,-0.0,96930.0,100995.0,0.0,0.040249517302836775,killed,daily_loss_limit,risk_killed_until_explicit_operator_restart,forecast_signal,False,NGU2@2022-08-29,2022
2022-08-05 00:00:00+00:00,2022-08-05 00:00:00+00:00,NGU2@2022-08-29,e2be74ef37bf64a8ed85,0.0,True,True,0.0,0.0,0.0,0.0,0.0,0.0,-0.0,-0.0,96930.0,100995.0,0.0,0.040249517302836775,killed,daily_loss_limit,risk_killed_until_explicit_operator_restart,specialist_veto,False,NGU2@2022-08-29,2022
2022-08-07 00:00:00+00:00,2022-08-07 00:00:00+00:00,NGU2@2022-08-29,cd7770786ab64da0aa20,1.0,False,True,0.0,0.0,0.0,0.0,0.0,0.0,-0.0,-0.0,96930.0,100995.0,0.0,0.040249517302836775,killed,daily_loss_limit,risk_killed_until_explicit_operator_restart,forecast_signal,False,NGU2@2022-08-29,2022
2022-08-08 00:00:00+00:00,2022-08-08 00:00:00+00:00,NGU2@2022-08-29,cd7770786ab64da0aa20,1.0,False,True,0.0,0.0,0.0,0.0,0.0,0.0,-0.0,-0.0,96930.0,100995.0,0.0,0.040249517302836775,killed,daily_loss_limit,risk_killed_until_explicit_operator_restart,forecast_signal,False,NGU2@2022-08-29,2022
2022-08-09 00:00:00+00:00,2022-08-09 00:00:00+00:00,NGU2@2022-08-29,71b89b44a15321b5e0c8,1.0,False,True,0.0,0.0,0.0,0.0,0.0,0.0,0.0,0.0,96930.0,100995.0,0.0,0.040249517302836775,killed,daily_loss_limit,risk_killed_until_explicit_operator_restart,forecast_signal,False,NGU2@2022-08-29,2022
2022-08-10 00:00:00+00:00,2022-08-10 00:00:00+00:00,NGU2@2022-08-29,f62d85464875010aa83e,1.0,False,True,0.0,0.0,0.0,0.0,0.0,0.0,0.0,0.0,96930.0,100995.0,0.0,0.040249517302836775,killed,daily_loss_limit,risk_killed_until_explicit_operator_restart,forecast_signal,False,NGU2@2022-08-29,2022
2022-08-11 00:00:00+00:00,2022-08-11 00:00:00+00:00,NGU2@2022-08-29,0b296dd3b7038ab67f8a,0.0,True,True,0.0,0.0,0.0,0.0,0.0,0.0,0.0,0.0,96930.0,100995.0,0.0,0.040249517302836775,killed,daily_loss_limit,risk_killed_until_explicit_operator_restart,predicted_gross_pnl_not_above_round_trip_cost,False,NGU2@2022-08-29,2022
2022-08-12 00:00:00+00:00,2022-08-12 00:00:00+00:00,NGU2@2022-08-29,4820e1e522a130c0c190,0.0,True,True,0.0,0.0,0.0,0.0,0.0,0.0,-0.0,-0.0,96930.0,100995.0,0.0,0.040249517302836775,killed,daily_loss_limit,risk_killed_until_explicit_operator_restart,specialist_veto,False,NGU2@2022-08-29,2022
2022-08-14 00:00:00+00:00,2022-08-14 00:00:00+00:00,NGU2@2022-08-29,df94b0accbd6916ce996,-1.0,False,True,0.0,0.0,0.0,0.0,0.0,0.0,0.0,0.0,96930.0,100995.0,0.0,0.040249517302836775,killed,daily_loss_limit,risk_killed_until_explicit_operator_restart,forecast_signal,False,NGU2@2022-08-29,2022
2022-08-15 00:00:00+00:00,2022-08-15 00:00:00+00:00,NGU2@2022-08-29,df94b0accbd6916ce996,-1.0,False,True,0.0,0.0,0.0,0.0,0.0,0.0,0.0,0.0,96930.0,100995.0,0.0,0.040249517302836775,killed,daily_loss_limit,risk_killed_until_explicit_operator_restart,forecast_signal,False,NGU2@2022-08-29,2022
2022-08-16 00:00:00+00:00,2022-08-16 00:00:00+00:00,NGU2@2022-08-29,c57f0d4e2fc7bbf13ab7,1.0,False,True,0.0,0.0,0.0,0.0,0.0,0.0,0.0,0.0,96930.0,100995.0,0.0,0.040249517302836775,killed,daily_loss_limit,risk_killed_until_explicit_operator_restart,forecast_signal,False,NGU2@2022-08-29,2022
2022-08-17 00:00:00+00:00,2022-08-17 00:00:00+00:00,NGU2@2022-08-29,30ba9e7bcfa27eda06fd,1.0,False,True,0.0,0.0,0.0,0.0,0.0,0.0,-0.0,-0.0,96930.0,100995.0,0.0,0.040249517302836775,killed,daily_loss_limit,risk_killed_until_explicit_operator_restart,forecast_signal,False,NGU2@2022-08-29,2022
2022-08-18 00:00:00+00:00,2022-08-18 00:00:00+00:00,NGU2@2022-08-29,da6cb7293ef43b28f56e,0.0,True,True,0.0,0.0,0.0,0.0,0.0,0.0,0.0,0.0,96930.0,100995.0,0.0,0.040249517302836775,killed,daily_loss_limit,risk_killed_until_explicit_operator_restart,specialist_veto,False,NGU2@2022-08-29,2022
2022-08-19 00:00:00+00:00,2022-08-19 00:00:00+00:00,NGU2@2022-08-29,469ab464ad79a5e11a58,1.0,False,True,0.0,0.0,0.0,0.0,0.0,0.0,-0.0,-0.0,96930.0,100995.0,0.0,0.040249517302836775,killed,daily_loss_limit,risk_killed_until_explicit_operator_restart,forecast_signal,False,NGU2@2022-08-29,2022
2022-08-21 00:00:00+00:00,2022-08-21 00:00:00+00:00,NGU2@2022-08-29,14111414c2157065b751,0.0,True,True,0.0,0.0,0.0,0.0,0.0,0.0,0.0,0.0,96930.0,100995.0,0.0,0.040249517302836775,killed,daily_loss_limit,risk_killed_until_explicit_operator_restart,specialist_veto,False,NGU2@2022-08-29,2022
2022-08-22 00:00:00+00:00,2022-08-22 00:00:00+00:00,NGU2@2022-08-29,14111414c2157065b751,0.0,True,True,0.0,0.0,0.0,0.0,0.0,0.0,0.0,0.0,96930.0,100995.0,0.0,0.040249517302836775,killed,daily_loss_limit,risk_killed_until_explicit_operator_restart,specialist_veto,False,NGU2@2022-08-29,2022
2022-08-23 00:00:00+00:00,2022-08-23 00:00:00+00:00,NGU2@2022-08-29,21268b639ccc1ff91176,0.5,False,True,0.0,0.0,0.0,0.0,0.0,0.0,-0.0,-0.0,96930.0,100995.0,0.0,0.040249517302836775,killed,daily_loss_limit,risk_killed_until_explicit_operator_restart,specialist_sizing_modifier,False,NGU2@2022-08-29,2022
2022-08-24 00:00:00+00:00,2022-08-24 00:00:00+00:00,NGU2@2022-08-29,21268b639ccc1ff91176,0.5,False,True,0.0,0.0,0.0,0.0,0.0,0.0,0.0,0.0,96930.0,100995.0,0.0,0.040249517302836775,killed,daily_loss_limit,risk_killed_until_explicit_operator_restart,specialist_sizing_modifier,False,NGU2@2022-08-29,2022
2022-08-25 00:00:00+00:00,2022-08-25 00:00:00+00:00,NGU2@2022-08-29,21268b639ccc1ff91176,0.5,False,True,0.0,0.0,0.0,0.0,0.0,0.0,0.0,0.0,96930.0,100995.0,0.0,0.040249517302836775,killed,daily_loss_limit,risk_killed_until_explicit_operator_restart,specialist_sizing_modifier,False,NGU2@2022-08-29,2022
2022-08-26 00:00:00+00:00,2022-08-26 00:00:00+00:00,NGU2@2022-08-29,21268b639ccc1ff91176,0.5,False,True,0.0,0.0,0.0,0.0,0.0,0.0,0.0,0.0,96930.0,100995.0,0.0,0.040249517302836775,killed,daily_loss_limit,risk_killed_until_explicit_operator_restart,specialist_sizing_modifier,False,NGU2@2022-08-29,2022
2022-08-28 00:00:00+00:00,2022-08-28 00:00:00+00:00,NGU2@2022-08-29,21268b639ccc1ff91176,0.5,False,True,0.0,0.0,0.0,0.0,0.0,0.0,-0.0,-0.0,96930.0,100995.0,0.0,0.040249517302836775,killed,daily_loss_limit,risk_killed_until_explicit_operator_restart,specialist_sizing_modifier,False,NGU2@2022-08-29,2022
2022-08-29 00:00:00+00:00,2022-08-29 00:00:00+00:00,NGU2@2022-08-29,,0.0,True,True,0.0,0.0,0.0,0.0,0.0,0.0,0.0,0.0,96930.0,100995.0,0.0,0.040249517302836775,killed,daily_loss_limit,risk_killed_until_explicit_operator_restart,forecast_horizon_expired,False,,2022
2022-08-30 00:00:00+00:00,2022-08-30 00:00:00+00:00,NGV2@2022-09-28,,0.0,True,True,0.0,0.0,0.0,0.0,0.0,0.0,-0.0,-0.0,96930.0,100995.0,0.0,0.040249517302836775,killed,daily_loss_limit,risk_killed_until_explicit_operator_restart,forecast_horizon_expired,False,NGV2@2022-09-28,2022
2022-08-31 00:00:00+00:00,2022-08-31 00:00:00+00:00,NGV2@2022-09-28,,0.0,True,True,0.0,0.0,0.0,0.0,0.0,0.0,0.0,0.0,96930.0,100995.0,0.0,0.040249517302836775,killed,daily_loss_limit,risk_killed_until_explicit_operator_restart,forecast_horizon_expired,False,NGV2@2022-09-28,2022
2022-09-01 00:00:00+00:00,2022-09-01 00:00:00+00:00,NGV2@2022-09-28,0f7c71231596ce9629a9,0.0,True,True,0.0,0.0,0.0,0.0,0.0,0.0,0.0,0.0,96930.0,100995.0,0.0,0.040249517302836775,killed,daily_loss_limit,risk_killed_until_explicit_operator_restart,predicted_gross_pnl_not_above_round_trip_cost,False,NGV2@2022-09-28,2022
2022-09-02 00:00:00+00:00,2022-09-02 00:00:00+00:00,NGV2@2022-09-28,793367d4f8e8e4886ddd,0.0,True,True,0.0,0.0,0.0,0.0,0.0,0.0,-0.0,-0.0,96930.0,100995.0,0.0,0.040249517302836775,killed,daily_loss_limit,risk_killed_until_explicit_operator_restart,specialist_veto,False,NGV2@2022-09-28,2022
2022-09-04 00:00:00+00:00,2022-09-04 00:00:00+00:00,NGV2@2022-09-28,a44067542efe778858eb,-1.0,False,True,0.0,0.0,0.0,0.0,0.0,0.0,-0.0,-0.0,96930.0,100995.0,0.0,0.040249517302836775,killed,daily_loss_limit,risk_killed_until_explicit_operator_restart,forecast_signal,False,NGV2@2022-09-28,2022
2022-09-05 00:00:00+00:00,2022-09-05 00:00:00+00:00,NGV2@2022-09-28,a44067542efe778858eb,-1.0,False,True,0.0,0.0,0.0,0.0,0.0,0.0,-0.0,-0.0,96930.0,100995.0,0.0,0.040249517302836775,killed,daily_loss_limit,risk_killed_until_explicit_operator_restart,forecast_signal,False,NGV2@2022-09-28,2022
2022-09-06 00:00:00+00:00,2022-09-06 00:00:00+00:00,NGV2@2022-09-28,a44067542efe778858eb,-1.0,False,True,0.0,0.0,0.0,0.0,0.0,0.0,-0.0,-0.0,96930.0,100995.0,0.0,0.040249517302836775,killed,daily_loss_limit,risk_killed_until_explicit_operator_restart,forecast_signal,False,NGV2@2022-09-28,2022
2022-09-07 00:00:00+00:00,2022-09-07 00:00:00+00:00,NGV2@2022-09-28,4385e0a73d52f0f00d6c,0.0,True,True,0.0,0.0,0.0,0.0,0.0,0.0,-0.0,-0.0,96930.0,100995.0,0.0,0.040249517302836775,killed,daily_loss_limit,risk_killed_until_explicit_operator_restart,specialist_veto,False,NGV2@2022-09-28,2022
2022-09-08 00:00:00+00:00,2022-09-08 00:00:00+00:00,NGV2@2022-09-28,d34918ccd29b1c83f091,0.0,True,True,0.0,0.0,0.0,0.0,0.0,0.0,0.0,0.0,96930.0,100995.0,0.0,0.040249517302836775,killed,daily_loss_limit,risk_killed_until_explicit_operator_restart,specialist_veto,False,NGV2@2022-09-28,2022
2022-09-09 00:00:00+00:00,2022-09-09 00:00:00+00:00,NGV2@2022-09-28,2b20791d61ce7b0c0dc9,-1.0,False,True,0.0,0.0,0.0,0.0,0.0,0.0,0.0,0.0,96930.0,100995.0,0.0,0.040249517302836775,killed,daily_loss_limit,risk_killed_until_explicit_operator_restart,forecast_signal,False,NGV2@2022-09-28,2022
2022-09-11 00:00:00+00:00,2022-09-11 00:00:00+00:00,NGV2@2022-09-28,805e446f37dcc6eb74de,-1.0,False,True,0.0,0.0,0.0,0.0,0.0,0.0,0.0,0.0,96930.0,100995.0,0.0,0.040249517302836775,killed,daily_loss_limit,risk_killed_until_explicit_operator_restart,forecast_signal,False,NGV2@2022-09-28,2022
2022-09-12 00:00:00+00:00,2022-09-12 00:00:00+00:00,NGV2@2022-09-28,805e446f37dcc6eb74de,-1.0,False,True,0.0,0.0,0.0,0.0,0.0,0.0,0.0,0.0,96930.0,100995.0,0.0,0.040249517302836775,killed,daily_loss_limit,risk_killed_until_explicit_operator_restart,forecast_signal,False,NGV2@2022-09-28,2022
2022-09-13 00:00:00+00:00,2022-09-13 00:00:00+00:00,NGV2@2022-09-28,dc661f326b286852d9d8,0.0,True,True,0.0,0.0,0.0,0.0,0.0,0.0,-0.0,-0.0,96930.0,100995.0,0.0,0.040249517302836775,killed,daily_loss_limit,risk_killed_until_explicit_operator_restart,predicted_gross_pnl_not_above_round_trip_cost,False,NGV2@2022-09-28,2022
2022-09-14 00:00:00+00:00,2022-09-14 00:00:00+00:00,NGV2@2022-09-28,fbb185dd919274d0c04e,-1.0,False,True,0.0,0.0,0.0,0.0,0.0,0.0,0.0,0.0,96930.0,100995.0,0.0,0.040249517302836775,killed,daily_loss_limit,risk_killed_until_explicit_operator_restart,forecast_signal,False,NGV2@2022-09-28,2022
2022-09-15 00:00:00+00:00,2022-09-15 00:00:00+00:00,NGV2@2022-09-28,bd8ff759f1ea6f40a709,0.0,True,True,0.0,0.0,0.0,0.0,0.0,0.0,-0.0,-0.0,96930.0,100995.0,0.0,0.040249517302836775,killed,daily_loss_limit,risk_killed_until_explicit_operator_restart,specialist_veto,False,NGV2@2022-09-28,2022
2022-09-16 00:00:00+00:00,2022-09-16 00:00:00+00:00,NGV2@2022-09-28,03971fdb1a271744f9f1,-1.0,False,True,0.0,0.0,0.0,0.0,0.0,0.0,-0.0,-0.0,96930.0,100995.0,0.0,0.040249517302836775,killed,daily_loss_limit,risk_killed_until_explicit_operator_restart,forecast_signal,False,NGV2@2022-09-28,2022
2022-09-18 00:00:00+00:00,2022-09-18 00:00:00+00:00,NGV2@2022-09-28,9def0be06ddd0264aa68,0.0,True,True,0.0,0.0,0.0,0.0,0.0,0.0,-0.0,-0.0,96930.0,100995.0,0.0,0.040249517302836775,killed,daily_loss_limit,risk_killed_until_explicit_operator_restart,specialist_veto,False,NGV2@2022-09-28,2022
2022-09-19 00:00:00+00:00,2022-09-19 00:00:00+00:00,NGV2@2022-09-28,9def0be06ddd0264aa68,0.0,True,True,0.0,0.0,0.0,0.0,0.0,0.0,0.0,0.0,96930.0,100995.0,0.0,0.040249517302836775,killed,daily_loss_limit,risk_killed_until_explicit_operator_restart,specialist_veto,False,NGV2@2022-09-28,2022
2022-09-20 00:00:00+00:00,2022-09-20 00:00:00+00:00,NGV2@2022-09-28,7ff36d6596230b64fc5d,-1.0,False,True,0.0,0.0,0.0,0.0,0.0,0.0,-0.0,-0.0,96930.0,100995.0,0.0,0.040249517302836775,killed,daily_loss_limit,risk_killed_until_explicit_operator_restart,forecast_signal,False,NGV2@2022-09-28,2022
2022-09-21 00:00:00+00:00,2022-09-21 00:00:00+00:00,NGV2@2022-09-28,5d955a2be7f62dee6231,0.0,True,True,0.0,0.0,0.0,0.0,0.0,0.0,-0.0,-0.0,96930.0,100995.0,0.0,0.040249517302836775,killed,daily_loss_limit,risk_killed_until_explicit_operator_restart,specialist_veto,False,NGV2@2022-09-28,2022
2022-09-22 00:00:00+00:00,2022-09-22 00:00:00+00:00,NGV2@2022-09-28,7ed88c97d7809e1959ec,0.0,True,True,0.0,0.0,0.0,0.0,0.0,0.0,-0.0,-0.0,96930.0,100995.0,0.0,0.040249517302836775,killed,daily_loss_limit,risk_killed_until_explicit_operator_restart,specialist_veto,False,NGV2@2022-09-28,2022
2022-09-23 00:00:00+00:00,2022-09-23 00:00:00+00:00,NGV2@2022-09-28,cabaee8c4be6f3601d12,1.0,False,True,0.0,0.0,0.0,0.0,0.0,0.0,-0.0,-0.0,96930.0,100995.0,0.0,0.040249517302836775,killed,daily_loss_limit,risk_killed_until_explicit_operator_restart,forecast_signal,False,NGV2@2022-09-28,2022
2022-09-25 00:00:00+00:00,2022-09-25 00:00:00+00:00,NGV2@2022-09-28,c83814acba50e66782c6,1.0,False,True,0.0,0.0,0.0,0.0,0.0,0.0,0.0,0.0,96930.0,100995.0,0.0,0.040249517302836775,killed,daily_loss_limit,risk_killed_until_explicit_operator_restart,forecast_signal,False,NGV2@2022-09-28,2022
2022-09-26 00:00:00+00:00,2022-09-26 00:00:00+00:00,NGV2@2022-09-28,c83814acba50e66782c6,1.0,False,True,0.0,0.0,0.0,0.0,0.0,0.0,0.0,0.0,96930.0,100995.0,0.0,0.040249517302836775,killed,daily_loss_limit,risk_killed_until_explicit_operator_restart,forecast_signal,False,NGV2@2022-09-28,2022
2022-09-27 00:00:00+00:00,2022-09-27 00:00:00+00:00,NGV2@2022-09-28,76e30757546ea1d8e003,1.0,False,True,0.0,0.0,0.0,0.0,0.0,0.0,-0.0,-0.0,96930.0,100995.0,0.0,0.040249517302836775,killed,daily_loss_limit,risk_killed_until_explicit_operator_restart,forecast_signal,False,NGX2@2022-10-27,2022
2022-09-28 00:00:00+00:00,2022-09-28 00:00:00+00:00,NGX2@2022-10-27,20bddc81988f6ad11fc2,1.0,False,True,0.0,0.0,0.0,0.0,0.0,0.0,0.0,0.0,96930.0,100995.0,0.0,0.040249517302836775,killed,daily_loss_limit,risk_killed_until_explicit_operator_restart,forecast_signal,False,NGX2@2022-10-27,2022
2022-09-29 00:00:00+00:00,2022-09-29 00:00:00+00:00,NGX2@2022-10-27,d435870adfb8f8c27221,1.0,False,True,0.0,0.0,0.0,0.0,0.0,0.0,-0.0,-0.0,96930.0,100995.0,0.0,0.040249517302836775,killed,daily_loss_limit,risk_killed_until_explicit_operator_restart,forecast_signal,False,NGX2@2022-10-27,2022
2022-09-30 00:00:00+00:00,2022-09-30 00:00:00+00:00,NGX2@2022-10-27,1c74f6479716e06b468d,1.0,False,True,0.0,0.0,0.0,0.0,0.0,0.0,-0.0,-0.0,96930.0,100995.0,0.0,0.040249517302836775,killed,daily_loss_limit,risk_killed_until_explicit_operator_restart,forecast_signal,False,NGX2@2022-10-27,2022
2022-10-02 00:00:00+00:00,2022-10-02 00:00:00+00:00,NGX2@2022-10-27,e3352271e651552175e4,1.0,False,True,0.0,0.0,0.0,0.0,0.0,0.0,-0.0,-0.0,96930.0,100995.0,0.0,0.040249517302836775,killed,daily_loss_limit,risk_killed_until_explicit_operator_restart,forecast_signal,False,NGX2@2022-10-27,2022
2022-10-03 00:00:00+00:00,2022-10-03 00:00:00+00:00,NGX2@2022-10-27,e3352271e651552175e4,1.0,False,True,0.0,0.0,0.0,0.0,0.0,0.0,-0.0,-0.0,96930.0,100995.0,0.0,0.040249517302836775,killed,daily_loss_limit,risk_killed_until_explicit_operator_restart,forecast_signal,False,NGX2@2022-10-27,2022
2022-10-04 00:00:00+00:00,2022-10-04 00:00:00+00:00,NGX2@2022-10-27,217986492b92ad42c3e0,1.0,False,True,0.0,0.0,0.0,0.0,0.0,0.0,0.0,0.0,96930.0,100995.0,0.0,0.040249517302836775,killed,daily_loss_limit,risk_killed_until_explicit_operator_restart,forecast_signal,False,NGX2@2022-10-27,2022
2022-10-05 00:00:00+00:00,2022-10-05 00:00:00+00:00,NGX2@2022-10-27,1f60531be9510a1d4d9a,1.0,False,True,0.0,0.0,0.0,0.0,0.0,0.0,0.0,0.0,96930.0,100995.0,0.0,0.040249517302836775,killed,daily_loss_limit,risk_killed_until_explicit_operator_restart,forecast_signal,False,NGX2@2022-10-27,2022
2022-10-06 00:00:00+00:00,2022-10-06 00:00:00+00:00,NGX2@2022-10-27,89d15ef1d5872afa8057,-1.0,False,True,0.0,0.0,0.0,0.0,0.0,0.0,-0.0,-0.0,96930.0,100995.0,0.0,0.040249517302836775,killed,daily_loss_limit,risk_killed_until_explicit_operator_restart,forecast_signal,False,NGX2@2022-10-27,2022
2022-10-07 00:00:00+00:00,2022-10-07 00:00:00+00:00,NGX2@2022-10-27,ed51732a615ea8740aee,-1.0,False,True,0.0,0.0,0.0,0.0,0.0,0.0,-0.0,-0.0,96930.0,100995.0,0.0,0.040249517302836775,killed,daily_loss_limit,risk_killed_until_explicit_operator_restart,forecast_signal,False,NGX2@2022-10-27,2022
2022-10-09 00:00:00+00:00,2022-10-09 00:00:00+00:00,NGX2@2022-10-27,6a9d9c7120b91a439343,-1.0,False,True,0.0,0.0,0.0,0.0,0.0,0.0,0.0,0.0,96930.0,100995.0,0.0,0.040249517302836775,killed,daily_loss_limit,risk_killed_until_explicit_operator_restart,forecast_signal,False,NGX2@2022-10-27,2022
2022-10-10 00:00:00+00:00,2022-10-10 00:00:00+00:00,NGX2@2022-10-27,6a9d9c7120b91a439343,-1.0,False,True,0.0,0.0,0.0,0.0,0.0,0.0,-0.0,-0.0,96930.0,100995.0,0.0,0.040249517302836775,killed,daily_loss_limit,risk_killed_until_explicit_operator_restart,forecast_signal,False,NGX2@2022-10-27,2022
2022-10-11 00:00:00+00:00,2022-10-11 00:00:00+00:00,NGX2@2022-10-27,c2db0cdaec2d4c981fce,1.0,False,True,0.0,0.0,0.0,0.0,0.0,0.0,0.0,0.0,96930.0,100995.0,0.0,0.040249517302836775,killed,daily_loss_limit,risk_killed_until_explicit_operator_restart,forecast_signal,False,NGX2@2022-10-27,2022
2022-10-12 00:00:00+00:00,2022-10-12 00:00:00+00:00,NGX2@2022-10-27,cc71adc8ac01aaf00055,1.0,False,True,0.0,0.0,0.0,0.0,0.0,0.0,-0.0,-0.0,96930.0,100995.0,0.0,0.040249517302836775,killed,daily_loss_limit,risk_killed_until_explicit_operator_restart,forecast_signal,False,NGX2@2022-10-27,2022
2022-10-13 00:00:00+00:00,2022-10-13 00:00:00+00:00,NGX2@2022-10-27,cf1eb1a734ad824752ba,0.5,False,True,0.0,0.0,0.0,0.0,0.0,0.0,0.0,0.0,96930.0,100995.0,0.0,0.040249517302836775,killed,daily_loss_limit,risk_killed_until_explicit_operator_restart,specialist_sizing_modifier,False,NGX2@2022-10-27,2022
2022-10-14 00:00:00+00:00,2022-10-14 00:00:00+00:00,NGX2@2022-10-27,cce2fc39c39b386a264c,1.0,False,True,0.0,0.0,0.0,0.0,0.0,0.0,-0.0,-0.0,96930.0,100995.0,0.0,0.040249517302836775,killed,daily_loss_limit,risk_killed_until_explicit_operator_restart,forecast_signal,False,NGX2@2022-10-27,2022
2022-10-16 00:00:00+00:00,2022-10-16 00:00:00+00:00,NGX2@2022-10-27,0990d0da7295cbd5750b,1.0,False,True,0.0,0.0,0.0,0.0,0.0,0.0,0.0,0.0,96930.0,100995.0,0.0,0.040249517302836775,killed,daily_loss_limit,risk_killed_until_explicit_operator_restart,forecast_signal,False,NGX2@2022-10-27,2022
2022-10-17 00:00:00+00:00,2022-10-17 00:00:00+00:00,NGX2@2022-10-27,0990d0da7295cbd5750b,1.0,False,True,0.0,0.0,0.0,0.0,0.0,0.0,-0.0,-0.0,96930.0,100995.0,0.0,0.040249517302836775,killed,daily_loss_limit,risk_killed_until_explicit_operator_restart,forecast_signal,False,NGX2@2022-10-27,2022
2022-10-18 00:00:00+00:00,2022-10-18 00:00:00+00:00,NGX2@2022-10-27,d0f408cb07da5112068d,0.0,True,True,0.0,0.0,0.0,0.0,0.0,0.0,-0.0,-0.0,96930.0,100995.0,0.0,0.040249517302836775,killed,daily_loss_limit,risk_killed_until_explicit_operator_restart,specialist_veto,False,NGX2@2022-10-27,2022
2022-10-19 00:00:00+00:00,2022-10-19 00:00:00+00:00,NGX2@2022-10-27,d6acc9f5c4b941858151,1.0,False,True,0.0,0.0,0.0,0.0,0.0,0.0,-0.0,-0.0,96930.0,100995.0,0.0,0.040249517302836775,killed,daily_loss_limit,risk_killed_until_explicit_operator_restart,forecast_signal,False,NGX2@2022-10-27,2022
2022-10-20 00:00:00+00:00,2022-10-20 00:00:00+00:00,NGX2@2022-10-27,1524ca190c1b40438a01,1.0,False,True,0.0,0.0,0.0,0.0,0.0,0.0,-0.0,-0.0,96930.0,100995.0,0.0,0.040249517302836775,killed,daily_loss_limit,risk_killed_until_explicit_operator_restart,forecast_signal,False,NGX2@2022-10-27,2022
2022-10-21 00:00:00+00:00,2022-10-21 00:00:00+00:00,NGX2@2022-10-27,4fa2719384bee8111239,1.0,False,True,0.0,0.0,0.0,0.0,0.0,0.0,-0.0,-0.0,96930.0,100995.0,0.0,0.040249517302836775,killed,daily_loss_limit,risk_killed_until_explicit_operator_restart,forecast_signal,False,NGX2@2022-10-27,2022
2022-10-23 00:00:00+00:00,2022-10-23 00:00:00+00:00,NGX2@2022-10-27,69dc823b944cb40316bb,1.0,False,True,0.0,0.0,0.0,0.0,0.0,0.0,-0.0,-0.0,96930.0,100995.0,0.0,0.040249517302836775,killed,daily_loss_limit,risk_killed_until_explicit_operator_restart,forecast_signal,False,NGX2@2022-10-27,2022
2022-10-24 00:00:00+00:00,2022-10-24 00:00:00+00:00,NGX2@2022-10-27,69dc823b944cb40316bb,1.0,False,True,0.0,0.0,0.0,0.0,0.0,0.0,0.0,0.0,96930.0,100995.0,0.0,0.040249517302836775,killed,daily_loss_limit,risk_killed_until_explicit_operator_restart,forecast_signal,False,NGX2@2022-10-27,2022
2022-10-25 00:00:00+00:00,2022-10-25 00:00:00+00:00,NGX2@2022-10-27,c6021aff868a19202e66,1.0,False,True,0.0,0.0,0.0,0.0,0.0,0.0,0.0,0.0,96930.0,100995.0,0.0,0.040249517302836775,killed,daily_loss_limit,risk_killed_until_explicit_operator_restart,forecast_signal,False,NGZ2@2022-11-28,2022
2022-10-26 00:00:00+00:00,2022-10-26 00:00:00+00:00,NGZ2@2022-11-28,959400f358196493857c,1.0,False,True,0.0,0.0,0.0,0.0,0.0,0.0,-0.0,-0.0,96930.0,100995.0,0.0,0.040249517302836775,killed,daily_loss_limit,risk_killed_until_explicit_operator_restart,forecast_signal,False,NGZ2@2022-11-28,2022
2022-10-27 00:00:00+00:00,2022-10-27 00:00:00+00:00,NGZ2@2022-11-28,0bc1c0aee6fab8bda3ba,0.0,True,True,0.0,0.0,0.0,0.0,0.0,0.0,-0.0,-0.0,96930.0,100995.0,0.0,0.040249517302836775,killed,daily_loss_limit,risk_killed_until_explicit_operator_restart,specialist_veto,False,NGZ2@2022-11-28,2022
2022-10-28 00:00:00+00:00,2022-10-28 00:00:00+00:00,NGZ2@2022-11-28,469b721276f768a773e5,0.0,True,True,0.0,0.0,0.0,0.0,0.0,0.0,-0.0,-0.0,96930.0,100995.0,0.0,0.040249517302836775,killed,daily_loss_limit,risk_killed_until_explicit_operator_restart,specialist_veto,False,NGZ2@2022-11-28,2022
2022-10-30 00:00:00+00:00,2022-10-30 00:00:00+00:00,NGZ2@2022-11-28,5f5f8bc340e2423964bf,0.0,True,True,0.0,0.0,0.0,0.0,0.0,0.0,0.0,0.0,96930.0,100995.0,0.0,0.040249517302836775,killed,daily_loss_limit,risk_killed_until_explicit_operator_restart,specialist_veto,False,NGZ2@2022-11-28,2022
2022-10-31 00:00:00+00:00,2022-10-31 00:00:00+00:00,NGZ2@2022-11-28,5f5f8bc340e2423964bf,0.0,True,True,0.0,0.0,0.0,0.0,0.0,0.0,0.0,0.0,96930.0,100995.0,0.0,0.040249517302836775,killed,daily_loss_limit,risk_killed_until_explicit_operator_restart,specialist_veto,False,NGZ2@2022-11-28,2022
2022-11-01 00:00:00+00:00,2022-11-01 00:00:00+00:00,NGZ2@2022-11-28,9d054d83e33dc964f414,1.0,False,True,0.0,0.0,0.0,0.0,0.0,0.0,-0.0,-0.0,96930.0,100995.0,0.0,0.040249517302836775,killed,daily_loss_limit,risk_killed_until_explicit_operator_restart,forecast_signal,False,NGZ2@2022-11-28,2022
2022-11-02 00:00:00+00:00,2022-11-02 00:00:00+00:00,NGZ2@2022-11-28,b632e1af3e586d9490b6,-1.0,False,True,0.0,0.0,0.0,0.0,0.0,0.0,0.0,0.0,96930.0,100995.0,0.0,0.040249517302836775,killed,daily_loss_limit,risk_killed_until_explicit_operator_restart,forecast_signal,False,NGZ2@2022-11-28,2022
2022-11-03 00:00:00+00:00,2022-11-03 00:00:00+00:00,NGZ2@2022-11-28,a8285ab23ccaa7461c1d,0.0,True,True,0.0,0.0,0.0,0.0,0.0,0.0,-0.0,-0.0,96930.0,100995.0,0.0,0.040249517302836775,killed,daily_loss_limit,risk_killed_until_explicit_operator_restart,specialist_veto,False,NGZ2@2022-11-28,2022
2022-11-04 00:00:00+00:00,2022-11-04 00:00:00+00:00,NGZ2@2022-11-28,720df7dc1382b69b0513,-1.0,False,True,0.0,0.0,0.0,0.0,0.0,0.0,0.0,0.0,96930.0,100995.0,0.0,0.040249517302836775,killed,daily_loss_limit,risk_killed_until_explicit_operator_restart,forecast_signal,False,NGZ2@2022-11-28,2022
2022-11-06 00:00:00+00:00,2022-11-06 00:00:00+00:00,NGZ2@2022-11-28,97e5321eb4a45a53f6ec,0.0,True,True,0.0,0.0,0.0,0.0,0.0,0.0,-0.0,-0.0,96930.0,100995.0,0.0,0.040249517302836775,killed,daily_loss_limit,risk_killed_until_explicit_operator_restart,specialist_veto,False,NGZ2@2022-11-28,2022
2022-11-07 00:00:00+00:00,2022-11-07 00:00:00+00:00,NGZ2@2022-11-28,97e5321eb4a45a53f6ec,0.0,True,True,0.0,0.0,0.0,0.0,0.0,0.0,-0.0,-0.0,96930.0,100995.0,0.0,0.040249517302836775,killed,daily_loss_limit,risk_killed_until_explicit_operator_restart,specialist_veto,False,NGZ2@2022-11-28,2022
2022-11-08 00:00:00+00:00,2022-11-08 00:00:00+00:00,NGZ2@2022-11-28,7c1ff9d9197d74f1d888,-1.0,False,True,0.0,0.0,0.0,0.0,0.0,0.0,-0.0,-0.0,96930.0,100995.0,0.0,0.040249517302836775,killed,daily_loss_limit,risk_killed_until_explicit_operator_restart,forecast_signal,False,NGZ2@2022-11-28,2022
2022-11-09 00:00:00+00:00,2022-11-09 00:00:00+00:00,NGZ2@2022-11-28,f3a19d0ab5ad92a48c38,-1.0,False,True,0.0,0.0,0.0,0.0,0.0,0.0,-0.0,-0.0,96930.0,100995.0,0.0,0.040249517302836775,killed,daily_loss_limit,risk_killed_until_explicit_operator_restart,forecast_signal,False,NGZ2@2022-11-28,2022
2022-11-10 00:00:00+00:00,2022-11-10 00:00:00+00:00,NGZ2@2022-11-28,1ec9e81016fb9a1ad415,0.0,True,True,0.0,0.0,0.0,0.0,0.0,0.0,0.0,0.0,96930.0,100995.0,0.0,0.040249517302836775,killed,daily_loss_limit,risk_killed_until_explicit_operator_restart,specialist_veto,False,NGZ2@2022-11-28,2022
2022-11-11 00:00:00+00:00,2022-11-11 00:00:00+00:00,NGZ2@2022-11-28,fdf12ab7c32d45333a08,0.0,True,True,0.0,0.0,0.0,0.0,0.0,0.0,-0.0,-0.0,96930.0,100995.0,0.0,0.040249517302836775,killed,daily_loss_limit,risk_killed_until_explicit_operator_restart,specialist_veto,False,NGZ2@2022-11-28,2022
2022-11-13 00:00:00+00:00,2022-11-13 00:00:00+00:00,NGZ2@2022-11-28,ec8970a634687a4702ab,0.0,True,True,0.0,0.0,0.0,0.0,0.0,0.0,-0.0,-0.0,96930.0,100995.0,0.0,0.040249517302836775,killed,daily_loss_limit,risk_killed_until_explicit_operator_restart,specialist_veto,False,NGZ2@2022-11-28,2022
2022-11-14 00:00:00+00:00,2022-11-14 00:00:00+00:00,NGZ2@2022-11-28,ec8970a634687a4702ab,0.0,True,True,0.0,0.0,0.0,0.0,0.0,0.0,0.0,0.0,96930.0,100995.0,0.0,0.040249517302836775,killed,daily_loss_limit,risk_killed_until_explicit_operator_restart,specialist_veto,False,NGZ2@2022-11-28,2022
2022-11-15 00:00:00+00:00,2022-11-15 00:00:00+00:00,NGZ2@2022-11-28,c535741af9c2c40b6dff,0.0,True,True,0.0,0.0,0.0,0.0,0.0,0.0,0.0,0.0,96930.0,100995.0,0.0,0.040249517302836775,killed,daily_loss_limit,risk_killed_until_explicit_operator_restart,specialist_veto,False,NGZ2@2022-11-28,2022
2022-11-16 00:00:00+00:00,2022-11-16 00:00:00+00:00,NGZ2@2022-11-28,d59c27f2c3ba0465f53a,0.0,True,True,0.0,0.0,0.0,0.0,0.0,0.0,0.0,0.0,96930.0,100995.0,0.0,0.040249517302836775,killed,daily_loss_limit,risk_killed_until_explicit_operator_restart,specialist_veto,False,NGZ2@2022-11-28,2022
2022-11-17 00:00:00+00:00,2022-11-17 00:00:00+00:00,NGZ2@2022-11-28,db6066463a830d77369e,0.0,True,True,0.0,0.0,0.0,0.0,0.0,0.0,0.0,0.0,96930.0,100995.0,0.0,0.040249517302836775,killed,daily_loss_limit,risk_killed_until_explicit_operator_restart,specialist_veto,False,NGZ2@2022-11-28,2022
2022-11-18 00:00:00+00:00,2022-11-18 00:00:00+00:00,NGZ2@2022-11-28,c374b98bcd8e540baedd,0.0,True,True,0.0,0.0,0.0,0.0,0.0,0.0,-0.0,-0.0,96930.0,100995.0,0.0,0.040249517302836775,killed,daily_loss_limit,risk_killed_until_explicit_operator_restart,specialist_veto,False,NGZ2@2022-11-28,2022
2022-11-20 00:00:00+00:00,2022-11-20 00:00:00+00:00,NGZ2@2022-11-28,63405861986c12145427,0.0,True,True,0.0,0.0,0.0,0.0,0.0,0.0,-0.0,-0.0,96930.0,100995.0,0.0,0.040249517302836775,killed,daily_loss_limit,risk_killed_until_explicit_operator_restart,specialist_veto,False,NGZ2@2022-11-28,2022
2022-11-21 00:00:00+00:00,2022-11-21 00:00:00+00:00,NGZ2@2022-11-28,63405861986c12145427,0.0,True,True,0.0,0.0,0.0,0.0,0.0,0.0,0.0,0.0,96930.0,100995.0,0.0,0.040249517302836775,killed,daily_loss_limit,risk_killed_until_explicit_operator_restart,specialist_veto,False,NGZ2@2022-11-28,2022
2022-11-22 00:00:00+00:00,2022-11-22 00:00:00+00:00,NGZ2@2022-11-28,07a8d81099673a7c226c,0.0,True,True,0.0,0.0,0.0,0.0,0.0,0.0,0.0,0.0,96930.0,100995.0,0.0,0.040249517302836775,killed,daily_loss_limit,risk_killed_until_explicit_operator_restart,specialist_veto,False,NGZ2@2022-11-28,2022
2022-11-23 00:00:00+00:00,2022-11-23 00:00:00+00:00,NGZ2@2022-11-28,07a8d81099673a7c226c,0.0,True,True,0.0,0.0,0.0,0.0,0.0,0.0,0.0,0.0,96930.0,100995.0,0.0,0.040249517302836775,killed,daily_loss_limit,risk_killed_until_explicit_operator_restart,specialist_veto,False,NGZ2@2022-11-28,2022
2022-11-24 00:00:00+00:00,2022-11-24 00:00:00+00:00,NGZ2@2022-11-28,07a8d81099673a7c226c,0.0,True,True,0.0,0.0,0.0,0.0,0.0,0.0,-0.0,-0.0,96930.0,100995.0,0.0,0.040249517302836775,killed,daily_loss_limit,risk_killed_until_explicit_operator_restart,specialist_veto,False,NGZ2@2022-11-28,2022
2022-11-25 00:00:00+00:00,2022-11-25 00:00:00+00:00,NGZ2@2022-11-28,07a8d81099673a7c226c,0.0,True,True,0.0,0.0,0.0,0.0,0.0,0.0,-0.0,-0.0,96930.0,100995.0,0.0,0.040249517302836775,killed,daily_loss_limit,risk_killed_until_explicit_operator_restart,specialist_veto,False,NGZ2@2022-11-28,2022
2022-11-27 00:00:00+00:00,2022-11-27 00:00:00+00:00,NGZ2@2022-11-28,07a8d81099673a7c226c,0.0,True,True,0.0,0.0,0.0,0.0,0.0,0.0,0.0,0.0,96930.0,100995.0,0.0,0.040249517302836775,killed,daily_loss_limit,risk_killed_until_explicit_operator_restart,specialist_veto,False,NGZ2@2022-11-28,2022
2022-11-28 00:00:00+00:00,2022-11-28 00:00:00+00:00,NGZ2@2022-11-28,,0.0,True,True,0.0,0.0,0.0,0.0,0.0,0.0,0.0,0.0,96930.0,100995.0,0.0,0.040249517302836775,killed,daily_loss_limit,risk_killed_until_explicit_operator_restart,forecast_horizon_expired,False,,2022
2022-11-29 00:00:00+00:00,2022-11-29 00:00:00+00:00,NGF3@2022-12-28,,0.0,True,True,0.0,0.0,0.0,0.0,0.0,0.0,-0.0,-0.0,96930.0,100995.0,0.0,0.040249517302836775,killed,daily_loss_limit,risk_killed_until_explicit_operator_restart,forecast_horizon_expired,False,NGF3@2022-12-28,2022
2022-11-30 00:00:00+00:00,2022-11-30 00:00:00+00:00,NGF3@2022-12-28,,0.0,True,True,0.0,0.0,0.0,0.0,0.0,0.0,-0.0,-0.0,96930.0,100995.0,0.0,0.040249517302836775,killed,daily_loss_limit,risk_killed_until_explicit_operator_restart,forecast_horizon_expired,False,NGF3@2022-12-28,2022
2022-12-01 00:00:00+00:00,2022-12-01 00:00:00+00:00,NGF3@2022-12-28,20e035db1c8c90804259,0.5,False,True,0.0,0.0,0.0,0.0,0.0,0.0,-0.0,-0.0,96930.0,100995.0,0.0,0.040249517302836775,killed,daily_loss_limit,risk_killed_until_explicit_operator_restart,specialist_sizing_modifier,False,NGF3@2022-12-28,2022
2022-12-02 00:00:00+00:00,2022-12-02 00:00:00+00:00,NGF3@2022-12-28,f6c1f0a5571458e5655f,0.0,True,True,0.0,0.0,0.0,0.0,0.0,0.0,-0.0,-0.0,96930.0,100995.0,0.0,0.040249517302836775,killed,daily_loss_limit,risk_killed_until_explicit_operator_restart,specialist_veto,False,NGF3@2022-12-28,2022
2022-12-04 00:00:00+00:00,2022-12-04 00:00:00+00:00,NGF3@2022-12-28,522d4704e21130fb3261,0.0,True,True,0.0,0.0,0.0,0.0,0.0,0.0,-0.0,-0.0,96930.0,100995.0,0.0,0.040249517302836775,killed,daily_loss_limit,risk_killed_until_explicit_operator_restart,specialist_veto,False,NGF3@2022-12-28,2022
2022-12-05 00:00:00+00:00,2022-12-05 00:00:00+00:00,NGF3@2022-12-28,522d4704e21130fb3261,0.0,True,True,0.0,0.0,0.0,0.0,0.0,0.0,-0.0,-0.0,96930.0,100995.0,0.0,0.040249517302836775,killed,daily_loss_limit,risk_killed_until_explicit_operator_restart,specialist_veto,False,NGF3@2022-12-28,2022
2022-12-06 00:00:00+00:00,2022-12-06 00:00:00+00:00,NGF3@2022-12-28,780fcd7df1ef36356548,0.0,True,True,0.0,0.0,0.0,0.0,0.0,0.0,-0.0,-0.0,96930.0,100995.0,0.0,0.040249517302836775,killed,daily_loss_limit,risk_killed_until_explicit_operator_restart,specialist_veto,False,NGF3@2022-12-28,2022
2022-12-07 00:00:00+00:00,2022-12-07 00:00:00+00:00,NGF3@2022-12-28,31e52a0ba50af41c4e97,0.0,True,True,0.0,0.0,0.0,0.0,0.0,0.0,0.0,0.0,96930.0,100995.0,0.0,0.040249517302836775,killed,daily_loss_limit,risk_killed_until_explicit_operator_restart,specialist_veto,False,NGF3@2022-12-28,2022
2022-12-08 00:00:00+00:00,2022-12-08 00:00:00+00:00,NGF3@2022-12-28,07a34f4f6b7fb8567214,1.0,False,True,0.0,0.0,0.0,0.0,0.0,0.0,0.0,0.0,96930.0,100995.0,0.0,0.040249517302836775,killed,daily_loss_limit,risk_killed_until_explicit_operator_restart,forecast_signal,False,NGF3@2022-12-28,2022
2022-12-09 00:00:00+00:00,2022-12-09 00:00:00+00:00,NGF3@2022-12-28,d02ec004a698b181ed7e,0.0,True,True,0.0,0.0,0.0,0.0,0.0,0.0,0.0,0.0,96930.0,100995.0,0.0,0.040249517302836775,killed,daily_loss_limit,risk_killed_until_explicit_operator_restart,specialist_veto,False,NGF3@2022-12-28,2022
2022-12-11 00:00:00+00:00,2022-12-11 00:00:00+00:00,NGF3@2022-12-28,34daa1b84cdd29ac9887,0.0,True,True,0.0,0.0,0.0,0.0,0.0,0.0,-0.0,-0.0,96930.0,100995.0,0.0,0.040249517302836775,killed,daily_loss_limit,risk_killed_until_explicit_operator_restart,specialist_veto,False,NGF3@2022-12-28,2022
2022-12-12 00:00:00+00:00,2022-12-12 00:00:00+00:00,NGF3@2022-12-28,34daa1b84cdd29ac9887,0.0,True,True,0.0,0.0,0.0,0.0,0.0,0.0,-0.0,-0.0,96930.0,100995.0,0.0,0.040249517302836775,killed,daily_loss_limit,risk_killed_until_explicit_operator_restart,specialist_veto,False,NGF3@2022-12-28,2022
2022-12-13 00:00:00+00:00,2022-12-13 00:00:00+00:00,NGF3@2022-12-28,3f66a7671da28694c614,0.0,True,True,0.0,0.0,0.0,0.0,0.0,0.0,0.0,0.0,96930.0,100995.0,0.0,0.040249517302836775,killed,daily_loss_limit,risk_killed_until_explicit_operator_restart,specialist_veto,False,NGF3@2022-12-28,2022
2022-12-14 00:00:00+00:00,2022-12-14 00:00:00+00:00,NGF3@2022-12-28,fb4db4df625b443b5947,0.0,True,True,0.0,0.0,0.0,0.0,0.0,0.0,-0.0,-0.0,96930.0,100995.0,0.0,0.040249517302836775,killed,daily_loss_limit,risk_killed_until_explicit_operator_restart,specialist_veto,False,NGF3@2022-12-28,2022
2022-12-15 00:00:00+00:00,2022-12-15 00:00:00+00:00,NGF3@2022-12-28,e13e9276030ed4c09607,0.0,True,True,0.0,0.0,0.0,0.0,0.0,0.0,0.0,0.0,96930.0,100995.0,0.0,0.040249517302836775,killed,daily_loss_limit,risk_killed_until_explicit_operator_restart,specialist_veto,False,NGF3@2022-12-28,2022
2022-12-16 00:00:00+00:00,2022-12-16 00:00:00+00:00,NGF3@2022-12-28,9d76707e92bfd5e0c4ba,0.0,True,True,0.0,0.0,0.0,0.0,0.0,0.0,-0.0,-0.0,96930.0,100995.0,0.0,0.040249517302836775,killed,daily_loss_limit,risk_killed_until_explicit_operator_restart,specialist_veto,False,NGF3@2022-12-28,2022
2022-12-18 00:00:00+00:00,2022-12-18 00:00:00+00:00,NGF3@2022-12-28,09bc9ea5842ea787f8c2,1.0,False,True,0.0,0.0,0.0,0.0,0.0,0.0,0.0,0.0,96930.0,100995.0,0.0,0.040249517302836775,killed,daily_loss_limit,risk_killed_until_explicit_operator_restart,forecast_signal,False,NGF3@2022-12-28,2022
2022-12-19 00:00:00+00:00,2022-12-19 00:00:00+00:00,NGF3@2022-12-28,09bc9ea5842ea787f8c2,1.0,False,True,0.0,0.0,0.0,0.0,0.0,0.0,-0.0,-0.0,96930.0,100995.0,0.0,0.040249517302836775,killed,daily_loss_limit,risk_killed_until_explicit_operator_restart,forecast_signal,False,NGF3@2022-12-28,2022
2022-12-20 00:00:00+00:00,2022-12-20 00:00:00+00:00,NGF3@2022-12-28,02dd15d7292a5870b58f,0.0,True,True,0.0,0.0,0.0,0.0,0.0,0.0,-0.0,-0.0,96930.0,100995.0,0.0,0.040249517302836775,killed,daily_loss_limit,risk_killed_until_explicit_operator_restart,specialist_veto,False,NGF3@2022-12-28,2022
2022-12-21 00:00:00+00:00,2022-12-21 00:00:00+00:00,NGF3@2022-12-28,637ef814cb3e200f2951,0.0,True,True,0.0,0.0,0.0,0.0,0.0,0.0,0.0,0.0,96930.0,100995.0,0.0,0.040249517302836775,killed,daily_loss_limit,risk_killed_until_explicit_operator_restart,specialist_veto,False,NGF3@2022-12-28,2022
2022-12-22 00:00:00+00:00,2022-12-22 00:00:00+00:00,NGF3@2022-12-28,637ef814cb3e200f2951,0.0,True,True,0.0,0.0,0.0,0.0,0.0,0.0,-0.0,-0.0,96930.0,100995.0,0.0,0.040249517302836775,killed,daily_loss_limit,risk_killed_until_explicit_operator_restart,specialist_veto,False,NGF3@2022-12-28,2022
2022-12-23 00:00:00+00:00,2022-12-23 00:00:00+00:00,NGF3@2022-12-28,637ef814cb3e200f2951,0.0,True,True,0.0,0.0,0.0,0.0,0.0,0.0,0.0,0.0,96930.0,100995.0,0.0,0.040249517302836775,killed,daily_loss_limit,risk_killed_until_explicit_operator_restart,specialist_veto,False,NGF3@2022-12-28,2022
2022-12-26 00:00:00+00:00,2022-12-26 00:00:00+00:00,NGF3@2022-12-28,637ef814cb3e200f2951,0.0,True,True,0.0,0.0,0.0,0.0,0.0,0.0,-0.0,-0.0,96930.0,100995.0,0.0,0.040249517302836775,killed,daily_loss_limit,risk_killed_until_explicit_operator_restart,specialist_veto,False,NGF3@2022-12-28,2022
2022-12-27 00:00:00+00:00,2022-12-27 00:00:00+00:00,NGF3@2022-12-28,637ef814cb3e200f2951,0.0,True,True,0.0,0.0,0.0,0.0,0.0,0.0,-0.0,-0.0,96930.0,100995.0,0.0,0.040249517302836775,killed,daily_loss_limit,risk_killed_until_explicit_operator_restart,specialist_veto,False,NGF3@2022-12-28,2022
2022-12-28 00:00:00+00:00,2022-12-28 00:00:00+00:00,NGF3@2022-12-28,,0.0,True,True,0.0,0.0,0.0,0.0,0.0,0.0,0.0,0.0,96930.0,100995.0,0.0,0.040249517302836775,killed,daily_loss_limit,risk_killed_until_explicit_operator_restart,forecast_horizon_expired,False,,2022
2022-12-29 00:00:00+00:00,2022-12-29 00:00:00+00:00,NGG3@2023-01-27,,0.0,True,True,0.0,0.0,0.0,0.0,0.0,0.0,-0.0,-0.0,96930.0,100995.0,0.0,0.040249517302836775,killed,daily_loss_limit,risk_killed_until_explicit_operator_restart,forecast_horizon_expired,False,NGG3@2023-01-27,2022
2022-12-30 00:00:00+00:00,2022-12-30 00:00:00+00:00,NGG3@2023-01-27,,0.0,True,True,0.0,0.0,0.0,0.0,0.0,0.0,0.0,0.0,96930.0,100995.0,0.0,0.040249517302836775,killed,daily_loss_limit,end_of_sample_liquidation,forecast_horizon_expired,False,,2022
